Time,n_B,psi_o_B,psi_y_B,n_y_B,n_m_B,n_o_B,mu_o_B,mu_m_B,mu_y_B,s_o_B,s_m_B,s_y_B,h_m_B,h_y_B,a_B,a_o_B,a_m_B,a_y_B,z_o_B,z_m_B,z_y_B,c_o_B,c_m_B,c_y_B,y_B,k_B,w_B,inv_B,b_B,gov_B,e_B,t_B,f_B,nx_B,tilde_R_B,g_B,q_B,tilde_s_m_B,tilde_s_y_B,tilde_s_o_B,Omega_m_B,Omega_y_B,eta_o_B,eta_m_B,eta_y_B,walras_B,gamma_B,phi_B,R_star,fy_target_B,alpha,delta,beta,sigma,b_y,g_y,repl,x,omega,nu,Lambda_B,w_indiv_B,t_indiv_B,e_indiv_B,c_y_indiv_B,c_m_indiv_B,c_o_indiv_B,a_y_indiv_B,a_m_indiv_B,a_o_indiv_B
0,0.00539697250294302,0.27911856236707,0.151984862514716,0.00539697250294302,0.00539697250294302,0.00539697250294302,0.0809187808510387,0.0380137736846673,0.032380258624816,0.799276482794182,2.35319896174383,0.328693523770971,3.01602419110524,0.421276583607804,4.51520821898016,1.43306585170973,3.19632574363912,-0.114183376368698,2.33810229498924,8.51566333882924,0.657062587526888,0.189196387215545,0.323712498937073,0.0212758565168114,1.11540396255142,2.91270746335287,0.747320654909449,0.318314587066939,0.669242377530849,0.278850990637854,0.0834364267302169,0.373722598313417,0.933258378096439,-0.0159463578228072,1.02768882458235,1.01042395736546,1.01708675560495,0.698761516892187,0.106201173075433,0.19503731003238,1.08828090264309,1.07564577420679,0.31738643761448,0.707902180502557,-0.0252886181170373,-1.38777878078145e-17,0.915829299941193,0.0312172306267986,1.02768882458235,0.836699894773253,0.67,0.1,1.035,0.5,0.6,0.25,0.4,0.005,0.975,0.8,0.1,1.06949314872581,0.534835690402051,0.427797259490324,0.200335419098426,0.463266065905887,0.970052279659389,-1.07516115935551,4.57427271875977,7.34764979824536
1,0.00555843257544442,0.279296859374682,0.15203639120686,0.0057378406013926,0.00539697250294302,0.00603920593285023,0.0801742985630318,0.0377276174908946,0.032150348700265,0.806454154654313,2.37736753593069,0.332543450172882,3.02816775590648,0.42347815962385,4.51649008256266,1.4339919126224,3.19670731212139,-0.11420914218113,2.34497660258443,8.55135518830396,0.663132405742024,0.188006854310436,0.322622257850445,0.021319938126422,1.11522486484926,2.91407472245811,0.747200659449001,0.32009842152805,0.669134918909553,0.278806216212314,0.0834763190027189,0.373690985943954,0.933280441194993,-0.0157371684135845,1.02765123337089,1.01058622473832,1.01688624702655,0.698649318454459,0.106220121096948,0.195130560448592,1.08789938752577,1.07540852600656,0.31750139741446,0.707785748154973,-0.0252871455694339,0.00010834523517337,0.916471533371101,0.0312690374178771,1.02768882458235,0.836323911985955,0.67,0.1,1.035,0.5,0.6,0.25,0.4,0.005,0.975,0.8,0.1,1.06949314872581,0.53487633362418,0.427797259490324,0.200714684809699,0.461779965039033,0.963492616831625,-1.07521193726461,4.57555346821649,7.34888430251901
2,0.00562443379435312,0.279581195997004,0.152061204886367,0.00557136957357729,0.00540727824137188,0.00643082755801538,0.0796280061930181,0.0375109823483274,0.0319739067969604,0.81249947228645,2.39712977999213,0.335688109769468,3.03790571793787,0.425209157031914,4.51830464006551,1.435364583825,3.19718383452266,-0.114243778282152,2.35155320765977,8.58036989199597,0.668012456549516,0.187249493387591,0.321858103597071,0.021358968030287,1.11521205560317,2.9169660160009,0.747192077254122,0.321942400083317,0.6691272333619,0.278803013900792,0.0835603418392774,0.373484533200357,0.932211390702711,-0.0165696682934628,1.02743822756672,1.01065255596332,1.01660874600708,0.698498451417034,0.106214516133736,0.19528703244923,1.0876561269349,1.07526783161392,0.317677690675823,0.707606965269787,-0.0252846559456102,0.000569744897573062,0.916920333039844,0.0312543291654183,1.02760386145065,0.835196334673678,0.67,0.1,1.035,0.5,0.6,0.25,0.4,0.005,0.975,0.8,0.1,1.06971185940113,0.534696293803764,0.42788474376045,0.201092739559192,0.46078570817748,0.958842433310422,-1.07559477217131,4.57722394092153,7.35002506732323
3,0.0056194875059736,0.279902165604074,0.152035341013871,0.00524123184956138,0.00541224097727344,0.00656649160839606,0.0793243359045075,0.0373843193028421,0.0318685810800161,0.81666429275562,2.41001239451436,0.337667684533007,3.04420122323427,0.42624012989228,4.52013222277932,1.43683136327247,3.19757689437681,-0.114276034869956,2.35677286399934,8.59929295029982,0.671016110886244,0.186949442286244,0.321478713389782,0.0213843313309139,1.11542484446228,2.92078265937579,0.747334645789725,0.323171530123878,0.669254906677366,0.278856211115569,0.0836722343149991,0.37335837057433,0.930094656726165,-0.0173825871493662,1.02719790582038,1.0106475849435,1.01637595648913,0.698354498976616,0.106174564400481,0.195470936622903,1.08755737177217,1.07522222133184,0.317873746266528,0.707407822775358,-0.0252815690418855,0.000967203365255888,0.917147030078273,0.0312092290074065,1.02745624912007,0.833318275619095,0.67,0.1,1.035,0.5,0.6,0.25,0.4,0.005,0.975,0.8,0.1,1.07013650930134,0.534625854235146,0.428054603720538,0.201407290452863,0.46033742728211,0.956405312810781,-1.07630330781407,4.57873028535308,7.35061379505418
4,0.00556585688673825,0.280196458170541,0.1519672010968,0.00495646011524831,0.00540706820277426,0.00646416551321005,0.0792775409195158,0.0373556544302174,0.0318417318200555,0.818493025386943,2.4147008473087,0.338280457510974,3.04665706570981,0.426514495244437,4.52136453764001,1.43802952110361,3.19762983672963,-0.114294820193235,2.35981381538251,8.6062314105794,0.67189441431702,0.187080236294212,0.321491406512914,0.0213942817548438,1.11580782568066,2.92498719930846,0.747591243206044,0.3238385582581,0.669484695408397,0.278951956420166,0.0837889674022579,0.373343497524387,0.926892642923153,-0.0182562514606332,1.02695085736541,1.01059368617117,1.0161857049159,0.698244221970815,0.106110220094917,0.195645557934267,1.08759721564058,1.07526394732526,0.318052107750593,0.707226725495687,-0.0252788332462795,0.00130763790105902,0.917147243130541,0.0311606253066177,1.02726599028529,0.830691588239753,0.67,0.1,1.035,0.5,0.6,0.25,0.4,0.005,0.975,0.8,0.1,1.07067301050619,0.534688989578194,0.428269204202475,0.201623196481039,0.460428309174539,0.956220208981525,-1.07713300463421,4.57952924795314,7.35017720968015
5,0.00548558855403755,0.280413000397697,0.151881922403806,0.00482924848649113,0.00539344021935984,0.00617043124963512,0.0794638854188562,0.03741746344045,0.0318878985200121,0.817960287560588,2.41144617006795,0.337613414194667,3.04555252516427,0.426134374078522,4.52147079605168,1.43864302905084,3.19712152139784,-0.114293754396994,2.36026885557954,8.60144962735854,0.670845899854008,0.187556133896426,0.321844426969184,0.0213918659778134,1.11629848650928,2.92910546823602,0.747919985961219,0.324004458747021,0.669779091905569,0.27907462162732,0.0838905949283155,0.373404969720521,0.922586235910091,-0.0191676942359566,1.02671502683241,1.01051301649681,1.01603345040697,0.698180230956936,0.106040955662073,0.195778813380991,1.08775372935124,1.07537650464165,0.318180320949378,0.707097682503999,-0.0252780034533776,0.00159467352747432,0.91694731914026,0.0311273275952529,1.02705177286107,0.827318864758971,0.67,0.1,1.035,0.5,0.6,0.25,0.4,0.005,0.975,0.8,0.1,1.07124199855403,0.534826042279551,0.42849679942161,0.201732112316907,0.460976138679921,0.958000156694361,-1.07782652168112,4.57922092267754,7.34830804317523
6,0.00538072351364023,0.280501997731102,0.151799106610826,0.00482818861118917,0.00537638448076128,0.00569547031900708,0.0798933965869834,0.0375740100287967,0.0320106534850923,0.814806088222901,2.39981835780295,0.33564627552197,3.04063430915952,0.425106217442234,4.51997303026095,1.43836887399627,3.19587452643568,-0.114270370171003,2.35757043295054,8.58408512473639,0.667860782892563,0.188354309581346,0.322538500571169,0.0213786600993618,1.11685211504457,2.93269337578738,0.74829091707986,0.32365238022679,0.67011126902674,0.279213028761142,0.0839588388499756,0.373510347846929,0.917168385446827,-0.0201161319185064,1.02650504448911,1.01040762713121,1.01593160713128,0.698177217743228,0.105982677909454,0.195840104347318,1.08802816711033,1.07555989410775,0.318225100983277,0.707056105211103,-0.0252812061943806,0.00183136772326404,0.916541258622175,0.0311096990487568,1.02683108119287,0.823203433647631,0.67,0.1,1.035,0.5,0.6,0.25,0.4,0.005,0.975,0.8,0.1,1.07177790690252,0.534979283704294,0.428711162761007,0.201718436645152,0.461972250560875,0.961775986635016,-1.07819855494338,4.57745461355206,7.34460839259643
7,0.00524950192082759,0.280417324484657,0.151726611650411,0.00487968990323417,0.00535982132216506,0.00505634013270773,0.080565448857012,0.037824675373301,0.0322093771598619,0.808950508141199,2.38008786876755,0.332445926122076,3.03187817312922,0.423448629094223,4.51648322471257,1.4369385095262,3.19376971675566,-0.114225001569301,2.35134933240456,8.55425534645426,0.66302518180609,0.189437514385089,0.323561931599893,0.0213556281590924,1.11743366946468,2.93537877827009,0.748680558541339,0.322800935342862,0.670460201678811,0.279358417366171,0.0839771996479363,0.373638214743276,0.910644244763669,-0.021102685133676,1.02633425095976,1.01027574943043,1.01589516677836,0.698253838017639,0.105943688914311,0.195802473068049,1.08841937554853,1.07581365331897,0.318154289085651,0.707136406326184,-0.0252906954118354,0.00202192774525364,0.91593041517596,0.031100553890014,1.02661975120605,0.818349356339377,0.67,0.1,1.035,0.5,0.6,0.25,0.4,0.005,0.975,0.8,0.1,1.07221832201719,0.535103703552915,0.428887328806878,0.201575274355088,0.463387258304936,0.967492960720937,-1.0781671163224,4.57393793326344,7.33871481299835
8,0.00508190517737921,0.280124011662152,0.151644679002988,0.00480243401973968,0.00534532233008211,0.00429374438415264,0.0814464543135266,0.0381547888027906,0.032471636378622,0.800738054772663,2.3541337951403,0.328277499204258,3.01986614305209,0.421217139277334,4.51082628285888,1.43417792647147,3.19080813651578,-0.11415978012837,2.34170553970779,8.51436693889834,0.656657605306943,0.19072361314936,0.324863872192815,0.0213227469537217,1.11802900921266,2.93695237455103,0.749079436172479,0.321546207317046,0.670817405527593,0.279507252303164,0.0839340546857032,0.373774428169836,0.903056502780256,-0.0221077432282591,1.02621323043409,1.01010731470327,1.01594475705341,0.698436840056505,0.10591423041423,0.195648929529265,1.08891640364173,1.07613391698606,0.317941289807288,0.707366663316848,-0.0253079531241366,0.0021730605248082,0.91514090746174,0.0310739793715719,1.02643110548276,0.812761423222474,0.67,0.1,1.035,0.5,0.6,0.25,0.4,0.005,0.975,0.8,0.1,1.07250848353285,0.535158523624838,0.429003393413141,0.201320888329439,0.465129920933914,0.974825743275186,-1.07785119791639,4.56849918778287,7.33036429037525
9,0.00487867254146191,0.279610396616275,0.151517038421945,0.00448274211712363,0.00532893580059746,0.00348563766839294,0.0824554721791097,0.0385315469050454,0.0327704478326015,0.791014396134152,2.32533932724064,0.323601740794146,3.00601510485837,0.41856279958222,4.50310746472989,1.43006087714788,3.18712348261918,-0.11407689503717,2.32931425310893,8.46923394003819,0.649367715987883,0.192064705947008,0.326332683545335,0.0212800706486864,1.11863708908834,2.93742735996851,0.749486849689188,0.320089888347497,0.671182253453004,0.279659272272085,0.0838257261201107,0.373910191463853,0.894497851308383,-0.0230842386247654,1.0261472709507,1.00990306590417,1.0160849150725,0.698749793706032,0.105872499340283,0.195377706953684,1.08948434004348,1.07650190770868,0.317572007410672,0.707760920101959,-0.0253329275126311,0.00229470695249497,0.91423945041133,0.031008719790002,1.02627486344642,0.806445148912267,0.67,0.1,1.035,0.5,0.6,0.25,0.4,0.005,0.975,0.8,0.1,1.07261119279056,0.535113133244314,0.429044477116226,0.20099715016919,0.467023656371374,0.983043096071029,-1.0774931710124,4.56117985483087,7.31946801631206
10,0.00466379151613906,0.278904964686779,0.151311927087309,0.00394251041625271,0.00530340768438897,0.00276711743483427,0.0834391754414342,0.0388955646307626,0.0330578779359557,0.781281934446345,2.29888472589537,0.31915934728619,2.99288349349795,0.415836514521532,4.49377403949232,1.42477694674466,3.18297641490536,-0.113979322157694,2.31561130580086,8.42664023781611,0.642247891613145,0.193212696335375,0.327758927077697,0.0212313519631162,1.11925290880446,2.9371048409643,0.749899448898988,0.318784178505505,0.671551745282676,0.279813227201115,0.0836602717255229,0.374036125338729,0.885117453245349,-0.0239498480554869,1.02613274624865,1.00968711047372,1.01628785353832,0.699194650651599,0.105796489999231,0.195008859349169,1.09004820669359,1.0768727481869,0.317055760768927,0.708308069507009,-0.025363830275936,0.00240237577713783,0.913356994268674,0.0309007651866073,1.02615525259628,0.799406766808929,0.67,0.1,1.035,0.5,0.6,0.25,0.4,0.005,0.975,0.8,0.1,1.07251885894741,0.53495278459318,0.429007543578965,0.20068106194516,0.468766353936274,0.990789326086063,-1.07734502494858,4.55234663471617,7.30621650472585
11,0.00446482703941593,0.278083460868111,0.150998720723835,0.00318155423558464,0.00526238541746182,0.00230142382500209,0.0841959265980218,0.0391695132377687,0.0332716782943077,0.773465225783773,2.2810705013909,0.315863534120519,2.98369366422457,0.413505728698634,4.48366797920218,1.41877329199038,3.1787669102026,-0.113872222990806,2.30265176034071,8.39622770634674,0.636680467136776,0.193873896386641,0.328876149404794,0.0211834273084299,1.11988087713934,2.93661891420039,0.750320187683359,0.318067153742533,0.671928526283605,0.279970219284836,0.0834606538200797,0.374140668807243,0.87512053871818,-0.0246092249049284,1.02615266773542,1.00948715117461,1.01650889418594,0.699749820465913,0.105661327717086,0.194588851817,1.0905116577952,1.07718959618078,0.316431390260789,0.708965722854957,-0.0253971131157462,0.00251925591703685,0.912665156402958,0.0307437925199809,1.02606840470426,0.791653222945841,0.67,0.1,1.035,0.5,0.6,0.25,0.4,0.005,0.975,0.8,0.1,1.07226921070701,0.534677763201326,0.428907684282806,0.20048420520656,0.469991045064962,0.996325815052182,-1.07770955988462,4.54271915080462,7.29113347831794
12,0.00430486952382943,0.277257401000013,0.150552546508121,0.00222955866683305,0.00519974414476709,0.00221375150260106,0.0845498397410691,0.039286468652723,0.033358125501427,0.769267334702074,2.27708362637417,0.31445521261426,2.98121680129558,0.411970890041501,4.47389018853562,1.41268328038614,3.17496805576512,-0.113761147615643,2.29252063594875,8.3861815094599,0.633807588133687,0.193832250972111,0.329463456243633,0.021142633093569,1.12054705116016,2.93684259400379,0.750766524277307,0.318307064933926,0.672328230696096,0.28013676279004,0.0832622301115758,0.374216094058699,0.864719363835732,-0.0250099562464932,1.02617553403062,1.00932639387145,1.01669345046506,0.700373324716806,0.105442987542474,0.19418368774072,1.09079227734671,1.07740398965174,0.315761724355018,0.709666067285965,-0.0254277916409832,0.00267483937337462,0.912312683952751,0.0305364046512376,1.02600023741751,0.783192169134699,0.67,0.1,1.035,0.5,0.6,0.25,0.4,0.005,0.975,0.8,0.1,1.07195191161925,0.534309461614649,0.428780764647699,0.200512462576541,0.470411200165069,0.998190183878484,-1.07888775030979,4.533250973042,7.27498430389475
13,0.00419900513639078,0.276566987423434,0.149948122649143,0.00107528846463389,0.00511050930162416,0.00260762952607685,0.0843330053723047,0.0391818016944707,0.0332651143149214,0.770446221174237,2.29223515986405,0.315680613379284,2.9881441667226,0.411615091120957,4.46575074722415,1.4072979199465,3.17210477477437,-0.113651947496725,2.28754970560024,8.4048023414106,0.634759090908672,0.192915941454782,0.329315298985942,0.0211153339051563,1.12129560296329,2.93885609326862,0.751268053985405,0.319845040991674,0.672777361777975,0.280323900740823,0.0831103769752839,0.374270995049049,0.854117292177554,-0.0251174396228788,1.02616098734514,1.00922000016207,1.0167862182481,0.701009048512022,0.105114990784439,0.193875960703538,1.09081541248416,1.07747301884091,0.315131318254478,0.710318366229603,-0.0254496844840804,0.00289752650779323,0.912438711005489,0.0302723967182055,1.0259269118249,0.7740319554141,0.67,0.1,1.035,0.5,0.6,0.25,0.4,0.005,0.975,0.8,0.1,1.071695230725,0.533903229699367,0.428678092290001,0.200878426070148,0.469773249981515,0.995048281152173,-1.08121540656168,4.52505539194901,7.25875407574871
14,0.00415671724098151,0.276169753333195,0.149163100919193,-0.000271786414778319,0.00498962452982843,0.003546154566477,0.0834097076793948,0.038801798010035,0.0329490130063566,0.778748526541403,2.33176486644383,0.320256948410934,3.00687601304924,0.412768290806316,4.46067616401776,1.40350714243707,3.17071860158689,-0.113549580006195,2.29022566499194,8.46008686632783,0.640582210525606,0.191027053108321,0.328266582099108,0.0211065513145509,1.12218803255795,2.94385025093737,0.751865981813826,0.322933235076659,0.67331281953477,0.280547008139487,0.0830570570948579,0.374326784962589,0.843513093545626,-0.0248968972491408,1.02606495879425,1.00917750082719,1.01673388274434,0.701590507099142,0.104651415614377,0.193758077286481,1.09052327807631,1.07736322378081,0.314639998692432,0.710815689124892,-0.0254556878173235,0.00320450006896479,0.913152141047705,0.0299488706671709,1.02581885148494,0.764181621809059,0.67,0.1,1.035,0.5,0.6,0.25,0.4,0.005,0.975,0.8,0.1,1.07165928587398,0.533540264833847,0.42866371434959,0.201684336429093,0.467889144418997,0.985904978948969,-1.08502669877497,4.51932939443098,7.24360585165137
15,0.00416482696632055,0.27620068884742,0.148184915491245,-0.00175689572548621,0.00483262018383868,0.00494517781710813,0.0818054333618408,0.0381524881905144,0.0324137991971413,0.794857846247247,2.39720601386412,0.328323523033151,3.03761335588859,0.415400098934471,4.45986222044323,1.40207744774302,3.17123786775533,-0.113453095055122,2.30211073827242,8.55421913750454,0.651384368733338,0.18832516775825,0.326364756127327,0.021113841820837,1.12331422314314,2.95282242582729,0.752620529505903,0.327472746159602,0.673988533885883,0.280828555785785,0.0831497234760962,0.374417673375084,0.833051260730056,-0.0243866226811601,1.02584537841835,1.00918565110115,1.01650808976427,0.702057081280525,0.104034269259584,0.19390864945989,1.08993665609235,1.07708680708491,0.314376852569829,0.711061846893032,-0.0254386994628617,0.00359577817249793,0.914421144325874,0.0295705561694335,1.02564691592423,0.7536508894096,0.67,0.1,1.035,0.5,0.6,0.25,0.4,0.005,0.975,0.8,0.1,1.07202184775795,0.533315143965445,0.428808739103181,0.202950835057572,0.464869260391264,0.971205607809696,-1.09053580000678,4.51706556676433,7.23060808090997
16,0.00418438004034307,0.276728956637662,0.147014941999335,-0.00329498916303161,0.00463698309824889,0.00655847489926753,0.0797445455495699,0.0373158484549589,0.0317244878427056,0.817781796122295,2.48429281138129,0.33914124758321,3.07751041811375,0.418997634727492,4.46387828722477,1.40340743075706,3.17382222056605,-0.11335136409834,2.32302032765867,8.68054742958679,0.665913276265591,0.185248206855344,0.323922023935164,0.0211257580532291,1.1247751672774,2.96626221153058,0.753599362075858,0.332962348624067,0.67486510036644,0.28119379181935,0.0834171060760238,0.374599317666391,0.822750975327754,-0.0237294315073622,1.02547412726815,1.00920530194054,1.0161204318847,0.702373510402634,0.103259400893713,0.194367088703653,1.08917087221468,1.07671161658195,0.314391957043307,0.711001065917623,-0.0253930229609298,0.00405246949760855,0.916044580439683,0.0291487154075805,1.0253892037061,0.74245015077721,0.67,0.1,1.035,0.5,0.6,0.25,0.4,0.005,0.975,0.8,0.1,1.07293249377224,0.533333492961107,0.429172997508895,0.204589198372111,0.461182005211837,0.953084228872656,-1.09773408636193,4.51871002188944,7.22039641647771
17,0.00416429612330541,0.277749669712286,0.145655881989933,-0.00488208096991594,0.00440298839986708,0.00810772271791094,0.0775205043272597,0.0364024835960672,0.0309695530392506,0.845528871648991,2.58553182171507,0.35148376530865,3.12225332004306,0.422813691966233,4.47261404092163,1.40749003523587,3.17834878218334,-0.113224776497587,2.35143941968457,8.8275668520551,0.682200113466824,0.182284772504051,0.32134537182467,0.0211274326895274,1.12664883635878,2.98411781326967,0.75485472036038,0.33877956579734,0.675989301815266,0.281662209089694,0.0838642597043423,0.374942276649337,0.812506925836688,-0.0230937329762911,1.02494652017661,1.00918511760392,1.01561794986643,0.702540466281111,0.102329151249794,0.195130382469094,1.08837339574635,1.07632625459905,0.314690698229258,0.710624425243083,-0.0253151234723411,0.00454321742978453,0.917766616735518,0.0286852495492388,1.02503547338133,0.730590459688638,0.67,0.1,1.035,0.5,0.6,0.25,0.4,0.005,0.975,0.8,0.1,1.07446439968959,0.533694918150535,0.429785759875837,0.206465434643873,0.457404786269049,0.934169093492769,-1.10647625935249,4.52407930180576,7.21307475251219
18,0.00407014209244907,0.279214335524267,0.14410469703445,-0.00656247464363768,0.00413117639798655,0.0094262919829573,0.0753333575739668,0.0354900013363763,0.0302115976181448,0.876429095302501,2.69490504139088,0.3643449158863,3.16855064428999,0.426263292484438,4.48556311664167,1.41408172379731,3.18453234141526,-0.113050948570898,2.38575827521067,8.98600210117585,0.698665048246598,0.179727148718876,0.318913152661873,0.0211077884467588,1.12896328557106,3.00602347895531,0.756405401332612,0.344511898876177,0.677377971342637,0.282240821392766,0.0844796926080207,0.375506322750462,0.802161666343731,-0.0225744975070447,1.02427855757114,1.00909049280291,1.0150512415651,0.702583171534135,0.101245535075429,0.196171293390436,1.08764258386275,1.07599081118135,0.315251773046898,0.709951517072334,-0.0252032901192327,0.00503697298165637,0.919417184048115,0.028175313365731,1.02458686992679,0.71808352022715,0.67,0.1,1.035,0.5,0.6,0.25,0.4,0.005,0.975,0.8,0.1,1.07660620404692,0.534465296016869,0.430642481618769,0.208481178266609,0.453915159916947,0.916174561591789,-1.11660181840783,4.53260549133511,7.20840291847849
19,0.00390231139502958,0.281067174549944,0.142367235457967,-0.00828206866835446,0.00382093940688999,0.0104821969953752,0.0732501748230784,0.034606835007359,0.0294742772977876,0.909750790317685,2.80979800553144,0.377252350665655,3.21506238780046,0.429104932141564,4.50211516523178,1.42288461798234,3.19204038009364,-0.112809832844195,2.42502277160209,9.15169426390384,0.714610075554026,0.177633228879902,0.316710949476094,0.0210626255910012,1.13169240942603,3.03151790578158,0.758233914315437,0.350020618762865,0.679015445655615,0.282923102356506,0.0852458655778337,0.376316455317651,0.791581813794586,-0.0221673583604825,1.02349605153604,1.008921822952,1.01444534973125,0.702526223174865,0.100016716230132,0.197457060595003,1.08700396577725,1.07571939578065,0.316048028872263,0.70900904477071,-0.025057073642973,0.00550924272013885,0.920945246992222,0.0276274544106182,1.02405327110552,0.704941675232014,0.67,0.1,1.035,0.5,0.6,0.25,0.4,0.005,0.975,0.8,0.1,1.07929624447158,0.53566179155135,0.431718497788633,0.210591053024951,0.450817263510549,0.899604341038175,-1.1279097844467,4.54366011516001,7.20604577873652
20,0.00367745148563175,0.283257018666683,0.140466773063393,-0.00992193523788587,0.00347344709159336,0.0112916863717094,0.0712867435340162,0.0337620164044595,0.0287657659215703,0.945108907541147,2.92868571314603,0.38994232851729,3.26125746548137,0.43128384763054,4.52166127823939,1.43360520061316,3.20054142076646,-0.112485343140232,2.46854415319395,9.32228392978037,0.7297321368388,0.175974473936326,0.314739102924356,0.0209913038312012,1.1347801289962,3.06011515739746,0.760302686427452,0.355269940029214,0.680868077397718,0.283695032249049,0.0861444288966841,0.377362913889598,0.78067804344421,-0.0218342109039449,1.02262426624086,1.00869583874306,1.01380835229295,0.70238342985392,0.0986615338447784,0.198955036301301,1.08645532114905,1.07550841261467,0.317052762778017,0.707824231807867,-0.0248769945858834,0.00594448692999533,0.922344978026877,0.0270608886013825,1.02344977881509,0.691177894117606,0.67,0.1,1.035,0.5,0.6,0.25,0.4,0.005,0.975,0.8,0.1,1.08246102358306,0.53726055862121,0.432984409433222,0.212760769199334,0.448101549021187,0.884493688663539,-1.14011346425247,4.5566869671628,7.20567434363453
21,0.00340759178920511,0.285729849801815,0.138439949214034,-0.0113804849290429,0.00309335461267857,0.011850350257149,0.0694843485287971,0.0329753754705363,0.0281032181918537,0.981725764365927,3.04864187901762,0.402004144515336,3.30602624613313,0.432687927279062,4.54350947574459,1.44590730689693,3.20966906465355,-0.112066895805894,2.51524786024109,9.49343655974975,0.743520494674492,0.174770358922085,0.313049634970599,0.0208953186859892,1.13816372619918,3.09124342998004,0.762569696553452,0.360148253987022,0.682898235719509,0.284540931549796,0.0871555699438534,0.378619431528302,0.769367810045037,-0.0215757748937988,1.02168492951937,1.00842462974815,1.01314951993441,0.702163464420489,0.0972074743543225,0.200629061225188,1.08600294213292,1.07535780032819,0.318235785489966,0.70642948623423,-0.0246652717241958,0.00633500297749079,0.92359128392341,0.0264947746187994,1.02279369436672,0.676805760074164,0.67,0.1,1.035,0.5,0.6,0.25,0.4,0.005,0.975,0.8,0.1,1.08602873147611,0.539218359703157,0.434411492590443,0.214955885077577,0.445835835718062,0.871111881074499,-1.15286295164309,4.57111374671503,7.2068687261315
22,0.00308947799684828,0.288417572762292,0.136322480718994,-0.0126483364192349,0.00268798984280672,0.0121197924156382,0.0679218030647851,0.0322809217389598,0.0275149133784107,1.01802152242529,3.16390357766854,0.41265795861535,3.34742990342225,0.433107095256785,4.56684544192624,1.4593702854047,3.21902220654119,-0.11154705001964,2.5632361475901,9.65716216782054,0.754991530403233,0.174099620764137,0.311742096002808,0.0207735265507379,1.14178462449801,3.12423147141808,0.76499569841367,0.364479964485924,0.685070774698809,0.285446156124504,0.0882552810040261,0.380060082599427,0.757543195809358,-0.0214360297500595,1.02069879166702,1.00810492538683,1.0124926145712,0.701882422380522,0.0956823529919695,0.202435224627508,1.08567934160618,1.07528690273081,0.319557625489808,0.704867779623949,-0.0244254051137562,0.0066792903199636,0.924624558657806,0.0259369547912859,1.02210219304398,0.661839456662821,0.67,0.1,1.035,0.5,0.6,0.25,0.4,0.005,0.975,0.8,0.1,1.08992001227085,0.541486822408809,0.435968004908339,0.217109277741962,0.444151450531409,0.860026317477552,-1.16580588302424,4.58626987070494,7.2090728680743
23,0.00271818047439548,0.291248595479452,0.134136379816311,-0.0138080643626651,0.00226449614379876,0.0121024319186893,0.0666315792659663,0.0316937275861959,0.0270135419695758,1.05281476888418,3.27063139952584,0.421423212088258,3.38430282451074,0.432435842699968,4.59086979036451,1.47356223900844,3.22823043370449,-0.110922882348423,2.610929233442,9.80814228738014,0.763562705622709,0.173970338094054,0.310856589577237,0.0206265331829062,1.14558380315943,3.15842971249358,0.767541148116815,0.368194846290278,0.687350281895655,0.286395950789856,0.0894181125446833,0.381662188178655,0.745089795975277,-0.0214408396403983,1.01968743104907,1.00773177137677,1.01186393047424,0.701564852535718,0.0941053695255052,0.204329777938776,1.08549778703425,1.07530466673639,0.32097670077601,0.703184925974975,-0.0241616267509854,0.00698038486549239,0.925422553988351,0.0253821465559528,1.02139067707975,0.646293753818139,0.67,0.1,1.035,0.5,0.6,0.25,0.4,0.005,0.975,0.8,0.1,1.09404162044697,0.544015548668359,0.437616648178787,0.219185507552955,0.443090312255075,0.851419405673614,-1.17870938616696,4.6014711569949,7.21168619607646
24,0.00229908343685973,0.294162549978369,0.131893705986461,-0.0149226304894821,0.00182727596326204,0.0118506001723473,0.0655848734262275,0.0312037648769611,0.0265912573768162,1.08578188746125,3.36834425771351,0.428299255480657,3.41675518680579,0.43074596507522,4.61493658903354,1.48812059709983,3.23701183666643,-0.110195844732722,2.65757768230222,9.94568463409926,0.769306194840119,0.17429689582196,0.310342804636543,0.0204568190169636,1.14950276473174,3.19331686668058,0.770166852370266,0.371360261719621,0.689701658839044,0.287375691182935,0.0906216980808206,0.383397400647258,0.731918063513912,-0.0215742609815831,1.01867022424613,1.00731057885404,1.01127720251385,0.701234608254236,0.0924884312486151,0.206276960497149,1.08544177657807,1.07540146229799,0.32245743107945,0.701420653179019,-0.0238780842584695,0.00724455333530028,0.926013276360209,0.0248256083320665,1.02067170640234,0.63018399327197,0.67,0.1,1.035,0.5,0.6,0.25,0.4,0.005,0.975,0.8,0.1,1.09830125795936,0.546746261713677,0.439320503183744,0.22118246293933,0.442566298045614,0.844965406712832,-1.19145544199478,4.61616098031036,7.21418714680162
25,0.00185600513061357,0.297121938095355,0.129613986000881,-0.0159296141360302,0.00137874119729209,0.0114529955424485,0.0647044546539035,0.0307814344740408,0.0262243863815599,1.1174980596062,3.4596393615364,0.433736556047114,3.44605115029204,0.428302041185823,4.6386084874787,1.50279988706287,3.24518032401469,-0.109371723598856,2.70336801461458,10.0733426414752,0.772936663331654,0.174919953019933,0.310071936226237,0.020269789697574,1.15347743746955,3.22854165711492,0.772829883104597,0.374152671435985,0.692086462481728,0.288369359367387,0.0918498850744178,0.385229752510414,0.717980367882052,-0.0217856718654151,1.01766137726303,1.00686528515627,1.01072247922927,0.700900554272823,0.0908465146295271,0.20825293109765,1.08546651696955,1.0755478554145,0.323976444900218,0.699602118343886,-0.0235785632441033,0.00747939958784638,0.92646597050531,0.0242777253539568,1.01995464512991,0.61352607341302,0.67,0.1,1.035,0.5,0.6,0.25,0.4,0.005,0.975,0.8,0.1,1.10262415744042,0.54962112693731,0.441049662976169,0.2231212697618,0.44239077046805,0.839939933128303,-1.2039176631583,4.63001534844202,7.21622442066953
26,0.00141990307492905,0.300106742315011,0.127337766710625,-0.0166549337942885,0.000922797200176184,0.0109777887897715,0.0639294949275451,0.030403871273317,0.0258948780818945,1.14847963854906,3.54643184901953,0.438144622206245,3.47328523153898,0.425399414151101,4.66155468639975,1.51742677287198,3.25258823207037,-0.108460318542593,2.74852689260549,10.1938679296177,0.77515629557483,0.175711935948507,0.309933048096877,0.020072577760077,1.15744208814924,3.26384022712304,0.775486199059992,0.376708339837748,0.694465252889545,0.28936052203731,0.0930914547640578,0.387115767951937,0.703249206387163,-0.0220372360567248,1.01666827247859,1.0064270025903,1.01017586954834,0.700552626513372,0.0892068069234752,0.210240566563153,1.08553117446504,1.07571476532787,0.325519461842622,0.697747522206219,-0.0232669840488408,0.0076929005254472,0.926837249857312,0.0237640848445176,1.01924568759987,0.596336433597054,0.67,0.1,1.035,0.5,0.6,0.25,0.4,0.005,0.975,0.8,0.1,1.10696351667335,0.552586277320235,0.442785406669339,0.225011727830321,0.442412227671465,0.835766088442908,-1.21583007264944,4.64288921199025,7.21757364754898
27,0.00102088787574269,0.303104442994154,0.125129551246698,-0.0168819571724365,0.000467553342125004,0.0104610051419036,0.0632314247522482,0.0300612899857765,0.0255953902211962,1.17881241900334,3.62873134311713,0.441759567815971,3.49895293748861,0.422321968324314,4.68343017271479,1.53184092217731,3.25906558245115,-0.107476331913673,2.79291666762073,10.3075309837219,0.776479500021966,0.176600100028064,0.309857677756526,0.0198742957953538,1.1613253934687,3.29895602643723,0.778088013624028,0.379094882839034,0.696795236081219,0.290331348367175,0.0943367735879754,0.389011456532523,0.68767891019634,-0.0223280215133275,1.01569318747385,1.00602599231512,1.00960928965313,0.70016538188585,0.0876113800338497,0.2122232380803,1.08560906405359,1.07588094909251,0.327076707814979,0.695871500643457,-0.0229482084584353,0.00789511019587387,0.927157311905454,0.0233178426180825,1.01854737069512,0.578632037923239,0.67,0.1,1.035,0.5,0.6,0.25,0.4,0.005,0.975,0.8,0.1,1.11129175156918,0.555599386368896,0.444516700627671,0.226846053419945,0.442549268748398,0.832143084921,-1.22673940157258,4.6547082543171,7.21806403499366
28,0.000678187095440883,0.306105602275778,0.123059971792866,-0.0165140122272565,2.59102493396224e-05,0.00992756993061161,0.0625893276324021,0.0297462696458601,0.0253202435239441,1.208539538526,3.70652311038636,0.444867231745752,3.52336783209917,0.419360819977867,4.70388501110029,1.54589328273105,3.26443275808132,-0.106441029712074,2.83638321386524,10.4144016996566,0.777472823223898,0.177527318199206,0.309789601015894,0.0196858012123525,1.16505649265494,3.3336488422582,0.780587850078809,0.381362066152783,0.699033895592963,0.291264123163735,0.0955769255910114,0.390876248152716,0.671202273249129,-0.0226684135759118,1.01473661170788,1.00568157803092,1.00900387744468,0.69970898973807,0.0861061685403819,0.214184841721548,1.08568163343587,1.07603189046955,0.328641809712531,0.693986513355171,-0.0226283230677024,0.00809599648688026,0.927447749598574,0.0229595193100606,1.01785880333341,0.560430358492629,0.67,0.1,1.035,0.5,0.6,0.25,0.4,0.005,0.975,0.8,0.1,1.11558928286889,0.558626877580975,0.446235713147556,0.228622426779102,0.442740632976377,0.828850990444979,-1.23616032993217,4.66541491671177,7.21756624000869
29,0.000404138562173488,0.309111072481359,0.121187046246486,-0.0156017165941111,-0.000388005641426714,0.00942659443073723,0.061948469197865,0.0294367458035125,0.025051505884068,1.23848472760167,3.78289189828905,0.448139276348905,3.54755098548751,0.416878324592375,4.72269359947178,1.55951112186058,3.26856510467743,-0.105382627066221,2.87957461574432,10.5183679004916,0.77915395372772,0.178385239336743,0.309626522049568,0.0195189798526611,1.16857083164365,3.36778514050328,0.782942457201247,0.383633978891522,0.701142498986191,0.292142707910913,0.0968064730546671,0.392675847189293,0.653765959982312,-0.0230392550649254,1.01379890823436,1.00540615925498,1.00834762041402,0.699154943229201,0.0847285224385767,0.216116534332222,1.08571885129452,1.07614800913336,0.330216451482806,0.692097642125204,-0.0223140936080103,0.00830265866716953,0.927755433190516,0.0226920475545817,1.0171767409059,0.541749358165305,0.67,0.1,1.035,0.5,0.6,0.25,0.4,0.005,0.975,0.8,0.1,1.1198411236071,0.561643525504709,0.44793644944284,0.230370827802541,0.442858231995743,0.82541227068968,-1.24376802560929,4.67502252015961,7.21606575211522
30,0.000203717915971072,0.312136654718069,0.119544628266098,-0.0143050075226191,-0.00076259075070273,0.00901795490045232,0.0612345433838324,0.029101875933725,0.0247638211288324,1.27013006707462,3.86336254900867,0.452470293184407,3.57300333236725,0.415225119749369,4.73984007326259,1.57273758931468,3.27143594026916,-0.104333456321251,2.92388416926948,10.6263073520587,0.782745731903835,0.179042711973296,0.309245478114977,0.0193837752913104,1.17182456488978,3.40139007386863,0.78512245847615,0.386077355596117,0.703094738933866,0.292956141222444,0.0980261990931087,0.39438251077483,0.635355260460093,-0.0234014449598151,1.0128783097101,1.00520473650555,1.00763384107324,0.698479481351897,0.0834994699497096,0.218021048698393,1.08568557005511,1.07620825146593,0.331812374469076,0.69019964591648,-0.0220120203855558,0.00852054765144613,0.928140877934833,0.0225038276410973,1.01649626268703,0.522607472833207,0.67,0.1,1.035,0.5,0.6,0.25,0.4,0.005,0.975,0.8,0.1,1.12404512865082,0.564630059012627,0.449618051460328,0.232142495071944,0.442740962864703,0.821217552351934,-1.24951040268985,4.68365360416507,7.21369610275739
31,7.69425512133007e-05,0.315209134796066,0.118146202637032,-0.0127762488543872,-0.00109107434678035,0.00874156698967288,0.0603915902275742,0.0287179568000082,0.0244375749579989,1.30489810210372,3.95296831577717,0.458594300557594,3.60094968651489,0.414638817003989,4.75547218701977,1.58570362366921,3.2730937518874,-0.103325188536834,2.9707687673226,10.7444337410458,0.789193914463503,0.17940945002397,0.308558183954227,0.0192859854387537,1.17479937422076,3.43460267941604,0.787115580727912,0.388816068334952,0.704879624532458,0.293699843555191,0.0992424084742994,0.395979383640033,0.615989883071274,-0.0237228186128839,1.01197042416856,1.00507732726397,1.00685827519695,0.697663708282437,0.0824263178512401,0.219909973866322,1.08555690287161,1.07619820868779,0.333448196373888,0.688279443799331,-0.0217276401732187,0.00875266152655417,0.92864844232099,0.0223815937332868,1.01581165969351,0.50302359322613,0.67,0.1,1.035,0.5,0.6,0.25,0.4,0.005,0.975,0.8,0.1,1.12821631881311,0.567579163053911,0.451286527525242,0.233978490626747,0.442273519879455,0.815831346208193,-1.25354609098652,4.69150639918673,7.21069443004491
32,7.13877613850965e-06,0.318343804839248,0.116989261393597,-0.0111497902791612,-0.00137075947259357,0.00856033965799385,0.0594523819936931,0.0282972562788567,0.0240824136996151,1.34254025194238,4.05052428065455,0.466394335655195,3.63074609935932,0.415045147825915,4.76969004821744,1.59849653618265,3.27357680605108,-0.102383294016292,3.02012998231373,10.8709972287685,0.79828071591199,0.179553921350924,0.307619394540348,0.0192245264471708,1.17751140076317,3.46750619344328,0.788932638511321,0.391764556967376,0.706506840457899,0.294377850190791,0.100460727162224,0.39746328667453,0.595677014316262,-0.0240285995614414,1.01106950799446,1.00500717447002,1.00603212959912,0.696702405543116,0.0815066998356314,0.221790894621252,1.08535445530849,1.07613320041932,0.335136354778261,0.68632904296843,-0.0214653977466918,0.00899975082799684,0.929247917395313,0.0223119351457242,1.01511722696381,0.483017046268854,0.67,0.1,1.035,0.5,0.6,0.25,0.4,0.005,0.975,0.8,0.1,1.13238110308562,0.570492197977537,0.452952441234249,0.235864370486593,0.441536288798288,0.809563988898394,-1.25613347396914,4.69867303457802,7.20722344761884
33,-2.26339610588759e-05,0.321545560795833,0.116058271868892,-0.00954730380558133,-0.00160214772128064,0.00843927988617477,0.0584513063727648,0.0278527885685997,0.023708603960953,1.38268071748798,4.15456228731588,0.475682259321949,3.66168793632234,0.416322691087609,4.78254077607242,1.61116182324346,3.27290528133993,-0.101526328510979,3.07170349493251,11.0039053952673,0.809674883036193,0.179545082044812,0.30648945036492,0.0191962611376145,1.17998328615568,3.50014608643462,0.790588801724305,0.394846374237734,0.707989971693407,0.29499582153892,0.101684127843739,0.398849241648548,0.574404717944385,-0.0243517636915721,1.01017267678657,1.00497725286914,1.00516969304788,0.695601929598651,0.0807303578578863,0.223667712543462,1.08510095542373,1.07602943490689,0.336884074528687,0.684344459270051,-0.0212285337987379,0.00926206052325008,0.929907831747506,0.0222809202582041,1.01440743052323,0.462607576007807,0.67,0.1,1.035,0.5,0.6,0.25,0.4,0.005,0.975,0.8,0.1,1.13655349142067,0.573387198449372,0.454621396568269,0.237782435839151,0.440610408515914,0.802731337496574,-1.25759790003286,4.70514117640291,7.20337238183355
34,-3.05228887137812e-05,0.32482106141297,0.115314351296442,-0.00818677094645448,-0.00178834562622154,0.00838017569263094,0.0573797694346622,0.0273795172360103,0.023311508542559,1.42594091900399,4.26755702361335,0.486675537204053,3.69400780281068,0.418398826120136,4.79416676927262,1.62378148871331,3.27115178211388,-0.100766501554579,3.12618528464449,11.145939239532,0.823505005744752,0.17937979082197,0.305170435488784,0.0191971439751426,1.18224579944973,3.53264546034018,0.792104685631316,0.398090602789341,0.709347479669835,0.295561449862431,0.10291691389478,0.400156881136608,0.552173829262603,-0.0246940694582169,1.00927886626012,1.00496932449684,1.00428823214623,0.694379147387703,0.0800718809347893,0.225548971677507,1.08480093383176,1.07589308207459,0.338699416782972,0.682319147318413,-0.0210185641013853,0.00954044597027326,0.930630696153481,0.0222615118855465,1.01367675005932,0.441815324126073,0.67,0.1,1.035,0.5,0.6,0.25,0.4,0.005,0.975,0.8,0.1,1.14073800835071,0.57628009516418,0.456295203340286,0.239748882516907,0.43948675105935,0.795303075371363,-1.25845053691999,4.7109015217697,7.19924137377589
35,-4.67875462286313e-05,0.328159937848067,0.114703107375824,-0.00722753683212418,-0.0019371297407117,0.00832208369747556,0.0563042785172554,0.0269034681791708,0.0229119114148477,1.47113344127901,4.38549961818388,0.498711226957799,3.72624298177805,0.420909739199172,4.80462851798834,1.63635864122195,3.26837545489326,-0.100105578126873,3.18252078384699,11.2917899496751,0.8387323493175,0.179189536582943,0.303788311571563,0.0192169612874024,1.18436100251059,3.56505046132525,0.793521871682093,0.401339340232814,0.710616601506352,0.296090250627647,0.104160835236911,0.401405454930404,0.528961455156741,-0.0250988800709831,1.00838640778807,1.00495297851604,1.00341650738435,0.693066471769556,0.0794968779299669,0.227436650300477,1.0844980198346,1.07575531464084,0.340579637966868,0.680255599918973,-0.0208352378858408,0.00983548227920002,0.931356631114906,0.0222294315380208,1.01291985234788,0.420660810065978,0.67,0.1,1.035,0.5,0.6,0.25,0.4,0.005,0.975,0.8,0.1,1.14494338422699,0.579173097070364,0.457977353690795,0.241732276635211,0.43832492833757,0.787865703905717,-1.25923911395692,4.71581816178231,7.19478869856764
36,-7.59056899656552e-05,0.331563016198153,0.114167814536271,-0.006716536305438,-0.00205937852483518,0.00828944755638417,0.0551960537641703,0.0264120707259491,0.02249929697565,1.51927060500262,4.51223735352154,0.512058716772817,3.75914495745349,0.423769406611778,4.81409540444247,1.64895628933607,3.26467769924642,-0.0995385841400224,3.24173880439189,11.4461374094421,0.855538555272946,0.178931189320512,0.302316190774991,0.0192490160283738,1.18636729803147,3.59750378395959,0.794866089681084,0.404678927706612,0.711820378818881,0.296591824507867,0.105419279267317,0.40262729812672,0.504771241664001,-0.0255449452253332,1.00749744115045,1.00492371478158,1.00256111616335,0.6916916888962,0.0789689284541815,0.229339382649619,1.08418202967758,1.07561128913833,0.342526715987875,0.678149771654414,-0.0206764876422889,0.0101450949184459,0.932107083054674,0.0221702138901285,1.01213228365523,0.399164910778885,0.67,0.1,1.035,0.5,0.6,0.25,0.4,0.005,0.975,0.8,0.1,1.14916241215726,0.5820906981971,0.459664964862903,0.243754301915623,0.437067837633594,0.780202629192042,-1.26047783715054,4.71984520221168,7.19002672059742
37,-0.000110344106479976,0.335056870877348,0.113652970717806,-0.00666620301894927,-0.00216643709274578,0.00834826235351938,0.0539732450857505,0.0258706642904895,0.0220450949434165,1.57313142708438,4.65753159026507,0.527680251274489,3.79483784271404,0.427064675446214,4.82296583971315,1.66177163288541,3.26025056378751,-0.0990563569597668,3.30667172126095,11.6209456888473,0.874977532538311,0.178471803211494,0.300641584630632,0.0192889627773753,1.18829394812592,3.63031772607456,0.796156945244367,0.408317017620001,0.712976368875552,0.29707348703148,0.106703141920338,0.403841052694368,0.479671744763039,-0.0259649256061623,1.00661198337947,1.00488910417299,1.00171449685277,0.690269349519234,0.0784511621683088,0.231279488312457,1.08381328173563,1.07543632125602,0.344553888232444,0.675984585447536,-0.0205384736799801,0.0104660184611008,0.93294781423762,0.0220724970773257,1.01131075841385,0.377348840122159,0.67,0.1,1.035,0.5,0.6,0.25,0.4,0.005,0.975,0.8,0.1,1.15340040202985,0.585048507478479,0.46136016081194,0.245872237507365,0.435542422447158,0.771671558570644,-1.26264996237088,4.72315707782511,7.18512326800192
38,-0.000146620563793724,0.338688721709144,0.113103414809208,-0.0070938177458767,-0.00226940585643876,0.00854550051680114,0.0525689037564404,0.0252501785905764,0.0215251881872924,1.63581200028847,4.83175150592774,0.546568468174668,3.83523127432833,0.430842327186402,4.83181790587905,1.67510777994504,3.25535572681467,-0.0986456008806665,3.38060363034564,11.8286587914283,0.898096899246465,0.177714626855066,0.29867574693887,0.0193317047660611,1.19017814111361,3.66392959614404,0.797419354546117,0.412422058805977,0.714106884668164,0.297544535278402,0.108030776742942,0.405063891964773,0.453781425066851,-0.0263068310208908,1.00572518575524,1.00485264633339,1.00086832574412,0.688803841022429,0.0779060665533356,0.233290092424235,1.0833599862826,1.07521049400095,0.346682721198365,0.673733114580259,-0.0204158357786236,0.0107962994901214,0.933931301636064,0.0219243606830117,1.01045279136631,0.355234127923652,0.67,0.1,1.035,0.5,0.6,0.25,0.4,0.005,0.975,0.8,0.1,1.15768714843759,0.588068573141977,0.463074859375037,0.248141199027502,0.433615100774598,0.761775285904103,-1.26621205825008,4.72609984575953,7.18036399462212
39,-0.00018855014411138,0.342516412458626,0.112463847766504,-0.00802057297210401,-0.00237931703815841,0.00889529358481789,0.0509498530925465,0.0245350509724311,0.0209264082748532,1.71022078124398,5.04417590199914,0.569523779374975,3.8815251337836,0.435041114328749,4.8413100872732,1.68931865541359,3.25027981991251,-0.098288388052898,3.46674452518195,12.0800013408449,0.925646972107875,0.176630124216006,0.296383448593816,0.0193704664570484,1.19206659048202,3.69883173943098,0.798684615622953,0.417081983420019,0.715239954289211,0.298016647620505,0.109425035691628,0.406321652178835,0.427238393553013,-0.0265513168611424,1.00482885339165,1.00481050710517,1.00001825845406,0.687294547793569,0.0772957893938044,0.235409662812626,1.08280823885765,1.07492519159931,0.348938329700189,0.671363693156679,-0.0203020228568686,0.0111352370357671,0.93508120295363,0.0217135287699702,1.0095563795627,0.332842598734362,0.67,0.1,1.035,0.5,0.6,0.25,0.4,0.005,0.975,0.8,0.1,1.16207034987689,0.591189983222267,0.464828139950757,0.250601832376151,0.431232067161452,0.750309575680393,-1.27158786815852,4.72909297818079,7.17608034959126
40,-0.00024463904812573,0.346599514250883,0.111681046409862,-0.00945024999257571,-0.0025072304466992,0.00938377496787735,0.0491150101581507,0.0237228875664053,0.0202463509709441,1.79901286181828,5.30284810813139,0.597124068090572,3.93419219128722,0.439493997341826,4.85208660141656,1.70475738396533,3.24529125290006,-0.0979620354488233,3.56810787858442,12.3837718069451,0.958053109492124,0.175247654589468,0.293778826136319,0.0193970795085496,1.1940102275604,3.73550396415879,0.799986852465471,0.422306794430686,0.716406136536243,0.298502556890101,0.11091002178865,0.407648280955606,0.400176500721532,-0.0267046170757829,1.00391391763767,1.00475413775663,0.999163755502574,0.685739100538309,0.0765840603122758,0.237676839149415,1.08216016742259,1.07458169039086,0.351345209598675,0.668844462080179,-0.0201896716788537,0.0114819330810644,0.936394571850436,0.0214299580767804,1.00862008559392,0.310196350290237,0.67,0.1,1.035,0.5,0.6,0.25,0.4,0.005,0.975,0.8,0.1,1.16660527573457,0.59446556370433,0.466642110293829,0.253278285709284,0.428411951288326,0.7373358515564,-1.27914392432809,4.73254514778651,7.17258522145541
41,-0.000334126865944258,0.350970451267596,0.110716486777975,-0.011277519527137,-0.00266379071802769,0.00991353145358942,0.0471682109274943,0.0228562835514816,0.0195198085008465,1.9013793734556,5.60323477666943,0.628398638866553,3.9909278390001,0.443705052252482,4.86448717801599,1.72160481064321,3.24052011181267,-0.0976377444398888,3.68426196783686,12.7334343767736,0.993866021103549,0.173780045372661,0.291038986551064,0.0194000744244036,1.19606809297469,3.77418025890846,0.801365622293043,0.427834724372681,0.717640855784814,0.299017023243673,0.112502261634611,0.40907828503333,0.372666063322712,-0.0268366224727187,1.002972554604,1.00466420249973,0.998316205662037,0.684141024983848,0.0757456907468947,0.240113284269257,1.08147008110394,1.07421431326409,0.353912909550627,0.666158629513542,-0.0200715390641693,0.0118338614829273,0.937784174740458,0.0210767241002741,1.00764350467876,0.287317731704377,0.67,0.1,1.035,0.5,0.6,0.25,0.4,0.005,0.975,0.8,0.1,1.1713456627045,0.597944385871302,0.468538265081801,0.256121163238569,0.425407885103711,0.723741903333378,-1.28902045089465,4.73662591991056,7.16996902475685
42,-0.000486778327872793,0.355604781287946,0.109556168393484,-0.0133068508884856,-0.00285670264440496,0.0103099075384048,0.0453203627031769,0.0220254739479186,0.0188213085970617,2.01073778648727,5.92065037817001,0.660031759463587,4.04609515846463,0.446835723347753,4.87826435905561,1.73970098275016,3.23584489751331,-0.0972815212078563,3.80885769729937,13.0988902011854,1.02895218829651,0.172618811924382,0.288509264613262,0.0193662266930277,1.19829370148688,3.81462147119359,0.80285677999621,0.433112507489059,0.718976220892128,0.29957342537172,0.114199883862439,0.41064728242043,0.344666666969892,-0.0270695177882247,1.00200432652364,1.00451078778049,0.997504794087488,0.682518872904325,0.0747741525716374,0.242706974524038,1.08084643513474,1.0738929720067,0.356622941009839,0.66331888953002,-0.0199418305398582,0.0121829831836542,0.939078839767008,0.0206700095751436,1.00662865330665,0.264229321411156,0.67,0.1,1.035,0.5,0.6,0.25,0.4,0.005,0.975,0.8,0.1,1.17631440223742,0.601664362295216,0.470525760894969,0.258996271130908,0.422712508132658,0.711223121061509,-1.30100466353872,4.74103358306241,7.16790683976762
43,-0.000709487755110186,0.360449019570974,0.108208757035293,-0.015349595985796,-0.00308876632130317,0.010491691020907,0.043687522376858,0.0212823980000644,0.0181942968257093,2.12142852814347,6.2345268531942,0.689377078687247,4.09606372469976,0.448415940928802,4.89284185402283,1.7587058085317,3.23099820922896,-0.0968621637378355,3.9361065003976,13.455888922452,1.06022082834576,0.171958740280424,0.286373583062733,0.019289972467545,1.2006850065524,3.8563167872571,0.804458954390108,0.437812470876743,0.72041100393144,0.3001712516381,0.115986576558002,0.412385506656439,0.316114062834289,-0.0274320224245281,1.0010218228203,1.00428696480611,0.99674879581212,0.680893817422035,0.0736786736562544,0.24542750892171,1.08034494881532,1.07365322129962,0.359444646077329,0.660352062377743,-0.0197967084550724,0.0125110106513825,0.940188924254235,0.0202295907561051,1.00558229015515,0.240953904884038,0.67,0.1,1.035,0.5,0.6,0.25,0.4,0.005,0.975,0.8,0.1,1.18147489932558,0.605653181310696,0.472589959730232,0.261812156900947,0.420584789779684,0.700649821350213,-1.31465672400324,4.74523064618504,7.16588705259084
44,-0.000987962616737845,0.365444780305341,0.106705865154571,-0.0172004258548976,-0.00335824859294132,0.0104550327799329,0.0422995864532827,0.020642748895516,0.0176524665724603,2.2298249876781,6.53204066277577,0.714943174405894,4.13945136798373,0.448376784145811,4.90755621133306,1.77823503000235,3.22567793847666,-0.0963567571459455,4.06204283975909,13.7899811608746,1.08613618407786,0.171822731720148,0.284663117796266,0.0191729826721008,1.20319451549252,3.89865064976951,0.806140325379991,0.44181740931645,0.721916709295514,0.300798628873131,0.117839909641507,0.414288399222133,0.286988852268035,-0.0278770819831639,1.00004292734356,1.00400709757018,0.996051651192295,0.679278308292689,0.0724829795671048,0.248238712140206,1.0799728989122,1.07349806555184,0.362346339690838,0.657288026776511,-0.0196343664673486,0.0127967270975921,0.941097096865011,0.0197805147048225,1.0045161554855,0.217514452149058,0.67,0.1,1.035,0.5,0.6,0.25,0.4,0.005,0.975,0.8,0.1,1.18676000033942,0.609894934321418,0.474704000135767,0.264517032641441,0.419066992602404,0.69216735068744,-1.32937080844943,4.74868385917421,7.16340741003361
45,-0.00129793585109395,0.370539066171341,0.105099929943236,-0.0186538731172536,-0.00365882696908582,0.0102301298009204,0.04114437909292,0.0201037900357294,0.0171942090983012,2.33373444920625,6.80577099432303,0.7361287694273,4.17615790957168,0.446917820181228,4.92176471436365,1.79791984437751,3.21959825424014,-0.0957533842539899,4.18406909951859,14.0933293281567,1.10631542405324,0.172150924760478,0.283329333164095,0.0190222186987021,1.20574752724093,3.94099868002488,0.807850843251421,0.445132329666021,0.723448516344556,0.301436881810232,0.119736118825645,0.41632368010915,0.257317517994217,-0.0283524987723188,0.999083167590961,1.00369557446965,0.995404575853464,0.677672521960346,0.0712233345824886,0.251104143457164,1.07971409751726,1.07341445250038,0.365299836283015,0.654155255495717,-0.0194550917787328,0.0130283379137168,0.941820341654236,0.0193506953614541,1.00344405405215,0.193934095116187,0.67,0.1,1.035,0.5,0.6,0.25,0.4,0.005,0.975,0.8,0.1,1.19209620734584,0.614343457374993,0.476838482938337,0.267078462560204,0.418091812760078,0.685575802893293,-1.34441029495876,4.75096473577916,7.16005645953912
46,-0.00159768849785551,0.375705171016864,0.103463324985877,-0.0194899315496275,-0.00398001401135273,0.00990662884393512,0.040133874034657,0.0196292748825227,0.0167900679416689,2.435413829654,7.06365726868601,0.754340230632801,4.20855375483456,0.444641257216699,4.93501328239186,1.81751756449137,3.21254982572797,-0.0950541078274858,4.30401176778458,14.3758715641519,1.12277891425838,0.17273666597385,0.282187934378286,0.0188515342363628,1.20823833241297,3.98289136223667,0.809519682716692,0.447991143540179,0.724942999447783,0.302059583103243,0.121656292334637,0.41844246324174,0.2271789207074,-0.0287945007368951,0.998153098683064,1.00339432305966,0.994776505850054,0.676055501927176,0.0699469501043816,0.253997547968441,1.07950899262994,1.07335914169575,0.36829030855506,0.650970856993239,-0.0192611655482992,0.0132059719179472,0.942437359656433,0.0189715955481829,1.002378531512,0.170236104750925,0.67,0.1,1.035,0.5,0.6,0.25,0.4,0.005,0.975,0.8,0.1,1.19741601156866,0.618946909016966,0.478966404627466,0.269511883051809,0.417403502484449,0.680072179261006,-1.35894571079421,4.75190249405592,7.15565004083106
47,-0.00184456221347145,0.380945644403699,0.101881466401466,-0.0195305553060153,-0.00430733500282465,0.00958095111860979,0.0391630756680615,0.0191746674431728,0.0164035200259186,2.53954899488833,7.32131652009726,0.771982169766206,4.23975796539442,0.442295636232981,4.94706844339426,1.8369323904811,3.20441120764591,-0.0942751547327389,4.42623667782275,14.656019604189,1.13868102836389,0.173345042171366,0.281024302416467,0.0186783770974463,1.21055533592426,4.02404746808612,0.811072075069251,0.450687799774267,0.726333201554553,0.302638833981064,0.12358974971804,0.420581683704232,0.19668777375359,-0.0291572047918288,0.99725597204878,1.00314621497546,0.994128230921128,0.674387454014788,0.0687075827377779,0.256904963247433,1.07928885781424,1.07328234158141,0.371317359261038,0.647739412604224,-0.0190567718652621,0.0133381852754741,0.943039412889747,0.0186719688063945,1.00132881429752,0.14644386810867,0.67,0.1,1.035,0.5,0.6,0.25,0.4,0.005,0.975,0.8,0.1,1.20267966172969,0.623649922904719,0.481071864691875,0.271853212602927,0.416710454418247,0.674743842937795,-1.37212154723212,4.75158781286527,7.15024095782801
48,-0.00201869369213148,0.386285099374775,0.100422738716509,-0.0188753955424443,-0.0046237067197068,0.00932780309625802,0.0381410443182379,0.0187001231424302,0.0160015125764383,2.65192899928777,7.59779058960784,0.791728160360907,4.27246858510537,0.440509228360012,4.95793156280169,1.85621151975556,3.19516396217683,-0.0934439191306921,4.55639091883143,14.9553253255903,1.15731221574101,0.173785508789858,0.279666426922568,0.0185187461507832,1.21261365397112,4.064388573165,0.812451148160653,0.453474645710735,0.727568192382674,0.303153413492781,0.125535109001755,0.422686909938337,0.165974797254023,-0.0294221967114281,0.996389131274741,1.00297121283941,0.993437417265414,0.672627112320773,0.0675470567542289,0.259825830924998,1.07900069339654,1.07314726329835,0.374392323944994,0.644455035673782,-0.0188473596187764,0.013437109615827,0.943701642599967,0.0184532403035213,1.00030023729868,0.122580865254516,0.67,0.1,1.035,0.5,0.6,0.25,0.4,0.005,0.975,0.8,0.1,1.20787749003671,0.628411942063911,0.483150996014683,0.274160667254,0.415782268956765,0.668853855566128,-1.38338994503771,4.7502753065551,7.14406074695236
49,-0.00211842299970066,0.391763677518216,0.0991230671083764,-0.0177938416625514,-0.00491545225669821,0.00919756546768769,0.0369980879889384,0.0181740154927852,0.0155575028081922,2.77895909668244,7.91360364794518,0.816145698788785,4.30878260472816,0.439699447580051,4.96781571405067,1.87552513998608,3.18488303645786,-0.0925924623932691,4.70090936336659,15.2963661597001,1.18163598960902,0.173924660037243,0.277996399392574,0.0183833056334549,1.21436609539399,4.10402294814844,0.813625283913976,0.456545086111318,0.728619657236397,0.303591523848499,0.127499533339177,0.424725755090343,0.135173108665834,-0.029589481858451,0.995546457444694,1.0028709848853,0.992696440966986,0.670741760636191,0.0664859805519317,0.262772258811877,1.0786088324376,1.07293045930392,0.377535167957356,0.641103297662774,-0.0186384656201301,0.0135146022293574,0.944478527533105,0.0182976414312605,0.999294700089848,0.098670646091265,0.67,0.1,1.035,0.5,0.6,0.25,0.4,0.005,0.975,0.8,0.1,1.2130231508804,0.633217998365713,0.485209260352158,0.276498977391118,0.414461146908309,0.661883643363427,-1.39266145470993,4.74829990224112,7.13745487619679
50,-0.00214703870505423,0.397432512792066,0.0979926435720973,-0.0165206081325781,-0.00517538657832473,0.0092197633130191,0.0356867913528198,0.0175739520642772,0.01505248898716,2.92745984968557,8.28955704312141,0.847584697746028,4.35029863133425,0.440109671469906,4.97707697982789,1.89512938489737,3.17369867142644,-0.0917510764959175,4.86677213497498,15.7015983100886,1.2142203317072,0.173679485229977,0.275939143648796,0.0182770389871861,1.21579437144503,4.14319098125805,0.814582228868171,0.460038679531931,0.729476622867018,0.303948592861258,0.129496584837936,0.426687049425834,0.104409375702825,-0.0296689525913313,0.994720107761002,1.00284222610142,0.991900901129789,0.668706150718573,0.0655282834818343,0.265765565799592,1.078089902996,1.07261655875143,0.380771563826248,0.637663167416254,-0.0184347312425017,0.0135803837772149,0.945405781990471,0.0181870400730786,0.998311515319937,0.0747368071185153,0.67,0.1,1.035,0.5,0.6,0.25,0.4,0.005,0.975,0.8,0.1,1.21814675697665,0.638078547606192,0.487258702790661,0.278918323753327,0.412646337037994,0.653506351386938,-1.40017518574789,4.74602883197062,7.13083118648428
51,-0.00210130395479458,0.403355395091355,0.0970317163774956,-0.0151546194721516,-0.00540147128558055,0.00942089435138249,0.0341633902267397,0.0168787812476418,0.0144684491410836,3.10629927669919,8.75175211584522,0.888840991531125,4.39880464071981,0.441956753409926,4.98617257742841,1.91535219437766,3.16176562706137,-0.090945244010619,5.06307862198353,16.1989998026421,1.25805460150527,0.172971937407586,0.273419388705239,0.0182021005748384,1.21688903030358,4.18223069877311,0.8153156503034,0.464097489031402,0.730133418182149,0.304222257575896,0.131544786500917,0.42857368061386,0.0738084604731514,-0.0296653417264802,0.993901682226933,1.00288818952543,0.991039372691436,0.666494661515066,0.0646711209632449,0.268834217521688,1.07741881592404,1.07218751170978,0.384132752050832,0.63410673777807,-0.0182394898289015,0.0136411987351004,0.946517132843879,0.0181134874900141,0.997348336737897,0.0508029681457655,0.67,0.1,1.035,0.5,0.6,0.25,0.4,0.005,0.975,0.8,0.1,1.22328909349407,0.643026426707804,0.489315637397627,0.281456395122382,0.410234926839033,0.643414885955251,-1.40627288743467,4.74387239632811,7.1246592492384
52,-0.00197248158665605,0.409608551046074,0.0962422871396605,-0.0136839335018005,-0.00559365672450085,0.00982247015154081,0.0323898368698963,0.0160692546650976,0.0137888167924388,3.3273131667457,9.33423513804975,0.943549553531695,4.45625176992575,0.445482100468447,4.99562502424849,1.93657812289367,3.14924223828645,-0.0901953369316344,5.30195419518532,16.8246639057579,1.31699613848688,0.171729444555951,0.270359837007663,0.018159821418377,1.21763996699019,4.22154217247627,0.815818777883426,0.4688588509421,0.730583980194113,0.304409991747547,0.133666539010004,0.430393700371748,0.043498871578101,-0.0295784860841,0.993082358303257,1.00301765600541,0.990094593407536,0.664076397636309,0.063912231343985,0.272011371019705,1.07657013752868,1.07162356792577,0.387654820663877,0.630400044642337,-0.0180548653062141,0.0137005074026514,0.947842389299175,0.0180785677210239,0.996402070547174,0.0268927489825144,0.67,0.1,1.035,0.5,0.6,0.25,0.4,0.005,0.975,0.8,0.1,1.22850139048342,0.648108714454656,0.491400556193368,0.28413687077577,0.407121587169747,0.631331859076987,-1.41123748983492,4.74228906417357,7.1194748794284
53,-0.00175418173693146,0.416270700990167,0.0956343876388558,-0.0120315589651661,-0.00575154257206789,0.0104195854186715,0.0303597147033873,0.0151394364881414,0.0130079194663004,3.6041383603801,10.0748295184605,1.01584990381466,4.52385545365472,0.450885992208581,5.00593864466543,1.95919602875365,3.13625979663518,-0.0895171807234036,5.59738441473334,17.6177393500031,1.3953695761152,0.169935020526579,0.266722701517306,0.0181508608153623,1.21803807463348,4.26150397095861,0.816085510004434,0.474375131121668,0.73082284478009,0.304509518658371,0.135884994926985,0.432157389739791,0.0136118289267307,-0.0294108273745328,0.992253847310178,1.00323704735438,0.989052238378587,0.661417179901675,0.0632542269737156,0.275328593124609,1.07553468388079,1.07091541548114,0.391374359097906,0.626507837844643,-0.0178821969425484,0.0137556693687306,0.94938570334723,0.0180905126752688,0.995470396874263,0.00302974612836049,0.67,0.1,1.035,0.5,0.6,0.25,0.4,0.005,0.975,0.8,0.1,1.23384383533212,0.653380956636226,0.493537534132846,0.286950954643784,0.403259409676895,0.617208037124095,-1.41519681776526,4.74172714579536,7.11584658360182
54,-0.00145069379462966,0.423409627974999,0.0952212544866872,-0.0101676736343017,-0.00587312247222882,0.0111758775545527,0.0281052030298167,0.0141000967356335,0.0121338315830319,3.95186671755005,11.0141183283936,1.11033711590574,4.60162021308375,0.45826456907103,5.01752960428312,1.98354722034189,3.12290510799209,-0.0889227240508553,5.96483673125011,18.6189385530315,1.4978536766009,0.167643002918449,0.262528947130928,0.0181747156749872,1.21808059269848,4.30239984790722,0.816113997107981,0.480583349630202,0.730848355619088,0.30452014817462,0.138220209560272,0.433879953539196,-0.0157185992431861,-0.0291658752172878,0.991410265835899,1.0035420527364,0.987911032858645,0.658487860051292,0.0627020400983381,0.27881009985037,1.07432742847708,1.07007116389399,0.395323471268313,0.622398940169052,-0.017722411437365,0.0137963043865817,0.951118804259378,0.018154498286043,0.994553573507296,-0.0207624905138946,0.67,0.1,1.035,0.5,0.6,0.25,0.4,0.005,0.975,0.8,0.1,1.23937591961743,0.658903496725665,0.495750367846971,0.289858442348656,0.398684566653178,0.601280237008696,-1.41817912003173,4.74254013999414,7.11433058345591
55,-0.00107547388663481,0.431077204144751,0.0950094194987605,-0.0081671603366622,-0.00595574910266261,0.0120455184790695,0.0256719653599283,0.0129679496050267,0.0111795053322431,4.39031027588563,12.2059011782436,1.2331587852274,4.6890067027537,0.467643684344978,5.03073377701308,2.00992082707157,3.10923310502447,-0.0884201550829609,6.42447235198983,19.8816399493157,1.63061174721225,0.164928831676377,0.257824104928567,0.018229432722832,1.21777180870107,4.34442613928598,0.815907111829716,0.487382603498058,0.730663085220641,0.304442952175267,0.140687582643749,0.435581970195021,-0.0443554474935404,-0.0288461970853632,0.990548408706533,1.00391914874393,0.986681457312446,0.655270798201817,0.0622568981516441,0.282472303646539,1.07297507770234,1.06910852078677,0.39952836229488,0.618047633375369,-0.0175759956702495,0.0138100807853306,0.953001041574836,0.0182665636444865,0.993654747091857,-0.0444604808791562,0.67,0.1,1.035,0.5,0.6,0.25,0.4,0.005,0.975,0.8,0.1,1.24514492949894,0.664735818214909,0.498057971799576,0.292809845399447,0.393461917784348,0.583876116515673,-1.42024671495179,4.74495905136742,7.11546159083481
56,-0.000657769888921935,0.439297306618846,0.0949883265544616,-0.0062187934444603,-0.00599811610024792,0.0129562551041185,0.0231408052322065,0.0117764800003846,0.0101720737741771,4.94093592720682,13.7068446275388,1.39085944958987,4.78378557687807,0.478795464460706,5.04575295978431,2.03850726418236,3.09525767370186,-0.0880119780999124,6.99808883336434,21.4604192256006,1.79995218233955,0.161941410691235,0.252728197811515,0.0183092463888817,1.21713858953475,4.38765869015985,0.81548285498828,0.494567060708813,0.730283153720848,0.304284647383687,0.143295768716079,0.437286004658664,-0.0721888840963923,-0.0284814305516634,0.989666435554457,1.00433894126163,0.985390882395992,0.651769121980068,0.0619104581967574,0.286320419823174,1.07153080880632,1.06806615853568,0.404004571850759,0.61343821197187,-0.0174427838226292,0.0137894571022782,0.954962003124129,0.0184110399446112,0.992778714270005,-0.0680408379120274,0.67,0.1,1.035,0.5,0.6,0.25,0.4,0.005,0.975,0.8,0.1,1.25118362850767,0.670921634535545,0.500473451403068,0.295737536470706,0.387757242999989,0.565595044849568,-1.42160114241445,4.7490093797302,7.11967126005647
57,-0.000232802375290241,0.448055714811249,0.0951354830813186,-0.00446242710849276,-0.00600233468910771,0.0138153085422945,0.0206247153585884,0.0105763171553427,0.0091536197176541,5.62204376009177,15.5606724945763,1.58875885734442,4.88176587339862,0.4912185626153,5.06256065944109,2.06933832002332,3.0809157244188,-0.0876933850010379,7.70423668486054,23.394932483756,2.01068911852015,0.158897688680812,0.247432225777111,0.0184050835614719,1.21622571109356,4.43198764389903,0.814871226432688,0.501826104754586,0.729735426656138,0.304056427773391,0.146043083935367,0.439017392017938,-0.0991624111140772,-0.0281231436495573,0.988765014095211,1.00476603361283,0.984074880138924,0.648007843335053,0.0616485392161637,0.290343617448783,1.07007076849307,1.06700118886277,0.40875328894366,0.608568653626546,-0.0173219425702064,0.0137313241957499,0.956906241212885,0.0185737868274853,0.991930815870208,-0.0914802906470071,0.67,0.1,1.035,0.5,0.6,0.25,0.4,0.005,0.975,0.8,0.1,1.25750210404685,0.677487775083833,0.503000841618738,0.298548575448586,0.381835232894204,0.547274605438302,-1.42247304017295,4.7544420273719,7.12720444212401
58,0.000174317964405356,0.457312959705737,0.0954215775064945,-0.00298363374842392,-0.00597290338373635,0.0145646145207283,0.0182014974301482,0.00940411714313009,0.00815503861019054,6.45804039679538,17.8275590635948,1.83406453698507,4.97940573095233,0.504439343709788,5.08098696897071,2.10234344822504,3.06609728840045,-0.0874537676547785,8.56740415662944,25.7418422926035,2.26955844982649,0.155939584739805,0.242079300399469,0.0185083367864072,1.21507365535853,4.47719585742979,0.814099349090217,0.508943436398528,0.729044193215119,0.303768413839633,0.148919273130784,0.440800258346698,-0.125253081674198,-0.0277999619188317,0.987848692082123,1.00517518955423,0.982762708777374,0.644025089952203,0.0614538900370013,0.294521020010796,1.06865224345653,1.06595858469107,0.413766746709624,0.603445217853322,-0.0172119645629464,0.0136345451135222,0.958767982152069,0.0187432471782697,0.991116391029181,-0.114755707174126,0.67,0.1,1.035,0.5,0.6,0.25,0.4,0.005,0.975,0.8,0.1,1.26408017605438,0.684445785146992,0.505632070421751,0.301174372773853,0.37588489047443,0.529468439074701,-1.42307944382565,4.76083515415215,7.13817794107864
59,0.000549634852641414,0.46702246909736,0.0958107332827991,-0.00186153172089032,-0.00591568449870117,0.0151903672598928,0.0158969149133155,0.00827323281416105,0.00718783295730831,7.49203705491878,20.6219908405187,2.13985966254504,5.07490609783505,0.518125786954436,5.1008722088158,2.13744178635647,3.05070891455072,-0.0872784920913918,9.63066559201236,28.6137936208803,2.58931854659725,0.153097871524573,0.236728576370735,0.0186115891891658,1.21371577977244,4.52308684755701,0.813189572447533,0.515860232910323,0.728229467863462,0.303428944943109,0.151911120787469,0.442648764052611,-0.150444106604674,-0.0275114213102559,0.986923858458356,1.0055523830269,0.981474337008209,0.639863549403111,0.0613057958692466,0.298830654727642,1.06730287245621,1.06496257509521,0.419034568766838,0.598075934793756,-0.0171105035605944,0.0134999861447868,0.960523208874339,0.0189066852079132,0.990340275743531,-0.137844117467346,0.67,0.1,1.035,0.5,0.6,0.25,0.4,0.005,0.975,0.8,0.1,1.27087966365033,0.691786185453961,0.508351865460133,0.303586127955352,0.369967279104373,0.512323180712865,-1.42365808736159,4.767749182457,7.152685819012
60,0.000882859914583074,0.477139008196373,0.0962592251082078,-0.00118416183488834,-0.00583785334344022,0.0156974707424602,0.0137119975111016,0.0071855812131833,0.00625391371632171,8.79512018511224,24.137528723864,2.52774379127892,5.16734874243288,0.53198032345677,5.12214824853284,2.17458806716286,3.03470947713426,-0.0871492957642778,10.9650544938428,32.203389780374,2.99128203826127,0.150352798190328,0.231400068279198,0.0187072192898592,1.2121890351232,4.56955076837965,0.812166653532542,0.522598125518566,0.727313421073918,0.303047258780799,0.155006556622674,0.444569422196236,-0.174715940920725,-0.0272468050164076,0.985996264614744,1.00588727421416,0.980225408841213,0.635567003211715,0.0611791872335056,0.303253809554779,1.06603694042368,1.06402802632878,0.424546100903093,0.592468107107975,-0.0170142080110689,0.0133303700808541,0.962166855720192,0.0190486912428336,0.989606427203442,-0.160722736053206,0.67,0.1,1.035,0.5,0.6,0.25,0.4,0.005,0.975,0.8,0.1,1.277861577817,0.699484743464796,0.511144631126798,0.305777505975333,0.36408445861705,0.495798547134717,-1.42449253913183,4.77480652991571,7.17085160564175
61,0.00115289220933591,0.487598004067327,0.0967210995453531,-0.000977500417366328,-0.00574815497835846,0.0160460722031048,0.0117028648239383,0.00617119691132097,0.00537951566080062,10.4290553233288,28.5285100281337,3.01518077194517,5.25243063881136,0.545280291616015,5.14462337275764,2.2136430857554,3.01802479274976,-0.0870445057475251,12.6323424852846,36.6607017463538,3.49220291810231,0.147834596515132,0.226240409384251,0.0187863602886548,1.21055281313468,4.61638206186734,0.811070384800238,0.52895940314745,0.72633168788081,0.302638203283671,0.158190520314686,0.446566262074966,-0.198090376990508,-0.0270364114249726,0.985069978758559,1.00615865667038,0.979040405037501,0.631185976183539,0.061049001634079,0.307765022182381,1.06490535861331,1.063197919293,0.43028282643144,0.586636683402546,-0.0169195098339853,0.013130251940498,0.963650439964814,0.0191577515889229,0.988917640754022,-0.183368984497332,0.67,0.1,1.035,0.5,0.6,0.25,0.4,0.005,0.975,0.8,0.1,1.2849943050135,0.707503460034275,0.513997722005402,0.307725921568025,0.358437002596622,0.480348921611779,-1.42581374662374,4.78151433433014,7.19264024890913
62,0.00132062782677235,0.498281058717714,0.0971537693265116,-0.00120770518228364,-0.00565578009092937,0.0161298579838289,0.0100144133673834,0.00530713324803762,0.00463191868420816,12.3355264562364,33.5818448971569,3.57946066881803,5.31934408279981,0.556528568129894,5.16756120166662,2.25413032313747,3.00037401662966,-0.0869431381005226,14.5741742802061,41.7618909488099,4.06788822634946,0.145951805843161,0.221635920164392,0.0188421275020638,1.20888964010068,4.66292910894903,0.809956058867458,0.534307992642015,0.72533378406041,0.302222410025171,0.161434305010922,0.448648090926613,-0.22070169134282,-0.0269767292238428,0.984150303815652,1.00632723096591,0.977962509144299,0.626788372938966,0.0608948530010519,0.312316774059981,1.06401661036572,1.06255973543262,0.436207765165917,0.58061702600873,-0.016824791174647,0.0129061131477235,0.964858114064738,0.0192274093359135,0.988275235993143,-0.205760513686621,0.67,0.1,1.035,0.5,0.6,0.25,0.4,0.005,0.975,0.8,0.1,1.29223210550258,0.715788789799871,0.516892842201033,0.309420691133589,0.353605666175901,0.467319779036685,-1.42775840347329,4.78690120328991,7.21744879032518
63,0.00135082620965937,0.509016347217774,0.0975208370114943,-0.00181207441375131,-0.00556924613469767,0.0158554113940241,0.00879041454497302,0.00467293012799169,0.00408128352207269,14.2410593775851,38.4628852638848,4.12846008619625,5.35591105347159,0.564030360676003,5.18953070664151,2.29515874198167,2.98120336763025,-0.0868314029704155,16.5167163101821,46.659998116971,4.62453307799269,0.145188802101052,0.218038944972193,0.0188740340908532,1.20726418786998,4.70797276381115,0.808867005872887,0.537848466011024,0.724358512721988,0.301816046967495,0.164690611485758,0.450826492885105,-0.242800569891627,-0.0271667289317794,0.983249150052265,1.00635758034071,0.977037555298566,0.622456803251489,0.0607025084565843,0.316840688291926,1.06346676243377,1.06218934211074,0.442267108860075,0.574464924895444,-0.0167320337555189,0.0126646226591419,0.965682924275338,0.0192547040057063,0.987678995161709,-0.227875225885129,0.67,0.1,1.035,0.5,0.6,0.25,0.4,0.005,0.975,0.8,0.1,1.29947492203099,0.724269524455594,0.519789968812395,0.310926756912398,0.350287672707948,0.458239132365728,-1.43044175896815,4.78941406384752,7.2438888905171
64,0.00122942331522469,0.519611674000793,0.0977895910958234,-0.00275511517707283,-0.00549583259770114,0.0152050676745514,0.00809929759506531,0.00431029482371629,0.0037652511479118,15.6961016728016,41.877240520836,4.51677874394493,5.35582398932931,0.566725582722384,5.20864971491993,2.335558394725,2.95979533977316,-0.0867040195782302,18.0096256180438,50.0538909674051,5.01568562313908,0.145865317455849,0.215747027142759,0.01888531604999,1.20569205625781,4.74992186759457,0.807813677692731,0.539003856008322,0.723415233754684,0.301423014064452,0.167899766938663,0.453097768016584,-0.264687386429326,-0.0276415236298991,0.982386404936956,1.0062355704318,0.976298626091492,0.618275762224202,0.0604609339723633,0.321263303803434,1.06327155318193,1.06209337916504,0.448399973612144,0.568246186971447,-0.0166461605835905,0.0124090491663351,0.966090731491348,0.0192354862641676,0.987127810344044,-0.249691296541855,0.67,0.1,1.035,0.5,0.6,0.25,0.4,0.005,0.975,0.8,0.1,1.30655886426257,0.732840903202477,0.52262354570503,0.312355678438948,0.348949514641533,0.454036660050963,-1.434050284732,4.78717672697619,7.26991961756707
65,0.00096349685167358,0.529891475704694,0.0979268709857689,-0.00404589226794827,-0.00544208178083538,0.0142338775824693,0.00792901574447102,0.00421747479800081,0.00368337375632993,16.3195245466273,42.8117196828844,4.62772347121456,5.3213697899044,0.564546368325096,5.22302776489284,2.37411275928384,2.9354727966749,-0.0865577910658978,18.6706760706674,50.9320245883822,5.12458782076399,0.148040084521715,0.214804530105881,0.0188757722902334,1.20414208426751,4.78717214447445,0.806775196459232,0.537605214866817,0.722485250560506,0.301035521066878,0.171001319765491,0.455432985271796,-0.28662963014212,-0.0283576269360372,0.981586071064102,1.00596831433593,0.975762414258619,0.614319160386115,0.0601583531632169,0.325522486450667,1.06336363578524,1.06220647308758,0.454547221678908,0.562025118151967,-0.0165723398308747,0.0121385883520242,0.966121024752373,0.0191622720686643,0.986620492901873,-0.271187195828947,0.67,0.1,1.035,0.5,0.6,0.25,0.4,0.005,0.975,0.8,0.1,1.31328346645114,0.741362169113438,0.525313386580457,0.313768101979474,0.349662755058577,0.454776830122763,-1.43883245658431,4.77841647463817,7.29323735871509
66,0.000579390290562644,0.539733202615061,0.0978954324833586,-0.00573392809821327,-0.00541462580284624,0.0130579069528001,0.00817502785123866,0.00434197972565559,0.00379054775452934,16.1354756972351,41.4649978728837,4.4789116833479,5.26281945232882,0.558411401383464,5.23134373459754,2.40987569870883,2.90785074509441,-0.0863827092057033,18.5228286659784,49.5026822163991,4.96977855848094,0.151424640227968,0.214939642548551,0.0188381829552791,1.20255220231714,4.81859111286255,0.805709975552482,0.534053701365677,0.721531321390283,0.300638050579284,0.173947370193537,0.45778447909608,-0.308778699655286,-0.0291929116679214,0.980870386726223,1.00558228724202,0.975425282615539,0.610639053670371,0.0597787742502898,0.329582172079339,1.06362227776106,1.06242284129533,0.460660935501351,0.555851592366855,-0.0165125278682053,0.0118508963082992,0.965878435030266,0.0190238685600384,0.986156099012347,-0.292341709889043,0.67,0.1,1.035,0.5,0.6,0.25,0.4,0.005,0.975,0.8,0.1,1.31945372754919,0.749680971671354,0.527781491019677,0.315131636463553,0.351991313455326,0.459444269308099,-1.44503982038883,4.76197964675889,7.3119115742969
67,0.000125965840489586,0.549098440891519,0.0976634331541104,-0.0077779354306875,-0.0054209135033283,0.0118366316776874,0.00863130773825967,0.00457663385454605,0.00399370539239326,15.5794477055244,39.1632732150099,4.21565381037674,5.19464603445774,0.54988563754057,5.23335682656582,2.44248336468941,2.87703250724515,-0.0861590453687393,18.0005848251101,47.1060647033556,4.69814341299866,0.155368642457461,0.215587305802924,0.0187630104500903,1.20084826272593,4.84395420859418,0.804568336026371,0.529341481938753,0.720508957635556,0.300212065681482,0.176714887561106,0.460093976866193,-0.331106339663911,-0.0299688172439621,0.980253278727695,1.00512659566969,0.975253548111098,0.607252339127382,0.0593063482300442,0.333441312642573,1.06392028440352,1.06264568599383,0.466714471348596,0.549748966598492,-0.0164634379470875,0.0115445736391782,0.965517450499148,0.0188176621438569,0.985733822351588,-0.313133961770777,0.67,0.1,1.035,0.5,0.6,0.25,0.4,0.005,0.975,0.8,0.1,1.32493246083256,0.757665219581279,0.529972984333025,0.316374401898936,0.355020955724472,0.465954986879523,-1.45277947370045,4.73778744332122,7.32507722373199
68,-0.000361150079664049,0.558008606850553,0.0972081275941939,-0.0101038108495313,-0.00546731336917794,0.0106708699321205,0.0091249947718961,0.00483055603944214,0.00421362065752413,15.0094056728136,36.9336044768033,3.95226023713553,5.12516466896426,0.539931164495679,5.22968785968249,2.47205419557759,2.84349753664903,-0.0858638725441302,17.4614894222859,44.7775401253673,4.4249726857846,0.159336001869862,0.216300420597225,0.0186451566975237,1.19900285074672,4.86376016240514,0.803331910000303,0.524323533988989,0.719401710448033,0.29975071268668,0.179306447975145,0.462304932353802,-0.353474013170683,-0.0305749074307657,0.979734799052608,1.00463704416994,0.975212694712144,0.604150489292543,0.0587283378492442,0.337121172858212,1.06420947969814,1.06285326478254,0.472696318003087,0.543722228351473,-0.0164185463545605,0.0112219323372057,0.965141693124753,0.0185459137753171,0.985352476341581,-0.333543432031824,0.67,0.1,1.035,0.5,0.6,0.25,0.4,0.005,0.975,0.8,0.1,1.32968842074596,0.76521486044836,0.531875368298385,0.317481430266013,0.358024075839965,0.472637184188002,-1.46205180818403,4.70660470701388,7.33283577124151
69,-0.000863324675596895,0.566512833544649,0.0965186632831256,-0.0126116119748229,-0.00555837448116125,0.00959722870064161,0.00957328987210258,0.00506017992944802,0.0044122685752668,14.5546879505156,35.1165137599034,3.72718490870552,5.05730978483897,0.528921774520159,5.22129374812075,2.4989209347929,2.80784898700735,-0.0854761736794949,17.0349491838108,42.8609362997759,4.18911400564453,0.163080506569443,0.216884049749513,0.0184834960983393,1.19703396741245,4.87879737767701,0.802012758166339,0.519427710686752,0.718220380447468,0.299258491853112,0.181740208067109,0.464392476443074,-0.375724010003724,-0.030989811905678,0.979304702928604,1.00413235870102,0.975274518785015,0.601311521704487,0.0580377842916592,0.340650694003854,1.06448093379816,1.063049835674,0.478601866767652,0.537768821763374,-0.0163706885310259,0.0108895243609654,0.964795052366656,0.0182156743328217,0.985009826404471,-0.353549978989099,0.67,0.1,1.035,0.5,0.6,0.25,0.4,0.005,0.975,0.8,0.1,1.33377247768834,0.772299315214683,0.533508991075336,0.318473496600999,0.360685005893002,0.47873234794466,-1.47276769302475,4.66954130372918,7.33572829522734
70,-0.00136762295259001,0.574670536149859,0.0956008731151436,-0.0151510417753743,-0.00569626734337492,0.00862156213898735,0.00995241907562684,0.00525329454970696,0.0045790539669605,14.227094446428,33.7164577687352,3.54160229169622,4.99206055428063,0.517059532002539,5.20912296325285,2.52345434788986,2.77064765243335,-0.0849790370703582,16.7330435928518,41.3621843066599,3.99196219696286,0.166534262249774,0.217287737387071,0.0182794103344554,1.19497063735206,4.88986196635096,0.800630327025877,0.514806261233056,0.716982382411233,0.298742659338014,0.184039463715919,0.466360920849489,-0.397721385509342,-0.0312354669167154,0.978948956589455,1.00362553893265,0.975412560376417,0.598705093347701,0.0572367296625238,0.344058176989775,1.06472920383114,1.06323399566149,0.484429790905545,0.531883710939166,-0.0163135018447117,0.010555773726401,0.964491935200837,0.0178413743571192,0.984702287711848,-0.373133858596177,0.67,0.1,1.035,0.5,0.6,0.25,0.4,0.005,0.975,0.8,0.1,1.33726994462181,0.7789493124934,0.534907977848725,0.31936503783905,0.362929495341507,0.484029368831782,-1.48469413908529,4.62773355900662,7.33438271971328
71,-0.00186203008042682,0.582541476227267,0.0944804334132482,-0.017530887504419,-0.00587982537697129,0.00773608118511482,0.0102650536564447,0.00541162508911698,0.00471555461777005,14.0027522995143,32.6451967593587,3.38675836987384,4.92964540316672,0.504549862155692,5.19397281991946,2.54598400542537,2.73235026911991,-0.0843614546258125,16.5322141278545,40.193732606342,3.82498369693873,0.169704065082366,0.21751341179791,0.0180369195350115,1.19283186913799,4.89763682981772,0.799197352322455,0.510486959402754,0.715699121482795,0.298207967284498,0.186226242167538,0.468224115221187,-0.419363131381057,-0.031345584657489,0.978653740515525,1.00312865976917,0.975601415615742,0.596295131418026,0.0563382224585849,0.347366646123389,1.06495121899421,1.06340246806446,0.490180463721573,0.526061718813976,-0.016242182535549,0.0102281306929421,0.96423289383277,0.0174442064711229,0.984425129363023,-0.392275743928275,0.67,0.1,1.035,0.5,0.6,0.25,0.4,0.005,0.975,0.8,0.1,1.34027146997145,0.785222099847976,0.536108587988579,0.320154217649851,0.364774757225754,0.488544501829012,-1.49741065557807,4.58221126612624,7.32938534496201
72,-0.00233375723876849,0.590181233472496,0.0932021403404456,-0.0195510413288729,-0.00610391331735038,0.00693056601005115,0.0105196527598772,0.00553989007052946,0.00482595331786323,13.8571151799435,31.8195272490445,3.25490790675587,4.87017775610091,0.49167526809735,5.17646720574469,2.56678059531648,2.6933066790089,-0.0836200685806838,16.4081856435016,39.2728568658274,3.68072612371518,0.172608454904451,0.21756736446131,0.0177630174426358,1.19061951425274,4.90266812162565,0.797715074549336,0.506465021129251,0.714371708551645,0.297654878563185,0.188318586662852,0.46999289176109,-0.440572624432599,-0.0313510890869412,0.978407049833339,1.00265457397504,0.975816672290668,0.594041746851137,0.0553659622581031,0.35059229089076,1.06514476164903,1.06355183529859,0.495855666290793,0.520298221149685,-0.0161538874404773,0.00991186683884779,0.964015166814944,0.0170488958242174,0.98417288525082,-0.410956744255599,0.67,0.1,1.035,0.5,0.6,0.25,0.4,0.005,0.975,0.8,0.1,1.3428602935363,0.791178219800884,0.537144117414522,0.320829201158444,0.366249284018471,0.492333857273074,-1.51031545683008,4.53386768402293,7.32126935476814
73,-0.00276582580195042,0.597642177269934,0.0918295684670866,-0.0209927434322309,-0.00635957193191095,0.00620181594052172,0.0107167289958173,0.00563873104488091,0.00491090725512548,13.7804418472073,31.199463403625,3.14341428589638,4.81423454145393,0.478853730690104,5.15709604400929,2.58607522022429,2.65378149132846,-0.0827606675434663,16.3514206072129,38.5604093644963,3.55697532828557,0.175233769031497,0.217431813423144,0.0174679792425587,1.18831543285623,4.90539119681336,0.796171340013672,0.502765236192768,0.712989259713736,0.297078858214057,0.190330229250277,0.471669454679435,-0.461284412517807,-0.0312714453980703,0.978199099060989,1.00222034506904,0.976031971286319,0.591900990663657,0.0543540125478846,0.353744996788458,1.06530290706715,1.06367520109466,0.501459580772043,0.514588339770447,-0.0160479205424898,0.00960922215027192,0.963841946493461,0.0166838594485874,0.983939919504845,-0.429158423686209,0.67,0.1,1.035,0.5,0.6,0.25,0.4,0.005,0.975,0.8,0.1,1.34510898371868,0.796872217008093,0.538043593487473,0.321374235750668,0.367344905402766,0.49536748398533,-1.52262296128655,4.48348884895929,7.31056338238694
74,-0.00313923796820143,0.604971797774271,0.090443827697235,-0.0216243303964173,-0.00663408630658269,0.00554878071022813,0.0108539744480427,0.00570728238735848,0.00496975254315413,13.7688602593681,30.7630853345255,3.0519898888311,4.76250534084019,0.466587088911413,5.13623838928114,2.60406646807664,2.61397131429403,-0.0817993930895225,16.3582076609453,38.0353419735686,3.45394282808306,0.177551585733596,0.217078462368484,0.017165243430068,1.18588636607372,4.90614102437042,0.79454386526939,0.499419638342784,0.71153181964423,0.296471591518429,0.192270652233016,0.473245386809787,-0.481434454733509,-0.0311190053941762,0.978022015811339,1.00184506584196,0.976220824114558,0.589825872179215,0.0533461095547483,0.356828018266037,1.06541882685916,1.06376622625768,0.506998754869495,0.508927179032012,-0.0159259339015072,0.00931885007453218,0.963717730374722,0.0163801607647246,0.98372110575174,-0.446862819360024,0.67,0.1,1.035,0.5,0.6,0.25,0.4,0.005,0.975,0.8,0.1,1.34708208430025,0.802347623479621,0.538832833720101,0.321771232679144,0.368038217052855,0.497583083851955,-1.533371294969,4.43176781078838,7.29781949503514
75,-0.00343998024314472,0.612205901653077,0.0891358996492285,-0.021272509117761,-0.00691123446055297,0.00496387660614106,0.0109371235108139,0.00574864378675293,0.00500521434012406,13.8110747891695,30.4730716971472,2.97908817452939,4.71516558289661,0.45535041437747,5.11415435273884,2.62090486998948,2.57401252477026,-0.0807630420208981,16.4173941830275,37.6606449433712,3.37054585296515,0.179559080837465,0.216497650761994,0.0168703060791886,1.18329468359287,4.90513989473705,0.792807438007225,0.496414841354086,0.709976810155724,0.295823670898218,0.194144556968991,0.474704925802427,-0.500962352153934,-0.0309074512627873,0.977869585977338,1.00154281985564,0.97636323339454,0.58777136918316,0.0523915297801998,0.35983710103664,1.06549309448869,1.06382468625153,0.512480595855793,0.5033114660279,-0.0157920618836921,0.00903658492470788,0.963639636216793,0.0161647983901124,0.983512358908881,-0.46405245917599,0.67,0.1,1.035,0.5,0.6,0.25,0.4,0.005,0.975,0.8,0.1,1.34883643466508,0.807635333551779,0.539534573866031,0.322004456635743,0.368336503125129,0.499001021073649,-1.54152860891305,4.37927510546733,7.28358710771909
76,-0.00366364728618788,0.61936741121032,0.0879878257291687,-0.0199604734947511,-0.0071728200701543,0.00444115052137328,0.0109704471998928,0.00576508868741091,0.00501928275337659,13.900419850401,30.3064643228901,2.92444614076159,4.67215363142538,0.445524569338968,5.09103179843951,2.63671336227892,2.53400550152891,-0.0796870653683161,16.5224385775071,37.4134066168814,3.3068818208301,0.181258549656243,0.215691620746252,0.0165981760978512,1.18050867203284,4.90253759286368,0.790940810262005,0.493722657689285,0.708305203219706,0.295127168008211,0.195953184829028,0.47603235055283,-0.519810997643871,-0.0306460656906375,0.977737480855981,1.00131803447738,0.976450485450701,0.585701193497696,0.0515345745428414,0.362764231959462,1.06552669866329,1.06385094635094,0.517913355616308,0.497739083520468,-0.0156524391367757,0.00875656552563885,0.963605216185401,0.0160479851674665,0.983310948069137,-0.48071037903494,0.67,0.1,1.035,0.5,0.6,0.25,0.4,0.005,0.975,0.8,0.1,1.35041693451,0.812756326668989,0.540166773803999,0.322078454029981,0.368262218245079,0.499659375669919,-1.54628355963376,4.32644756346887,7.26839398701678
77,-0.00380642039605504,0.626481926472725,0.0870587720604199,-0.0178831621803358,-0.00740243485416625,0.00399927986126669,0.010928607218639,0.00574391937108214,0.00500104739616381,14.0688109434277,30.3335464521557,2.89631409199088,4.63449599996814,0.437467273512066,5.06712955095756,2.65167995782407,2.49406068126562,-0.0786110881321307,16.7053580792173,37.3650155540895,3.27153136168758,0.182566304329306,0.214621647003467,0.0163610843167629,1.17750133907413,4.89853589477585,0.788925897179665,0.491428418275946,0.706500803444476,0.294375334768532,0.197699126363736,0.477216670876237,-0.537907147262759,-0.0303241970533982,0.977622891395093,1.00117454750196,0.976475973979127,0.583586955860481,0.0508063637676919,0.365606680371827,1.06550091514602,1.0638303317362,0.523310077462504,0.492203851546343,-0.015513929008847,0.00847274743351154,0.963635515886105,0.0160240645884239,0.983115502073821,-0.496820139581108,0.67,0.1,1.035,0.5,0.6,0.25,0.4,0.005,0.975,0.8,0.1,1.35185663294413,0.817730187564929,0.540742653177653,0.322028248106333,0.367762926926655,0.499351664317605,-1.54726853690167,4.27367448195994,7.25282140667473
78,-0.00385850736598728,0.633599750524603,0.086380873986581,-0.0153158300788168,-0.00758824558791604,0.00368711920144316,0.010747755746625,0.0056528871189729,0.004922729513255,14.4027648295349,30.7493803268048,2.91407113902925,4.60470792501086,0.431540301009162,5.04293432901105,2.66616662525795,2.45434133574539,-0.0775736319922924,17.0528178728089,37.7131226328402,3.28420506202996,0.183279527853878,0.213188034205692,0.0161672539838429,1.1742494225573,4.89352589261975,0.786747113113392,0.489785465257046,0.704549653534381,0.293562355639325,0.199393109837839,0.478252124186837,-0.555141217143084,-0.0299142675631238,0.977522537094992,1.00112220009718,0.976426790855402,0.581401898224405,0.0502220041060813,0.368376097669513,1.06537222107975,1.06372947744465,0.528693504874731,0.486689132877664,-0.0153826377523956,0.00818105318064157,0.963781738146387,0.0160783770523361,0.98292559220128,-0.51236584242579,0.67,0.1,1.035,0.5,0.6,0.25,0.4,0.005,0.975,0.8,0.1,1.35318979094514,0.822584387232676,0.541275916378057,0.3219157473225,0.366679288211417,0.49753371354269,-1.54461442495281,4.22141954341898,7.23762112179679
79,-0.00381859750717301,0.640787694032083,0.0859621305679327,-0.0125340233229579,-0.00772382520268378,0.00353316327048936,0.0103843487936299,0.00546950655838784,0.00476483187642235,14.9854036311344,31.7332261438105,2.9947805475571,4.58413306164656,0.42787358343979,5.01909480816184,2.68065984913698,2.41504248378068,-0.0766075247558093,17.6482747407737,38.6384710872172,3.36206628773631,0.183265847913095,0.211333381056575,0.016019681495233,1.17075232772979,4.88803668688877,0.784404059578959,0.488976453055123,0.702451396637874,0.292688081932447,0.201054587410802,0.479140076501767,-0.571393275364797,-0.0294112869635925,0.977430467170959,1.00116230950529,0.976295709387963,0.579122688042919,0.0497826201243976,0.371094691832683,1.06511607031685,1.06353064594936,0.534092291856653,0.481170923460826,-0.0152632153174793,0.00788016924090824,0.964076077027478,0.0161934749081109,0.982741201186968,-0.527332145837134,0.67,0.1,1.035,0.5,0.6,0.25,0.4,0.005,0.975,0.8,0.1,1.35446957229351,0.827355043058265,0.541787828917403,0.321792654850282,0.364919878671569,0.493851978879087,-1.53884075535561,4.17017418526987,7.22365452304992
80,-0.00369818609496779,0.648109035126087,0.0857925117218869,-0.00976534916793514,-0.00780757388641351,0.00352875365251926,0.00983824045511029,0.00519271442883728,0.00452618840164594,15.8779402385017,33.4076851956511,3.15002154594706,4.57225838849121,0.42634247412364,4.99626730957125,2.69566069522166,2.37634359811355,-0.0757369837639555,18.5534278134402,40.2633460863036,3.51654357633521,0.182533095238842,0.20907607294831,0.0159165400284648,1.16703584556772,4.88261005329966,0.781914016530371,0.48901543601302,0.700221507340631,0.291758961391929,0.202706215522025,0.4798968476298,-0.586564251069034,-0.02883510845628,0.977338924541102,1.00128332297456,0.976086290579252,0.57673401457994,0.0494794597062604,0.373786525713799,1.06473998485258,1.06324105228342,0.539534922412591,0.475623790897051,-0.0151587133096417,0.00757084840343194,0.964514271581725,0.016352975893371,0.982562338201996,-0.541704279880576,0.67,0.1,1.035,0.5,0.6,0.25,0.4,0.005,0.975,0.8,0.1,1.35576192276412,0.832093886432777,0.542304769105649,0.321679745958321,0.362517326293974,0.488335139663659,-1.53067523803969,4.12034584061136,7.21176529858563
81,-0.00352186003226472,0.655601523094796,0.085849045748419,-0.00718770265685376,-0.0078414976556227,0.00362838663695042,0.00915476540146161,0.00484428826478476,0.00422527753320174,17.1086962708325,35.8174444511489,3.38435448307983,4.56665536038503,0.426588958863871,4.97495547823528,2.71156706317331,2.33836513372307,-0.0749767186610986,19.7971347080777,42.6302191095792,3.75181920303817,0.181238145240955,0.206513097729746,0.015852479755561,1.16314949268181,4.87766790675786,0.779310160096812,0.489727580202585,0.697889695609086,0.290787373170452,0.204366771169088,0.48055122668921,-0.600602124131661,-0.0282238224412207,0.97724039047523,1.00146053066757,0.975815182475341,0.574233927675745,0.0492974347273294,0.376468637596925,1.06428417356392,1.06289327007003,0.54504348331142,0.470027348777404,-0.0150708320888243,0.00725463902373096,0.965054630301126,0.0165418512799358,0.982388897416597,-0.555468060994984,0.67,0.1,1.035,0.5,0.6,0.25,0.4,0.005,0.975,0.8,0.1,1.35713012160589,0.83685620707623,0.542852048642356,0.321568045948906,0.35963235151504,0.481416317698691,-1.52090507499639,4.07214729228519,7.20263733117793
82,-0.00332159286625434,0.663264022348264,0.0861000109559976,-0.00492974973375238,-0.00783019085031622,0.00376603056484393,0.00840796707205848,0.00446103022131039,0.00389365041059724,18.6630745926846,38.9102003968111,3.69352938449457,4.56364261754852,0.42809724884963,4.95540193259606,2.72859195369944,2.30114268428859,-0.0743327053919747,21.3652592802902,45.683283101038,4.06311427942776,0.179638442425097,0.203794563967524,0.0158203514755373,1.15915720540806,4.87341940988382,0.776635327623399,0.490801324895243,0.695494323244835,0.289789301352014,0.206045708518903,0.481138166045613,-0.6135118005326,-0.0276191948451178,0.977129813487522,1.00166179916941,0.975508713916978,0.571636309517101,0.0492178925122685,0.37914579797063,1.06380791202368,1.06253451388188,0.550629795691634,0.464370542606625,-0.0150003382982589,0.00693241613775966,0.96563311122386,0.0167465948392626,0.982220790759649,-0.56860990599012,0.67,0.1,1.035,0.5,0.6,0.25,0.4,0.005,0.975,0.8,0.1,1.35861790913785,0.84168580273017,0.543447163655138,0.321434963343743,0.356510880387712,0.473797793320164,-1.5102781041152,4.02553624739568,7.19668256460753
83,-0.00312889243535265,0.671055763515441,0.0865085443624529,-0.00307204233995162,-0.00777999780880045,0.00387617707401278,0.00767732443667984,0.00408343697170506,0.00356627552307372,20.4708922384595,42.5117566720204,4.06167278998974,4.55925799897898,0.430292149545702,4.93755376234437,2.74673497046004,2.26462277101078,-0.073803979126455,23.1879073223278,49.2444815892861,4.43397374202117,0.178021182031098,0.201086850542268,0.0158127816121866,1.15512492891681,4.86982738440293,0.773933702374264,0.491873048242543,0.693074957350087,0.288781232229203,0.207741068622837,0.481690999107844,-0.625348579408651,-0.0270539960550216,0.97700597829919,1.00185546310247,0.975196537106931,0.568969223781867,0.049220699336404,0.381810076881729,1.0633706427977,1.06221159784595,0.556294696263781,0.458652782319261,-0.0149474785830416,0.00660383031453547,0.966183796426728,0.0169554993120724,0.982058168866858,-0.581116845451608,0.67,0.1,1.035,0.5,0.6,0.25,0.4,0.005,0.975,0.8,0.1,1.3602382519568,0.84660290745799,0.54409530078272,0.321262839118,0.353423071296667,0.466255850251544,-1.49945003060672,3.98022015313609,7.19398239274571
84,-0.00297163502970125,0.678899810364124,0.0870363485131607,-0.00164408036073316,-0.00769829112750942,0.00390083597281943,0.00703952951950536,0.00375154536415429,0.0032779564057401,22.3653526642869,46.2395815993871,4.45212784919319,4.54958118844523,0.432577586070144,4.92105141795043,2.76576976469993,2.228666554422,-0.0733849011714999,25.0983638335513,52.9273780552707,4.82714371505869,0.176680825882893,0.198559633165937,0.0158231809668606,1.15111297149246,4.86659251943736,0.771245690899949,0.492555027686605,0.690667782895477,0.287778242873115,0.209439421318449,0.482234770750441,-0.636208884382413,-0.0265510381896844,0.976871806419431,1.00201350679515,0.97490882088393,0.566271886428648,0.0492862372604087,0.384441876310943,1.06302513428847,1.06196543161712,0.562028219151873,0.452884224320591,-0.0149124434724636,0.00626709910673508,0.966646107887283,0.0171594818736687,0.981901675142786,-0.59297653654018,0.67,0.1,1.035,0.5,0.6,0.25,0.4,0.005,0.975,0.8,0.1,1.36197065293851,0.851595818736102,0.544788261175406,0.321046641951124,0.350643635901138,0.459577472616407,-1.48895320987406,3.93568285453426,7.19424686831703
85,-0.0028705850694746,0.686689992100134,0.0876489740317827,-0.000607441637263784,-0.00759273029736784,0.0037948601380664,0.00656266512365747,0.00350168384595358,0.00306045822779796,24.0521995818464,49.4435766485156,4.80059347864507,4.53125128029992,0.434409394758577,4.90524146795286,2.78524864826984,2.19306023092259,-0.0730674112395775,26.8022257743122,56.0784379172406,5.17778185739028,0.175894170331351,0.196369094233157,0.0158463952262145,1.1471677380555,4.86315662205378,0.768602384497183,0.492467632777822,0.688300642833298,0.286791934513874,0.211116626135406,0.482783047766552,-0.646215796934222,-0.0261202763000236,0.976734334215863,1.00211506200518,0.97467284072297,0.56359017024803,0.0493981001966376,0.387011729555332,1.06281047190813,1.06182482783366,0.567810711563928,0.447085071138729,-0.0148957827026572,0.00591878727310092,0.966970575290216,0.0173544002005898,0.981752739466033,-0.60417727517257,0.67,0.1,1.035,0.5,0.6,0.25,0.4,0.005,0.975,0.8,0.1,1.36376116027526,0.856620773840119,0.545504464110103,0.320789568083292,0.348425335641922,0.454493124881382,-1.47915427817508,3.89123222280021,7.19680680342695
86,-0.00283802636324692,0.694300895513858,0.0883189861531608,0.000116957128507789,-0.0074702051936435,0.00353046248816158,0.00630114906791792,0.00336339629679664,0.00293973373622605,25.1460519609916,51.297784469694,5.0229572747516,4.50208457072475,0.435374714706297,4.88923312689472,2.80453604388157,2.15753966610328,-0.0728425830901334,27.9137368491782,57.869360633092,5.40136798440814,0.175888621550497,0.194637552436854,0.0158785780403746,1.14331573544631,4.85874560424297,0.76602154274903,0.491285004229738,0.685989441267788,0.285828933861578,0.212739777245423,0.483335916882112,-0.655501918616046,-0.0257574229062941,0.976604183221787,1.00214778350494,0.974511144260766,0.560972089610517,0.0495444862146209,0.389483424174862,1.06274513999723,1.06180018345136,0.573614710324535,0.441283859829338,-0.0148985701538727,0.00555446823356487,0.967123932194133,0.0175400459786759,0.981613738093475,-0.614708007572029,0.67,0.1,1.035,0.5,0.6,0.25,0.4,0.005,0.975,0.8,0.1,1.36552523188966,0.86160421495781,0.546210092755865,0.320491325141419,0.346964770692944,0.451594626711328,-1.47024600829622,3.84607310428093,7.20065571422739
87,-0.00287808809522246,0.70159996182638,0.0890257762797008,0.000607785283661233,-0.00733620276936786,0.00309950158999972,0.00629160735088127,0.00335680183102852,0.00293351978158372,25.3168427924903,51.1271321182959,5.04719629586083,4.461571283058,0.435251647899136,4.87200736096733,2.82287625414472,2.12183200850839,-0.0727009016857898,28.1022568378572,57.6243419329206,5.42566331950016,0.176808283020905,0.193433363850198,0.0159162774259845,1.13956214929376,4.85246301389664,0.763506640026821,0.48878850776286,0.683737289576257,0.284890537323441,0.214270491798802,0.483879799234924,-0.664192942505566,-0.0254451669905019,0.976494396101327,1.0021075214643,0.974440741323298,0.55846399318357,0.0497176905174289,0.391818316299001,1.06282367293139,1.06188056598179,0.579407222703718,0.435514943055252,-0.01492216575897,0.00517034690087629,0.967092058474868,0.0177174762106839,0.981487834123139,-0.62455834117707,0.67,0.1,1.035,0.5,0.6,0.25,0.4,0.005,0.975,0.8,0.1,1.36715464084692,0.866447622659658,0.546861856338768,0.320133080606488,0.346366759918604,0.451250683457025,-1.46227431180264,3.79940700637245,7.20455409233742
88,-0.00298268257096391,0.70846660941572,0.0897561943988663,0.000950693598920527,-0.00719484474405985,0.00252186491521122,0.00653703113415118,0.00348400326439962,0.003043803171037,24.5242780285725,48.9056681207922,4.8646501029155,4.41164325951359,0.434113498100789,4.85261537626694,2.83952654536453,2.08572043690698,-0.0726316060045695,27.3267704084509,55.3191072325583,5.24208787242653,0.178635904935055,0.19273188596684,0.0159558774148104,1.13588849218936,4.84346576124739,0.761045289766871,0.484976505131344,0.681533095313616,0.28397212304734,0.215670070421176,0.484388819145519,-0.672383480294064,-0.0251490890108165,0.97641870987259,1.00200240401618,0.97446743237237,0.556104615000261,0.0499138339300701,0.393981551069669,1.06301241482893,1.06203176569659,0.585153844910989,0.429813672659847,-0.0149675175708364,0.00476528470478687,0.966889023751821,0.0178897914915882,0.981378422459236,-0.633718554897669,0.67,0.1,1.035,0.5,0.6,0.25,0.4,0.005,0.975,0.8,0.1,1.36852899479447,0.871039020500292,0.547411597917787,0.319668439758901,0.346574872367765,0.453411852534856,-1.45513979363571,3.75059005202825,7.20725764354993
89,-0.00312876566490066,0.714821588537199,0.0905002801081733,0.00118288051562265,-0.00704876112022679,0.00185805863368071,0.00697676166630262,0.00371332919284201,0.00324309635878508,23.1376406296758,45.4821017599447,4.55598501976777,4.35690727290048,0.43236012660661,4.83049900762252,2.85398613630637,2.04913518628434,-0.0726223149681828,25.9558056610214,51.8067370561736,4.93171686351891,0.18108746402537,0.19237546018068,0.0159940321127164,1.13225502001673,4.8312488029332,0.758610863411208,0.480203376398573,0.679353012010037,0.283063755004182,0.21690856898607,0.484828240274616,-0.680102807320708,-0.0248109162593224,0.976389015664819,1.00185559050677,0.974580593168049,0.553917845547593,0.0501297201789731,0.395952434273433,1.06325125068738,1.06220271839182,0.590826358061082,0.424207764674028,-0.0150341227351097,0.00434184855452988,0.966570580483345,0.0180574097332841,0.981288390048691,-0.642179608708811,0.67,0.1,1.035,0.5,0.6,0.25,0.4,0.005,0.975,0.8,0.1,1.3695367815082,0.875271024704617,0.547814712603281,0.319052890293713,0.347299625254898,0.457346510213183,-1.44868781850181,3.69934856360983,7.20790147822525
90,-0.0032836396329963,0.720648855582303,0.0912469662904271,0.00129377750559567,-0.00689994397836535,0.00119586527214666,0.00748856103773332,0.00398058531106912,0.00347552248508603,21.6935532904589,42.0267069627252,4.23811145905919,4.30285937868474,0.430530004518808,4.80573604058765,2.8661861024613,2.01221024549941,-0.0726603073730619,24.5254251747542,48.2628778624414,4.61201030171171,0.183660143587085,0.192114502772069,0.0160291455067727,1.12861786211134,4.81586447448971,0.756173967614599,0.475119567161972,0.677170717266805,0.282154465527835,0.217974361753036,0.485160740374588,-0.687299151168867,-0.0243656542070626,0.976411857766794,1.00169994216884,0.974754830925425,0.551908110791063,0.0503599407807655,0.397731948428171,1.06347954563564,1.06235156690968,0.596409390414449,0.418710105695656,-0.0151194961101048,0.00390569176267078,0.966222103425978,0.0182171432482887,0.981219539546394,-0.649933152571899,0.67,0.1,1.035,0.5,0.6,0.25,0.4,0.005,0.975,0.8,0.1,1.37010845252982,0.879060718421397,0.548043381011927,0.318291587683814,0.348091464893868,0.461768646730307,-1.44281955551492,3.64591533654988,7.20632605398792
91,-0.00342739223291567,0.725975398997507,0.0919826651729916,0.00125768655741587,-0.00675060674191463,0.000590813388474887,0.00797286389736774,0.00423326865784293,0.00369527589485577,20.4834966193252,39.152040976325,3.97420871686237,4.25218566970213,0.428881593344084,4.77886495857476,2.87638165764208,1.97521777546595,-0.0727344745332594,23.3269866178411,45.3028557736285,4.34641704582199,0.185982889540861,0.191779159571327,0.016061210148798,1.12496384621766,4.7977771741812,0.753725776965833,0.470230519622876,0.674978307730597,0.281240961554415,0.21887454866699,0.485357969529954,-0.693890523337027,-0.0237948425882136,0.976485994309769,1.00155547080592,0.974969457781527,0.550067693919156,0.0505966925122454,0.399335613568598,1.06367823633947,1.06247498523253,0.60189640899579,0.413323622363896,-0.0152200313596864,0.00346394836759722,0.965899854253045,0.0183641533409939,0.98117236227977,-0.656971534675237,0.67,0.1,1.035,0.5,0.6,0.25,0.4,0.005,0.975,0.8,0.1,1.37024185440821,0.882360434716399,0.548096741763284,0.317435969651788,0.348646469682535,0.465730786890895,-1.43753417312122,3.59086308340124,7.20291794648055
92,-0.00355358192644097,0.730846219355538,0.0926932646377521,0.00107088171042435,-0.00660346696540171,6.15743891454468e-05,0.00838706911679235,0.00444898648914214,0.00388281182658032,19.5526750235684,36.9328978381013,3.77319013912336,4.20548811619553,0.427440989047313,4.75056696546228,2.88494449942107,1.93845759849271,-0.0728351324515024,22.405912191667,43.0022985764947,4.14388592499878,0.187919934193848,0.191316645390218,0.0160899292796118,1.12130938133388,4.7775880758185,0.751277285493702,0.465748729045013,0.67278562880033,0.280327345333471,0.219627265516305,0.485415663808674,-0.699806739156543,-0.0231166451793668,0.976604845576946,1.00142865016393,0.975211609351383,0.548384067785658,0.050831509518383,0.400784422695959,1.06384608163254,1.06257869275737,0.607284250573727,0.408047631490252,-0.0153318820639789,0.0030234432710892,0.965625145779413,0.0184950355884082,0.98114613771433,-0.663287808985443,0.67,0.1,1.035,0.5,0.6,0.25,0.4,0.005,0.975,0.8,0.1,1.36998379352507,0.885174629103931,0.547993517410026,0.316534555673445,0.348873456814205,0.468880334544357,-1.43287368684501,3.53485396889828,7.19824508152013
93,-0.00365409015234245,0.735326442219904,0.0933654772830105,0.000743806922945067,-0.00646134707244961,-0.000370770872434423,0.00869918361183005,0.00461148119688118,0.00402408786597813,18.9077142552415,35.3587798901173,3.63509590442483,4.16378983639714,0.426274411197382,4.72157707247395,2.89231825443925,1.90221191085436,-0.0729530928196629,21.7691494307578,41.3519854291142,4.0045318106715,0.189373827977174,0.190693903267267,0.0161145878689504,1.11767248263675,4.75595202104561,0.748840563366619,0.461823806601785,0.670603489582047,0.279418120659186,0.22025690690013,0.485350451844807,-0.704978438153713,-0.0223413736406411,0.976760185530017,1.0013276393969,0.97546511960693,0.546838966878481,0.0510558811395577,0.402105151981961,1.06396437239731,1.06264913208815,0.61257461438065,0.402876386778468,-0.0154510011591186,0.00258960990302356,0.965422306606922,0.0186075988194984,0.981139204507127,-0.668875742102347,0.67,0.1,1.035,0.5,0.6,0.25,0.4,0.005,0.975,0.8,0.1,1.36939868722455,0.887556449415687,0.547759474889819,0.315626476505269,0.348720400003321,0.470955985129158,-1.428887156413,3.47855955056157,7.19294005606026
94,-0.00373525439570726,0.739474653227107,0.0939867721675639,0.0002854325761803,-0.0063269045433979,-0.000721277660607034,0.00892283634546085,0.00472793664594722,0.00412535179582903,18.4728110971357,34.2549796444192,3.54259745176177,4.12613780766872,0.425238265799786,4.69249887094471,2.89887723407582,1.86670127874012,-0.0730796418712276,21.3413252696306,40.1765196317617,3.9108898722484,0.1904251527785,0.189952039476637,0.0161337965580679,1.11408364999208,4.73341758941212,0.746436045494692,0.458387754043648,0.668450189995247,0.278520912498019,0.22078821435936,0.485184906951636,-0.709368908462658,-0.0215023709285241,0.9769428817355,1.00124606933231,0.975727058171603,0.545416438082268,0.0512619305024824,0.403321631415249,1.06404357069789,1.06269470149735,0.61776833917324,0.39780537621404,-0.0155737153872804,0.00216636556572922,0.965280216961936,0.0186997450053093,0.981149250795287,-0.673729819410601,0.67,0.1,1.035,0.5,0.6,0.25,0.4,0.005,0.975,0.8,0.1,1.36856169593866,0.889567811079527,0.547424678375464,0.314732519823588,0.34826973705546,0.472142176233646,-1.42561236291498,3.42252478730492,7.18750745875867
95,-0.00382427417838838,0.743305703311775,0.0945435906718873,-0.000314957929873128,-0.0062026455664872,-0.0010540073782408,0.00913642710322526,0.00483866941571773,0.00422150413296666,18.0737749666306,33.2563684380034,3.45755445413373,4.08906742916138,0.423900627908032,4.66357152124654,2.90474025499992,1.83203749979959,-0.0732062335529683,20.9486748258074,39.10755318132,3.82439354163097,0.191396040455883,0.189228521502944,0.0161446931421798,1.110591627261,4.71022939666884,0.744096390264871,0.455075096599891,0.666354976356601,0.27764790681525,0.221236436279033,0.4849476831175,-0.7130128517789,-0.0206571970446455,0.977145217526107,1.00115660445072,0.976016352668635,0.544114255327449,0.0514425154344172,0.404443229238133,1.06413348609102,1.06275286560087,0.622857447723563,0.392840013593252,-0.0156974613168151,0.00175656578949932,0.965138207742455,0.0187677525543154,0.981173501565325,-0.677845250521941,0.67,0.1,1.035,0.5,0.6,0.25,0.4,0.005,0.975,0.8,0.1,1.36753702550409,0.891260757036511,0.547014810201634,0.31383949649123,0.347773504645757,0.473233390051859,-1.42306869978582,3.36700882555828,7.18207166051884
96,-0.00396191223502581,0.746767235588067,0.0950195029524445,-0.00108815726086187,-0.00609128186562258,-0.0014627056389358,0.00946241000997446,0.00500645732364505,0.0043668634943697,17.4902539436453,31.9170260839785,3.33218138346611,4.04780476792484,0.421657382191053,4.63454318646196,2.90965883246516,1.79820823819542,-0.0733238841986241,20.3710732692555,37.6945630228371,3.69665768093658,0.192759447616745,0.188716221107054,0.0161427994780405,1.10725502005381,4.68622185231287,0.741860863436056,0.451327695725961,0.664353012032289,0.276813755013454,0.221598954471648,0.484668575067381,-0.7160316778832,-0.0198674595906657,0.977364020022434,1.0010182782038,0.976369803932243,0.542951026345444,0.0515909366508637,0.405458037003691,1.06430638215877,1.06287652185712,0.627819984710599,0.388001182823843,-0.0158211675344426,0.00136256070322638,0.964903757192422,0.0188058398397199,0.981208782608111,-0.681217974002723,0.67,0.1,1.035,0.5,0.6,0.25,0.4,0.005,0.975,0.8,0.1,1.36634950011874,0.892656154146429,0.546539800047497,0.312899910836766,0.347575033382451,0.475411583998248,-1.42125514593456,3.31191608624263,7.17622680257457
97,-0.00416921874747688,0.74977590496545,0.0953958550767195,-0.00205906050801208,-0.00599609940951118,-0.00199133198777113,0.00996815232984034,0.00526568529908123,0.00459117525496045,16.6510903854938,30.0999987715215,3.15094607528729,4.00060324443831,0.418223346013434,4.60493638414698,2.91320997681218,1.76514890441655,-0.0734224970817459,19.5371910200342,35.7988748197403,3.51187053732852,0.194749696184343,0.18850560886124,0.0161236131095344,1.10410621035239,4.66104266930972,0.7397511609361,0.446856219999109,0.662463726211432,0.276026552588097,0.221859038456043,0.484369451438832,-0.718570011374168,-0.019142115541503,0.977602540080244,1.00080993515879,0.976811386195062,0.541954966824956,0.0517002574733418,0.406344775701702,1.06459000081659,1.06308255678752,0.632627626918199,0.383316675229929,-0.0159443021481276,0.000986635151567758,0.964531034274973,0.0188082496844686,0.981251489277634,-0.683844661382065,0.67,0.1,1.035,0.5,0.6,0.25,0.4,0.005,0.975,0.8,0.1,1.3649679516177,0.89374483322205,0.545987180647081,0.311867172380104,0.347825226080315,0.479272056218853,-1.42015728102717,3.2570029106988,7.16930584817158
98,-0.00443420814331198,0.752277394680065,0.095653774143939,-0.00323316532962181,-0.00592082898465618,-0.00260426625525989,0.0106158682954667,0.00559654215675619,0.00487722376188519,15.6847964166672,28.0682986500844,2.94151758658352,3.94983241108487,0.413786837503914,4.57448130796409,2.91512271195526,1.73284992252483,-0.0734913265159937,18.5751090799201,33.6857938255102,3.2978976825128,0.197190911565971,0.188523965227726,0.0160845849413612,1.10113875267845,4.63451988454034,0.737762964294561,0.441860698969147,0.66068325160707,0.275284688169612,0.222000960268382,0.484051840882907,-0.72072182818332,-0.0184377091157254,0.977866991679339,1.00054362081597,0.977335691653165,0.541145696804489,0.0517626282611011,0.407091674934409,1.06495213866569,1.06334446370461,0.637257541500952,0.378807957856985,-0.0160654993579374,0.000631612920357826,0.964052437655288,0.0187707404441202,0.981297440411154,-0.685722720436648,0.67,0.1,1.035,0.5,0.6,0.25,0.4,0.005,0.975,0.8,0.1,1.36333517692391,0.894494484094162,0.545334070769564,0.310737408081895,0.348379311414607,0.484389447653878,-1.41977579162497,3.20218738272789,7.16085071605787
99,-0.00472312952436296,0.754285626135416,0.0957759896309058,-0.00459905823507301,-0.00586924517121223,-0.00321537750657419,0.0112933186110363,0.00594129802234552,0.00517501302255539,14.7853542406522,26.2070401108779,2.74546680199219,3.89986820175606,0.408788339092227,4.54336575944244,2.91547753544437,1.70140855837339,-0.0735203343753244,17.6784559142499,31.7447472324217,3.09676062501807,0.199648767118972,0.188605416561859,0.0160258183089743,1.09832413528159,4.60687169827431,0.735877170638668,0.436859877814414,0.658994481168956,0.274581033820398,0.222024628965578,0.483702115491108,-0.722500420000829,-0.0176969640304642,0.978160953755759,1.00025325482802,0.977913292493055,0.540522537994382,0.0517690809942208,0.407708381011397,1.06532755525533,1.06361473388925,0.641699939945606,0.374481969706649,-0.0161819096522546,0.000300185687440072,0.963552200282159,0.0186908375510953,0.981341884874909,-0.686850297748925,0.67,0.1,1.035,0.5,0.6,0.25,0.4,0.005,0.975,0.8,0.1,1.36141810731732,0.894878717335067,0.544567242926929,0.309563507815859,0.348931641706713,0.489685217222433,-1.42015915607101,3.14771066658292,7.15088938866547
100,-0.00499518736545874,0.755892245332987,0.0957504510970044,-0.00610989216918945,-0.00584480207381888,-0.00372726360959486,0.0118698205914234,0.00623375654872173,0.00542743416563497,14.0945483593103,24.7874664560464,2.59250479482252,3.85505636693039,0.403694917064298,4.51222138718491,2.91471665933996,1.6710058997312,-0.0735011718862481,16.9889696094671,30.2513456715036,2.938647879412,0.201656189496809,0.188579735473136,0.0159493394114327,1.0956291880593,4.57868616486249,0.734071555999729,0.432418033957931,0.657377512835578,0.273907297014824,0.221951598679886,0.483308769322225,-0.723842290513164,-0.0168742189123103,0.978482222597334,0.999979836697714,0.978501952427989,0.540060996610211,0.0517110840453255,0.408227919344463,1.06564178759203,1.06383989676102,0.645960472433707,0.370328881627112,-0.0162893540608186,-7.18838252654024e-06,0.963128793123068,0.0185700169571389,0.98137996086681,-0.687226280536223,0.67,0.1,1.035,0.5,0.6,0.25,0.4,0.005,0.975,0.8,0.1,1.3592382353239,0.894915152836066,0.543695294129559,0.308431735785174,0.349182289883533,0.493979416745016,-1.42138137776851,3.0941058699287,7.13992483419665
101,-0.00502291420214821,0.757452615442061,0.0957303919911521,-0.00605817785311835,-0.00584990978059918,-0.00379770975567628,0.0119191082705463,0.00626108958919504,0.00545171024211345,14.0189601470982,24.5822077496017,2.56982977555708,3.83369792077937,0.401277244731381,4.4826390132633,2.9141638112466,1.64191534986274,-0.073440147846037,16.9128721739906,29.9962615752754,2.91355071669157,0.201586434274822,0.187809379757628,0.0158838442491419,1.09281363645464,4.55164051286217,0.732185136424605,0.430625037168457,0.655688181872781,0.273203409113659,0.221838218629048,0.482816311698594,-0.724689681471646,-0.0161688915643037,0.978786083389475,0.999951971226841,0.978833095542181,0.539612113854351,0.0516572791824512,0.408730606963197,1.06559988204576,1.0637936113419,0.650100042085803,0.366283197251376,-0.0163832393371789,-0.000125576544769599,0.963128793123068,0.0185700169571389,0.981407385891408,-0.687226280536223,0.67,0.1,1.035,0.5,0.6,0.25,0.4,0.005,0.975,0.8,0.1,1.35687305311725,0.894746984551413,0.5427492212469,0.307485111498824,0.348045151203408,0.493201220658705,-1.42168052612004,3.04276962600938,7.12979102029665
102,-0.00504978466172112,0.758967358775196,0.09571463652844,-0.00601753977090935,-0.00585392160176956,-0.00386584193352923,0.0119475481458614,0.00627671078410689,0.00546552375478831,13.9690372805254,24.434605264232,2.55366641607959,3.81290993303745,0.398944873104639,4.45464381517308,2.91379997089702,1.61419298023701,-0.0733491359609512,16.862574195883,29.8005913312189,2.8950853179271,0.201466474169694,0.187049763577333,0.0158231647038227,1.09009825242972,4.52601001803816,0.730365829127909,0.429226160082256,0.654058951457829,0.272524563107429,0.221729529709146,0.482199219263025,-0.725425154322911,-0.0158596267102444,0.979056697656425,0.99992496641497,0.979130165302939,0.539175989486158,0.0516070338585296,0.409216976655312,1.06558020562014,1.06377318231373,0.654103917562364,0.362361851415805,-0.0164657689781693,-0.000132246500575342,0.963128793123068,0.0185700169571389,0.981436438405503,-0.687226280536223,0.67,0.1,1.035,0.5,0.6,0.25,0.4,0.005,0.975,0.8,0.1,1.35459635326855,0.894326210116603,0.541838541307418,0.306608683366666,0.346917828732682,0.492321887074083,-1.42130113817475,2.99381465739111,7.12042788330198
103,-0.00507581653617052,0.760437252544573,0.0957022612812251,-0.00598560856864183,-0.00585707269431202,-0.00393171387904534,0.0119741761910988,0.00629133192978779,0.00547845066838331,13.9224056708211,24.2955742460564,2.53851945064833,3.79305604982263,0.396729611980047,4.42816280513692,2.91361937288907,1.58778059674418,-0.0732371644963299,16.8157492472607,29.6157031747768,2.87777766630346,0.201354785935608,0.18632227043833,0.0157657681714143,1.08750561897323,4.5017190554551,0.728628764712065,0.427897786356334,0.652503371383938,0.271876404743308,0.221630582385036,0.481598776427287,-0.726059621702113,-0.0155673300499415,0.979315906970599,0.999898804381149,0.979415019479608,0.538752605906676,0.0515598426564216,0.409687551436902,1.06556201205422,1.06375437286034,0.657974763139636,0.358564187143901,-0.0165389502835374,-0.00014406662182139,0.963128793123068,0.0185700169571389,0.981468266010399,-0.687226280536223,0.67,0.1,1.035,0.5,0.6,0.25,0.4,0.005,0.975,0.8,0.1,1.35243664109214,0.893914518736844,0.540974656436858,0.305776111003139,0.345840128466321,0.49148377886854,-1.42043033343525,2.94714230490279,7.11180840782224
104,-0.00510102943654394,0.761863187007557,0.0956925409947992,-0.00596052059240104,-0.00585954774375497,-0.00399538455714799,0.0119996860808889,0.00630534243964736,0.00549083876262702,13.8781705589459,24.1631055087935,2.5241457933764,3.77409099188829,0.394624174389989,4.40310560921688,2.91361141686095,1.56260511926919,-0.0731109269132573,16.7714938540064,29.4394864478899,2.86137036796469,0.201252691740622,0.185626080754134,0.0157113271115579,1.08503054189116,4.4786865767327,0.72697046306708,0.426626701113511,0.651018325134699,0.271257635472791,0.221540813541058,0.481029210251878,-0.726599292650511,-0.0152881022718416,0.979563060187767,0.999873465416273,0.979687024477592,0.538341856949516,0.0515153002153579,0.410142842835125,1.06554456704034,1.06373633023775,0.661717359387351,0.354887040641004,-0.0166044000283548,-0.000155792029609524,0.963128793123068,0.0185700169571389,0.981502868864566,-0.687226280536223,0.67,0.1,1.035,0.5,0.6,0.25,0.4,0.005,0.975,0.8,0.1,1.35038814775878,0.893538564839826,0.540155259103513,0.304983704761057,0.344810789571469,0.490689269010417,-1.41920801407775,2.90262608990429,7.10389433281469
105,-0.00512544419497669,0.76324613277693,0.0956849060452458,-0.00594081039035022,-0.00586149180104023,-0.00405691629781246,0.0120241481279456,0.00631878086659382,0.00550272213474792,13.8361696860126,24.0367919826839,2.51048540802178,3.75596998183495,0.392620992577741,4.37938694006987,2.91376538259901,1.53859700106512,-0.0729754435942646,16.7296351670564,29.2714209096824,2.84579055443251,0.201159633528208,0.184959721647538,0.0156595974272504,1.08266719388719,4.45683746399741,0.725387019904419,0.425410511559974,0.649600316332316,0.270666798471798,0.221459535083452,0.480489242355367,-0.727050840259855,-0.0150222994006489,0.979798605504244,0.999848928584048,0.979946647431828,0.537943570318564,0.0514730799835759,0.410583349697859,1.06552781460108,1.06371899395933,0.665336363845715,0.351327028675915,-0.0166633925216303,-0.000166769346926474,0.963128793123068,0.0185700169571389,0.981540099458473,-0.687226280536223,0.67,0.1,1.035,0.5,0.6,0.25,0.4,0.005,0.975,0.8,0.1,1.34844444645905,0.893196366434542,0.539377778583618,0.304228879100437,0.343827367502518,0.489936169297263,-1.41773998403728,2.86014572151868,7.09664769587759
106,-0.00514908240413384,0.764587115341862,0.0956789090349049,-0.00592532589875927,-0.00586301879095086,-0.00411637337513326,0.0120476090742748,0.00633167255561359,0.0055141230939865,13.796274994082,23.9163021776481,2.49749020320108,3.73865065127187,0.390713310303447,4.35692715678482,2.91407079496392,1.51569083153296,-0.0728344697120611,16.6900347014587,29.1110679113663,2.8309794147655,0.201075029667583,0.184321769604522,0.0156103709730366,1.08041004762125,4.43610198934882,0.723874731906239,0.424246887885033,0.648246028572751,0.270102511905313,0.221386117254822,0.479977213215108,-0.727420861136752,-0.0147696762554091,0.980023066029807,0.999825172183845,0.980194431281635,0.537557525050764,0.0514329175403607,0.411009557408875,1.06551172346165,1.06370233215075,0.668836244005499,0.347880691367866,-0.0167169353733652,-0.000176846158825909,0.963128793123068,0.0185700169571389,0.981579772264286,-0.687226280536223,0.67,0.1,1.035,0.5,0.6,0.25,0.4,0.005,0.975,0.8,0.1,1.34659956967002,0.89288530221911,0.538639827868007,0.303509342257062,0.342887525548295,0.489222272433806,-1.41610612804351,2.81958815736013,7.09003170956677
107,-0.00517196606398851,0.765887195260905,0.095674198560866,-0.00591316158962119,-0.00586421819301908,-0.00417382093050245,0.0120701125384163,0.00634404115093836,0.00552506244877231,13.7583681337805,23.8013272278744,2.48511733478143,3.72209294465662,0.38889507968313,4.33565187785667,2.91451747870601,1.49382519882786,-0.0726907996771936,16.6525639634304,28.9580177245976,2.81688508223585,0.200998332861777,0.183710870537865,0.0155634674484849,1.07825386448763,4.41641527235558,0.722430089206713,0.42313350740526,0.646952318692579,0.269563466121908,0.221319981917846,0.479491571907559,-0.727715713191484,-0.0145298176301587,0.980236953624675,0.999802174105691,0.980430908245907,0.537183465084118,0.0513945975020719,0.411421937413809,1.06549626487558,1.06368631566877,0.672221285472808,0.344544543915935,-0.0167658293887428,-0.000185962257504407,0.963128793123068,0.0185700169571389,0.981621684166715,-0.687226280536223,0.67,0.1,1.035,0.5,0.6,0.25,0.4,0.005,0.975,0.8,0.1,1.34484796380244,0.892602998926029,0.537939185520975,0.302823024304402,0.341989064218679,0.488545492068918,-1.41436655232611,2.78084731925607,7.08401087464273
108,-0.00519411731238598,0.767147452815206,0.0956704986150251,-0.00590360581567817,-0.0058651602878268,-0.00422932416275024,0.0120916999243434,0.00635590910336947,0.00553555995886028,13.722338761277,23.6915774858244,2.4733282064846,3.70625900655248,0.387160848688194,4.31549159259946,2.91509558253141,1.47294250865975,-0.0725464985917013,16.6171027769412,28.8118858400614,2.8034612856815,0.200929028969215,0.183125738007592,0.015518729100399,1.07619367719454,4.39771684667264,0.721049763720343,0.422068109375074,0.645716206316725,0.269048419298635,0.221260595836427,0.479030864737526,-0.727941460389902,-0.0143022492775931,0.980440761171237,0.999779912101052,0.98065659182012,0.536821109777378,0.0513579432394729,0.411820946983148,1.06548141169498,1.0636709170307,0.675495599973515,0.341315114873706,-0.0168107148472208,-0.000194098278780271,0.963128793123068,0.0185700169571389,0.981665623776402,-0.687226280536223,0.67,0.1,1.035,0.5,0.6,0.25,0.4,0.005,0.975,0.8,0.1,1.34318444373278,0.892347294122211,0.537273777493113,0.30216804103774,0.341129912129452,0.487903858317914,-1.4125662753555,2.74382374655606,7.07855101564491
109,-0.00521555822095361,0.768368976167481,0.0956675924059526,-0.00589609936220736,-0.00586590027699496,-0.00428294772511262,0.0121124106307617,0.00636729778426499,0.00554563443597038,13.6880837457224,23.5867809775661,2.46208781700826,3.6911130597956,0.38550567020662,4.2963813045486,2.91579559611794,1.45298878696491,-0.0724030785342461,16.5835385105279,28.6723111000742,2.79066642528028,0.20086663440309,0.182565150587502,0.015476016599638,1.07422477621706,4.37995028509659,0.719730600065428,0.421048509854112,0.644534865730234,0.268556194054264,0.221207465715472,0.478593725225571,-0.728103846278225,-0.014086467657269,0.980634961946932,0.999758363987941,0.980871975939538,0.536470162044787,0.0513228088004561,0.412207029154756,1.06546713818995,1.06365611021629,0.678663132861433,0.338188974388796,-0.0168521072502294,-0.000201261624280977,0.963128793123068,0.0185700169571389,0.981711377744095,-0.687226280536223,0.67,0.1,1.035,0.5,0.6,0.25,0.4,0.005,0.975,0.8,0.1,1.34160415804326,0.89211620531025,0.536641663217303,0.301542666143021,0.34030811684222,0.487295509770839,-1.41073881625907,2.70842423262974,7.07361929780012
110,-0.00523631064191974,0.769552852275012,0.0956653096529713,-0.00589020283546438,-0.00586648151880953,-0.00433475528215699,0.0121322822057808,0.00637822756922015,0.00555530381748338,13.6555065172067,23.4866820775045,2.45136423955421,3.67662128687753,0.383925028808741,4.27826020456092,2.91660836262802,1.43391347477271,-0.0722616328398129,16.5517654395623,28.5389540486458,2.77846284131433,0.200810693874289,0.182027949078136,0.0154352057912004,1.07234269706718,4.36306286831506,0.718469607035012,0.420072607559214,0.643405618240309,0.268085674266795,0.22116013414668,0.478178867447968,-0.728208281994453,-0.0138819552834171,0.9808200097773,0.999737507804871,0.981077534973047,0.536130314625689,0.0512890725630115,0.412580612811299,1.06545341992028,1.06364187052877,0.681727670400823,0.335162754534354,-0.0168904249351775,-0.00020747821903613,0.963128793123068,0.0185700169571389,0.981758735304292,-0.687226280536223,0.67,0.1,1.035,0.5,0.6,0.25,0.4,0.005,0.975,0.8,0.1,1.34010255983497,0.891907908214104,0.536041023933987,0.300945309007828,0.339521836599042,0.48671868633375,-1.40890893963886,2.67456145577933,7.06918423227507
111,-0.00525639609454146,0.77070015996464,0.0956635166069505,-0.00588557101312692,-0.00586693806940575,-0.00438480919015438,0.0121513504758863,0.00638871790764134,0.00556458522764634,13.6245165069585,23.3910403212142,2.44112820046086,3.6627517170068,0.382414781438716,4.26107137074611,2.91752508735647,1.41566922175425,-0.0721229383646088,16.5216841965666,28.4114954247129,2.76681622865776,0.200760778447042,0.181513033656366,0.0153961851227867,1.07054320796113,4.34700528995797,0.717263949333955,0.419138386619268,0.642325924776676,0.267635801990282,0.22111817619542,0.477785080415247,-0.728259843988536,-0.0136881913213561,0.980996339359658,0.999717321924986,0.981273723927,0.535801254896337,0.0512566322458007,0.412942112857862,1.06544023362971,1.06362817448101,0.684692846823307,0.332233163583059,-0.016926010406366,-0.000212786553261569,0.963128793123068,0.0185700169571389,0.981807491513129,-0.687226280536223,0.67,0.1,1.035,0.5,0.6,0.25,0.4,0.005,0.975,0.8,0.1,1.33867538155118,0.891720719294855,0.535470152620472,0.300374496883729,0.338769332840559,0.486171722853914,-1.40709475446502,2.6421536135225,7.06521567191359
112,-0.00527583568229831,0.771811964703516,0.0956621082124833,-0.00588193267620585,-0.00586729667860997,-0.00443317027246692,0.012169649655507,0.00639878738169364,0.00557349502937668,13.5950286614198,23.2996293340809,2.43135273567687,3.64947411912917,0.380971109077628,4.24476149270186,2.91853734296694,1.39821168307987,-0.0719875333449517,16.4932012917366,28.2896347807724,2.75569516501215,0.200716483840973,0.181019361019478,0.0153588536025938,1.06882229789039,4.33173139249527,0.71611093958656,0.418243917460937,0.641293378734233,0.267205574472597,0.221081196491194,0.477411223049521,-0.72826327852764,-0.013504659248556,0.981164366675922,0.99969778513929,0.981460978768913,0.53548266854304,0.0512254009840736,0.413291930472886,1.06542755715725,1.06361499970054,0.687562151132087,0.329396995681682,-0.0169591468137699,-0.000217233257634479,0.963128793123068,0.0185700169571389,0.98185744949406,-0.687226280536223,0.67,0.1,1.035,0.5,0.6,0.25,0.4,0.005,0.975,0.8,0.1,1.33731861300942,0.891553081164099,0.534927445203767,0.29982886043916,0.338048963399697,0.485653043385858,-1.40530931846357,2.61112406659991,7.06168479899323
113,-0.00529465003393407,0.772889314698512,0.0956610019518352,-0.00587907475453631,-0.0058675783575034,-0.00447989766782486,0.0121872124414674,0.00640845375698735,0.0055820488687622,13.5669630165364,23.212235859384,2.42201290870413,3.63675990082831,0.379590477076838,4.22928061780108,2.9196370717381,1.38149932271176,-0.0718557766487892,16.46622869048,28.1730892134849,2.74507072830274,0.20067742892772,0.180545941565738,0.0153231191705585,1.06717616513478,4.31719792959242,0.715008030640305,0.417387356368015,0.64030569908087,0.266794041283696,0.221048826722207,0.477056219635375,-0.72822301087221,-0.0133308523552947,0.981324489467675,0.999678876715896,0.981639716837352,0.53517424234668,0.0511953042416977,0.413630453411621,1.06541536936184,1.06360232484928,0.690338933635127,0.326651137051075,-0.0169900706862026,-0.00022086982564911,0.963128793123068,0.0185700169571389,0.98190842192975,-0.687226280536223,0.67,0.1,1.035,0.5,0.6,0.25,0.4,0.005,0.975,0.8,0.1,1.33602848206048,0.891403550259698,0.534411392824194,0.299307121962136,0.337359176282595,0.485161155984851,-1.40356186398564,2.58140099690531,7.05856410633442
114,-0.0053128592629372,0.773933238035319,0.0956601330097391,-0.00587682986543658,-0.00586779960963302,-0.00452504873428505,0.0122040700956157,0.00641773402681846,0.00559026171386638,13.5402443215434,23.1286588725733,2.41308557725832,3.62458201294009,0.378269602365682,4.21458191751667,2.92081658521465,1.36549322514234,-0.0717278928403206,16.4406834376837,28.0615921947841,2.73491618417677,0.200643254382493,0.180091836641241,0.0152888973930884,1.06560120624419,4.3033643513293,0.713952808183609,0.416566944086068,0.639360723746515,0.266400301561048,0.22102072345678,0.476719055670736,-0.728143157559143,-0.013166277614021,0.981477087755981,0.999660576440748,0.981810337315183,0.534875666274439,0.0511662773794856,0.413958056346075,1.06540365005751,1.06359012955494,0.693026412198559,0.323992569575601,-0.0170189817741593,-0.000223750205725695,0.963128793123068,0.0185700169571389,0.981960231984265,-0.687226280536223,0.67,0.1,1.035,0.5,0.6,0.25,0.4,0.005,0.975,0.8,0.1,1.33480143741908,0.891270786332868,0.533920574967632,0.298808085639982,0.336698503963794,0.484694647939773,-1.40185873418805,2.55291708193305,7.05582737293754
115,-0.00533048294123146,0.774944740629761,0.0956594504755933,-0.00587506652067571,-0.00586797339805223,-0.00456867899550351,0.0122202525181609,0.00642664445135688,0.0055981478890744,13.5148017037866,23.0487087708896,2.40454919869332,3.61291485967151,0.377005426129847,4.20062147197866,2.92206856162866,1.35015691677834,-0.0716040064283319,16.4164873206446,27.9548924935872,2.72520672880616,0.200613621460306,0.179656155873508,0.0152561104113315,1.06409400550347,4.29019260931495,0.712942983687328,0.415781003750778,0.638456403302085,0.266023501375869,0.220996566230954,0.476398774061604,-0.728027540638372,-0.013010458315839,0.981622524392505,0.999642864644062,0.981973221748575,0.534586635032124,0.0511382637387695,0.414275101229106,1.06539237995681,1.06357839435153,0.695627678218626,0.321418372444519,-0.017046050663145,-0.000225929052479193,0.963128793123068,0.0185700169571389,0.982012713797822,-0.687226280536223,0.67,0.1,1.035,0.5,0.6,0.25,0.4,0.005,0.975,0.8,0.1,1.33363413330467,0.89115354339709,0.533453653321869,0.298330629472768,0.336065558134862,0.484252181376841,-1.40020409754441,2.52560918717544,7.05344963518016
116,-0.0053475400837739,0.775924804812373,0.0956589143604624,-0.00587368143122557,-0.0058681099048814,-0.00461084211894447,0.0122357883136641,0.00643520059285535,0.00560572110593108,13.4905683678677,22.9722066293521,2.3963836664042,3.60173421399038,0.375795090861459,4.18735807114361,2.92338604142529,1.33545619758714,-0.0714841678688064,16.3935665643122,27.8527531794775,2.71591927548541,0.200588210873771,0.179238054605315,0.0152246860885537,1.06265132488528,4.27764697922992,0.71197638767314,0.415027938350667,0.63759079493117,0.265662831221321,0.22097605585452,0.476094471615691,-0.72787970301748,-0.012862935777876,0.981761145631349,0.999625722215807,0.982128734597926,0.534306849197192,0.0511112131295626,0.414581937673245,1.0653815406209,1.0635671006272,0.698145702315416,0.318925722352377,-0.0170714246677922,-0.000227460476467865,0.963128793123068,0.0185700169571389,0.982065712663842,-0.687226280536223,0.67,0.1,1.035,0.5,0.6,0.25,0.4,0.005,0.975,0.8,0.1,1.33252341560454,0.891050661864121,0.533009366241815,0.297873698477091,0.33545902485552,0.48383248918062,-1.39860049276467,2.49941807707255,7.05140715447514
117,-0.00536404914148219,0.776874388405467,0.0956584932540521,-0.00587259346093671,-0.00586821712790753,-0.00465158991798531,0.012250704851176,0.00644341734769877,0.00561299449119675,13.4674813237681,22.8989835156296,2.38857017110805,3.59101713803763,0.374635920918913,4.17475303112077,2.92476242119503,1.32135898320824,-0.0713683732824979,16.3718515538202,27.7549507008039,2.7070322760587,0.200566721754802,0.178836731436983,0.0151945573142404,1.06127009448819,4.26569389872903,0.711050963307088,0.414306227883364,0.636762056692915,0.265317523622048,0.220958912897725,0.475805295798532,-0.727702924301175,-0.0127232703536621,0.98189328171328,0.99960913061281,0.982277223809801,0.534036016026462,0.0510850806364881,0.41487890333705,1.0653711144148,1.06355623057783,0.700583339754928,0.316511892645728,-0.0170952324006554,-0.000228397169583626,0.963128793123068,0.0185700169571389,0.982119084972824,-0.687226280536223,0.67,0.1,1.035,0.5,0.6,0.25,0.4,0.005,0.975,0.8,0.1,1.3314663093282,0.890961061650485,0.53258652373128,0.297436298914002,0.334877660064264,0.483434371190142,-1.39704924399243,2.47428814453361,7.04967738217082
118,-0.00538002800048068,0.777794424181998,0.0956581624843485,-0.00587173887612646,-0.00586830134918959,-0.00469097237169547,0.0122650283196634,0.00645130897592161,0.00561998061267757,13.445481139671,22.8288798574921,2.38109108221023,3.58074190830776,0.373525405918912,4.16277002434492,2.92619144628321,1.30783515744484,-0.071256579383125,16.3512765803122,27.6612740305354,2.6985255701779,0.200548870686761,0.178451425881478,0.0151656614318898,1.0599474034522,4.25430181896018,0.710164760312977,0.413614426325187,0.635968442071322,0.264986850863051,0.220944876328791,0.475530441722209,-0.727500236686575,-0.0125910419237999,0.982019247455678,0.999593071859517,0.982419021401232,0.533773850012087,0.0510598256743525,0.41516632431356,1.06536108446703,1.06354576716535,0.702943335608212,0.31417425171136,-0.0171175873195716,-0.000228789812363068,0.963128793123068,0.0185700169571389,0.982172697987939,-0.687226280536223,0.67,0.1,1.035,0.5,0.6,0.25,0.4,0.005,0.975,0.8,0.1,1.33046000716763,0.890883736083064,0.532184002867053,0.297017493334443,0.334320285411953,0.48305669063682,-1.39555077680019,2.45016715864822,7.04823892236781
119,-0.00539549398609888,0.778685819619262,0.0956579026720761,-0.00587106761352085,-0.00586836750313036,-0.004729037657485,0.0122787837795935,0.00645888912867042,0.0056266915032521,13.4245117160332,22.7617448574964,2.37392984548291,3.57088794534195,0.37246118642694,4.15137492241528,2.92766720231766,1.29485643485479,-0.0711487147571708,16.3317796068691,27.5715238739714,2.6903802569174,0.200534390796713,0.178081416133788,0.0151379397647262,1.05868049133976,4.24344106821715,0.709315929197642,0.41295115850353,0.635208294803859,0.264670122834941,0.220933702278506,0.475269149342041,-0.727274440605732,-0.0124658500022306,0.982139342842954,0.999577528543971,0.98255444404956,0.533520073243303,0.0510354112399068,0.41544451551679,1.06535143463261,1.06353569407979,0.705228329657614,0.311910260830306,-0.0171385904879198,-0.000228686691702427,0.963128793123068,0.0185700169571389,0.982226429502044,-0.687226280536223,0.67,0.1,1.035,0.5,0.6,0.25,0.4,0.005,0.975,0.8,0.1,1.32950185901285,0.890817746468,0.53180074360514,0.296616396281514,0.333785784387117,0.482698370797504,-1.39410485834464,2.42700602993862,7.0470714932313
120,-0.00541046387040417,0.779549456879082,0.0956576985952694,-0.00587054034836409,-0.00586841946558481,-0.00476583219292426,0.0122919952113391,0.00646617087397455,0.00563313868341572,13.40452007811,22.6974359503225,2.36707089407581,3.56143574768249,0.371441041524578,4.14053565053449,2.92918410586773,1.28239623303247,-0.0710446883657099,16.3133020519647,27.4855119330537,2.68257858445389,0.200523030899898,0.177726016953961,0.0151113372192081,1.05746673996766,4.23308372645797,0.708502715778334,0.412315116938553,0.634480043980597,0.264366684991916,0.220925162912942,0.475020700840627,-0.727028119904069,-0.0123473135614033,0.982253853613226,0.999562483810244,0.982683793682373,0.533274415618919,0.0510118033178429,0.415713781063238,1.06534214945895,1.06352599570454,0.707440861060923,0.309717471667473,-0.0171583327283958,-0.000228133474469738,0.963128793123068,0.0185700169571389,0.982280167413984,-0.687226280536223,0.67,0.1,1.035,0.5,0.6,0.25,0.4,0.005,0.975,0.8,0.1,1.32858936230054,0.890762217214786,0.531435744920217,0.296232170524394,0.333273098706024,0.482358391841223,-1.39271077956305,2.40475859233585,7.04615588729339
121,-0.00542495388232256,0.780386192960883,0.0956575382974259,-0.00587012619120986,-0.00586846028094612,-0.00480140068389412,0.0123046855609086,0.00647316672109902,0.00563933318258519,13.3854561846513,22.6358182988042,2.3604995704991,3.55236682984282,0.370462877919632,4.13022205258434,2.93073689442186,1.27042955409473,-0.0709443959322567,16.2957885883644,27.4030602225842,2.67510385443707,0.20051455469032,0.177384577661713,0.0150858019505941,1.05630366567336,4.22320350959587,0.707723456001151,0.411705058702937,0.633782199404016,0.26407591641834,0.220919045399143,0.474784418181903,-0.726763656415552,-0.0122350706549303,0.982363051837918,0.999547921348266,0.982807358063266,0.533036614945684,0.050988970408097,0.415974414646218,1.06533321415417,1.06351665708407,0.709583372784508,0.307593523524935,-0.0171768963094435,-0.000227173095614483,0.963128793123068,0.0185700169571389,0.982333809252942,-0.687226280536223,0.67,0.1,1.035,0.5,0.6,0.25,0.4,0.005,0.975,0.8,0.1,1.32772015309543,0.890716331429283,0.53108806123817,0.295864023726167,0.33278122494416,0.482035787852134,-1.39136749309593,2.3833814009647,7.04547393116575
122,-0.0054389797196141,0.78119685998558,0.0956574123869862,-0.00586980087863476,-0.00586849234051479,-0.00483578617689762,0.0123168767833803,0.00647988864368746,0.0056452855593466,13.3672727508898,22.5767643252084,2.35420205770208,3.54366366405634,0.3695247203336,4.12040576596551,2.93232061584752,1.25893287484109,-0.070847724723102,16.2791869557585,27.3240004341269,2.66794033839082,0.200508739972735,0.177056480239439,0.0150612850782428,1.05518891199811,4.21377566261515,0.706976571038731,0.411119802335004,0.633113347198864,0.263797227999527,0.220915150951532,0.474559660820394,-0.726483243848503,-0.0121287778974546,0.98246719649166,0.999533825381788,0.982925411370037,0.532806416949932,0.0509668831486121,0.416226699901455,1.06532461455736,1.06350766389395,0.711658215816598,0.305536140454883,-0.0171943562714807,-0.000225845729386991,0.963128793123068,0.0185700169571389,0.982387261672501,-0.687226280536223,0.67,0.1,1.035,0.5,0.6,0.25,0.4,0.005,0.975,0.8,0.1,1.32689199782135,0.890679326906433,0.530756799128541,0.295511205468975,0.332309211388641,0.481729644014205,-1.39007371740823,2.36283354477578,7.04500844501751
123,-0.00545255656213653,0.781982265577348,0.095657313487092,-0.00586954535197837,-0.00586851752260276,-0.00486903011387951,0.0123285898843312,0.00648634810185106,0.00565100592078467,13.3499250842605,22.5201532747377,2.34816531775014,3.53530962557677,0.368624702954715,4.11106010541052,2.93393061747595,1.24788404504097,-0.0707545571063936,16.2634477857196,27.2481733437932,2.66107320403944,0.200505377932338,0.17674113753979,0.0150377404409797,1.05412024276854,4.20477686068436,0.70626056265492,0.410558224830287,0.632472145661122,0.263530060692134,0.220913293949131,0.474345823552926,-0.726188900934963,-0.0120281098471445,0.982566534010394,0.999520180655053,0.98303821476266,0.532583575223879,0.0509455140132668,0.416470910762853,1.06531633711068,1.06349900241269,0.713667653171642,0.303543128303738,-0.0172107814753802,-0.000224188819848366,0.963128793123068,0.0185700169571389,0.982440439930595,-0.687226280536223,0.67,0.1,1.035,0.5,0.6,0.25,0.4,0.005,0.975,0.8,0.1,1.3261027855732,0.890650492466892,0.53044111422928,0.295173004576296,0.331856155093582,0.481439093945531,-1.38882801512157,2.34307647305195,7.04474320211667
124,-0.0054656990859603,0.782743193317479,0.0956572358033865,-0.00586934464091171,-0.00586853730258163,-0.00490117238830812,0.0123398449594778,0.00649255606332126,0.00565650394099682,13.3333709315478,22.4658708085869,2.34237703690011,3.52728894131331,0.367761061786864,4.10215995505119,2.93556253493507,1.23726219330059,-0.0706647731844663,16.2485244378067,27.175428260472,2.65448844988744,0.200504272439249,0.176437991593514,0.0150151243849359,1.05309553555821,4.19618511754071,0.705574008824002,0.410019258728675,0.631857321334927,0.263273883889553,0.220913301115486,0.474142334501694,-0.725882483824449,-0.0119327583249442,0.982661298836095,0.99950697241861,0.98314601693898,0.532367851123214,0.0509248370690355,0.416707311807749,1.06530836883285,1.06349065949515,0.715613863696448,0.301612371740188,-0.017226235436636,-0.000222237152770785,0.963128793123068,0.0185700169571389,0.982493267367365,-0.687226280536223,0.67,0.1,1.035,0.5,0.6,0.25,0.4,0.005,0.975,0.8,0.1,1.32535052095154,0.890629164592352,0.530140208380615,0.294848746684861,0.331421199122481,0.481163317172014,-1.38762885168726,2.32407383483084,7.0446628886834
125,-0.00547842147799999,0.783480403250208,0.0956571747845315,-0.00586918698646421,-0.00586855283932275,-0.00493225140158216,0.0123506612326952,0.00649852302375501,0.00566178887887004,13.3175703363567,22.413808624176,2.33682557610701,3.5195866415947,0.366932127757882,4.09368166808754,2.93721228083668,1.22704763997477,-0.0705782527239084,16.2343728458242,27.1056225113853,2.64817284671885,0.20050523938544,0.176146512013007,0.0149933955778725,1.05211277551061,4.18797970050425,0.704915559592108,0.409501889308609,0.631267665306365,0.263028193877652,0.220915010754628,0.473948653218935,-0.725565697723077,-0.0118424316964269,0.982751713946865,0.99949418641461,0.983249054676543,0.532159013628917,0.0509048277798652,0.416936158591217,1.06530069729415,1.06348262254746,0.717498945688378,0.299741831305616,-0.0172407769939939,-0.000220022955543977,0.963128793123068,0.0185700169571389,0.982545674889626,-0.687226280536223,0.67,0.1,1.035,0.5,0.6,0.25,0.4,0.005,0.975,0.8,0.1,1.32463331737092,0.890614724322656,0.529853326948367,0.294537792028499,0.331003529963389,0.480901536731488,-1.38647463908767,2.30579133031543,7.04475306426099
126,-0.00549073745090673,0.784194632424777,0.0956571268555514,-0.00586906315215741,-0.00586856504309374,-0.00496230411907161,0.0123610570925403,0.00650425902625894,0.00566686959517883,13.3024855059665,22.363864100435,2.33149992617971,3.51218851486751,0.366136320476738,4.08560297346315,2.93887603340875,1.21722181660881,-0.0704948765544084,16.2209513733899,27.0386209621342,2.64211388494731,0.200508106052184,0.175866194486892,0.0149725148452689,1.05117004950532,4.18014105155282,0.704283933168561,0.409005151894991,0.630702029703189,0.262792512376329,0.220918272037518,0.473764268904552,-0.725240107792855,-0.0117568541353852,0.982837991371484,0.999481808861839,0.983347553359367,0.531956839183337,0.0508854628474386,0.417157697969223,1.06529331059243,1.0634748795031,0.719324920335467,0.297929540514567,-0.0172544608500337,-0.00021757601496435,0.963128793123068,0.0185700169571389,0.982597600468201,-0.687226280536223,0.67,0.1,1.035,0.5,0.6,0.25,0.4,0.005,0.975,0.8,0.1,1.32394939079979,0.890606594384382,0.529579756319916,0.294239533403842,0.33060237510412,0.480653016900523,-1.38536376815047,2.28819657338647,7.04500012277269
127,-0.00550266025802732,0.784886595461545,0.0956570892083818,-0.00586896588289876,-0.00586857462888979,-0.00499136612528261,0.0123710501273766,0.00650977368018419,0.00567175456904928,13.2880806867584,22.3159399662276,2.32638966694789,3.50508106514473,0.3653721425498,4.07790288900476,2.94055022515035,1.20776719142106,-0.0704145275666446,16.2082206780809,26.9742955686481,2.63629972695548,0.200512710506447,0.175596559360956,0.014952445024429,1.05026554064964,4.1726507139505,0.703677912235261,0.408528129284542,0.630159324389786,0.262566385162411,0.220922944334329,0.473588698728946,-0.724907149335522,-0.0116757648835577,0.982920332687749,0.999469826440682,0.983441727488793,0.531761111508303,0.050866720081098,0.417372168410599,1.06528619733045,1.06346741880021,0.721093734987885,0.296173603024626,-0.0172673380125108,-0.000214923805584248,0.963128793123068,0.0185700169571389,0.982648988652481,-0.687226280536223,0.67,0.1,1.035,0.5,0.6,0.25,0.4,0.005,0.975,0.8,0.1,1.32329705389574,0.890604236525768,0.529318821558296,0.293953394293754,0.330217000756014,0.480417061036971,-1.38429463221496,2.27125896437842,7.04539125440084
128,-0.00551420270828462,0.785556985132647,0.0956570596373498,-0.00586888947994713,-0.00586858215832364,-0.00501947167778638,0.0123806571591766,0.00651507617923057,0.00567645191382284,13.2743220475128,22.2699439901877,2.32148492991772,3.49825147203162,0.364638174382628,4.07056164053076,2.94223153157434,1.19866720036478,-0.0703370914083607,16.1961435835233,26.9125249586765,2.63071916372562,0.200518901024815,0.175337150300799,0.0149331508336326,1.04939752307838,4.16549126397506,0.703096340462514,0.408069949289489,0.629638513847027,0.262349380769595,0.220928896588612,0.473421486254064,-0.724568137291328,-0.0115989175168417,0.982998929504176,0.999458226278174,0.983531781177799,0.531571621411248,0.0508485782908585,0.417579800297893,1.06527934659403,1.06346022935994,0.722807266269696,0.294472189888886,-0.017279456158582,-0.000212091623109007,0.963128793123068,0.0185700169571389,0.982699790105077,-0.687226280536223,0.67,0.1,1.035,0.5,0.6,0.25,0.4,0.005,0.975,0.8,0.1,1.32267471050447,0.890607149037031,0.529069884201788,0.293678827128924,0.329846709715811,0.480193009531995,-1.38326564424331,2.25494957233136,7.0459144083967
129,-0.00552537718087082,0.786206472949902,0.0956570364099478,-0.00586882946705003,-0.0058685880725301,-0.00504665375965729,0.0123898942760613,0.006520175318891,0.00568096939234671,13.2611775699598,22.2257886903998,2.31677636398525,3.49168755316607,0.363933069406737,4.06356058647625,2.94391686009297,1.18990618333731,-0.0702624569540312,16.1846849588665,26.853194040661,2.62536157519192,0.200526535543791,0.175087533031695,0.0149145987539572,1.04856435704505,4.15864624733612,0.702538119220181,0.407629782398915,0.629138614227027,0.262141089261261,0.220936006729982,0.473262199946322,-0.724224275086906,-0.0115260792256361,0.983073963924773,0.999446995933225,0.983617908628398,0.531388166583966,0.0508310171987378,0.417780816217295,1.06527274793127,1.06345330056571,0.724467323039424,0.292823536899484,-0.0172908599389082,-0.000209102718938149,0.963128793123068,0.0185700169571389,0.982749961158392,-0.687226280536223,0.67,0.1,1.035,0.5,0.6,0.25,0.4,0.005,0.975,0.8,0.1,1.32208085049476,0.890614864438348,0.528832340197903,0.293415311671699,0.329490839356184,0.47998023786591,-1.38227524897487,2.23924102598414,7.04655825690613
130,-0.00553619563967415,0.786835709754318,0.0956570181653288,-0.00586878232819943,-0.00586859271801043,-0.00507294413025383,0.0123987768636256,0.00652507951326086,0.00568531443171201,13.2486169460377,22.1833910624966,2.31225510384916,3.4853777289208,0.363255549681073,4.0568821476204,2.94560333909166,1.18146932513414,-0.0701905166054104,16.1738116051424,26.796193638005,2.62021689384669,0.200535481135369,0.174847294151297,0.0148967569218674,1.0477644842887,4.15210011991535,0.702002204473426,0.407206839555617,0.628658690573217,0.261941121072174,0.220944161122378,0.473110431775603,-0.723876662868171,-0.0114570301145745,0.983145608996789,0.999436123382127,0.983700294591903,0.531210551397511,0.050814017364646,0.417975431237843,1.06526639133262,1.06344662224343,0.726075649207466,0.291225942027217,-0.0173015912346824,-0.000205978433054841,0.963128793123068,0.0185700169571389,0.982799463394069,-0.687226280536223,0.67,0.1,1.035,0.5,0.6,0.25,0.4,0.005,0.975,0.8,0.1,1.32151404490479,0.890626947320497,0.528605617961914,0.293162353509011,0.329148759736244,0.47977815476254,-1.38132193134262,2.22410741282516,7.04731215987552
131,-0.00554666964738245,0.78744532630291,0.0956570038345774,-0.00586874530164172,-0.00586859636693426,-0.00509837337423535,0.0124073196350927,0.00652979681123307,0.00568949413745744,13.2366114813737,22.1426723248687,2.30791274082274,3.47931098922402,0.3626044018262,4.05050974153689,2.94728830722877,1.17334260077457,-0.0701211664664516,16.1634921480641,26.7414201469204,2.61527557121353,0.200545613506893,0.174616040010991,0.0148795950310388,1.04699642366097,4.14583819249522,0.701487603852848,0.406800370045456,0.62819785419658,0.261749105915242,0.220953254045341,0.472965795894995,-0.723526305154918,-0.0113915625254008,0.983214029141428,0.99942559700438,0.983779114812004,0.531038586695917,0.0507975601238799,0.418163853180203,1.06526026721183,1.06344018464257,0.727633926417981,0.289677762959624,-0.0173116893776051,-0.000202738323252632,0.963128793123068,0.0185700169571389,0.982848263245687,-0.687226280536223,0.67,0.1,1.035,0.5,0.6,0.25,0.4,0.005,0.975,0.8,0.1,1.32097294137786,0.890642992325197,0.528389176551144,0.292919482643497,0.328819871824077,0.479586200437249,-1.38040422208168,2.20952418556817,7.04816613108516
132,-0.00555681037922396,0.788035933849555,0.0956569925780837,-0.00586871621807605,-0.00586859923308458,-0.00512297094876135,0.0124155366603304,0.00653433491209606,0.00569351530725336,13.225134004551,22.1035576797911,2.30374129579223,3.47347686236461,0.361978473255854,4.04442772141936,2.94896930299146,1.16551272485347,-0.0700543064255585,16.1536969368607,26.6887752161782,2.6105285468647,0.200556816524292,0.174393395661893,0.0148630842421732,1.04625876699884,4.13984657917343,0.700993373889222,0.406409659495543,0.627755260199304,0.26156469174971,0.220963187206057,0.472827927396363,-0.723174117953366,-0.0113294803852888,0.983279380567656,0.99941540556888,0.983854536450697,0.530872089590774,0.0507816275338964,0.41834628287533,1.06525436638759,1.06343397841799,0.729143776602474,0.288177414738034,-0.0173211913405075,-0.000199400289482893,0.963128793123068,0.0185700169571389,0.982896331624609,-0.687226280536223,0.67,0.1,1.035,0.5,0.6,0.25,0.4,0.005,0.975,0.8,0.1,1.32045625986777,0.89066262225397,0.528182503947109,0.292686252173627,0.328503605824003,0.479403844934029,-1.37952070123782,2.19546807546788,7.04911080534274
133,-0.00556662863631932,0.788608124717445,0.0956569837363527,-0.00586869337356155,-0.00586860148438328,-0.00514676522885238,0.0124234413937642,0.00653870118055111,0.00569738444407995,13.2141587817678,22.0659760893686,2.29973319410589,3.46786538565608,0.361376668675831,4.03862131896272,2.95064405453212,1.15796710460071,-0.0699898401701112,16.1443979487776,26.6381654472207,2.6059672197114,0.20056898175781,0.174179003861685,0.0148471970997914,1.04555017522923,4.13411214918728,0.700518617403587,0.406034027977143,0.627330105137541,0.261387543807309,0.22097386928012,0.472696481137178,-0.722820935362103,-0.011270598582103,0.983341811669276,0.999405538220499,0.983926718497253,0.530710883258135,0.0507662023285287,0.418522914413336,1.06524868006609,1.0634279946126,0.730606764411861,0.286723367492679,-0.0173301319045398,-0.000195980692401097,0.963128793123068,0.0185700169571389,0.982943643568572,-0.687226280536223,0.67,0.1,1.035,0.5,0.6,0.25,0.4,0.005,0.975,0.8,0.1,1.31996278859588,0.890685486295674,0.52798511543835,0.292462237055062,0.328199419601813,0.479230586547352,-1.37867000011501,2.18191701193639,7.05013740685663
134,-0.00557613485862886,0.789162472861325,0.0956569767913652,-0.00586867542968827,-0.00586860325272953,-0.00516978355092013,0.0124310467012159,0.00654290266116334,0.00570110776891198,13.2036614365306,22.0298600652877,2.29588124220956,3.46246707784177,0.360797946824544,4.03307659100658,2.95231046980414,1.15069379635454,-0.069927675152105,16.1355686989049,26.5895021132132,2.60158342133717,0.200582008049397,0.17397252413867,0.0148319074551717,1.04486937469233,4.12862248189662,0.70006248104386,0.405672828208955,0.626921624815397,0.261217343673082,0.220985215479203,0.47257113063439,-0.722467515705438,-0.0112147423672441,0.983401463405554,0.999395984467078,0.98399581216043,0.530554796738895,0.0507512678782,0.418693935382904,1.06524319982416,1.06342222464068,0.732024399533484,0.285314144274,-0.0173385438074837,-0.000192494465703181,0.963128793123068,0.0185700169571389,0.982990177912371,-0.687226280536223,0.67,0.1,1.035,0.5,0.6,0.25,0.4,0.005,0.975,0.8,0.1,1.31949138024359,0.89071125836406,0.527796552097434,0.292247032936545,0.327906797201737,0.479065950324695,-1.37785080207114,2.16885004796373,7.05123771879856
135,-0.00558533913748714,0.7896995344182,0.0956569713362284,-0.00586866133516351,-0.005868604641727,-0.00519205225449315,0.012438316693127,0.00654691861022868,0.0057046665492278,13.1936592475217,21.9952291372296,2.29218789127485,3.45727303427868,0.36024141586234,4.027780617639,2.95396679132832,1.1436815472478,-0.0698677209371157,16.1272245284899,26.5427846826586,2.59737877501284,0.200595636783889,0.173773549840825,0.0148171888127708,1.0442151536711,4.12336604198625,0.699624152959639,0.405325661147353,0.626529092202662,0.261053788417776,0.220997147143982,0.472451567021372,-0.722114516549905,-0.0111617161095446,0.983458469665699,0.999386734166825,0.984061961244257,0.530403664743421,0.0507368081549919,0.418859527101587,1.06523796915465,1.06341672034561,0.73339813453622,0.283948321873022,-0.0173464564092428,-0.000188955221966066,0.963128793123068,0.0185700169571389,0.983035916979824,-0.687226280536223,0.67,0.1,1.035,0.5,0.6,0.25,0.4,0.005,0.975,0.8,0.1,1.31904094836539,0.890739635537619,0.527616379346155,0.292040223884539,0.327625092720441,0.478909094349519,-1.37706181129255,2.15624744561493,7.05240444635246
136,-0.00559425122772252,0.790219848245601,0.095656967051337,-0.00586865026421912,-0.00586860573275438,-0.00521359672218058,0.0124453643694562,0.00655081322333236,0.00570811835484961,13.1840464323753,21.9618483136803,2.28862732895179,3.45227447859909,0.35970593155927,4.0227206771477,2.95561106551253,1.13691950642825,-0.0698098947930793,16.11925803437,26.497758870578,2.59332638709532,0.200610131686283,0.173581950930816,0.0148030213773367,1.04358637726349,4.11833145939703,0.699202872766537,0.404991497995208,0.626151826358093,0.260896594315872,0.221009595204184,0.472337493706095,-0.721762608607427,-0.0111114436944324,0.983512954667103,0.999377777516139,0.984125299555423,0.530257327460991,0.0507228077016661,0.419019864837342,1.06523287189202,1.06341134747191,0.734729379118015,0.282624521481131,-0.0173539005991458,-0.000185375347595504,0.963128793123068,0.0185700169571389,0.983080846296117,-0.687226280536223,0.67,0.1,1.035,0.5,0.6,0.25,0.4,0.005,0.975,0.8,0.1,1.31861048693943,0.890770328375788,0.527444194775771,0.291841521557776,0.327354176814437,0.478760432429993,-1.37630186411756,2.14409013803187,7.05362994343922
137,-0.00560288055936392,0.79072393644677,0.095656963685648,-0.00586864156823208,-0.00586860658973265,-0.00523444141792251,0.0124521489555928,0.00655456296515967,0.0057114419445075,13.174844388581,21.9297470957281,2.28520309189969,3.44746329982559,0.359190704069206,4.01788500378507,2.95724168294684,1.13039743538868,-0.0697541145504467,16.111688809309,26.4544359229113,2.58942906130074,0.200625225567905,0.173397333554791,0.0147893798822813,1.04298192745956,4.11350819018754,0.698797891397903,0.40466998939386,0.625789156475734,0.260745481864889,0.221022487786741,0.472228649812061,-0.721412342878205,-0.0110637166808773,0.983565042524672,0.999369105037839,0.984185960488974,0.53011563037444,0.0507092516039221,0.419175118021638,1.06522795643734,1.06340616350592,0.736019492876923,0.281341410798525,-0.0173609036754471,-0.000181766123293012,0.963128793123068,0.0185700169571389,0.983124954319559,-0.687226280536223,0.67,0.1,1.035,0.5,0.6,0.25,0.4,0.005,0.975,0.8,0.1,1.31819899538581,0.890803105500792,0.527279598154325,0.291650525584515,0.327093418151648,0.478619118698617,-1.37556978941988,2.13236013167588,7.05490749762056
138,-0.00561123624894042,0.791212304882405,0.0956569610419723,-0.00586863473772259,-0.00586860726287042,-0.00525460992358673,0.0124586794154957,0.00655817271970906,0.00571464162135916,13.1660353812091,21.8988743696845,2.28190975585808,3.44283166581157,0.358694876486114,4.01326249441964,2.95885718324534,1.12410561280711,-0.069700301632803,16.1044976391987,26.4127473166974,2.58568057359472,0.200640836939623,0.173219414799766,0.0147762428833277,1.04240075844343,4.10888626542643,0.698408508157095,0.404360619054487,0.625440455066055,0.260600189610856,0.221035762195383,0.472124761751598,-0.721064226072842,-0.0110184070920131,0.983614848108399,0.999360707569815,0.984244067890456,0.529978424080218,0.0506961254653273,0.419325450454454,1.06522321762042,1.06340116343804,0.737269786698318,0.280097704641116,-0.0173674913394337,-0.000178137752621763,0.963128793123068,0.0185700169571389,0.983168232191744,-0.687226280536223,0.67,0.1,1.035,0.5,0.6,0.25,0.4,0.005,0.975,0.8,0.1,1.31780554910172,0.890837702630958,0.527122219640687,0.291466906942103,0.326842390047085,0.478484758609748,-1.37486446928717,2.12104033245882,7.05623085848618
139,-0.00561932711038142,0.791685443668727,0.0956569589654225,-0.00586862937250554,-0.00586860779160558,-0.00527412497397073,0.0124649660990358,0.0065616481638235,0.00571772240190794,13.1576007525917,21.8691776207901,2.27874172851287,3.43837214442254,0.358217635842968,4.00884265192025,2.96045624080584,1.11803479188714,-0.0696483807727283,16.0976645282383,26.3726240075752,2.58207457338846,0.200656895612467,0.173047926118443,0.0147635898053526,1.04184187577492,4.10445624124506,0.698034056769194,0.404062879829801,0.62510512546495,0.260460468943729,0.22104936077168,0.472025581126218,-0.720718714789761,-0.0109753850401362,0.983662480286153,0.999352576254067,0.984299739310499,0.52984556411402,0.0506834153844659,0.419471020501514,1.06521864857499,1.06339634023299,0.738481526425113,0.27889216139562,-0.0173736878207331,-0.0001744994947396,0.963128793123068,0.0185700169571389,0.983210673505104,-0.687226280536223,0.67,0.1,1.035,0.5,0.6,0.25,0.4,0.005,0.975,0.8,0.1,1.31742927382323,0.890873894387536,0.526971709529293,0.291290349976642,0.326600688651238,0.478356992033833,-1.37418483431712,2.11011447034884,7.05759419867994
140,-0.00562716166552689,0.792143827661835,0.0956569573343378,-0.00586862515824393,-0.00586860820691548,-0.00529300849027436,0.0124710189500316,0.00656499475366083,0.00572068910836391,13.1495227581458,21.8406067576839,2.27569367557282,3.43407765041307,0.357758207755421,4.00461554843816,2.962037656835,1.11217617146739,-0.0695982798642322,16.0911705212868,26.3340001616809,2.57860500447182,0.200673336588242,0.172882611131869,0.0147514010078082,1.04130433231424,4.10020916760017,0.697673902650538,0.403776287350912,0.624782599388541,0.260326083078559,0.221063230282147,0.471930873635203,-0.720376218550549,-0.0109345271205194,0.983708042448436,0.999344702526145,0.984353086539426,0.529716910781996,0.0506711079339506,0.419611981284053,1.0652142426734,1.06339168708829,0.739655934756267,0.277723581206888,-0.0173795159631549,-0.000170859722634271,0.963128793123068,0.0185700169571389,0.983252274086881,-0.687226280536223,0.67,0.1,1.035,0.5,0.6,0.25,0.4,0.005,0.975,0.8,0.1,1.31706934109503,0.890911473712466,0.526827736438012,0.291120553887168,0.32636792900693,0.478235478343974,-1.37352986153279,2.09956704955018,7.05899209019456
141,-0.00563474815425869,0.792587916928374,0.0956569560531562,-0.00586862184803283,-0.00586860853313242,-0.00531128161210681,0.01247684747032,0.00656821770391859,0.00572354634987559,13.141784572919,21.8131141008043,2.27276051996785,3.42994142680142,0.357315854266846,4.00057179200805,2.96360035188128,1.10652136995108,-0.0695499298243134,16.0849977027655,26.2968130988086,2.57526610215108,0.200690099582659,0.172723224968145,0.0147396577406911,1.04078722568299,4.09613655996703,0.697327441207605,0.403500379752634,0.624472335409796,0.260196806420748,0.221077321617492,0.471840417491315,-0.720037103368775,-0.0108957167890998,0.983751632797846,0.99933707810497,0.98440421590613,0.529592328997565,0.0506591901410087,0.419748480861426,1.06520999357434,1.06338719749203,0.740794192917139,0.276590804385276,-0.0173849973024151,-0.000167225992784874,0.963128793123068,0.0185700169571389,0.983293031798505,-0.687226280536223,0.67,0.1,1.035,0.5,0.6,0.25,0.4,0.005,0.975,0.8,0.1,1.31672496564959,0.89095024919344,0.526689986259836,0.290957232037535,0.326143743990936,0.478119894968516,-1.37289857241544,2.08938330365463,7.06041948216048
142,-0.00564209454426406,0.79301815720264,0.0956569550468159,-0.00586861924793391,-0.00586860878936879,-0.00532896472809119,0.0124824607394234,0.00657132199851374,0.00572629853193339,13.1343702422355,21.786654255279,2.2699374281934,3.42595702785831,0.356889871914721,3.99670249529288,2.96514335868712,1.10106240106458,-0.0695032644588198,16.0791291401397,26.2610031242786,2.57205237774893,0.200707128744051,0.172569533682953,0.0147283420996286,1.04028969594823,4.09223037283512,0.696994096285311,0.403234716568767,0.624173817568935,0.260072423987056,0.221091589526919,0.471754002679052,-0.719701695111182,-0.0108588440243692,0.983793344611404,0.999329694983014,0.984453228549488,0.529471688123733,0.0506476494694136,0.419880662406853,1.06520589521041,1.06338286521044,0.741897442245789,0.27549270989339,-0.0173901521391794,-0.000163605109861427,0.963128793123068,0.0185700169571389,0.983332946349475,-0.687226280536223,0.67,0.1,1.035,0.5,0.6,0.25,0.4,0.005,0.975,0.8,0.1,1.31639540303887,0.890990043963989,0.526558161215548,0.290800111237604,0.325927783399488,0.478009936427058,-1.37229003096764,2.0795491539243,7.06187167965828
143,-0.00564920854044361,0.79343498033031,0.0956569542563574,-0.0058686172056126,-0.00586860899063679,-0.0053460775051315,0.0124878674348817,0.00657431240166066,0.00572894986613724,13.1272646334762,21.7611839877728,2.26721979708965,3.42211830305574,0.356479589914933,3.99299924627569,2.96666581535105,1.0957916512576,-0.069458220332966,16.0735488288496,26.2265133673983,2.56895860365502,0.200724372391235,0.172421313713111,0.0147174369833968,1.03981092343811,4.08848297483293,0.696673318703535,0.402978877639472,0.623886554062867,0.259952730859528,0.221105992368877,0.471671430302558,-0.719370282620104,-0.0108238049619981,0.983833266489751,0.999322545416854,0.984500220676357,0.529354861820846,0.050636473802577,0.420008664376577,1.06520194177466,1.06337868427412,0.742966785708149,0.274428213899832,-0.0173949996079809,-0.00016000318663265,0.963128793123068,0.0185700169571389,0.983372019124801,-0.687226280536223,0.67,0.1,1.035,0.5,0.6,0.25,0.4,0.005,0.975,0.8,0.1,1.31607994740458,0.891030694759521,0.52643197896183,0.290648931060593,0.325719713086275,0.477905313427695,-1.37170334181981,2.07005117037815,7.06334432351415
144,-0.00565609759397559,0.79383880469903,0.0956569536354695,-0.00586861560141361,-0.00586860914872855,-0.0053626389164011,0.0124930758515508,0.00657719346838515,0.0057315043794664,13.1204533906488,21.7366621106295,2.26460324142241,3.41841938192224,0.356084368453105,3.98945408076656,2.96816695879511,1.09070185861829,-0.0694147366468387,16.0682416403319,26.1932896296288,2.56597979928249,0.200741782764434,0.172278351359887,0.0147069260538086,1.03935012667742,4.08488712537171,0.696364584873869,0.402732462076174,0.62361007600645,0.259837531669354,0.221120491876403,0.471592511972742,-0.719043120611592,-0.0107905015467859,0.98387148259446,0.999315621918054,0.984545283807381,0.529241727899645,0.0506256514276521,0.420132620672703,1.06519812770785,1.06337464896512,0.744003289346167,0.273396268396157,-0.0173995577423239,-0.000156425699455228,0.963128793123068,0.0185700169571389,0.983410253025151,-0.687226280536223,0.67,0.1,1.035,0.5,0.6,0.25,0.4,0.005,0.975,0.8,0.1,1.31577792937354,0.891072051034808,0.526311171749416,0.290503443196695,0.325519214147367,0.477805752009954,-1.37113764839229,2.06087653546682,7.06483337104978
145,-0.00566276891104888,0.794230035656107,0.0956569531477755,-0.00586861434135011,-0.00586860927290611,-0.00537866726811509,0.0124980939198828,0.00657996955448307,0.00573396592305906,13.1139228916202,21.7130493729305,2.26208358222049,3.41485465975085,0.355703597075698,3.98605945660499,2.96964611853169,1.08578609318935,-0.0693727551160535,16.0631932730044,26.1612802419079,2.56311121787796,0.200759315788652,0.172140442300354,0.0146967936978241,1.03890656043569,4.08143595270867,0.696067395491915,0.402495087283152,0.623343936261416,0.259726640108924,0.221135052936239,0.471517069228809,-0.718720432365098,-0.0107588412035973,0.983908072873944,0.999308917244396,0.984588505011123,0.529132168179486,0.050615171020526,0.420252660799987,1.06519444768649,1.06337075380475,0.745007983662339,0.27239585987389,-0.0174038435362292,-0.000152877539614737,0.963128793123068,0.0185700169571389,0.983447652318887,-0.687226280536223,0.67,0.1,1.035,0.5,0.6,0.25,0.4,0.005,0.975,0.8,0.1,1.31548871407078,0.891113974134467,0.526195485628311,0.290363410841072,0.325325982150385,0.47771099273111,-1.37059213112054,2.05201301014275,7.06633507775708
146,-0.00566922946127667,0.794609065913619,0.0956569527647025,-0.0058686133515975,-0.00586860937044498,-0.00539418022514115,0.0125029292232514,0.00658264482595804,0.00573633818053214,13.1076602078479,21.6903083580132,2.25965683581682,3.41141878410866,0.35533669317425,3.98280822944669,2.97110271072345,1.08103773858085,-0.069332219857612,16.0583902060394,26.1304359305192,2.5603483341252,0.200776930849098,0.172007391125199,0.0146870249917374,1.03847951388189,4.0781229333372,0.695781274300866,0.402266388032744,0.623087708329134,0.259619878470472,0.221149643380959,0.471444932992164,-0.718402412219649,-0.0107287365265309,0.983943113278408,0.999302424391417,0.984629967126956,0.529026068351587,0.050605021631604,0.420368910016809,1.06519089661156,1.06336699354219,0.745981864943809,0.271426008058634,-0.0174078730024427,-0.000149363060831348,0.963128793123068,0.0185700169571389,0.983484222505186,-0.687226280536223,0.67,0.1,1.035,0.5,0.6,0.25,0.4,0.005,0.975,0.8,0.1,1.31521169924363,0.891156336513166,0.526084679697451,0.290228608114357,0.325139726405475,0.477620789893977,-1.37006600574818,2.04344890214824,7.06784597986718
147,-0.00567548598580263,0.794976275941209,0.0956569524638069,-0.00586861257416849,-0.00586860944705958,-0.00540919483550661,0.0125075890143824,0.00658522326797196,0.00573862467587143,13.1016530664492,21.6684033870222,2.25731920354407,3.40810664209948,0.354983100556732,3.97969363003139,2.97253623252864,1.07645047478366,-0.0692930772809147,16.0538196557627,26.1007096909353,2.5576868324872,0.200794590578195,0.171879010901494,0.0146776056673135,1.03806830883933,4.07494187261807,0.695505766922351,0.402046015591032,0.622840985303598,0.259517077209832,0.221164233793426,0.471375943050869,-0.718089227890279,-0.0107001049853639,0.983976675964288,0.999296136584268,0.984669748977171,0.528923317847123,0.0505951926723013,0.420481489480575,1.06518746959793,1.06336336314367,0.746925896529067,0.270485764698436,-0.0174116612275033,-0.000145886123173374,0.963128793123068,0.0185700169571389,0.983519970187519,-0.687226280536223,0.67,0.1,1.035,0.5,0.6,0.25,0.4,0.005,0.975,0.8,0.1,1.31494631349071,0.891199021002725,0.525978525396285,0.290098819513911,0.324960169275752,0.477534910814359,-1.36955852169034,2.03517303635835,7.06936287778243
148,-0.00568154500511148,0.795332034346908,0.09565695222746,-0.00586861196351474,-0.00586860950723866,-0.00542372755385223,0.012512080230943,0.00658770869333715,0.00574082878091744,13.0958898144682,21.6473004280997,2.2550670620406,3.40491334833466,0.354642288100395,3.97670924283552,2.97394625672409,1.07201826209526,-0.0692552759838297,16.0494695345231,26.0720566691108,2.55512259623692,0.200812260653751,0.171755122759012,0.0146685220797544,1.03767229813546,4.07188688657184,0.695240439750757,0.401833636891214,0.622603378881275,0.259418074533865,0.221178797322883,0.471309947572974,-0.717781022617591,-0.0106728686484895,0.984008829488604,0.999290047269863,0.984707925568749,0.528823809710048,0.0505856739021774,0.420590516387774,1.06518416196424,1.06335985778237,0.747841010020103,0.269574212403743,-0.017415222423846,-0.000142450133648268,0.963128793123068,0.0185700169571389,0.98355490295679,-0.687226280536223,0.67,0.1,1.035,0.5,0.6,0.25,0.4,0.005,0.975,0.8,0.1,1.3146920145898,0.891241920123438,0.525876805835921,0.289973839394142,0.324787045525021,0.477453135126343,-1.36906896046805,2.02717472702874,7.07088282033963
149,-0.00568741282655486,0.79567669824628,0.0956569520418146,-0.00586861148385953,-0.00586860955450808,-0.00543779426388546,0.0125164095103397,0.00659010475057839,0.00574295372247215,13.0903593851986,21.6269670108492,2.25289695412523,3.40183423356966,0.354313748480945,3.97384898602033,2.97533242659736,1.06773532607665,-0.0692187666536727,16.0453284118918,26.0444340497339,2.55265169712989,0.200829909607841,0.17163555549876,0.014659761177385,1.03729086404096,4.06895238475797,0.694984878907445,0.401628933751802,0.622374518424578,0.259322716010241,0.221193309512067,0.471246802647088,-0.717477917162218,-0.0106469539213367,0.984039638993655,0.999284150109312,0.984744568285217,0.528727440474438,0.0505764554166547,0.420696104108907,1.06518096922348,1.06335647282881,0.748728106442716,0.268690463536386,-0.0174185699791013,-0.000139058083729625,0.963128793123068,0.0185700169571389,0.983589029283465,-0.687226280536223,0.67,0.1,1.035,0.5,0.6,0.25,0.4,0.005,0.975,0.8,0.1,1.31444828791905,0.89128493543711,0.525779315167619,0.28985347147435,0.324620101700695,0.477375254123703,-1.3685966342133,2.0194437518101,7.07240308987298
150,-0.00569309555160382,0.796010613620224,0.0956569518959942,-0.0058686111071008,-0.00586860959163715,-0.00545141029987795,0.0125205832037721,0.00659241493158962,0.00574500258904847,13.0850512664418,21.6073721457327,2.25080558020331,3.39886483396671,0.353996996973263,3.97110709259207,2.97669445109934,1.06359614346566,-0.0691835019729284,16.0413854780524,26.0178009509847,2.5502703856766,0.200847508645965,0.171520145222448,0.0146513104729562,1.03692341679326,4.06613305417139,0.694738689251483,0.401431602137184,0.622154050075955,0.259230854198314,0.221207748134713,0.47118637184869,-0.717180011655275,-0.0106222912996054,0.984069166382486,0.999278438970638,0.984779745069033,0.528634110046238,0.0505675276352747,0.420798362318487,1.065177887074,1.0633532038418,0.749588057357546,0.267833659145191,-0.0174217165027371,-0.000135712584004868,0.963128793123068,0.0185700169571389,0.983622358418089,-0.687226280536223,0.67,0.1,1.035,0.5,0.6,0.25,0.4,0.005,0.975,0.8,0.1,1.31421464496628,0.891327976939432,0.525685857986512,0.289737528372572,0.324459095549937,0.477301070135702,-1.36814088424342,2.01197032740212,7.07392118804491
151,-0.00569859908283839,0.796334115661743,0.0956569517814555,-0.00586861081116508,-0.00586860962080116,-0.00546459046725734,0.0125246073895819,0.00659464257890799,0.00574697833728261,13.0799554705792,21.5884862480891,2.24878979016929,3.39600088094634,0.353691570319206,3.96847809269663,2.97803210024837,1.05959542897778,-0.0691494365295276,16.0376305092607,25.992118325382,2.54797508197544,0.200865031476017,0.17140873498173,0.0146431580164714,1.03656939319956,4.06342384409185,0.694501493443707,0.401241351458084,0.621941635919737,0.259142348299891,0.221222093042902,0.47112852583073,-0.71688738731496,-0.0105988151364388,0.984097470485516,0.999272907921747,0.984813520594897,0.528543721589225,0.0505588812904516,0.420897397120322,1.06517491139096,1.06335004655989,0.750421705924245,0.267002967945937,-0.0174246738701818,-0.000132415896192842,0.963128793123068,0.0185700169571389,0.983654900299601,-0.687226280536223,0.67,0.1,1.035,0.5,0.6,0.25,0.4,0.005,0.975,0.8,0.1,1.31399062192145,0.891370962489424,0.525596248768582,0.289625831164047,0.324303795467173,0.477230395935652,-1.36770107970302,2.00474508672961,7.07543482241359
152,-0.00570392913068435,0.796647529112004,0.0956569516914878,-0.00586861057871391,-0.00586860964370894,-0.00547734906233188,0.0125284878859387,0.00659679089262739,0.00574888379802866,13.0750625063504,21.5702810664802,2.24684657577359,3.39323829159305,0.353397025658365,3.96595679697628,2.97934520077673,1.05572812293104,-0.0691165267314846,16.0340538352501,25.9673488663264,2.54576236706992,0.200882454146677,0.171301174446073,0.0146352923694476,1.0362282553151,4.06081995182597,0.694272931061118,0.401057903909623,0.621736953189061,0.259057063828775,0.221236326023675,0.471073141937149,-0.716600108038747,-0.0105764634227756,0.984124607218745,0.999267551223662,0.984845956434417,0.528456181415049,0.0505505074166874,0.420993311168263,1.06517203821832,1.06334699689322,0.751229867921079,0.266197585343478,-0.0174274532645567,-0.000129169962718833,0.963128793123068,0.0185700169571389,0.983686665470904,-0.687226280536223,0.67,0.1,1.035,0.5,0.6,0.25,0.4,0.005,0.975,0.8,0.1,1.31377577834753,0.891413817273847,0.525510311339011,0.289518208962948,0.324153979971205,0.477163054180659,-1.36727661627128,1.99775905753267,7.07694189370609
153,-0.00570909121990727,0.796951168585988,0.0956569516208201,-0.00586861039612852,-0.00586860966170244,-0.00548969989119297,0.0125322302395435,0.00659886292394687,0.00575072167056339,13.0703633949258,21.5527296975418,2.24497307237523,3.39057316558129,0.35311294012951,3.96353827616377,2.98063362795959,1.05198937888333,-0.0690847306791549,16.030646347227,25.943457007096,2.54362898443204,0.20089975500601,0.171197319825202,0.014627702606459,1.03589948919219,4.05831681694118,0.694052657758768,0.400881001500195,0.621539693515315,0.258974872298048,0.221250430664424,0.47102010302315,-0.716318234292719,-0.0105551909322007,0.984150628424176,0.999262363323993,0.9848771099018,0.52837139887719,0.0505423973402204,0.421086203782589,1.06516926378105,1.06334405093781,0.752013332602745,0.265416732622572,-0.0174300652253171,-0.000125971111521631,0.963128793123068,0.0185700169571389,0.983717663691462,-0.687226280536223,0.67,0.1,1.035,0.5,0.6,0.25,0.4,0.005,0.975,0.8,0.1,1.31356969592536,0.891456471762262,0.525427878370145,0.289414499039178,0.32400943765882,0.477098877145204,-1.3668669140112,1.99100364084592,7.07844047414701
154,-0.00571409069587313,0.797245338888055,0.0956569515653121,-0.00586861025271168,-0.00586860967583602,-0.0055016562878325,0.0125358398071839,0.00660086162049941,0.00575249456286815,13.0658495162596,21.5358062737892,2.24316652518836,3.38800175779449,0.352838908047321,3.9612178606841,2.98189731365181,1.04837455528939,-0.0690540082571089,16.0273993517612,25.9204085750387,2.54157180319191,0.200916914214147,0.171097032852549,0.0146203782133368,1.03558260434086,4.05591008567738,0.693840344908378,0.400710375612534,0.621349562604517,0.258895651085216,0.221264392364274,0.470969300221463,-0.716041787597805,-0.0105349162306601,0.98417558715264,0.999257338850647,0.984907039346487,0.528289286268701,0.0505345426690785,0.421176171062219,1.06516658441843,1.06334120490261,0.752772863932825,0.264659655732456,-0.0174325196652808,-0.000122831406259209,0.963128793123068,0.0185700169571389,0.983747907802845,-0.687226280536223,0.67,0.1,1.035,0.5,0.6,0.25,0.4,0.005,0.975,0.8,0.1,1.31337197808602,0.891498867122428,0.525348791234409,0.289314544886201,0.323869965376365,0.477037705403484,-1.36647141954571,1.98447059696032,7.07992882439521
155,-0.00571893273058455,0.797530335317716,0.0956569515217119,-0.0058686101400609,-0.00586860968693759,-0.00551323113151281,0.0125393217004749,0.0066027897954202,0.0057542049640628,13.061512707464,21.5194861396923,2.24142430851189,3.38552048913655,0.352574541822947,3.95899111277339,2.98313623150163,1.0448792021335,-0.0690243208617394,16.0243046551085,25.8981709632783,2.53958783861423,0.200933913945653,0.171000181194657,0.0146133091411271,1.03527713067572,4.05359562049524,0.693635677552731,0.400545788563706,0.621166278405431,0.25881928266893,0.221278197802784,0.470920628673962,-0.715770786127276,-0.0105155974340239,0.984199530426868,0.999252472605762,0.984935796916629,0.528209758723578,0.0505269352835164,0.421263305992905,1.06516399663299,1.06333845516413,0.753509201340282,0.263925624577118,-0.0174348259174001,-0.000119747404330533,0.963128793123068,0.0185700169571389,0.983777409909362,-0.687226280536223,0.67,0.1,1.035,0.5,0.6,0.25,0.4,0.005,0.975,0.8,0.1,1.31318224644108,0.891540947315976,0.525272898576434,0.289218197365999,0.323735369084964,0.476979388157385,-1.36608960101044,1.97815202176207,7.08140535637318
156,-0.00572362232850156,0.797806443965904,0.0956569514874648,-0.00586861005157613,-0.00586860969565761,-0.0055244368634243,0.0125426808115079,0.00660465014150761,0.00575585525695525,13.0573452114907,21.5037457383111,2.23974391355494,3.38312593390124,0.352319470633219,3.95685381758372,2.98435039612458,1.04149905285751,-0.0689956313983682,16.0213545105724,25.8767129967422,2.53767423855601,0.20095073817139,0.170906638010179,0.0146064857662258,1.03498261926008,4.05136948422297,0.693438354904254,0.400387009113221,0.620989571556049,0.25874565481502,0.221291835214292,0.470873988566397,-0.715505238195295,-0.0104971873913983,0.984222503755815,0.999247759559856,0.984963433082242,0.528132734121623,0.0505195673268143,0.421347698551562,1.0651614970713,1.06333579824601,0.754223060467974,0.263213932298855,-0.0174369927668285,-0.000116719224556568,0.963128793123068,0.0185700169571389,0.983806182247772,-0.687226280536223,0.67,0.1,1.035,0.5,0.6,0.25,0.4,0.005,0.975,0.8,0.1,1.31300014201461,0.891582661221601,0.525200056805843,0.289125313994389,0.323605463112274,0.476923782572408,-1.36572094832149,1.97204033298504,7.08286862936164
157,-0.00572816433215511,0.798073942002039,0.0956569514605645,-0.00586860998207328,-0.00586860970250702,-0.0055352855026638,0.0125459218265706,0.0066064452387573,0.00575744772470369,13.0533396493026,21.4885625446996,2.23812294132156,3.38081481100057,0.352073339530289,3.95480197128616,2.98553986034743,1.03823001516463,-0.0689679042259016,16.0185415879723,25.8560048486498,2.5358282754929,0.200967372522588,0.170816281662419,0.0145998988669463,1.03469864091064,4.04922792814018,0.693248089410128,0.400233814788278,0.620819184546384,0.25867466022766,0.221305294200369,0.470829285532693,-0.715245141400403,-0.0104796396371196,0.984244550571829,0.999243194846184,0.984989996077317,0.528058132996681,0.0505124311964198,0.421429435806898,1.0651590825144,1.06333323080899,0.75491513406284,0.262523894420783,-0.0174390284836231,-0.000113747520131812,0.963128793123068,0.0185700169571389,0.983834237313362,-0.687226280536223,0.67,0.1,1.035,0.5,0.6,0.25,0.4,0.005,0.975,0.8,0.1,1.31282532374989,0.891623963560186,0.525130129499955,0.289035758547712,0.323480069690532,0.476870753315561,-1.36536497239099,1.96612825423741,7.08431734159981
158,-0.00573256342756135,0.798333097952163,0.0956569514394349,-0.00586860992748039,-0.00586860970788716,-0.00554578866156541,0.0125490492358418,0.00660817755965526,0.00575898455548568,13.0494889993619,21.4739150140468,2.23655909709175,3.37858397729836,0.351835808671448,3.95283176951724,2.98670471216575,1.03506816244541,-0.0689411050939223,16.0158589500953,25.836017973303,2.53404734027378,0.200983804175577,0.170728995475726,0.0145935396045085,1.03442478513185,4.04716738185316,0.693064606038341,0.400085992456839,0.620654871079112,0.258606196282963,0.221318565607834,0.470786430075098,-0.714990483415036,-0.0104629100383701,0.984265712199497,0.999238773755301,0.985015531873796,0.527985878448109,0.0505055195354181,0.421508602016473,1.06515674987163,1.06333074964468,0.755586092784509,0.261854848068122,-0.0174409408526316,-0.000110832825391603,0.963128793123068,0.0185700169571389,0.983861587825497,-0.687226280536223,0.67,0.1,1.035,0.5,0.6,0.25,0.4,0.005,0.975,0.8,0.1,1.31265746742213,0.891664813950829,0.525062986968851,0.288949400753604,0.323359018573649,0.476820172148522,-1.365021204179,1.96040880011366,7.08575032129244
159,-0.00573682414944445,0.79858417196842,0.095656951422838,-0.00586860988459881,-0.005868609712113,-0.00555595756041405,0.012552067342338,0.00660984947406015,0.00576046784680404,13.0457865787776,21.4597825336093,2.23505018530853,3.37643042115094,0.351606552595787,3.95093959651223,2.98784507183901,1.03200972575528,-0.0689152010820599,16.013300030927,25.8167250435914,2.53232893632755,0.201000021744544,0.170644667507173,0.0145873995052863,1.03416065920018,4.04518444389167,0.692887641664119,0.399943338010432,0.620496395520106,0.258540164800044,0.221331641434197,0.470745337232874,-0.714741242899546,-0.010446956854491,0.98428602795252,0.999234491729808,0.98504008428351,0.527915896055355,0.0504988252243111,0.421585278720333,1.06515449617497,1.06332835166992,0.756236585969332,0.26120615123214,-0.0174427372014722,-0.000107975512810848,0.963128793123068,0.0185700169571389,0.983888246682771,-0.687226280536223,0.67,0.1,1.035,0.5,0.6,0.25,0.4,0.005,0.975,0.8,0.1,1.31249626472976,0.891705176431196,0.524998505891905,0.288866116003499,0.323242146679515,0.47677191754573,-1.36468919377718,1.95487526226539,7.08716651802508
160,-0.00574095088627525,0.79882741609015,0.0956569514098015,-0.0058686098509162,-0.00586860971543246,-0.00556580304156939,0.0125549802704082,0.0066114632538396,0.00576189960957598,13.0422260255463,21.4461453773335,2.23359410475193,3.37435125623409,0.351385259539829,3.94912201487496,2.98896108915348,1.02905108626377,-0.0688901605422981,16.0108586151389,25.7980998919946,2.53067067419345,0.201016015180739,0.170563190330194,0.0145814704439842,1.03390588730839,4.0432758728567,0.692716944496623,0.399805655950001,0.620343532385035,0.258476471827098,0.22134451474164,0.470705926329608,-0.714497390366771,-0.0104317406203848,0.98430553523621,0.999230344359293,0.985063695065573,0.527848113795547,0.050492341373096,0.421659544831356,1.06515231857369,1.06332603392133,0.756867242362666,0.26057718206427,-0.0174444244269358,-0.00010517580323937,0.963128793123068,0.0185700169571389,0.983914226920848,-0.687226280536223,0.67,0.1,1.035,0.5,0.6,0.25,0.4,0.005,0.975,0.8,0.1,1.31234142245118,0.891745019121027,0.524936568980474,0.28878578508054,0.323129297751471,0.47672587433337,-1.36436850953806,1.94952119628557,7.08856499465446
161,-0.00574494788513278,0.799063074496844,0.0956569513995617,-0.00586860982445925,-0.00586860971803971,-0.00557533558302692,0.0125577919738172,0.00661302107728369,0.00576328177202609,13.0388012817801,21.4329846629372,2.23218884397467,3.37234371568622,0.351171630789446,3.94737575594209,2.99005294084827,1.02618876813794,-0.068865953044116,16.0085288187293,25.7801174547963,2.52907026634767,0.201031775677698,0.170484460829324,0.0145757446276702,1.03366010975597,4.04143857907242,0.692552273536502,0.399672758981341,0.620196065853584,0.258415027438993,0.221357179576743,0.470668120742081,-0.714258888983921,-0.01041722401929,0.984324269645551,0.999226327375441,0.985086404029173,0.527782461963948,0.0504860613136263,0.421731476722425,1.06515021432923,1.06332379355024,0.757478670822264,0.259967338197656,-0.0174460090199199,-0.000102433779763017,0.963128793123068,0.0185700169571389,0.983939541673911,-0.687226280536223,0.67,0.1,1.035,0.5,0.6,0.25,0.4,0.005,0.975,0.8,0.1,1.3121926616497,0.891784313921049,0.524877064659879,0.28870829390163,0.323020322037472,0.476681933347871,-1.36405873724851,1.94434040934091,7.08994491965857
162,-0.00574881925639551,0.79929138375323,0.0956569513915185,-0.00586860980367798,-0.00586860972008774,-0.00558456531144336,0.0125605062434406,0.00661452503330651,0.00576461618339253,13.0355065778658,21.4202823113016,2.23083247698409,3.37040514655538,0.350965380065907,3.9456977107052,2.99112082819701,1.02341943183049,-0.0688425493223069,16.0063050707496,25.7627537193138,2.5275255223083,0.20104729558214,0.170408380005367,0.0145702145806153,1.03342298218184,4.03966961671052,0.692393398061835,0.399544467630255,0.620053789309106,0.258355745545461,0.221369630895378,0.470631847682791,-0.714025695314429,-0.0104033717611107,0.984342265058215,0.999222436647322,0.98510824913116,0.527718873097199,0.0504799785922456,0.421801148310555,1.06514818081041,1.06332162781777,0.758071460994241,0.259376036094728,-0.017447497088969,-9.97494008853634e-05,0.963128793123068,0.0185700169571389,0.983964204139543,-0.687226280536223,0.67,0.1,1.035,0.5,0.6,0.25,0.4,0.005,0.975,0.8,0.1,1.31204971692249,0.891823036232602,0.524819886768996,0.288633533272803,0.322915075985884,0.476639991112868,-1.36375947934498,1.93932694850198,7.09130555992411
163,-0.00575256897826869,0.799512573046716,0.0956569513852008,-0.00586860978735471,-0.00586860972169634,-0.00559350201464803,0.0125631267145889,0.00661597712544684,0.00576590461745651,13.0323364174989,21.4080210080371,2.22952315915524,3.36853300453405,0.350766232944118,3.94408492125643,2.99216497473772,1.02073986774604,-0.0688199212273225,16.0041820960544,25.7459856739615,2.52603434400194,0.201062568310233,0.170334852790434,0.0145648731298962,1.033194174837,4.03796617635816,0.692240097140792,0.399420609877582,0.619916504902202,0.258298543709251,0.221381864492457,0.470597037994666,-0.71379776000393,-0.0103901504676932,0.984359553722703,0.99921866817684,0.985129266568599,0.527657281899229,0.0504740869626817,0.421868631138089,1.06514621548871,1.06331953409021,0.758646183962886,0.258802710419609,-0.0174488943824948,-9.71225127003172e-05,0.963128793123068,0.0185700169571389,0.983988227546795,-0.687226280536223,0.67,0.1,1.035,0.5,0.6,0.25,0.4,0.005,0.975,0.8,0.1,1.31191233569102,0.891861164695421,0.524764934276408,0.288561398657193,0.322813421957028,0.476599949533627,-1.36347035416817,1.93447508972495,7.09264627394945
164,-0.00575620090115404,0.799726864417435,0.0956569513802383,-0.00586860977453307,-0.00586860972295988,-0.00560215515366491,0.0125656568739817,0.00661737927567806,0.00576714877590366,13.0292855635422,21.3961841670949,2.22825912336185,3.36672484896514,0.35057392630118,3.94253457272587,2.99318562414337,1.01814699026051,-0.0687980416780041,16.0021548990183,25.7297912609805,2.52459472137675,0.201077588268957,0.170263787872293,0.0145597133917194,1.03297337189488,4.03632557800307,0.692092159169567,0.399301020812893,0.619784023136926,0.258243342973719,0.221393876936228,0.470563625957202,-0.713575028414129,-0.0103775285645661,0.984376166341859,0.99921501809434,0.985149490866559,0.527597625169733,0.0504683803791903,0.421933994451076,1.06514431593396,1.06331750983451,0.759203392875517,0.258246813434227,-0.0174502063097432,-9.45528601387353e-05,0.963128793123068,0.0185700169571389,0.984011625127221,-0.687226280536223,0.67,0.1,1.035,0.5,0.6,0.25,0.4,0.005,0.975,0.8,0.1,1.31178027753047,0.891898680942352,0.524712111012186,0.288491789954941,0.322715227949552,0.476561715608039,-1.36319099525476,1.92977932744288,7.09396650544221
165,-0.00575971875186768,0.799934472981121,0.0956569513763404,-0.00586860976446202,-0.00586860972395242,-0.00561053387426691,0.0125681000663874,0.00661873332803644,0.00576835029152534,13.0263490246622,21.384755896306,2.2270386763122,3.36497833810399,0.350388207793557,3.94104398568078,2.99418303822622,1.01563783207113,-0.0687768846165675,16.0002187481639,25.7141493316779,2.52320472824762,0.201092350782276,0.170195097527524,0.0145547287584277,1.03276027079724,4.03474526441072,0.69194938143415,0.399185542306015,0.619656162478343,0.25819006769931,0.221405665506856,0.470531549103374,-0.713357441208288,-0.0103654761790188,0.984392132151999,0.999211482654373,0.985168954961359,0.527539841735127,0.0504628529899393,0.421997305274933,1.06514247981008,1.06331555261415,0.759743623543506,0.257707814417068,-0.017451437960574,-9.20400972950896e-05,0.963128793123068,0.0185700169571389,0.984034410088632,-0.687226280536223,0.67,0.1,1.035,0.5,0.6,0.25,0.4,0.005,0.975,0.8,0.1,1.31165331353603,0.891935569369989,0.52466132541441,0.288424611294361,0.322620367340857,0.476525201153272,-1.36292105066432,1.92523436472703,7.09526577729093
166,-0.00576312613771215,0.800135607145041,0.0956569513732787,-0.00586860975655146,-0.00586860972473191,-0.00561864701808201,0.0125704595009459,0.00662004105207721,0.00576951073126845,13.0235220426986,21.373720964735,2.22586019507815,3.36329122462223,0.350208835361227,3.9396106089588,2.99515749506909,1.01320953885543,-0.0687564249657201,15.9983691616505,25.6990396040277,2.5218625183598,0.201106852021863,0.170128697462998,0.0145499128861528,1.03255458163381,4.03322279487018,0.691811569694654,0.399074022695263,0.619532748980287,0.258138645408453,0.221417228139038,0.470500748046712,-0.713144934891674,-0.0103539650439738,0.98440747899787,0.999208058231599,0.985187690279517,0.527483872381882,0.0504574991306224,0.422058628487494,1.06514070487107,1.06331366008503,0.760267395020546,0.257185199103571,-0.0174525941241164,-8.95837969440726e-05,0.963128793123068,0.0185700169571389,0.984056595591391,-0.687226280536223,0.67,0.1,1.035,0.5,0.6,0.25,0.4,0.005,0.975,0.8,0.1,1.311531225724,0.891971816924261,0.524612490289601,0.288359770833796,0.322528718640766,0.476490322547266,-1.36266018233932,1.92083510398189,7.09654368589182
167,-0.0057664265504077,0.800330468817186,0.0956569513708738,-0.00586860975033787,-0.00586860972534431,-0.00562650313327229,0.0125727382571906,0.00662130414616635,0.00577063159914035,13.0208000807243,21.3630647717458,2.22472212380613,3.36166135133977,0.350035576757286,3.93823201290889,2.99610928727693,1.01085936421975,-0.0687366385877959,15.9966018935749,25.6844426224976,2.5205663216587,0.201121088942126,0.170064506665207,0.0145452596830782,1.03235602655364,4.03175583928682,0.691678537790942,0.398966316491558,0.619413615932187,0.258089006638411,0.221428563368404,0.470471166317966,-0.712937442310116,-0.0103429684074337,0.984422233403663,0.99920474131684,0.98520572681261,0.527429659792158,0.0504523133182949,0.422118026889546,1.06513898895724,1.06331182999164,0.760775210159168,0.256678469147193,-0.0174536793063609,-8.71834593025592e-05,0.963128793123068,0.0185700169571389,0.984078194727041,-0.687226280536223,0.67,0.1,1.035,0.5,0.6,0.25,0.4,0.005,0.975,0.8,0.1,1.3114138064657,0.892007412900069,0.52456552258628,0.288297180573559,0.322440165257722,0.476457000484257,-1.36240806549639,1.91657663813996,7.09779989581186
168,-0.0057696233698884,0.800519253608956,0.0956569513689848,-0.00586860974545722,-0.00586860972582526,-0.00563411048480322,0.0125749392907834,0.00662252424061703,0.00577171433897705,13.018178811757,21.3527733176782,2.22362297059956,3.36008664717232,0.349868209101581,3.93690588301558,2.99703872034253,1.00858466491886,-0.0687175022458008,15.9949129210374,25.6703397199689,2.51931444075362,0.201135059219305,0.170002447257048,0.0145407632982819,1.03216433920657,4.03034217260126,0.691550107268403,0.398862284097489,0.619298603523943,0.258041084801643,0.221439670281478,0.470442750210817,-0.712734893109619,-0.010332460947114,0.984436420640281,0.999201528513262,0.985223093188268,0.527377148481637,0.0504472902454218,0.42217556127294,1.06513732999155,1.06331006016338,0.761267556146484,0.25618714160026,-0.0174546977467433,-8.48385200811499e-05,0.963128793123068,0.0185700169571389,0.984099220499096,-0.687226280536223,0.67,0.1,1.035,0.5,0.6,0.25,0.4,0.005,0.975,0.8,0.1,1.31130085795229,0.892042348754133,0.524520343180916,0.288236756177433,0.322354595276831,0.476425159743602,-1.36216438804732,1.91245424232479,7.09903413477057
169,-0.00577271986796783,0.800702151031508,0.095656951367501,-0.00586860974162351,-0.00586860972620307,-0.00564147706432172,0.0125770654389772,0.00662370290067726,0.00577276033708017,13.0156541080865,21.3428331760478,2.22256130456304,3.35856512328261,0.349706518457024,3.93563001388348,2.99794611112021,1.00638289632954,-0.0686989935662669,15.9932984319321,25.6567129816349,2.51810524756492,0.201148761194397,0.16994244436162,0.0145364181111242,1.03197926421306,4.02897966951542,0.691426107022754,0.398761791540578,0.619187558527839,0.257994816053266,0.221450548468984,0.470415448636123,-0.712537214159776,-0.0103224186900416,0.984450064789058,0.999198416532692,0.985239816737488,0.527326284739498,0.0504424247741311,0.42223129048637,1.0651357259761,1.0633083485111,0.761744905020049,0.255710748413729,-0.0174556534337779,-8.25483578788634e-05,0.963128793123068,0.0185700169571389,0.984119685805819,-0.687226280536223,0.67,0.1,1.035,0.5,0.6,0.25,0.4,0.005,0.975,0.8,0.1,1.31119219168891,0.892076617930227,0.524476876675565,0.288178416803211,0.322271901249095,0.476394728971159,-1.36192885004803,1.90846336595321,7.10024618892376
170,-0.00577571921187932,0.800879344685998,0.0956569513663355,-0.00586860973861225,-0.00586860972649983,-0.00564861059965993,0.0125791194258204,0.00662484162937717,0.00577377092473037,13.0132220311796,21.3332314671779,2.22153575299898,3.35709486942399,0.349550299427329,3.93440230356059,2.99883178640181,1.00425160816261,-0.0686810910038227,15.9917548134188,25.6435452107586,2.51693718014364,0.201162193819709,0.169884425972691,0.0145322187211566,1.03180055666097,4.02766629950752,0.691306372962853,0.398664710219896,0.619080333996584,0.257950139165244,0.221461197982297,0.470389212984218,-0.712344329943516,-0.0103128189367454,0.984463188802119,0.999195402192061,0.985255923558472,0.527277016570425,0.0504377119306636,0.42228527149891,1.06513417498888,1.06330669302367,0.762207714164734,0.255248835955056,-0.0174565501197896,-8.03123009766814e-05,0.963128793123068,0.0185700169571389,0.984139603424846,-0.687226280536223,0.67,0.1,1.035,0.5,0.6,0.25,0.4,0.005,0.975,0.8,0.1,1.31108762801634,0.892110215696062,0.524435051206537,0.288122084941797,0.322191979991225,0.476365640472563,-1.36170116317406,1.90459962524931,7.10143589843281
171,-0.00577862446769526,0.80105101244788,0.0956569513654201,-0.00586860973624703,-0.00586860972673287,-0.00565551856397906,0.0125811038671149,0.006625941870242,0.00577474738058237,13.0108788221332,21.3239558331863,2.22054499874811,3.35567405046583,0.349399354774978,3.93322074818022,2.99969608158932,1.00218844039829,-0.0686637738073895,15.9902786410386,25.6308198961861,2.51580873965422,0.201175356608832,0.169828322831444,0.0145281599385191,1.03162798162766,4.02640012211918,0.691190747690535,0.398570916665366,0.618976788976599,0.257906995406916,0.221471619292844,0.470363996994805,-0.712156162915559,-0.0103036401898267,0.984475814559552,0.999192482409966,0.985271438577161,0.527229293638603,0.0504331469000126,0.422337559461383,1.06513267518055,1.06330509176485,0.762656426791404,0.254800964543392,-0.0174573913347966,-7.81296335852201e-05,0.963128793123068,0.0185700169571389,0.984158985999505,-0.687226280536223,0.67,0.1,1.035,0.5,0.6,0.25,0.4,0.005,0.975,0.8,0.1,1.31098699565871,0.892143138991104,0.524394798263484,0.288067686264398,0.322114732395456,0.476337830017759,-1.36148105022121,1.90085879614507,7.10260315330443
172,-0.00578143860362997,0.801217326645464,0.095656951364701,-0.00586860973438907,-0.00586860972691605,-0.0056622081845713,0.0125830212751396,0.0066270050098776,0.0057756909329476,13.0086208926435,21.3149944142493,2.21958777766584,3.35430090309087,0.349253495058304,3.93208343690262,3.00053933945896,1.00019111943158,-0.06864702198792,15.988866668438,25.6185211815184,2.51471848751103,0.201188249589829,0.169774068309186,0.0145242367748043,1.03146131372619,4.0251792824987,0.691079080196549,0.398480292309035,0.618876788235715,0.257865328431548,0.221481813254274,0.470339756634021,-0.7119726338318,-0.0102948620866646,0.984487962923563,0.999189654203352,0.985286385604633,0.527183067213609,0.0504287250207461,0.422388207765644,1.06513122477148,1.06330354287022,0.763091472398208,0.254366708001382,-0.0174581803995899,-7.59996015460807e-05,0.963128793123068,0.0185700169571389,0.984177846026695,-0.687226280536223,0.67,0.1,1.035,0.5,0.6,0.25,0.4,0.005,0.975,0.8,0.1,1.31089013129576,0.892175386284637,0.524356052518303,0.288015149477388,0.322040063248836,0.476311236656151,-1.36126824463,1.89723680754395,7.103747889486
173,-0.00578416449323032,0.801378454232904,0.0956569513641362,-0.0058686097329298,-0.00586860972705983,-0.00566868645133156,0.0125848740631525,0.00662803238043515,0.00577660276197045,13.00644481646,21.3063358260709,2.21866287622665,3.35297373265516,0.349112538286638,3.93098854713857,3.0013619090116,0.998257454414564,-0.0686308162876015,15.9875158176659,25.6066338358429,2.51366504266004,0.201200873261474,0.169721598295695,0.0145204444343605,1.0313003366742,4.02400200718574,0.690971225571717,0.398392723267698,0.618780202004523,0.257825084168551,0.221491781067231,0.470316449978261,-0.711793662051694,-0.0102864653359889,0.984499653789774,0.999186914684303,0.985300787391547,0.527138290118142,0.050424441780005,0.422437268101852,1.0651298220488,1.06330204454424,0.763513267215202,0.253945653222852,-0.0174589204380542,-7.3921417585275e-05,0.963128793123068,0.0185700169571389,0.984196195846207,-0.687226280536223,0.67,0.1,1.035,0.5,0.6,0.25,0.4,0.005,0.975,0.8,0.1,1.31079687915833,0.892206957443472,0.524318751663331,0.28796440618443,0.321967881061451,0.476285802541843,-1.36106249003268,1.8937297349256,7.1048700852027
174,-0.00578680491845824,0.801534556957794,0.0956569513636925,-0.00586860973178349,-0.00586860972717285,-0.00567496012491442,0.0125866645496809,0.00662902526196013,0.00577748400170248,13.0043473213013,21.2979691384916,2.2177691292496,3.35169091020165,0.348976309592525,3.92993434003827,3.00216414440466,0.996385333784062,-0.0686151381504481,15.9862231700118,25.5951432259421,2.51264707899769,0.201213228552344,0.169670851092898,0.0145167783060131,1.03114484288436,4.02286660012318,0.690867044732519,0.398308100136211,0.618686905730614,0.257786210721089,0.221501524246568,0.470294037104388,-0.711619165815523,-0.0102784316580808,0.984510906135812,0.999184261056949,0.985314665679766,0.527094916677513,0.0504202928086704,0.422484790513816,1.06512846536373,1.0633005950575,0.76392221463302,0.253537399755753,-0.0174596143887731,-7.18942661180251e-05,0.963128793123068,0.0185700169571389,0.984214047631367,-0.687226280536223,0.67,0.1,1.035,0.5,0.6,0.25,0.4,0.005,0.975,0.8,0.1,1.3107070906457,0.892237853608675,0.524282836258279,0.287915390755461,0.321898097903127,0.476261472768365,-1.36086353982159,1.89033379427119,7.1059697575231
175,-0.005789362572669,0.801685791523536,0.095656951363344,-0.0058686097308831,-0.00586860972726155,-0.00568103574458934,0.0125883949626097,0.00662998488463203,0.00577833574208031,13.0023252812026,21.2898838551722,2.21690541773821,3.35045086961945,0.348844640920107,3.92891915623,3.0029464039609,0.994572721963312,-0.0685999696942133,15.9849859573552,25.5840352898942,2.51166332291928,0.201225316782611,0.169621767313619,0.0145132339551811,1.03099463307507,4.02177143888334,0.690766404160299,0.398226317790987,0.618596779845044,0.257748658268768,0.221511044590846,0.470272479985959,-0.711449062498386,-0.0102707437284764,0.984521738067339,0.999181690614467,0.985328041251323,0.527052902670848,0.0504162738766946,0.422530823452456,1.06512715312887,1.06329919274402,0.764318705616266,0.253141559399693,-0.0174602650159587,-6.9917307617375e-05,0.963128793123068,0.0185700169571389,0.984231413380896,-0.687226280536223,0.67,0.1,1.035,0.5,0.6,0.25,0.4,0.005,0.975,0.8,0.1,1.31062062396361,0.892268077080776,0.524248249585444,0.287868040202193,0.321830629248143,0.47623819521241,-1.36067115673783,1.88704533629034,7.10704695914047
176,-0.00579184006348896,0.801832309746642,0.0956569513630703,-0.00586860973017589,-0.00586860972733128,-0.00568691963580514,0.0125900674430802,0.00663091243089963,0.00577915903081146,13.0003757092729,21.2820698942944,2.21607066682819,3.34925210494052,0.348717370728754,3.92794141179376,3.00370904924978,0.992817656227534,-0.0685852936835561,15.9838015539971,25.5732965119893,2.51071255098976,0.20123713962838,0.169574289785096,0.0145098071163684,1.03084951590057,4.02071497109595,0.69066917565338,0.398147275203065,0.61850970954034,0.257712378975142,0.221520344153984,0.470251742395141,-0.711283268842533,-0.0102633851248352,0.984532166861654,0.999179200736193,0.985340933974859,0.527012205283927,0.050412380888589,0.422575413827483,1.06512588381576,1.06329783599874,0.764703119102247,0.252757755817497,-0.0174608749197442,-6.79896826493182e-05,0.963128793123068,0.0185700169571389,0.984248304911884,-0.687226280536223,0.67,0.1,1.035,0.5,0.6,0.25,0.4,0.005,0.975,0.8,0.1,1.31053734378179,0.892297631212912,0.524214937512715,0.287822294059766,0.321765393827526,0.476215920386073,-1.3604851124792,1.88386084093186,7.10810177535802
177,-0.00579423991559653,0.801974258709139,0.0956569513628553,-0.00586860972962044,-0.00586860972738601,-0.0056926179174781,0.0125916840492052,0.00663180903751717,0.00577995487517285,12.9984957508389,21.2745175702217,2.21526384383741,3.34809316776682,0.348594343711154,3.92699959445632,3.00445244423706,0.991118243723657,-0.0685710935043983,15.9826674689455,25.5629138988878,2.50979358773018,0.201248699088411,0.169528363457051,0.0145064936860107,1.0307093075991,4.01969571106651,0.690575236091397,0.398070875260326,0.61842558455946,0.257677326899775,0.221529425218915,0.470231789809976,-0.711121701169649,-0.0102563402769541,0.984542209008997,0.999176788884825,0.985353362849669,0.526972783063607,0.050408609879064,0.422618607057328,1.06512465595244,1.06329652327506,0.765075822385674,0.252385624160202,-0.0174614465458754,-6.61105155198316e-05,0.963128793123068,0.0185700169571389,0.984264733853798,-0.687226280536223,0.67,0.1,1.035,0.5,0.6,0.25,0.4,0.005,0.975,0.8,0.1,1.31045712090987,0.892326520311426,0.524182848363949,0.287778094274241,0.321702313488529,0.476194601297126,-1.3603051873263,1.88077691216175,7.10913432126642
178,-0.00579656457340967,0.802111780906212,0.0956569513626865,-0.00586860972918413,-0.00586860972742898,-0.00569813650901252,0.0125932467596125,0.00663267579748631,0.00578072424372611,12.9966826769527,21.2672175760675,2.21448395641214,3.34697266482075,0.348475410525069,3.92609225999463,3.00517695449878,0.989472658635262,-0.0685573531394139,15.9815813386314,25.5528749569531,2.50890530351345,0.201259997453093,0.169483935314055,0.0145032897156591,1.03057383165849,4.018712236574,0.690484467211191,0.397997024598236,0.618344298995096,0.257643457914624,0.221538290273138,0.470212589326723,-0.710964275574466,-0.0102495944195495,0.984551880251686,0.999174452603723,0.985365346047497,0.526934595873775,0.0504049570088146,0.422660447117409,1.0651234681212,1.06329525308252,0.765437171489885,0.25202481070495,-0.0174619821948345,-6.42789176236442e-05,0.963128793123068,0.0185700169571389,0.984280711643422,-0.687226280536223,0.67,0.1,1.035,0.5,0.6,0.25,0.4,0.005,0.975,0.8,0.1,1.31037983199075,0.892354749543453,0.5241519327963,0.287735385095613,0.321641313060898,0.476174193316902,-1.36013116978604,1.87779027299298,7.11014473910304
179,-0.00579881640368337,0.802245014389248,0.0956569513625538,-0.0058686097288414,-0.00586860972746273,-0.00570348113706631,0.0125947574768233,0.00663351376190801,0.00578146806795362,12.9949338782448,21.2601609671241,2.21373005076484,3.34588925561247,0.348360427538037,3.92521802883552,3.00588294649578,0.987879139484343,-0.0685440571445958,15.98054092003,25.5431676706961,2.50804661256377,0.201271037275537,0.169440954291965,0.0145001914054837,1.03044291849799,4.01776318583786,0.690396755393653,0.39792563343885,0.618265751098793,0.257610729624497,0.221546941986028,0.470194109576959,-0.710810908101134,-0.0102431335478672,0.984561195621187,0.999172189514298,0.985376900952164,0.526897604852776,0.050401418560448,0.422700976586775,1.06512231895635,1.06329402398459,0.765787511525155,0.251674972505275,-0.0174624840304306,-6.24939904776541e-05,0.963128793123068,0.0185700169571389,0.984296249520658,-0.687226280536223,0.67,0.1,1.035,0.5,0.6,0.25,0.4,0.005,0.975,0.8,0.1,1.31030535921028,0.892382324851029,0.524122143684112,0.28769411297607,0.321582320229583,0.476154654055356,-1.35996285625153,1.87489776075253,7.11113319578221
180,-0.00580099769802022,0.802374092904419,0.0956569513624496,-0.00586860972857217,-0.00586860972748926,-0.00570865734207116,0.0125962180304744,0.0066343239417495,0.00578218724381956,12.993246859101,21.2533391451003,2.21300120999791,3.34484165021788,0.348249256584313,3.92437558284033,3.00657078690514,0.986335986562041,-0.0685311906268461,15.979544084163,25.5337804822667,2.50721647105346,0.201281821344652,0.169399371198236,0.0144971950980803,1.03031640516558,4.01684725464453,0.690311991460937,0.39785661543745,0.618189843099347,0.257579101291394,0.221555383187805,0.470176320649195,-0.710661514903538,-0.0102369443757385,0.984570169473243,0.99916999731349,0.985388044197182,0.526861772372252,0.0503979909345465,0.4227402366932,1.06512120714214,1.06329283459651,0.766127177034608,0.251335777053278,-0.0174629540878857,-6.07548284969014e-05,0.963128793123068,0.0185700169571389,0.98431135852512,-0.687226280536223,0.67,0.1,1.035,0.5,0.6,0.25,0.4,0.005,0.975,0.8,0.1,1.31023359002255,0.892409252871347,0.524093436009018,0.287654226473199,0.32152526541354,0.476135943242919,-1.35980005067761,1.87209632257234,7.11209988058726
181,-0.00580311067529716,0.802499146026942,0.0956569513623678,-0.00586860972836067,-0.00586860972751013,-0.00571367048451743,0.0125976301803917,0.00663510730952971,0.00578288263325906,12.9916192321479,21.2467438431308,2.21229655250932,3.3438286071614,0.348141764733421,3.92356366226375,3.00724084200524,0.984841559481046,-0.0685187392225406,15.9785888099632,25.5247022719404,2.50641387529277,0.201292352660098,0.169359138635887,0.0144942972725641,1.03019413505,4.01596319362452,0.6902300704835,0.39778988753656,0.61811648103,0.2575485337625,0.22156361685005,0.470159194014748,-0.710516012390771,-0.0102310142961108,0.98457881552116,0.999167873771326,0.985398791701438,0.526827061997367,0.0503946706458613,0.42277826735677,1.0651201314108,1.0632916835833,0.766456492328217,0.251006901953228,-0.0174633942814458,-5.90605214987215e-05,0.963128793123068,0.0185700169571389,0.984326049493437,-0.687226280536223,0.67,0.1,1.035,0.5,0.6,0.25,0.4,0.005,0.975,0.8,0.1,1.31016441688971,0.892435540862738,0.524065766755884,0.287615676157901,0.321470081650312,0.476118022618776,-1.35964256427119,1.86938301109135,7.11304500301459
182,-0.00580515748401151,0.802620299291152,0.0956569513623035,-0.00586860972819458,-0.00586860972752645,-0.00571852575101239,0.0125989956195223,0.00663586480092769,0.00578355506559949,12.9900487130268,21.2403671115098,2.21161523047533,3.34284893139822,0.348037824069682,3.92278106287679,3.00789347711101,0.983394274842801,-0.0685066890770204,15.9776731784792,25.5159223395429,2.50563786000693,0.201302634408994,0.169320210930957,0.0144914945389379,1.03007595760663,4.01510980567166,0.690150891596441,0.397725369826876,0.618045574563977,0.257518989401657,0.221571646067676,0.47014270245762,-0.710374317358843,-0.0102253313438054,0.984587146867347,0.999165816728568,0.985409158703053,0.526793438448342,0.0503914543196337,0.422815107232023,1.06511909054058,1.06329056965777,0.766775771805387,0.250688034606157,-0.0174638064115447,-5.74101569876204e-05,0.963128793123068,0.0185700169571389,0.984340333057226,-0.687226280536223,0.67,0.1,1.035,0.5,0.6,0.25,0.4,0.005,0.975,0.8,0.1,1.31009773703572,0.892461196636037,0.52403909481429,0.28757841452676,0.321416704486081,0.476100855825208,-1.35949021519565,1.86675498035694,7.11396879076132
183,-0.00580714020454885,0.802737674316519,0.095656951362253,-0.00586860972806413,-0.00586860972753933,-0.0057232281601225,0.0126003159767312,0.00663659731631712,0.00578420533891645,12.9885331154432,21.2342013041151,2.21095642840655,3.34190147239071,0.347937311482168,3.92202663324462,3.00852905605648,0.981992604013108,-0.0684950268249657,15.9767953674017,25.5074303867657,2.50488749669647,0.201312669944273,0.169282544063251,0.0144887836327175,1.02996172809652,4.01428594349635,0.690074357824666,0.397662985414776,0.61797703685791,0.257490432024129,0.221579474042255,0.470126820008173,-0.710236347109645,-0.0102198841604232,0.984595176033208,0.999163824094428,0.985419159791514,0.52676086756327,0.0503883386880379,0.422850793748691,1.06511808335394,1.06328949157866,0.76708532026655,0.250378871904996,-0.0174641921715463,-5.58028222070487e-05,0.963128793123068,0.0185700169571389,0.984354219641649,-0.687226280536223,0.67,0.1,1.035,0.5,0.6,0.25,0.4,0.005,0.975,0.8,0.1,1.31003345221308,0.892486228490967,0.524013380885231,0.287542395918625,0.321365071870906,0.476084408307668,-1.35934282828869,1.86420948191479,7.11487148784805
184,-0.00580906085137573,0.802851388929737,0.0956569513622133,-0.00586860972796166,-0.00586860972754943,-0.00572778256800566,0.0126015928194714,0.00663730572223161,0.00578483422132883,12.9870703464733,21.2282390654812,2.21031936177289,3.34098512227416,0.347840108464509,3.92129927215008,3.00914794072154,0.980635071000148,-0.0684837395716104,15.9759536458928,25.4992165003197,2.5041618920756,0.201322462764593,0.169246095600226,0.0144861614098049,1.02985130733791,4.01349050730544,0.6900003759164,0.397602660296068,0.617910784402746,0.257462826834478,0.221587104066609,0.470111521880377,-0.710102019558109,-0.0102146619612473,0.984602914987473,0.999161893844367,0.985428808938182,0.526729316262166,0.0503853205867419,0.422885363151091,1.0651171087158,1.06328844814888,0.767385433214212,0.250079119939878,-0.0174645531540898,-5.4237606011687e-05,0.963128793123068,0.0185700169571389,0.984367719464519,-0.687226280536223,0.67,0.1,1.035,0.5,0.6,0.25,0.4,0.005,0.975,0.8,0.1,1.30997146848187,0.892510645157239,0.523988587392747,0.287507576435203,0.321315124058878,0.476068647220272,-1.35920023479281,1.86174386107657,7.11575335286887
185,-0.00581092137515973,0.802961557283002,0.0956569513621821,-0.00586860972788117,-0.00586860972755732,-0.0057321936738447,0.0126028276563311,0.00663799085276265,0.0057854424522343,12.9856584021167,21.2224733184923,2.2097032756945,3.34009881410726,0.347746100924057,3.92059792615489,3.00975049060036,0.979320250429283,-0.0684728148747557,15.9751463697022,25.4912711358905,2.5034601865854,0.201332016495694,0.169210824633847,0.0144836248415937,1.02974456146959,4.01272244260159,0.689928856184629,0.397544323235643,0.617846736881757,0.257436140367399,0.221594539510596,0.470096784412442,-0.709971253328456,-0.0102096545040419,0.98461037517305,0.999160024017964,0.985438119525234,0.526698752512203,0.0503823969515819,0.422918850536214,1.0651161655319,1.06328743821379,0.767676397143864,0.249788493713196,-0.0174648908570598,-5.27136005392991e-05,0.963128793123068,0.0185700169571389,0.984380842535901,-0.687226280536223,0.67,0.1,1.035,0.5,0.6,0.25,0.4,0.005,0.975,0.8,0.1,1.30991169600054,0.892534455740048,0.523964678400216,0.287473913865444,0.321266803512937,0.476053541336423,-1.35906227209791,1.85935555335608,7.11661465736119
186,-0.00581272366481944,0.803068289968605,0.0956569513621577,-0.00586860972781789,-0.00586860972756365,-0.00573646602508704,0.0126040219394654,0.00663865351089481,0.00578603074348958,12.9842953630793,21.2168972526575,2.20910744369446,3.33924152020295,0.347655178999922,3.91992158729046,3.01033706240861,0.978046765609402,-0.0684622407275469,15.974371976553,25.4835851028447,2.50278155297713,0.201341334873126,0.169176691720271,0.0144811710102972,1.02964136172544,4.01198073809552,0.689859712356046,0.397487905652722,0.617784817035265,0.257410340431361,0.221601783808002,0.470082585010627,-0.709843967840321,-0.0102048520596142,0.984617567532483,0.999158212716856,0.985447104373155,0.526669145294096,0.0503795648153465,0.422951289890557,1.06511525274714,1.06328646065957,0.767958489825139,0.249506716864067,-0.0174652066892056,-5.12299027199013e-05,0.963128793123068,0.0185700169571389,0.984393598658161,-0.687226280536223,0.67,0.1,1.035,0.5,0.6,0.25,0.4,0.005,0.975,0.8,0.1,1.30985404882761,0.892557669669692,0.523941619531042,0.287441367613521,0.321220054814113,0.476039060964266,-1.35892878349541,1.85704208106449,7.11745568428829
187,-0.00581446954950668,0.803171694129947,0.0956569513621385,-0.00586860972776826,-0.00586860972756853,-0.00574060402250043,0.0126051770669178,0.00663929446978043,0.00578659978053722,12.9829793907745,21.2115043129407,2.20853116651053,3.33841225053555,0.347567236889414,3.91926929087104,3.01090800972717,0.976813286685853,-0.0684520055419758,15.9736289817835,25.4761495496533,2.50212519496246,0.201350421726253,0.169143658822208,0.0144787971044874,1.02954158421959,4.01126442372488,0.689792861427123,0.397433341511471,0.617724950531752,0.257385396054897,0.221608840444467,0.470068902096068,-0.709720083385591,-0.0102002453841022,0.984624502532081,0.999156458102746,0.985455775766832,0.526640464569591,0.0503768213046673,0.422982714125741,1.0651143693441,1.06328551441161,0.76823198057359,0.249233521401838,-0.0174655019754274,-4.9785615627015e-05,0.963128793123068,0.0185700169571389,0.984405997426413,-0.687226280536223,0.67,0.1,1.035,0.5,0.6,0.25,0.4,0.005,0.975,0.8,0.1,1.30979844473378,0.89258029665503,0.523919377893511,0.287409898630224,0.32117482457495,0.476025177866718,-1.35879961794322,1.85480105005637,7.11827672662791
188,-0.00581616080052352,0.803271873569099,0.0956569513621234,-0.00586860972772929,-0.0058686097275723,-0.00574461192504949,0.0126062943848371,0.00663991447395705,0.00578715022348185,12.9817087235312,21.2062881891156,2.2079737709626,3.33761005122026,0.347482172682459,3.91864011342229,3.01146368267999,0.975618528875373,-0.0684420981330756,15.9729159742283,25.4689559499926,2.50149034592682,0.20135928096346,0.169111689253837,0.0144765004148329,1.02944510974169,4.01057256877384,0.689728223526934,0.397380567216588,0.617667065845015,0.257361277435423,0.221615712946387,0.470055715054449,-0.709599521196569,-0.0101958256927556,0.984631190184805,0.999154758395474,0.985464145480334,0.526612681250029,0.0503741636370114,0.423013155112958,1.06511351434155,1.06328459843309,0.768497130513453,0.248968647448298,-0.017465777961751,-4.83798496937987e-05,0.963128793123068,0.0185700169571389,0.984418048229341,-0.687226280536223,0.67,0.1,1.035,0.5,0.6,0.25,0.4,0.005,0.975,0.8,0.1,1.3097448050239,0.892602346640552,0.52389792200956,0.287379469347588,0.321131061356924,0.476011865185826,-1.35867462984118,1.85263014661844,7.11907808606054
189,-0.00581779913317612,0.803368928850999,0.0956569513621115,-0.00586860972769865,-0.0058686097275753,-0.00574849385460241,0.0126073751895934,0.00664051424051006,0.00578768270811819,12.9804816729968,21.2012428056182,2.2074346088731,3.33683400306146,0.347399888203596,3.91803317071864,3.01200442764377,0.974461250778645,-0.0684325077037748,15.9722316123283,25.4619960894884,2.50087626770295,0.201367916558479,0.169080747628143,0.0144742783300294,1.02935182356176,4.0099042800878,0.689665721786382,0.397329521513751,0.617611094137058,0.257337955890441,0.221622404870711,0.470043004188347,-0.709482203506213,-0.0101915846352959,0.984637640071963,0.999153111871158,0.98547222480045,0.526585767165942,0.0503715891177727,0.423042643716284,1.06511268679306,1.06328371172347,0.768754192831724,0.248711842988283,-0.017466035820007,-4.70117237835913e-05,0.963128793123068,0.0185700169571389,0.984429760250338,-0.687226280536223,0.67,0.1,1.035,0.5,0.6,0.25,0.4,0.005,0.975,0.8,0.1,1.30969305436819,0.892623829766791,0.523877221747278,0.287350043616598,0.321088715591625,0.475999097371203,-1.35855367881633,1.85052713449349,7.11986007175151
190,-0.00581938620856777,0.803462957404406,0.0956569513621022,-0.00586860972767456,-0.00586860972757774,-0.00575225380047206,0.0126084207298007,0.00664109446018378,0.00578819784691337,12.9792966207242,21.1963623118702,2.20691305603738,3.33608322016618,0.347320288861158,3.91744761592352,3.01253058698747,0.973340252766432,-0.0684232238303818,15.9715746204538,25.455262053068,2.50028224940106,0.201376332537769,0.169050799806555,0.0144721283329087,1.02926161524405,4.0092587003781,0.689605282213515,0.397280145394545,0.617556969146431,0.257315403811013,0.221628919795589,0.470030750672119,-0.70936805360101,-0.0101875142725991,0.98464386136379,0.999151516860389,0.985480024549043,0.526559695037638,0.0503690951374587,0.423071209824903,1.06511188578567,1.06328285331714,0.769003413023876,0.248462863628359,-0.0174662766522347,-4.56803661387568e-05,0.963128793123068,0.0185700169571389,0.984441142468953,-0.687226280536223,0.67,0.1,1.035,0.5,0.6,0.25,0.4,0.005,0.975,0.8,0.1,1.30964312064223,0.89264475633389,0.523857248256894,0.287321586647801,0.321047739505531,0.475986850112331,-1.35843662951762,1.84848985203256,7.12062299922104
191,-0.00582092363533303,0.803554053619706,0.0956569513620949,-0.00586860972765568,-0.00586860972757963,-0.00575589562379997,0.0126094322082479,0.00664165579844274,0.00578869622994546,12.9781520149336,21.1916410730512,2.20640851124181,3.33535684861967,0.347243283503262,3.91688263782642,3.01304249883963,0.972254375435459,-0.0684142364486674,15.9709437854303,25.4487462128917,2.49970760629313,0.201384532968886,0.169021812850779,0.0144700479967216,1.02917437846956,4.00863500661179,0.689546833574603,0.39723238200578,0.617504627081734,0.257293594617389,0.221635261311802,0.470018936509187,-0.709256995867101,-0.0101836070547552,0.984649862838965,0.99914997174649,0.985487555104286,0.52653443844676,0.0503666791689697,0.423098882384269,1.06511111043856,1.06328202228212,0.769245029131537,0.248221472363288,-0.0174665014948242,-4.43849152437863e-05,0.963128793123068,0.0185700169571389,0.984452203662591,-0.687226280536223,0.67,0.1,1.035,0.5,0.6,0.25,0.4,0.005,0.975,0.8,0.1,1.30959493477524,0.892665136768091,0.523837973910097,0.287294064954682,0.321008087048173,0.47597510027451,-1.35832335141954,1.84651620946873,7.12136718929714
192,-0.00582241297131513,0.803642308943659,0.0956569513620891,-0.00586860972764081,-0.00586860972758108,-0.00575942306178656,0.0126104107837441,0.00664219889648587,0.00578917842580028,12.9770463674394,21.1870736612947,2.20592039532699,3.33465406521985,0.347168784280299,3.91633745917157,3.01354049688164,0.971202498130451,-0.0684055358405219,15.9703379532558,25.4424412168326,2.49915167874836,0.201392521949771,0.168993754976707,0.0144680349815834,1.0290900108667,4.00803240848168,0.689490307280689,0.397186176562831,0.61745400652002,0.257272502716675,0.22164143301493,0.470007544491569,-0.709148955830139,-0.010179855800318,0.984655652903132,0.999148474963828,0.985494826420847,0.526509971808771,0.0503643387649665,0.423125689426261,1.06511035990187,1.06328121771876,0.769479271972408,0.247987439350005,-0.0174667113224132,-4.31245205494515e-05,0.963128793123068,0.0185700169571389,0.984462952408458,-0.687226280536223,0.67,0.1,1.035,0.5,0.6,0.25,0.4,0.005,0.975,0.8,0.1,1.3095484306062,0.892684981590959,0.523819372242479,0.287267446299669,0.32096971382355,0.475963825838251,-1.35821371863428,1.84460418630626,7.12209296714614
193,-0.00582385572518851,0.803727811971204,0.0956569513620846,-0.00586860972762915,-0.00586860972758219,-0.00576283973177616,0.0126113575728823,0.00664272437221617,0.00578964498242903,12.975978250732,21.182654847287,2.20544815029364,3.3339740762677,0.347096706513556,3.91581133507303,3.01402491016524,0.970183537528951,-0.0683971126211567,15.9697560259979,25.4363399774761,2.49861383121711,0.201400303598903,0.168966595510317,0.0144660870310752,1.02900841384977,4.00745014695259,0.689435637279346,0.397141476266923,0.617405048309862,0.257252103462443,0.221647438498201,0.469996558161556,-0.709043860189421,-0.0101762536767587,0.98466123960646,0.999147024996185,0.985501848049059,0.526486270346335,0.0503620715553247,0.42315165809834,1.06510963335549,1.06328043875855,0.769706365362722,0.247760541688832,-0.0174669070515534,-4.18983431310416e-05,0.963128793123068,0.0185700169571389,0.984473397085706,-0.687226280536223,0.67,0.1,1.035,0.5,0.6,0.25,0.4,0.005,0.975,0.8,0.1,1.30950354474737,0.892704301391149,0.523801417898947,0.287241699642631,0.320932577024595,0.475953005841934,-1.35810760973206,1.84275182881928,7.12280066137608
194,-0.00582525335802838,0.803810648534394,0.0956569513620811,-0.00586860972761993,-0.00586860972758307,-0.00576614913520013,0.0126122736517244,0.00664323282116726,0.00579009642796779,12.9749462952087,21.1783795922483,2.20499123844926,3.33331611641092,0.347026968569695,3.91530355151141,3.0144960629525,0.969196446285742,-0.0683889577268282,15.9691969588614,25.4304356616144,2.49809345126112,0.201407882046256,0.16894030484545,0.0144642019689936,1.02892949246473,4.00688749287933,0.689382759951367,0.397098230226103,0.617357695478836,0.257232373116182,0.221653281345976,0.469985961775407,-0.708941636846755,-0.0101727941820233,0.984666630660316,0.999145620375181,0.985508629153148,0.526463310063568,0.0503598752446709,0.42317681469176,1.06510893000794,1.06327968456294,0.769926526332498,0.247540563211661,-0.017467089544159,-4.07055562342788e-05,0.963128793123068,0.0185700169571389,0.98448354587777,-0.687226280536223,0.67,0.1,1.035,0.5,0.6,0.25,0.4,0.005,0.975,0.8,0.1,1.30946021645483,0.892723106798569,0.523784086581933,0.287216795091727,0.320896635370566,0.475942620327536,-1.35800490756905,1.84095724765457,7.1234906032086
195,-0.00582660728482903,0.803890901788554,0.0956569513620783,-0.00586860972761283,-0.00586860972758385,-0.00576935466138451,0.0126131600574131,0.00664372481738968,0.00579053327152145,12.9739491865422,21.1742430402773,2.20454914159333,3.33267944753822,0.346959491740796,3.91481342390766,3.01495427457683,0.968240211733891,-0.0683810624030587,15.9686597574163,25.4247216802096,2.49758994862731,0.201415261425019,0.168914854403391,0.0144623776962406,1.028853155242,4.00634374569291,0.689331614012139,0.397056389379724,0.617311893145199,0.2572132888105,0.221658965127831,0.469975740268937,-0.708842214930452,-0.0101694711270929,0.984671833453086,0.999144259678747,0.98551517852856,0.52644106772113,0.0503577476100007,0.423201184668868,1.06510824909528,1.06327895432225,0.770139965333868,0.247327294276882,-0.0174672596107504,-3.95453457827437e-05,0.963128793123068,0.0185700169571389,0.984493406774868,-0.687226280536223,0.67,0.1,1.035,0.5,0.6,0.25,0.4,0.005,0.975,0.8,0.1,1.30941838750562,0.89274140846074,0.523767355002248,0.287192703856526,0.320861849047213,0.475932650289284,-1.35790549912282,1.83921861553323,7.12416312571493
196,-0.00582791887597281,0.803968652295761,0.0956569513620761,-0.00586860972760705,-0.00586860972758441,-0.00577245959122652,0.0126140177897119,0.00664420091429823,0.00579095600391327,12.9729856631828,21.1702405110396,2.20412136023911,3.33206335772167,0.346894200129659,3.91434029576966,3.0153998593234,0.967313854639595,-0.0683734181933337,15.9681434749771,25.4191916788024,2.49710275436328,0.201422445864008,0.16889021659415,0.0144606121878483,1.02877931405594,4.00581823215097,0.689282140417479,0.397015906426254,0.617267588433563,0.257194828513985,0.221664493393191,0.469965879224924,-0.708745524814867,-0.0101662786195439,0.984676855065187,0.999142941529647,0.985521504618435,0.526419520812124,0.0503556864983727,0.423224792689503,1.06510758988011,1.06327824725458,0.770346886442707,0.2471205315708,-0.0174674180135067,-3.84169107635471e-05,0.963128793123068,0.0185700169571389,0.984502987576634,-0.687226280536223,0.67,0.1,1.035,0.5,0.6,0.25,0.4,0.005,0.975,0.8,0.1,1.30937800208112,0.892759217021234,0.523751200832448,0.287169398203231,0.320828179649566,0.475923077625041,-1.35780927533464,1.83753416504633,7.124818563112
197,-0.0058291894586512,0.804043978105713,0.0956569513620744,-0.00586860972760261,-0.00586860972758485,-0.00577546710074583,0.0126148478124781,0.00664466164548224,0.00579136509840175,12.9720545139846,21.1663674927851,2.20370741287035,3.33146716020492,0.346831020540152,3.91388353740773,3.01583312632778,0.966416428008193,-0.0683660169282513,15.9676472101266,25.413839528346,2.49663131997238,0.201429439480744,0.168866364779381,0.0144589034901308,1.02870788399058,4.00531030514924,0.689234282273692,0.3969767357543,0.617224730394351,0.257176970997646,0.22166986966647,0.469956364842198,-0.708651498135863,-0.0101632110480246,0.984681702283327,0.999141664594055,0.985527615529272,0.526398647538776,0.0503536898246784,0.423247662636545,1.0651069516505,1.06327756260478,0.770547487553817,0.246920077915319,-0.0174675654691355,-3.73194635920907e-05,0.963128793123068,0.0185700169571389,0.984512295894891,-0.687226280536223,0.67,0.1,1.035,0.5,0.6,0.25,0.4,0.005,0.975,0.8,0.1,1.3093390066564,0.892776543100027,0.523735602662558,0.287146851411958,0.320795590127236,0.475913885090294,-1.35771613095859,1.83590218654011,7.12545725011498
198,-0.00583042031823985,0.804116954834081,0.095656951362073,-0.00586860972759917,-0.00586860972758518,-0.00577838026451361,0.0126156510550725,0.00664510752548125,0.00579176101136686,12.9711545759496,21.1626196356744,2.20330683523096,3.33089019243491,0.346769882372322,3.91344254471501,3.01625437949128,0.96554701593883,-0.0683588507151068,15.9671701043733,25.4086593164397,2.49617511660614,0.201436246375148,0.168843273236844,0.0144572497179581,1.02863878321143,4.0048193425907,0.689187984751661,0.39693883337662,0.61718326992686,0.257159695802859,0.221675097442697,0.469947183906348,-0.708560067802555,-0.0101602630676236,0.984686381614031,0.999140427580169,0.985533519045822,0.526378426789881,0.0503517555694842,0.423269817640634,1.06510633371912,1.06327689964349,0.770741960569891,0.246725742081682,-0.0174677026515732,-3.62522303706469e-05,0.963128793123068,0.0185700169571389,0.984521339156511,-0.687226280536223,0.67,0.1,1.035,0.5,0.6,0.25,0.4,0.005,0.975,0.8,0.1,1.30930134989512,0.892793397275647,0.523720539958048,0.287125037735923,0.320764044732104,0.475905056254618,-1.35762596441694,1.83432102608615,7.12607952134248
199,-0.00583161269962884,0.804187655738416,0.095656951362072,-0.0058686097275964,-0.00586860972758541,-0.0057812020589656,0.0126164284137071,0.00664553905052671,0.00579214418296625,12.9702847320847,21.1589927454028,2.20291917964617,3.33033181513514,0.346710717522046,3.91301673800946,3.0166639174119,0.964704732525445,-0.0683519119278909,15.9667113399368,25.403645338947,2.49573363429247,0.2014428706238,0.168820917126353,0.0144556490521454,1.02857193284292,4.0043447463093,0.689143195004753,0.39690215686702,0.617143159705749,0.257142983210729,0.221680180183582,0.469938323761947,-0.708471168005597,-0.0101574295859849,0.984690899296505,0.999139229236873,0.985539222645273,0.526358838118968,0.0503498817769428,0.423291280104089,1.06510573542228,1.06327625766618,0.77093049158447,0.246537338610055,-0.0174678301945249,-3.5214451147098e-05,0.963128793123068,0.0185700169571389,0.984530124606384,-0.687226280536223,0.67,0.1,1.035,0.5,0.6,0.25,0.4,0.005,0.975,0.8,0.1,1.30926498254978,0.892809790068978,0.523705993019912,0.287103932362464,0.32073350896826,0.475896575460436,-1.35753867766164,1.83278908353279,7.1266857107713
200,-0.00583276780851002,0.804256151791685,0.0956569513620711,-0.00586860972759429,-0.00586860972758563,-0.00578393536560207,0.0126171807527342,0.00664595669925186,0.0057925150377635,12.9694439093636,21.155482777104,2.20254401437353,3.32979141141837,0.346653460285021,3.91260556093386,3.0170620333297,0.963888720801842,-0.0683451931976839,15.9662701376541,25.3987920919772,2.49530638119782,0.201449316274737,0.168799272457121,0.0144540997369528,1.02850725685128,4.00388594104547,0.68909986209036,0.396866665299994,0.61710435411077,0.257126814212821,0.221685121313989,0.469929772286208,-0.708384734222377,-0.0101547057502709,0.984695261314831,0.999138068352447,0.985544733510723,0.526339861723177,0.0503480665527731,0.423312071724049,1.06510515611904,1.06327563599222,0.771113261059103,0.24635468763475,-0.0174679486938531,-3.42053800720688e-05,0.963128793123068,0.0185700169571389,0.984538659310448,-0.687226280536223,0.67,0.1,1.035,0.5,0.6,0.25,0.4,0.005,0.975,0.8,0.1,1.30922985736692,0.892825731928629,0.523691942946769,0.287083511375805,0.320703949544106,0.47588842778398,-1.35745417604163,1.83130481063353,7.12727615123737
