Time,n_A,psi_o_A,psi_y_A,n_y_A,n_m_A,n_o_A,mu_o_A,mu_m_A,mu_y_A,s_o_A,s_m_A,s_y_A,h_m_A,h_y_A,a_A,a_o_A,a_m_A,a_y_A,z_o_A,z_m_A,z_y_A,c_o_A,c_m_A,c_y_A,y_A,k_A,w_A,inv_A,b_A,gov_A,e_A,t_A,f_A,nx_A,tilde_R_A,g_A,q_A,tilde_s_m_A,tilde_s_y_A,tilde_s_o_A,Omega_m_A,Omega_y_A,eta_o_A,eta_m_A,eta_y_A,walras_A,gamma_A,phi_A,R_star,fy_target_A,alpha,delta,beta,sigma,b_y,g_y,repl,x,omega,nu,Lambda_A,w_indiv_A,t_indiv_A,e_indiv_A,c_y_indiv_A,c_m_indiv_A,c_o_indiv_A,a_y_indiv_A,a_m_indiv_A,a_o_indiv_A
0,0.0151473707256848,0.224588712641349,0.200736853628425,0.0151473707256848,0.0151473707256848,0.0151473707256848,0.110687795206524,0.0537151274903514,0.0466482384909971,0.468534575695984,1.44876789082921,0.247818688085513,2.63361528161451,0.450492510320693,2.61698415094487,0.678836990223256,2.08878817851014,-0.150641017788523,1.21979345634679,6.1442698669472,0.574468105823615,0.135016248290371,0.330040239238193,0.0267979252059313,1.03995002266457,2.35906715867988,0.696766515185263,0.277992512321867,0.623970013598743,0.259987505666143,0.062594357862823,0.339824791940409,-0.366053021333753,0.0101155919420663,1.04841618356742,1.02022310757931,1.02763422606159,0.701594094475625,0.140835791049321,0.157570114475054,1.0811564191591,1.06518729893188,0.259396676123606,0.798166155402956,-0.0575628315265623,1.6826817716975e-16,0.903832782801923,0.0431880062659022,1.04841618356742,-0.351990973946851,0.67,0.1,1.015,0.5,0.6,0.25,0.4,0.005,0.975,0.8,0.1,0.993119127814252,0.484360964004972,0.397247651125701,0.190277805139367,0.470414790883989,0.856864569402509,-1.06962169677286,2.97720319335257,4.30815826011681
1,0.0155866455234307,0.224919118022668,0.201023215445545,0.0165955325378835,0.0151473707256848,0.0166408124493351,0.109112871325397,0.0531826719120096,0.0462393087838434,0.475107888866081,1.46717997665623,0.251578198055428,2.65146760450589,0.454558052235164,2.61815687526298,0.679822482287961,2.08905231669346,-0.150717923718437,1.22604873960236,6.17966141856387,0.582345584120736,0.133777698514251,0.32865090697264,0.0269272575485804,1.0395002099008,2.35961996486976,0.696465140633539,0.279445452093071,0.623700125940483,0.259875052475201,0.0626593300659317,0.33977575436919,-0.365163215547263,0.0108461545235732,1.04842583708627,1.02066457875105,1.02719919835877,0.701290631836264,0.140975697773564,0.157733670390172,1.08023293192838,1.06457428661951,0.259656894020218,0.797909528044716,-0.0575664220649341,-2.23122265125252e-05,0.905326224525573,0.0434787057116278,1.04841618356742,-0.35189444341761,0.67,0.1,1.015,0.5,0.6,0.25,0.4,0.005,0.975,0.8,0.1,0.993119127814256,0.484500632041125,0.397247651125703,0.191006378928028,0.468637241185012,0.848123917888532,-1.06910571182645,2.97886813520305,4.30993890274881
2,0.0157993232245011,0.225438053486518,0.201339559435646,0.016802239102347,0.0152046430891088,0.0175469326063169,0.107955411757813,0.0527791100225507,0.0459245578731772,0.480702162391557,1.48205400305395,0.254779405517099,2.66491426078725,0.457906232850829,2.62018465406333,0.681442863642842,2.08959798057325,-0.15085619015277,1.23241064709328,6.20754158139291,0.588873189178242,0.133045398952852,0.327628520494839,0.0270437409630835,1.03910098125232,2.36116282166901,0.696197657439052,0.280936484102816,0.62346058875139,0.259775245313079,0.0627797778939735,0.339544473922666,-0.364438756357071,0.0105311788445444,1.04829473819174,1.02087831984062,1.02685571612041,0.700880074752444,0.14111488546788,0.158005039779676,1.07959350559638,1.0641582344208,0.260074366357075,0.797500274391234,-0.057574640748309,0.000140412581101977,0.906395865414775,0.0435822832201476,1.04832649848546,-0.351604947093865,0.67,0.1,1.015,0.5,0.6,0.25,0.4,0.005,0.975,0.8,0.1,0.993319231802893,0.484454453984293,0.397327692721157,0.19164343204062,0.467453038396847,0.842032628442558,-1.06903102144463,2.98139161868928,4.31279195013686
3,0.0158432476742568,0.226036348753291,0.201549795800156,0.0163280425211521,0.0152679118871293,0.0179623548917329,0.107201342394179,0.0525058680127716,0.0457074550283588,0.485063594236269,1.49295231061084,0.257141130763156,2.67391814948284,0.460219932212749,2.6227789745934,0.683424656029673,2.09038129967329,-0.151026981109563,1.23830055334731,6.22755288202317,0.593459610309772,0.132747481587281,0.326983069653299,0.0271255284434298,1.03891589522788,2.36339325426527,0.696073649802679,0.281896750252624,0.623349537136727,0.25972897380697,0.0629351785059098,0.33939170240558,-0.363963816808591,0.0101879769875799,1.04813213341519,1.02092246391263,1.02665204309276,0.700483122377741,0.141182230276689,0.158334647345569,1.07921368937052,1.06391957272099,0.260572721782278,0.797010087353689,-0.0575828091359674,0.000246114496694635,0.907067146148746,0.0435553927747845,1.04817189634775,-0.351122770673535,0.67,0.1,1.015,0.5,0.6,0.25,0.4,0.005,0.975,0.8,0.1,0.993705098047052,0.484510891930612,0.397482039218821,0.192131321273712,0.466796499740605,0.838398188979801,-1.06973080686982,2.98419938024722,4.31633042727585
4,0.0157579742843718,0.226629897130591,0.201586183314145,0.015493261778603,0.0153099591600312,0.0179760594666418,0.106823430010136,0.0523577296322498,0.045585502187276,0.488046341820726,1.49977379989022,0.258537273468165,2.67870760053138,0.461368478714809,2.62562439011849,0.685524422583713,2.09129518612587,-0.151195218591093,1.24327888109275,6.23975144414926,0.595873737128418,0.132811314454933,0.326699218996198,0.027163203536537,1.03896130272422,2.36600080949944,0.696104072825224,0.282363147215834,0.623376781634529,0.259740325681054,0.0631031977666265,0.339379711430825,-0.363753201015477,0.00988173888868592,1.04796209241838,1.02083676415579,1.02657166083259,0.700174163904251,0.141145437356631,0.158680398739118,1.07906661624813,1.06383847060896,0.261090057352739,0.796494423941748,-0.0575844812944869,0.000302353950973187,0.907374379082544,0.0434326229077869,1.04797389113999,-0.350448390006535,0.67,0.1,1.015,0.5,0.6,0.25,0.4,0.005,0.975,0.8,0.1,0.99418703047206,0.484707561242199,0.397674812188824,0.192448328796517,0.466597078039107,0.836973662218257,-1.07120160185603,2.98682141378164,4.32015817978101
5,0.0155474717451149,0.227146432097903,0.20139351308086,0.0143468258656663,0.0153172366628291,0.0176313481824928,0.106823947432337,0.0523369820551397,0.0455609460492016,0.489452159223122,1.50237374711396,0.258864486636727,2.67924140827932,0.461204324631591,2.62847151206495,0.687520291188243,2.0922779192042,-0.151326698327499,1.24690724660593,6.24388389746457,0.595891493140412,0.133199554087312,0.326786039471133,0.0271493801995935,1.03925264099601,2.36872322310492,0.696299269467324,0.282354290067085,0.623551584597603,0.259813160249001,0.0632647578927514,0.339504052863274,-0.363803295637575,0.00963689469244808,1.0478051362279,1.02062520910384,1.02663066410826,0.700015427202397,0.140978566095089,0.159006006702514,1.07915015027809,1.06391366674343,0.261566575116738,0.796005552877288,-0.0575721279940253,0.000313322229432433,0.907319335881688,0.0432093585317614,1.04775213253906,-0.349582470625163,0.67,0.1,1.015,0.5,0.6,0.25,0.4,0.005,0.975,0.8,0.1,0.994691320232863,0.48499510106527,0.397876528093145,0.192578070210201,0.466826910911277,0.837701397888175,-1.07340216686152,2.98890258399871,4.32386364167068
6,0.0152036612430171,0.227514744658183,0.20091961414433,0.0128896510022909,0.0152787026161718,0.016924952988254,0.107246517669158,0.052459321411337,0.0456461522304574,0.488947675557609,1.50017481673787,0.257947630529071,2.67504819295121,0.459510341731236,2.631095885177,0.689183800762578,2.09329926806896,-0.151387183654538,1.24864241100548,6.23889775322516,0.593145603146218,0.133912550359516,0.327288342504903,0.0270748145404485,1.03981477406963,2.37132265847749,0.696675898626653,0.281845681207594,0.623888864441779,0.259953693517408,0.0634016156742212,0.339763031588868,-0.364115637742267,0.00945731793845692,1.04767851220868,1.02027967954923,1.02685423733182,0.700067170631713,0.140657225798437,0.15927560356985,1.07948671376796,1.06415995618061,0.261937926569165,0.795599765047568,-0.0575376916167331,0.000282374001304891,0.906863792136629,0.0428745947139095,1.0475247386974,-0.348525867087305,0.67,0.1,1.015,0.5,0.6,0.25,0.4,0.005,0.975,0.8,0.1,0.995155790547928,0.485329188172443,0.398062316219171,0.192487903744433,0.467509913669528,0.840759961714971,-1.07628444109567,2.99014059776586,4.32698910138071
7,0.0147301084600086,0.227672931254249,0.200122879180409,0.0111582704326456,0.0151839228288659,0.0158897605510537,0.108094595054692,0.0527259216452542,0.0458420434641729,0.48642045389314,1.4932134396474,0.255747017833274,2.66621734927846,0.456210692788001,2.63332143700954,0.690305360454158,2.09436094501715,-0.151344868461771,1.24814621638768,6.22491999556488,0.587547206762622,0.134917859817692,0.328214643914604,0.0269343646031177,1.04066307442276,2.37360150251265,0.697244259863252,0.280855350333665,0.624397844653658,0.260165768605691,0.0634974577773063,0.340157877570512,-0.364677910156768,0.00936143105865601,1.04759775919384,1.01980375900231,1.02725426332879,0.700380259342247,0.140162114020692,0.15945762663706,1.08007505031995,1.0645759829532,0.262142460374395,0.795330534124185,-0.05747299449858,0.000213656089338784,0.906006772362486,0.0424258382187112,1.04730794659034,-0.347279622133088,0.67,0.1,1.015,0.5,0.6,0.25,0.4,0.005,0.975,0.8,0.1,0.995522433082365,0.485675992481522,0.398208973232946,0.192165798805955,0.468623493504575,0.846104778197762,-1.07978443047333,2.99031978283346,4.3290833747661
8,0.0141443294659475,0.227576981998667,0.198980619914397,0.00923102923247665,0.0150245758360819,0.0145968093382718,0.109325562576951,0.0531215881083547,0.0461367407402425,0.482016161082667,1.48217998001461,0.252376065732593,2.65344973974468,0.451397929797078,2.6350468685315,0.690720766232193,2.09549928710648,-0.151173184807175,1.24534514189632,6.20333902904516,0.579329170468823,0.136148058225811,0.329531220826957,0.0267283597463271,1.04179678779459,2.37542146895729,0.698003847822376,0.279454234242707,0.625078072676755,0.260449196948648,0.0635398436443493,0.340682649174806,-0.365452673102547,0.00937238038396193,1.04757465535426,1.01921505111328,1.0278249464723,0.700988168062029,0.13948306023364,0.159528771704331,1.08088668451852,1.06514184466321,0.262128455656868,0.795241751531665,-0.0573702071885326,0.000113337420179014,0.904790167581278,0.0418719159838836,1.0471152585636,-0.34584496565582,0.67,0.1,1.015,0.5,0.6,0.25,0.4,0.005,0.975,0.8,0.1,0.99574269527558,0.486003423020201,0.398297078110232,0.191624414474102,0.470095268138389,0.853438892378277,-1.08381035341463,2.98935043782516,4.32975668810619
9,0.013475891553774,0.227207608056148,0.197494066776075,0.007214740612417,0.0147961239828793,0.0131490362946731,0.110853532440431,0.0536161138671604,0.0465067250363956,0.476115957928555,1.46831037960209,0.248083623797986,2.63795817180857,0.445321760451857,2.63626442042866,0.690333949917983,2.09678394898039,-0.150853478469715,1.24043450450414,6.17659862074491,0.569014926591217,0.137506546586607,0.331165215251478,0.0264630208110887,1.04319658683732,2.37672062596755,0.698941713181008,0.277762846846024,0.625917952102395,0.260799146709331,0.0635219499290091,0.341322618283385,-0.366374157641287,0.00950951280092869,1.04761522186105,1.01854327101154,1.02854267626808,0.70190132970663,0.138621348079297,0.159477322214073,1.0818681806671,1.06582091297739,0.26186066335595,0.795361775062753,-0.0572224384187024,-9.7021681328138e-06,0.903296098706519,0.0412317175424597,1.04695631725191,-0.344223313488236,0.67,0.1,1.015,0.5,0.6,0.25,0.4,0.005,0.975,0.8,0.1,0.995783429379085,0.486282905926459,0.398313371751634,0.190901482186934,0.471811636814955,0.862232602589267,-1.08824131751641,2.98729160387368,4.32872799927829
10,0.0127644837014822,0.226579881684187,0.195686203939003,0.00521208017452635,0.0144988133552151,0.0116959685697162,0.112530027174062,0.054157956527148,0.046911968166837,0.469393849760744,1.45357786147359,0.243280953033743,2.62160553296291,0.438406428386664,2.63710123443042,0.689152827787508,2.09832669573738,-0.15037828909447,1.23395884302753,6.1485251654072,0.557460669667327,0.13885742217238,0.332991559155601,0.02615157734139,1.04482370931293,2.37755295652622,0.700031885239664,0.275972021402744,0.626894225587759,0.261205927328233,0.0634452566931046,0.342055401317382,-0.367345947683564,0.00978702715485415,1.04771750123711,1.01782830611999,1.02936565522633,0.703103315271581,0.137587618742424,0.159309065985995,1.08293251984521,1.06655524109748,0.261329682297867,0.795694404268812,-0.0570240865666792,-0.000141825242271595,0.901664441835708,0.0405281682652452,1.0468349187703,-0.342416266005242,0.67,0.1,1.015,0.5,0.6,0.25,0.4,0.005,0.975,0.8,0.1,0.99563160923124,0.486493796697943,0.398252643692496,0.190072170595147,0.4736026013858,0.871622850293955,-1.09296381803069,2.98437889590505,4.32588580896014
11,0.0120518512247922,0.225760688579994,0.193580764427914,0.00322587057650714,0.0141372407878007,0.0104706564989259,0.114097334785462,0.054658024047953,0.0472831103092193,0.462988518975213,1.44131855885173,0.238624106936452,2.60734781121162,0.431285698731713,2.63793751752148,0.687361450832174,2.10033166384478,-0.149755597155478,1.22702512718521,6.125414904897,0.545969336950573,0.140000296727762,0.334803075519078,0.0258151284378853,1.04662966294756,2.37818750779682,0.701241874174862,0.274390257893023,0.627977797768533,0.261657415736889,0.0633251393499371,0.342855669644654,-0.368227788043881,0.01022635265008,1.04786861591586,1.01711211048092,1.03023905144577,0.704552099060287,0.136387733915382,0.159060167024331,1.0839389419452,1.06725496146625,0.260567752747804,0.796202203382553,-0.0567699561303565,-0.000262864017160825,0.900134293825537,0.0397684991553158,1.04674627151414,-0.340425606544536,0.67,0.1,1.015,0.5,0.6,0.25,0.4,0.005,0.975,0.8,0.1,0.995301660601338,0.486629264325442,0.398120664240535,0.189277493633713,0.475199883678764,0.880171945917461,-1.09801367656999,2.98108779555997,4.3213927389315
12,0.0113806145244921,0.224876002722378,0.191195376703739,0.00122469448041884,0.0137161528855829,0.00974371485956493,0.115228585783549,0.0550044154660701,0.0475332436390959,0.458316751638897,1.43557829065011,0.234863452998378,2.59873497771814,0.424672191569942,2.6394536469603,0.685351890446225,2.10310934939123,-0.149007592877151,1.22119078803029,6.11492592510113,0.536006163293795,0.140716087443495,0.336347925973787,0.0254781116026253,1.04857026235904,2.37915263791667,0.702542075780559,0.273397271785529,0.629142157415426,0.262142565589761,0.0631939414983256,0.343697457148417,-0.368841148371796,0.0108357094161285,1.04804095548878,1.01643751759711,1.03109235673077,0.706179091343025,0.135018177389634,0.15880273126734,1.08471483761241,1.06781210349143,0.259656725258718,0.796797228028251,-0.0564539532869691,-0.000347409452281154,0.899006986701767,0.038953230179293,1.04667479492555,-0.338253299646669,0.67,0.1,1.015,0.5,0.6,0.25,0.4,0.005,0.975,0.8,0.1,0.994849726355465,0.486700132249409,0.397939890542186,0.18870134447972,0.476292671500814,0.88610621694285,-1.10361134891598,2.9781529574764,4.31574372163947
13,0.0107885636132127,0.224091723849162,0.1885548966955,-0.000754137090060669,0.0132390753407479,0.00970529676639376,0.115649953573868,0.0551042035492092,0.0475904769088862,0.456615129574821,1.43962278977215,0.232572861050473,2.59864782776329,0.419130532880375,2.64250978207974,0.683659190873705,2.10701401532181,-0.148163424115776,1.21804470235512,6.12335245206749,0.528701108534618,0.140866813458637,0.337422458880994,0.0251611387195469,1.05061642637102,2.38114966683634,0.703913005668581,0.273305822373373,0.63036985582261,0.262654106592754,0.0630964315520468,0.344558365997826,-0.369009740579215,0.0115774439259839,1.04819280909968,1.01584250643128,1.03184578560514,0.707891121145668,0.133476337219283,0.158632541635049,1.0851188008606,1.06813860179573,0.258715859987537,0.797353345587252,-0.0560692055747892,-0.000371357580273416,0.898532918667589,0.0380948878157275,1.04659469716395,-0.335901489116285,0.67,0.1,1.015,0.5,0.6,0.25,0.4,0.005,0.975,0.8,0.1,0.994380328615157,0.48673921130722,0.397752131446063,0.188506361829593,0.476658696234107,0.888007038194704,-1.11003513583358,2.97646622818459,4.30970331703149
14,0.0103015346513999,0.223573120548009,0.185712527354992,-0.00255512453259243,0.0127109793391,0.0103673173422265,0.115254848852172,0.0549211564842964,0.0474269455868968,0.458552192190246,1.45475739128473,0.231968757244487,2.6082285398271,0.414925766885149,2.64789941970677,0.682820665707614,2.1123293094461,-0.14725055544695,1.21876272255951,6.15334394232447,0.52452037053902,0.14046831385156,0.337948760854669,0.0248764018563342,1.05275333254108,2.38486196788066,0.705344732802525,0.274231861089217,0.631651999524649,0.26318833313527,0.0630784491899048,0.345424673714386,-0.368614547698543,0.0123605049538663,1.04827633588545,1.01535304232466,1.03242546403901,0.709579354255106,0.131777775237639,0.158642870507255,1.08509790789861,1.06820015706496,0.257872583936609,0.797737744249548,-0.0556103281861569,-0.000320843199835377,0.898805856835868,0.037229198096813,1.04647437768142,-0.333372495906439,0.67,0.1,1.015,0.5,0.6,0.25,0.4,0.005,0.975,0.8,0.1,0.994032208762576,0.486802035097261,0.39761288350503,0.188775397152318,0.476266338399089,0.885437293226084,-1.11741570368303,2.97687537944725,4.30413710697694
15,0.00992660467112922,0.223450233032269,0.182750041835262,-0.00400318787056697,0.0121425054709983,0.0115861788528131,0.114101094322396,0.0544735375196081,0.0470566625674323,0.464251451603455,1.48056901721527,0.232983094378948,2.62699084244331,0.412071424858343,2.65616403110369,0.683261952197196,2.11919341166118,-0.146291332754694,1.22399606814468,6.20418152813903,0.523392287328782,0.139659290506346,0.337963698555081,0.0246291008461848,1.05497173357656,2.39079793079766,0.706831061496297,0.276092491024921,0.632983040145937,0.263742933394141,0.0631766261623176,0.346295619760483,-0.367616939839911,0.0130816962658802,1.04824964663652,1.01497623769448,1.03278245116123,0.711136256956145,0.129960180709307,0.158903562334546,1.08468530601273,1.06801487517124,0.257236354102249,0.797839812758972,-0.0550761668612203,-0.000197477015991606,0.899765938840411,0.0363990633340786,1.04628310963694,-0.330668815828101,0.67,0.1,1.015,0.5,0.6,0.25,0.4,0.005,0.975,0.8,0.1,0.993946032961003,0.486960995692614,0.397578413184401,0.189512670048334,0.475244645803403,0.878893389515808,-1.1256627372804,2.98001035797542,4.29985295583679
16,0.00965884200738945,0.223806678953094,0.179764602159526,-0.00497486625755994,0.0115500083670523,0.0131636243803328,0.11232450830766,0.0538052584193768,0.0465132538349451,0.473568670922045,1.51590706536001,0.235447904746862,2.65368237023449,0.410484660602544,2.66755113452047,0.68526354287539,2.12759232216433,-0.14530473051925,1.23402964491358,6.27355181339791,0.525049614230882,0.138611767401456,0.337550029572193,0.0244217794007266,1.05725467572217,2.39922445365572,0.708360632733852,0.278693257098895,0.6343528054333,0.264313668930542,0.0634143362853102,0.347180658800749,-0.366026124568558,0.0136838310717768,1.04808663563991,1.01470713621743,1.03289569791231,0.712468268235934,0.128076574790719,0.159455156973346,1.08395309343447,1.06762455700924,0.25688862431135,0.797582583190661,-0.0544712075020108,-1.96577534222782e-05,0.901281888296443,0.0356408513503585,1.04599829931959,-0.327793117087088,0.67,0.1,1.015,0.5,0.6,0.25,0.4,0.005,0.975,0.8,0.1,0.994234640775999,0.48729280205049,0.3976938563104,0.190681078414476,0.473775527446246,0.86928369099173,-1.13451449460358,2.98622748130556,4.29753139304197
17,0.00947684997215431,0.224670436821795,0.176851520267585,-0.00542955203896334,0.0109529204319052,0.0148545847789869,0.110140547860296,0.0529879027085705,0.0458518614345463,0.485983931985579,1.55854995389529,0.239036174096461,2.68610748872542,0.409933888502508,2.68199373383032,0.688931855076975,2.13736777240331,-0.14430589364997,1.24864270602842,6.35704232904547,0.528915975620257,0.137526169407985,0.336846236037923,0.0242518066712586,1.0595826847642,2.41013082559748,0.709920398792012,0.281742034622955,0.635749610858518,0.264895671191049,0.0637992504421218,0.348091276775538,-0.363886702625682,0.0141372249239561,1.04777886023013,1.01452423422201,1.03277854277539,0.713510048802058,0.126185336856843,0.160304614341099,1.08301420517402,1.06709725548969,0.25687302880483,0.796932426442185,-0.0538054552470148,0.000183541909070178,0.903151037248845,0.0349768791697165,1.04561006942021,-0.324748237650871,0.67,0.1,1.015,0.5,0.6,0.25,0.4,0.005,0.975,0.8,0.1,0.994969026692655,0.487857567472193,0.397987610677062,0.192191955700624,0.472097395970061,0.857905244794479,-1.14360271363134,2.99556786339846,4.29764207292907
18,0.00934584149148489,0.226003610054718,0.174097277186169,-0.00536496028233546,0.010370304053517,0.0163657463723133,0.107855088444918,0.0521267965209495,0.0451545274786369,0.500376704019897,1.60444350184652,0.243140331014392,2.72078021900418,0.409978223906538,2.69906040260204,0.694157655402137,2.14820551597082,-0.143302768770922,1.26685018545543,6.44703209552978,0.533924913320085,0.136636238798075,0.336063130204628,0.0241091271700766,1.06193675449964,2.42320267708941,0.711497625514759,0.284861165436619,0.637162052699784,0.26548418862491,0.0643204127646781,0.349037354018389,-0.361304327187156,0.0143991530070309,1.04733373422209,1.01439257069894,1.03247378231532,0.714234244912631,0.124346237312408,0.16141951777496,1.08202844492056,1.0665320647602,0.257184928033781,0.795908648024208,-0.0530935760579889,0.000383751258299987,0.90509164928303,0.0344215026714108,1.04512086930195,-0.321537182447841,0.67,0.1,1.015,0.5,0.6,0.25,0.4,0.005,0.975,0.8,0.1,0.996168456752999,0.488687509041358,0.398467382701199,0.193887066397552,0.470522286768449,0.846466652121736,-1.15244957843708,3.00770444888651,4.30033285299417
19,0.00923501888155198,0.227713713029036,0.171576860907091,-0.00479975880637684,0.00981945543723373,0.0174604628257873,0.10575855585668,0.0513259981496598,0.0445034406623005,0.515341046812593,1.64887691694316,0.247081943051564,2.75397232963699,0.410143242898511,2.71800143022809,0.700642492288597,2.15965705727299,-0.142298119333504,1.28716144454828,6.53486775203933,0.5389104351911,0.136128335527801,0.33540861014144,0.0239833685745282,1.06428527216777,2.43787275558078,0.713071132352406,0.287697417288783,0.638571163300662,0.266071318041943,0.0649504300807143,0.350023970397155,-0.358442488653354,0.0144361356224049,1.04677344769973,1.01428119397596,1.03203475911488,0.714647849865132,0.122617034733861,0.162735115401006,1.08114418931677,1.06602204421987,0.257778559089841,0.794575393983965,-0.0523539530738059,0.000560086970871198,0.9068427607725,0.0339838304978932,1.04454207969317,-0.318163120401807,0.67,0.1,1.015,0.5,0.6,0.25,0.4,0.005,0.975,0.8,0.1,0.997793714046683,0.489785242428438,0.399117485618673,0.195595731266735,0.469334106587935,0.836502528617489,-1.16050856752784,3.02198776317674,4.30541675385854
20,0.00912160801918201,0.229685086095639,0.169336857862924,-0.00386163487103408,0.00931537218141809,0.01805326114717,0.104009958552924,0.0506451902039719,0.043946368436623,0.529765813436058,1.68851219063825,0.250423633182394,2.78323986827802,0.410156067644819,2.73796249328081,0.708008439230415,2.17125011452078,-0.141296060470384,1.30818421980984,6.61442726811065,0.543153253345172,0.136064186478546,0.334988927071344,0.0238696129883428,1.06658396728957,2.45348105324389,0.714611258084009,0.290045433082358,0.639950380373739,0.266645991822391,0.0656542193351754,0.351047425686267,-0.355468940336821,0.0142709081812722,1.04613165210001,1.01416721605928,1.03151791493018,0.714785071326671,0.121039458025785,0.164175470647544,1.08044195321991,1.06561978684215,0.258589531802394,0.79301674871306,-0.0516062805154539,0.000698907665311056,0.908266284915254,0.0336528049922767,1.04389067529042,-0.314629381304653,0.67,0.1,1.015,0.5,0.6,0.25,0.4,0.005,0.975,0.8,0.1,0.999756831459365,0.491123051905252,0.399902732583746,0.197205220327887,0.468656859955945,0.828772933873,-1.16735536307742,3.03762655603712,4.31251048916062
21,0.00898289011016993,0.231794364469573,0.167387771971739,-0.00274480302912683,0.00886737157258488,0.0181321530401071,0.102698532628488,0.0501194074551791,0.043511622498656,0.542728681477668,1.72100044484757,0.252866083456387,2.80693239649057,0.409809981389232,2.75811037296797,0.715852891517666,2.18255976773791,-0.140302286287601,1.32863576370201,6.68135525191122,0.546137089424741,0.136448943326139,0.334865566210673,0.0237633108667237,1.06879912640958,2.46937726949147,0.716095414694419,0.291791075120726,0.641279475845748,0.267199781602395,0.0663947526194672,0.352092491318922,-0.35254637236925,0.0139357677137967,1.04544458811788,1.01402780456072,1.03098217170758,0.714703235522579,0.119632582215117,0.165664182262303,1.07996792924561,1.06535745632327,0.259544686294382,0.791324302728418,-0.050868989022801,0.000794681569127063,0.909287471720266,0.0334025752521799,1.04318559899032,-0.310939452530235,0.67,0.1,1.015,0.5,0.6,0.25,0.4,0.005,0.975,0.8,0.1,1.00194791222796,0.492641524228553,0.400779164891186,0.198635776531127,0.468537918351278,0.823647824549628,-1.17277654372884,3.05379863873438,4.32110841186071
22,0.00880020363094754,0.233925346503444,0.165704440008233,-0.00166418106095811,0.00847755439434761,0.017748908143155,0.101842367549536,0.0497573712822327,0.0432064775458344,0.553643640979364,1.74536765367169,0.254287349088942,2.82439148339424,0.408983698548652,2.77773723285177,0.72380054418518,2.19325995557627,-0.139323266909678,1.34754348180565,6.73370224925159,0.547607993188921,0.137237018560161,0.335051322910946,0.0236602124610053,1.07091382572333,2.48500175039901,0.717512263234634,0.292909975004858,0.642548295434,0.267728456430834,0.067137721919053,0.353144096933082,-0.349812812981243,0.0134794695466113,1.04474702933218,1.0138442046491,1.03048084167308,0.714474648680004,0.118391621559599,0.167133729760397,1.07973265811065,1.0652449530981,0.260571999260635,0.789585108928319,-0.0501571081889534,0.000847370808919063,0.909894689783667,0.0331989908343964,1.0424453591582,-0.307096975592762,0.67,0.1,1.015,0.5,0.6,0.25,0.4,0.005,0.975,0.8,0.1,1.0042515358106,0.494270996998308,0.401700614324241,0.199847017460562,0.468947811556303,0.821121019419024,-1.17680005623998,3.06975196338782,4.33066709647911
23,0.00855941930974332,0.235978582536308,0.164232262528169,-0.000815796031526594,0.00814088800164647,0.0169896563304652,0.101411363258053,0.0495492083500537,0.0430231622316554,0.562255549130977,1.76182873448017,0.254703054402557,2.83576711553776,0.407612106843976,2.79631988572392,0.731535730901875,2.2031483911203,-0.138364236298253,1.36429132240845,6.77159791824928,0.547506380791607,0.13835464288495,0.335527316109228,0.0235554558433263,1.0729313022794,2.49993281717156,0.718863972527195,0.293444375099488,0.643758781367637,0.268232825569849,0.0678546005093546,0.354190333529025,-0.347371712815274,0.0129555976997582,1.04406856186065,1.01360221640629,1.0300574968772,0.714178156471822,0.117291094485564,0.168530749042614,1.07972245389846,1.06527650041561,0.261606597527141,0.787874235121536,-0.0494808326486768,0.000861089072795249,0.910117953996012,0.0330057069770815,1.04168631429869,-0.303105742553065,0.67,0.1,1.015,0.5,0.6,0.25,0.4,0.005,0.975,0.8,0.1,1.00656113045871,0.495941146224346,0.402624452183484,0.200829022413339,0.469808986831518,0.820945991582621,-1.17966531819927,3.08487227053299,4.34066622890819
24,0.00825254238410073,0.237873756601514,0.162901273067161,-0.000321449378862582,0.00784645250563365,0.0159405957874947,0.101361167222531,0.0494790155893879,0.0429489416934401,0.568501137622597,1.7711340745986,0.254173151314691,2.84158752431668,0.405641922981314,2.81351421090803,0.738805998757471,2.21213471130016,-0.1374264991496,1.37851137289734,6.79618410561263,0.54583145863775,0.139727521785693,0.336268499307877,0.0234428834913445,1.07487225118165,2.51388657615124,0.720164408291708,0.293464893773352,0.644923350708992,0.268718062795413,0.0685232852684221,0.355223704381014,-0.345295715952201,0.0124076623154977,1.04343158607543,1.01329380509602,1.02974239142471,0.713890509767674,0.116293672871719,0.169815817360607,1.07991585244492,1.0654404855234,0.262591884516894,0.786253256771728,-0.0488451412886215,0.000842727712474982,0.909998777969543,0.0327936601468549,1.04092162205299,-0.298969692276286,0.67,0.1,1.015,0.5,0.6,0.25,0.4,0.005,0.975,0.8,0.1,1.00878832039114,0.497588495043332,0.403515328156457,0.201583481821955,0.471036517094633,0.822818062283207,-1.18171948443999,3.09870306585259,4.35063123235808
25,0.0078777269162137,0.239556422070898,0.161632164504879,-0.000269461378590186,0.00758025461343226,0.0147076507847999,0.101611598615252,0.0495171890611248,0.0429600575697608,0.572641426795579,1.77494831349207,0.252872974864619,2.84300210675048,0.403089835526788,2.82917851327723,0.7454447964877,2.22024151995984,-0.136507803170311,1.39021890315606,6.81022447977389,0.542772547091387,0.141262365174565,0.33722317311291,0.0233175398702914,1.07676757198607,2.52673377366487,0.721434273230667,0.293088114211442,0.646060543191642,0.269191892996518,0.0691296853017828,0.356243639689261,-0.34361580357928,0.0118843478373354,1.04285159448846,1.01291711555079,1.02955274274479,0.713679806972877,0.115353611964451,0.170966581062671,1.08027242091644,1.06571266338792,0.263484539059423,0.784765439699285,-0.0482499787587076,0.0008001387830082,0.909609886503556,0.0325363590118175,1.04016097519144,-0.294692906544696,0.67,0.1,1.015,0.5,0.6,0.25,0.4,0.005,0.975,0.8,0.1,1.0108654696154,0.499164521972807,0.404346187846161,0.202139659722813,0.472513261294678,0.826257180184136,-1.18338559881749,3.11097707720939,4.36017841530353
26,0.00743521340453243,0.241001180913778,0.160338719074461,-0.000734597374569157,0.0073264329009759,0.0134015936460736,0.102061135836141,0.0496258749499566,0.0430260741063233,0.575181126265876,1.77550934814641,0.251044007362803,2.84153742823571,0.400010148641248,2.84338213218632,0.751383854428819,2.22760069122088,-0.135602413463376,1.39975702454637,6.81752703035772,0.538626736417409,0.142860791819727,0.338325743876219,0.0231749938767343,1.07865867636215,2.5385051582834,0.722701313162642,0.292458332764247,0.647195205817291,0.269664669090538,0.069668747968054,0.357255132041136,-0.34231823191437,0.0114329569227697,1.04233655061708,1.01247238947155,1.02949627215129,0.713602745492647,0.114418150140309,0.171979104367043,1.08074125231178,1.06606203443181,0.264257078189859,0.783433456236858,-0.0476905344267171,0.000741188011916964,0.90904204534475,0.0322076983372846,1.03941073650594,-0.29027960602947,0.67,0.1,1.015,0.5,0.6,0.25,0.4,0.005,0.975,0.8,0.1,1.01275018590871,0.500635871004811,0.405100074363482,0.202546482776685,0.474109364086947,0.830686915980384,-1.18514775231979,3.1216257298492,4.36904155998624
27,0.00693547010991217,0.242210067915156,0.158945772538215,-0.00168118179465004,0.00706774381489206,0.0121193004105407,0.102609629249386,0.0497683064968699,0.0431176925353253,0.576698555884037,1.7749248977532,0.248907536273089,2.8387310661634,0.396474960657725,2.85634897794534,0.756639545910162,2.23440996031256,-0.134700528277383,1.40763127842416,6.82185079633788,0.533693605440902,0.144436523598908,0.339511961307959,0.0230116367874711,1.08058640523659,2.54935314160801,0.723992891508513,0.291722668823413,0.648351843141952,0.270146601309146,0.0701433469689467,0.358265802309267,-0.34135600680462,0.0110818931081789,1.04188617576942,1.01197014746046,1.02956216483661,0.713696486235557,0.11343903936252,0.172864474401922,1.08126996061658,1.06645550601804,0.26489744486839,0.782260843323085,-0.0471582881914751,0.000675120301509777,0.908385368878711,0.0317981852794066,1.03867351674201,-0.285734146125393,0.67,0.1,1.015,0.5,0.6,0.25,0.4,0.005,0.975,0.8,0.1,1.01442686838388,0.501986221340342,0.405770747353551,0.202854651421476,0.475709167490426,0.835547755538727,-1.18742655997744,3.13075656585913,4.37706792287999
28,0.00640524869200521,0.24321064988244,0.157410906035429,-0.00293294708678993,0.00678915450764284,0.0109482511196393,0.103156826920174,0.0499090042673385,0.043207186736752,0.577809768411065,1.77502715085791,0.24667516271736,2.83607619608867,0.392616030756458,2.86838573760922,0.761296432874682,2.24087959420129,-0.133790289466753,1.41445421471688,6.82665126270505,0.528328508089657,0.145910599145851,0.340711383586851,0.0228276040825922,1.08257278374147,2.55949640417065,0.725323765106783,0.291023722467665,0.64954367024488,0.270643195935367,0.0705625857147194,0.359280703077116,-0.340654336806308,0.0108455762921907,1.04149365224994,1.01143727493547,1.02971650151651,0.713968734648433,0.112386465401978,0.173644799949588,1.08180166543058,1.06685525856217,0.265409363965028,0.7812336964652,-0.0466430604302282,0.000610702230949889,0.907732062729166,0.0313229749671194,1.03794847350279,-0.281061012652609,0.67,0.1,1.015,0.5,0.6,0.25,0.4,0.005,0.975,0.8,0.1,1.01590410042807,0.503216297355136,0.406361640171228,0.2031170212618,0.477207708198346,0.840281996283281,-1.19044841376778,3.13862426385481,4.38421670614782
29,0.00587578689590391,0.244053987392682,0.155723709627845,-0.004305718838719,0.00648218120708566,0.00997217713124798,0.103595961703734,0.0500107295715228,0.0432656673157736,0.579195222505139,1.77761488798726,0.244590997771504,2.83506474621367,0.388637277093382,2.87985822560914,0.765504475698418,2.24721569680465,-0.132861946893928,1.42096485000838,6.83534169182171,0.522994027186793,0.14720621299379,0.341840434911323,0.0226276992158347,1.08461842818296,2.56919708285714,0.726694346882585,0.290499889870309,0.650771056909777,0.271154607045741,0.0709410611889663,0.360300272787404,-0.340109914157781,0.0107355651140669,1.04114778261523,1.01090516583038,1.02991637376786,0.71439915218576,0.111248886133354,0.174351961680886,1.08227516252915,1.06722034039,0.265813250746514,0.7803216407907,-0.0461348915372139,0.000554019031897533,0.907180625806977,0.0308044141035492,1.03723245197425,-0.276264817429662,0.67,0.1,1.015,0.5,0.6,0.25,0.4,0.005,0.975,0.8,0.1,1.01721053931714,0.50434028607822,0.406884215726856,0.203397085600578,0.478500616728668,0.84430488521385,-1.1942766486189,3.14560241278159,4.39056990422344
30,0.0053878684018763,0.244808869171357,0.153915843488388,-0.00553604203897007,0.00614474192556891,0.00925684159049722,0.103832085404915,0.0500415653514023,0.0432688953871299,0.581482758533847,1.78405190243834,0.242882096651992,2.8369375631579,0.384790955274698,2.89112426013992,0.769456329276234,2.25357861048406,-0.131910679620374,1.42790467618274,6.85061413005866,0.518183618106406,0.148262313615834,0.342815458765665,0.0224212458000911,1.08669492971391,2.57870835610128,0.728085602908319,0.290264682423918,0.652016957828345,0.271673732428477,0.0712967252431725,0.36131619812102,-0.339601053789709,0.0107479627268962,1.04083362298772,1.01041480774389,1.03010527459683,0.714936964328348,0.110040125905626,0.175022909766026,1.08263197196302,1.06751005187568,0.266144330293208,0.779481754160766,-0.0456260844539748,0.000509533953026979,0.906820490244288,0.0302826489226048,1.03652067157331,-0.271350293722186,0.67,0.1,1.015,0.5,0.6,0.25,0.4,0.005,0.975,0.8,0.1,1.01839132571964,0.505381895396135,0.407356530287855,0.203755181262882,0.479504454057323,0.84710232399881,-1.19875071511192,3.15213609440547,4.39631777522645
31,0.00497972515395578,0.245552636034544,0.152054742019885,-0.00637844176317359,0.0057831686976777,0.00883889210737498,0.103795235647569,0.0499786676490535,0.0431998558001526,0.585177977240464,1.79518268886338,0.241744439424536,2.84253314894196,0.381347412645129,2.90248721878329,0.773362805373845,2.26006369083697,-0.130939277427527,1.4359354982377,6.87419238285651,0.514373446414783,0.149043255879204,0.343562974135965,0.0222208717726454,1.08874945828058,2.58824007619037,0.729462137047986,0.290391664560409,0.653249674968346,0.272187364570144,0.0716485402558099,0.36231201712622,-0.339002532375426,0.0108638054172777,1.04053451817121,1.01000462377973,1.03022747982799,0.715508529578652,0.108796464878109,0.175695005543238,1.08282647444791,1.06769157481774,0.266448307172925,0.778664476297151,-0.0451127834700765,0.000479521944931549,0.906718408954042,0.0298014254535572,1.03580761145243,-0.266322291571742,0.67,0.1,1.015,0.5,0.6,0.25,0.4,0.005,0.975,0.8,0.1,1.01950166474962,0.506369948293388,0.407800665899847,0.20424259002846,0.480166147478747,0.848306731420005,-1.20352511062033,3.15868168918667,4.40173471626387
32,0.00468518842563484,0.246366287175203,0.150232222314548,-0.00663985146643153,0.00541094840397705,0.00874242868540054,0.103425960164296,0.0498026287857038,0.0430441422676941,0.590755453068465,1.81172087925555,0.241391266349901,2.85251387890705,0.37860797669835,2.91418527259348,0.777444426918634,2.26670121260461,-0.129960366929755,1.44570831632703,6.90743539044604,0.512080975554232,0.149523760780535,0.344008430219152,0.0220420994357357,1.09070888004793,2.59795058473821,0.730774949632111,0.290932465426714,0.654425328028756,0.272677220011982,0.0720153244406038,0.363265939091794,-0.338190640173479,0.0110606185905185,1.04023413064733,1.00970861436776,1.03023200539759,0.716025395419726,0.107570086387558,0.176404518192715,1.08281880107943,1.06773574836908,0.266779341373804,0.777816439129548,-0.0445957805033523,0.000464285583290467,0.906931263455299,0.0294013275021984,1.03508778587149,-0.261185773009415,0.67,0.1,1.015,0.5,0.6,0.25,0.4,0.005,0.975,0.8,0.1,1.02059920542866,0.507336669083995,0.408239682171462,0.20490919154161,0.480441660895977,0.847618656893959,-1.20814597528097,3.16567153498221,4.40716844944587
33,0.00451273597464898,0.247324425030307,0.148532450594349,-0.00632494775551296,0.00504644446290947,0.0089551490816242,0.102700458667432,0.0495049053839128,0.0427951579184128,0.598550222056175,1.83410089159227,0.241994108469046,2.86709905095054,0.37679770080928,2.92640678640718,0.781915863246978,2.27348617174022,-0.128995248580026,1.45776449228223,6.95096953102872,0.511694625864306,0.149713067685321,0.344107068268016,0.0218980651660059,1.09250818161621,2.60796754821966,0.731980481682863,0.291896453861157,0.655504908969728,0.273127045404053,0.0724146607062486,0.364156830160536,-0.337065670782211,0.0113027003007154,1.03991691701153,1.00953529965452,1.03009465579599,0.71640582746171,0.10640951317296,0.177184659365329,1.08259403580919,1.06763144670646,0.267193155768675,0.776886583491809,-0.0440797392604841,0.000463780930945124,0.907480226166456,0.0290962335055754,1.03435587626919,-0.255945807158886,0.67,0.1,1.015,0.5,0.6,0.25,0.4,0.005,0.975,0.8,0.1,1.02173998818007,0.508310815185265,0.408695995272029,0.20579048351074,0.480324217192953,0.844955021623145,-1.21225297187813,3.17346130446117,4.41299978253073
34,0.00444406556377942,0.248492606910932,0.14699967753893,-0.00566152731096814,0.00470649011886981,0.00945199763176219,0.101608337544767,0.0490793995322656,0.042447290851805,0.608903648651658,1.86305904422439,0.243721554619291,2.88642140821184,0.3760464043284,2.93935105247688,0.786993342808832,2.28042774752603,-0.128070037857983,1.47266885867906,7.00566307042101,0.513494378894826,0.149635413035332,0.343833702137398,0.0217964578051176,1.09411264053751,2.61844188723088,0.733055469160128,0.293281724675686,0.656467584322503,0.273528160134376,0.0728635458167667,0.364976637481479,-0.335558419076496,0.0115587816577921,1.03956926429549,1.0094662858916,1.02982068725288,0.716592998143465,0.105338939653745,0.17806806220279,1.08215195516145,1.06737971616906,0.267743910330552,0.775826944142734,-0.0435708544732866,0.000478401091802328,0.908370189812189,0.0288655695932649,1.03360655426813,-0.25060756523382,0.67,0.1,1.015,0.5,0.6,0.25,0.4,0.005,0.975,0.8,0.1,1.02297325128673,0.509322081609859,0.409189300514694,0.20691738379714,0.479817278466572,0.840327070358761,-1.21579007989787,3.18231932691796,4.41962097567264
35,0.00444804630690918,0.249926638884098,0.145632489704839,-0.00494160452399361,0.00439993550778595,0.0101962512987019,0.100154723255386,0.0485241319112267,0.0419976378134896,0.622150323918279,1.89946263312895,0.24669548618656,2.91054440765927,0.376368913711014,2.95325067151341,0.792892168554333,2.28756757848935,-0.127209075530279,1.49099396393661,7.07249289403838,0.517593021049397,0.149330054731328,0.343186523382555,0.0217376966821022,1.09552421084767,2.6295638455951,0.734001221267937,0.295074430766698,0.657314526508601,0.273881052711917,0.0733785832673274,0.365732972646191,-0.333627700590294,0.0118064265681716,1.03917967036112,1.00947028653844,1.02943066697343,0.716558674952819,0.104354223852979,0.179087101194201,1.08150431225259,1.06699045793416,0.268481161938238,0.774593093553486,-0.0430742554917235,0.000508026004896284,0.909589636434861,0.0286735212362341,1.03283467815598,-0.245176315434505,0.67,0.1,1.015,0.5,0.6,0.25,0.4,0.005,0.975,0.8,0.1,1.0243421047359,0.51040198860236,0.409736841894359,0.20830682151139,0.478937085515225,0.833840370052085,-1.21901223384594,3.19243581642491,4.42741081444233
36,0.0044936949818621,0.251666412578366,0.144403055279041,-0.00435037206878619,0.00412649794096764,0.0111163605447933,0.0983889062860919,0.0478528650762581,0.0414557118894116,0.638396827430039,1.94340450379482,0.250881657365301,2.93905266878574,0.37764313554677,2.96831331713246,0.799791767113039,2.29494969728764,-0.126428147268214,1.51308588840068,7.15122106474493,0.523811629646702,0.148870865676017,0.342206416739793,0.0217149840028449,1.09677245977862,2.64151274897295,0.734837548051674,0.297214017854184,0.658063475867171,0.274193114944654,0.0739735718184191,0.366445326188618,-0.331262907707655,0.01202246883199,1.0387390965497,1.00951616345677,1.02894746429108,0.716296733811342,0.103435436848755,0.180267829339902,1.08068573788693,1.06648767720448,0.269443175859087,0.773149412510315,-0.0425925883694017,0.000550591729133969,0.911087007484939,0.028492942425448,1.03203603954161,-0.23965741774877,0.67,0.1,1.015,0.5,0.6,0.25,0.4,0.005,0.975,0.8,0.1,1.02588426467014,0.511583131530978,0.410353705868057,0.209937567475998,0.477743930115313,0.825831576389126,-1.22229045595929,3.20390920265187,4.43668606895467
37,0.00456012208252462,0.253737656001758,0.143276789362958,-0.0039491160497851,0.00388061105580806,0.0121426635570441,0.0963693130981255,0.0470836591094279,0.0408348284941279,0.657692492360261,1.99477955513555,0.25620376648083,2.97142190568908,0.379706884889436,2.98468418596673,0.807825643539215,2.3025921065353,-0.125733564107787,1.53919027822037,7.24129186262592,0.531897010460889,0.148330709837568,0.340946517566703,0.0217199231984101,1.09789279547567,2.65442319207537,0.735588172968698,0.299627542665673,0.658735677285401,0.274473198868917,0.0746585675166774,0.367139950667971,-0.328474683394035,0.0121917531694485,1.03824185771102,1.00958292269294,1.02838690549721,0.715812211762013,0.102559275488059,0.181628512749928,1.0797314513873,1.0658942448097,0.270656991897941,0.771469262095189,-0.0421262539931299,0.000603150168948647,0.912804814918957,0.0283103466325677,1.03120768309591,-0.234056318662324,0.67,0.1,1.015,0.5,0.6,0.25,0.4,0.005,0.975,0.8,0.1,1.02762730347671,0.512899814553645,0.411050921390684,0.211779218359816,0.47630721013748,0.816670838690371,-1.22595994861944,3.21675443461259,4.44768077053771
38,0.00463134500300866,0.256169972152639,0.142202975519655,-0.00386671895492818,0.00365535787259152,0.0132763466345216,0.0940830182867914,0.0462080988611486,0.0401271305741012,0.680607344180678,2.05527256872835,0.262808317875538,3.00818156953033,0.382515245355127,3.00256412407349,0.817148034108426,2.31054214906655,-0.125126059101484,1.57002320075475,7.34496418501857,0.541944168543471,0.147712521501963,0.339396831179585,0.0217466644142901,1.09891908355009,2.66847033127558,0.736275785978563,0.302333332154506,0.659351450130057,0.274729770887524,0.0754446990363164,0.367846852492314,-0.325257657332147,0.0123363075374924,1.03768504429293,1.00965450172802,1.02776250937021,0.71511680890608,0.101691738070565,0.183191453023355,1.07863973417772,1.06521005572081,0.272150069188061,0.769522998872996,-0.0416730680610568,0.000663655874735556,0.914749386174909,0.0281013467953605,1.03034753930374,-0.228378545783739,0.67,0.1,1.015,0.5,0.6,0.25,0.4,0.005,0.975,0.8,0.1,1.02958814113858,0.514387087411653,0.411835256455432,0.213848881206061,0.474603347247232,0.806328674532274,-1.23044468976091,3.23099963571127,4.46062313837453
39,0.00471322917421591,0.259015455422548,0.141131007358518,-0.00412363739973054,0.00344059510393091,0.0145866064873978,0.0914429085684371,0.0451904458895826,0.0393031904575924,0.708442417886454,2.12872822200332,0.271124878789223,3.05111173028065,0.38619071335357,3.02227598728447,0.82798763278334,2.3188922178943,-0.124603863393163,1.60703304023328,7.46788634138878,0.5545055666435,0.146951775347803,0.337477113582177,0.0217938378938705,1.09987077250351,2.68390994294169,0.736913417577354,0.305445268504715,0.659922463502108,0.274967693125878,0.0763487857843139,0.368590475205696,-0.321556419159322,0.0125041702637366,1.03706480509487,1.00973679532009,1.02706448839088,0.714210996193735,0.100797317359353,0.184991686446912,1.07736389871551,1.06440376608546,0.273961622388672,0.767266863664111,-0.041228486052783,0.000730913785333012,0.916995152696304,0.0278542015957251,1.02945410266324,-0.22262970238936,0.67,0.1,1.015,0.5,0.6,0.25,0.4,0.005,0.975,0.8,0.1,1.03178671499684,0.516080650074049,0.412714685998736,0.216214463487885,0.472517386851649,0.794369618279981,-1.23618233756101,3.24678873645524,4.47580996036247
40,0.00482675140173347,0.26235181145955,0.140028448963312,-0.0046113070349395,0.00322620147170372,0.0161486727902544,0.088347791838457,0.0439885994124435,0.038328367558335,0.743022836373845,2.22024275251099,0.281761165033067,3.10251166650835,0.390959701333076,3.04424410474613,0.840649889291276,2.32775862439031,-0.124164408935454,1.65225149378926,7.61747950545267,0.570419713883181,0.145972770980461,0.335082254381178,0.0218632564524924,1.10074937596525,2.70105752764518,0.737502081896718,0.309101463490404,0.66044962557915,0.275187343991313,0.0773940028563175,0.369386289558555,-0.317263048478194,0.0127386803354407,1.03637345762719,1.00985088515874,1.02626385029536,0.713073356935634,0.0998505561687591,0.187076086895606,1.07584424946646,1.0634326610796,0.276144047706048,0.764642566195855,-0.0407866139019026,0.000803606333961486,0.919629335906608,0.0275754030646232,1.02852650814247,-0.216815461893549,0.67,0.1,1.015,0.5,0.6,0.25,0.4,0.005,0.975,0.8,0.1,1.03425836167272,0.518020040947761,0.413703344669089,0.218959786418625,0.469912739162156,0.780285569378614,-1.24350242702306,3.26440274587405,4.49362557898906
41,0.00497577047878046,0.266256540297426,0.138878243149352,-0.00523308585882543,0.00300568979266247,0.0179339848164255,0.0848019364873143,0.0425976306483245,0.0371970804748551,0.785846736865027,2.33349784696276,0.295133508407106,3.16333299256531,0.39688343264515,3.06886131298714,0.855432555652473,2.33723042437334,-0.123801667038671,1.70747236354874,7.79845677758685,0.590167792894103,0.144796962723558,0.332195781076218,0.021952518880519,1.10156206116824,2.72019639448532,0.738046580982722,0.31331499644816,0.660937236700945,0.27539051529206,0.0786038916923215,0.370246313591933,-0.312272318199126,0.0130319649458452,1.03559976108978,1.01000064933117,1.02534563891177,0.711675500301125,0.0988362431742565,0.189488256524618,1.074078782115,1.06229087001531,0.278745915310323,0.761595323466135,-0.0403412387764581,0.000879321801880202,0.922642094659782,0.0272729088965593,1.02756497986679,-0.210941562249716,0.67,0.1,1.015,0.5,0.6,0.25,0.4,0.005,0.975,0.8,0.1,1.03705492274279,0.520245973670969,0.414821969097117,0.22211000919789,0.466779846904466,0.76414742200526,-1.25259381642419,3.28412376621706,4.51443572990677
42,0.00514845259002347,0.270794564467184,0.137665099657806,-0.00598390019526607,0.00277564862987045,0.019866759801239,0.08086539183571,0.0410325412420381,0.0359193134295347,0.838345079527806,2.47181728735849,0.311593302394839,3.23374265325511,0.403910599207006,3.09644015893194,0.872591470216009,2.34735447557012,-0.123505786854193,1.77442756157415,8.01440273299669,0.614054531951651,0.14348977934751,0.328851309599818,0.0220564172039993,1.10232221410123,2.74154166922908,0.738555883447822,0.318022272761908,0.661393328460736,0.275580553525307,0.0799987675171718,0.371192890660979,-0.306494838757882,0.0133698953812541,1.03473500992432,1.01017419485297,1.0243134453409,0.709995483343325,0.0977415989710512,0.192262917685624,1.07209761567683,1.0609941478107,0.281804725885427,0.758081653436645,-0.0398863793220718,0.000951986281430391,0.925972352655133,0.0269446150835708,1.02657218261336,-0.205013800287643,0.67,0.1,1.015,0.5,0.6,0.25,0.4,0.005,0.975,0.8,0.1,1.04022617153846,0.522810214105948,0.416090468615382,0.225660490888142,0.463173805066024,0.746320616969599,-1.26359490896781,3.30615409624379,4.53853234268928
43,0.00532855060600218,0.276005476507595,0.136381631518488,-0.00681371495545779,0.00253301993156119,0.0218248081354706,0.0766630063233538,0.039334651089687,0.0345266356375497,0.901539242005646,2.63690513637122,0.331259099209925,3.31270730434432,0.411830677390974,3.12712668900072,0.892291047963039,2.35809661397103,-0.123260972933348,1.85440280217121,8.26606378631993,0.641994721605915,0.142164091520562,0.325142732074873,0.0221659179383654,1.10304402411675,2.7651624831089,0.739039496158225,0.323063389122869,0.661826414470052,0.275761006029188,0.0815915793180335,0.372251495716719,-0.299862208578233,0.0137375971573124,1.03377660010643,1.01035519335903,1.02318135928963,0.708021189316557,0.0965610849486524,0.19541772573479,1.0699644556065,1.05958050382188,0.285338950637401,0.754077735931036,-0.0394166865684367,0.00100929027358329,0.929503900405324,0.0265950091831783,1.02555544667029,-0.199038025992721,0.67,0.1,1.015,0.5,0.6,0.25,0.4,0.005,0.975,0.8,0.1,1.04380985669597,0.525763213493721,0.417523942678388,0.229553323164838,0.459227403050929,0.727488210120195,-1.27650774635449,3.33054525705264,4.56607016895696
44,0.00548759685880278,0.281884520148988,0.135027844049853,-0.00767273439862848,0.00227632630369756,0.0236252732073359,0.0724072259177293,0.0375833501098543,0.0330823909861414,0.97520341186119,2.82628236934014,0.353677990990857,3.39705443668369,0.420150038678543,3.16078945981606,0.91453405337146,2.36929802258285,-0.123042616138249,1.94735772933584,8.54782817637006,0.673051569152323,0.141002765017945,0.321256012687773,0.022266155621172,1.1037453727225,2.79090272998105,0.739509399724074,0.328152400705221,0.662247223633499,0.275936343180625,0.0833825009147547,0.37344673479968,-0.29236049379849,0.0140934814105425,1.03272883536895,1.0105150348431,1.02198265217232,0.705759950486017,0.0952972445308579,0.198942804983124,1.06779248666687,1.05812328331504,0.289337225710326,0.749590585447708,-0.0389278111580341,0.00103821409922148,0.933047360347291,0.0262299062682046,1.02452684421457,-0.193020136732713,0.67,0.1,1.015,0.5,0.6,0.25,0.4,0.005,0.975,0.8,0.1,1.0478200119103,0.529141295907353,0.419128004764122,0.233649521880584,0.455191616450525,0.708760314452716,-1.29114558079805,3.3570876626695,4.59696973433664
45,0.00560135161626097,0.28838610363159,0.133610971945909,-0.00850866066939204,0.00200556880997049,0.0251165323073879,0.0683017114002742,0.0358607521296401,0.0316537090395388,1.05821053880035,3.03464581840121,0.378031801717126,3.48282213033171,0.428295003158008,3.19702292060156,0.939166123752218,2.38067648125703,-0.122819684407686,2.05218584222182,8.85035561094392,0.70584988742974,0.14016780513516,0.317380408823223,0.0223427669622917,1.10443024062936,2.81840344595953,0.739968261221674,0.333009135800815,0.662658144377618,0.276107560157341,0.0853586254659044,0.37479903335242,-0.284038669735587,0.0143892484236399,1.03160318116759,1.01062935837434,1.02075322928179,0.703236326694893,0.0939600891173751,0.202803584187732,1.06569104204486,1.05669627807273,0.293762712084498,0.744654179960985,-0.0384168920454828,0.00103331532689297,0.936427731706395,0.0258566627040308,1.02350017919441,-0.186966071437772,0.67,0.1,1.015,0.5,0.6,0.25,0.4,0.005,0.975,0.8,0.1,1.05223270347739,0.532963129356414,0.420893081390955,0.237789972020792,0.451314013192215,0.691150532159279,-1.30714738099343,3.38531499424363,4.63091482092766
46,0.00566221553278042,0.295435565763676,0.132154576010511,-0.00919684999062331,0.00172219438918164,0.0262088204342366,0.0645014019073835,0.0342354373470573,0.0302982551985072,1.14869449866456,3.25446614536003,0.403265691075009,3.56608141265179,0.435762302972491,3.23519110091252,0.965904762670007,2.39184575796375,-0.122559419721244,2.16686893477045,9.16196608535301,0.738854578912739,0.139766084042244,0.313663915890954,0.0223860045864828,1.10507732273078,2.84715022460851,0.740401806229625,0.337417487852328,0.66304639363847,0.276269330682696,0.0874964106063588,0.376310659716115,-0.275005517334466,0.0145767645587767,1.03041627837573,1.01069052661044,1.01951710364936,0.700481161040532,0.0925717908406617,0.206947048118806,1.06374145724328,1.05535626504875,0.29856188785805,0.739321320860801,-0.0378832087188517,0.000997735117301966,0.939519483863646,0.0254933943230938,1.0224877149256,-0.180881804739428,0.67,0.1,1.015,0.5,0.6,0.25,0.4,0.005,0.975,0.8,0.1,1.05699031952521,0.537217388055266,0.422796127810086,0.241823177268057,0.447783514156214,0.675371237776754,-1.32393916773413,3.41457542471346,4.66740053289134
47,0.00568256078157034,0.302953608555085,0.130697467851165,-0.0096106484093319,0.00143091520210215,0.0269146461593668,0.061053643545607,0.03273494043652,0.029040759703004,1.24526955798409,3.48009543771899,0.428668331700346,3.64465057924927,0.442364271174341,3.27457508548886,0.994424183780534,2.40238687577657,-0.122235974068246,2.28972141668597,9.47446810031997,0.771192649217078,0.139795835193075,0.310146148931674,0.0223960204106363,1.1056340391751,2.87658796773939,0.740774806247315,0.341308081485194,0.663380423505058,0.276408509793774,0.0897681602717272,0.377963864890775,-0.265393305755593,0.0146396179551011,1.02918789303923,1.01071097358548,1.01828111095718,0.697519791570702,0.091164070534363,0.211316137894935,1.06196411309907,1.0541190126006,0.303680373122998,0.733648431646183,-0.0373288047691817,0.000939825405643223,0.942293825591007,0.0251608240363808,1.02149827284906,-0.174773341074348,0.67,0.1,1.015,0.5,0.6,0.25,0.4,0.005,0.975,0.8,0.1,1.0620125983511,0.541868301743326,0.424805039340438,0.245667183127748,0.444641360259148,0.661548316118574,-1.34083497316161,3.44418453040133,4.70586010934459
48,0.00568828839550916,0.310882486158711,0.129282552227355,-0.00969872643781478,0.00113949357023291,0.027341236294254,0.0578901466314923,0.0313375437927126,0.0278649974044523,1.34838820805529,3.71199216047551,0.454405399446062,3.71905507149636,0.448319983669511,3.31455965878305,1.02445730324437,2.41194034597079,-0.121837990432104,2.4208378733093,9.78841821157153,0.803270523742635,0.140142659456938,0.306744984366531,0.0223831310591661,1.10602690331207,2.90625667738286,0.741038025219087,0.344778179464138,0.663616141987242,0.276506725828018,0.0921502974473004,0.379723674481421,-0.255313160587052,0.0146017939060741,1.027936855313,1.01071672983749,1.01703753877537,0.694364863294181,0.0897692617036702,0.215865875002148,1.06031382232462,1.0529541969651,0.309077949624384,0.727680474713898,-0.0367584243382816,0.000869429231205765,0.944820350937464,0.0248718945834294,1.02053680147601,-0.168646708758687,0.67,0.1,1.015,0.5,0.6,0.25,0.4,0.005,0.975,0.8,0.1,1.06721705603518,0.546864760235633,0.426886822414072,0.249340705653269,0.441763402184959,0.649211736016835,-1.35723507267213,3.47359216093992,4.7458047884325
49,0.00569425016365374,0.319191705114478,0.127934514554045,-0.0095794862022861,0.00085651044547097,0.0276072482929257,0.0549099306117155,0.0300039292619656,0.0267391133655762,1.45997207587768,3.95529202329701,0.481232896783991,3.79102563679888,0.453964566602552,3.35472924496951,1.05583524615264,2.42026188312946,-0.121367884312597,2.56185056047637,10.1103274988608,0.836188518669659,0.140671036513354,0.303349551091207,0.0223589395957132,1.10619666207173,2.93585963384708,0.741151763588058,0.34797776058307,0.663717997243037,0.276549165517932,0.0946277980673099,0.381550168132261,-0.244848386120608,0.0144948461545533,1.02667679528491,1.01072272141447,1.01578481766801,0.691024726391219,0.0884059129157022,0.220569360693079,1.05873085630412,1.05182118101596,0.314730390756835,0.721447755212645,-0.0361781459694801,0.000795362615899151,0.947191010283181,0.0246180500202127,1.01960491979426,-0.162507954038863,0.67,0.1,1.015,0.5,0.6,0.25,0.4,0.005,0.975,0.8,0.1,1.07254014984185,0.552151252423129,0.429016059936738,0.252912264104248,0.438985089108762,0.637763268984113,-1.37284804047355,3.50242442954096,4.78686270311963
50,0.00569845529931203,0.327863216021527,0.126655726321152,-0.00941461045631797,0.000586902910808984,0.0277699408877181,0.0520664527287831,0.0287155691888237,0.025647896183071,1.58157359282918,4.21367887227197,0.509641141328193,3.86124084081763,0.459416942587785,3.39480062997442,1.08844130471052,2.42719251930318,-0.120833194039276,2.71413882287567,10.4443422787445,0.870552736073417,0.141315580720643,0.299915233337164,0.0223278461967151,1.106118078571,2.96521033645433,0.741099112642567,0.350979384366066,0.663670847142597,0.276529519642749,0.0971916553846767,0.383413925657155,-0.234080553622504,0.0143261354710096,1.0254155177532,1.01072694757581,1.01453267889278,0.687512531386755,0.0870773990176831,0.225410069595562,1.05719040701207,1.0507040557146,0.320620096243683,0.714973509157581,-0.0355936054012637,0.000724378836650025,0.949447103547588,0.0243824492923645,1.01870181242507,-0.156363135124644,0.67,0.1,1.015,0.5,0.6,0.25,0.4,0.005,0.975,0.8,0.1,1.07794269749196,0.5576828176263,0.431177078996786,0.25641379334471,0.436232387986029,0.626926654049642,-1.38765277101051,3.53039749603892,4.82871642186808
51,0.00568486019486026,0.336870532012093,0.125432912308126,-0.00932668054140295,0.000331145264230281,0.0278130288068112,0.0493916254398108,0.0274878997688023,0.0246044958262551,1.71270338111826,4.48450217720837,0.539238138106271,3.92823596131316,0.464457577274167,3.43449288822214,1.12213487419654,2.43259581716724,-0.120237803141646,2.87711049922861,10.7862428910624,0.905743268713513,0.142105164126849,0.296491163471489,0.0222853564747213,1.10579840300169,2.99413311072054,0.740884930011131,0.353731184926027,0.663479041801013,0.276449600750422,0.0998329202130367,0.385302701913276,-0.223119264299409,0.0140751085587295,1.02415813678395,1.01071328449583,1.01330234052956,0.683852591528888,0.0857776221449274,0.230369786326185,1.05571672433442,1.0496227550996,0.326725053950371,0.708283841701727,-0.0350088956520984,0.000660824693450708,0.951561717960283,0.0241498677660936,1.01782517215689,-0.150218316210425,0.67,0.1,1.015,0.5,0.6,0.25,0.4,0.005,0.975,0.8,0.1,1.08339858500022,0.56342946811367,0.433359434000088,0.259803849972299,0.433560049554867,0.616856777935453,-1.4017385902642,3.55719324208261,4.87101582239476
52,0.00563109404407853,0.346163702740323,0.124246798035086,-0.00937040094014374,8.65824616251842e-05,0.027675743491284,0.0469707014449874,0.0263616297189264,0.0236437307686842,1.8500072491797,4.75709462345743,0.568591023649293,3.98865711935125,0.468604017566736,3.47342738851512,1.15669388903427,2.43631110969587,-0.119577610215018,3.04729742223287,11.1219456898223,0.939838724775618,0.143133697433773,0.293192614029258,0.0222212937746077,1.10526402922283,3.02238434527453,0.740526899579298,0.356085292509212,0.6631584175337,0.276316007305708,0.102537413414873,0.387217122867773,-0.212115374293107,0.0137086711767669,1.02291104729799,1.0106592495143,1.01212258017683,0.68008219437542,0.0844980350518207,0.23541977057276,1.05436875890543,1.04862368320692,0.333012255519974,0.701414147234377,-0.0344264027543513,0.000606452993506654,0.95346325642488,0.0239112257822081,1.01697212503198,-0.144079561490601,0.67,0.1,1.015,0.5,0.6,0.25,0.4,0.005,0.975,0.8,0.1,1.08887852924806,0.569368123544815,0.435551411699223,0.262980006114697,0.431113498418413,0.60799353038846,-1.41515255522432,3.58237743885259,4.91332519023411
53,0.005521654758815,0.355666818884058,0.123085540866966,-0.00949560746050904,-0.000150640392982848,0.0272978890610489,0.0448941056981298,0.0253822254594307,0.0228050821766372,1.98770849485253,5.01490361271553,0.595585865244677,4.03857591868134,0.471338132519049,3.51109893767786,1.19180049333015,2.43814035080084,-0.11884190645313,3.21872755155428,11.430879615995,0.970207758983124,0.144501894913864,0.290141163616287,0.0221256676725275,1.10454006717843,3.04961866869557,0.740041845009549,0.357868736006439,0.662724040307059,0.276135016794608,0.105283331542254,0.389160415190527,-0.201243771324772,0.0132090132755415,1.02168503417237,1.01054926303261,1.01101952329008,0.676245750957496,0.083236074015591,0.240518175026913,1.05320945566737,1.04775709916058,0.339438026237556,0.694409469535869,-0.0338474957734247,0.00055857489916465,0.955077723277943,0.0236695607846508,1.0161407082507,-0.13795292917494,0.67,0.1,1.015,0.5,0.6,0.25,0.4,0.005,0.975,0.8,0.1,1.09433862462237,0.57547188228468,0.437735449848949,0.265818251691966,0.429046930358492,0.600794076778998,-1.42776924378809,3.60540579715094,4.9551369379748
54,0.0053559194762476,0.365282621531508,0.121959269547936,-0.00952970201257852,-0.000382891826606779,0.0266427409421981,0.0432298453049465,0.0245867993603932,0.0221214736546711,2.11849534243942,5.23862591620591,0.617927714911093,4.07460075738041,0.472307946147445,3.54689234575518,1.22705332731435,2.43785754438384,-0.118018525943009,3.38378826023299,11.6902006892248,0.994210537326254,0.146280643039096,0.287424618843571,0.0219934022107259,1.1036338222996,3.07538483287479,0.739434660940733,0.358932141887045,0.662180293379761,0.2759084555749,0.108041052559877,0.391126513351784,-0.190672780499365,0.0125852559390937,1.02049570087647,1.01038269907363,1.01000908053167,0.67238557896873,0.0820036540655921,0.245610766965678,1.05228645317751,1.0470619589018,0.345951669151408,0.687322113765698,-0.0332737829171061,0.00050930480516996,0.956352236816904,0.023444139646874,1.0153315347508,-0.13184446550986,0.67,0.1,1.015,0.5,0.6,0.25,0.4,0.005,0.975,0.8,0.1,1.09971820346718,0.581699735368617,0.439887281386873,0.268200270601772,0.4274699336717,0.595579114247616,-1.43918618368652,3.62568386449171,4.99592645091906
55,0.00514299203066483,0.374892323371002,0.120908106085145,-0.0092218759506687,-0.000608146090412931,0.0256834351970434,0.0420359639747898,0.0240084527273748,0.0216226080454408,2.23354986263563,5.40679682574464,0.633294570417435,4.09380274800117,0.471351544112583,3.58008786478291,1.26196857088041,2.43521852577892,-0.117099231876417,3.53327012734063,11.8753215252108,1.00937214083099,0.148524415796362,0.285108095491421,0.0218252581773934,1.10253271770637,3.09912581310934,0.73869692086327,0.359141560545811,0.661519630623824,0.275633179426593,0.110772721971775,0.393092251057921,-0.180557578950254,0.0118502795751681,1.01936100765125,1.01016870699082,1.00909976778811,0.66853838273304,0.0808317097014779,0.250629907565482,1.05163968075928,1.04657110862296,0.352496535991287,0.680211943883829,-0.0327084798751159,0.00044992869362392,0.957243278106669,0.0232671606547819,1.01454797271799,-0.125760198811515,0.67,0.1,1.015,0.5,0.6,0.25,0.4,0.005,0.975,0.8,0.1,1.10494317146521,0.587987557948322,0.441977268586085,0.270008617385392,0.426464811677492,0.592604518906259,-1.4486793896712,3.64260091667968,5.03518747279073
56,0.00489017007709163,0.384356739693325,0.119989533336339,-0.00840944143440525,-0.000818378782970974,0.0244066531936189,0.0413524524435002,0.0236708077392657,0.0213298443829261,2.32413218677896,5.50088486362104,0.639923055717233,4.09419162013419,0.46850490305159,3.60991140849474,1.2959996117324,2.42999678983774,-0.116084993075403,3.65796410413283,11.9655130727243,1.01397080518168,0.151265786669128,0.28323335948281,0.0216278394882624,1.10121461114027,3.12022860660233,0.737813789463982,0.358397879528709,0.660728766684163,0.275303652785068,0.113433481047661,0.395020229112547,-0.171045964791749,0.0110106837974184,1.01829938303455,1.00991462092748,1.00830244649728,0.664740570657352,0.0797619108629071,0.25549751847974,1.05129856929926,1.04630928169728,0.359011472880662,0.673145824055269,-0.0321572969359313,0.000375409388874563,0.957720838517015,0.0231648515799612,1.01379487189993,-0.119706133516574,0.67,0.1,1.015,0.5,0.6,0.25,0.4,0.005,0.975,0.8,0.1,1.10992742437003,0.594247209436784,0.443970969748014,0.271154981798717,0.426081048735637,0.592044054162204,-1.45539383171157,3.65555661426645,5.07245479112223
57,0.00459468573245119,0.393521599559015,0.119252612780119,-0.00713747924993569,-0.00100209333273227,0.0228186827203378,0.0411913605520581,0.0235819903749725,0.0212506957506401,2.38387322236134,5.51140650144867,0.637169350201953,4.07521387035521,0.463945845974427,3.63563087599525,1.32857903434974,2.42204003115929,-0.114988189513772,3.75098543434006,11.9505689212962,1.00753788777642,0.154508193461166,0.281818201303497,0.0214108811138167,1.09966669395952,3.1381091254347,0.736776684952876,0.356654462413631,0.65980001637571,0.274916673489879,0.115975015832178,0.39686700198244,-0.162278265815155,0.0100741263184817,1.01732899053561,1.00961765916111,1.00763787291608,0.661037180461812,0.078830410914874,0.260132408623314,1.05127660715419,1.0462887668434,0.365432872495899,0.666195252975519,-0.0316281254714184,0.000284155859044267,0.957774942314101,0.0231414838628701,1.01307743675465,-0.113688244256567,0.67,0.1,1.015,0.5,0.6,0.25,0.4,0.005,0.975,0.8,0.1,1.11457676924943,0.600370166327379,0.44583070769977,0.271606869294866,0.426327307499729,0.593959800237359,-1.45867804289317,3.66399970039085,5.10731838981891
58,0.00426792793732074,0.402262300573732,0.118716654090251,-0.00563862535413884,-0.00114947744397631,0.0210364808003496,0.0414299812405863,0.0236844460176014,0.021335980800148,2.41660192789121,5.45639339578976,0.627528087933019,4.04151357406764,0.458348062381416,3.65682113287776,1.35928604703442,2.41137140130486,-0.11383631546152,3.8156108660676,11.8530287202999,0.993231400955437,0.158080686607511,0.280732418883539,0.0211915661025223,1.09787460704132,3.1524196558009,0.735575986717686,0.354115637695663,0.658724764224793,0.274468651760331,0.11835779546554,0.398593916971832,-0.154323287147934,0.00910903279764331,1.01646690434917,1.00928926757701,1.00711157544496,0.657471293033717,0.0780527920693535,0.26447591489693,1.05149675628417,1.04645136839914,0.371712478582379,0.659417377466094,-0.0311298560484734,0.000176613194112719,0.957507566433221,0.0231781017500545,1.01240061154616,-0.107712469961645,0.67,0.1,1.015,0.5,0.6,0.25,0.4,0.005,0.975,0.8,0.1,1.11879559535379,0.606252959171239,0.447518238141518,0.271502985872595,0.426988101013777,0.597712977641529,-1.45845282972544,3.66764515326328,5.13954568439307
59,0.00392650369634831,0.41051189693419,0.118360474009048,-0.00425315255993031,-0.00125666918194989,0.0192255617782875,0.0418774576804783,0.0238872250315657,0.0215076323037754,2.4327389000645,5.36836950763146,0.614912008344829,4.00019712007102,0.452497362576346,3.67350108654244,1.38794204952896,2.39822537273911,-0.112666335725627,3.86184385532894,11.7125247708506,0.975728648189703,0.161724202622189,0.279779714893983,0.0209856129941554,1.09584055604182,3.16315164888457,0.734213172548017,0.351130681278917,0.657504333625089,0.273960139010454,0.120561296886702,0.400166228063039,-0.147154895967211,0.00820491213379042,1.01572277913134,1.00894613621483,1.00671655569437,0.654076834015288,0.0774168441123872,0.268506321872325,1.05183679188316,1.04670400003517,0.377825408739788,0.652844606886003,-0.0306700156257909,5.52931083260729e-05,0.957077058266168,0.0232384107767998,1.01176852143044,-0.101784707999572,0.67,0.1,1.015,0.5,0.6,0.25,0.4,0.005,0.975,0.8,0.1,1.12251823389124,0.611803089870152,0.449007293556497,0.271072958795508,0.427747476051787,0.602310595499087,-1.45532069948586,3.66658051167588,5.16912242456967
60,0.00358926162444242,0.418267496876263,0.11813259065941,-0.00325068173367538,-0.00132790519819037,0.0175395169117154,0.0423456394575486,0.024101067287759,0.0216891209024207,2.44366952264384,5.27828533416865,0.602791502466898,3.9580017067522,0.447004589105872,3.68609694928406,1.41461379447519,2.38299776502324,-0.111514610214373,3.9008822578822,11.5669218054103,0.959083151793354,0.165185353659431,0.278775160746286,0.0208016704349573,1.09358721831115,3.17060729078546,0.732703436268471,0.348065015055012,0.65615233098669,0.273396804577788,0.12258641289626,0.401565274988427,-0.140662672488091,0.00743894466919788,1.01509608354855,1.00860720793256,1.00643350113399,0.65087213162293,0.0768892110966295,0.272238657280441,1.0521764591336,1.04695546810899,0.383770099901997,0.64648266114815,-0.0302527610501476,-7.5730831521761e-05,0.956639942047487,0.0232873425709593,1.01118408956811,-0.0959108083557388,0.67,0.1,1.015,0.5,0.6,0.25,0.4,0.005,0.975,0.8,0.1,1.12572562362057,0.616964923643505,0.450290249448227,0.270540822805622,0.428310181373365,0.606766707232431,-1.4503284482166,3.66123797477901,5.19622675415255
61,0.0032789955413203,0.425589672259525,0.117968313218305,-0.00276219101352237,-0.00137348186811792,0.0161084371496079,0.0426651345723505,0.0242466166330832,0.0218126506902534,2.45987278039707,5.21118945805782,0.593824830347327,3.92061980935045,0.442307312369042,3.69534965074061,1.43958741784345,2.36617241221961,-0.110410179322456,3.94324538465425,11.4472646278339,0.946364685708974,0.168239094988427,0.277557436929326,0.0206427223150613,1.09114550033668,3.17533087740465,0.731067485225575,0.345260851756683,0.654687300202008,0.27278637508417,0.124453908574699,0.402792996502255,-0.134668526866052,0.00687044256636945,1.0145768449665,1.00829539051903,1.00622977602252,0.647853860631246,0.0764262271506346,0.27571991221812,1.05240766312146,1.04712426926164,0.389567308618532,0.640310832763928,-0.0298781413824604,-0.000211423303357124,0.956338074435061,0.0233002133515585,1.01064881570529,-0.0900965678599284,0.67,0.1,1.015,0.5,0.6,0.25,0.4,0.005,0.975,0.8,0.1,1.12844505474313,0.6217343462456,0.451378021897253,0.270099978563313,0.42842599820102,0.610181156794125,-1.44466348057244,3.65232432189892,5.22119496652315
62,0.00301047322647293,0.432581963332564,0.117803226743574,-0.00280378301743522,-0.0014063373563391,0.0150002110352729,0.0427316935057639,0.0242753612230061,0.0218368421484481,2.48824975855748,5.18103336773042,0.589338545491988,3.89128129606227,0.438555522261793,3.7021500104467,1.46328178611163,2.34823820923995,-0.109369984904875,3.99609309376486,11.3711267632083,0.939029522300159,0.170759825303451,0.276038209689888,0.0205054394512537,1.08855460985843,3.17798545109207,0.72933158860515,0.342940388136821,0.65313276591506,0.272138652464608,0.126198276207709,0.403867269090948,-0.128968206560427,0.00651813967480035,1.01414709548453,1.00802552559261,1.00607283222151,0.645001001300129,0.0759831992059917,0.279015799493879,1.05246558699668,1.04716201562161,0.395251889302851,0.634290399528302,-0.0295422888311532,-0.000346044862389284,0.956258184079424,0.023262905090464,1.01016259387008,-0.0843477244655486,0.67,0.1,1.015,0.5,0.6,0.25,0.4,0.005,0.975,0.8,0.1,1.13074489362813,0.626149832755101,0.452297957451251,0.269868071699154,0.427965552198333,0.612007727208284,-1.43939694626928,3.64067374237653,5.2444405971488
63,0.00278088808654502,0.439357072204734,0.117580550985743,-0.00332686872530974,-0.00143935465128509,0.0142001256349078,0.0425334834349247,0.0241813323263424,0.0217564576665321,2.53080438549906,5.18927142382312,0.589201854215277,3.87013688508574,0.435562287091554,3.70734726396947,1.48612776585335,2.32961584953544,-0.108396351419316,4.06183824329715,11.3405446644241,0.936748110497799,0.172764129636755,0.274229479292446,0.0203803206102842,1.08586446054011,3.17921002232891,0.727529188561876,0.341145242483067,0.651518676324068,0.271466115135028,0.127858037692013,0.404820215249254,-0.12338143468351,0.00635330986136085,1.01378474159737,1.00779479252698,1.00594361978729,0.642286489262685,0.0755203992982048,0.282193111439111,1.05234664171869,1.04706662058401,0.400860146093286,0.628378105330524,-0.0292382514238106,-0.000474136478827562,0.956407609720923,0.0231687294779211,1.00972379053989,-0.0786699515869634,0.67,0.1,1.015,0.5,0.6,0.25,0.4,0.005,0.975,0.8,0.1,1.13271756564122,0.630279823749631,0.453087026256489,0.269865106642368,0.426958193698342,0.612219514344993,-1.43532545413717,3.62706656372257,5.26635026019766
64,0.00258439097491683,0.446025892866528,0.117255202742596,-0.00424680815527589,-0.00148388980285152,0.0136721763858676,0.0420856915766824,0.0239706941491454,0.0215765118181688,2.58840411095821,5.2347539662401,0.593019067583812,3.85653798167918,0.433088366674553,3.71168352404023,1.50852882933945,2.31063496904072,-0.107480274339943,4.14177182212792,11.3540978619581,0.938885023728838,0.174309331487184,0.272165607188698,0.0202578638104163,1.08311804421246,3.17956998681594,0.725689089622346,0.339855168823577,0.649870826527474,0.270779511053114,0.129470449656922,0.405694427431738,-0.11775728930319,0.00634313020790283,1.01346891899571,1.00759731292979,1.00582733398608,0.639680223095358,0.075005834249475,0.285313942655167,1.05206332152885,1.04684750723708,0.406427115773434,0.622530168338695,-0.0289572841121294,-0.000592568358435223,0.956770850376597,0.0230167681543205,1.00932993286053,-0.0730688525005183,0.67,0.1,1.015,0.5,0.6,0.25,0.4,0.005,0.975,0.8,0.1,1.13445603509641,0.634214428998004,0.453782414038564,0.270083840985451,0.42547134859307,0.610938707954613,-1.4329588546733,3.61217196595474,5.28725941431705
65,0.00241767838889879,0.452697898703823,0.11679378680622,-0.00547800661547659,-0.00154895945148092,0.0133866558958244,0.0413996953246059,0.0236475245339222,0.0213001839443954,2.66258888345743,5.31802284958614,0.600628508666861,3.85001755268355,0.43095507575132,3.71579973164481,1.53086307990628,2.29154276465283,-0.106606112914303,4.23782602954033,11.4121530148519,0.945108455452449,0.17544470646178,0.269869168403837,0.0201309839485716,1.08034420902585,3.17955673160452,0.723830620047321,0.339048060435914,0.648206525415511,0.270086052256463,0.131070640285163,0.406531299572871,-0.111963525375222,0.00646607533156643,1.01318148308256,1.00742976678084,1.00570929755242,0.637148963089299,0.074415040158856,0.288435996751845,1.05162366646254,1.04651006556807,0.411987510217252,0.616702440967795,-0.0286899511850477,-0.000700837812280902,0.957336098294046,0.0228087157721961,1.00897848791312,-0.0675499548147825,0.67,0.1,1.015,0.5,0.6,0.25,0.4,0.005,0.975,0.8,0.1,1.13604613988185,0.638047494579213,0.45441845595274,0.270523054285765,0.423557415985331,0.608262174061178,-1.43258826020557,3.59655731611332,5.30746195740385
66,0.00227513259257958,0.459476869647858,0.116171639065865,-0.00695939064937512,-0.00164124263875598,0.0133087825927563,0.0404954595990972,0.0232195650849488,0.0209337006354081,2.75485595203819,5.4396006955944,0.611872827581145,3.84985272084229,0.42897831164637,3.72023081871859,1.55347231519168,2.27251279497451,-0.1057542914476,4.35186826558962,11.5147328530988,0.955090424812729,0.176230905529952,0.267367088918661,0.0199935770328152,1.07756311137357,3.17958061959936,0.721967284620289,0.338679808369496,0.646537866824139,0.269390777843391,0.132690907170198,0.407366837389192,-0.105887667704909,0.00670052801487682,1.01290639212467,1.00728650825554,1.00557923075815,0.634659312955748,0.0737294126344851,0.291611274409767,1.05104042078904,1.04606290053847,0.417574175068729,0.61085263407319,-0.0284268091419193,-0.000799574335626893,0.958084315963729,0.0225459437734398,1.0086671792662,-0.0621187050154673,0.67,0.1,1.015,0.5,0.6,0.25,0.4,0.005,0.975,0.8,0.1,1.13756667535205,0.641866949831707,0.455026670140822,0.271175048307162,0.421276554933817,0.604335020607999,-1.43435689596334,3.58068139643444,5.3272025175843
67,0.002143027111544,0.466444726550159,0.115373411927731,-0.00862464170025445,-0.00176567218682699,0.0133723127926932,0.0394331059698006,0.0227133945983984,0.0204993807244021,2.86418736597189,5.59452812996575,0.625952538743865,3.85403511681234,0.426849539539417,3.72534429288061,1.57660986030413,2.2536359042622,-0.104901471685722,4.48322774772264,11.6550442994062,0.967738649617859,0.176787594862983,0.264725620234757,0.0198380430202984,1.07479479337619,3.17992416328758,0.720112511562049,0.338627509556503,0.644876876025716,0.268698698344048,0.134357073416363,0.408232039693167,-0.0994567464326871,0.00700664083358243,1.012629716204,1.0071537422471,1.00543707849874,0.632183925367207,0.0729372164354807,0.294878858197313,1.05035253866704,1.04553454595603,0.4232118527453,0.604947013506658,-0.0281588662519582,-0.000889313475978768,0.95896260982079,0.0222323890504987,1.00839392201462,-0.056780463090402,0.67,0.1,1.015,0.5,0.6,0.25,0.4,0.005,0.975,0.8,0.1,1.13908703253372,0.645748845094477,0.455634813013487,0.271987936883318,0.418747787807148,0.599526178118503,-1.43824342101835,3.56484215088696,5.34663580136754
68,0.00201134805692324,0.473658018481985,0.114399221411867,-0.0103528649449716,-0.0019253176144538,0.0135093172822869,0.0382815063275804,0.0221605638947763,0.0200240190156185,2.988289648902,5.7752805271619,0.641820198751236,3.86028118976264,0.424284248510343,3.73132057487255,1.60042495897117,2.23491849632276,-0.104022880421389,4.62986666576607,11.8233730736958,0.981739946191221,0.177238270061896,0.262012614452332,0.0196583793510317,1.07204851169264,3.18073247269819,0.718272502834072,0.33875539721075,0.643229107015587,0.268012127923161,0.136086212168993,0.409152748830212,-0.0926410048412302,0.00734113382709767,1.01234111659336,1.00702140479721,1.00528262038007,0.629700224197739,0.0720372153710992,0.298262560431162,1.0496030238708,1.04495658117571,0.428916499361849,0.598961802256592,-0.0278783016184401,-0.000969411133624952,0.959912398768702,0.0218802370336178,1.00815641961623,-0.0515404972398728,0.67,0.1,1.015,0.5,0.6,0.25,0.4,0.005,0.975,0.8,0.1,1.14065784834232,0.649757985002289,0.45626313933693,0.272891994086135,0.416091029324543,0.594235729102855,-1.44401584494232,3.54917849865804,5.36582585711606
69,0.00187210929561349,0.481146309254205,0.113264346227884,-0.0120194282642078,-0.00212015571762669,0.0136558137332272,0.03711085283621,0.0215942055240499,0.0195359944704272,3.12357736996034,5.97201004023633,0.658245006501557,3.86620962557121,0.42104942197139,3.73816011304548,1.62495996355403,2.2162953158679,-0.103095166376453,4.78835087833309,12.0075047472554,0.99565028047042,0.177699784774918,0.259292525344828,0.0194510183739263,1.06932316732607,3.18202296584544,0.716446522108467,0.338928409862279,0.641593900395642,0.267330791831518,0.1378862399562,0.410143762343601,-0.0854567531956,0.007658313036134,1.01203387109771,1.00688146984209,1.00511718748427,0.62719099158155,0.0710383776215024,0.301770630796948,1.04883587357053,1.0443618527378,0.434695121239784,0.592883998770798,-0.0275791200105818,-0.00103767589753352,0.960875117482962,0.0215048310471322,1.00795165309469,-0.0464039786775454,0.67,0.1,1.015,0.5,0.6,0.25,0.4,0.005,0.975,0.8,0.1,1.14230996893282,0.653937584960151,0.456923987573129,0.273810002778536,0.413418765296653,0.588857120739782,-1.45126014737768,3.53368486731483,5.38475185362692
70,0.00171054050162907,0.48890003920072,0.111995431277175,-0.0135239633903147,-0.00234713075442328,0.0137301637809673,0.0360165604795965,0.0210605109872443,0.0190751171347429,3.26248687307801,6.16724976181724,0.673234597399196,3.86852202421644,0.416865617803005,3.74565933698363,1.65011915231557,2.19763754656487,-0.102097361896816,4.95117644304234,12.1866406275817,1.00721560902778,0.178324345807622,0.256656878837192,0.0192127557223978,1.06661861194024,3.18366789762988,0.714634469999962,0.338961078624325,0.639971167164145,0.26665465298506,0.139753928158867,0.411208886145865,-0.0779797278103948,0.00790026034174155,1.01170499186894,1.00671909320414,1.00495262153908,0.624650402503471,0.0699579912258375,0.305391606270692,1.04811503167261,1.04379981796236,0.440541705440946,0.586715808580345,-0.0272575140212915,-0.00109136037809734,0.961770916626498,0.0211210863737629,1.00777568924233,-0.0413759765271016,0.67,0.1,1.015,0.5,0.6,0.25,0.4,0.005,0.975,0.8,0.1,1.14405508607031,0.658302443251176,0.457622034428124,0.274632752967069,0.410880834797455,0.583920258926695,-1.45940957005507,3.51818799404786,5.4032891488607
71,0.00150497766363054,0.496859536149152,0.11062617794159,-0.0147950899729299,-0.00260091374456495,0.0136371601905458,0.03511489484408,0.0206169085497438,0.0186911247305018,3.39266066728878,6.33507722170619,0.683997970433208,3.86319736856635,0.41142693551022,3.7533973340196,1.67564470368738,2.17876434576323,-0.101011715431012,5.1059269162834,12.3307658769653,1.01335391493281,0.179294086749082,0.25422227243636,0.0189407244203935,1.06394030408296,3.18538403914291,0.712840003735586,0.338622473238763,0.638364182449779,0.265985076020741,0.141672541441849,0.412344672228756,-0.0703508875730866,0.00800414312062483,1.01135667237542,1.00651250255195,1.00481282628005,0.62208950986892,0.0688193848143553,0.309091105316725,1.04752298382092,1.04333591520606,0.446434138080686,0.580477938217624,-0.0269120762983098,-0.00112847190299892,0.962501962817947,0.0207421037731322,1.00762390770423,-0.0364614528196254,0.67,0.1,1.015,0.5,0.6,0.25,0.4,0.005,0.975,0.8,0.1,1.14588012243735,0.662838169889154,0.458352048974939,0.275223681110887,0.408658671145133,0.580068735932596,-1.46777998239155,3.50233256018466,5.42120001146702
72,0.00124632817162044,0.504934493865471,0.109194916741682,-0.0157753878237955,-0.00287476441168211,0.0133305079629897,0.0344707595148573,0.0202969006579792,0.018413367209123,3.50382969398888,6.45601781137019,0.688670902139347,3.84811260959277,0.404685342036563,3.76084372316625,1.70118784247621,2.15948366392406,-0.0998277832340239,5.24210127915712,12.41814446107,1.01216584227226,0.180699212548597,0.252049844484395,0.0186373813303684,1.06128344444331,3.1868154146695,0.711059907777019,0.337783521758965,0.636770066665987,0.265320861110828,0.143615469856567,0.413540439475619,-0.0627417581692415,0.00794084547685481,1.01099720709572,1.00625255981248,1.00471516542936,0.619529012623499,0.0676494189524796,0.312821568424021,1.04710780268242,1.04300936998593,0.452342072072057,0.574201913954029,-0.0265439860260863,-0.00114822226669642,0.963014476607811,0.0203800647278251,1.00749138187261,-0.0316652575966789,0.67,0.1,1.015,0.5,0.6,0.25,0.4,0.005,0.975,0.8,0.1,1.1477427098465,0.667507785833003,0.459097083938598,0.275499503454128,0.406841066921222,0.577643074481564,-1.47566357227913,3.48568609366553,5.43820507980541
73,0.000951564567817167,0.513041451077699,0.107747247950917,-0.0163767663282282,-0.00316101665166357,0.0128436950162205,0.0340592284454876,0.0200903712347034,0.0182336166800166,3.59409990615567,6.52897098306244,0.687597961735114,3.82449834213356,0.396994482379551,3.76752306476542,1.72642842247583,2.13964164829144,-0.0985470060018518,5.35744369317728,12.4487067216201,1.00435852649405,0.182470398631438,0.250099139429089,0.0183130883812414,1.05861972299935,3.18765285836998,0.709275214409564,0.336501362660469,0.635171833799609,0.264654930749837,0.145555034085651,0.41477182311313,-0.0553016274041687,0.00773214051645965,1.01063819717674,1.00595632239066,1.00465415314947,0.616983571392945,0.066478281848518,0.316538146758537,1.04685114545694,1.04280648296382,0.458239642544384,0.56791733229234,-0.0261569748367243,-0.00115133736918564,0.963332322147603,0.0200507237126276,1.00737337074158,-0.0269921241238953,0.67,0.1,1.015,0.5,0.6,0.25,0.4,0.005,0.975,0.8,0.1,1.14958525201612,0.672257483577257,0.459834100806448,0.275474754641987,0.405357858823449,0.576456267593653,-1.48239399788351,3.46790700352173,5.45409278519844
74,0.00064839862860204,0.52112024178646,0.106334990731383,-0.0165124539068582,-0.00345055040981657,0.0122419719336666,0.0338162704311218,0.0199674751024275,0.0181264746551257,3.666925125056,6.56351493651137,0.6823484656616,3.79504561363385,0.38887162477683,3.77308852475591,1.75112791121203,2.1191436439741,-0.0971830304302292,5.45505406915107,12.4345327538906,0.992018864818399,0.184469583619787,0.248286223171858,0.0179818048101982,1.05590944701136,3.18767868861061,0.707459329497608,0.334913917343208,0.633545668206813,0.263977361752839,0.147468550736752,0.416001666097011,-0.0481358320615148,0.00742086172974996,1.01028998388018,1.00565164062175,1.00461227633017,0.614456225903613,0.0653381970863012,0.320205577010086,1.04670428694054,1.04268872640771,0.464109945929594,0.561646945220081,-0.025756891149675,-0.00114030541628465,0.963512965831947,0.0197702781248031,1.00726588899737,-0.0224466642198179,0.67,0.1,1.015,0.5,0.6,0.25,0.4,0.005,0.975,0.8,0.1,1.15135838758445,0.677024088225721,0.460543355033779,0.275211218124784,0.404074713063133,0.576097347654806,-1.48738463508361,3.44881141184258,5.46876143620969
75,0.000365103398199363,0.529140461930541,0.105009243904255,-0.0161541042836979,-0.00373300185372349,0.0115998906472929,0.0336626485787773,0.0198902627346767,0.0180593824043093,3.72898164429874,6.5748303277444,0.675037392073224,3.76282148352975,0.380844457593399,3.7773496489612,1.77515370092639,2.0979556538004,-0.095759705765592,5.54132996155034,12.3937304583252,0.97778025136742,0.186535843155197,0.246514555076151,0.0176581074663889,1.05311051372055,3.18678203533035,0.705584044192769,0.333186261252962,0.631866308232331,0.263277628430138,0.149341226829992,0.417192482367315,-0.0412986946014782,0.00705703945547638,1.00995981085676,1.00536692891519,1.00456836385748,0.61193903865078,0.064259255764215,0.323801705585005,1.04660700929329,1.0426080722407,0.46994688495797,0.555404145437621,-0.0253510303955907,-0.00111892111576212,0.963626317572685,0.0195492516169958,1.00716612744531,-0.0180333637045922,0.67,0.1,1.015,0.5,0.6,0.25,0.4,0.005,0.975,0.8,0.1,1.15302995825934,0.681754972337035,0.461211983303735,0.27479477090711,0.402841687661688,0.576080483634845,-1.49020875867223,3.42837361451237,5.48222467735081
76,0.00011485789869347,0.537084019997426,0.103813939014053,-0.0153354948303748,-0.00399815121914904,0.0109540194987165,0.0335582532818818,0.0198393899654829,0.0180157074699938,3.78377268316186,6.57097084201375,0.66689520317861,3.72938964966553,0.373235089922414,3.78020511044438,1.79842905478581,2.07608184447718,-0.0943057888186178,5.61962280709532,12.3358597657296,0.963176816041617,0.188584725509326,0.244735932448685,0.0173523117592103,1.05019600823265,3.18490352474829,0.703631325515878,0.331396614051172,0.630117604939592,0.262549002058163,0.151163656361674,0.418312822640336,-0.0348160192435057,0.00666904645022624,1.00965127678922,1.00511543218819,1.00451275988387,0.609422416859137,0.0632665416176113,0.327311041523252,1.04652898718698,1.04254033943053,0.47574906711197,0.54919820057942,-0.0249472676913898,-0.00109162404412934,0.963707585331144,0.0193914800638157,1.00707265718337,-0.0137565779730023,0.67,0.1,1.015,0.5,0.6,0.25,0.4,0.005,0.975,0.8,0.1,1.15458720593555,0.686408656898858,0.461834882374218,0.274273119970573,0.401586692051818,0.576163653482889,-1.49061077794659,3.40663846134339,5.49455663461953
77,-8.53592981697356e-05,0.544961463896207,0.102778252039278,-0.0141713169916722,-0.00423721219718942,0.0103677010107077,0.0334293988457192,0.0197787983152794,0.0179643030646303,3.83936393434778,6.56812158963204,0.659858863593351,3.69713472562348,0.366378844966032,3.78169978934061,1.82098580402537,2.05356719637984,-0.0928532110646096,5.69789273434123,12.2794593110942,0.950458827929658,0.190477128796457,0.242872949131431,0.0170743304348847,1.047137801781,3.18208552393247,0.701582327193272,0.329689635198958,0.628282681068602,0.261784450445251,0.152934132828381,0.41934517752064,-0.0286684156604694,0.00630185232766911,1.009366381595,1.00491421390534,1.00443039577713,0.606891968633688,0.0623752957128465,0.330732735653466,1.0464162987252,1.04244266725002,0.481525743835655,0.543027556594572,-0.0245533004302275,-0.00106254455364791,0.963820049117956,0.0192916075648884,1.00698533708757,-0.00962052769622285,0.67,0.1,1.015,0.5,0.6,0.25,0.4,0.005,0.975,0.8,0.1,1.1560250645148,0.690971703686775,0.462410025805919,0.273735462730129,0.400191404210238,0.575924631168154,-1.4886215769152,3.38374422881735,5.50591340898701
78,-0.000226385364064495,0.55280612155413,0.101914728159416,-0.0128088241847794,-0.00444434959214446,0.00988655960834173,0.033219099061515,0.0196802688879399,0.0178807007702721,3.90278198390073,6.57934261848892,0.655363537280237,3.6676714531091,0.360460385159329,3.78199482737118,1.84294243489466,2.03048484822563,-0.0914324557491156,5.78317757308862,12.2392219463093,0.941221160621634,0.192111948690693,0.240871178878794,0.0168296939311838,1.04391943435708,3.17844886342805,0.699426021019243,0.3281747756888,0.626351660614248,0.26097985858927,0.154658794397474,0.420277868626078,-0.0228056966711224,0.00598629340511895,1.00910352681023,1.00477248270912,1.0043104724459,0.604331540376199,0.0615902846556017,0.3340781749682,1.04622847602829,1.0422830211552,0.48729374814499,0.536881973907139,-0.0241757220521287,-0.00103431482677952,0.964011756239196,0.0192391818474655,1.00690484558789,-0.00562929465652556,0.67,0.1,1.015,0.5,0.6,0.25,0.4,0.005,0.975,0.8,0.1,1.15735481981273,0.695442551888741,0.46294192792509,0.273252413514428,0.398574561785821,0.57505088055806,-1.48452724744469,3.35988561338639,5.51650054682587
79,-0.000308405680734187,0.560658762561415,0.101224768458246,-0.0113557675268634,-0.00461705436811677,0.00952241448372271,0.0329074374397302,0.0195335178107226,0.0177558692253135,3.97736194972154,6.60988058123076,0.653930901945178,3.64138432166171,0.35549957601903,3.7812889326367,1.86444858374113,2.00690893999846,-0.0900685911028806,5.87892314647829,12.2208387860139,0.935981043873081,0.193460295655466,0.238715972084103,0.0166191570117543,1.04053822838074,3.17413688927049,0.697160613015095,0.326886664624006,0.624322937028443,0.260134557095185,0.15634768263984,0.421109584054017,-0.0171708936622335,0.00572941975524863,1.00885833117393,1.00469005229086,1.00414882069705,0.601726884787433,0.0609096645877098,0.337363450624857,1.04595241982397,1.04205109181003,0.493072234615259,0.530747312821459,-0.0238195474367187,-0.00100783784502435,0.964298602689243,0.0192256256713415,1.0068321364649,-0.00178681771905315,0.67,0.1,1.015,0.5,0.6,0.25,0.4,0.005,0.975,0.8,0.1,1.15859974124536,0.69983508249391,0.463439896498143,0.272849261677065,0.39671814259792,0.573447702461967,-1.47872413536578,3.33524891563956,5.52652808206649
80,-0.000337293435346659,0.568557233922946,0.100703165189869,-0.00988346525747097,-0.00475504630835077,0.00926580610556438,0.0324989543006033,0.0193401132112526,0.0175909849043679,4.06386377052385,6.65991629550042,0.6555234774293,3.61792018646464,0.351423729215574,3.77976591186493,1.8856478884694,1.98289791300111,-0.0887798896055784,5.98604052192578,12.2242095320903,0.934607992119385,0.194540057363025,0.236417596262967,0.0164406750800894,1.03700027700097,3.16928092539773,0.694790185590653,0.325811194616027,0.622200166200584,0.259250069250243,0.158011194430493,0.42184772645186,-0.0117151797333867,0.00552347340053244,1.00862559534231,1.00466102009748,1.00394618201117,0.599067707190253,0.0603280142770961,0.340604278532652,1.04559285703549,1.04175068191638,0.498879542394472,0.524608655466377,-0.0234881978608494,-0.000982788971910306,0.964675403405381,0.0192445022093966,1.00676804911396,0.00190311105536489,0.67,0.1,1.015,0.5,0.6,0.25,0.4,0.005,0.975,0.8,0.1,1.15978574249872,0.704173704221865,0.463914296999488,0.272521402819175,0.394642531095213,0.571161519758699,-1.47161962264825,3.30997296165619,5.53618379837421
81,-0.000320870921319463,0.576528634708182,0.100344690116605,-0.00840178899676625,-0.00485936696202627,0.00909290441949295,0.032016166118164,0.0191105370688715,0.0173949578391303,4.16079010416519,6.72552324850261,0.659700907954671,3.59648226431064,0.348122532807361,3.77755533012596,1.90664865065096,1.95848480067928,-0.0875781212042821,6.10318195660475,12.2446736943343,0.936536329523606,0.195400487370818,0.234002290524131,0.016291009965856,1.03331578757349,3.16397269812789,0.692321577674235,0.32489969941486,0.619989472544091,0.258328946893371,0.159657285582216,0.422502667991922,-0.00640684054602158,0.00535175315890391,1.00840064655887,1.00467752472407,1.00370578792018,0.596347968087863,0.0598403520594434,0.343811679852694,1.04516699429999,1.04139541633975,0.504730833575212,0.518452975409887,-0.0231838089850986,-0.000958399754455155,0.965121957418248,0.019294546292742,1.00671316363508,0.00543685015251871,0.67,0.1,1.015,0.5,0.6,0.25,0.4,0.005,0.975,0.8,0.1,1.16093558580254,0.708483453622957,0.464374234321014,0.272241211911204,0.392392198927815,0.568335803642673,-1.46352951127836,3.28413091933388,5.54561919323933
82,-0.000273614803764645,0.584579190493098,0.100142785442791,-0.00693325132142486,-0.00493106197667914,0.00896392521584599,0.0315012425028897,0.0188650586262147,0.0171851893418448,4.26371638782573,6.79804853251295,0.665556673486696,3.57571896658829,0.345432239630918,3.77470575342993,1.92749716341922,1.93367789635972,-0.0864693063490091,6.22605268926655,12.2722813470946,0.940685464587334,0.196128395598225,0.231517307080111,0.0161658578187283,1.0295022432544,3.1582436489522,0.689766502980448,0.324059787908043,0.61770134595264,0.2573755608136,0.161289257576626,0.423085147533943,-0.00123924147490931,0.00518963280292408,1.00818036167354,1.00472501712222,1.00343909476965,0.593569748767885,0.0594417279961939,0.346988523235922,1.04470742790923,1.04101144753135,0.51063507709648,0.512272484975196,-0.0229075620716761,-0.000934298767231968,0.965600944619654,0.019373223067972,1.00666791972571,0.0088109121985529,0.67,0.1,1.015,0.5,0.6,0.25,0.4,0.005,0.975,0.8,0.1,1.16206478583561,0.712780845742511,0.464825914334244,0.2719614379273,0.390042295047361,0.565230209256446,-1.45469032048573,3.2577096463787,5.55493059379572
83,-0.000219094345667277,0.592683159457806,0.100085204703858,-0.00554357079188128,-0.0049714429114418,0.00882254886380873,0.0310170653873829,0.0186344660449369,0.0169882538509626,4.36448361744691,6.86327109735652,0.671599617547289,3.55367686909595,0.343115487869746,3.77116397028492,1.94815213147875,1.90846585865034,-0.0854540198441745,6.34658457266292,12.2909102673728,0.9453204289894,0.196852428673696,0.229034550025907,0.0160593434165396,1.02558890437674,3.15204854171907,0.687144565932413,0.323150851646645,0.615353342626042,0.256397226094184,0.162903604936434,0.423606458176532,0.00376208593980396,0.00500525482825229,1.00796416602458,1.0047798101826,1.00316920763107,0.590748280255843,0.0591251625578583,0.350126557186299,1.04426399130591,1.04063922357862,0.516591733170268,0.506068119468736,-0.0226598526390034,-0.000910750308487844,0.966056743295341,0.01947340846816,1.00663281176995,0.0120219674015836,0.67,0.1,1.015,0.5,0.6,0.25,0.4,0.005,0.975,0.8,0.1,1.16317658281599,0.717067611255804,0.465270633126395,0.271616055191803,0.387702440583857,0.562232211848338,-1.4453071441546,3.23059062960592,5.56413699987391
84,-0.000186045265888347,0.600774580836089,0.100154511816516,-0.00429392856409416,-0.00498295905922841,0.00860119974189111,0.0306424309025492,0.0184580236849112,0.0168382196661995,4.45116641121174,6.90179114729588,0.675777888274825,3.52805161497565,0.340886916113625,3.76675855818114,1.96846363059972,1.88282264244535,-0.0845277148639253,6.45287382593242,12.2789041838248,0.948101429661185,0.197731740330204,0.226644304235455,0.0159643401366601,1.02161617719798,3.14525247555867,0.684482838722649,0.321997184917086,0.61296970631879,0.255404044299496,0.164487956209238,0.424077313595101,0.00853637630368406,0.00476327545194372,1.00775498999038,1.00481302450778,1.00292787355542,0.587913984374561,0.0588822380951369,0.353203777530302,1.04389949546344,1.04033003611475,0.522588214825808,0.499852223964817,-0.022440438790625,-0.000888712172861235,0.966420146339142,0.0195872822214505,1.00660860613855,0.0150668468378006,0.67,0.1,1.015,0.5,0.6,0.25,0.4,0.005,0.975,0.8,0.1,1.16425677380479,0.72132544022787,0.465702709521918,0.271123188470965,0.385505890758093,0.559823401982839,-1.43553841699007,3.20254780884035,5.57316698129265
85,-0.000206411933861445,0.608737416103662,0.100333122861689,-0.00319460434401519,-0.00496909763669684,0.00821932180447926,0.030475053526839,0.0183850662085591,0.0167780666041017,4.50750734116659,6.88846410921536,0.675430543823237,3.49625222155386,0.338435291330475,3.7611745258779,1.98814458562598,1.85671136586285,-0.0836814256109274,6.52859255115368,12.2085721770279,0.94605742401248,0.198959207447919,0.224455407773341,0.015873014469696,1.01763471172157,3.13761008621472,0.681815256853451,0.320384569284664,0.610580827032941,0.254408677930392,0.16601858308681,0.424504329475924,0.0129836126302362,0.00442372616299446,1.00755987043742,1.00479255600647,1.00275411517971,0.585113356763722,0.0587062503121896,0.356180392924089,1.04369079874278,1.04014666723573,0.528596738052704,0.493652010319694,-0.0222487483723973,-0.000869891347437045,0.966606376121578,0.0197109483247814,1.00659658151194,0.0179425455788133,0.67,0.1,1.015,0.5,0.6,0.25,0.4,0.005,0.975,0.8,0.1,1.16527036850533,0.725507843170542,0.466108147402131,0.270380315303499,0.383610124736871,0.55859112798026,-1.42542617124964,3.1732506947583,5.58184735915463
86,-0.000293948819554003,0.616430586271118,0.100608371228034,-0.00220356442401104,-0.00493337542766237,0.00764218945183859,0.0305644418386816,0.0184410525866684,0.0168301034499267,4.52390190163736,6.81098153470538,0.669190305576266,3.45745196150932,0.335630522962367,3.75404553206453,2.00684336541891,1.83010780823517,-0.0829056415895537,6.56390338430347,12.0667856129442,0.937696719745845,0.200622043222392,0.222524228031072,0.0157815327967656,1.01368330732863,3.12884013339887,0.679167815910179,0.318213875921059,0.608209984397176,0.253420826832156,0.167463925975195,0.424887896373388,0.0169954142684882,0.00397709179798799,1.00739051612397,1.00470458143635,1.00267335765881,0.582397968102301,0.0585941109772891,0.35900792092041,1.04367545326579,1.04011972498415,0.534581519664002,0.487502826644915,-0.0220843463089164,-0.000856291272807343,0.966573578686926,0.0198455340722498,1.00659863645358,0.0206462256571515,0.67,0.1,1.015,0.5,0.6,0.25,0.4,0.005,0.975,0.8,0.1,1.16615759859739,0.729549070642969,0.466463039438956,0.269336500435725,0.382082768516776,0.558823445198773,-1.41491423296255,3.14236640316318,5.5899696036618
87,-0.00042382357090294,0.623751223412944,0.100973782921509,-0.00126402316941321,-0.00487832575439318,0.00693958992235033,0.030841196993105,0.0185915686980122,0.0169645216729813,4.50966859388296,6.68861887365837,0.658913415189397,3.41439366872885,0.332695559971432,3.74517108354198,2.02432459717844,1.8030423388732,-0.0821958525096611,6.56775291451009,11.8755132258581,0.925107122479671,0.20255736143824,0.220784419958186,0.0156939998285036,1.00976464519069,3.11879415319346,0.676542312277763,0.315659730634384,0.605858787114414,0.252441161297673,0.16879763798955,0.425216236917232,0.0205181432341051,0.00347728638967985,1.00726010145012,1.00457405731124,1.00267381396058,0.579802575092996,0.0585448593547724,0.361652565552232,1.04379714056033,1.04020322239291,0.540515920907929,0.481431234689546,-0.0219471555974751,-0.000849314355975774,0.966383523178114,0.0199945029333377,1.00661712125791,0.0231752188669971,0.67,0.1,1.015,0.5,0.6,0.25,0.4,0.005,0.975,0.8,0.1,1.16684944382879,0.733381076910585,0.466739777531516,0.268067939721241,0.38079241011093,0.560088274581827,-1.40398069814409,3.10975220933437,5.59742910737371
88,-0.000559218566304668,0.630660365566256,0.101423225795716,-0.000375547123719677,-0.0048052434156981,0.00621828934123858,0.0311883612806278,0.0187780458686092,0.0171304168690255,4.48220421450014,6.55210248152933,0.647637161766669,3.37084802951163,0.329950884561416,3.73460185635235,2.04054113457335,1.77561366066209,-0.0815529388830941,6.55724680715643,11.6692256557018,0.911652087747402,0.204509782428569,0.219125254612691,0.0156169803024125,1.00586536563232,3.10751382108504,0.673929794973656,0.313001089747456,0.603519219379393,0.251466341408081,0.170008324345631,0.425466024359733,0.0235688158879217,0.00299473275097985,1.0071764477185,1.00443798534086,1.00272636281941,0.577339341465432,0.0585556183901984,0.364105040144371,1.04396429966379,1.04032277131173,0.546387864907877,0.475449252412776,-0.0218371173206526,-0.000848815617866843,0.966138207633007,0.0201568361705546,1.0066543594528,0.0255270293973812,0.67,0.1,1.015,0.5,0.6,0.25,0.4,0.005,0.975,0.8,0.1,1.16730273960381,0.736942719475506,0.466921095841523,0.266703362234948,0.379543257967656,0.561677977177903,-1.39274319228683,3.07551128623098,5.60426500485756
89,-0.000674912366054829,0.637170074058642,0.101945057623464,0.000405476225576518,-0.00471535484085683,0.00555802408175321,0.0315133558050392,0.0189540768071958,0.0172874220582938,4.45524500633068,6.42410000580505,0.637578443572985,3.32944556282529,0.327596984067507,3.72257916943862,2.05559377008494,1.74796517421047,-0.0809797748567851,6.54602665718494,11.473270227537,0.899750010970287,0.206287267158096,0.217465245122699,0.01555435818658,1.00197823504189,3.09518206293759,0.671325417478066,0.310454417827203,0.601186941025134,0.250494558760472,0.171099386388779,0.425619657051569,0.0262101654759017,0.0025752171066422,1.00713977093564,1.00432171307211,1.00280593143297,0.575005059632125,0.0586189239379801,0.366376016429895,1.04410731856051,1.0404223278771,0.552196119013617,0.469557555299506,-0.0217536743131232,-0.000852829119803678,0.96591703605557,0.0203257698659246,1.00671206346381,0.0276993362952478,0.67,0.1,1.015,0.5,0.6,0.25,0.4,0.005,0.975,0.8,0.1,1.16751219181891,0.740201585919732,0.467004876727564,0.265347043951826,0.378197098407844,0.563047955944922,-1.38146129980931,3.03991268412277,5.6106122614559
90,-0.000770596324666866,0.643303716783616,0.102521237915866,0.00101482159419808,-0.00461098847530728,0.00497100668992023,0.0317970746620189,0.019109918737444,0.0174270053434268,4.43177588499422,6.30883935768866,0.629053861917865,3.2905519216597,0.325604749159333,3.70938182103129,2.06961320104442,1.72024532925125,-0.0804767092643695,6.53717116642542,11.2923683779296,0.889686472727071,0.207862919658073,0.215796242056214,0.0155045709142427,0.998117478721306,3.08200781072825,0.668738710743275,0.30806538841135,0.598870487232783,0.249529369680326,0.172080839271293,0.425674238017106,0.0285035230702636,0.00221716792029421,1.00714470881456,1.00422555069371,1.00290687497329,0.57279511173681,0.0587236639274145,0.368481224335776,1.04421443233874,1.04049283806015,0.557940190818376,0.463755259568555,-0.0216954503869312,-0.000858179919195161,0.965735014577555,0.0204924675705908,1.00679092669982,0.0296899957559544,0.67,0.1,1.015,0.5,0.6,0.25,0.4,0.005,0.975,0.8,0.1,1.16750072938917,0.74315270730295,0.467000291755667,0.264025945884561,0.376742464512109,0.564107221562689,-1.37043065575477,3.00324722401205,5.61660422393324
91,-0.000874558461930365,0.649048013683456,0.103127462159068,0.00139082114942712,-0.00449575241682687,0.00439347333141105,0.0321077894564487,0.0192791971229906,0.0175782551581191,4.40271251313736,6.19162655055603,0.620390190689887,3.25219982364892,0.323702382914495,3.69516189219961,2.0826235161411,1.69257652343866,-0.0800381473801627,6.5217780242501,11.1100388305864,0.879514761110419,0.209399875684956,0.214192628659669,0.0154603348861995,0.994325863320473,3.06810535513805,0.666198328424717,0.305682460137784,0.596595517992284,0.248581465830118,0.172957880713321,0.425641632707794,0.0304610190692722,0.00187052398885579,1.00718491554008,1.00412106874576,1.00305127229144,0.570719093941865,0.058856811763947,0.370424094294189,1.04433985575659,1.04057824642158,0.56360819279325,0.458052061808618,-0.0216602546018676,-0.000861425867110164,0.965531580654971,0.020646836289132,1.00689050695913,0.0314970432389485,0.67,0.1,1.015,0.5,0.6,0.25,0.4,0.005,0.975,0.8,0.1,1.16729637311307,0.745798830328168,0.466918549245229,0.262677070382359,0.375303071043717,0.565297665325873,-1.35987908589351,2.96569107535603,5.62226795778326
92,-0.00100891816992974,0.654364168282568,0.1037343210326,0.001484302026731,-0.00437450756818647,0.00378035760202788,0.0324954906101511,0.0194863060101063,0.0177622219271606,4.36186254984267,6.06321101494342,0.610433862456297,3.21308541761001,0.321666362005651,3.67998064182322,2.0945753804145,1.665059596256,-0.0796543348472876,6.49372569397763,10.9158769812359,0.867861029828464,0.211016802313969,0.212710119225588,0.0154151402138045,0.990645137279487,3.05353295727481,0.663732241977256,0.303201063001359,0.594387082367692,0.247661284319872,0.173729038593509,0.425543075178169,0.0320606021807093,0.00150031004540227,1.00725804767151,1.00398603723922,1.00325901985778,0.56879634791651,0.0590037029569415,0.372199949126549,1.04452278617094,1.0407101748978,0.569181086609402,0.452464226939808,-0.0216453135492103,-0.000859581840508008,0.9652624059668,0.0207785647329078,1.00700935393665,0.033118695406532,0.67,0.1,1.015,0.5,0.6,0.25,0.4,0.005,0.975,0.8,0.1,1.16690665192998,0.74814663760927,0.466762660771993,0.261257165928278,0.373965339272556,0.566944737120913,-1.34998874401859,2.92733876079739,5.62755418244923
93,-0.00118280598700374,0.659207903085831,0.10431158466629,0.00128802404008521,-0.00425313579348008,0.00311758218769564,0.0329767330197153,0.0197389703278358,0.0179854847725288,4.30787405102394,5.92219100105429,0.598846544023845,3.17294358546137,0.319374666575021,3.66387661129229,2.10539970648788,1.63779043507252,-0.0793135302681097,6.45163747375883,10.7083269306596,0.854272179608741,0.212753926512374,0.211371347545397,0.0153644992779852,0.987108523350685,3.03834237851063,0.661362710644959,0.300597031004961,0.592265114010411,0.246777130837671,0.17439021026537,0.425393272170945,0.0332691187712536,0.0010950310968831,1.00736448893433,1.00381127998306,1.00353971809455,0.567047887446175,0.0591496637211828,0.373802448832643,1.04477603331605,1.04089882843131,0.574637175280115,0.447010259577178,-0.0216474348572931,-0.000850442924586024,0.96491255628352,0.0208804765057918,1.00714524946111,0.0345533518837998,0.67,0.1,1.015,0.5,0.6,0.25,0.4,0.005,0.975,0.8,0.1,1.16632602869495,0.750189325432103,0.466530411477981,0.259756325080896,0.372757490548734,0.569161403775679,-1.34089570892532,2.88827534910441,5.63238607200912
94,-0.00138326700697102,0.663565862284421,0.104831274030347,0.000823789389368557,-0.00413768306674189,0.00244586565027527,0.0335049552747893,0.020013698482267,0.0182275633434472,4.24768893429719,5.77960344270535,0.586635162607859,3.1331373017404,0.316880120858261,3.64697697874847,2.11510643107404,1.61087549143645,-0.0790049437620129,6.40236430656823,10.4998602013791,0.839818178754351,0.214510929744595,0.210141036176538,0.0153078390502437,0.983728445185994,3.02266115108179,0.659098058274616,0.297988578861013,0.590237067111597,0.245932111296499,0.174941988547593,0.425200987594964,0.0340787605550789,0.000680509732090148,1.00750526683982,1.00360981665799,1.00388143889903,0.565483838140532,0.0592803911958426,0.375235770663626,1.04506536496277,1.04111679852544,0.579961552650073,0.441701579369237,-0.0216631320193101,-0.000832559674984193,0.964521563039563,0.0209482477098944,1.00729544814876,0.0357995968380172,0.67,0.1,1.015,0.5,0.6,0.25,0.4,0.005,0.975,0.8,0.1,1.16554711880345,0.751924208821145,0.466218847521382,0.258227699605957,0.371612806596808,0.571669724784554,-1.33273317142944,2.84866760601585,5.63673987512797
95,-0.00160183539368349,0.667445629786945,0.105269506566258,0.000129752975510211,-0.00403374519393063,0.00178951626154045,0.034050498198639,0.02029554509695,0.0184754273457842,4.18563095941105,5.64179911980256,0.574368135973347,3.09450123314036,0.314203266789784,3.62946112197878,2.12375229902143,1.58442692507092,-0.0787181021135737,6.35022094504346,10.2977478919934,0.825097326355856,0.216228186850216,0.208998406739061,0.0152440257062983,0.980517567072368,3.00665399529118,0.656946769938487,0.295450361038291,0.588310540243421,0.245129391768092,0.175390500239237,0.424968977178979,0.0344965864441802,0.000272179901750896,1.00767844958984,1.00339015542935,1.00427380529627,0.564106426065263,0.0593832051227456,0.376510368811992,1.04536966922035,1.04134730328402,0.585142594904989,0.436546052381211,-0.0216886472862001,-0.000804984931340713,0.96411428095945,0.0209798569758014,1.00745682903923,0.0368562003758751,0.67,0.1,1.015,0.5,0.6,0.25,0.4,0.005,0.975,0.8,0.1,1.1645794828483,0.753348938325715,0.46583179313932,0.256706010980525,0.370494639100036,0.574295437154848,-1.32559537584512,2.80873759251878,5.64062101589004
96,-0.00183676995210605,0.670861929350736,0.105607259840888,-0.000750296997827915,-0.00394609868674833,0.00115217202880813,0.0346065565925914,0.0205809532168188,0.0187259400643071,4.12289568368183,5.51006994241202,0.562121292321995,3.05724145122405,0.311321572415575,3.61150778330727,2.13140090686652,1.55854928117089,-0.0784424047301394,6.29645107686667,10.1035880645428,0.81017168644969,0.217898490524093,0.207941473278402,0.0151712264422599,0.977490570015926,2.99048292674748,0.65491868191067,0.293002309470879,0.586494342009556,0.244372642503981,0.175744004205773,0.424704598368101,0.0345305145502367,-0.00012859835755232,1.00788028425207,1.00315404619813,1.0047113781496,0.562914350602977,0.0594478420922933,0.37763780730473,1.04568476438166,1.04158708216837,0.59016926855815,0.431550857615386,-0.0217201261735355,-0.00076697384613752,0.963695937566714,0.0209749179185122,1.00762595117163,0.0377221197572471,0.67,0.1,1.015,0.5,0.6,0.25,0.4,0.005,0.975,0.8,0.1,1.1634428598403,0.754474633508935,0.465377143936118,0.255202306901342,0.369401620434195,0.577003907737083,-1.31951643607781,2.76871477783685,5.64403474874169
97,-0.00207444135998026,0.673854692426434,0.105831915595204,-0.00175952310381,-0.00387854803182242,0.000565221050805143,0.0351338907656262,0.0208506292087639,0.0189623942206334,4.06428270747474,5.39088615257101,0.550564669811923,3.02229125901277,0.308309074239358,3.59333978982323,2.13817145897891,1.53333726709536,-0.078168936251042,6.24588184244741,9.92485912822503,0.795794986044419,0.219442130387565,0.206939557631852,0.0150901782441796,0.974646848344638,2.97434628650038,0.653013388390908,0.290734879991938,0.584788109006783,0.24366171208616,0.176014454393799,0.424418280304939,0.0342053943160627,-0.000503861134802,1.00810659368595,1.00291518643322,1.0051763173227,0.561896681973483,0.0594666022198426,0.378636715806675,1.04598297081148,1.04181430218564,0.595037370257738,0.426716469018032,-0.0217538392757696,-0.000717748862254438,0.963299728844093,0.0209356335545575,1.00779903919885,0.0383965004242475,0.67,0.1,1.015,0.5,0.6,0.25,0.4,0.005,0.975,0.8,0.1,1.16215918217813,0.755331529658273,0.464863672871252,0.253758877771301,0.368287559387329,0.579558508793977,-1.31450147365169,2.72885979983011,5.64702621198155
98,-0.00228192314684766,0.676520472773786,0.105938291190018,-0.00283233299658414,-0.00383361688095929,0.000107233864250045,0.0355366099595313,0.0210579349548194,0.0191445294537701,4.0205407594883,5.2990477082883,0.541300754680229,2.99174367090309,0.305382552594039,3.57530940024895,2.14432292384212,1.50887904813544,-0.0778925717286092,6.20929729141163,9.77848886609323,0.783796145183352,0.22065738104958,0.205914792636744,0.0150054096376934,0.971960817352668,2.95854311902375,0.651213747626287,0.288857412010784,0.5831764904116,0.242990204338167,0.17622377296837,0.424117393755947,0.0335897908135952,-0.000808147163801376,1.00835094694283,1.00270666723742,1.0056290437571,0.561022796272838,0.0594337963557899,0.379543407371372,1.04619679197107,1.04197592426124,0.599758701634037,0.422027544814743,-0.0217862464487795,-0.000656235156498449,0.963007247352352,0.0208666318924087,1.00797187934946,0.0388786768445769,0.67,0.1,1.015,0.5,0.6,0.25,0.4,0.005,0.975,0.8,0.1,1.16076165167019,0.755971765449776,0.464304660668075,0.25247267645274,0.367034626765153,0.581375876287248,-1.31057708752641,2.68951468311037,5.64974356607374
99,-0.00241625464975624,0.679027925860191,0.105928829007125,-0.00390131912525404,-0.00381234176199652,-0.000120075350536597,0.0356877695686876,0.0211413962198848,0.0192193404266662,4.00539959177972,5.25298639828182,0.536349440394503,2.96812616169437,0.302825172354538,3.55793237909461,2.15029335481409,1.48525142962885,-0.0776124053483336,6.20056893282329,9.68544604965459,0.776485752279968,0.221284478838553,0.204763859573675,0.0149235448792596,0.969386705605482,2.94349245154355,0.649489092755673,0.287633621169815,0.581632023363289,0.24234667640137,0.176408492609081,0.423807293231548,0.0328079041877671,-0.000983920611451332,1.00860187576514,1.00257166407699,1.00601474378761,0.560237662494146,0.0593453195536935,0.380417017952162,1.04623796078481,1.04200278528862,0.60436599847805,0.417447908329647,-0.0218139068076963,-0.00058155464573989,0.962926127970557,0.0207743591564872,1.00813987360089,0.0391681731683223,0.67,0.1,1.015,0.5,0.6,0.25,0.4,0.005,0.975,0.8,0.1,1.15930994332688,0.756477690815684,0.463723977330753,0.251469618690945,0.365494634298733,0.581689221028434,-1.30781005026206,2.65110957199234,5.65246362107938
100,-0.00243995406904606,0.681606276496759,0.105812901228315,-0.00490445301996345,-0.00381423419857507,-3.15971293555206e-05,0.0354747624836907,0.0210461820121355,0.0191394803127746,4.0317170785147,5.2691168520323,0.537519836873617,2.9533952859822,0.300875628329806,3.54184139402816,2.15666672658664,1.4625050300064,-0.0773303625648774,6.23287483279952,9.66410395143456,0.775915727272939,0.221109757878187,0.203392497710197,0.0148506246343933,0.96687066322093,2.92968930738359,0.647803344358023,0.287278557079309,0.580122397932558,0.241717665805233,0.176618730180008,0.423497630061487,0.0320296887120107,-0.000984190425142036,1.00884205321168,1.00254784616061,1.00627821113494,0.559465855833965,0.059198705343974,0.381335438822062,1.0460284517342,1.04183343998479,0.608911152888826,0.412922225278312,-0.0218333781671387,-0.000494249461247744,0.963151065839432,0.0206662428360997,1.00829850896209,0.0392647036975634,0.67,0.1,1.015,0.5,0.6,0.25,0.4,0.005,0.975,0.8,0.1,1.15789612109997,0.756967785693021,0.463158448439988,0.250860631969969,0.36354765101261,0.579830079683104,-1.30628469179435,2.61410953815282,5.65556333617599
101,-0.00248974724307451,0.684115048291252,0.105722264525114,-0.00469070787967807,-0.00383741975433705,-0.000170868153764325,0.0355356418572489,0.0210871253505821,0.0191780499209287,4.02641514254845,5.23649711775075,0.533553666143146,2.93451288079236,0.298601825030887,3.52637430225642,2.16289263545011,1.44051580721753,-0.0770341404112218,6.23400026652652,9.59071859598587,0.769886268725099,0.221529203635,0.202240690712197,0.0147649179622877,0.964513923284542,2.91651565908274,0.646224328600643,0.286364883619533,0.578708353970725,0.241128480821135,0.176836715107044,0.423176428113675,0.0311502892029601,-0.00108904967463338,1.00905964833019,1.00249780402071,1.00654549494589,0.558709997182073,0.0590680861149085,0.382221916703019,1.04599594924077,1.04179975854143,0.613347435655108,0.408497704368942,-0.0218451400240504,-0.000425203790977611,0.963151065839432,0.0206662428360997,1.00844400762311,0.0392647036975634,0.67,0.1,1.015,0.5,0.6,0.25,0.4,0.005,0.975,0.8,0.1,1.15663641577913,0.757416960942208,0.462654566311654,0.249964387428512,0.361977934406444,0.579582682086556,-1.30415839547201,2.57828894145973,5.65873525544232
102,-0.00253803376659448,0.686553176021873,0.105651398398366,-0.00452326736540332,-0.00385554709497737,-0.00030537315800927,0.0355948128997037,0.0211269407017734,0.0192155623084041,4.02122156264764,5.20497546325049,0.529811267495061,2.91622611829696,0.296456889688485,3.51151616274978,2.16901727924544,1.41923153879181,-0.0767326552874678,6.23512787236417,9.51977398142222,0.764220427659313,0.221938212221893,0.20112370465374,0.0146849257632348,0.962243418663528,2.90382624527009,0.644703090504564,0.285375460927977,0.577346051198117,0.240560854665882,0.17704918175081,0.422920246933775,0.0303438662815754,-0.00101892800644728,1.00928791461759,1.00244927606457,1.00682192976373,0.557972016293671,0.058950523788582,0.383077459917748,1.04596434603663,1.04176700175454,0.617686827773525,0.404164888616241,-0.021851716389766,-0.000420811562752235,0.963151065839432,0.0206662428360997,1.00858864674037,0.0392647036975634,0.67,0.1,1.015,0.5,0.6,0.25,0.4,0.005,0.975,0.8,0.1,1.15543982794514,0.757959601169647,0.462175931178057,0.249105942059146,0.360454823504778,0.579355966987842,-1.30164501273405,2.54355325598416,5.66208536443559
103,-0.00258481091443365,0.688920352327402,0.105595988497225,-0.00439215051204267,-0.00386972032032684,-0.000435148785837836,0.035652346112491,0.0211656729357919,0.0192520590566591,4.0161257954197,5.17451633127479,0.526265067378728,2.89856535383177,0.294425423211294,3.49723008798943,2.17504334741316,1.3986178495029,-0.0764311089266329,6.23625240700083,9.45118705389003,0.758869176260469,0.222337030958256,0.200040737317097,0.0146097945970798,0.960045163375012,2.89159665357858,0.643230259461258,0.284416171337473,0.576027098025007,0.240011290843753,0.177253766790278,0.422677041424728,0.0296063363858426,-0.000952649360893626,1.00950868440183,1.00240226503099,1.00708938878008,0.557253214835856,0.0588437040638487,0.383903081100295,1.04593361122117,1.0417351393499,0.621933156437707,0.399921599183991,-0.0218547556216986,-0.000417212317753202,0.963151065839432,0.0206662428360997,1.00873266864117,0.0392647036975634,0.67,0.1,1.015,0.5,0.6,0.25,0.4,0.005,0.975,0.8,0.1,1.15428721151609,0.758500857728082,0.461714884606437,0.248281355320993,0.358976371946137,0.57914885788627,-1.29888337490959,2.50984258550196,5.66560534283631
104,-0.00263008910050906,0.691216847554787,0.105552662649921,-0.00428950824544982,-0.00388080230055499,-0.00056026898245054,0.0357083049977611,0.0212033627547176,0.0192875779814712,4.01112183883972,5.14508387264928,0.522892793276032,2.88151766919596,0.292494845996396,3.48348920602905,2.18097321140945,1.37864904303939,-0.0761330484197951,6.2373704481836,9.38487592746412,0.75379344093413,0.222725927658647,0.198990931223319,0.0145388500814973,0.957917684727814,2.87980474969076,0.641804848767635,0.283486661266812,0.574750610836688,0.239479421181953,0.177450529724217,0.422439260123806,0.028933845501599,-0.000890047234094227,1.00972238229961,1.00235676045399,1.00734830365417,0.556554412973131,0.0587458001988778,0.384699786827992,1.04590371477968,1.04170414122614,0.626088695103136,0.395766704444944,-0.0218553995480792,-0.000414059450320987,0.963151065839432,0.0206662428360997,1.00887620017112,0.0392647036975634,0.67,0.1,1.015,0.5,0.6,0.25,0.4,0.005,0.975,0.8,0.1,1.15317538376723,0.759025982503889,0.461270153506892,0.247487480505458,0.357540838029301,0.578960361520119,-1.29597431922035,2.47711456580607,5.66928624887597
105,-0.00267388846640371,0.693443368874099,0.105518784837136,-0.00420917561651724,-0.00388946747001584,-0.000680834253225626,0.035762745247668,0.0212400458734476,0.0193221522732835,4.00620558813726,5.11664304248813,0.519676397086705,2.86506250681558,0.290654923748555,3.47026864833623,2.18680910873109,1.35930036916013,-0.0758408295549867,6.23848028712191,9.32076057711239,0.748962050299683,0.223105182251363,0.197973384176014,0.0144715590194097,0.955859307697302,2.86843052248442,0.640425736157192,0.282586637756386,0.573515584618381,0.238964826924325,0.177639591997807,0.422207010629726,0.0283225412334287,-0.000831174352172775,1.00992937869728,1.00231274209126,1.00759906193563,0.55587606328294,0.0586553667176669,0.385468569999394,1.04587462976043,1.04167398024646,0.630155567286919,0.391698887580967,-0.0218544548678867,-0.000411108078023519,0.963151065839432,0.0206662428360997,1.00901928586709,0.0392647036975634,0.67,0.1,1.015,0.5,0.6,0.25,0.4,0.005,0.975,0.8,0.1,1.15210166160944,0.759534433154434,0.460840664643778,0.246721823240274,0.356146625574783,0.57878955540192,-1.29299045933922,2.44532991964477,5.67311910471593
106,-0.00271623624629571,0.695600950185988,0.105492294322553,-0.0041463151040152,-0.00389624303257274,-0.000796963484735125,0.0358157164600142,0.021275754123612,0.019355811523252,4.00137432504111,5.08915968746922,0.516601131429783,2.84917957460708,0.288897257335959,3.45754528366825,2.19255312531803,1.34054811454675,-0.0755559561965186,6.23958140536864,9.25876315855163,0.744349929697695,0.223475079222056,0.196987169943542,0.014407497128472,0.953868244906971,2.85745570524505,0.639091724087671,0.28171563522724,0.572320946944183,0.238467061226743,0.177821124212554,0.421980336072712,0.0277686314790269,-0.00077601530767993,1.0101299918883,1.00227018257247,1.00784200652927,0.555218339222003,0.0585712564544867,0.386210404323511,1.04584633160838,1.04164463159177,0.634135765531086,0.387716719396018,-0.0218524849271039,-0.000408182533401101,0.963151065839432,0.0206662428360997,1.00916191061625,0.0392647036975634,0.67,0.1,1.015,0.5,0.6,0.25,0.4,0.005,0.975,0.8,0.1,1.15106378687562,0.760025932616004,0.460425514750248,0.245982381130367,0.354792261040169,0.578635574599541,-1.28998353066286,2.41445215304881,5.67709492228341
107,-0.00275716473562563,0.697690866184831,0.105471580002146,-0.00409713364550934,-0.00390154113548935,-0.000908787739958061,0.0358672634662629,0.0213105163073491,0.0193885825165066,3.99662632202417,5.06260060221462,0.513654834010517,2.83384894232399,0.287214887582434,3.44529748939045,2.19820719013024,1.3223696277355,-0.0752793284752894,6.24067408304152,9.19880820401017,0.739936717358925,0.223835902142468,0.196031353387104,0.0143463242412644,0.951942638177956,2.84686347701342,0.637801567579231,0.280873061792756,0.571165582906774,0.237985659544489,0.177995331255358,0.421759245928188,0.0272684294702587,-0.000724501608070196,1.01032449967447,1.0022290494407,1.00807744520905,0.554581203770427,0.0584925558011588,0.386926240428415,1.04581879766158,1.04161607227609,0.638031170573484,0.38381870703703,-0.0218498776105135,-0.000405161322056019,0.963151065839432,0.0206662428360997,1.00930401761272,0.0392647036975634,0.67,0.1,1.015,0.5,0.6,0.25,0.4,0.005,0.975,0.8,0.1,1.15005983477805,0.760500433589846,0.460023933911221,0.2452675224183,0.353476374702834,0.578497601751257,-1.28698989887185,2.3844472527109,5.68120473735854
108,-0.00279670972908676,0.699714565374606,0.105455382236887,-0.00405865887588586,-0.00390568399957092,-0.00101644557331326,0.0359174273591306,0.0213443588576251,0.0194204898455745,3.99196054259165,5.03693356393035,0.510827372839521,2.81905112613297,0.285601988752705,3.43350496697506,2.20377307664283,1.30474331381612,-0.075011423483897,6.241759108176,9.14082273303033,0.735705703357037,0.224187929821824,0.195105001548804,0.014287765248708,0.950080590089498,2.83663822872717,0.636553995359964,0.28005823717661,0.570048354053699,0.237520147522374,0.178162440880306,0.421543722962045,0.0268183841941903,-0.000676527511757725,1.0105131478521,1.00218930672227,1.00830565749804,0.553964462638628,0.0584185341532085,0.387617003208165,1.04579200676302,1.04158828077331,0.641843567386445,0.38000332790136,-0.0218468952878047,-0.000401963717065228,0.963151065839432,0.0206662428360997,1.00944552202383,0.0392647036975634,0.67,0.1,1.015,0.5,0.6,0.25,0.4,0.005,0.975,0.8,0.1,1.14908814245583,0.760958060295349,0.459635256982333,0.244575894548072,0.352197685424595,0.57837485963284,-1.28403467446088,2.3552834194479,5.68543964377983
109,-0.00283490932327509,0.701673617955407,0.10544271614219,-0.00402856262303863,-0.00390892355262251,-0.00112007951450876,0.0359662462855929,0.0213773063474376,0.0194515563833152,3.98737641577336,5.01212735058376,0.508110215789769,2.80476714753804,0.284053630592325,3.42214859227349,2.20925240898638,1.28764860945661,-0.074752426169494,6.24283756341214,9.08473630184485,0.731643015666699,0.224531433680869,0.194207191686538,0.0142315954540979,0.948280188078833,2.82676537954304,0.635347726012818,0.27927042168482,0.5689681128473,0.237070047019708,0.178322695028462,0.421333728592722,0.0264150998831501,-0.000631961992541673,1.01069615682603,1.00215091613011,1.00852690004907,0.553367805454186,0.0583486044327326,0.388283590113082,1.04576593896207,1.04156123673048,0.645574658556325,0.376269052829581,-0.0218437113859065,-0.000398539454658826,0.963151065839432,0.0206662428360997,1.00958632132501,0.0392647036975634,0.67,0.1,1.015,0.5,0.6,0.25,0.4,0.005,0.975,0.8,0.1,1.14814725350953,0.761399063046151,0.459258901403811,0.24390635547256,0.350954988295965,0.578266605641195,-1.28113477428021,2.3269308347271,5.68979082619217
110,-0.00287180300251027,0.703569675376176,0.105432811634866,-0.00400502194735652,-0.00391145677156191,-0.00121983345011689,0.0360137560569537,0.0214093818811395,0.0194818036462572,3.98287366778973,4.98815174663901,0.505496096321068,2.79097857255839,0.282565593390841,3.41121029306142,2.21464667106796,1.27106594557875,-0.0745023235852874,6.24391067162691,9.03048100873675,0.727736995441162,0.224866676041644,0.193337017005406,0.0141776293145404,0.946539522744168,2.81723123203531,0.634181480238593,0.27850883826948,0.567923713646501,0.236634880686042,0.17847634327242,0.42112920719379,0.0260553473796111,-0.000590657744242022,1.01087372675802,1.00211383798248,1.00874141084927,0.552790837591533,0.058282292253268,0.388926870155199,1.04574057528567,1.04153492074815,0.649226075440826,0.372614361584321,-0.0218404370251469,-0.00039486082870155,0.963151065839432,0.0206662428360997,1.00972630305251,0.0392647036975634,0.67,0.1,1.015,0.5,0.6,0.25,0.4,0.005,0.975,0.8,0.1,1.14723587496796,0.761823783166554,0.458894349987183,0.243257922199268,0.349747144594075,0.578172127711083,-1.27830119072075,2.299361456707,5.69424959037728
111,-0.00290743094438726,0.705404439037316,0.105425066571194,-0.00398660990213495,-0.00391343767302677,-0.00131585069355655,0.0360599906165085,0.0214406073939768,0.019511252072594,3.97845219765894,4.96497753941554,0.502978753622549,2.77766753588338,0.281134224078653,3.40067294801846,2.21995721746105,1.25497670283047,-0.0742609722730648,6.24497968631067,8.97799146824512,0.723977717212128,0.225193909097841,0.192493590655273,0.0141257117839897,0.944856701644042,2.8080228575196,0.633053990101508,0.277772689254709,0.566914020986425,0.236214175411011,0.178623637907155,0.420930089561957,0.0257360695124298,-0.000552457918793014,1.01104604156867,1.00207803190089,1.0089494125031,0.552233104719575,0.0582192118278782,0.389547683452547,1.04571589756351,1.04150931421281,0.652799387472505,0.369037752825336,-0.0218371402978404,-0.00039091663998774,0.963151065839432,0.0206662428360997,1.00986535055887,0.0392647036975634,0.67,0.1,1.015,0.5,0.6,0.25,0.4,0.005,0.975,0.8,0.1,1.14635284391901,0.762232625977224,0.458541137567603,0.242629732359681,0.348573073599094,0.578090741297587,-1.27554066675813,2.2725488423367,5.69880739062712
112,-0.00294183349567679,0.707179636166691,0.105419010114077,-0.00397220975768797,-0.00391498668576129,-0.00140827258191678,0.0361049823965698,0.0214710038803074,0.0195399212338669,3.97411198647238,4.94257650841389,0.500552730370927,2.76481675364071,0.279756324096809,3.39052030259625,2.22518528519203,1.23936316342255,-0.0740281460183217,6.24604581573654,8.92720476369869,0.72035662010376,0.225513374386026,0.191676048427073,0.0140757116543464,0.943229859598532,2.79912800472889,0.631964005931017,0.277061168940851,0.565937915759119,0.235807464899633,0.178764830313896,0.420736295725484,0.0254543821082403,-0.000517201130656516,1.01121327204399,1.00204345733684,1.00915111479448,0.551694111684282,0.0581590471395223,0.390146841176196,1.04569188829492,1.04148439916948,0.656296109917962,0.365537750201249,-0.0218338601192108,-0.000386707578741101,0.963151065839432,0.0206662428360997,1.0100033472274,0.0392647036975634,0.67,0.1,1.015,0.5,0.6,0.25,0.4,0.005,0.975,0.8,0.1,1.14549710164873,0.762626040073197,0.458198840659493,0.242021015588152,0.34743174590336,0.578021787145986,-1.27285692698386,2.24646799226996,5.70345585391296
113,-0.00297505078014168,0.708897001316478,0.105414274094336,-0.00396094771013211,-0.00391619797718457,-0.00149723747496522,0.0361487625897337,0.0215005915665343,0.0195678299952433,3.96985303237204,4.92092140940878,0.498213215117479,2.75240952757932,0.278429061882964,3.38073689823359,2.23033200580487,1.22420846176044,-0.0738035693317184,6.24711017249166,8.87806038504997,0.716866224099793,0.225825302620718,0.190883550476207,0.0140275164310695,0.94165716627453,2.79053502659956,0.630910301403935,0.276373473028602,0.564994299764718,0.235414291568632,0.17890016830597,0.42054773722915,0.0252075718693167,-0.000484725136892129,1.01137557824327,1.00201007396596,1.00934671668543,0.551173336986274,0.058101537218561,0.390725125795166,1.04566853054813,1.04146015822531,0.659717710351847,0.362112905739635,-0.0218306160914825,-0.000382242713806474,0.963151065839432,0.0206662428360997,1.01014017950143,0.0392647036975634,0.67,0.1,1.015,0.5,0.6,0.25,0.4,0.005,0.975,0.8,0.1,1.14466767360999,0.76300450150335,0.457867069443998,0.241431072267538,0.346322177919431,0.57796462963865,-1.27025157792454,2.2210952156253,5.70818680079995
114,-0.00300712240836409,0.710558262261273,0.105410570620315,-0.00395214012852474,-0.00391714518113273,-0.00158288006022222,0.0361913613538525,0.0215293900413079,0.0195949966360656,3.96567530505919,4.89998595469433,0.495955919260831,2.74042974282473,0.277149904440079,3.37130801215836,2.2353984172743,1.20949653548848,-0.0735869406044113,6.24817374189289,8.83050015711664,0.713499911483754,0.226129913789256,0.190115282322002,0.013981028387256,0.940136831663947,2.78223282111112,0.629891677214844,0.275708805592269,0.564082098998368,0.235034207915987,0.179029894229847,0.420364319001944,0.0249930920488753,-0.000454869507332415,1.0115331113627,1.00197784197959,1.00953640787527,0.550670243835185,0.0580464646262946,0.391283291538521,1.04564580788416,1.04143657447695,0.663065614062062,0.358761801391812,-0.0218274154538741,-0.000377536835490364,0.963151065839432,0.0206662428360997,1.01027573900535,0.0392647036975634,0.67,0.1,1.015,0.5,0.6,0.25,0.4,0.005,0.975,0.8,0.1,1.14386365391367,0.763368501763023,0.457545461565466,0.240859257790571,0.345243427351239,0.577918655560568,-1.26772476288034,2.19640801192533,5.71299226318798
115,-0.00303808726632124,0.712165129339534,0.105407674571771,-0.00394525222201048,-0.00391788587593711,-0.00166533089003529,0.0362328079659219,0.0215574183528055,0.0196214389397931,3.96157871506276,4.87974479054995,0.493776980836194,2.72886186086882,0.275916563707575,3.36221960562384,2.24038547547735,1.19521207798562,-0.0733779478391202,6.249237364323,8.78446816195437,0.710251758227382,0.226427417427727,0.189370455311868,0.0139361615227332,0.938667109929016,2.77421078304143,0.628906963652441,0.275066384167005,0.56320026595741,0.234666777482254,0.17915424364483,0.420185940890545,0.024808556625002,-0.000427477526469376,1.01168601517588,1.00194672229735,1.00972037001748,0.550184288545725,0.0579936464415294,0.391822065012746,1.04562370429983,1.04141363145626,0.666341208566453,0.35548304934827,-0.0218242579147238,-0.000372608456101496,0.963151065839432,0.0206662428360997,1.01040992397313,0.0392647036975634,0.67,0.1,1.015,0.5,0.6,0.25,0.4,0.005,0.975,0.8,0.1,1.14308419332511,0.763718538748537,0.457233677330045,0.240304970938221,0.344194589439152,0.577883273164724,-1.26527563520431,2.17238496785297,5.71786449904109
116,-0.00306798336461989,0.713719287486015,0.105405409912096,-0.0039398656686217,-0.00391846508564575,-0.00174471609363613,0.0362731309367537,0.0215846950807545,0.0196471742604672,3.95756309408316,4.86017347275188,0.491672889108106,2.7176909090736,0.274726954422669,3.35345827889957,2.24529406503609,1.18134049294615,-0.0731762790826702,6.25030172769389,8.73991065805884,0.707116403666249,0.226718013018701,0.188648306692827,0.013892839218144,0.937246301984128,2.7664587642102,0.627955022329366,0.274445443387262,0.562347781190477,0.234311575496032,0.179273444444072,0.420012498923758,0.0246517334988957,-0.00040239751246502,1.01183442714583,1.00191667671856,1.00989877767057,0.549714926871312,0.0579429272016684,0.39234214592702,1.04560220418522,1.04139131308973,0.669545847390943,0.352275291563751,-0.0218211389546936,-0.000367478316373547,0.963151065839432,0.0206662428360997,1.01054264015168,0.0392647036975634,0.67,0.1,1.015,0.5,0.6,0.25,0.4,0.005,0.975,0.8,0.1,1.14232848997453,0.764055110008105,0.456931395989812,0.239767645320894,0.343174793827255,0.577857911448732,-1.26290269782165,2.14900566675479,5.72279600431646
117,-0.00309684773432951,0.715222390364492,0.105403638985716,-0.00393565327116863,-0.00391891801758093,-0.00182115722033838,0.0363123580956831,0.021611238389168,0.0196722195712528,3.95362818357427,4.84124844076942,0.489640425311648,2.70690246767255,0.273579160907581,3.34501123170431,2.2501250094191,1.16786785139615,-0.0729816291109322,6.25136736714953,8.69677599833712,0.704088949531039,0.227001890466463,0.187948099398213,0.0138509924227426,0.935872757102119,2.75896704033401,0.62703474725842,0.273845237515208,0.561523654261272,0.23396818927553,0.179387716310305,0.419843886359214,0.0245205371090358,-0.000379483695711272,1.01197847928258,1.001887668027,1.01007179904255,0.54926161873941,0.0578941733703188,0.392844207890271,1.04558129229213,1.04136960366863,0.672680853233653,0.349137198801323,-0.0218180520349762,-0.000362168280326223,0.963151065839432,0.0206662428360997,1.01067380130926,0.0392647036975634,0.67,0.1,1.015,0.5,0.6,0.25,0.4,0.005,0.975,0.8,0.1,1.14159578216571,0.764378707769136,0.456638312866283,0.239246743090104,0.342183201931286,0.577842019577056,-1.26060404462651,2.12625060909313,5.7277795223281
118,-0.00312471635849135,0.716676056137057,0.105402254149479,-0.00393235911996959,-0.00391927220285682,-0.00189477118021264,0.0363505166525078,0.0216370660644433,0.0196965914993823,3.94977362938322,4.82294699113985,0.487676615936888,2.69648265502535,0.272471410796618,3.33686622805486,2.25487908024333,1.15478085130394,-0.0727937034924085,6.25243466981989,8.65501454822719,0.701164881493154,0.2272792306169,0.187269121630774,0.0138105582520556,0.934544873769537,2.75172628304246,0.62614506542559,0.27326504212115,0.560726924261722,0.233636218442384,0.179497270423557,0.419679994552865,0.0244130207506791,-0.000358596766173874,1.01211829880424,1.00185966005972,1.01023959657575,0.548823831749988,0.0578472689974031,0.393328899252609,1.04556095371087,1.04134848782693,0.675747520618373,0.346067469410406,-0.0218149900287792,-0.000356700527552967,0.963151065839432,0.0206662428360997,1.01080332944936,0.0392647036975634,0.67,0.1,1.015,0.5,0.6,0.25,0.4,0.005,0.975,0.8,0.1,1.14088534280491,0.764689815335947,0.456354137121965,0.238741750326633,0.341219004709845,0.577835066400585,-1.25837753024566,2.10410114229514,5.73280805078898
119,-0.00315162413082423,0.718081864506099,0.105401171228901,-0.00392978306904757,-0.00391954917010429,-0.00196567025643835,0.0363876332422436,0.0216621955424312,0.0197203063508582,3.94599898077866,4.80524725040497,0.485778695763711,2.68641811170472,0.271402054164348,3.32901156472649,2.25955700575653,1.14206677981379,-0.0726122208438348,6.25350388297626,8.61457860493301,0.698340007984546,0.227550205797931,0.186610686303284,0.0137714789003221,0.933261099965945,2.74472753593459,0.625284936977183,0.272704155118817,0.559956659979567,0.233315274991486,0.179602309356862,0.419520713683428,0.0243273688123356,-0.000339604173222306,1.01225400864684,1.00183261774852,1.01040232740849,0.548401043718471,0.0578021123110787,0.393796843970451,1.0455411738532,1.04132795052523,0.678747118123069,0.34306482798526,-0.0218119461083289,-0.000351096972673011,0.963151065839432,0.0206662428360997,1.0109311548081,0.0392647036975634,0.67,0.1,1.015,0.5,0.6,0.25,0.4,0.005,0.975,0.8,0.1,1.14019647507852,0.76498890454117,0.456078590031409,0.238252173661179,0.340281420760905,0.577836540038411,-1.25622088779474,2.08253939866695,5.73787484677272
120,-0.00317760483505027,0.719441354743509,0.105400324401293,-0.00392776858979527,-0.00391976575421982,-0.00203396216960294,0.0364237339570235,0.0216866439272734,0.0197433801275183,3.94230369259389,4.7881281479052,0.483944078482607,2.67669598385801,0.270369546862131,3.32143604269417,2.26415947850721,1.12971347804836,-0.0724369138613989,6.25457512435362,8.57542231843884,0.695610412278056,0.227814980363045,0.185972130382454,0.0137337007947172,0.932019933003856,2.73796219381016,0.624453355112583,0.272161897312378,0.559211959802313,0.233004983250964,0.17970302711053,0.419365933357406,0.0242618890816992,-0.000322380242158556,1.01238572785782,1.00180650714077,1.01056014374197,0.547992744482164,0.0577586130379747,0.394248642479862,1.04552193843993,1.04130797703898,0.681680890254505,0.340128024001338,-0.0218089142558435,-0.000345378857544101,0.963151065839432,0.0206662428360997,1.01105721569481,0.0392647036975634,0.67,0.1,1.015,0.5,0.6,0.25,0.4,0.005,0.975,0.8,0.1,1.13952850909125,0.765276434004054,0.4558114036365,0.237777537796618,0.339369694681253,0.577845947496654,-1.25413180911691,2.06154824023428,5.74297342982701
121,-0.00320269113974471,0.720756024483313,0.105399662194579,-0.00392619326846877,-0.00391993511974154,-0.00209975017890396,0.0364588443684797,0.0217104280041657,0.0197658285384694,3.93868712951799,4.77156938865983,0.482170333223686,2.66730390618021,0.269372437138087,3.31412894105811,2.26868716222732,1.11770930837384,-0.0722675295430542,6.25564839372398,8.53750161474542,0.69297241475405,0.228073711225577,0.185352814170343,0.0136971739353311,0.930819919035841,2.73142198440775,0.623649345754014,0.271637612576351,0.558491951421505,0.23270497975896,0.179799609246913,0.419215543115198,0.0242150052288557,-0.00030680615638498,1.01251357190081,1.00178129540456,1.01071319313456,0.547598437140473,0.0577166902928853,0.394684872566642,1.04550323349186,1.04128855294999,0.684550059027864,0.337255830491923,-0.0218058895197875,-0.000339566474336313,0.963151065839432,0.0206662428360997,1.01118145822209,0.0392647036975634,0.67,0.1,1.015,0.5,0.6,0.25,0.4,0.005,0.975,0.8,0.1,1.13888079924164,0.765552848003579,0.455552319696655,0.237317383686146,0.338483095638923,0.577862814306537,-1.25210799816015,2.04111120953971,5.74809758345693
122,-0.0032269146047668,0.722027329102324,0.105399144358529,-0.0039249613727641,-0.00392006756108421,-0.00216313320882222,0.0364929895431789,0.0217335642477088,0.0197876670074374,3.9351485718055,4.75555142650925,0.480455165692852,2.65822998475376,0.268409354822916,3.30707999306196,2.27314069796497,1.10604312399191,-0.0721038288949168,6.25672358504919,8.5007741216094,0.690422542998756,0.228326548375166,0.184752120548697,0.0136618513779049,0.92965965231196,2.72509895213404,0.622871967049013,0.27113066776197,0.557795791387176,0.23241491307799,0.179892233096444,0.419069432854795,0.0241852495407385,-0.000292769842714555,1.01263765289278,1.00175695082221,1.0108616187406,0.547217638861366,0.0576762709138825,0.395106090224752,1.04548504532307,1.04126966414008,0.687355825300217,0.334447042802816,-0.0218028681030328,-0.00033367898705362,0.963151065839432,0.0206662428360997,1.01130383596034,0.0392647036975634,0.67,0.1,1.015,0.5,0.6,0.25,0.4,0.005,0.975,0.8,0.1,1.138252722162,0.765818575817078,0.455301088864801,0.236871267185488,0.337620916118719,0.577886684169522,-1.25014720529655,2.02121248557216,5.75324135518112
123,-0.00325030569622536,0.723256681551466,0.105398739418149,-0.00392399803739585,-0.00392017112829424,-0.00222420599261686,0.0365261940530791,0.0217560688271191,0.0198089106772165,3.93168722185795,4.74005543765359,0.478796402905922,2.64946277994679,0.267479002524574,3.30027936389365,2.27752070951162,1.09470424070796,-0.0719455863259322,6.25780049872765,8.46519909695068,0.687957507930895,0.228573635370732,0.184169454204961,0.0136276888263304,0.928537774252334,2.71898544338673,0.622120308749064,0.270640452402139,0.5571226645514,0.232134443563083,0.179981068012648,0.418927493186438,0.0241712559555154,-0.000280165788238172,1.01275807979003,1.00173344277529,1.01100555950712,0.546849881356963,0.057637288145988,0.39551283049705,1.04546736053604,1.04125129678645,0.690099369898368,0.331700477445781,-0.0217998473441487,-0.000327734326673758,0.963151065839432,0.0206662428360997,1.01142430954356,0.0392647036975634,0.67,0.1,1.015,0.5,0.6,0.25,0.4,0.005,0.975,0.8,0.1,1.13764367508926,0.76607403140859,0.455057470035706,0.236438758045194,0.336782470808917,0.577917118601383,-1.24824724826927,2.00183684412904,5.75839905534646
124,-0.00327289380763049,0.724445452530261,0.105398422760508,-0.00392324471632888,-0.00392025211637037,-0.0022830592261367,0.0365584819825077,0.0217779576092683,0.0198295744121188,3.92830221127204,4.72506329468974,0.477191980737521,2.64099128951317,0.266580148399233,3.29371763002223,2.28182780817231,1.08368241072091,-0.0717925888709873,6.25887885359167,8.43073736000839,0.68557418457537,0.228815109806443,0.183604240853737,0.0135946443096038,0.927452972385456,2.71307409316439,0.621393491498256,0.270166378270452,0.556471783431274,0.231863243096364,0.180066275659125,0.418789615729103,0.0241717534265662,-0.000268894810447088,1.01287495853566,1.00171074172333,1.01114515033864,0.546494711108125,0.0575996805977556,0.39590560829412,1.04545016601778,1.04123343735802,0.692781854574732,0.329014971059801,-0.0217968256345331,-0.000321749140696583,0.963151065839432,0.0206662428360997,1.01154284624672,0.0392647036975634,0.67,0.1,1.015,0.5,0.6,0.25,0.4,0.005,0.975,0.8,0.1,1.13705307456363,0.766319613377273,0.454821229825452,0.236019439144833,0.335967095603622,0.577953696570156,-1.24640602388661,1.98296962201799,5.76356525487038
125,-0.00329470728542511,0.725594970920468,0.105398175138682,-0.00392265562589322,-0.0039203154478985,-0.0023397797270871,0.0365898769327967,0.0217992461602857,0.019849672799108,3.9249926080571,4.71055754122319,0.475639933676764,2.63280493199929,0.265711620162341,3.28738575987367,2.28606259692905,1.07296779828145,-0.0716446353368303,6.2599582984192,8.39735122526691,0.683269596426091,0.229051103748748,0.18305592646363,0.0135626779238163,0.926403979191637,2.70735781272686,0.620690666058397,0.269707878836874,0.555842387514982,0.231600994797909,0.180148010315699,0.418655693357736,0.0241855596318284,-0.000258863796798429,1.01298839217848,1.00168881917815,1.01128052223804,0.546151689399986,0.0575633914116669,0.396284919188347,1.04543344893683,1.04121607261252,0.695404422819208,0.326389379481493,-0.0217938023007009,-0.00031573878254342,0.963151065839432,0.0206662428360997,1.0116594195497,0.0392647036975634,0.67,0.1,1.015,0.5,0.6,0.25,0.4,0.005,0.975,0.8,0.1,1.13648035537581,0.766555705096656,0.454592142150325,0.23561290589747,0.335174146700414,0.577996014125091,-1.24462151342788,1.96459668459552,5.76873478206352
126,-0.00331577345751132,0.726706524413205,0.105397981501873,-0.00392219496298474,-0.00392036497226356,-0.00239445059615528,0.0366204020254265,0.0218199497462721,0.0198692201481256,3.92175742380798,4.69652136711089,0.474138386317521,2.62489353053407,0.26487230007835,3.28127509568693,2.29022567404726,1.0625509570723,-0.0715015354326325,6.26103842280482,8.36500443913131,0.681040902587532,0.229281744143706,0.182523976496594,0.0135317516242945,0.925389570882261,2.70182977812375,0.620011012491115,0.269264408652749,0.555233742529357,0.231347392720565,0.180226419194132,0.418525620408576,0.0242115750338158,-0.000249985426177574,1.01309848097048,1.0016676476752,1.01141180242948,0.5458203922164,0.057528367602169,0.396651240181432,1.04541719674057,1.04119918959391,0.69796820055034,0.323822576921081,-0.0217907774714209,-0.00030971732947044,0.963151065839432,0.0206662428360997,1.01177400869909,0.0392647036975634,0.67,0.1,1.015,0.5,0.6,0.25,0.4,0.005,0.975,0.8,0.1,1.13592496970194,0.766782674991454,0.454369987880776,0.235218765772598,0.334402999776947,0.578043684015285,-1.24289178387771,1.94670439621653,5.77390271866966
127,-0.00333611866371405,0.727781360278401,0.105397830080578,-0.00392183472951502,-0.00392040369962543,-0.00244715137736462,0.0366500799043123,0.0218400833335338,0.0198882304919917,3.91859562068212,4.68293858437498,0.472685546216263,2.61724729705534,0.264061120725636,3.27537733642197,2.29431763617427,1.05242280917188,-0.0713631089241744,6.2621187672948,8.33366211930267,0.678885387074195,0.22950715319468,0.182007875164762,0.0135018290564703,0.92440856613873,2.69648341945034,0.619353739312949,0.268835442689939,0.554645139683238,0.231102141534682,0.180301642756277,0.418399292848667,0.0242487772884023,-0.00024217788118123,1.01320532244898,1.00164720074297,1.01153911446808,0.545500410030389,0.0574945595252688,0.397005030444342,1.04540139715293,1.04118277563005,0.700474296705178,0.321313455237359,-0.0217877519425377,-0.000303697620622946,0.963151065839432,0.0206662428360997,1.01188659827599,0.0392647036975634,0.67,0.1,1.015,0.5,0.6,0.25,0.4,0.005,0.975,0.8,0.1,1.13538638637952,0.767000876911088,0.454154554551807,0.234836637900257,0.333653049233496,0.578096335297835,-1.24121498648599,1.92927959323302,5.77906439524555
128,-0.003355768287378,0.728820686236693,0.105397711671222,-0.00392155303102493,-0.00392043398388431,-0.00249795821576437,0.0366789327376958,0.0218596615886349,0.0199067175861554,3.91550611807807,4.66979360381506,0.471279697832165,2.60985681700918,0.263277061378093,3.26968452161481,2.29833908097649,1.04257462547311,-0.0712291848347805,6.26319883273615,8.30329069678431,0.676800449792205,0.229727448711069,0.181507124708118,0.0134728754167283,0.923459824829565,2.69131241072208,0.618718082635808,0.268420475653073,0.554075894897739,0.230864956207391,0.180373815029472,0.418276608414658,0.0242962159949993,-0.000235364558171166,1.0133090115075,1.00162745287119,1.01166257833971,0.545191347519241,0.0574619204514779,0.397346732029281,1.04538603817197,1.0411668183304,0.702923803744034,0.318860923303455,-0.0217847270474891,-0.000297691308644507,0.963151065839432,0.0206662428360997,1.0119971777756,0.0392647036975634,0.67,0.1,1.015,0.5,0.6,0.25,0.4,0.005,0.975,0.8,0.1,1.13486409028891,0.76721065056869,0.453945636115564,0.234466152729877,0.332923707490997,0.57815361293607,-1.23958935369952,1.91230955923473,5.78421538598968
129,-0.0033747467874909,0.729825671402814,0.105397619076739,-0.0039213327461407,-0.00392045766575566,-0.00254694401112721,0.036706982219976,0.0218786988784807,0.0199246949084925,3.91248779894854,4.65707141233584,0.469919197327367,2.60271303454501,0.262519144879738,3.26418901609283,2.30229060935962,1.03299800743851,-0.0710996007053052,6.26427808882187,8.27385786043732,0.674783598838316,0.229942744429153,0.181021244695196,0.0134448573365159,0.922542246720014,2.68631066028359,0.61810330530241,0.268019021279099,0.553525348032009,0.230635561680004,0.180443063915452,0.418157466725173,0.024353007777229,-0.000229473779902405,1.01340964045875,1.00160837947857,1.01178231055367,0.544892823226266,0.0574304062200508,0.397676770553684,1.0453711080676,1.04115130558356,0.705317798083707,0.316463906454472,-0.0217817045381791,-0.000291708920050883,0.963151065839432,0.0206662428360997,1.0121057412027,0.0392647036975634,0.67,0.1,1.015,0.5,0.6,0.25,0.4,0.005,0.975,0.8,0.1,1.13435758181338,0.767412322021966,0.45374303272535,0.234106951725197,0.332214404336222,0.578215177388924,-1.23801319518583,1.89578200227013,5.78935150311684
130,-0.00339307773087818,0.730797447276451,0.105397546669128,-0.00392116048605584,-0.00392047618465219,-0.00259417856674693,0.0367342495737134,0.0218972092705821,0.0199421756592909,3.90953951570842,4.64475755099966,0.468602468054441,2.59580723821909,0.261786434915807,3.25888349547846,2.30617282731362,1.02368487008308,-0.0709742019182427,6.26535598183825,8.24533250399624,0.672832443836576,0.230153150306373,0.180549771348097,0.0134177427845718,0.921654770185171,2.68147230168659,0.617508696024065,0.267630611634817,0.552992862111103,0.230413692546293,0.180509511490159,0.418041769370376,0.0244183316807619,-0.000224438514280438,1.01350729909207,1.00158995688047,1.01189842423014,0.544604469186151,0.0573999749572631,0.397995555856586,1.04535659537902,1.04113622555482,0.707657340470537,0.314121346008042,-0.0217786864785791,-0.000285759920699955,0.963151065839432,0.0206662428360997,1.01221228668565,0.0392647036975634,0.67,0.1,1.015,0.5,0.6,0.25,0.4,0.005,0.975,0.8,0.1,1.13386637635725,0.767606204178036,0.4535465505429,0.233758687082388,0.331524586307394,0.578280704192854,-1.23648489343569,1.87968503382439,5.79446879086415
131,-0.00341078382413195,0.731737108762045,0.105397490047371,-0.00392102578082998,-0.00392049066617439,-0.00263972873275731,0.0367607555519652,0.0219152065336,0.0199591727615135,3.90666009571774,4.63283809380605,0.467327996596139,2.58913104721153,0.261078033604769,3.25376093242032,2.30998634742087,1.0146274260858,-0.0708528410863472,6.26643194163645,8.21768467545119,0.670944690097884,0.230358772790574,0.180092256892474,0.0133915009833236,0.920796370935052,2.67679168498585,0.616933568526485,0.267254796420357,0.552477822561031,0.230199092733763,0.180573274292728,0.417929419981821,0.0244914248734443,-0.000220196101755293,1.01360207472731,1.00157216225675,1.01201102918382,0.544325930526847,0.0573705868452293,0.398303482627925,1.04534248891213,1.04112156668341,0.709943476302843,0.311832198849062,-0.0217756751519055,-0.000279852783684621,0.963151065839432,0.0206662428360997,1.01231681611058,0.0392647036975634,0.67,0.1,1.015,0.5,0.6,0.25,0.4,0.005,0.975,0.8,0.1,1.13339000390696,0.767792597308954,0.453356001562786,0.233421021462624,0.330853716114837,0.578349883537834,-1.23500289926421,1.86400714936317,5.79956351920414
132,-0.00342788694502771,0.732645715203232,0.105397445769934,-0.00392092044306513,-0.00392050199052585,-0.00268365854362562,0.03678652044105,0.0219327041382326,0.0199756988613963,3.903848346335,4.62129962719635,0.466094329252147,2.5826763980557,0.260393079352097,3.24881458349998,2.31373179006366,1.00581817093957,-0.070735377503243,6.2675053878619,8.1908855287016,0.669118133437431,0.230559715065778,0.179648268932647,0.0133661023364296,0.919966060758057,2.67226336841305,0.616377260707898,0.266891142284293,0.551979636454834,0.229991515189514,0.180634463602539,0.417820324285234,0.0245715786320988,-0.000216687992941415,1.01369405226615,1.00155497362025,1.01212023200487,0.544056865057806,0.0573422039306904,0.398600931011504,1.04532877773663,1.04110731767961,0.712177235910781,0.309595437070463,-0.0217726729812442,-0.000273995057663525,0.963151065839432,0.0206662428360997,1.0124193347766,0.0392647036975634,0.67,0.1,1.015,0.5,0.6,0.25,0.4,0.005,0.975,0.8,0.1,1.13292800862353,0.767971789568065,0.45317120344941,0.23309362773334,0.33020127209232,0.578422419839063,-1.23356572741329,1.84873721027801,5.80463217733146
133,-0.00344440817325242,0.733524291421016,0.105397411145585,-0.0039208380702993,-0.00392051084601319,-0.0027260293496596,0.0368115640638029,0.0219497152584796,0.0199917663294148,3.90110305954582,4.61012923027639,0.464900068890399,2.57643553187489,0.259730744919287,3.2440379767695,2.31740978436374,0.997249869057591,-0.0706216766518258,6.26857573548194,8.16490727738632,0.667350655522999,0.230756077276111,0.179217389851671,0.0133415183651386,0.91916288628764,2.66788211039693,0.615839133812718,0.266539232154614,0.551497731772584,0.22979072157191,0.180693185703723,0.4177143901385,0.0246581345999887,-0.000213859497588046,1.01378331424216,1.00153836978588,1.01222613613785,0.543796942852048,0.0573147899654894,0.398888267182463,1.04531545118299,1.0410934675216,0.714359634800414,0.307410047662475,-0.0217696824628891,-0.000268193434216817,0.963151065839432,0.0206662428360997,1.01251985107229,0.0392647036975634,0.67,0.1,1.015,0.5,0.6,0.25,0.4,0.005,0.975,0.8,0.1,1.13247994845802,0.768144057500059,0.45299197938321,0.232776188714498,0.329566747675576,0.578498031305986,-1.23217195237649,1.8338644270917,5.80967146698172
134,-0.00346036782032071,0.734373828747341,0.105397384069818,-0.00392077365587706,-0.00392051777088309,-0.00276689994249368,0.0368359057833422,0.021966252773297,0.0200073872616281,3.8984230161801,4.5993144557477,0.463743872098428,2.57040098211732,0.2590902356715,3.23942489988071,2.32102096888434,0.988915540761779,-0.0705116097654099,6.26964239965703,8.13972315079641,0.665640219656203,0.230947956729488,0.178799216235936,0.0133177216516849,0.918385927795748,2.6636428619042,0.615318571623151,0.266198664588376,0.551031556677449,0.229596481948937,0.180749542136895,0.417611527556824,0.0247504812990607,-0.000211659545418824,1.01386994086991,1.00152233034058,1.01232884195916,0.543545845827616,0.0572883102722472,0.399165843900138,1.04530249883921,1.04108000545218,0.716491673867732,0.305275032243593,-0.0217667061113243,-0.000262453813254485,0.963151065839432,0.0206662428360997,1.01261837617339,0.0392647036975634,0.67,0.1,1.015,0.5,0.6,0.25,0.4,0.005,0.975,0.8,0.1,1.13204539478405,0.768309666539644,0.452818157913618,0.232468396927682,0.328949650905144,0.578576449510208,-1.23082020451157,1.81937834380103,5.81467829563345
135,-0.00347578545859715,0.735195286047801,0.105397362896939,-0.00392072328465121,-0.00392052318603642,-0.00280632667461833,0.036859564507354,0.0219823292686423,0.020022573481401,3.89580698973539,4.58884331153471,0.462624446583995,2.56456556277862,0.258470787974912,3.23496938877147,2.32456599212223,0.980808450085524,-0.0704050534362851,6.27070480000211,8.11530735177888,0.663984866910968,0.231135448082615,0.178393358323715,0.013294685788346,0.917634298015637,2.65954075908079,0.614814979670477,0.265869053142005,0.550580578809382,0.229408574503909,0.180803629938124,0.417511648726791,0.0248480508812967,-0.000210040459184562,1.01395401009382,1.00150683561411,1.01242844685336,0.543303267332578,0.0572627316301441,0.399434001037279,1.04528991054731,1.04106692097516,0.718574339587497,0.303189406827124,-0.0217637464146213,-0.00025678136576847,0.963151065839432,0.0206662428360997,1.01271492376119,0.0392647036975634,0.67,0.1,1.015,0.5,0.6,0.25,0.4,0.005,0.975,0.8,0.1,1.13162393204259,0.768468871495328,0.452649572817035,0.232169954346842,0.328349503951194,0.578657418953785,-1.22950916646845,1.8052688232503,5.81964976963811
136,-0.00349067994937362,0.735989590728803,0.105397346340036,-0.00392068389502365,-0.00392052742061233,-0.00284436357308149,0.0368825586928753,0.021997957039896,0.0200373365414912,3.89325374982748,4.57870424309376,0.461540548785024,2.55892235709885,0.257871667720815,3.230665716878,2.328045512815,0.972922093329403,-0.0703018892664023,6.27176236428596,8.09163501654252,0.662382712570542,0.231318643508822,0.17799943947694,0.0132723853311053,0.916907140995854,2.65557111617641,0.614327784467222,0.265550025763381,0.550144284597512,0.229226785248963,0.180855541865345,0.417414668010795,0.0249503161040829,-0.000208957739835638,1.01403559763686,1.00149186665088,1.01252504528861,0.543068911736619,0.0572380221768111,0.39969306608657,1.04527767639971,1.04105420385164,0.720608604181041,0.301152201617938,-0.0217608057989792,-0.000251180593522482,0.963151065839432,0.0206662428360997,1.0128095097609,0.0392647036975634,0.67,0.1,1.015,0.5,0.6,0.25,0.4,0.005,0.975,0.8,0.1,1.13121515739638,0.768621917016003,0.452486062958553,0.231880572150209,0.327765842658412,0.578740696639255,-1.22823756993622,1.79152603344243,5.82458318731695
137,-0.00350506946997435,0.736757639725749,0.105397333392765,-0.0039206530928626,-0.00392053073199272,-0.00288106244754027,0.0369049063515543,0.0220131480946416,0.0200516877264821,3.89076206529099,4.56888611638785,0.460490981657211,2.55346470672022,0.257292168958199,3.22650838484517,2.3314602000865,0.965250188313849,-0.070202003555182,6.27281453161503,8.06868217627951,0.660831942817335,0.231497632850135,0.177617095675434,0.0132507957571064,0.916203630986597,2.65172941873819,0.61385643276102,0.265241224206418,0.549722178591958,0.229050907746649,0.180905366612591,0.417320501943178,0.0250567875150207,-0.000208369863729592,1.01411477704935,1.00147740518268,1.01261872889121,0.5428424940314,0.0572141513231877,0.399943354645413,1.04526578673539,1.04104184409615,0.722595425766538,0.299162460834631,-0.0217578866011689,-0.000245655385415458,0.963151065839432,0.0206662428360997,1.01290215209929,0.0392647036975634,0.67,0.1,1.015,0.5,0.6,0.25,0.4,0.005,0.975,0.8,0.1,1.1308186803915,0.768769038038939,0.452327472156601,0.231599970473321,0.327198216109367,0.578826051642686,-1.22700419269753,1.77814043470594,5.82947603205848
138,-0.00351897153987873,0.737500300469768,0.105397323268176,-0.00392062900598689,-0.00392053332144693,-0.00291647299286868,0.0369266250553497,0.0220279141557788,0.0200656380555389,3.88833070695387,4.55937820151037,0.459474592614208,2.54818620129058,0.256731612620167,3.22249211070912,2.3348107334511,0.957786664277844,-0.0701052870198327,6.27386075514749,8.04642572052011,0.659330811639809,0.231672503754968,0.177245975032772,0.0132298934252665,0.915522971359181,2.64801131706128,0.613400390810652,0.264942303468293,0.549313782815509,0.228880742839795,0.180953189012451,0.417229069219193,0.0251670108323267,-0.00020823809151666,1.0141916197579,1.00146343360242,1.01270958651949,0.542623739441209,0.0571910896788717,0.40018517087992,1.04525423213593,1.0410298319725,0.724535748494765,0.297219242552957,-0.0217549910477223,-0.00024020907039799,0.963151065839432,0.0206662428360997,1.01299287048056,0.0392647036975634,0.67,0.1,1.015,0.5,0.6,0.25,0.4,0.005,0.975,0.8,0.1,1.13043412262488,0.768910460218444,0.45217364904995,0.231327878163407,0.326646186205011,0.57891326469087,-1.22580785596977,1.76510276764553,5.83432596544585
139,-0.00353240304586545,0.73821841183128,0.105397315350886,-0.00392061017037504,-0.00392053534636483,-0.00295064288655023,0.0369477319426344,0.0220422666649424,0.0200791982854611,3.8859584501094,4.55017015693952,0.458490271600282,2.54308066849754,0.256189345332401,3.21861182052873,2.33809780269565,0.950525652377085,-0.0700116345440127,6.27490050438044,8.02484336214041,0.657877637928231,0.231843341802676,0.176885737332926,0.0132096555395604,0.914864393558932,2.64441261988568,0.612959143684485,0.264652931249278,0.548918636135359,0.228716098389733,0.180999090227288,0.417140290677824,0.0252805645076889,-0.000208526288313224,1.01426619511445,1.00144993493891,1.01279770433689,0.542412383044936,0.0571688089860126,0.400418807969052,1.04524300342134,1.04101815798964,0.72643050267291,0.295321618566895,-0.0217521212398057,-0.000234844466927578,0.963151065839432,0.0206662428360997,1.01308168617957,0.0392647036975634,0.67,0.1,1.015,0.5,0.6,0.25,0.4,0.005,0.975,0.8,0.1,1.13006111741683,0.769046400334976,0.452024446966731,0.23106403253551,0.326109327261196,0.579002127743696,-1.22464742200843,1.75240404181248,5.83913082043929
140,-0.00354538026619067,0.738912785039254,0.105397309159673,-0.0039205954411814,-0.00392053692982286,-0.00298361788109058,0.0369682437246579,0.0220562167861976,0.0200923789140023,3.88364407670929,4.54125201440551,0.457536949279385,2.53814216451785,0.255664738294138,3.21486263944391,2.34132210765592,0.943461476739125,-0.0699209449511319,6.27593326705164,8.00391360394732,0.656470802736984,0.23201023061615,0.176536053586837,0.0131900601145927,0.914227156091572,2.64092928832986,0.612532194581354,0.264372787434866,0.548536293654943,0.228556789022893,0.181043147929726,0.41705408927935,0.0253970574591108,-0.000209200754779487,1.0143385704455,1.00143689283248,1.0128831658843,0.542208169410008,0.0571472820602069,0.400644548529785,1.04523209164587,1.04100681289728,0.72828060487863,0.293468674264204,-0.0217492791428334,-0.000229563928987305,0.963151065839432,0.0206662428360997,1.01316862185142,0.0392647036975634,0.67,0.1,1.015,0.5,0.6,0.25,0.4,0.005,0.975,0.8,0.1,1.12969930948821,0.769177066684845,0.451879723795285,0.230808179130837,0.325587225620247,0.579092443582573,-1.22352179194572,1.74003552503779,5.84388859463506
141,-0.00355791889382034,0.739584204575477,0.105397304318229,-0.00392058392315153,-0.00392053816806548,-0.00301544189169123,0.0369881766923295,0.0220697754099821,0.0201051901834323,3.88138637730053,4.53261416435111,0.456613595327545,2.53336496486631,0.255157186223793,3.21123988314041,2.34448435790294,0.936588646036515,-0.0698331207990406,6.27695855069408,7.9836157067667,0.655108746695457,0.232173251963575,0.176196605608084,0.013171085943159,0.91361054354292,2.63755743005252,0.612119064173757,0.264101563599651,0.548166326125752,0.22840263588573,0.181085436472973,0.416970390078428,0.0255161269621446,-0.000210230068476252,1.01440881110125,1.00142429151171,1.01296605215152,0.542010852238635,0.057126482737178,0.400862665024187,1.04522148809365,1.04099578768148,0.730086958066229,0.291659508513759,-0.0217464665799889,-0.000224369388801909,0.963151065839432,0.0206662428360997,1.01325370135628,0.0392647036975634,0.67,0.1,1.015,0.5,0.6,0.25,0.4,0.005,0.975,0.8,0.1,1.1293483546419,0.769302659450896,0.45173934185676,0.230560071477799,0.325079479276752,0.579184025405723,-1.22242990383851,1.72798873337716,5.84859744361945
142,-0.00357003405874124,0.740233429043482,0.105397300532286,-0.00392057491620845,-0.00392053913635426,-0.00304615707942435,0.0370075467232772,0.0220829531572662,0.0201176420843097,3.87918415272767,4.524247341967,0.455719216817984,2.52874355562917,0.254666106362846,3.20773904970182,2.34758527235286,0.929901845542229,-0.0697480681932686,6.27797588387931,7.9639296589655,0.65378996755312,0.232332485850328,0.175867085606804,0.013152712565559,0.91301386563152,2.63429329363443,0.611719289973118,0.263838962532463,0.547808319378912,0.22825346640788,0.181126027051538,0.41688912019341,0.0256374366884781,-0.000211584935158857,1.01447698050489,1.00141211577097,1.01304644164791,0.541820194026493,0.0571063858242716,0.401073420149236,1.04521118427426,1.04098507356014,0.731850451666597,0.289893233562334,-0.0217436852289316,-0.000219262396355202,0.963151065839432,0.0206662428360997,1.01333694959866,0.0392647036975634,0.67,0.1,1.015,0.5,0.6,0.25,0.4,0.005,0.975,0.8,0.1,1.12900791944866,0.769423371054762,0.451603167779463,0.230319470856249,0.324585697516849,0.579276696430991,-1.22137073090036,1.71625542162196,5.85325567443323
143,-0.00358174034937897,0.740861192012068,0.10539729757173,-0.0039205678729014,-0.00392053989354291,-0.00307580393014273,0.0370263692891437,0.0220957603839008,0.0201297443594399,3.87703621562099,4.51614261378246,0.454852856690184,2.52427262506655,0.25419093753259,3.20435581183081,2.35062557881266,0.923395929634518,-0.0696656966163668,6.27898481718277,7.94483614734028,0.652513017846881,0.232488010601979,0.175547195801065,0.0131349202404742,0.912436456293718,2.63113326317295,0.611332425716791,0.263584697782019,0.547461873776231,0.228109114073429,0.181164987852868,0.416810208772482,0.0257606748816302,-0.000213238049397294,1.01454314020153,1.00140035094887,1.013124410472,0.541635965733829,0.0570869670559996,0.401277067210172,1.04520117191825,1.04097466197843,0.733571961682254,0.288168974938814,-0.0217409366210687,-0.000214244155851521,0.963151065839432,0.0206662428360997,1.01341839238006,0.0392647036975634,0.67,0.1,1.015,0.5,0.6,0.25,0.4,0.005,0.975,0.8,0.1,1.12867768093748,0.76953938649139,0.451471072374992,0.230086146065344,0.324105500570345,0.579370289506755,-1.22034327989483,1.70482757433485,5.85786173915965
144,-0.00359305183315288,0.741468202833529,0.105397295256616,-0.00392056236513105,-0.00392054048565404,-0.00310442132935396,0.0370446594630793,0.0221082071851275,0.0201415065079927,3.87494139169004,4.50829136479237,0.454013592295626,2.51994705556921,0.253731139239257,3.20108600942252,2.35360601347279,0.917065914720973,-0.0695859187712446,6.27998492390161,7.92631652930828,0.651276502680896,0.23263990293924,0.17523664804491,0.0131176899172576,0.911877672800573,2.62807385308198,0.610958040776384,0.263338493222354,0.547126603680344,0.227969418200143,0.181202384200464,0.4167335869572,0.0258855526602001,-0.000215163964000443,1.01460734990712,1.00138898290768,1.01320003238008,0.541457946468818,0.0570682030530148,0.401473850478168,1.04519144297262,1.04096454460413,0.735252350778724,0.286485871364141,-0.0217382221428652,-0.000209315559331673,0.963151065839432,0.0206662428360997,1.01349805626406,0.0392647036975634,0.67,0.1,1.015,0.5,0.6,0.25,0.4,0.005,0.975,0.8,0.1,1.12835732629065,0.769650883646601,0.451342930516262,0.229859873195439,0.32363851927511,0.579464646731435,-1.21934658966923,1.69369739737264,5.86241422864671
145,-0.00360398207619938,0.742055147436864,0.105397293446228,-0.00392055805812963,-0.00392054094867689,-0.00313204663327826,0.0370624319273948,0.0221203034002236,0.0201529377897532,3.87289852084037,4.50068528610193,0.453200534014105,2.51576191595519,0.253286190823707,3.19792564247369,2.35652732035648,0.910906972553911,-0.0695086504366995,6.28097580055353,7.90835280634025,0.650079077610625,0.232788238045655,0.174935163472304,0.0131010032095129,0.911336894905907,2.62511170309049,0.610595719586958,0.263100082637368,0.546802136943544,0.227834223726477,0.181238278688967,0.416659187843872,0.0260118024396545,-0.000217338967843784,1.01466966755689,1.00137799801342,1.01327337885378,0.541285923182951,0.0570500712840258,0.401664005533024,1.04518198959624,1.04095471332302,0.736892468373228,0.284843074665519,-0.021735543038747,-0.000204477217566139,0.963151065839432,0.0206662428360997,1.01357596845307,0.0392647036975634,0.67,0.1,1.015,0.5,0.6,0.25,0.4,0.005,0.975,0.8,0.1,1.12804655254369,0.769758033598528,0.451218621017477,0.229640435404349,0.32318439475319,0.579559619081963,-1.21837972981047,1.68285730986215,5.86691186637268
146,-0.00361454416229526,0.742622689096358,0.105397292030529,-0.00392055469011321,-0.00392054131075448,-0.00315871573630078,0.0370797009813402,0.0221320586172586,0.020164047229484,3.87090645813032,4.49331636306994,0.4524128239354,2.51171245409211,0.252855590652371,3.19487086431235,2.35939025073462,0.904914423911339,-0.0694338103336037,6.28195706718195,7.89092759857631,0.648919446624029,0.232933089628743,0.174642472156271,0.013084842369862,0.910813524024756,2.62224357343314,0.610245061096587,0.26286920932361,0.546488114414854,0.227703381006189,0.181272731311727,0.416586946443235,0.0261391764643598,-0.000219740971501227,1.01473014935343,1.00136738311689,1.01334451916632,0.541119690378142,0.0570325500302546,0.401847759591604,1.04517280415527,1.04094516023419,0.738493150721583,0.283239749693642,-0.0217329004152248,-0.000199729488418107,0.963151065839432,0.0206662428360997,1.01365215667581,0.0392647036975634,0.67,0.1,1.015,0.5,0.6,0.25,0.4,0.005,0.975,0.8,0.1,1.12774506629049,0.769861000903735,0.451098026516196,0.229427622698279,0.322742778098185,0.579655066051561,-1.21744179940701,1.67229993659808,5.87135350246186
147,-0.00362475071101315,0.743171469176002,0.105397290923472,-0.00392055205637021,-0.00392054159389421,-0.00318446313501886,0.0370964805489777,0.0221434821779385,0.0201748436213768,3.86896407458325,4.48617686393255,0.451649634601832,2.50779408983149,0.252438855346637,3.19191797513325,2.36219556251399,0.899083732619699,-0.0693613200004354,6.28292836749121,7.87402412056928,0.647796360213849,0.233074529975273,0.174358312782511,0.0130691902658149,0.910306982441422,2.61946634022634,0.609905678235753,0.262645625710622,0.546184189464853,0.227576745610356,0.1813057995813,0.416516799638788,0.0262674454420569,-0.000222349400293755,1.01478884981426,1.00135712553543,1.01341352044771,0.540959049825222,0.0570156183521141,0.402025331822664,1.0451638792186,1.04093587764532,0.740055221004034,0.281675074241895,-0.0217302952459296,-0.000195072502860552,0.963151065839432,0.0206662428360997,1.0137266490848,0.0392647036975634,0.67,0.1,1.015,0.5,0.6,0.25,0.4,0.005,0.975,0.8,0.1,1.12745258339389,0.769959943868876,0.450981033357558,0.229221231717647,0.322313330073403,0.579750855297057,-1.21653192590278,1.6620181008344,5.87573810785626
148,-0.00363461389514019,0.743702107850281,0.105397290057769,-0.00392054999681912,-0.00392054181530554,-0.00320932198907453,0.0371127841871174,0.0221545831825178,0.0201853355335737,3.86707025786962,4.47925932888942,0.45091016780783,2.50400240824198,0.252035519048147,3.18906341582503,2.36494401960575,0.893410499896319,-0.0692911036770455,6.28388936883329,7.85762615810264,0.646708613535603,0.233212630001243,0.174082432336834,0.013054030356671,0.909816712546308,2.6167769910237,0.609577197406027,0.262429092998039,0.545890027527785,0.227454178136577,0.181337538643331,0.416448686144114,0.0263963972735422,-0.000225145094282874,1.01484582181881,1.00134721303538,1.0134804477485,0.540803810293452,0.0569992560578456,0.402196933648703,1.04515520755323,1.04092685806809,0.741579489410664,0.28014823896664,-0.0217277283773047,-0.000190506188772703,0.963151065839432,0.0206662428360997,1.01379947416305,0.0392647036975634,0.67,0.1,1.015,0.5,0.6,0.25,0.4,0.005,0.975,0.8,0.1,1.12716882870196,0.770055014808678,0.450867531480784,0.229021065527998,0.321895720820409,0.579846862295925,-1.21564926403119,1.65200481744301,5.88006476864739
149,-0.00364414545739106,0.744215204801896,0.105397289380801,-0.00392054838627831,-0.00392054198844627,-0.00323332417895328,0.0371286250932918,0.0221653704947604,0.0201955313127389,3.86522391287184,4.47255655963455,0.450193653453059,2.50033315312856,0.251645132717821,3.1863037620758,2.36763639128035,0.887890458991162,-0.0692230881957134,6.28483976206509,7.84171804603205,0.645655044646557,0.233347459297137,0.173814585805765,0.0130393466713894,0.909342176100702,2.61417262054453,0.609259257987471,0.262219380808726,0.545605305660421,0.227335544025176,0.181368001384239,0.416382546459485,0.0265258358708509,-0.000228110214751772,1.01490111665474,1.00133763381532,1.01354536410235,0.540653787290661,0.0569834436738997,0.40236276903544,1.04514678211972,1.04091809421344,0.743066753226909,0.278658447307837,-0.0217252005347463,-0.000186030292739154,0.963151065839432,0.0206662428360997,1.01387066063931,0.0392647036975634,0.67,0.1,1.015,0.5,0.6,0.25,0.4,0.005,0.975,0.8,0.1,1.1268935357701,0.77014636029107,0.450757414308041,0.228826933416133,0.321489629577533,0.579942970013171,-1.21479299481895,1.64225328641566,5.88433268057118
150,-0.00365335672644508,0.744711339897025,0.105397288851421,-0.0039205471268573,-0.00392054212383985,-0.00325650036091918,0.037144016113741,0.0221758527469297,0.0202054390886656,3.86342396214407,4.46606160931464,0.44949934844608,2.49678222082556,0.251267263466616,3.18363571874445,2.37027345151426,0.882519470108875,-0.0691572028786896,6.28577926129419,7.82628464710261,0.644634532821381,0.233479086168937,0.173554535889717,0.0130251237873744,0.908882853528647,2.61165042656961,0.608951511864194,0.26201626685722,0.545329712117188,0.227220713382162,0.181397238533081,0.416318322828005,0.0266555800576427,-0.000231228156839251,1.01495478406349,1.00132837648992,1.01360833058715,0.540508802813636,0.0569681624168845,0.40252303476948,1.04513859606769,1.04090957898702,0.744517796919631,0.277204915409393,-0.0217227123290235,-0.000181644399923661,0.963151065839432,0.0206662428360997,1.01394023741119,0.0392647036975634,0.67,0.1,1.015,0.5,0.6,0.25,0.4,0.005,0.975,0.8,0.1,1.12662644658935,0.770234121370173,0.450650578635742,0.228638650691564,0.321094744407997,0.580039068578144,-1.21396232465087,1.63275688668693,5.88854114366818
151,-0.00366225863233657,0.745191073838722,0.105397288437453,-0.00392054614200721,-0.00392054222971583,-0.0032788800192457,0.0371589697513901,0.0221860383447956,0.0202150667789016,3.86166934627782,4.45976777289812,0.448826535655769,2.4933456542516,0.250901493916234,3.18105611448528,2.3728559783333,0.877293515593518,-0.0690933794415439,6.2867076035285,7.8113113316954,0.643645996940588,0.233607577675355,0.17330205272814,0.0130113468101278,0.908438243235059,2.60920770599823,0.608653622967489,0.261819536632764,0.545062945941035,0.227109560808765,0.181425298757989,0.416255959191509,0.0267854625460165,-0.000234483467855034,1.01500687228512,1.0013194300745,1.01366940638474,0.540368685108355,0.0569533941669325,0.402677920724713,1.04513064273127,1.04090130548453,0.745933392224127,0.275786872038713,-0.0217202642628402,-0.00017734795223743,0.963151065839432,0.0206662428360997,1.01400823347553,0.0392647036975634,0.67,0.1,1.015,0.5,0.6,0.25,0.4,0.005,0.975,0.8,0.1,1.12636731132087,0.770318433807912,0.450546924528346,0.228456038493353,0.320710761937268,0.580135054971286,-1.21315648438842,1.62350917025772,5.89268955711005
152,-0.00367086172122636,0.745654948799095,0.105397288113736,-0.00392054537186781,-0.00392054231250938,-0.00330049151589618,0.037173498173796,0.0221959354726401,0.0202244220933807,3.85995902418348,4.45366857793857,0.448174522908027,2.49001963721505,0.250547421588161,3.17856189661458,2.37538475315674,0.872208695359576,-0.0690315519017375,6.28762454824442,7.79678395845973,0.642688393948176,0.233732999661683,0.173056913636095,0.0129980013537257,0.908007860949224,2.60684185106072,0.60836526683598,0.261628983096276,0.544804716569535,0.227001965237306,0.181452228757492,0.416195401146416,0.0269153289843246,-0.000237861770983288,1.01505742810226,1.00131078397017,1.01372864883926,0.540233268439681,0.0569391214423622,0.402827610117958,1.0451229156247,1.04089326698724,0.747314298232391,0.274403558505042,-0.0217178567374326,-0.000173140264877996,0.963151065839432,0.0206662428360997,1.01407467786552,0.0392647036975634,0.67,0.1,1.015,0.5,0.6,0.25,0.4,0.005,0.975,0.8,0.1,1.12611588803681,0.770399428284906,0.450446355214725,0.228278923602347,0.320337387099324,0.580230832720826,-1.21237472853557,1.61450385660016,5.89677741419257
153,-0.00367917616958143,0.746103489030857,0.105397287860593,-0.00392054476962933,-0.00392054237725292,-0.00332136213779366,0.0371876132210468,0.0222055520982519,0.0202335125390471,3.85829197329677,4.44775777571685,0.447542642025481,2.48680048895915,0.250204658319541,3.1761501262078,2.37786056014573,0.867261222553998,-0.0689716564919227,6.28852987688606,7.78268885578923,0.641760717375178,0.233855416790639,0.172818902851718,0.0129850735220792,0.907591239092849,2.60455034568112,0.608086130192209,0.26144440639061,0.54455474345571,0.226897809773212,0.181478073347072,0.416136595899714,0.0270450370709713,-0.000241349693998627,1.01510649688315,1.00130242794957,1.01378611351403,0.540102392870143,0.0569253273755297,0.402972279754328,1.04511540843788,1.04088545695746,0.748661261482876,0.27305422857624,-0.0217154900591151,-0.000169020541410029,0.963151065839432,0.0206662428360997,1.01413959959386,0.0392647036975634,0.67,0.1,1.015,0.5,0.6,0.25,0.4,0.005,0.975,0.8,0.1,1.12587194246779,0.770477230601284,0.450348776987116,0.228107138258832,0.319974332891484,0.580326311609346,-1.21161633444679,1.60573482732656,5.90080429749508
154,-0.00368721179778846,0.7465372014589,0.105397287662639,-0.00392054429868716,-0.00392054242788131,-0.00334151814181538,0.0372013264135988,0.0222148959778966,0.020242345424462,3.85666718971841,4.44202933274632,0.44693024790807,2.48368465893625,0.249872829704514,3.1738179734168,2.38028418555931,0.862447419435044,-0.0689136315775484,6.28942339230703,7.76901280410178,0.64086199592598,0.23397489257054,0.172587811294072,0.0129725498909444,0.907187926171812,2.60233076198419,0.607815910535114,0.261265613563463,0.544312755703087,0.226796981542953,0.181502875541231,0.416079492225209,0.0271744557295244,-0.000244934802686773,1.01515412262389,1.00129435214322,1.01384185424696,0.53997590404742,0.0569119956897797,0.403112100262801,1.04510811503206,1.04087786903409,0.749975016051973,0.271738148393737,-0.0217131644457098,-0.000164987887474578,0.963151065839432,0.0206662428360997,1.01420302760176,0.0392647036975634,0.67,0.1,1.015,0.5,0.6,0.25,0.4,0.005,0.975,0.8,0.1,1.12563524775679,0.770551961868042,0.450254099102716,0.22794051998556,0.319621320137492,0.580421407390166,-1.21088060157279,1.59719612110563,5.90476987420504
155,-0.0036949780832259,0.746956576252481,0.105397287507842,-0.00392054393041685,-0.0039205424674722,-0.00336098479763713,0.0372146436887825,0.0222239705419444,0.0202509238095266,3.85508402441893,4.43647804856316,0.446336785834438,2.48066889820553,0.249551606402165,3.17156273585273,2.38265643210246,0.857763721410486,-0.0688574176602247,6.29030525428933,7.75574382122663,0.639991392148847,0.234091474399303,0.172363428375116,0.0129604175724682,0.906797486190805,2.60018077498503,0.607554315747839,0.261092436345725,0.544078491714483,0.226699371547701,0.18152667663137,0.416024040420174,0.0273034691532089,-0.000248600726258015,1.01520034798957,1.00128654702636,1.01389592320453,0.539853653000176,0.0568991106774183,0.403247236322406,1.04510103428153,1.04087050267057,0.75125628295641,0.270454596945817,-0.0217108799022268,-0.000161041323250235,0.963151065839432,0.0206662428360997,1.014264990713,0.0392647036975634,0.67,0.1,1.015,0.5,0.6,0.25,0.4,0.005,0.975,0.8,0.1,1.12540558421977,0.770623738689491,0.450162233687908,0.227778912854113,0.319278062521621,0.580516004360513,-1.2101668521781,1.58888194354815,5.90867392875935
156,-0.00370248417281835,0.747362087378635,0.105397287386793,-0.00392054364243433,-0.00392054249843166,-0.00337978642854586,0.0372275870511967,0.022232791820457,0.0202592631681095,3.85354081521151,4.43109698780147,0.445761511500752,2.477749542371,0.249240573924377,3.16938176264098,2.38497807037586,0.853206649313715,-0.0688029570485878,6.29117462494871,7.74286788121415,0.639147792283726,0.234205256036811,0.172145575178255,0.0129486639071845,0.906419500165726,2.59809810174899,0.607301065111036,0.260924657059368,0.543851700099436,0.226604875041432,0.181549516675461,0.415970191660746,0.0274319607925634,-0.000252347261584347,1.01524521381902,1.00127900340632,1.01394837039945,0.539735495941888,0.0568866571786403,0.403377846879472,1.04509415012533,1.04086333990143,0.752505772099247,0.269202864537662,-0.0217086366369084,-0.000157179795739813,0.963151065839432,0.0206662428360997,1.01432551759285,0.0392647036975634,0.67,0.1,1.015,0.5,0.6,0.25,0.4,0.005,0.975,0.8,0.1,1.1251827416895,0.770692672222418,0.450073096675801,0.227622162197403,0.318944328235898,0.580610109971634,-1.2094744261827,1.58078661812818,5.91251623961511
157,-0.00370973889509571,0.747754193137393,0.105397287292134,-0.00392054341723602,-0.00392054252264151,-0.00339794645033098,0.0372401612173748,0.0222413623518561,0.0202673656978926,3.85203697595965,4.42588140328733,0.445203919167999,2.47492358380615,0.248939430361484,3.1672725242696,2.38724988966201,0.848772828657322,-0.068750194049733,6.29203171219537,7.73037388394018,0.638330432303774,0.23431627981505,0.171934051545023,0.0129372768240229,0.906053558954691,2.59608055997528,0.607055884499643,0.260762121841268,0.543632135372815,0.226513389738673,0.181571433241335,0.415917901143993,0.0275598289215074,-0.000256158623329238,1.01528876087327,1.00127171241043,1.01399924544866,0.539621294082348,0.0568746205613503,0.403504085356302,1.04508746238567,1.04085638125033,0.753724181095004,0.267982253549674,-0.021706434644678,-0.000153402186016777,0.963151065839432,0.0206662428360997,1.01438463671137,0.0392647036975634,0.67,0.1,1.015,0.5,0.6,0.25,0.4,0.005,0.975,0.8,0.1,1.12496651106397,0.770758874242133,0.449986604425588,0.227470121054566,0.318619842156906,0.580703611979899,-1.20880268511985,1.57290462397467,5.9162967025576
158,-0.00371675077177854,0.748133336679405,0.105397287218112,-0.003920543241134,-0.00392054254157326,-0.0034154874083594,0.0372523765130884,0.0222496891009879,0.0202752379650291,3.85057157757866,4.42082604359744,0.444663447520639,2.47218794640643,0.248647851203743,3.16523258501301,2.38947267878639,0.844458981037498,-0.0686990748108753,6.29287639838173,7.7182502551334,0.637538468534674,0.234424604909575,0.171728672918617,0.0129262446211678,0.905699269828002,2.59412604280355,0.606818510784761,0.260604662748843,0.543419561896801,0.226424817457,0.181592462892892,0.41586712195817,0.0276869803126577,-0.000260025505610042,1.01533102804571,1.00126466547436,1.01404859579728,0.539510913446495,0.056862986701826,0.40362609985168,1.04508096555904,1.04084962101008,0.754912195109535,0.266792078736358,-0.0217042738458929,-0.000149707321591402,0.963151065839432,0.0206662428360997,1.01444237631071,0.0392647036975634,0.67,0.1,1.015,0.5,0.6,0.25,0.4,0.005,0.975,0.8,0.1,1.12475669288744,0.770822446021591,0.449902677154976,0.227322646433427,0.318304354255937,0.580796447493655,-1.20815100991994,1.56523058197829,5.9200152806383
159,-0.0037235280289103,0.748499946506505,0.105397287160228,-0.0039205431034246,-0.00392054255637764,-0.00343243101293067,0.0372642429814514,0.0222577788446772,0.0202828863590778,3.84914370959588,4.41592583508464,0.444139554280978,2.46953965968128,0.248365523246384,3.16325959768564,2.39164722559699,0.840261919342285,-0.0686495472536379,6.29370858389649,7.70648579476765,0.636771086262396,0.234530289446071,0.171529260348193,0.0129155559886726,0.905356253411667,2.59223251603616,0.606588689785817,0.260452117585971,0.543213752047,0.226339063352917,0.181612640742454,0.415817810097075,0.0278133296024773,-0.000263939326229843,1.01537205305766,1.00125785433094,1.01409646742411,0.539404224700281,0.0568517419661755,0.403744033333543,1.0450746542935,1.04084305363004,0.756070487336866,0.265631666765199,-0.0217021541020653,-0.000146093983928688,0.963151065839432,0.0206662428360997,1.01449876437612,0.0392647036975634,0.67,0.1,1.015,0.5,0.6,0.25,0.4,0.005,0.975,0.8,0.1,1.12455309396745,0.770883487848326,0.449821237586981,0.227179599815198,0.317997621252416,0.580888558301789,-1.20751880029431,1.55775924782416,5.92367200042605
160,-0.00373007860755594,0.748854436955785,0.105397287114963,-0.00392054299573774,-0.00392054256795449,-0.00344879817300647,0.0372757703902267,0.0222656381764496,0.0202903170974022,3.8477524800301,4.41117587527466,0.443631715498753,2.46697585626348,0.248092144159127,3.16135130009528,2.39377431641648,0.836178544690044,-0.0686015610112462,6.29452818645237,7.69506966343936,0.636027498640989,0.234633390518597,0.17133564030027,0.0129051999943549,0.905024143212806,2.59039801541202,0.60636617595258,0.26030432963439,0.543014485927684,0.226256035803202,0.181632000512801,0.415769922863487,0.027938798755568,-0.000267892122050311,1.01541187249251,1.00125127099941,1.01414290488637,0.539301102983279,0.0568408731925448,0.403858023824177,1.04506852338463,1.04083667371199,0.757199719101994,0.264500356118794,-0.0217000752207879,-0.000142560915957616,0.963151065839432,0.0206662428360997,1.01455382861033,0.0392647036975634,0.67,0.1,1.015,0.5,0.6,0.25,0.4,0.005,0.975,0.8,0.1,1.12435552717826,0.770942096286383,0.449742210871303,0.227040847008796,0.317699406421542,0.580979890647775,-1.20690547414468,1.55048550812248,5.92726694829426
161,-0.00373641017408547,0.749197208667708,0.105397287079567,-0.0039205429115281,-0.00392054257700747,-0.00346460902839829,0.0372869682390095,0.0222732735111803,0.0202975362295054,3.84639701523659,4.40657142651633,0.443139424868038,2.46449376802647,0.247827422074292,3.1595055116486,2.39585473551311,0.832205843503794,-0.0685550673682984,6.29533514036145,7.68399136930407,0.635306945644264,0.234733964206642,0.171147644477454,0.0128951660702326,0.904702585156148,2.58862064398962,0.606150732054619,0.260161147449912,0.542821551093689,0.226175646289037,0.181650574594883,0.415723418834638,0.0280633165652972,-0.000271876508205689,1.01545052183081,1.00124490777504,1.0141879513648,0.539201427747724,0.056830367674039,0.403968204578238,1.0450625677716,1.04083047600607,0.758300539966939,0.263397496993493,-0.0216980369604322,-0.000139106828925254,0.963151065839432,0.0206662428360997,1.01460759641102,0.0392647036975634,0.67,0.1,1.015,0.5,0.6,0.25,0.4,0.005,0.975,0.8,0.1,1.12416381126168,0.770998364323958,0.449665524504671,0.226906258009718,0.317409479407998,0.581070395012191,-1.20631046699378,1.54340437669085,5.93080026685391
162,-0.00374253013006035,0.74952864903878,0.105397287051887,-0.00392054284567733,-0.00392054258408669,-0.00347988298049606,0.0372978457662672,0.0222806910896579,0.0203045496412855,3.84507645972883,4.40210790989115,0.442662193072396,2.46209072236551,0.247571075192131,3.15772013010605,2.39788926459136,0.828340884717655,-0.068510019202964,6.29612939580855,7.67324075556022,0.634608693061048,0.234832065591158,0.170965109644231,0.012885443999486,0.904391237138081,2.58689856963476,0.605942128882514,0.26002242466708,0.542634742282848,0.22609780928452,0.181668394102797,0.415678257824184,0.0281868181884398,-0.000275885639782097,1.01548803548437,1.00123875721929,1.0142316487075,0.539105082603752,0.0568202131423189,0.40407470425393,1.04505678253331,1.04082445540683,0.759373587838997,0.262322451195593,-0.0216960390345904,-0.000135730408611675,0.963151065839432,0.0206662428360997,1.01466009485108,0.0392647036975634,0.67,0.1,1.015,0.5,0.6,0.25,0.4,0.005,0.975,0.8,0.1,1.12397777063417,0.771052381507061,0.449591108253668,0.226775706863533,0.317127616045668,0.581160025903488,-1.20573323143589,1.53651099098707,5.93427215152888
163,-0.00374844562173946,0.749849132659272,0.105397287030242,-0.00392054279418286,-0.0039205425896226,-0.00349463872161371,0.0373084119562332,0.0222878969830597,0.0203113630592118,3.84378997598032,4.39778089937144,0.442199547157069,2.45976413863134,0.247322831402589,3.15599312847898,2.39987868230271,0.824580817107741,-0.0684663709314732,6.29691091812654,7.66280798845471,0.63393203153211,0.234927748769687,0.170787877459519,0.0128760239039259,0.904089768597585,2.58523002260902,0.605740144960382,0.259888019812038,0.542453861158551,0.226022442149396,0.181685488926178,0.415634400845054,0.0283092447114066,-0.000279913176083307,1.0155244468294,1.00123281215015,1.01427403747242,0.539011955170546,0.056810397751842,0.404177647077613,1.04505116288462,1.04081860694936,0.760419489081129,0.261274592035133,-0.0216940811162625,-0.00013243032089715,0.963151065839432,0.0206662428360997,1.01471135066152,0.0392647036975634,0.67,0.1,1.015,0.5,0.6,0.25,0.4,0.005,0.975,0.8,0.1,1.12379723519996,0.771104234067583,0.449518894079983,0.226649071533888,0.316853598183143,0.581248741656845,-1.2051732366062,1.52980060868379,5.93768284727006
164,-0.00375416354922097,0.750159021736507,0.105397287013316,-0.00392054275391496,-0.00392054259395158,-0.00350889426302281,0.0373186755456522,0.0222948970973382,0.0203179820544189,3.84253674420929,4.39358611621615,0.441751029926943,2.45751152470959,0.247082427922764,3.15432255206261,2.401823763777,0.820922866740395,-0.068424078454778,6.29767968707683,7.65268354578572,0.633276275626875,0.235021066870715,0.170615794315677,0.0128668962319462,0.903797860103404,2.58361329325467,0.605544566269281,0.259757796123216,0.542278716062042,0.225949465025851,0.181701887780168,0.415591810073187,0.0284305427459016,-0.000283953247208691,1.01555978823869,1.00122706563303,1.01431515696851,0.53892193693316,0.0568009100647166,0.404277153002123,1.04504570417269,1.04081292580551,0.761438858624459,0.260253304217334,-0.0216921628417934,-0.000129205216792647,0.963151065839432,0.0206662428360997,1.01476139021661,0.0392647036975634,0.67,0.1,1.015,0.5,0.6,0.25,0.4,0.005,0.975,0.8,0.1,1.12362204017014,0.771154005046059,0.449448816068056,0.226526233774885,0.316587213514816,0.581336504240894,-1.2046299676681,1.52326860437713,5.94103264540498
165,-0.00375969057523534,0.750458666504152,0.10539728700008,-0.00392054272242603,-0.00392054259733676,-0.0035226669617433,0.0373286450303775,0.0223016971775167,0.0203244120467175,3.8413159621489,4.38951942359421,0.441316199369179,2.45533047373961,0.246849610949336,3.15270651559852,2.40372528017474,0.817364334531052,-0.0683830991072731,6.2984356961379,7.64285820587963,0.632640762958183,0.235112072067361,0.170448711183675,0.0128580517469413,0.903515202956841,2.58204672977247,0.605355185981083,0.259631621379448,0.542109121774104,0.22587880073921,0.181717618253095,0.415550448812167,0.0285506640519446,-0.000288000422853667,1.01559409111284,1.00122151097189,1.01435504529563,0.53883492310478,0.0567917390361406,0.40437333785908,1.04504040187341,1.04080740728022,0.762432300082797,0.25925798373177,-0.0216902838145676,-0.000126053736940827,0.963151065839432,0.0206662428360997,1.01481023952133,0.0392647036975634,0.67,0.1,1.015,0.5,0.6,0.25,0.4,0.005,0.975,0.8,0.1,1.12345202588766,0.771201774409415,0.449380810355062,0.226407079007721,0.316328255417347,0.58142327907211,-1.20410292531729,1.51691046642148,5.94432188061917
166,-0.00376503313360401,0.750748405618008,0.10539728698973,-0.00392054269780195,-0.00392054259998398,-0.0035359735461522,0.0373383286718191,0.0223083028118941,0.0203306583085226,3.84012684480527,4.38557682142528,0.44089462809939,2.45321866096659,0.246624135325301,3.15114320056048,2.40558399826047,0.813902593907482,-0.0683433916074769,6.29917895180425,7.63332303701987,0.632024853333385,0.235200815590478,0.170286483464164,0.0128494815161702,0.903241498809589,2.5805287360884,0.605171804202425,0.259509367735228,0.541944899285754,0.225810374702397,0.181732706851978,0.415510281458783,0.0286695651863256,-0.000292049683199131,1.01562738591059,1.00121614170073,1.01439373938317,0.538750812494185,0.0567828740003997,0.404466313505416,1.04503525158787,1.04080204680791,0.763400405869134,0.258288037739334,-0.0216884436084679,-0.000122974515649747,0.963151065839432,0.0206662428360997,1.01485792420059,0.0392647036975634,0.67,0.1,1.015,0.5,0.6,0.25,0.4,0.005,0.975,0.8,0.1,1.12328703765798,0.771247619163948,0.449314815063194,0.226291496201473,0.316076522791327,0.581509034836665,-1.2035916253023,1.51072179388364,5.94755092806577
167,-0.00377019743737801,0.751028566538713,0.105397286981636,-0.00392054267854636,-0.0039205426020541,-0.00354883014047347,0.0373477345032423,0.0223147194361575,0.0203367259686962,3.83896862420549,4.38175444142885,0.440485902830342,2.45117384072108,0.246405764220369,3.14963085255817,2.40740067999718,0.810535088571571,-0.068304916010579,6.29990947289794,7.62406938730684,0.63142792794018,0.235287347741281,0.170128970844167,0.0128411769000475,0.902976459296017,2.57905776980577,0.604994227728332,0.259390911562682,0.54178587557761,0.225744114824004,0.181747179046002,0.415471273469498,0.0287872071747951,-0.000296096391653522,1.01565970217817,1.00121095157544,1.01443127502751,0.538669507378221,0.0567743046573989,0.40455618796438,1.045030249039,1.04079683994901,0.764343757314006,0.257342884457102,-0.0216866417711073,-0.000119966184510033,0.963151065839432,0.0206662428360997,1.01490446949038,0.0392647036975634,0.67,0.1,1.015,0.5,0.6,0.25,0.4,0.005,0.975,0.8,0.1,1.12312692558545,0.771291613463799,0.449250770234181,0.226179377757893,0.315831819907921,0.581593743319524,-1.2030955979604,1.50469829360967,5.95072020059954
168,-0.00377518948666943,0.751299465901807,0.105397286975307,-0.00392054266348874,-0.00392054260367281,-0.00356125228820192,0.0373568703359176,0.0223209523374037,0.0203426200163067,3.83784054913722,4.37804854237246,0.440089623862167,2.44919384352046,0.246194268824402,3.14816777885309,2.40917608216174,0.807259330354118,-0.0682676336627685,6.30062728989444,7.61508887492889,0.630849388565646,0.235371717903535,0.16997603715916,0.0128331295418459,0.90271980567934,2.57763234023922,0.604822269805158,0.259276133300039,0.541631883407604,0.225679951419835,0.181761059308053,0.415433391327853,0.0289035552062636,-0.000300136269472577,1.01569106857782,1.0012059345659,1.01446768692816,0.53859091337905,0.0567660210597043,0.404643065561246,1.04502539006819,1.04079178238653,0.765262924785653,0.256421953041192,-0.0216848778268447,-0.000117027375602277,0.963151065839432,0.0206662428360997,1.01494990023039,0.0392647036975634,0.67,0.1,1.015,0.5,0.6,0.25,0.4,0.005,0.975,0.8,0.1,1.122971544415,0.771333828715151,0.449188617766001,0.226070619400091,0.315593956260331,0.581677379240568,-1.20261438776847,1.49883577739824,5.95383014613181
169,-0.00378001507618871,0.751561409875566,0.105397286970357,-0.00392054265171393,-0.00392054260493868,-0.00357325497451733,0.0373657437651241,0.0223270066580686,0.0203483453043034,3.83674188488179,4.37445550551028,0.439705404593146,2.44727657328678,0.245989428053326,3.14675234598151,2.41091095598124,0.804072897157537,-0.0682315071572643,6.30133244426401,7.60637337882519,0.630288656846999,0.23545397455541,0.169827550260301,0.0128253313577916,0.902471268511159,2.57625100652727,0.604655749902476,0.259164917306248,0.541482761106695,0.22561781712779,0.181774371154429,0.415396602512778,0.0290185783475391,-0.000304165372003191,1.01572151291534,1.00120108484843,1.01450300872288,0.538514939345995,0.0567580136000744,0.404727047053931,1.04502067063213,1.04078686992274,0.766158467811881,0.25552468346771,-0.0216831512795917,-0.000114156724378745,0.963151065839432,0.0206662428360997,1.01499424085824,0.0392647036975634,0.67,0.1,1.015,0.5,0.6,0.25,0.4,0.005,0.975,0.8,0.1,1.1228207533793,0.771374333676352,0.449128301351718,0.225965120064997,0.315362746419904,0.581759920097545,-1.20214755290828,1.49313015927478,5.9568812451024
170,-0.00378467980249969,0.751814694507015,0.105397286966487,-0.00392054264250619,-0.00392054260592856,-0.003584852647736,0.0373743621760041,0.0223328873997653,0.0203539065531064,3.83567191294217,4.37097183020425,0.439332871050169,2.44542000467624,0.245791028266954,3.14538297747959,2.41260604678994,0.800973430981624,-0.0681965002919719,6.30202498783032,7.59791502972294,0.629745173552687,0.235534165281025,0.169683381886573,0.0128177745275372,0.902230587303835,2.57491237582011,0.604494493493569,0.259057151721437,0.541338352382301,0.225557646825959,0.181787137182816,0.415360875467827,0.0291322492771811,-0.000308180066492794,1.01575106216692,1.00119639679849,1.01453727302153,0.538441497241799,0.0567502729994588,0.404808229758743,1.0450160867996,1.0407820984759,0.76703093520352,0.254650526411903,-0.0216814616154229,-0.000111352872202684,0.963151065839432,0.0206662428360997,1.01503751540493,0.0392647036975634,0.67,0.1,1.015,0.5,0.6,0.25,0.4,0.005,0.975,0.8,0.1,1.12267441605101,0.771413194554171,0.449069766420405,0.225862781799471,0.315138009896687,0.581841346015613,-1.20169466484544,1.48757745286101,5.95987400806501
171,-0.003789189071004,0.752059606056503,0.10539728696346,-0.00392054263530583,-0.0039205426067026,-0.00359605923984974,0.0373827327492743,0.0223385994270319,0.0203593083541139,3.83462993076691,4.36759412971931,0.438971661437983,2.44362218051513,0.245598862998187,3.14405815170577,2.41426209370658,0.797958636027888,-0.0681625780286984,6.30270498214661,7.58970620153108,0.62921839789247,0.23561233678175,0.169543407541638,0.0128104514849978,0.901997510215203,2.57361510153955,0.604338331844186,0.258952728333024,0.541198506129122,0.225499377553801,0.181799379108633,0.415326179571309,0.0292445440371027,-0.000312177011412143,1.01577974250491,1.00119186498364,1.01457051143889,0.5383705020331,0.0567427902954449,0.404886707671455,1.04501163474843,1.04077746407717,0.767880865179378,0.25379894312562,-0.0216798083049986,-0.000108614468595589,0.963151065839432,0.0206662428360997,1.01507974749152,0.0392647036975634,0.67,0.1,1.015,0.5,0.6,0.25,0.4,0.005,0.975,0.8,0.1,1.12253240020017,0.771450475096374,0.449012960080068,0.225763509659943,0.314919571004309,0.581921639603286,-1.20125530792183,1.48217376883481,5.96280897338233
172,-0.00379354810266576,0.752296421321219,0.105397286961094,-0.00392054262967523,-0.0039205426073079,-0.00360688818619415,0.0373908624667926,0.0223441474709891,0.0203645551731255,3.83361525147146,4.36431912718557,0.438621425706427,2.44188120933782,0.245412732693103,3.14277639975599,2.41587982933165,0.795026276878206,-0.0681297064538585,6.3033724978906,7.58173950307485,0.628707806855206,0.235688534887302,0.169407506375192,0.0128033549095335,0.90177179374514,2.57235788170815,0.604187101809244,0.258851542447135,0.541063076247084,0.225442948436285,0.181811117799813,0.415292485107317,0.0293554418007586,-0.000316153137078949,1.01580757932299,1.00118748415682,1.0146027546264,0.538301871584974,0.0567355568311354,0.404962571583891,1.04500731076251,1.04077296286748,0.768708785492595,0.252969405313214,-0.0216781908058091,-0.000105940173228245,0.963151065839432,0.0206662428360997,1.01512096032692,0.0392647036975634,0.67,0.1,1.015,0.5,0.6,0.25,0.4,0.005,0.975,0.8,0.1,1.12239457765636,0.771486236680788,0.448957831062543,0.225667211615472,0.314707258728989,0.582000785814542,-1.20082907896077,1.47691531247575,5.96568670502721
173,-0.00379776194048718,0.75252540794802,0.105397286959243,-0.00392054262527219,-0.0039205426077813,-0.00361735244428973,0.0373987581169841,0.0223495361329089,0.0203696513536839,3.83262720355779,4.3611436517201,0.438281825134853,2.44019526302218,0.245232444461433,3.14153630346747,2.41745997946425,0.792174176743831,-0.0680978527406116,6.30402761427861,7.57400777015521,0.62821289457314,0.235762804566675,0.169275561068624,0.0127964777174652,0.901553202443524,2.57113945734462,0.604040645637161,0.258753492765148,0.540931921466115,0.225388300610881,0.181822373310116,0.415259763237635,0.0294649246567353,-0.000320105627599446,1.01583459726038,1.00118324924981,1.01463403230283,0.538235526559362,0.0567285642444363,0.405035909196202,1.04500311122886,1.04076859109455,0.769515213558284,0.252161395005968,-0.0216766085642523,-0.000103328657669441,0.963151065839432,0.0206662428360997,1.01516117670661,0.0392647036975634,0.67,0.1,1.015,0.5,0.6,0.25,0.4,0.005,0.975,0.8,0.1,1.12226082417572,0.771520538401019,0.448904329670287,0.225573798454104,0.314500906602557,0.582078771816921,-1.2004155868847,1.47179838129184,5.96850779048636
174,-0.00380183545574499,0.752746824735917,0.105397286957796,-0.00392054262182917,-0.00392054260815144,-0.00362746451189588,0.0374064263001265,0.0223547698876955,0.0203746011203347,3.83166513063305,4.35806463470139,0.437952531932992,2.43856257451846,0.245057811836995,3.14033649350687,2.41900326283819,0.789400215781042,-0.0680669851123704,6.30467041849914,7.56650405791869,0.627733171711528,0.23583518993893,0.169147457724809,0.012789813053911,0.901341508629141,2.56995861092267,0.603898810781525,0.258658481265091,0.540804905177485,0.225335377157285,0.181833164911036,0.415227985974511,0.0295729774067069,-0.000324031903976994,1.01586082022534,1.00117915536698,1.01466437328391,0.538171390317241,0.0567218044577421,0.405106805225017,1.04499903263482,1.04076434510998,0.770300656582351,0.251374404435201,-0.0216750610175522,-0.000100778606907914,0.963151065839432,0.0206662428360997,1.0152004190123,0.0392647036975634,0.67,0.1,1.015,0.5,0.6,0.25,0.4,0.005,0.975,0.8,0.1,1.12213101931253,0.771553437148977,0.44885240772501,0.225483183692428,0.314300352579316,0.582155586865382,-1.20001445234487,1.46681936272329,5.97127283876299
175,-0.00380577335399732,0.752960921928558,0.105397286956664,-0.00392054261913666,-0.00392054260844088,-0.00363723644431335,0.0374138734070626,0.0223598530692553,0.020379408564763,3.8307283966325,4.35507911485373,0.437633229795126,2.43698143903542,0.24488865489164,3.13917564556152,2.42051038915155,0.786702329194715,-0.0680370727847447,6.30530100891927,7.55922164501244,0.627268166203173,0.235905734257594,0.169023085882478,0.0127833543011526,0.901136492119099,2.56881416840141,0.603761449719796,0.258566416598404,0.540681895271459,0.225284123029775,0.181843511122376,0.415197125765895,0.0296795818886447,-0.000327935075221061,1.01588627069889,1.00117519777923,1.0146938047929,0.538109388824382,0.0567152696679985,0.40517534150762,1.04499507157923,1.04076022138098,0.771065611627565,0.250607935974327,-0.0216735476018921,-9.82868750838397e-05,0.963151065839432,0.0206662428360997,1.01523870849339,0.0392647036975634,0.67,0.1,1.015,0.5,0.6,0.25,0.4,0.005,0.975,0.8,0.1,1.12200504629523,0.771584986972601,0.44880201851809,0.225395283774268,0.314105439140816,0.582231222116852,-1.19962530695917,1.46197473140812,5.97398247421735
176,-0.00380958018087019,0.753167941497053,0.105397286955779,-0.00392054261703123,-0.00392054260866725,-0.00364667987097311,0.0374211057092246,0.0223647899317408,0.0203840777036705,3.8298163679018,4.35218420694963,0.437323610518036,2.43545020086553,0.244724798899024,3.1380524848916,2.42198206415345,0.784078506756379,-0.068008086018227,6.30591948222763,7.55215398952142,0.626817418417308,0.235974479995968,0.168902338024424,0.0127770950184745,0.900937940374669,2.56770498644184,0.603628420051028,0.258477199463024,0.540562764224801,0.225234485093667,0.181853429823581,0.415167156976488,0.0297847342249529,-0.000331801015943461,1.01591097265719,1.00117137191823,1.0147223553853,0.538049450560556,0.0567089523371301,0.405241597102314,1.04499122472504,1.04075621644093,0.771810565888877,0.249861501849215,-0.0216720677380914,-9.58562049449009e-05,0.963151065839432,0.0206662428360997,1.01527606755557,0.0392647036975634,0.67,0.1,1.015,0.5,0.6,0.25,0.4,0.005,0.975,0.8,0.1,1.12188279241276,0.771615241952119,0.448753116965104,0.22531001705896,0.31391601245658,0.582305670699421,-1.1992477944915,1.45726104903462,5.97663734787313
177,-0.00381326032763226,0.753368117413442,0.105397286955087,-0.00392054261538477,-0.00392054260884422,-0.00365580601134285,0.0374281292719236,0.0223695845903814,0.0203886124228147,3.82892843176697,4.34937712851875,0.437023376892782,2.4339672635536,0.244566075340484,3.13696577767533,2.42341898399091,0.781526789659256,-0.0679799959748432,6.30652594653041,7.54529476212275,0.626380485250643,0.236041468789,0.168785109899137,0.0127710289922203,0.9007456469357,2.56662996337774,0.603499583446919,0.258390745048593,0.54044738816142,0.225186411733925,0.181862938016481,0.415138053938924,0.0298884261361705,-0.000335634425727052,1.01593494721267,1.00116767337073,1.01475005060064,0.537991506432048,0.0567028451828181,0.405305648385134,1.04498748884473,1.04075232693679,0.772535996802162,0.249134624043835,-0.0216706208459969,-9.34831014493417e-05,0.963151065839432,0.0206662428360997,1.01531251732675,0.0392647036975634,0.67,0.1,1.015,0.5,0.6,0.25,0.4,0.005,0.975,0.8,0.1,1.12176414726195,0.771644252698548,0.44870565890478,0.225227304750663,0.313731923053057,0.582378927432826,-1.19888156856443,1.45267495920582,5.97923812225806
178,-0.00381681803656644,0.753561675915124,0.105397286954546,-0.00392054261409724,-0.00392054260898267,-0.00366462569018444,0.0374349499922419,0.0223742410471894,0.0203930165012813,3.82806398961751,4.34665518580898,0.436732241190491,2.43253108376065,0.244412321244785,3.13591433234906,2.42482183686057,0.779045270223622,-0.0679527747351368,6.30712051580111,7.5386378251226,0.62595693790769,0.236106741463332,0.168671300273568,0.0127651502075516,0.900559412606655,2.56558803338461,0.603374806446459,0.258306967326639,0.540335647563993,0.225139853151664,0.181872052140303,0.415109791502238,0.0299906514004533,-0.000339433495646201,1.01595821556742,1.00116409787325,1.01477691591778,0.537935489687359,0.0566969411696126,0.405367569143029,1.04498386080043,1.04074854960844,0.773242372040174,0.248426834300759,-0.0216692063409329,-9.11663204529055e-05,0.963151065839432,0.0206662428360997,1.01534807852891,0.0392647036975634,0.67,0.1,1.015,0.5,0.6,0.25,0.4,0.005,0.975,0.8,0.1,1.1216490044134,0.771672067488046,0.448659601765359,0.225147070445367,0.31355302542243,0.582450988771686,-1.1985262931884,1.44821318756343,5.98178547432097
179,-0.00382025740614594,0.753748835760552,0.105397286954122,-0.00392054261309038,-0.00392054260909092,-0.00367314935219143,0.0374415736036401,0.0223787631940091,0.0203972936143451,3.82722245653001,4.34401577073784,0.43644992483601,2.43114016879877,0.244263379000073,3.13489699775001,2.42619130284207,0.776632090175359,-0.0679263952674134,6.30770330942814,7.53217722616159,0.625546361410546,0.236170338048147,0.168560810840512,0.0127594528418769,0.900379044701395,2.56457816523433,0.603253959949935,0.258225783031055,0.540227426820837,0.225094761175349,0.181880787992082,0.415082345559042,0.0300914056948439,-0.000343196599936705,1.0159807982997,1.00116064130682,1.01480297604742,0.537881335835952,0.0566912335003686,0.405427430663679,1.04498033754148,1.04074488128612,0.773930149725242,0.247737673911766,-0.0216678236370085,-8.89046356067486e-05,0.963151065839432,0.0206662428360997,1.01538277148072,0.0392647036975634,0.67,0.1,1.015,0.5,0.6,0.25,0.4,0.005,0.975,0.8,0.1,1.12153726065319,0.771698733353406,0.448614904261278,0.22506924005797,0.313379177915779,0.582521852706263,-1.19818164243986,1.44387253922531,5.98428009390095
180,-0.00382358239602282,0.753929808476466,0.105397286953792,-0.00392054261230312,-0.00392054260917551,-0.00368138707603538,0.0374480056804454,0.0223831548154901,0.0204014473362587,3.82640326099814,4.34145635795856,0.436176158093897,2.42979307516194,0.244119096165636,3.13391266163684,2.42752805373867,0.774285439296288,-0.0679008313981157,6.30827445177057,7.52590719218075,0.62514835411978,0.236232297785625,0.168453546129777,0.0127539312583627,0.900204356821127,2.5635993610846,0.603136919070155,0.258147111551999,0.540122614092676,0.225051089205282,0.181889160751859,0.415055692704336,0.0301906864595692,-0.000346922270897282,1.01600271538273,1.001157299692,1.01482825495584,0.537828982569952,0.056685715607991,0.405485301822057,1.04497691610201,1.04074131888799,0.774599778562625,0.24706669358554,-0.0216664721481645,-8.66968390216137e-05,0.963151065839432,0.0206662428360997,1.01541661610065,0.0392647036975634,0.67,0.1,1.015,0.5,0.6,0.25,0.4,0.005,0.975,0.8,0.1,1.12142881588147,0.771724295557746,0.448571526352586,0.22499374174902,0.313210242640405,0.582591518666915,-1.19784730015023,1.43964989688071,5.98672268225389
181,-0.00382679683183607,0.75410479859696,0.105397286953533,-0.00392054261168739,-0.00392054260924168,-0.00368934858784797,0.0374542516422194,0.0223874195919834,0.0204054811429702,3.82560584466475,4.33897450203827,0.435910679766436,2.42848840680531,0.243979325290964,3.13296024926984,2.42883275293332,0.772003554119821,-0.0678760577832976,6.30883407173289,7.51982212361256,0.624762527273786,0.236292659141371,0.168349413422394,0.0127485799996834,0.900035168638975,2.56265065531531,0.603023562988113,0.258070874845892,0.540021101183385,0.225008792159744,0.181897185006549,0.415029810214882,0.0302884927711444,-0.00035060918832143,1.01602398620321,1.001154069184,1.01485277588826,0.537778369688656,0.0566803811474783,0.405541249163866,1.04497359359863,1.04073785941768,0.775251697974536,0.246413453314611,-0.021665151289147,-8.4541741788471e-05,0.963151065839432,0.0206662428360997,1.01544963191041,0.0392647036975634,0.67,0.1,1.015,0.5,0.6,0.25,0.4,0.005,0.975,0.8,0.1,1.12132357301249,0.771748797660198,0.448529429204994,0.224920505853913,0.313046085360144,0.582659987432976,-1.19752295960553,1.4355422189382,5.98911395065489
182,-0.00382990440984634,0.754274003894643,0.10539728695333,-0.003920542611206,-0.00392054260929342,-0.00369704327416442,0.0374603167580089,0.0223915611023621,0.0204093984147708,3.82482966205691,4.33656783474305,0.435653236903149,2.42722481349111,0.243843923741747,3.13203872204895,2.43010605525941,0.76978471667069,-0.0678520498811469,6.30938230235828,7.51391658878694,0.624388504545747,0.236351459814826,0.168248322667748,0.0127433937819977,0.899871305692473,2.56173111340964,0.602913774813957,0.257996997348697,0.539922783415484,0.224967826423118,0.181904874772863,0.415004676028304,0.030384825223831,-0.000354256169477227,1.01604462957937,1.0011509460681,1.01487656139143,0.537729439025764,0.0566752239882519,0.405595336985984,1.04497036722817,1.04073449996203,0.775886338234517,0.245777522241886,-0.0216638604764037,-8.24381744363426e-05,0.963151065839432,0.0206662428360997,1.01548183803893,0.0392647036975634,0.67,0.1,1.015,0.5,0.6,0.25,0.4,0.005,0.975,0.8,0.1,1.1212214378783,0.771772281577501,0.448488575151318,0.224849464814454,0.312886575398536,0.582727261045887,-1.19720832325624,1.43154653772602,5.99145461907366
183,-0.00383290870140392,0.754437615604162,0.105397286953172,-0.00392054261082952,-0.00392054260933394,-0.00370448019435154,0.0374662061504828,0.0223955828267691,0.020413202438874,3.82407418032393,4.33423406242565,0.435403584521315,2.42600098919738,0.243712753532546,3.13114707620705,2.43134860688593,0.767627253246623,-0.0678287839255047,6.30991928044021,7.50818531854299,0.624025921617502,0.236408736749665,0.168150186403511,0.0127383674891451,0.899712599183641,2.56083983087807,0.602807441453039,0.257925405892512,0.539827559510184,0.22492814979591,0.181912243519311,0.414980268722861,0.0304796858187994,-0.000357862159828053,1.01606466377828,1.00114792675509,1.01489963333544,0.537682134379222,0.056670238206761,0.405647627414017,1.04496723426544,1.04073123768871,0.776504120602044,0.245158478526862,-0.0216625991289057,-8.03849872747429e-05,0.963151065839432,0.0206662428360997,1.01551325322647,0.0392647036975634,0.67,0.1,1.015,0.5,0.6,0.25,0.4,0.005,0.975,0.8,0.1,1.12112231913565,0.771794787643398,0.44844892765426,0.224780553112716,0.312731585544772,0.582793342726441,-1.1969031024368,1.42765995774229,5.99374541491998
184,-0.00383581315725646,0.754595818638329,0.105397286953048,-0.00392054261053509,-0.00392054260936558,-0.00371166809254531,0.037471924799955,0.0223994881492913,0.0204168964119272,3.82333887897881,4.33197096351149,0.43516148533704,2.42481567058697,0.243585681165836,3.13028434155587,2.43256104521621,0.765529533239997,-0.0678062369003383,6.31044514615188,7.50262320103775,0.623674425769589,0.236464526144188,0.168054919678275,0.0127334961670514,0.89955888578637,2.55997593222354,0.602704453476868,0.257856029625239,0.539735331471822,0.224889721446593,0.181919304187337,0.41495656749788,0.0305730778605139,-0.00036142622432312,1.01608410653264,1.00114500777696,1.01492201293483,0.537636401443571,0.0566654180793524,0.405698180477077,1.04496419206108,1.04072806984408,0.777105457457272,0.244555909211626,-0.0216613666688977,-7.83810506527392e-05,0.963151065839432,0.0206662428360997,1.0155438958292,0.0392647036975634,0.67,0.1,1.015,0.5,0.6,0.25,0.4,0.005,0.975,0.8,0.1,1.12102612817619,0.771816354665919,0.448410451270477,0.224713707207099,0.312580991962305,0.582858236795934,-1.19660701709435,1.42387965395298,5.99598707185639
185,-0.00383862111170253,0.754748791797111,0.105397286952952,-0.00392054261030483,-0.00392054260939034,-0.00371861540911722,0.0374774775482999,0.0224032803605646,0.020420483442458,3.82262324964314,4.32977638607868,0.434926709506415,2.4236676355342,0.243462577477152,3.12944958028234,2.43374399879986,0.763489967997599,-0.0677843865151249,6.31096004269308,7.49722527674331,0.623333675486779,0.236518863461704,0.167962439976753,0.0127287750183373,0.89941000746082,2.55913856994602,0.602604704998749,0.257788799933254,0.539646004476492,0.224852501865205,0.181926069211624,0.414933552154825,0.0306650058598253,-0.000364947539284331,1.01610297505712,1.00114218578274,1.01494372076898,0.537592187744716,0.0566607580753948,0.40574705417989,1.04496123803953,1.04072499375103,0.777690752435833,0.243969410086748,-0.0216601625225802,-7.64252551492709e-05,0.963151065839432,0.0206662428360997,1.01557378382386,0.0392647036975634,0.67,0.1,1.015,0.5,0.6,0.25,0.4,0.005,0.975,0.8,0.1,1.12093277903976,0.771837019982633,0.448373111615905,0.224648865470524,0.31243467410005,0.582921948601117,-1.19631979552636,1.42020287013575,5.99818032867553
186,-0.00384133578659691,0.754896707969709,0.105397286952876,-0.00392054261012487,-0.00392054260940966,-0.00372533029169264,0.0374828691027596,0.0224069626603085,0.0204239665532557,3.82192679579559,4.32764824552829,0.434699034376367,2.42255570170693,0.243343317486093,3.12864188579292,2.43489808725729,0.761507009716746,-0.0677632111811077,6.31146411595419,7.49198673362447,0.623003340078472,0.236571783440911,0.167872667147471,0.0127241993971201,0.899265811274554,2.55832692358482,0.602508093553951,0.257723650366902,0.539559486764732,0.224816452818638,0.181932550539593,0.414911203078986,0.0307554754433672,-0.000368425384777468,1.01612128606399,1.00113945753447,1.01496477680184,0.537549442577013,0.056656252850648,0.405794304572339,1.04495836969692,1.04072200680682,0.778260400563583,0.243398585557145,-0.0216589861207281,-7.45165117117559e-05,0.963151065839432,0.0206662428360997,1.01560293481279,0.0392647036975634,0.67,0.1,1.015,0.5,0.6,0.25,0.4,0.005,0.975,0.8,0.1,1.12084218833067,0.771856819513943,0.448336875332268,0.224585968130693,0.312292514606077,0.582984484442754,-1.19604117412669,1.41662691726752,6.00032592823941
187,-0.00384396029521315,0.755039734329953,0.105397286952817,-0.00392054260998409,-0.00392054260942487,-0.00373182060573862,0.0374881040396475,0.0224105381597946,0.0204273486836899,3.82124903252431,4.32558452234103,0.434478244244757,2.42147872520161,0.243227780252934,3.12786038160398,2.43602392121626,0.759579150376113,-0.067742689988388,6.31195751419668,7.48690290248915,0.622683099313305,0.236623320106265,0.167785523332836,0.0127197648040026,0.899126149230152,2.55754019879713,0.602414519984202,0.257660516568761,0.539475689538091,0.224781537307538,0.181938759650151,0.41488950122176,0.0308444932687625,-0.000371859137551545,1.01613905577838,1.00113681990331,1.014985200401,0.537508116942599,0.0566518972408673,0.405839985816533,1.04495558459916,1.0407191064811,0.77881478839122,0.242843048508028,-0.0216578368992474,-7.26537516993315e-05,0.963151065839432,0.0206662428360997,1.01563136602902,0.0392647036975634,0.67,0.1,1.015,0.5,0.6,0.25,0.4,0.005,0.975,0.8,0.1,1.1207542751369,0.771875787814505,0.448301710054759,0.224524957212322,0.312154399243712,0.583045851507678,-1.19577089713988,1.41314917195423,6.00242461647803
188,-0.00384649764596899,0.755178032525241,0.105397286952771,-0.00392054260987396,-0.00392054260943664,-0.00373809394474067,0.0374931868079502,0.0224140098842479,0.0204306326919688,3.8205894862831,4.32358325991681,0.434264130129384,2.42043559922916,0.243115848740593,3.12710422027589,2.43712210225998,0.757704920699735,-0.0677228026838194,6.31244038774972,7.48196925250435,0.622372643067398,0.236673506778346,0.167700932901499,0.0127154668812405,0.898990878099053,2.55677762647115,0.602323888326366,0.25759933620449,0.539394526859432,0.224747719524763,0.181944707571703,0.414868428083516,0.030932066945307,-0.000375248264382332,1.016156299953,1.0011342698658,1.01500501035611,0.537468163492866,0.0566476862556362,0.405884150251497,1.04495288037998,1.04071629031394,0.779354294128673,0.242302420171003,-0.0216567142996764,-7.08359269038071e-05,0.963151065839432,0.0206662428360997,1.01565909434156,0.0392647036975634,0.67,0.1,1.015,0.5,0.6,0.25,0.4,0.005,0.975,0.8,0.1,1.12066896095207,0.771893958122827,0.448267584380826,0.224465776481301,0.312020216809968,0.583106057804169,-1.19550871642319,1.40976707490097,6.00447714144508
189,-0.00384895074601953,0.755311758859235,0.105397286952734,-0.00392054260978791,-0.00392054260944596,-0.00374415763998748,0.0374981217328312,0.0224173807751851,0.0204338213573357,3.8199476946515,4.32164256249362,0.434056489545482,2.41942525284962,0.243007409681768,3.12637258238918,2.43819322288615,0.755882889152707,-0.0677035296496712,6.3129128887224,7.47718138687075,0.622071670985661,0.236722376084219,0.167618822382911,0.0127113014080825,0.898859859261373,2.55603846187262,0.60223610570512,0.257540048896204,0.539315915556824,0.224714964815343,0.181950404899468,0.41484796569702,0.0310182049597433,-0.000378592315870695,1.01617303388233,1.00113180450025,1.01502422489673,0.537429536472009,0.0566436150724153,0.405926848455576,1.04495025473908,1.04071355591381,0.779879287779199,0.241776329990433,-0.0216556177696322,-6.90620095152772e-05,0.963151065839432,0.0206662428360997,1.01568613626085,0.0392647036975634,0.67,0.1,1.015,0.5,0.6,0.25,0.4,0.005,0.975,0.8,0.1,1.12058616960009,0.771911362409139,0.448234467840036,0.224408371390702,0.311889859056231,0.58316511210055,-1.19525439121632,1.40647812942093,6.00648425242801
190,-0.00385132240472347,0.755441064468507,0.105397286952706,-0.00392054260972063,-0.00392054260945318,-0.00375001876997771,0.037502913019037,0.0224206536926893,0.0204369173822087,3.81932320609897,4.31976059314262,0.433855126291392,2.41844664975357,0.242902353450995,3.12566467556071,2.43923786647651,0.754111660967232,-0.0676848518830322,6.31337517073114,7.47253503864932,0.62177989215563,0.236769959967776,0.167539120403993,0.0127072642962757,0.89873295855148,2.55532198382303,0.602151082229492,0.25748259615825,0.539239775130888,0.22468323963787,0.181955861812124,0.414828096611402,0.0311029166067897,-0.000381890920640958,1.01618927241645,1.00112942098325,1.01504286170953,0.537392191662565,0.056639679030803,0.405968129306632,1.04494770544029,1.04071090095579,0.780390131273083,0.241264415490126,-0.0216545467632086,-6.7330992044292e-05,0.963151065839432,0.0206662428360997,1.01571250794425,0.0392647036975634,0.67,0.1,1.015,0.5,0.6,0.25,0.4,0.005,0.975,0.8,0.1,1.12050582716243,0.77192803142156,0.448202330864971,0.224352689028569,0.311763220611127,0.583223023866835,-1.19500768791826,1.40327989998178,6.00844669911053
191,-0.00385361533698676,0.755566095493362,0.105397286952684,-0.00392054260966801,-0.00392054260945884,-0.00375568416946703,0.0375075647542105,0.0224238314176243,0.0204399233942628,3.81871557975298,4.31793557183609,0.43365985024204,2.41749878708834,0.242800573941436,3.1249797334981,2.44025660727632,0.752389877197706,-0.0676667509759238,6.31382738864156,7.46802606673354,0.621497024793282,0.236816289700074,0.167461757627853,0.0127033515857294,0.898610046109089,2.55462749390855,0.60206873089309,0.257426921335291,0.539166027665454,0.224652511527272,0.181961088087814,0.41480880387664,0.0311862119240974,-0.000385143779926993,1.01620502997431,1.00112711658633,1.01506093795501,0.537356086332877,0.0566358736269975,0.406008040040125,1.04494523030984,1.04070832317973,0.780887178600884,0.240766322140442,-0.0216535007413258,-6.56418872027243e-05,0.963151065839432,0.0206662428360997,1.01573822520168,0.0392647036975634,0.67,0.1,1.015,0.5,0.6,0.25,0.4,0.005,0.975,0.8,0.1,1.1204278619078,0.771943994730671,0.448171144763121,0.224298678067428,0.311640198905489,0.583279803219338,-1.19476837987131,1.40017001078801,6.01036523078496
192,-0.00385583216648857,0.755686993242995,0.105397286952667,-0.00392054260962682,-0.00392054260946328,-0.00376116043817043,0.0375120809121128,0.0224269166537889,0.0204428419484558,3.81812438517124,4.31616577358555,0.433470477149933,2.41658069432733,0.242701968446214,3.12431701509087,2.44125001038333,0.750716213803633,-0.0676492090960973,6.31426969832468,7.46365045196161,0.621222795940383,0.236861395889643,0.16738666669444,0.0126995594403327,0.89849099623568,2.55395431571809,0.601988967477906,0.257372969542598,0.539094597741408,0.22462274905892,0.181966093119533,0.414790071028563,0.0312681016313689,-0.00038835066248314,1.01622032055667,1.00112488867268,1.01507847028357,0.537321179186397,0.0566321945084539,0.406046626305149,1.04494282723461,1.04070582038843,0.781370775946145,0.240281703225894,-0.021652479172039,-6.39937277714494e-05,0.963151065839432,0.0206662428360997,1.01576330350126,0.0392647036975634,0.67,0.1,1.015,0.5,0.6,0.25,0.4,0.005,0.975,0.8,0.1,1.12035220422435,0.771959280772501,0.448140881689739,0.224246288715458,0.311520694099373,0.58333546086808,-1.19453624715176,1.39714614439795,6.01224059561255
193,-0.0038579754287938,0.755803894355207,0.105397286952653,-0.00392054260959462,-0.00392054260946673,-0.00376645394913355,0.0375164653557555,0.0224299120300136,0.0204456755290009,3.81754920211789,4.31444952664691,0.433286828453336,2.41569143218047,0.242606437544087,3.12367580353652,2.44221863174578,0.749089380759223,-0.0676322089684882,6.31470225642654,7.4594042933625,0.620956941172853,0.236905308492793,0.167313782163098,0.0126958841439181,0.898375687256015,2.55330179410957,0.60191171046153,0.257320687608461,0.539025412353609,0.224593921814004,0.181970885929931,0.41477188207433,0.0313485970733435,-0.000391511399844872,1.01623515775855,1.00112273469406,1.01509547485115,0.537287430312775,0.0566286374687291,0.406083932218497,1.04494049416047,1.04070339044593,0.781841261817489,0.239810219713316,-0.0216514815308047,-6.23855664130993e-05,0.963151065839432,0.0206662428360997,1.01578775797504,0.0392647036975634,0.67,0.1,1.015,0.5,0.6,0.25,0.4,0.005,0.975,0.8,0.1,1.12027878655403,0.771973916890027,0.448111514621614,0.224195472669263,0.311404609011043,0.583390008066913,-1.19431107636724,1.39420604037424,6.0140735399295
194,-0.00386004757435627,0.755916930950823,0.105397286952642,-0.00392054260956942,-0.00392054260946939,-0.00377157085678692,0.0375207218404482,0.0224328201022001,0.0204484265512859,3.81698962034385,4.31278521078998,0.433108731091345,2.41483009154447,0.242513884989301,3.12305540550012,2.44316301816883,0.747508121188587,-0.0676157338573025,6.31512522015101,7.45528380453067,0.62069920431971,0.236948056823874,0.167243040456919,0.0126923220963666,0.898264001384576,2.55266929450298,0.601836880927666,0.257270024018653,0.538958400830745,0.224566000346144,0.181975475185543,0.414754221478387,0.0314277101663884,-0.000394625881903114,1.01624955478131,1.00112065218777,1.01511196733428,0.537254801140655,0.0566251984425065,0.406120000416838,1.04493822909067,1.04070103127586,0.782298967180046,0.239351540120665,-0.0216505073007114,-6.08164754776234e-05,0.963151065839432,0.0206662428360997,1.01581160342478,0.0392647036975634,0.67,0.1,1.015,0.5,0.6,0.25,0.4,0.005,0.975,0.8,0.1,1.12020754332934,0.771987929373204,0.448083017331735,0.224146183068189,0.311291849047867,0.583443456566217,-1.19409266046026,1.39134749396662,6.01586480759674
195,-0.00386205097141682,0.75602623078302,0.105397286952634,-0.00392054260954977,-0.0039205426094715,-0.00377651710469684,0.0375248540167598,0.0224356433553065,0.0204510973637412,3.81644523937104,4.31117125562997,0.4329360173256,2.41399579249092,0.242424217605449,3.12245515030596,2.44408370732917,0.745971210525508,-0.0675997675487123,6.31553874705526,7.45128531012434,0.620449337192186,0.236989669565526,0.167174379808854,0.012688869809849,0.898155824596714,2.55205620219944,0.601764402479798,0.257220928862818,0.538893494758028,0.224538956149178,0.181979869210479,0.414737074148882,0.0315054533484981,-0.000397694052724479,1.01626352444435,1.00111863877373,1.01512796294471,0.537223254392133,0.0566218735007957,0.406154872107072,1.04493603008422,1.04069874085978,0.782744215586139,0.238905340386536,-0.0216495559726749,-5.92855467869018e-05,0.963151065839432,0.0206662428360997,1.01583485432768,0.0392647036975634,0.67,0.1,1.015,0.5,0.6,0.25,0.4,0.005,0.975,0.8,0.1,1.12013841091204,0.772001343497604,0.448055364364816,0.224098374450127,0.311182322139072,0.583495818568072,-1.19388079851795,1.38856835482591,6.01761513939158
196,-0.00386398790879994,0.756131917381711,0.105397286952628,-0.00392054260953434,-0.00392054260947317,-0.00378129843302566,0.0375288654333998,0.0224383842052785,0.0204536902496573,3.81591566828082,4.30960613901813,0.432768524568321,2.41318768329104,0.242337345183169,3.12187438915986,2.44498122779717,0.744477455696832,-0.0675842943341366,6.31594299485727,7.44740524248209,0.620207099322551,0.237030174778887,0.167107740209491,0.0126855239051972,0.898051046504355,2.55146192172481,0.601694201157918,0.257173353782772,0.538830627902613,0.224512761626089,0.181984075999597,0.414720425424513,0.0315818395324393,-0.000400715906682809,1.01627707919643,1.00111669215166,1.01514347644348,0.53719275403879,0.0566186588462987,0.406188587114912,1.04493389525441,1.04069651723558,0.783177323305157,0.238471303740445,-0.0216486270456024,-5.77918913979834e-05,0.963151065839432,0.0206662428360997,1.01585752484219,0.0392647036975634,0.67,0.1,1.015,0.5,0.6,0.25,0.4,0.005,0.975,0.8,0.1,1.12007132753408,0.772014183561691,0.448028531013634,0.224052002708758,0.311075938670283,0.5835471066838,-1.19367529558773,1.38586652574818,6.01932527243921
197,-0.00386586059861285,0.756234110193159,0.105397286952623,-0.00392054260952224,-0.0039205426094745,-0.00378592038571202,0.0375327595400192,0.0224410450009287,0.020456207428954,3.81540052550615,4.30808838548935,0.432606095216461,2.41240493947535,0.242253180381528,3.12131249440078,2.44585609906631,0.743025694328557,-0.0675692989940875,6.31633812125506,7.44364013835337,0.619972257712302,0.237069599913766,0.167043063356465,0.0126822811084008,0.897949560236063,2.55088587619727,0.601626205358162,0.257127251922564,0.538769736141638,0.224487390059016,0.181988103231166,0.414704261061809,0.0316568820618697,-0.000403691484805895,1.01629023112659,1.00111481009839,1.01515852215462,0.537163265259268,0.0566155508089388,0.406221183931794,1.04493182276726,1.04069435849594,0.78359859945258,0.238049120573948,-0.0216477200265275,-5.63346393430203e-05,0.963151065839432,0.0206662428360997,1.01587962881375,0.0392647036975634,0.67,0.1,1.015,0.5,0.6,0.25,0.4,0.005,0.975,0.8,0.1,1.12000623324043,0.772026472922804,0.448002493296172,0.224007025052178,0.310972611419807,0.583597333893771,-1.19347596249862,1.38323996144809,6.0209959396824
198,-0.00386767117885052,0.756332924714969,0.105397286952619,-0.00392054260951291,-0.0039205426094755,-0.00379038831738432,0.0375365396899345,0.0224436280257644,0.0204586510599015,3.81489943862795,4.30661656476453,0.432448576491701,2.41164676292713,0.24217163863295,3.12076885878056,2.44670883158935,0.741614793973766,-0.0675547667825593,6.31672428375703,7.43998663573839,0.619744586589317,0.237107971818772,0.166980292605419,0.0126791382472258,0.897851262321307,2.55032750671758,0.601560345755276,0.257082577880321,0.538710757392784,0.224462815580327,0.181991958279054,0.414688567222813,0.0317305946702019,-0.000406620871392659,1.01630299197482,1.00111299046526,1.01517311397838,0.537134754398319,0.056612545841544,0.406252699760137,1.0449298108401,1.04069226278686,0.784008346118074,0.237638488312644,-0.0216468344307174,-5.49129393653449e-05,0.963151065839432,0.0206662428360997,1.0159011797806,0.0392647036975634,0.67,0.1,1.015,0.5,0.6,0.25,0.4,0.005,0.975,0.8,0.1,1.1199430698338,0.772038234031856,0.447977227933519,0.223963399962865,0.310872255496603,0.583646513509369,-1.19328261568809,1.38068666736059,6.0226278693876
199,-0.00386942171590999,0.756428472626631,0.105397286952616,-0.00392054260950547,-0.00392054260947627,-0.00379470740001642,0.0375402091427762,0.0224461354997668,0.0204610232407957,3.81441204417518,4.30518929030531,0.432295820286061,2.41091238100808,0.242092638051542,3.12024289477055,2.44753992682091,0.740243651361586,-0.0675406834119413,6.31710163952304,7.43644147083284,0.619523867173609,0.237145316751405,0.166919372922476,0.0126760922479477,0.897756052578775,2.54978627178121,0.601496555227779,0.257039287661702,0.538653631547265,0.224439013144694,0.181995648224452,0.414673330463164,0.0318029914420788,-0.000409504190805338,1.01631537314227,1.00111123117551,1.01518726540397,0.537107188927276,0.0566096405156809,0.406283170557043,1.04492785774017,1.04069022830614,0.784406858492621,0.237239111289135,-0.0216459697817564,-5.35259586439265e-05,0.963151065839432,0.0206662428360997,1.01592219097944,0.0392647036975634,0.67,0.1,1.015,0.5,0.6,0.25,0.4,0.005,0.975,0.8,0.1,1.11988178082126,0.772049488466836,0.447952712328504,0.223921087158935,0.31077478827988,0.58369465913703,-1.19309507703432,1.37820469847,6.02422178468568
200,-0.00387111420701745,0.756520861915732,0.105397286952613,-0.0039205426094997,-0.00392054260947694,-0.00379888262933803,0.0375437710670648,0.022448569581122,0.0204633260115882,3.81393798742879,4.30380521791922,0.432147683012911,2.41020104571511,0.242016099344678,3.11973403389399,2.44834987726601,0.738911191666414,-0.0675270350384365,6.31747034521574,7.43300147507372,0.619309887451351,0.237181660388085,0.166860250838156,0.0126731401321981,0.897663834008573,2.54926164671156,0.601434768785744,0.256997338634974,0.538598300405144,0.224415958502143,0.181999179867152,0.41465853772056,0.0318740867772846,-0.00041234160447388,1.01632738570124,1.00110953022195,1.01520098952201,0.537080537405895,0.0566068315176328,0.406312631076472,1.0449259617832,1.04068825330198,0.784794424994626,0.236850700616981,-0.0216451256116063,-5.2172882510269e-05,0.963151065839432,0.0206662428360997,1.01594267535121,0.0392647036975634,0.67,0.1,1.015,0.5,0.6,0.25,0.4,0.005,0.975,0.8,0.1,1.11982231136261,0.772060256965119,0.447928924545045,0.223880047556636,0.310680129360287,0.583741784644261,-1.19291317369357,1.37579215816563,6.02577840314594
