Time,n_B,psi_o_B,psi_y_B,n_y_B,n_m_B,n_o_B,mu_o_B,mu_m_B,mu_y_B,s_o_B,s_m_B,s_y_B,h_m_B,h_y_B,a_B,a_o_B,a_m_B,a_y_B,z_o_B,z_m_B,z_y_B,c_o_B,c_m_B,c_y_B,y_B,k_B,w_B,inv_B,b_B,gov_B,e_B,t_B,f_B,nx_B,tilde_R_B,g_B,q_B,tilde_s_m_B,tilde_s_y_B,tilde_s_o_B,Omega_m_B,Omega_y_B,eta_o_B,eta_m_B,eta_y_B,walras_B,gamma_B,phi_B,R_star,fy_target_B,alpha,delta,beta,sigma,b_y,g_y,repl,x,omega,nu,Lambda_B,w_indiv_B,t_indiv_B,e_indiv_B,c_y_indiv_B,c_m_indiv_B,c_o_indiv_B,a_y_indiv_B,a_m_indiv_B,a_o_indiv_B
0,0.00539697250294302,0.27911856236707,0.151984862514716,0.00539697250294302,0.00539697250294302,0.00539697250294302,0.0988840088093388,0.0500103089739442,0.0439340005729171,0.634565610417483,1.54222923700692,0.199220876483193,2.59548590671233,0.33527763890569,3.77300955933934,1.19469464527823,2.6920938111504,-0.113778897089294,1.94401404428393,6.83758810695643,0.440052902782552,0.19223190188045,0.341949893865457,0.0193332844829625,1.03575138538229,2.32697564516251,0.693953428206132,0.254303015638956,0.621450831229372,0.258937846345572,0.077478113292238,0.359782686427449,0.824583082947455,-0.0310045568311102,1.04841618356742,1.01042395736546,1.03760028246066,0.698761516892187,0.106201173075433,0.19503731003238,1.07274016379505,1.05914782510764,0.316642358437975,0.713513647079599,-0.0301560055175733,-3.01841884819964e-16,0.915829299941193,0.0312172306267986,1.04841618356742,0.796120666199359,0.67,0.1,1.015,0.5,0.6,0.25,0.4,0.005,0.975,0.8,0.1,0.993119127814252,0.514886234759492,0.397247651125701,0.182043982407146,0.489365664248819,0.985616043661267,-1.07135254531019,3.8526646732404,6.1254671994804
1,0.00555843257544442,0.279296859374682,0.15203639120686,0.0057378406013926,0.00539697250294302,0.00603920593285023,0.09816791852192,0.0497437372778054,0.0437201800903571,0.639225711131152,1.55405446175532,0.200994041399423,2.60484293359208,0.336828175779187,3.77394860019601,1.19545307551023,2.6923093342638,-0.113813809578014,1.94843770358976,6.85828285426757,0.443393658205725,0.191274073749424,0.341156620584708,0.0193852506051292,1.03558507730077,2.32783082393631,0.693842001791514,0.255490998417164,0.621351046380461,0.258896269325192,0.0775151568010449,0.359761505863176,0.82476672987924,-0.0306664201608626,1.0483952138879,1.01058622473832,1.03741292749103,0.698649318454459,0.106220121096948,0.195130560448592,1.0723648842493,1.05890648770359,0.316764535544596,0.713393217417922,-0.0301577529625183,4.82847800124379e-05,0.916471533371101,0.0312690374178771,1.04841618356742,0.795910947414648,0.67,0.1,1.015,0.5,0.6,0.25,0.4,0.005,0.975,0.8,0.1,0.993119127814252,0.51493860562125,0.397247651125701,0.182500739077826,0.488308814698924,0.980236377683218,-1.07149011319743,3.85359187098282,6.12642669995903
2,0.00562443379435312,0.279581195997004,0.152061204886367,0.00557136957357729,0.00540727824137188,0.00643082755801538,0.0976425379091951,0.0495395904630208,0.0435533252061641,0.643201303473488,1.56392563763471,0.202470376975828,2.61238097250644,0.338053981386445,3.77529778732417,1.1965950509975,2.69256626253315,-0.113863526206479,1.9528910185658,6.87525435995232,0.446089513826051,0.190685235318744,0.34059728534395,0.0194286816702571,1.03553837293412,2.32975693984173,0.693810709865857,0.256791577827939,0.621323023760469,0.258884593233529,0.0775905712239308,0.35959491179992,0.824217823721974,-0.031200317139135,1.04821217825464,1.01065255596332,1.03716373353998,0.698498451417034,0.106214516133736,0.19528703244923,1.07212103515608,1.05875704537952,0.316953818852537,0.713206325491184,-0.0301601443437204,0.000351316678830362,0.916920333039844,0.0312543291654183,1.04832649848546,0.795281998027634,0.67,0.1,1.015,0.5,0.6,0.25,0.4,0.005,0.975,0.8,0.1,0.993288830430952,0.514811322874681,0.397315532172381,0.18291926920605,0.487613515324172,0.976435726055276,-1.07201473349568,3.85479202863053,6.12736563196323
3,0.0056194875059736,0.279902165604074,0.152035341013871,0.00524123184956138,0.00541224097727344,0.00656649160839606,0.0973509286318823,0.0494182754164769,0.0434514205066174,0.645989504710059,1.57051898939107,0.203412147444817,2.61724672600825,0.3387773593492,3.77669410577826,1.19783681652418,2.69276951995576,-0.113912230701679,1.95661428966617,6.8864358291436,0.447731861478605,0.19047821806569,0.340315782432391,0.0194545853862672,1.03567970095948,2.33230215271247,0.69390539964285,0.257611353372389,0.621407820575687,0.25891992523987,0.0776902496337577,0.359490210998985,0.822984132490106,-0.0316977556630571,1.04800231358297,1.0106475849435,1.03696118132173,0.698354498976616,0.106174564400481,0.195470936622903,1.07201637315264,1.05870046466494,0.317165431717884,0.712996457890004,-0.0301618896078877,0.000597592125928236,0.917147030078273,0.0312092290074065,1.04817189634775,0.79423443873543,0.67,0.1,1.015,0.5,0.6,0.25,0.4,0.005,0.975,0.8,0.1,0.993629167793312,0.514767516391446,0.397451667117325,0.18323207159943,0.487310932958973,0.97445800054233,-1.07287683584943,3.85587767230225,6.12795353221751
4,0.00556585688673825,0.280196458170541,0.1519672010968,0.00495646011524831,0.00540706820277426,0.00646416551321005,0.0973071539419836,0.0493884253435944,0.0434226316681759,0.647270980095437,1.57309137223575,0.203712992324454,2.61908677510329,0.338952952988446,3.77769232296569,1.19888848994357,2.69274882933065,-0.113944996308523,1.95899012380235,6.89063515802929,0.448182199578086,0.190623753541153,0.340317620070646,0.0194612505737095,1.0359615616137,2.33507783345728,0.69409424628118,0.258009703936347,0.621576936968221,0.258990390403425,0.077793099777815,0.359484807570136,0.821037552540192,-0.0322358738436491,1.04778780445262,1.01059368617117,1.03680422586288,0.698244221970815,0.106110220094917,0.195645557934267,1.07204634647115,1.05873076561883,0.317360014381298,0.712802578695873,-0.0301625930771708,0.00079471693206941,0.917147243130541,0.0311606253066177,1.04797389113999,0.792769303352583,0.67,0.1,1.015,0.5,0.6,0.25,0.4,0.005,0.975,0.8,0.1,0.994056555630461,0.514841077460661,0.397622622252184,0.183405995730677,0.487390528073528,0.974332131809497,-1.07383620735682,3.85645701690202,6.12785949551879
5,0.00548558855403755,0.280413000397697,0.151881922403806,0.00482924848649113,0.00539344021935984,0.00617043124963512,0.0974888534986117,0.049444010271005,0.0434629637388296,0.647000340036328,1.57167246631212,0.203405779085202,2.61809536268477,0.338652366582363,3.77790493613273,1.19949843043286,2.69235908222444,-0.11395257652457,1.95966301864527,6.88789639849721,0.447557755648041,0.19104530093061,0.340565220273856,0.0194521865050462,1.03633192006711,2.33773985129568,0.694342386444967,0.258033785363779,0.621799152040269,0.259082980016779,0.0778810527545322,0.35954665344699,0.818365932796784,-0.0327944016788526,1.04758740261311,1.01051301649681,1.03668867744508,0.698180230956936,0.106040955662073,0.195778813380991,1.07219021854056,1.05883243411136,0.31750360337569,0.712659298669485,-0.0301629020451743,0.000946848655897222,0.91694731914026,0.0311273275952529,1.04775213253906,0.790888037790828,0.67,0.1,1.015,0.5,0.6,0.25,0.4,0.005,0.975,0.8,0.1,0.994503074791006,0.514976846242396,0.397801229916402,0.183440316843576,0.48778983588102,0.975822141483871,-1.07460910563377,3.85625224382858,6.12680406892957
6,0.00538072351364023,0.280501997731102,0.151799106610826,0.00482818861118917,0.00537638448076128,0.00569547031900708,0.0979062627927284,0.0495896439439828,0.0435763959348164,0.644980087750757,1.56599697242909,0.202479766337966,2.61406555706891,0.337881875365753,3.77698858296152,1.1994262880687,2.6914924041886,-0.113930109295778,1.95818768935572,6.87763680523846,0.445860527277063,0.191718838511538,0.341059560350427,0.019428994869122,1.03675432869565,2.33997064604544,0.694625400226084,0.257676520713293,0.622052597217388,0.259188582173912,0.077937524975273,0.359647711427521,0.814965339698692,-0.0333754242488738,1.04741649663927,1.01040762713121,1.03662766245455,0.698177217743228,0.105982677909454,0.195840104347318,1.07244935640127,1.05900572229903,0.317561533937272,0.71260273762282,-0.0301642715600919,0.00105725632622844,0.916541258622175,0.0311096990487568,1.0475247386974,0.788592498632146,0.67,0.1,1.015,0.5,0.6,0.25,0.4,0.005,0.975,0.8,0.1,0.994912727847773,0.515123814251685,0.397965091139109,0.183322362223392,0.488499984936289,0.978955965891078,-1.07498802203426,3.85502754284724,6.12451822401783
7,0.00524950192082759,0.280417324484657,0.151726611650411,0.00487968990323417,0.00535982132216506,0.00505634013270773,0.0985594205498751,0.0498251934126473,0.0437627605712712,0.641126948001964,1.5561614006008,0.200963691894728,2.60697787778139,0.336655464822011,3.77467191740222,1.19845996522048,2.69008811944032,-0.113876167258572,1.95424894254934,6.85986615152752,0.443135836999804,0.192609643390872,0.341794157817354,0.0193928475416366,1.03720163061748,2.3415085583579,0.694925092513712,0.256955323631447,0.622320978370488,0.25930040765437,0.0779476140639791,0.359769688401368,0.810842380673834,-0.0339807221136944,1.04728907074793,1.01027574943043,1.03663685022467,0.698253838017639,0.105943688914311,0.195802473068049,1.07282239809209,1.05924987927854,0.317500432208479,0.712668061835606,-0.0301684940440851,0.00112997269549436,0.91593041517596,0.031100553890014,1.04730794659034,0.785884951296544,0.67,0.1,1.015,0.5,0.6,0.25,0.4,0.005,0.975,0.8,0.1,0.995232757311613,0.515241977649222,0.398093102924645,0.183048634046732,0.489498430524516,0.983693619252359,-1.07487447742806,3.85259338792544,6.1207601029838
8,0.00508190517737921,0.280124011662152,0.151644679002988,0.00480243401973968,0.00534532233008211,0.00429374438415264,0.0994166503986198,0.0501369154417493,0.0440102753051301,0.635635754872043,1.54311973521502,0.198979881404987,2.59730667270734,0.335011304300623,3.77085044535073,1.19646379220869,2.68817883659427,-0.113792183452229,1.94784704807248,6.83600687000896,0.439543429600197,0.193648428999711,0.342736298424595,0.0193444273468156,1.03766579231306,2.34221308929069,0.69523608084975,0.255941985372217,0.622599475387836,0.259416448078265,0.0779009280079617,0.359901407917484,0.8060378806722,-0.0345928374739907,1.0472161515017,1.01010731470327,1.03673751913116,0.698436840056505,0.10591423041423,0.195648929529265,1.07329762816686,1.05955957121088,0.31729282546417,0.712883970221131,-0.0301767956853011,0.00117104156544726,0.91514090746174,0.0310739793715719,1.0471152585636,0.782768067806355,0.67,0.1,1.015,0.5,0.6,0.25,0.4,0.005,0.975,0.8,0.1,0.99541725318141,0.515295567582557,0.398166901272564,0.182642382153556,0.490719101238799,0.98977504996134,-1.07438049643743,3.84885029314431,6.1153607897953
9,0.00487867254146191,0.279610396616275,0.151517038421945,0.00448274211712363,0.00532893580059746,0.00348563766839294,0.100400375060571,0.0504939231823174,0.0442933858341569,0.629039550937821,1.52858958106065,0.196738301841011,2.5861806518263,0.3330519803249,3.76563184020922,1.19342078495516,2.68589215596287,-0.11368110070881,1.93938051657299,6.80894944801093,0.435394267709373,0.194714531125631,0.343810570179811,0.0192850862522724,1.03814962014545,2.34210343150133,0.695560245497449,0.254782527614052,0.622889772087268,0.259537405036362,0.0777943504456223,0.360036734478745,0.800638636620627,-0.0351696888083521,1.04720312853662,1.00990306590417,1.03693429982714,0.698749793706032,0.105872499340283,0.195377706953684,1.0738399345187,1.05991447499727,0.316924446044053,0.713264671086362,-0.0301891171304156,0.00118918874567181,0.91423945041133,0.031008719790002,1.04695631725191,0.779244924149278,0.67,0.1,1.015,0.5,0.6,0.25,0.4,0.005,0.975,0.8,0.1,0.99543535005332,0.515258448334104,0.398174140021328,0.182153877281091,0.492036739440461,0.996605672989033,-1.07375476556409,3.84385395195242,6.10827511266714
10,0.00466379151613906,0.278904964686779,0.151311927087309,0.00394251041625271,0.00530340768438897,0.00276711743483427,0.101362696163677,0.0508403429459498,0.0445669115455658,0.62232365572574,1.51519187967727,0.194580409445119,2.57561381867819,0.331021622928692,3.75937199031989,1.1894867876953,2.68343365299786,-0.113548450373265,1.92978299215241,6.78338196869937,0.431274138281638,0.195608006706324,0.344869465034463,0.019220556281092,1.03864965260837,2.34139890195563,0.695895267247609,0.253729299674364,0.623189791565023,0.259662413152093,0.0776354579749564,0.360168419559195,0.794783296799237,-0.0356378996456495,1.04724596086644,1.00968711047372,1.03719850437142,0.699194650651599,0.105796489999231,0.195008859349169,1.07437551063522,1.06026865071107,0.31640571637993,0.713798384366697,-0.0302041007466268,0.00119781140568534,0.913356994268674,0.0309007651866073,1.0468349187703,0.775318997242749,0.67,0.1,1.015,0.5,0.6,0.25,0.4,0.005,0.975,0.8,0.1,0.995281166123174,0.515118957537138,0.39811246644927,0.181674801132171,0.493238134349382,1.00307241096202,-1.07327237769504,3.83789213847259,6.09965512164494
11,0.00446482703941593,0.278083460868111,0.150998720723835,0.00318155423558464,0.00526238541746182,0.00230142382500209,0.102108501006766,0.0511029078482211,0.0447716821302707,0.616783255888394,1.50618695639251,0.192940425792432,2.56815215789655,0.32925055967478,3.75271224016289,1.18502406326293,2.68109183462351,-0.113403657723547,1.92045696814218,6.7651965784325,0.427947245725184,0.196094981691622,0.345721216728296,0.0191599179815176,1.03916687858987,2.34055171670399,0.696241808655216,0.253096706198789,0.623500127153925,0.259791719647469,0.0774453327007662,0.360286221446847,0.788660396304971,-0.0359143771815129,1.04732653840307,1.00948715117461,1.03748377300734,0.699749820465913,0.105661327717086,0.194588851817,1.07480966157582,1.06056399105315,0.315778025997368,0.714441092983041,-0.0302191189804086,0.00121671352369406,0.912665156402958,0.0307437925199809,1.04674627151414,0.770994161502642,0.67,0.1,1.015,0.5,0.6,0.25,0.4,0.005,0.975,0.8,0.1,0.994986762828519,0.514878619342779,0.397994705131408,0.181333307043228,0.494064030624695,1.00774006249874,-1.07327496420631,3.83150056807212,6.08988671343502
12,0.00430486952382943,0.277257401000013,0.150552546508121,0.00222955866683305,0.00519974414476709,0.00221375150260106,0.102466954355097,0.0512177080000833,0.0448561511361076,0.613593971498489,1.50430824381797,0.192177460339818,2.56599331195789,0.328024115129194,3.74647556187629,1.18054345146942,2.67918950134432,-0.113257390937454,1.91288914542099,6.75946638086789,0.426055389498277,0.196007924365911,0.346204375208389,0.0191112049667185,1.03971763813249,2.34018347566587,0.69661081754877,0.253151413664841,0.623830582879495,0.259929409533123,0.0772562019128265,0.360381766088087,0.782461503330918,-0.0359575169874987,1.04741143630897,1.00932639387145,1.03773312841988,0.700373324716806,0.105442987542474,0.19418368774072,1.07506158631059,1.06075116776813,0.315107741136543,0.715122641806133,-0.0302303829426754,0.00127082738100852,0.912312683952751,0.0305364046512376,1.04667479492555,0.766274685019687,0.67,0.1,1.015,0.5,0.6,0.25,0.4,0.005,0.975,0.8,0.1,0.994627854837907,0.51455667052112,0.397851141935163,0.181246808461494,0.494314050793376,1.00939438655438,-1.07411022370579,3.82537342127878,6.0795191666445
13,0.00419900513639078,0.276566987423434,0.149948122649143,0.00107528846463389,0.00511050930162416,0.00260762952607685,0.102274794844124,0.0511226313890009,0.0447698912668363,0.613972277046522,1.51235687250817,0.192653722160839,2.57127546043628,0.327616343275855,3.74162838157185,1.17668103742109,2.67806850281135,-0.113121158660589,1.90876221830432,6.77130503502038,0.426231232764912,0.195218264237342,0.346166931365567,0.0190823259888065,1.04033202484758,2.34106139660796,0.697022456647879,0.254137705280943,0.624199214908548,0.260083006211895,0.0771093604006341,0.36045972454689,0.776367770055343,-0.0357400070349026,1.04745780774855,1.00922000016207,1.03788847583316,0.701009048512022,0.105114990784439,0.193875960703538,1.07505777542098,1.0607860257325,0.314483673264722,0.715749462452437,-0.030233135717159,0.00138379879792918,0.912438711005489,0.0302723967182055,1.04659469716395,0.761165225347386,0.67,0.1,1.015,0.5,0.6,0.25,0.4,0.005,0.975,0.8,0.1,0.994313066468107,0.514201243638737,0.397725226587243,0.181537626996884,0.493812358200439,1.00692351712369,-1.07616580486191,3.82030518506984,6.06924671398733
14,0.00415671724098151,0.276169753333195,0.149163100919193,-0.000271786414778319,0.00498962452982843,0.003546154566477,0.101400138552171,0.0507658778970803,0.0444704620530454,0.619106745836212,1.53300967624948,0.194704833237829,2.58588890721047,0.328260674441654,3.73920828876791,1.17414998776089,2.67806406800885,-0.113005767001827,1.90986534358306,6.80547870536253,0.429039317246275,0.193660610419384,0.345486101420931,0.0190795765686188,1.04105341310467,2.3440224585559,0.697505786780127,0.256227937552242,0.6246320478628,0.260263353276167,0.0770520004334174,0.360535739252919,0.770553782349212,-0.0352334359543867,1.04741897143431,1.00917750082719,1.03789370113362,0.701590507099142,0.104651415614377,0.193758077286481,1.07474090464031,1.06063366641486,0.314010319054815,0.716211524243654,-0.0302218432984691,0.00156926982171053,0.913152141047705,0.0299488706671709,1.04647437768142,0.75567082490556,0.67,0.1,1.015,0.5,0.6,0.25,0.4,0.005,0.975,0.8,0.1,0.994177913928876,0.513883434289359,0.39767116557155,0.182315513427203,0.492432691042825,0.999496966173169,-1.07983027595378,3.81713270192582,6.05987633756732
15,0.00416482696632055,0.27620068884742,0.148184915491245,-0.00175689572548621,0.00483262018383868,0.00494517781710813,0.0998673521012547,0.0501522268019049,0.0439606077975787,0.629441723703483,1.56690331053714,0.198370769173049,2.60996195155224,0.329929022287619,3.74006482359497,1.17355985845121,2.67941974864035,-0.112914783496591,1.91735591780088,6.86301157736313,0.434485243145038,0.191481258948199,0.344195318160666,0.0191002351809604,1.04194898444032,2.34975536883638,0.698105819575013,0.259337009837282,0.625169390664191,0.260487246110079,0.0771269233020045,0.36063706804775,0.765140064094396,-0.034477922076091,1.04725071304619,1.00918565110115,1.03771859211782,0.702057081280525,0.104034269259584,0.19390864945989,1.07413034822457,1.06030532903166,0.313780619815653,0.716409975461196,-0.0301905952768491,0.00182583827922195,0.914421144325874,0.0295705561694335,1.04628310963694,0.749796906004101,0.67,0.1,1.015,0.5,0.6,0.25,0.4,0.005,0.975,0.8,0.1,0.994371879707694,0.513686248118119,0.397748751883078,0.183595610531966,0.49026685626882,0.98748178320847,-1.08536143234541,3.81652691794405,6.05212744103999
16,0.00418438004034307,0.276728956637662,0.147014941999335,-0.00329498916303161,0.00463698309824889,0.00655847489926753,0.097893174411213,0.0493583817572629,0.0433010659100846,0.644281273924459,1.61162848816093,0.203263502451219,2.64120623264241,0.332247553961631,3.74457020094301,1.17521937234895,2.68218931623929,-0.11283848764523,1.93119150437441,6.93948065836078,0.441803114391767,0.189050468655447,0.34252154608076,0.0191305456241466,1.04309742923226,2.35858164122868,0.698875277585617,0.263091429389368,0.625858457539359,0.260774357308066,0.0773596105544496,0.360810352823009,0.760130102174977,-0.0336067607744282,1.046923939844,1.00920530194054,1.03737459348552,0.702373510402634,0.103259400893713,0.194367088703653,1.07333836897038,1.05986910197891,0.313846265201914,0.716287630431399,-0.0301338956333125,0.00213584294890457,0.916044580439683,0.0291487154075805,1.04599829931959,0.743549265491796,0.67,0.1,1.015,0.5,0.6,0.25,0.4,0.005,0.975,0.8,0.1,0.99501941237076,0.513701538396821,0.398007764948304,0.185266866344093,0.487662961384194,0.972646500579572,-1.09276721217254,3.81875067398503,6.04639077627376
17,0.00416429612330541,0.277749669712286,0.145655881989933,-0.00488208096991594,0.00440298839986708,0.00810772271791094,0.095760867153937,0.0484880984658092,0.0425748314591003,0.662273860477941,1.66322792477831,0.20877901099654,2.67619853835909,0.334679100932923,3.75259392513496,1.17910874278686,2.68624041359714,-0.112755231249035,1.95040069480384,7.02768581043626,0.449855398491782,0.186772061291633,0.340759121829819,0.0191525178113543,1.04456200833196,2.3704391946941,0.69985654558241,0.267035725818415,0.626737204999173,0.261140502082989,0.0777539697525985,0.361116357454321,0.755417525441687,-0.0327692185678357,1.04643445861588,1.00918511760392,1.03691031542399,0.702540466281111,0.102329151249794,0.195130382469094,1.07250925605545,1.05941460703938,0.314211653723184,0.715835623884287,-0.0300472776074711,0.00247129806558107,0.917766616735518,0.0286852495492388,1.04561006942021,0.736934069035544,0.67,0.1,1.015,0.5,0.6,0.25,0.4,0.005,0.975,0.8,0.1,0.996179692377141,0.514015028010963,0.398471876950856,0.187165803462998,0.485038425805737,0.957165454852809,-1.10188768177887,3.82360951792103,6.04267120202881
18,0.00407014209244907,0.279214335524267,0.14410469703445,-0.00656247464363768,0.00413117639798655,0.0094262919829573,0.0936632721985558,0.0476142374839136,0.0418407363338877,0.682297358806352,1.71862734320517,0.21443715109132,2.71234600332044,0.336805682573693,3.76372399960469,1.18501941171113,2.69134318093791,-0.112638593044344,1.97389958642654,7.12196517554023,0.4577571387919,0.184881879265012,0.339106907738278,0.0191528981712308,1.04636706283514,2.38504587581334,0.701065932099545,0.270869505665558,0.627820237701085,0.261591765708786,0.0782990633559502,0.361607672437984,0.750857886090266,-0.0320407364168127,1.04579987913104,1.00909049280291,1.03637868614357,0.702583171534135,0.101245535075429,0.196171293390436,1.07173975401805,1.05900313098644,0.314852899198302,0.715074532590807,-0.0299274317891088,0.00280484270309106,0.919417184048115,0.028175313365731,1.04512086930195,0.729957845035586,0.67,0.1,1.015,0.5,0.6,0.25,0.4,0.005,0.975,0.8,0.1,0.997840484235801,0.514683082500241,0.39913619369432,0.189172768527142,0.482657315856024,0.942451242838295,-1.11252899162839,3.83063997257604,6.04073812855283
19,0.00390231139502958,0.281067174549944,0.142367235457967,-0.00828206866835446,0.00382093940688999,0.0104821969953752,0.0916649452742438,0.046763960410388,0.0411215793255543,0.703845452543397,1.77646417586472,0.220011275761519,2.74858214279983,0.338454007487162,3.77747958937028,1.19270146972274,2.69724233073851,-0.11246421109097,2.00098873842977,7.21972934137731,0.465127874738278,0.183420477181022,0.337623054223484,0.019126802580567,1.04849133238494,2.40205115848092,0.702489192697911,0.274491580126838,0.629094799430965,0.262122833096236,0.0789786610173893,0.362306830448677,0.746333631458387,-0.0314096713912479,1.04504754552905,1.008921822952,1.03580626541643,0.702526223174865,0.100016716230132,0.197457060595003,1.07105587349657,1.05865027576083,0.315740018063337,0.714032270164117,-0.0297722882274536,0.00311625656804328,0.920945246992222,0.0276274544106182,1.04454207969317,0.722627478182759,0.67,0.1,1.015,0.5,0.6,0.25,0.4,0.005,0.975,0.8,0.1,0.999947289544885,0.515720009441549,0.399978915817954,0.191236058346062,0.480584272993675,0.928913236266742,-1.12445414456716,3.83934754570313,6.04030803521909
20,0.00367745148563175,0.283257018666683,0.140466773063393,-0.00992193523788587,0.00347344709159336,0.0112916863717094,0.0897820643488128,0.0459471946108622,0.0404266207515223,0.726647412870204,1.83593426287057,0.225379931452275,2.78443228666121,0.339576290694444,3.79337795506903,1.20190845314489,2.70368210924454,-0.112212607320402,2.03113984003056,7.31946926776193,0.471817630452651,0.182359833905831,0.336308941677446,0.0190740156263335,1.05088700147678,2.42107660547936,0.704094290989445,0.277867563071975,0.630532200886071,0.262721750369196,0.079775859890361,0.363205958297609,0.741769148703596,-0.0308373396525846,1.04420451784802,1.00869583874306,1.03520256329124,0.70238342985392,0.0986615338447784,0.198955036301301,1.07045550284698,1.05835270073723,0.31684384625435,0.712737336571159,-0.0295811828255083,0.00339223647858792,0.922344978026877,0.0270608886013825,1.04389067529042,0.714950202664142,0.67,0.1,1.015,0.5,0.6,0.25,0.4,0.005,0.975,0.8,0.1,1.00243579370299,0.517104964126428,0.400974317481197,0.193327783210244,0.478811041637743,0.916588176384043,-1.13734910605528,3.84929654420641,6.04110594780169
21,0.00340759178920511,0.285729849801815,0.138439949214034,-0.0113804849290429,0.00309335461267857,0.011850350257149,0.08805208190054,0.0451818916921324,0.0397715254022404,0.750170422841003,1.89543167430451,0.230342401809799,2.81906700312834,0.340116690253854,3.81090108093506,1.21236821097718,2.71040130920583,-0.111868439247954,2.06356776020393,7.41852097906073,0.477584934157268,0.181701437420924,0.335182811378083,0.0189942813415689,1.05349891221002,2.44170305424744,0.705844271180713,0.280937756918659,0.632099347326011,0.263374728052505,0.0806723110351746,0.364282452224687,0.737098679361609,-0.0303193831234329,1.04329396399952,1.00842462974815,1.034578027175,0.702163464420489,0.0972074743543225,0.200629061225188,1.06994901112746,1.05811563931167,0.318131640058036,0.711223212474489,-0.0293548525325257,0.00362728022171227,0.92359128392341,0.0264947746187994,1.04318559899032,0.706933595023783,0.67,0.1,1.015,0.5,0.6,0.25,0.4,0.005,0.975,0.8,0.1,1.00524209382392,0.518800066769832,0.40209683752957,0.195399391535825,0.477357237113892,0.905658613519506,-1.15082137449834,3.86007168778396,6.04283449054475
22,0.00308947799684828,0.288417572762292,0.136322480718994,-0.0126483364192349,0.00268798984280672,0.0121197924156382,0.0865523960991359,0.0445018507436802,0.0391848947953323,0.773464054210952,1.95239204889349,0.234592208221522,2.85091594220972,0.339915999263219,3.82943545976015,1.22373806220357,2.71711725064572,-0.111419853089137,2.09706174687712,7.51255228090171,0.48197447343286,0.181505718946693,0.334322480286508,0.0188861190372561,1.05627954974502,2.46344007312261,0.707707298329167,0.283574968327635,0.633767729847015,0.264069887436256,0.0816460884841031,0.365511857195441,0.732227656790532,-0.0299007596915038,1.04233725001139,1.00810492538683,1.03395710482361,0.701882422380522,0.0956823529919695,0.202435224627508,1.06956753167272,1.05795786334019,0.319560957499369,0.709534676637362,-0.0290956341367312,0.00382113540218014,0.924624558657806,0.0259369547912859,1.0424453591582,0.698585566685565,0.67,0.1,1.015,0.5,0.6,0.25,0.4,0.005,0.975,0.8,0.1,1.00829893407059,0.520759382968678,0.403319573628238,0.197383513748258,0.476322628443396,0.89661134459516,-1.16447651635917,3.87118577699991,6.04508461635231
23,0.00271818047439548,0.291248595479452,0.134136379816311,-0.0138080643626651,0.00226449614379876,0.0121024319186893,0.0853136807283117,0.0439212001191629,0.0386787067346055,0.79581490470921,2.00512625889602,0.237944724582632,2.87911345921138,0.33891507446654,3.84839795116904,1.23567159924082,2.72358593614763,-0.1108595842194,2.13058010600196,7.59879740124253,0.484749706572528,0.181767630911762,0.33374830129648,0.018749491742755,1.05918169941719,2.48583228892858,0.709651738609515,0.285746781272768,0.635509019650312,0.264795424854297,0.0826740288598289,0.366875184300545,0.727056642590151,-0.029603361350341,1.04135690454947,1.00773177137677,1.03336714602812,0.701564852535718,0.0941053695255052,0.204329777938776,1.06932546837184,1.05789000072973,0.321087271877567,0.707719412260574,-0.0288066841381408,0.00397743068946664,0.925422553988351,0.0253821465559528,1.04168631429869,0.68991435614559,0.67,0.1,1.015,0.5,0.6,0.25,0.4,0.005,0.975,0.8,0.1,1.01152692590652,0.522938375510861,0.404610770362608,0.199239340297934,0.475719814198486,0.8895797408747,-1.17803675580227,3.88215847231167,6.04743768483447
24,0.00229908343685973,0.294162549978369,0.131893705986461,-0.0149226304894821,0.00182727596326204,0.0118506001723473,0.0843085155329283,0.0434310225551812,0.0382461054427602,0.81703535281072,2.05353490555872,0.240422973345018,2.90376917805835,0.337170617852872,3.8673280114822,1.24788064678784,2.72963337388151,-0.110186009187156,2.16358893518969,7.67705999874986,0.485994997950242,0.182408971329303,0.333422565932421,0.0185874159395079,1.06216068146139,2.50852255155954,0.711647656579133,0.287510376167814,0.637296408876835,0.265540170365348,0.0837360357381793,0.368347631897991,0.721509051045818,-0.0294112025217388,1.04037274537461,1.00731057885404,1.03282221711419,0.701234608254236,0.0924884312486151,0.206276960497149,1.06920691544794,1.05790256938789,0.322672564386077,0.705818944184606,-0.0284915085706828,0.00410238424873758,0.926013276360209,0.0248256083320665,1.04092162205299,0.680928520841771,0.67,0.1,1.015,0.5,0.6,0.25,0.4,0.005,0.975,0.8,0.1,1.01484959270738,0.52528444483796,0.405939837082953,0.200970172037449,0.475479336027775,0.884291541283516,-1.19134909847231,3.89261074931411,6.0495396275974
25,0.00185600513061357,0.297121938095355,0.129613986000881,-0.0159296141360302,0.00137874119729209,0.0114529955424485,0.0834631487054798,0.0430043830353047,0.0378657306086119,0.837459962488893,2.09879468020234,0.24222608081125,2.92585804887818,0.334871155725647,3.88591544452133,1.26017170176687,2.73514735569326,-0.109403612938799,2.19610801415396,7.74929102320098,0.486100161360728,0.183294089738136,0.333253479383581,0.0184065377626304,1.065165722562,2.53127152601835,0.713661034116538,0.288995096701196,0.639099433537198,0.266291430640499,0.0848177398399365,0.369898493160154,0.715544484965783,-0.0292779957199916,1.03939915697448,1.00686528515627,1.03231204044657,0.700900554272823,0.0908465146295271,0.20825293109765,1.06916816229815,1.05796617058976,0.324292105620261,0.703861778451182,-0.0281538840714426,0.0042030840559467,0.92646597050531,0.0242777253539568,1.04016097519144,0.671636928708682,0.67,0.1,1.015,0.5,0.6,0.25,0.4,0.005,0.975,0.8,0.1,1.01820583500173,0.527747468460657,0.407282334000694,0.202611380719364,0.475464710866619,0.880151308181056,-1.20426868752146,3.9023329900644,6.0511594968907
26,0.00141990307492905,0.300106742315011,0.127337766710625,-0.0166549337942885,0.000922797200176184,0.0109777887897715,0.0827195066441015,0.0426208589197659,0.0375217635061558,0.857378993413356,2.14164278802494,0.243527388956524,2.94619438969892,0.332227548307894,3.90391718347523,1.27240839669462,2.74003081494721,-0.108522028166606,2.22819327524407,7.81686440451217,0.485447765347631,0.184315048416327,0.333161474952119,0.0182148562498195,1.06814187822334,2.55389535855013,0.715655058409639,0.290299123996496,0.640885126934005,0.267035469555835,0.0859091632802303,0.371489995298621,0.709136697991091,-0.0291707157621271,1.03844349726123,1.0064270025903,1.03181203861633,0.700552626513372,0.0892068069234752,0.210240566563153,1.06916976451151,1.05805240274462,0.325931195999722,0.701867044348164,-0.027798240347886,0.00428662081487223,0.926837249857312,0.0237640848445176,1.03941073650594,0.662048749425969,0.67,0.1,1.015,0.5,0.6,0.25,0.4,0.005,0.975,0.8,0.1,1.02155788348326,0.530281353946976,0.408623153393304,0.204186842663754,0.475569518039284,0.876686414184303,-1.21652183178914,3.91124194135744,6.05215452704942
27,0.00102088787574269,0.303104442994154,0.125129551246698,-0.0168819571724365,0.000467553342125004,0.0104610051419036,0.0820504082917766,0.0422723643195909,0.0372085585667464,0.876826014174882,2.18188437577785,0.244430284573863,2.96511139199555,0.329446715439759,3.9210648041689,1.28446337545956,2.74415755774933,-0.107556129039986,2.25969677930165,7.87974344283476,0.484342559467364,0.185409043340137,0.333095385537518,0.0180216884937281,1.07102697963181,2.57621054137676,0.717588076353309,0.291472532366011,0.642616187779083,0.267756744907951,0.0870016536729264,0.373082808127818,0.702238075013053,-0.0290899166323199,1.03750795944861,1.00602599231512,1.03129339338543,0.70016538188585,0.0876113800338497,0.2122232380803,1.06918644906293,1.0581412336346,0.32758024659357,0.699850090421988,-0.0274303370155572,0.00436150161877949,0.927157311905454,0.0233178426180825,1.03867351674201,0.65217344536899,0.67,0.1,1.015,0.5,0.6,0.25,0.4,0.005,0.975,0.8,0.1,1.0248836845097,0.532849549234987,0.409953473803879,0.205700315264584,0.475738152949446,0.873650996079812,-1.22765020934987,3.91929910953055,6.05241625317936
28,0.000678187095440883,0.306105602275778,0.123059971792866,-0.0165140122272565,2.59102493396224e-05,0.00992756993061161,0.0814360912660493,0.0419527466034232,0.0369216837322567,0.895806228336123,2.21934659094175,0.245069940700104,2.98281027728455,0.32674477157757,3.9370756375528,1.29621714391604,2.74738593367845,-0.106527440041685,2.29046251863285,7.93777606374357,0.483125063018473,0.186526314695116,0.333011507779821,0.0178377907824839,1.07375840695554,2.59804276557553,0.71941813266021,0.292552103432959,0.644255044173322,0.268439601738884,0.0880871683144276,0.374639886719218,0.69477782780395,-0.0290448070182852,1.03659302379608,1.00568157803092,1.03073681216841,0.69970898973807,0.0861061685403819,0.214184841721548,1.06920046608341,1.05821876385864,0.329233487808062,0.697824016250079,-0.027057504058141,0.00443589554455827,0.927447749598574,0.0229595193100606,1.03794847350279,0.642020762270589,0.67,0.1,1.015,0.5,0.6,0.25,0.4,0.005,0.975,0.8,0.1,1.02816762855872,0.535422428772084,0.411267051423489,0.207160428629668,0.475928582687613,0.870866085554321,-1.237163862328,3.92646939509368,6.05186218360491
29,0.000404138562173488,0.309111072481359,0.121187046246486,-0.0156017165941111,-0.000388005641426714,0.00942659443073723,0.0808244568187795,0.0416417366677557,0.0366447016949825,0.914767109137144,2.25527952663212,0.245744416216529,3.00005088600508,0.324387042298751,3.95175205372737,1.30761040864305,2.7496066149965,-0.105464969912176,2.32079356231891,7.99279387617061,0.482341758458607,0.187576879052573,0.332833817819253,0.0176752698555029,1.07627875750686,2.61928873940623,0.721106767529594,0.293623168836587,0.645767254504114,0.269069689376714,0.0891608345138554,0.376129798247252,0.686696059817027,-0.0290155104350231,1.03569917200138,1.00540615925498,1.030130124495,0.699154943229201,0.0847285224385767,0.216116534332222,1.0691820048276,1.05826483734976,0.330893839204675,0.695794315435916,-0.0266881546405914,0.00451544300124857,0.927755433190516,0.0226920475545817,1.03723245197425,0.631600719603236,0.67,0.1,1.015,0.5,0.6,0.25,0.4,0.005,0.975,0.8,0.1,1.0313976529995,0.537977742830529,0.412559061199799,0.208610623043928,0.476051583475885,0.867943212360716,-1.24473986889871,3.93275716867114,6.05048758848291
30,0.000203717915971072,0.312136654718069,0.119544628266098,-0.0143050075226191,-0.00076259075070273,0.00901795490045232,0.0801445711266246,0.0413103867110083,0.0363536658401016,0.934525349765774,2.29204147567569,0.246836936925068,3.01797352878842,0.322626308223698,3.96504835047074,1.31867586527021,2.7507750868788,-0.104402601678275,2.3514323876451,8.04816311847105,0.482605108311941,0.188454540233201,0.332472730729159,0.0175444648414499,1.07854797479763,2.63995188710356,0.722627143114411,0.294797930049366,0.647128784878577,0.269636993699407,0.0902233676240831,0.377527439513388,0.6779676784886,-0.0289630253643517,1.03482476961283,1.00520473650555,1.02946666687052,0.698479481351897,0.0834994699497096,0.218021048698393,1.06909568455337,1.05825699582583,0.332574977329981,0.693755748666115,-0.0263307259960963,0.00460434060939765,0.928140877934833,0.0225038276410973,1.03652067157331,0.620923600691017,0.67,0.1,1.015,0.5,0.6,0.25,0.4,0.005,0.975,0.8,0.1,1.03457175537322,0.540498968964256,0.41382870214929,0.210114685183231,0.475994985687572,0.864386908320518,-1.25033849605459,3.93823320558353,6.04838786503796
31,7.69425512133007e-05,0.315209134796066,0.118146202637032,-0.0127762488543872,-0.00109107434678035,0.00874156698967288,0.0793429332081182,0.0409362305790146,0.0360298052667683,0.955854293092749,2.33174226170457,0.24864987715135,3.03750211319489,0.321630507552628,3.97703839522364,1.32951555200838,2.7508968484335,-0.103374005218249,2.38317780000802,8.10685622540236,0.484357692838949,0.189088317002848,0.331864135708154,0.0174513133532206,1.08054725714105,2.66011105783052,0.723966662284503,0.296156928190515,0.64832835428463,0.270136814285262,0.0912803620959577,0.378817528645742,0.668598983108481,-0.0288549954949175,1.03396548677226,1.00507732726397,1.0287422258215,0.697663708282437,0.0824263178512401,0.219909973866322,1.06891626481929,1.05817956593775,0.334297892020621,0.691694817866671,-0.025992709887292,0.00470474409596606,0.92864844232099,0.0223815937332868,1.03580761145243,0.609999942561233,0.67,0.1,1.015,0.5,0.6,0.25,0.4,0.005,0.975,0.8,0.1,1.03770147950912,0.54298012659759,0.415080591803648,0.211720161814289,0.475679230219905,0.859844206601518,-1.25413833728221,3.94301268043005,6.04572647903893
32,7.13877613850965e-06,0.318343804839248,0.116989261393597,-0.0111497902791612,-0.00137075947259357,0.00856033965799385,0.0784509715023946,0.0405303724713151,0.0356817191778409,0.978583961573765,2.37380798925896,0.251133644232002,3.05813276725998,0.321347588856306,3.98776752122662,1.34019647226078,2.74997694938596,-0.102405900420124,2.41597976929735,8.16782678887134,0.487469067026183,0.189535960026564,0.331045062029826,0.017393734357999,1.08228788704896,2.67980959276249,0.7251328843228,0.297637591542721,0.649372732229373,0.270571971762239,0.0923366245637514,0.379996905259416,0.658585196234751,-0.0287134101859722,1.03311558633346,1.00500717447002,1.02796836935842,0.696702405543116,0.0815066998356314,0.221790894621252,1.0686645974564,1.05804749268944,0.336076881394667,0.689603126247351,-0.0256800076420178,0.00481697751557845,0.929247917395313,0.0223119351457242,1.03508778587149,0.598840525545631,0.67,0.1,1.015,0.5,0.6,0.25,0.4,0.005,0.975,0.8,0.1,1.04080720628131,0.54542212318499,0.416322882512525,0.21340251038351,0.475159923944512,0.854570519453608,-1.25641083035675,3.9471328468318,6.04261268051334
33,-2.26339610588759e-05,0.321545560795833,0.116058271868892,-0.00954730380558133,-0.00160214772128064,0.00843927988617477,0.0775016765601492,0.0401046285965739,0.0353186017512666,1.00247284970767,2.41757331487873,0.254205355576697,3.07932477164136,0.321690016205248,3.99724930875671,1.35075257251698,2.74801428925968,-0.101517553019954,2.44968555786513,8.22991000375024,0.49174558525066,0.189854737775968,0.330057484080327,0.0173677664886681,1.0837883145971,2.69907065728113,0.726138170780055,0.299186852348585,0.650272988758258,0.270947078649274,0.0933946021354933,0.381078314670196,0.647905662717314,-0.0285666334186056,1.03227232209214,1.00497725286914,1.02715988759455,0.695601929598651,0.0807303578578863,0.223667712543462,1.06836265773235,1.05787663216456,0.337920521884376,0.687476331095811,-0.0253968529801864,0.00494102867288067,0.929907831747506,0.0222809202582041,1.03435587626919,0.587456362641511,0.67,0.1,1.015,0.5,0.6,0.25,0.4,0.005,0.975,0.8,0.1,1.04389901735756,0.547839645715289,0.417559606943024,0.215133029872621,0.474491904113555,0.848824962785258,-1.25748919878022,3.95055587445715,6.03910397775678
34,-3.05228887137812e-05,0.32482106141297,0.115314351296442,-0.00818677094645448,-0.00178834562622154,0.00838017569263094,0.0764868267995572,0.0396535828566523,0.0349352535341491,1.02782844705995,2.46412632696071,0.257938729476802,3.10127863086698,0.322600676119782,4.00557732327474,1.3612477875216,2.74505165779385,-0.10072212204071,2.48466209369511,8.29443933966535,0.497186624330752,0.190043919213013,0.328904237602197,0.0173693407748785,1.08507572322774,2.71797674706774,0.727000734562587,0.300824768056613,0.651045433936645,0.271268930806936,0.0944580600994515,0.382079221004209,0.636555142270349,-0.0284128531525545,1.03143478383789,1.00496932449684,1.02633459419699,0.694379147387703,0.0800718809347893,0.225548971677507,1.06801402305157,1.05767190255953,0.339838100144022,0.685307369263157,-0.0251454694071786,0.00507737992666044,0.930630696153481,0.0222615118855465,1.03360655426813,0.575858688643233,0.67,0.1,1.015,0.5,0.6,0.25,0.4,0.005,0.975,0.8,0.1,1.04697950290934,0.550245816628588,0.418791801163735,0.216921852866478,0.473666639961114,0.842583842433742,-1.25789629099307,3.9532461021056,6.0352648801606
35,-4.67875462286313e-05,0.328159937848067,0.114703107375824,-0.00722753683212418,-0.0019371297407117,0.00832208369747556,0.0754699547706564,0.0392008234197308,0.0345502984028992,1.05398255619677,2.51189906227997,0.262060529058645,3.12292307085027,0.32382028111992,4.01280241723929,1.37168493343377,2.7411389997052,-0.100021515899673,2.52034976694825,8.35889646464138,0.503246614997272,0.190210682915855,0.327675624292085,0.0173873207183794,1.08620594261867,2.73656764605551,0.727757981554512,0.302444732192312,0.651723565571205,0.271551485654669,0.0955284055981454,0.383017689068369,0.62451120561257,-0.028290046043904,1.03060130798936,1.00495297851604,1.02552191995211,0.693066471769556,0.0794968779299669,0.227436650300477,1.0676611762792,1.05746415251222,0.341827179813533,0.68309842217221,-0.0249256019857431,0.00522614288927745,0.931356631114906,0.0222294315380208,1.03283467815598,0.564058949054829,0.67,0.1,1.015,0.5,0.6,0.25,0.4,0.005,0.975,0.8,0.1,1.05005509745174,0.552642069223805,0.420022038980694,0.218717026015749,0.472791049111718,0.836323796822364,-1.25818168592466,3.95508816449661,6.03106373410605
36,-7.59056899656552e-05,0.331563016198153,0.114167814536271,-0.006716536305438,-0.00205937852483518,0.00828944755638417,0.0744233238817666,0.0387340689408235,0.0341532713675858,1.08145311152756,2.5625158970886,0.266645978587741,3.14485847805366,0.325277149493264,4.01905958298641,1.38211537271417,2.73635582543313,-0.0994116151608852,2.55728110604573,8.42557606474315,0.509927194781116,0.190321360010689,0.326356844156331,0.0174156818609965,1.08721524667101,2.75495125006079,0.728434215269576,0.304107623601774,0.652329148002605,0.271803811667752,0.0966087382066862,0.383923235281004,0.61177918492302,-0.0281753626049865,1.02977415843548,1.00492371478158,1.02472868665389,0.6916916888962,0.0789689284541815,0.229339382649619,1.06729366479441,1.0572477709751,0.343890242027025,0.680844801857775,-0.0247350438848003,0.00538528797845336,0.932107083054674,0.0221702138901285,1.03203603954161,0.552068788794674,0.67,0.1,1.015,0.5,0.6,0.25,0.4,0.005,0.975,0.8,0.1,1.05311980317706,0.555049657881053,0.421247921270825,0.220538409244102,0.471824151417997,0.829867761096483,-1.2588700025044,3.95603398068843,6.02650690320267
37,-0.000110344106479976,0.335056870877348,0.113652970717806,-0.00666620301894927,-0.00216643709274578,0.00834826235351938,0.073268354948951,0.0382203855529268,0.0337167799417319,1.11166503578082,2.6198476896311,0.272013677621568,3.16870226872116,0.327014975306415,4.02464849222158,1.39269652779664,2.73083737804763,-0.0988854136226977,2.59692502971764,8.5000278064698,0.517594871693051,0.190272424852245,0.324874339972675,0.0174516323877655,1.08813069817496,2.77334381908988,0.72904756777722,0.305951034395217,0.652878418904973,0.272032674543739,0.0977089587120706,0.384813697874452,0.598426254226725,-0.0280032156662598,1.02895319805222,1.00488910417299,1.02394701443105,0.690269349519234,0.0784511621683088,0.231279488312457,1.06687191363871,1.05699693285596,0.346041779919011,0.678528170429136,-0.0245699503481464,0.00555180768957333,0.93294781423762,0.0220724970773257,1.03120768309591,0.539900040703353,0.67,0.1,1.015,0.5,0.6,0.25,0.4,0.005,0.975,0.8,0.1,1.05617838642987,0.557483391291343,0.422471354571948,0.222452184332526,0.470648653600145,0.822694767445995,-1.26047098461779,3.95619098537351,6.02170360181324
38,-0.000146620563793724,0.338688721709144,0.113103414809208,-0.0070938177458767,-0.00226940585643876,0.00854550051680114,0.0719406830248421,0.03763195034776,0.0332174793748306,1.14614488579453,2.68777809868496,0.278467115833378,3.19588575086952,0.329047859616533,4.0299957711576,1.40366823316008,2.72476010855039,-0.0984325705528693,2.64096006932687,8.58768140339548,0.526573861273122,0.189992471227737,0.323171200173734,0.0174914563760794,1.08898391565859,2.79203782494308,0.729619223491256,0.308082146179044,0.653390349395155,0.272245978914648,0.0988455208554688,0.385705468608124,0.584567596819363,-0.0277230079735219,1.02813309109613,1.00485264633339,1.02316801856241,0.688803841022429,0.0779060665533356,0.233290092424235,1.06636411845737,1.0566906807398,0.348305137987025,0.676119843115253,-0.0244249811022782,0.00572367076087067,0.933931301636064,0.0219243606830117,1.03034753930374,0.527564713866084,0.67,0.1,1.015,0.5,0.6,0.25,0.4,0.005,0.975,0.8,0.1,1.05925545131723,0.559964166337401,0.423702180526893,0.224519824320799,0.469177407161425,0.814404372056395,-1.26347760717044,3.95578529949236,6.01683602837073
39,-0.00018855014411138,0.342516412458626,0.112463847766504,-0.00802057297210401,-0.00237931703815841,0.00889529358481789,0.0704082497617822,0.0369534955327407,0.0326422115832805,1.18623029676737,2.76947921960672,0.286207511435013,3.22728489675076,0.331314760700561,4.03558282426973,1.41530827340158,2.71831277801416,-0.0980382271460025,2.6909660484551,8.69275152067206,0.537013348328607,0.18946620963828,0.321227554484125,0.0175293033390353,1.08981302720471,2.81135611167383,0.730174728227157,0.310552204190638,0.653887816322827,0.272453256801178,0.100038731352127,0.386621800043448,0.570338896273073,-0.0273152624069787,1.02730493705826,1.00481050710517,1.02238673838901,0.687294547793569,0.0772957893938044,0.235409662812626,1.06575614791413,1.05631964695038,0.350707279476507,0.67358616992472,-0.0242934494012266,0.00589976115843418,0.93508120295363,0.0217135287699702,1.02945410266324,0.515074981761192,0.67,0.1,1.015,0.5,0.6,0.25,0.4,0.005,0.975,0.8,0.1,1.06238981608576,0.562527087235924,0.424955926434305,0.226782124569911,0.467379750814794,0.804836162520163,-1.26835145762624,3.95509143312834,6.01210781448715
40,-0.00024463904812573,0.346599514250883,0.111681046409862,-0.00945024999257571,-0.0025072304466992,0.00938377496787735,0.0686697083515204,0.0361820999395048,0.0319879600609558,1.23301441775904,2.86731179107328,0.295320643519548,3.26321125114132,0.333682158601603,4.04187725131555,1.42789101887258,2.71166855925669,-0.0976823268137176,2.74832205040167,8.81809980430539,0.548877961621784,0.188726473652294,0.319057368390147,0.0175574863143508,1.09065895850799,2.83160783110875,0.730741502200355,0.31335943040467,0.654395375104796,0.272664739626998,0.101309859882241,0.387592336644312,0.555874045102007,-0.026785321872234,1.02645885401744,1.00475413775663,1.02160201729476,0.685739100538309,0.0765840603122758,0.237676839149415,1.06504982573767,1.05588477313013,0.353274216432034,0.670893347484359,-0.0241675639163928,0.00607878199176694,0.936394571850436,0.0214299580767804,1.02852650814247,0.50244317024636,0.67,0.1,1.015,0.5,0.6,0.25,0.4,0.005,0.975,0.8,0.1,1.06562612752681,0.565218369989475,0.426250451010724,0.229257710321954,0.465275158058925,0.794046547941726,-1.27549161555828,3.95437354691897,6.00769946277742
41,-0.000334126865944258,0.350970451267596,0.110716486777975,-0.011277519527137,-0.00266379071802769,0.00991353145358942,0.066823837086599,0.0353571633730024,0.0312869648792298,1.28579250822066,2.97865444546445,0.305335255996028,3.30189596039205,0.335800388344583,4.04912953423204,1.44155303485508,2.70491306288256,-0.0973365635056023,2.81262261554084,8.95954229089268,0.561362406738471,0.187950235435768,0.316784000513625,0.0175633259034618,1.09157000445781,2.85293776309059,0.731351902986731,0.316322004654059,0.654942002674684,0.272892501114452,0.102673162970667,0.388646724626727,0.541249768466761,-0.026200272438567,1.02558618778463,1.00466420249973,1.02082485394906,0.684141024983848,0.0757456907468947,0.240113284269257,1.06429928824347,1.05542179748118,0.356015539307585,0.668023346749772,-0.0240388860573567,0.00625820927500786,0.937784174740458,0.0210767241002741,1.02756497986679,0.489681745394498,0.67,0.1,1.015,0.5,0.6,0.25,0.4,0.005,0.975,0.8,0.1,1.06900752371048,0.568079840901082,0.427603009484191,0.231872278545191,0.463039035732588,0.782756505987423,-1.28504423876539,3.95373609256427,6.00363715502955
42,-0.000486778327872793,0.355604781287946,0.109556168393484,-0.0133068508884856,-0.00285670264440496,0.0103099075384048,0.0650712380847421,0.034562860262016,0.0306091345043946,1.34118225438791,3.0938793917895,0.315048577656824,3.33914189680124,0.337106763252773,4.05718341869146,1.45616471685095,2.69798245528744,-0.0969637534469309,2.88066934062706,9.1034221927917,0.572722115735755,0.187448720491816,0.314640309137283,0.0175305282730894,1.09259262326905,2.87518751039375,0.732037057590261,0.319073610955335,0.655555573961428,0.273148155817262,0.104126351103623,0.389815197366506,0.526440334336284,-0.025680230457355,1.02468600598529,1.00451078778049,1.02008462074298,0.682518872904325,0.0747741525716374,0.242706974524038,1.0636132770297,1.05500414928524,0.358910250432271,0.664989027327552,-0.0238992777598235,0.00643152905161711,0.939078839767008,0.0206700095751436,1.02657218261336,0.476803301191228,0.67,0.1,1.015,0.5,0.6,0.25,0.4,0.005,0.975,0.8,0.1,1.07255211050095,0.571142004773764,0.429020844200379,0.234446365089785,0.460998694143641,0.77232523234824,-1.29675496294037,3.95297853641278,5.9996822081713
43,-0.000709487755110186,0.360449019570974,0.108208757035293,-0.015349595985796,-0.00308876632130317,0.010491691020907,0.0635219766130595,0.0338479904050197,0.0299956830301375,1.39649595062117,3.20564774922214,0.32359527074486,3.37229460818767,0.337298752002506,4.06565878444105,1.47145942647419,2.69072733148013,-0.0965279735132634,2.94966957534275,9.23974072647686,0.581818079940824,0.187368841773078,0.312746655447608,0.0174520307067209,1.09372955145791,2.89803057049047,0.732798799476803,0.32140770268899,0.656237730874749,0.273432387864479,0.10565464352568,0.391123181616115,0.511390483075834,-0.0252632185606972,1.02377094233862,1.00428696480611,1.01940080695588,0.680893817422035,0.0736786736562544,0.24542750892171,1.06304855589274,1.05467027820082,0.361923984399973,0.661818286811171,-0.0237422712111444,0.00658515153773626,0.940188924254235,0.0202295907561051,1.02555544667029,0.463820547106146,0.67,0.1,1.015,0.5,0.6,0.25,0.4,0.005,0.975,0.8,0.1,1.07623065553934,0.574426102291493,0.430492262215737,0.236866787099655,0.459317807630731,0.763438632434832,-1.31012094440804,3.95175762010532,5.99549509726545
44,-0.000987962616737845,0.365444780305341,0.106705865154571,-0.0172004258548976,-0.00335824859294132,0.0104550327799329,0.0622044050232059,0.0332280711708855,0.0294605043143183,1.45014921872041,3.30975238633724,0.330554241732735,3.40036443330435,0.336347060825819,4.07411568649811,1.4871393701878,2.68297819236456,-0.0960018760542393,3.01776894240867,9.36316759228017,0.588228947968811,0.187718521580295,0.311119999190381,0.0173295214644967,1.0949463223253,2.92107411493846,0.73361403595795,0.323256310907343,0.656967793395179,0.273736580581325,0.107238168079827,0.392566617041591,0.496073778164469,-0.0249188931113994,1.02285896404813,1.00400709757018,1.01877662670271,0.679278308292689,0.0724829795671048,0.248238712140206,1.06261370085291,1.05442507179099,0.365021389823932,0.658542466345317,-0.0235638561692486,0.00670428171285826,0.941097096865011,0.0197805147048225,1.02452684421457,0.450746295550106,0.67,0.1,1.015,0.5,0.6,0.25,0.4,0.005,0.975,0.8,0.1,1.07999037655395,0.577917198663793,0.431996150621579,0.23908401072907,0.458015507623607,0.756201641403421,-1.32447474741792,3.94974807764435,5.99076331554547
45,-0.00129793585109395,0.370539066171341,0.105099929943236,-0.0186538731172536,-0.00365882696908582,0.0102301298009204,0.0611073361264362,0.032701835233405,0.0290035451712298,1.50126133023376,3.40391060429915,0.335816014925806,3.42328434857171,0.334403398086596,4.08212199672167,1.50292018224082,2.67457199487925,-0.0953701803984043,3.08376621904756,9.47116562126446,0.592019908801877,0.188440738957468,0.309724497800737,0.0171706761878789,1.09618461964671,2.94391832246835,0.734443695163293,0.324631388943953,0.657710771788024,0.274046154911676,0.108856032384494,0.3941178708769,0.480492902465301,-0.0246108139802581,1.02196565744803,1.00369557446965,1.01820281312691,0.677672521960346,0.0712233345824886,0.251104143457164,1.0622936112035,1.05425650663672,0.368171304887084,0.655191588351974,-0.0233628932390582,0.00678197682525123,0.941820341654236,0.0193506953614541,1.02350017919441,0.437593449230921,0.67,0.1,1.015,0.5,0.6,0.25,0.4,0.005,0.975,0.8,0.1,1.08377375703344,0.581575699331604,0.433509502813377,0.24108217185468,0.457041547006771,0.750448544428793,-1.33902998164105,3.94670273355979,5.98524644615115
46,-0.00159768849785551,0.375705171016864,0.103463324985877,-0.0194899315496275,-0.00398001401135273,0.00990662884393512,0.060147872795659,0.0322371357668822,0.028599012373877,1.55084942139437,3.49064088881069,0.339877816870469,3.442740350751,0.331882759933487,4.08935571106998,1.51861325024759,2.66537622745183,-0.0946337666294356,3.14833663546474,9.56769774553269,0.594117998207616,0.189365751622734,0.308435171626736,0.0169911880330961,1.09735724206949,2.96625618112313,0.735229352186558,0.32569261669883,0.658414345241694,0.274339310517372,0.110491787799947,0.395734459078993,0.464685184705158,-0.0242872041074515,1.02110169900568,1.00339432305966,1.01764747471565,0.676055501927176,0.0699469501043816,0.253997547968441,1.06202973411991,1.05412115505889,0.371357582353636,0.651783903326709,-0.0231414856803451,0.00682040767817214,0.942437359656433,0.0189715955481829,1.0224877149256,0.424374988419945,0.67,0.1,1.015,0.5,0.6,0.25,0.4,0.005,0.975,0.8,0.1,1.08752809509086,0.585357944652332,0.435011238036344,0.242915352388349,0.456227588929467,0.745541652418876,-1.35293628225697,3.94254054564139,5.97885004164005
47,-0.00184456221347145,0.380945644403699,0.101881466401466,-0.0195305553060153,-0.00430733500282465,0.00958095111860979,0.0592270769048397,0.0317940043459793,0.0282143635902123,1.60084430169138,3.57450626256257,0.343507062231375,3.46091345741529,0.32929429182838,4.09562216336102,1.5341391696067,2.65529253773529,-0.0938095439809685,3.21315293193502,9.65927352837862,0.595801983984937,0.190305656078783,0.307106985366084,0.01681017390615,1.0983683521656,2.98788921196551,0.73590679595095,0.326631537703022,0.659021011299358,0.274592088041399,0.112136195441838,0.397361081250333,0.448711940096142,-0.0239056542855975,1.0202704250958,1.00314621497546,1.01707050264926,0.674387454014788,0.0687075827377779,0.256904963247433,1.06175412760666,1.05396854819019,0.374580248961696,0.648324584599427,-0.0229048335611232,0.00682756535575643,0.943039412889747,0.0186719688063945,1.02149827284906,0.411103958142116,0.67,0.1,1.015,0.5,0.6,0.25,0.4,0.005,0.975,0.8,0.1,1.09122254806183,0.589217784056849,0.436489019224733,0.244662571965396,0.455386563818474,0.740762862940462,-1.36534484612844,3.93733976207253,5.97162137396746
48,-0.00201869369213148,0.386285099374775,0.100422738716509,-0.0188753955424443,-0.0046237067197068,0.00932780309625802,0.0582589619959756,0.0313358086191031,0.0278191427636651,1.65351938955092,3.66103226683127,0.347527021217015,3.47968813660054,0.327065056351704,4.10087762023371,1.54952599894283,2.64427820117053,-0.0929265798796501,3.28036818169494,9.7531456204523,0.59830996830195,0.191110845686849,0.305622706087594,0.0166444706128807,1.09914228139128,3.0087427795417,0.736425328532158,0.327608708748049,0.659485368834769,0.27478557034782,0.113788052485659,0.398949638294528,0.432649471857241,-0.0234434238005715,1.01946929388003,1.00297121283941,1.01644920694575,0.672627112320773,0.0675470567542289,0.259825830924998,1.0614139145502,1.05376067476721,0.37785228978648,0.644807879202881,-0.0226601689893611,0.00681340370866092,0.943701642599967,0.0184532403035213,1.02053680147601,0.397793455302086,0.67,0.1,1.015,0.5,0.6,0.25,0.4,0.005,0.975,0.8,0.1,1.09484930809771,0.593121554256159,0.437939723239084,0.246412966199872,0.454371672639095,0.735534434765323,-1.3757309991724,3.93126912777415,5.96371035715121
49,-0.00211842299970066,0.391763677518216,0.0991230671083764,-0.0177938416625514,-0.00491545225669821,0.00919756546768769,0.0571773038172828,0.0308327432698878,0.0273880753486481,1.71125437294747,3.75597770116554,0.352673460399355,3.50051974573403,0.325473990336862,4.1052241749988,1.56489496696878,2.63234825066048,-0.0920190426304548,3.35237560204218,9.85646348335148,0.60263337676922,0.191679799080103,0.303901810773298,0.0165049686634578,1.09963430609195,3.02886082998749,0.736754985081609,0.328744322082706,0.659780583655172,0.274908576522988,0.11545353695418,0.400470960099739,0.416582761356142,-0.02289220186329,1.01869230835842,1.0028709848853,1.01577603072735,0.670741760636191,0.0664859805519317,0.262772258811877,1.06097318495723,1.05347276329598,0.381195983521169,0.641219124328317,-0.0224151078494857,0.00678703083268997,0.944478527533105,0.0182976414312605,1.01960491979426,0.384456615759161,0.67,0.1,1.015,0.5,0.6,0.25,0.4,0.005,0.975,0.8,0.1,1.09841824129573,0.597056846020587,0.439367296518294,0.248247352696647,0.45308318134993,0.72945218778718,-1.38403678289108,3.92453311415071,5.95532791035263
50,-0.00214703870505423,0.397432512792066,0.0979926435720973,-0.0165206081325781,-0.00517538657832473,0.0092197633130191,0.0559369239380837,0.0302634528615072,0.0269027891554168,1.77637011841253,3.86457738111959,0.35952655402114,3.52447353767175,0.324673061062139,4.10886207027964,1.58043098251815,2.61955061281321,-0.091119525051718,3.43161051114835,9.97552770511873,0.609476714161103,0.191953737505143,0.301893917223663,0.0163966241295413,1.09982370532056,3.0483698050675,0.736881882564778,0.330120935964682,0.659894223192338,0.274955926330141,0.117144327287467,0.401914138855294,0.400598042019799,-0.0222529178656601,1.01793169871023,1.00284222610142,1.01504670646695,0.668706150718573,0.0655282834818343,0.265765565799592,1.06040832568095,1.05308845228672,0.384639580369974,0.637536760302904,-0.0221763406728776,0.00675548203305389,0.945405781990471,0.0181870400730786,1.01870181242507,0.371106601363795,0.67,0.1,1.015,0.5,0.6,0.25,0.4,0.005,0.975,0.8,0.1,1.10195170445635,0.601032513942646,0.440780681782541,0.250222091260589,0.451459758369587,0.722267148972529,-1.39053734067333,3.91734188477003,5.94671088319211
51,-0.00210130395479458,0.403355395091355,0.0970317163774956,-0.0151546194721516,-0.00540147128558055,0.00942089435138249,0.0544963268900392,0.0296080955255585,0.0263462194239294,1.8516233641444,3.99253922641009,0.36866291344563,3.55267779594263,0.324783261618002,4.11205103577618,1.59636860981693,2.60593858485736,-0.0902561588981044,3.52099704070349,10.1171899966045,0.619511811380685,0.191881408246476,0.299550736772984,0.0163217952151571,1.09969630714488,3.06745003715586,0.736796525787072,0.331818235709483,0.65981778428693,0.274924076786221,0.118876341504313,0.403280178408471,0.38478321433339,-0.0215232456931608,1.01717908563411,1.00288818952543,1.01424974015841,0.666494661515066,0.0646711209632449,0.268834217521688,1.05969416900868,1.05258893835248,0.388217119854957,0.633732062707875,-0.0219491825628321,0.0067233001077225,0.946517132843879,0.0181134874900141,1.01782517215689,0.357756586968429,0.67,0.1,1.015,0.5,0.6,0.25,0.4,0.005,0.975,0.8,0.1,1.10548001106595,0.605076381994928,0.44219200442638,0.25238151082047,0.449442064685184,0.713753665792176,-1.39561766602748,3.90991666599935,5.93811541005988
52,-0.00197248158665605,0.409608551046074,0.0962422871396605,-0.0136839335018005,-0.00559365672450085,0.00982247015154081,0.0528199389424923,0.0288491198103935,0.0257031982054582,1.94028588456044,4.14613287988513,0.380712082497457,3.58627361977162,0.325928857721555,4.11507473936892,1.6129761832956,2.59155091906017,-0.0894523629868528,3.62401353947349,10.2888684813029,0.633470802834794,0.19142017388176,0.2968247995305,0.0162822256026348,1.09923572294232,3.08630416685449,0.736487934371356,0.333904927508118,0.659541433765393,0.274808930735581,0.120668702264307,0.404574197426819,0.369229138749034,-0.0206977233283974,1.01642564604074,1.00301765600541,1.01336765106283,0.664076397636309,0.063912231343985,0.272011371019705,1.05880514150345,1.05195373446926,0.391967651975858,0.629770073011507,-0.0217377249873646,0.00669238901212638,0.947842389299175,0.0180785677210239,1.01697212503198,0.344419747425505,0.67,0.1,1.015,0.5,0.6,0.25,0.4,0.005,0.975,0.8,0.1,1.10904097328679,0.609228394303496,0.443616389314715,0.25475914797907,0.446973873167317,0.703721220051101,-1.39961257971744,3.90248912366777,5.92981160033472
53,-0.00175418173693146,0.416270700990167,0.0956343876388558,-0.0120315589651661,-0.00575154257206789,0.0104195854186715,0.0509030413821245,0.0279819908278031,0.0249693613165184,2.04533697109431,4.33020398459908,0.396200657328464,3.62576162142729,0.328197091271908,4.11817616611772,1.630511582026,2.57639160332512,-0.0887270192333981,3.74388274401915,10.4959121938247,0.651949491787543,0.190575018248647,0.293696518737081,0.0162787624205693,1.09842439549234,3.10509613191442,0.735944344979867,0.336384831335973,0.659054637295403,0.274606098873085,0.122540827349807,0.405802810716044,0.354025396907894,-0.0197770183340758,1.01566315332493,1.00323704735438,1.01238601186361,0.661417179901675,0.0632542269737156,0.275328593124609,1.05773137683508,1.05117265011315,0.395930508131495,0.625614713746918,-0.0215452218784129,0.00666018421105993,0.94938570334723,0.0180905126752688,1.0161407082507,0.331109244585475,0.67,0.1,1.015,0.5,0.6,0.25,0.4,0.005,0.975,0.8,0.1,1.11267800012281,0.613535334501547,0.445071200049126,0.257354538967549,0.444041261191221,0.692172999854018,-1.40270498081128,3.89525957536833,5.92205685403716
54,-0.00145069379462966,0.423409627974999,0.0952212544866872,-0.0101676736343017,-0.00587312247222882,0.0111758775545527,0.0487783051666152,0.0270180721250794,0.0241535023073756,2.16897917328091,4.54732009274823,0.415476888175305,3.67069590487157,0.331599897653711,4.12151095022801,1.64918057338854,2.56042505216962,-0.0880946753301617,3.88305988026973,10.7404471725205,0.675292796620199,0.189409079820126,0.290186176362991,0.016310686121345,1.09724859693262,3.12390376227938,0.735156559944853,0.339180878865705,0.658349158159569,0.274312149233154,0.124508946219852,0.406976506312954,0.339258029789053,-0.0187692584436485,1.0148860587597,1.0035420527364,1.01130396677685,0.658487860051292,0.0627020400983381,0.27881009985037,1.05648632055806,1.05025253333176,0.400139801471912,0.62123456254022,-0.021374364012132,0.00661888497294274,0.951118804259378,0.018154498286043,1.0153315347508,0.317838214307645,0.67,0.1,1.015,0.5,0.6,0.25,0.4,0.005,0.975,0.8,0.1,1.11643145537655,0.618047090923215,0.44657258215062,0.260130070660608,0.440685689088312,0.679347986037007,-1.40497303105289,3.88834055645336,5.91506754695621
55,-0.00107547388663481,0.431077204144751,0.0950094194987605,-0.0081671603366622,-0.00595574910266261,0.0120455184790695,0.0464918475394142,0.0259744382201767,0.0232690851682077,2.31325556848354,4.79953947195814,0.438857607829697,3.72017885661595,0.336092333800936,4.12515579690143,1.66913194281878,2.54358958855715,-0.0875657344744981,4.04380679620817,11.0236318325953,0.703760059928718,0.188004049048606,0.286332643998827,0.0163758527725835,1.09569980724219,3.1427270154082,0.734118870852268,0.342189353018642,0.657419884345314,0.273924951810548,0.126584764142759,0.408110142317515,0.325008897147914,-0.0176868860619014,1.01409201477723,1.00391914874393,1.01013315270062,0.655270798201817,0.0622568981516441,0.282472303646539,1.05509424131289,1.04920898935474,0.404622764568682,0.616604490542573,-0.0212272551112545,0.00655984265488548,0.953001041574836,0.0182665636444865,1.01454797271799,0.30461975349667,0.67,0.1,1.015,0.5,0.6,0.25,0.4,0.005,0.975,0.8,0.1,1.12032898897192,0.62281142916401,0.44813159558877,0.263036759921696,0.43696841791909,0.665566310826204,-1.40652260350664,3.88173804713596,5.90901097655007
56,-0.000657769888921935,0.439297306618846,0.0949883265544616,-0.0062187934444603,-0.00599811610024792,0.0129562551041185,0.0441231094339182,0.0248834491915045,0.0223424713235483,2.47858639547447,5.08522166889083,0.466271254981212,3.77215826840486,0.341464995683128,4.12908694766462,1.69042520412196,2.52580575753129,-0.0871440139886303,4.22673466726278,11.3417903972724,0.737059978100722,0.186496676274019,0.282222865096525,0.0164677414250122,1.09378894962756,3.16147892170511,0.732838596250465,0.345244085371544,0.656273369776535,0.27344723740689,0.128773608607666,0.409220433599329,0.311334656182974,-0.0165678267099916,1.01328066830091,1.00433894126163,1.00890309702425,0.651769121980068,0.0619104581967574,0.286320419823174,1.0536051626174,1.0480782765742,0.409394431637738,0.611710479712679,-0.0211049113504169,0.00647817076356163,0.954962003124129,0.0184110399446112,1.01379487189993,0.291466907177485,0.67,0.1,1.015,0.5,0.6,0.25,0.4,0.005,0.975,0.8,0.1,1.12438372966198,0.627861032072403,0.449753491864793,0.265992885607084,0.433010487270606,0.651356534015965,-1.40758147374194,3.87530748596668,5.90396313740365
57,-0.000232802375290241,0.448055714811249,0.0951354830813186,-0.00446242710849276,-0.00600233468910771,0.0138153085422945,0.0417818301588159,0.0237932487418142,0.0214138590309321,2.66242197213923,5.39609869064134,0.496969279417087,3.82336767142735,0.347348767551358,4.13313211875289,1.71299165250063,2.50696496948386,-0.0868245032316089,4.42941112286757,11.6834097593042,0.774069355804545,0.185068903249277,0.277986274578196,0.0165758120677094,1.0915437313481,3.17996024848523,0.731334300003228,0.348125836942031,0.654926238808861,0.272885932837025,0.131071405021572,0.410326453176716,0.298245631458794,-0.0154714431539177,1.01245477968885,1.00476603361283,1.00765227507579,0.648007843335053,0.0616485392161637,0.290343617448783,1.05209166715117,1.04691507545445,0.414453640310318,0.606553310529131,-0.0210069508394491,0.00637241482778034,0.956906241212885,0.0185737868274853,1.01307743675465,0.278392655621445,0.67,0.1,1.015,0.5,0.6,0.25,0.4,0.005,0.975,0.8,0.1,1.1285886544819,0.633212170804785,0.451435461792761,0.268875990874467,0.428985972064019,0.6374133685991,-1.40837892244565,3.86872627433251,5.89987707514461
58,0.000174317964405356,0.457312959705737,0.0954215775064945,-0.00298363374842392,-0.00597290338373635,0.0145646145207283,0.0395443638917708,0.0227390606205669,0.0205130762686333,2.86187623340792,5.72382040658296,0.530152015119341,3.87114811585869,0.353403293473357,4.13703235758643,1.73668073183923,2.48694714184335,-0.0865955160961532,4.64892933388705,12.0374583145801,0.813650262393009,0.183838953323555,0.273720494411061,0.0166904698964638,1.08899088419114,3.19791698381884,0.729623892408061,0.350687711371387,0.653394530514682,0.272247721047784,0.13346658468366,0.411446048292069,0.285720843252911,-0.0144374339325568,1.01162136622229,1.00517518955423,1.00641298823832,0.644025089952203,0.0614538900370013,0.294521020010796,1.05060737454947,1.04576127139172,0.419789013410675,0.601142782285169,-0.0209317956958439,0.00624296807344177,0.958767982152069,0.0187432471782697,1.01240061154616,0.265409901536363,0.67,0.1,1.015,0.5,0.6,0.25,0.4,0.005,0.975,0.8,0.1,1.13291221691722,0.638866489382588,0.453164886766887,0.271593383045638,0.425015265214863,0.624196375921884,-1.40911366300838,3.86156871936141,5.89662745217838
59,0.000549634852641414,0.46702246909736,0.0958107332827991,-0.00186153172089032,-0.00591568449870117,0.0151903672598928,0.037438344862214,0.0217347942564235,0.0196521334021914,3.07556189494484,6.06413087469451,0.565350414474023,3.91410200328679,0.359375396264412,4.14053899314352,1.76132714849729,2.46565336323203,-0.0864415185857939,4.88378470645219,12.3982252166739,0.855088607560589,0.182840816183411,0.269472874444169,0.0168043154079473,1.08615338189036,3.21511505167954,0.727722765866541,0.35288198056568,0.651692029134216,0.27153834547259,0.135945153173341,0.412588866882914,0.273731912329771,-0.0134769598892775,1.01078928158802,1.0055523830269,1.00520798185108,0.639863549403111,0.0613057958692466,0.298830654727642,1.04917579721912,1.04463672580029,0.425385958546461,0.595490917321339,-0.0208768758678005,0.0060920097058401,0.960523208874339,0.0189066852079132,1.01176852143044,0.252531457333093,0.67,0.1,1.015,0.5,0.6,0.25,0.4,0.005,0.975,0.8,0.1,1.13730930062415,0.644807580097025,0.454923720249662,0.27410647182181,0.421141155322167,0.611854283657928,-1.41000565052865,3.85340494161933,5.89406448311865
60,0.000882859914583074,0.477139008196373,0.0962592251082078,-0.00118416183488834,-0.00583785334344022,0.0156974707424602,0.0354686465506458,0.0207840277063759,0.0188343171407501,3.30302593624759,6.41529836251066,0.602249580809928,3.95144926352389,0.365029561619553,4.14346061235563,1.78678128967535,2.44302329203481,-0.0863439693545361,5.13338739031912,12.7631506084788,0.897845479626135,0.182074303217606,0.265269676328419,0.0169103065511905,1.08305790520094,3.23137290690353,0.725648796484631,0.354705092637573,0.649834743120565,0.270764476300235,0.138494138821427,0.413758810565673,0.262252962331532,-0.0125890581783983,1.00996660746368,1.00588727421416,1.00405545765823,0.635567003211715,0.0611791872335056,0.303253809554779,1.04780644344305,1.04355085754468,0.431229220412398,0.589609391905226,-0.0208386123176239,0.00592310834431619,0.962166855720192,0.0190486912428336,1.01118408956811,0.239770032481231,0.67,0.1,1.015,0.5,0.6,0.25,0.4,0.005,0.975,0.8,0.1,1.14173453438851,0.651007381558234,0.456693813755406,0.276406198183839,0.417374840084413,0.600402360929671,-1.41132913428521,3.84384853160952,5.89203246052742
61,0.00115289220933591,0.487598004067327,0.0967210995453531,-0.000977500417366328,-0.00574815497835846,0.0160460722031048,0.0336908104027794,0.0199154031909188,0.0180846511291822,3.53784716193145,6.7631513591568,0.63923472090836,3.98062433672324,0.369939488932464,4.14555860068609,1.8128317294538,2.41900571351561,-0.0862788422833239,5.39121561483134,13.1155077116879,0.939893004645268,0.181634423119786,0.26120062413187,0.0169976370877685,1.07975001869296,3.24647718215083,0.723432512524281,0.356042759177004,0.647850011215774,0.269937504673239,0.1410976996737,0.414958190684682,0.251231407319485,-0.0118037738333324,1.00915971424262,1.00615865667038,1.00298268821954,0.631185976183539,0.061049001634079,0.307765022182381,1.04654589447029,1.04254254575083,0.437294923090407,0.583517433118728,-0.0208123562091354,0.00574084433662067,0.963650439964814,0.0191577515889229,1.01064881570529,0.227138220966399,0.67,0.1,1.015,0.5,0.6,0.25,0.4,0.005,0.975,0.8,0.1,1.14614794976674,0.657426188702295,0.458459179906695,0.278426127091324,0.413825138687677,0.590172404361631,-1.4132719614396,3.83247696367101,5.89031111007644
62,0.00132062782677235,0.498281058717714,0.0971537693265116,-0.00120770518228364,-0.00565578009092937,0.0161298579838289,0.0322385611828164,0.0191975098507196,0.0174630820747171,3.76086304251622,7.06860146728179,0.672162615487051,3.99618345598563,0.37341222698198,4.14638910298422,1.83908861799574,2.39351523453057,-0.0862147495420913,5.63798383377127,13.4108263937256,0.976411242595054,0.181760486772765,0.25745447179984,0.0170511496681141,1.07629954602156,3.26006586625101,0.721120695834442,0.356607255545142,0.645779727612933,0.269074886505389,0.143728313513456,0.416192459962261,0.240543509120281,-0.0111993873965903,1.00837604131636,1.00632723096591,1.00203592856022,0.626788372938966,0.0608948530010519,0.312316774059981,1.04550201216857,1.04170075308973,0.443539805917424,0.577252924190815,-0.0207927301082383,0.00555068312689611,0.964858114064738,0.0192274093359135,1.01016259387008,0.214648488861507,0.67,0.1,1.015,0.5,0.6,0.25,0.4,0.005,0.975,0.8,0.1,1.15050107335776,0.664007945793193,0.460200429343103,0.280009702426239,0.410751830945194,0.58197478287816,-1.41579698928909,3.81869756662452,5.88853616182184
63,0.00135082620965937,0.509016347217774,0.0975208370114943,-0.00181207441375131,-0.00556924613469767,0.0158554113940241,0.0312345467220658,0.0186955992810132,0.0170271916792787,3.94706505336802,7.28479786658881,0.696051448998759,3.99315039034966,0.374827406193626,4.14532256199013,1.86499679065102,2.36644283844543,-0.0861170671063147,5.84838922060061,13.5973074929711,1.00181996872162,0.182671786359676,0.254209812189308,0.0170581806355523,1.07277739408575,3.27165586550833,0.718760854037455,0.356132261430574,0.643666436451452,0.268194348521439,0.146344409778109,0.41746743943538,0.230000260030354,-0.0108469699367503,1.00762825181975,1.00635758034071,1.00126264411762,0.622456803251489,0.0607025084565843,0.316840688291926,1.04478010884796,1.04111416626225,0.449903900784902,0.570870614543761,-0.0207745153286625,0.00535797488595506,0.965682924275338,0.0192547040057063,1.00972379053989,0.202313162024237,0.67,0.1,1.015,0.5,0.6,0.25,0.4,0.005,0.975,0.8,0.1,1.15471603857956,0.670676964657919,0.461886415431823,0.281012779690195,0.408397515878062,0.576541438994,-1.41867394438745,3.80177841431563,5.88622881961638
64,0.00122942331522469,0.519611674000793,0.0977895910958234,-0.00275511517707283,-0.00549583259770114,0.0152050676745514,0.0307159853167594,0.0184325262933196,0.0167978180325827,4.07884615398583,7.38462158858076,0.707837502172704,3.97018617316804,0.373932158946359,4.14172802895849,1.88996170644206,2.33772108868282,-0.085954766166388,6.0043392835432,13.646455300137,1.01282819873327,0.184429197270155,0.251538646130388,0.01701330378059,1.06923831263293,3.28078310606091,0.71638966946406,0.3545396244337,0.641542987579755,0.267309578158231,0.148897774154838,0.418777473039062,0.219401935317821,-0.0107579332252939,1.00693384687228,1.0062355704318,1.00069394927093,0.618275762224202,0.0604609339723633,0.321263303803434,1.0444223302335,1.04082078913306,0.456322021443142,0.564431336953499,-0.0207533583966408,0.00516589608515476,0.966090731491348,0.0192354862641676,1.00932993286053,0.190144413932917,0.67,0.1,1.015,0.5,0.6,0.25,0.4,0.005,0.975,0.8,0.1,1.15868955769332,0.677331214687344,0.463475823077327,0.281393333890059,0.40683892447198,0.574074894601093,-1.42165792883183,3.78103304627863,5.8829056542307
65,0.00096349685167358,0.529891475704694,0.0979268709857689,-0.00404589226794827,-0.00544208178083538,0.0142338775824693,0.0306345547050438,0.0183864444277823,0.0167565144123935,4.1529603756048,7.37181202288878,0.707543092215504,3.9297609166499,0.370840509004549,4.13516048800589,1.91347903894196,2.30738598136653,-0.0857045323026094,6.10202822685034,13.5644299236176,1.0095963852984,0.186932917527168,0.249401636985141,0.016917316380953,1.06572163627426,3.28713395664064,0.714033496303756,0.351947277919065,0.639432981764557,0.266430409068566,0.151344105223592,0.420102862030958,0.208593549600694,-0.0108830566924583,1.00631068431127,1.00596831433593,1.00034033872683,0.614319160386115,0.0601583531632169,0.325522486450667,1.04440130640171,1.04080091551255,0.462733923989661,0.557991881586978,-0.0207258055766389,0.00497513508582678,0.966121024752373,0.0191622720686643,1.00897848791312,0.178154253672761,0.67,0.1,1.015,0.5,0.6,0.25,0.4,0.005,0.975,0.8,0.1,1.16231682543479,0.683851146311167,0.464926730173916,0.281213089976952,0.405980560379048,0.574255006360361,-1.42464891068548,3.75600523336482,5.87817775603023
66,0.000579390290562644,0.539733202615061,0.0978954324833586,-0.00573392809821327,-0.00541462580284624,0.0130579069528001,0.0308670172815336,0.0184959444216514,0.0168499637683554,4.18198691640463,7.27981525794289,0.698201657652609,3.87735286941167,0.365944630941988,4.12550573210632,1.93524855686312,2.27560907495093,-0.085351899707731,6.15352321023928,13.3901505694177,0.995569702299485,0.189940907272774,0.247663480729493,0.0167753134126187,1.06225209460297,3.29064865617733,0.711708903383989,0.348651170232591,0.637351256761781,0.265563023650742,0.153653170301237,0.42141878976666,0.197505819167205,-0.0111271604791972,1.00577237056734,1.00558228724202,1.00018902811608,0.610639053670371,0.0597787742502898,0.329582172079339,1.04462678070194,1.04098226188603,0.469093653610088,0.551595179529444,-0.0206888331395321,0.00478535978394661,0.965878435030266,0.0190238685600384,1.0086671792662,0.166354514084358,0.67,0.1,1.015,0.5,0.6,0.25,0.4,0.005,0.975,0.8,0.1,1.16551488003612,0.690127477490404,0.466205952014446,0.280623241660686,0.405580807910764,0.576308196752373,-1.42779608277627,3.72660258342948,5.87182414829541
67,0.000125965840489586,0.549098440891519,0.0976634331541104,-0.0077779354306875,-0.0054209135033283,0.0118366316776874,0.0312346790003479,0.0186714975083001,0.0170003432421528,4.18972016073264,7.15914870241495,0.684659234256534,3.82021002924801,0.359836190994411,4.11303743284317,1.95524667023852,2.24268147463695,-0.0848907120323029,6.18225133689961,13.181440859441,0.976200456044545,0.193100636007531,0.246117240162858,0.0165957428259034,1.05883285609103,3.29156151630166,0.709418013580988,0.345083129082816,0.635299713654616,0.264708214022757,0.155816130079072,0.422701426559215,0.186176202886894,-0.0113685190861656,1.00532457588605,1.00512659566969,1.00019697042861,0.607252339127382,0.0593063482300442,0.333441312642573,1.04496096652604,1.04125310841534,0.475377796133243,0.545261625077572,-0.0206394212108158,0.00459641307532734,0.965517450499148,0.0188176621438569,1.00839392201462,0.15475684008608,0.67,0.1,1.015,0.5,0.6,0.25,0.4,0.005,0.975,0.8,0.1,1.16824253752636,0.696088593362414,0.467297015010542,0.279830799251539,0.405296487645526,0.579114310932798,-1.43139334263204,3.69316234806057,5.86384049037862
68,-0.000361150079664049,0.558008606850553,0.0972081275941939,-0.0101038108495313,-0.00546731336917794,0.0106708699321205,0.0316181416723583,0.0188535617662124,0.0171559667630612,4.19276676259875,7.04193535250736,0.670019325195579,3.76291909501584,0.352897233065956,4.0982522818452,1.973625459839,2.208945041214,-0.0843182192077991,6.20473233772022,12.9751939233536,0.954981978129854,0.196182106093101,0.244628620062532,0.0163836390761183,1.05547234406045,3.29026499949431,0.707166470520504,0.341533035186614,0.633283406436272,0.263868086015113,0.157841990810628,0.42393228507439,0.174703875914623,-0.0115326667948291,1.0049626476576,1.00463704416994,1.00032410061878,0.604150489292543,0.0587283378492442,0.337121172858212,1.04531142092087,1.04153853032687,0.481577346661146,0.538996842873578,-0.0205741895347242,0.0044095244218041,0.965141693124753,0.0185459137753171,1.00815641961623,0.143372677181959,0.67,0.1,1.015,0.5,0.6,0.25,0.4,0.005,0.975,0.8,0.1,1.17051377604377,0.701699812526532,0.468205510417507,0.278973314691369,0.404913385651629,0.581933506073829,-1.43573311106206,3.65628279768616,5.85435036045355
69,-0.000863324675596895,0.566512833544649,0.0965186632831256,-0.0126116119748229,-0.00555837448116125,0.00959722870064161,0.0319671526865253,0.0190174233336054,0.0172954719030688,4.19823381728113,6.94000357234403,0.655432641437437,3.70731448250714,0.345297533886702,4.08168958826629,1.99059794925931,2.17472352129992,-0.0836318822929425,6.22818060988264,12.7853319709147,0.933239103728579,0.199097200515375,0.243144070551564,0.0161408106973828,1.05218438896043,3.28718047785298,0.704963540603486,0.338128518830748,0.631310633376256,0.263046097240107,0.15974835717318,0.425109864815553,0.163198477037053,-0.011599922231752,1.0046756434913,1.00413235870102,1.00054104898181,0.601311521704487,0.0580377842916592,0.340650694003854,1.04563900466527,1.04180680104352,0.487689694723901,0.532799830626915,-0.0204895253508156,0.0042276133570026,0.964795052366656,0.0182156743328217,1.00795165309469,0.132213260166357,0.67,0.1,1.015,0.5,0.6,0.25,0.4,0.005,0.975,0.8,0.1,1.17237657213882,0.706971094800462,0.468950628855529,0.278108664801361,0.404356247594166,0.584461455737185,-1.44099026717947,3.61663371281398,5.84351649445574
70,-0.00136762295259001,0.574670536149859,0.0956008731151436,-0.0151510417753743,-0.00569626734337492,0.00862156213898735,0.0322662507478412,0.0191559292726917,0.0174128044193448,4.20835877145376,6.85530737637481,0.64115434471951,3.65396791611703,0.337147865501299,4.06383236841477,2.00637651471928,2.14028538510527,-0.082829531409775,6.25500621678274,12.6146339911328,0.911341693470288,0.201825599037147,0.241645036481398,0.0158690146592545,1.04897656839478,3.28269188362236,0.702814300824504,0.334916727149163,0.62938594103687,0.262244142098696,0.161554668427442,0.426242577878778,0.15175454375554,-0.011578118019029,1.00445073799058,1.00362553893265,1.00082221807429,0.598705093347701,0.0572367296625238,0.344058176989775,1.04593009928472,1.04204660821188,0.493715373280011,0.526666749775434,-0.0203821230554454,0.0040541669881531,0.964491935200837,0.0178413743571192,1.00777568924233,0.121289602036574,0.67,0.1,1.015,0.5,0.6,0.25,0.4,0.005,0.975,0.8,0.1,1.17389063268974,0.711940791242334,0.469556253075897,0.277252295035383,0.403612795625678,0.58660311695817,-1.44713948365237,3.57485748640907,5.83150364939272
71,-0.00186203008042682,0.582541476227267,0.0944804334132482,-0.017530887504419,-0.00587982537697129,0.00773608118511482,0.0325168091263854,0.0192704239638768,0.0175093233425112,4.22299164652522,6.78532028982257,0.62710637882149,3.6029326428592,0.328576681967357,4.04506204776742,2.02114164465309,2.10583159633583,-0.0819111932215022,6.28523045271508,12.4608322429778,0.889343673503229,0.204375638957298,0.240125520224483,0.0155718059358842,1.0458449311151,3.27711196350664,0.700716103847114,0.331903822469214,0.627506958669057,0.261461232778774,0.163278477420527,0.42733829758284,0.140443125591719,-0.0114849259016426,1.00427558150339,1.00312865976917,1.00114334459798,0.596295131418026,0.0563382224585849,0.347366646123389,1.04618251246895,1.04225559108968,0.499656524618362,0.520593150727579,-0.0202496753459402,0.00389183665108572,0.96423289383277,0.0174442064711229,1.00762390770423,0.110612483124355,0.67,0.1,1.015,0.5,0.6,0.25,0.4,0.005,0.975,0.8,0.1,1.17511625858955,0.716655687874901,0.470046503435819,0.276398602162701,0.402695758480285,0.588357118445681,-1.45391866563977,3.53152572506845,5.81846779824439
72,-0.00233375723876849,0.590181233472496,0.0932021403404456,-0.0195510413288729,-0.00610391331735038,0.00693056601005115,0.032724588023339,0.0193644817437728,0.017588340374635,4.2412850447686,6.72647240978012,0.613221927330847,3.55416582930496,0.319762352848588,4.02565075658184,2.0350337113845,2.07149843503497,-0.0808813898376315,6.31814357415946,12.3204581318787,0.867358283046098,0.206758645544043,0.238579286537708,0.0152553927042953,1.04277244804482,3.27067421816262,0.69865754019003,0.329082124822796,0.625663468826892,0.260693112011205,0.164933827537684,0.428399711411015,0.129313069592328,-0.0113380397828958,1.00413941626237,1.00265457397504,1.00148091109927,0.594041746851137,0.0553659622581031,0.35059229089076,1.04639645154542,1.04243316377137,0.505516706350464,0.514574800520909,-0.0200915068713731,0.00374192620766869,0.964015166814944,0.0170488958242174,1.00749138187261,0.100192440457002,0.67,0.1,1.015,0.5,0.6,0.25,0.4,0.005,0.975,0.8,0.1,1.17610848714494,0.721160951535565,0.470443394857977,0.275537389437544,0.401620404293731,0.589740992361028,-1.46085043118336,3.48712602441739,5.80455921096848
73,-0.00276582580195042,0.597642177269934,0.0918295684670866,-0.0209927434322309,-0.00635957193191095,0.00620181594052172,0.0328892182456073,0.0194387786403865,0.0176506965277618,4.26304006682522,6.67652768522304,0.599675944702242,3.50786200071926,0.310957852327909,4.00577574921103,2.04816148668845,2.03736559938934,-0.0797513368667547,6.35363659356203,12.1915490596024,0.845811624466507,0.208966140578938,0.236988823453023,0.0149291643031116,1.03972699234656,3.26354015998335,0.696617084872194,0.326454706840228,0.623836195407935,0.25993174808664,0.166531100530581,0.429422035689906,0.118399393819748,-0.0111476213940994,1.00403350333886,1.00222034506904,1.00180914135174,0.591900990663657,0.0543540125478846,0.353744996788458,1.04656639837376,1.04257399904368,0.511302083520738,0.508607003222937,-0.0199090867436756,0.00360403047871725,0.963841946493461,0.0166838594485874,1.00737337074158,0.090039757358601,0.67,0.1,1.015,0.5,0.6,0.25,0.4,0.005,0.975,0.8,0.1,1.17691488248926,0.725496396294971,0.470765952995704,0.274665357777576,0.400385921279341,0.590725360008134,-1.46725757912529,3.44207161590486,5.78993768189818
74,-0.00313923796820143,0.604971797774271,0.090443827697235,-0.0216243303964173,-0.00663408630658269,0.00554878071022813,0.0330093417252319,0.0194935809920314,0.0176969014553756,4.28804647097353,6.63338142968853,0.586763026624878,3.46428715493998,0.302467583147722,3.98552767833468,2.060603896887,2.00346413470723,-0.0785403532595462,6.39155446411483,12.0722917914528,0.825295428380679,0.210981005461398,0.235332197796122,0.0146051718676249,1.03666426865261,3.25579943268279,0.694565059997251,0.324022609969604,0.621998561191568,0.259166067163153,0.168076909207093,0.430391934318244,0.107729684460323,-0.0109185886903611,1.00395097636771,1.00184506584196,1.00210203213806,0.589825872179215,0.0533461095547483,0.356828018266037,1.04668536195162,1.04267150536942,0.517021599947338,0.502684787662636,-0.0197063876099748,0.00347580508507336,0.963717730374722,0.0163801607647246,1.00726588899737,0.080164453301622,0.67,0.1,1.015,0.5,0.6,0.25,0.4,0.005,0.975,0.8,0.1,1.17757645562589,0.729693210520056,0.471030582250358,0.273781387050087,0.398985885320096,0.591268046961768,-1.47227893308586,3.39670439905439,5.77478166344744
75,-0.00343998024314472,0.612205901653077,0.0891358996492285,-0.021272509117761,-0.00691123446055297,0.00496387660614106,0.0330915502337758,0.0195328818924722,0.0177306334583694,4.31502249308793,6.59348023820837,0.574711206248236,3.42345920822648,0.294591684318728,3.9649145051969,2.07240349540987,1.96978696909604,-0.0772759593090098,6.43065273778194,11.9591437225976,0.806323558726583,0.212800268108279,0.233596541868599,0.0142966274686291,1.03353628057049,3.24746824141905,0.692469307982227,0.32176258877719,0.620121768342292,0.258384070142622,0.169573518824136,0.43129007318033,0.0973244954355609,-0.0106573136776658,1.00388677581439,1.00154281985564,1.00234034522766,0.58777136918316,0.0523915297801998,0.35983710103664,1.04675325158572,1.04272479343456,0.522685544087654,0.496804399316605,-0.0194899434042581,0.00335349788283468,0.963639636216793,0.0161647983901124,1.00716612744531,0.0705762740189092,0.67,0.1,1.015,0.5,0.6,0.25,0.4,0.005,0.975,0.8,0.1,1.17812697978904,0.733771829988425,0.471250791915617,0.272880511956957,0.397427561320711,0.591379453356065,-1.47497047009714,3.35128091018366,5.75928243485614
76,-0.00366364728618788,0.61936741121032,0.0879878257291687,-0.0199604734947511,-0.0071728200701543,0.00444115052137328,0.0331398666375054,0.0195589378617076,0.0177539256650059,4.34322049327112,6.5549253934104,0.563854627843791,3.38525891916461,0.287571934732654,3.94390468830283,2.08358578446665,1.93631108970184,-0.0759921858656533,6.4702079959312,11.8500657517145,0.78945021718288,0.214421830102081,0.231774699694933,0.0140158404720877,1.03030081075919,3.23852207127917,0.690301543208655,0.319647830886007,0.618180486455512,0.257575202689797,0.171020111908653,0.432097192951343,0.0872021305681491,-0.0103672913824878,1.00383794825212,1.00131803447738,1.00251659681337,0.585701193497696,0.0515345745428414,0.362764231959462,1.04677132889192,1.04273462740988,0.528305308859599,0.490962952386936,-0.019268261246535,0.00323269829676912,0.963605216185401,0.0160479851674665,1.00707265718337,0.0612846818858196,0.67,0.1,1.015,0.5,0.6,0.25,0.4,0.005,0.975,0.8,0.1,1.17858995486471,0.737743405252328,0.471435981945883,0.271969655254185,0.395721747314221,0.59107765102388,-1.47458646044472,3.30597087934644,5.74363622679174
77,-0.00380642039605504,0.626481926472725,0.0870587720604199,-0.0178831621803358,-0.00740243485416625,0.00399927986126669,0.0331297241811728,0.01955969904489,0.017756359300524,4.37595751894827,6.5230165600912,0.555021739222717,3.35006804403245,0.281601574466314,3.92250993631318,2.0942162664105,1.90302011089578,-0.0747264409930964,6.51354877130428,11.7507063903953,0.775669946973006,0.215792074233927,0.229840280560998,0.0137730742770711,1.02692083709745,3.22896206603057,0.68803696085529,0.317711603837279,0.616152502258468,0.256730209274362,0.172417088288424,0.432798355670192,0.0773953680241434,-0.0100357175274682,1.00380319774793,1.00117454750196,1.00262556639351,0.583586955860481,0.0508063637676919,0.365606680371827,1.04672182181988,1.04268698334476,0.533896994631678,0.485153675017698,-0.0190506696493758,0.00310931244127773,0.963635515886105,0.0160240645884239,1.00698533708757,0.052298846582001,0.67,0.1,1.015,0.5,0.6,0.25,0.4,0.005,0.975,0.8,0.1,1.1789793345206,0.741617596699098,0.471591733808238,0.27108954972742,0.393840674903547,0.590230118373286,-1.47080868323459,3.26090241014697,5.72805798920483
78,-0.00385850736598728,0.633599750524603,0.086380873986581,-0.0153158300788168,-0.00758824558791604,0.00368711920144316,0.0330011384090186,0.0195056228199611,0.0177123613321628,4.42173842923701,6.5112247368058,0.54956456886446,3.31893559444508,0.276829830227712,3.90086081261533,2.10445958665597,1.86991685387924,-0.0735156279198822,6.56921799169174,11.6755473250379,0.766454490043451,0.216791672189595,0.227738822332209,0.0135757188711607,1.02336191210265,3.21887559430736,0.685652481108776,0.316067266667227,0.61401714726159,0.255840478025663,0.173771696390838,0.433383798684366,0.0679680710463827,-0.00963282996180362,1.0037808040735,1.00112220009718,1.00265562383499,0.581401898224405,0.0502220041060813,0.368376097669513,1.04656129774708,1.04254745008234,0.539485946242988,0.4793600550504,-0.018846001293388,0.00298078397859904,0.963781738146387,0.0160783770523361,1.00690484558789,0.0436276360420256,0.67,0.1,1.015,0.5,0.6,0.25,0.4,0.005,0.975,0.8,0.1,1.17930898265511,0.745411736714166,0.471723593062046,0.270314160352611,0.391706361860395,0.588506348704764,-1.46381310798747,3.21622075811921,5.71280167190429
79,-0.00381859750717301,0.640787694032083,0.0859621305679327,-0.0125340233229579,-0.00772382520268378,0.00353316327048936,0.0327149303557371,0.0193768830301032,0.0176046226631786,4.48710638726232,6.52905000752762,0.548318543703375,3.2922579332905,0.273274839582484,3.87916999137141,2.11454595387911,1.83701529320565,-0.0723912557133494,6.64390938997941,11.634477738816,0.762627904054554,0.217355032989498,0.225439914253795,0.0134257764820447,1.01960554676293,3.2084064338529,0.683135716331162,0.314781686524842,0.611763328057757,0.254901386690732,0.17509798415152,0.433850306869594,0.0590002294607512,-0.00914463298341862,1.0037664276064,1.00116230950529,1.00260109482387,0.579122688042919,0.0497826201243976,0.371094691832683,1.04626301189025,1.04229496488787,0.545102678815978,0.473558853386623,-0.0186615322026014,0.00284638280543512,0.964076077027478,0.0161934749081109,1.0068321364649,0.0352796077038079,0.67,0.1,1.015,0.5,0.6,0.25,0.4,0.005,0.975,0.8,0.1,1.17960447835284,0.749150941289735,0.471841791341136,0.269688024625786,0.389278332395583,0.585713128679022,-1.45414716084563,3.1720658353304,5.69813042443761
80,-0.00369818609496779,0.648109035126087,0.0857925117218869,-0.00976534916793514,-0.00780757388641351,0.00352875365251926,0.0322730811637655,0.01917329471507,0.0174326637726227,4.573843814561,6.57789845913726,0.551323349543638,3.2694408123373,0.270825861863544,3.85765258316481,2.12470546795325,1.80432320965885,-0.0713760944472874,6.73964641132287,11.6283349651449,0.764093298522208,0.217509155652842,0.222953493320085,0.0133201815623134,1.01565291614895,3.19769745387448,0.680487453819797,0.31383259343778,0.609391749689371,0.253913229037238,0.176412026844222,0.434206444511158,0.050563379600959,-0.00858244105123619,1.00375412746629,1.00128332297456,1.00246763771556,0.57673401457994,0.0494794597062604,0.373786525713799,1.04583165236964,1.04193348625643,0.550776779958279,0.467725688293729,-0.0185024682520074,0.00270670418993026,0.964514271581725,0.016352975893371,1.00676804911396,0.0272630000634484,0.67,0.1,1.015,0.5,0.6,0.25,0.4,0.005,0.975,0.8,0.1,1.17989824878879,0.752871225789255,0.471959299515514,0.269206285626196,0.386579406942854,0.581907427608517,-1.44253989172514,3.12851880424117,5.68427517256224
81,-0.00352186003226472,0.655601523094796,0.085849045748419,-0.00718770265685376,-0.0078414976556227,0.00362838663695042,0.0317201553157554,0.0189153174621641,0.0172137804593778,4.6780678268888,6.65036300025866,0.557811579993633,3.24896917513204,0.269268524308914,3.83645043452435,2.13510281504793,1.77183039509201,-0.0704827756155863,6.85281686241346,11.648241149909,0.769849346318613,0.217372415228534,0.220330179205451,0.0132520176316523,1.01152517152993,3.18683678363905,0.677721864925051,0.313106246731515,0.606915102917956,0.252881292882482,0.177726194751803,0.434470265145857,0.0426985479673465,-0.00797984378273796,1.0037384663753,1.00146053066757,1.00227461356486,0.574233927675745,0.0492974347273294,0.376468637596925,1.045304536553,1.0414931104588,0.556530796236559,0.4618410755805,-0.0183718718170587,0.00256286363303156,0.965054630301126,0.0165418512799358,1.00671316363508,0.0195857245448313,0.67,0.1,1.015,0.5,0.6,0.25,0.4,0.005,0.975,0.8,0.1,1.18021912719121,0.756608490383715,0.472087650876486,0.268817590711382,0.383694115910659,0.577398469673504,-1.42974530024606,3.08555504942667,5.67139623814807
82,-0.00332159286625434,0.663264022348264,0.0861000109559976,-0.00492974973375238,-0.00783019085031622,0.00376603056484393,0.0311265091448969,0.0186364068999567,0.016976585151618,4.79136122639591,6.73268119155176,0.566433675578569,3.22887328612938,0.268334093463905,3.81559223446721,2.14579999070972,1.73950643565125,-0.0697141918937516,6.97523076765272,11.6785076210822,0.778265874025722,0.217114584275224,0.217645419977423,0.013212296877,1.00725874093834,3.17583027166328,0.674863356428689,0.312435553352733,0.604355244563005,0.251814685234586,0.179045033728137,0.434664644201029,0.0354067182409277,-0.00737942442918024,1.00371667624937,1.00166179916941,1.00205146795222,0.571636309517101,0.0492178925122685,0.37914579797063,1.04473912185636,1.04102033820904,0.562376653177496,0.45589421740034,-0.0182708705778362,0.00241562565055605,0.96563311122386,0.0167465948392626,1.00666791972571,0.0122553576920048,0.67,0.1,1.015,0.5,0.6,0.25,0.4,0.005,0.975,0.8,0.1,1.18058168313134,0.760386695114274,0.472232673252537,0.268444994342385,0.380741069721905,0.572641409814709,-1.41644000454457,3.04302999422959,5.65956421565284
83,-0.00312889243535265,0.671055763515441,0.0865085443624529,-0.00307204233995162,-0.00777999780880045,0.00387617707401278,0.0305652544946707,0.0183721201044552,0.0167516983123133,4.90316152379563,6.8088569490078,0.575605321155256,3.20730390240676,0.267752994933924,3.7949974978547,2.15675506396661,1.70730760703594,-0.0690651731478438,7.09645751105601,11.7013164767314,0.787484851595343,0.216905029829474,0.214977991644093,0.0131917086540066,1.00289787244453,3.16460589541209,0.671941574537835,0.311652201227749,0.601738723466718,0.250724468111133,0.180364106535702,0.434811601174669,0.0286528789758964,-0.00681866492245598,1.00368974603709,1.00185546310247,1.00183088579358,0.568969223781867,0.049220699336404,0.381810076881729,1.0441954422207,1.04056412457455,0.568315279571545,0.449883724034356,-0.0181990036059004,0.00226513790053209,0.966183796426728,0.0169554993120724,1.00663281176995,0.00527913369204658,0.67,0.1,1.015,0.5,0.6,0.25,0.4,0.005,0.975,0.8,0.1,1.18098052838697,0.764209350875837,0.472392211354789,0.268011402354251,0.37783764509293,0.568096661044028,-1.40317334127682,3.00070291269478,5.64876412267845
84,-0.00297163502970125,0.678899810364124,0.0870363485131607,-0.00164408036073316,-0.00769829112750942,0.00390083597281943,0.0301041693730958,0.0181561869471961,0.0165683667972916,5.001761078033,6.86231955580124,0.58364493472266,3.18274851831089,0.267281185607915,3.77449498213384,2.16783226392296,1.67518728330429,-0.0685245650934012,7.20481789198546,11.6985962809694,0.795583067307654,0.216895058113622,0.212401901041986,0.0131815120704791,0.998490528081129,3.15302640356681,0.668988653814356,0.310604333847998,0.599094316848677,0.249622632020282,0.181670508084127,0.434927676325384,0.0223742617183554,-0.00632576407156004,1.00366226762261,1.00201350679515,1.00164544770732,0.566271886428648,0.0492862372604087,0.384441876310943,1.04372963133428,1.04017062385299,0.57433703692392,0.443817594468558,-0.0181546313924782,0.0021108550583215,0.966646107887283,0.0171594818736687,1.00660860613855,-0.00133606276420495,0.67,0.1,1.015,0.5,0.6,0.25,0.4,0.005,0.975,0.8,0.1,1.18139125364941,0.768054510119472,0.472556501459764,0.26744813163223,0.375088197264318,0.564181665626336,-1.39033874165205,2.95827379647845,5.63890771922457
85,-0.0028705850694746,0.686689992100134,0.0876489740317827,-0.000607441637263784,-0.00759273029736784,0.0037948601380664,0.0297994017274291,0.0180172076486475,0.0164515612946935,5.0757615471076,6.87804618443653,0.588976951031471,3.15422397334039,0.266730831007482,3.75384761005688,2.17881974204275,1.6431055319146,-0.0680776639004687,7.28884031420914,11.6543405488439,0.800804604162867,0.217203080644459,0.209978673625502,0.0131744860243833,0.994083328625682,3.14090617369906,0.666035830179207,0.309171704473539,0.596449997175409,0.24852083215642,0.182944055585666,0.435022015706088,0.0164914391824141,-0.00591691301388635,1.00364193166683,1.00211506200518,1.00152364705366,0.56359017024803,0.0493981001966376,0.387011729555332,1.04338803587911,1.03987816807228,0.580423066777005,0.437712369439979,-0.018135436216984,0.00195146471526457,0.966970575290216,0.0173544002005898,1.00659658151194,-0.00758370327651003,0.67,0.1,1.015,0.5,0.6,0.25,0.4,0.005,0.975,0.8,0.1,1.18177332632699,0.771876513592562,0.472709330530795,0.266700257134182,0.372573342670425,0.56123126008098,-1.37814336238588,2.91542617074299,5.62985453837836
86,-0.00283802636324692,0.694300895513858,0.0883189861531608,0.000116957128507789,-0.0074702051936435,0.00353046248816158,0.0296895704063643,0.0179752892232891,0.0164189525082494,5.11615776703104,6.84544929711331,0.59041021428733,3.12137046368187,0.265985216174562,3.73278754196557,2.18945675925126,1.61103950778914,-0.0677087250748305,7.33935753153193,11.5575950902388,0.801852279885062,0.217902372174365,0.2077511144417,0.0131655744980012,0.989717601292661,3.12803660118257,0.663110792866083,0.30727942059731,0.593830560775597,0.247429400323165,0.18415936692473,0.435095500078848,0.0109203800074012,-0.00559559232146306,1.00363860780872,1.00214778350494,1.00148762919833,0.560972089610517,0.0495444862146209,0.389483424174862,1.04320183535776,1.0397126075819,0.586547381718478,0.431591535729572,-0.0181389174480502,0.00178531157958194,0.967123932194133,0.0175400459786759,1.00659863645358,-0.0134576221779696,0.67,0.1,1.015,0.5,0.6,0.25,0.4,0.005,0.975,0.8,0.1,1.18207448311106,0.775609888864408,0.472829793244424,0.265732385254122,0.370341267042255,0.559465072579151,-1.36662483049121,2.87187105673597,5.62143758464104
87,-0.00287808809522246,0.70159996182638,0.0890257762797008,0.000607785283661233,-0.00733620276936786,0.00309950158999972,0.0297921088224896,0.0180397603923938,0.0164788109346759,5.11825019656192,6.76076508607071,0.587369402292327,3.0844214498694,0.264992996048144,3.71105837978233,2.19946760676356,1.57899375983621,-0.0674029868174371,7.3514440556603,11.4048255151518,0.798111337355129,0.219015021325758,0.205740319608432,0.0131519258320949,0.9854276529573,3.11421882848978,0.660236527481391,0.304906573303197,0.59125659177438,0.246356913239325,0.18528876899093,0.435141427248433,0.00558295951817091,-0.00535437169560436,1.00366304713226,1.0021075214643,1.00155225425879,0.55846399318357,0.0497176905174289,0.391818316299001,1.04318376368979,1.0396844081279,0.592679333406922,0.425483406145933,-0.0181627395528557,0.00161127134409719,0.967092058474868,0.0177174762106839,1.00661712125791,-0.0189520226197949,0.67,0.1,1.015,0.5,0.6,0.25,0.4,0.005,0.975,0.8,0.1,1.18223651934596,0.779175439347259,0.472894607738385,0.264532115132829,0.36840391165703,0.558970860256124,-1.35571435671994,2.82738686667161,5.61348848501794
88,-0.00298268257096391,0.70846660941572,0.0897561943988663,0.000950693598920527,-0.00719484474405985,0.00252186491521122,0.0300929168001454,0.0182037881372593,0.0166252770024387,5.08413907925057,6.62996169422246,0.580191225916421,3.04434106180063,0.263780612508025,3.68846857703156,2.20861001632538,1.54700692245212,-0.0671483617459472,7.32693153069437,11.202965192225,0.789956726070802,0.220488740977201,0.203936404887987,0.0131332493923027,0.981235775710694,3.09930764411415,0.657427969726165,0.302111814636339,0.588741465426416,0.245308943927674,0.186306305858783,0.435147078587925,0.00041946749099081,-0.00517309227302752,1.00372540941985,1.00200240401618,1.00171956214552,0.556104615000261,0.0499138339300701,0.393981551069669,1.04331955560388,1.03978154839291,0.598787808598566,0.41941713481998,-0.0182049434185452,0.00142971416221752,0.966889023751821,0.0178897914915882,1.0066543594528,-0.0240614822920967,0.67,0.1,1.015,0.5,0.6,0.25,0.4,0.005,0.975,0.8,0.1,1.18220196702712,0.782491399730106,0.472880786810846,0.263118425459013,0.366723093797543,0.559642298931433,-1.34528559437095,2.78186312561244,5.60587167172918
89,-0.00312876566490066,0.714821588537199,0.0905002801081733,0.00118288051562265,-0.00704876112022679,0.00185805863368071,0.0305300046710885,0.0184361948135616,0.0168312381990381,5.02521878627759,6.47152694889447,0.570392841004078,3.00293846144507,0.262448650704954,3.66497223372581,2.21675101797049,1.51515777357341,-0.066936557818089,7.27694058682972,10.972318736861,0.779016750379798,0.222165030128124,0.202287805813594,0.0131118164888549,0.977147318307962,3.08327639403803,0.654688703266335,0.299065868954501,0.586288390984777,0.24428682957699,0.18719424754648,0.435096450400791,-0.00459255129699133,-0.00501284690457494,1.00383346306162,1.00185559050677,1.00197420923094,0.553917845547593,0.0501297201789731,0.395952434273433,1.04355690022874,1.03996087694126,0.604847970626223,0.41341589429535,-0.0182638649215736,0.00124281425047292,0.966570580483345,0.0180574097332841,1.00671206346381,-0.028780958775051,0.67,0.1,1.015,0.5,0.6,0.25,0.4,0.005,0.975,0.8,0.1,1.1819238331618,0.785489136878526,0.472769533264718,0.261557743431304,0.365194599595569,0.561090198967443,-1.33526693504596,2.73534746308011,5.59852857588361
90,-0.0032836396329963,0.720648855582303,0.0912469662904271,0.00129377750559567,-0.00689994397836535,0.00119586527214666,0.0310063471127056,0.0186882684723334,0.0170543266789987,4.95855949730482,6.31053470990712,0.560149438110835,2.96244088352831,0.261132238660247,3.64071836021847,2.22391958606792,1.48356153120094,-0.066762757050386,7.2183446242598,10.7402142686982,0.767609991275727,0.223814499013064,0.200716007722325,0.013091071555031,0.973153675506832,3.06625318398129,0.652012962589577,0.296013676303953,0.583892205304099,0.243288418876708,0.187948958126002,0.43497409892906,-0.00942702906692574,-0.00482397699664878,1.00399030831017,1.00169994216884,1.00228647925882,0.551908110791063,0.0503599407807655,0.397731948428171,1.04381816511531,1.04015905675041,0.61084636767522,0.407491430101145,-0.0183377977763648,0.00105397903239909,0.966222103425978,0.0182171432482887,1.00679092669982,-0.0331057945151586,0.67,0.1,1.015,0.5,0.6,0.25,0.4,0.005,0.975,0.8,0.1,1.18137956272292,0.78812775247242,0.472551825089167,0.259950098273964,0.363676495775056,0.562726982073165,-1.32571158772858,2.68805893987409,5.59150351098725
91,-0.00342739223291567,0.725975398997507,0.0919826651729916,0.00125768655741587,-0.00675060674191463,0.000590813388474887,0.031456808405655,0.0189274112064339,0.0172662006127264,4.89505092703521,6.16193983221103,0.550762714502314,2.92413850967725,0.259894857263979,3.61597433574235,2.23024797759592,1.45234957721279,-0.0666232190663607,7.16201397369178,10.5229724403213,0.757106709024306,0.225294101377301,0.1991726265034,0.0130723563243738,0.969251997561964,3.04845661503448,0.649398838366516,0.293114603510566,0.581551198537179,0.242312999390491,0.18857903231666,0.434770733083303,-0.0140334778293052,-0.00458162244744397,1.00419309198722,1.00155547080592,1.00263352481034,0.550067693919156,0.0505966925122454,0.399335613568598,1.04405368957429,1.04033602028044,0.616776495217593,0.401648198345029,-0.0184246935626225,0.000866932903275894,0.965899854253045,0.0183641533409939,1.00689050695913,-0.0370317214216874,0.67,0.1,1.015,0.5,0.6,0.25,0.4,0.005,0.975,0.8,0.1,1.18057985507136,0.79039496027411,0.472231942028545,0.25836385098117,0.362087482513875,0.56417232453674,-1.31675047830916,2.64031062588861,5.58489626724167
92,-0.00355358192644097,0.730846219355538,0.0926932646377521,0.00107088171042435,-0.00660346696540171,6.15743891454468e-05,0.0318556977595538,0.0191408188873102,0.0174557298821601,4.83868678972555,6.03036491941115,0.542615184353285,2.88840263723023,0.258733055560896,3.59103388078338,2.23590186251706,1.42164558192001,-0.0665135636536925,7.11204884180172,10.325695405059,0.747889635724002,0.226559278360154,0.197642265640279,0.013054959463514,0.965447444677876,3.03012604637425,0.646849787934177,0.29042916124726,0.579268466806726,0.241361861169469,0.18909908880105,0.434489788791518,-0.0183606323975938,-0.00428501906034974,1.00443543902641,1.00142865016393,1.00300249934131,0.548384067785658,0.050831509518383,0.400784422695959,1.04424576622276,1.0404778042846,0.622634577323818,0.395887543564438,-0.0185221208882559,0.000684937857549193,0.965625145779413,0.0184950355884082,1.00700935393665,-0.0405548650787642,0.67,0.1,1.015,0.5,0.6,0.25,0.4,0.005,0.975,0.8,0.1,1.17955612851066,0.792309285253239,0.471822451404264,0.256828089254219,0.36040847510094,0.565289630859793,-1.30851049445302,2.59242685087575,5.57881428493855
93,-0.00365409015234245,0.735326442219904,0.0933654772830105,0.000743806922945067,-0.00646134707244961,-0.000370770872434423,0.0321736826384395,0.0193139612304247,0.0176103040675925,4.79373125452697,5.92053596639854,0.536121634811569,2.8556124755957,0.257650787372382,3.56620977046177,2.24108380558032,1.39155490421294,-0.0664289393314967,7.07284689076265,10.1535873143905,0.740381832041185,0.227559531216134,0.196105991743476,0.0130383491887309,0.961740081595941,3.0115187546295,0.644365854669281,0.288021135629014,0.577044048957565,0.240435020398985,0.18952770056078,0.434143831109079,-0.0223530331252982,-0.00393038093878628,1.00470999178479,1.0013276393969,1.00337786779753,0.546838966878481,0.0510558811395577,0.402105151981961,1.04437433694369,1.0405686309809,0.628421755821207,0.390205566632373,-0.0186273224535794,0.000510434358387083,0.965422306606922,0.0186075988194984,1.00714524946111,-0.0436717485689531,0.67,0.1,1.015,0.5,0.6,0.25,0.4,0.005,0.975,0.8,0.1,1.1783466316373,0.793915315851211,0.471338652654922,0.255374090069888,0.358617442467399,0.565920456613157,-1.3011025928613,2.54472520887886,5.57337749723948
94,-0.00373525439570726,0.739474653227107,0.0939867721675639,0.0002854325761803,-0.0063269045433979,-0.000721277660607034,0.0324220121880494,0.0194523680100367,0.0177346931839821,4.75838142377624,5.8288262139777,0.530923284868716,2.82532256883845,0.256587735870777,3.5417618726991,2.24596575740793,1.36215920255664,-0.0663630872654645,7.04280582093762,10.002677228772,0.734168180908083,0.228341936165874,0.194575758541714,0.0130202474340544,0.958139348848415,2.9928505564557,0.641953363728438,0.285856779217729,0.574883609309049,0.239534837212104,0.189883296412425,0.433746848585896,-0.025972293065644,-0.00353526716721093,1.00500830748059,1.00124606933231,1.00375755597301,0.545416438082268,0.0512619305024824,0.403321631415249,1.04445043715161,1.04061771107273,0.634137990676468,0.384599318507701,-0.018737309184169,0.000345057444150708,0.965280216961936,0.0186997450053093,1.00729544814876,-0.0463792959045555,0.67,0.1,1.015,0.5,0.6,0.25,0.4,0.005,0.975,0.8,0.1,1.17699672929845,0.795258115268743,0.470798691719379,0.253994481019865,0.35674714760314,0.566153457637831,-1.29458814006723,2.49746635313396,5.56867170631754
95,-0.00382427417838838,0.743305703311775,0.0945435906718873,-0.000314957929873128,-0.0062026455664872,-0.0010540073782408,0.0326691972865521,0.0195897579025224,0.0178580695672879,4.72277571625927,5.74115599544724,0.525650036022645,2.79604887932821,0.255392387529671,3.5178045297056,2.25059942125935,1.33351239690693,-0.0663072884606871,7.01228425946254,9.85750944611147,0.727731006023589,0.229085697902534,0.1931062235723,0.0129958709319603,0.954673274046147,2.97422669284617,0.639631093610918,0.283772982771564,0.572803964427688,0.238668318511537,0.190176575958618,0.433317044467703,-0.0292261275682531,-0.00314574506844797,1.00532313878822,1.00115660445072,1.00416172087262,0.544114255327449,0.0514425154344172,0.404443229238133,1.044527849703,1.04066842313334,0.639773870962553,0.379075183298639,-0.0188490542611918,0.000189925424699892,0.965138207742455,0.0187677525543154,1.00745682903923,-0.0486748350632371,0.67,0.1,1.015,0.5,0.6,0.25,0.4,0.005,0.975,0.8,0.1,1.17554555380283,0.796371424246056,0.47021822152113,0.252628994173669,0.354900136656203,0.566422383517391,-1.28895890686412,2.45079481717387,5.56468561854504
96,-0.00396191223502581,0.746767235588067,0.0950195029524445,-0.00108815726086187,-0.00609128186562258,-0.0014627056389358,0.0330212153021794,0.0197782040485336,0.0180254797036442,4.67219427032837,5.63782530482667,0.51834988141388,2.76578128835455,0.253857492703867,3.49425951463447,2.25486392314196,1.30564574988436,-0.0662501583918473,6.96670265479768,9.69647617161364,0.718916021887114,0.230048988310743,0.191778884274531,0.0129588061612146,0.951387017353049,2.95561147754962,0.637429301626543,0.281530412451856,0.570832210411829,0.237846754338262,0.190404526983394,0.432874245900072,-0.0321841733269861,-0.00282277326949837,1.00565146930809,1.0010182782038,1.004628478026,0.542951026345444,0.0515909366508637,0.405458037003691,1.04468710260323,1.04078533873125,0.645305225241074,0.373654488001284,-0.0189597132423571,4.59450859401492e-05,0.964903757192422,0.0188058398397199,1.00762595117163,-0.0505561006249923,0.67,0.1,1.015,0.5,0.6,0.25,0.4,0.005,0.975,0.8,0.1,1.17400883449291,0.797262045554478,0.469603533797163,0.251183773787865,0.353215805788926,0.567380511213418,-1.2841433533217,2.40472102736879,5.56127568664136
97,-0.00416921874747688,0.74977590496545,0.0953958550767195,-0.00205906050801208,-0.00599609940951118,-0.00199133198777113,0.0335310738933655,0.0200433762510841,0.0182590433970361,4.60025651696689,5.51111860987535,0.508187083807775,2.73372016771247,0.251869890491904,3.47096712853647,2.25856212620557,1.27858494780864,-0.0661799454777417,6.89961566497711,9.5111215268405,0.706782195603748,0.231351522698353,0.190634987332531,0.0129051667818109,0.948315693205489,2.93692010575184,0.635371514447678,0.279022500675985,0.568989415923293,0.237078923301372,0.19055450089371,0.432434328559189,-0.0349423931386714,-0.00259143819141383,1.00599623281117,1.00080993515879,1.005182100487,0.541954966824956,0.0517002574733418,0.406344775701702,1.04496698760834,1.04099926170168,0.650701099309428,0.368365616976544,-0.0190667162859726,-8.59693931486346e-05,0.964531034274973,0.0188082496844686,1.00779903919885,-0.0520212360078395,0.67,0.1,1.015,0.5,0.6,0.25,0.4,0.005,0.975,0.8,0.1,1.17236957559408,0.797915611130213,0.468947830237632,0.249615135639608,0.351754295101983,0.569347845801242,-1.28006993991985,2.35920883851149,5.55824083699696
98,-0.00443420814331198,0.752277394680065,0.095653774143939,-0.00323316532962181,-0.00592082898465618,-0.00260426625525989,0.0341615365339552,0.0203662667887468,0.0185421422657427,4.51357720310616,5.37064816068368,0.496005575013222,2.70079748267622,0.24946512034921,3.44785367416018,2.26157089600702,1.25236987551265,-0.0660870973594905,6.81742561887027,9.31200332136225,0.692218817801655,0.232893734346629,0.189650743980669,0.012835219798714,0.945468436351237,2.91814389167496,0.633463852355329,0.276351929600345,0.567281061810742,0.236367109087809,0.190616214589546,0.43200091086436,-0.0375712793255184,-0.00242566180368792,1.00636276604043,1.00054362081597,1.00581598353475,0.541145696804489,0.0517626282611011,0.407091674934409,1.04533831241534,1.04128650618549,0.655935869017959,0.363231735992306,-0.0191676050102642,-0.000204638659240482,0.964052437655288,0.0187707404441202,1.00797187934946,-0.0530687953000438,0.67,0.1,1.015,0.5,0.6,0.25,0.4,0.005,0.975,0.8,0.1,1.17059759709074,0.798307948146612,0.468239038836296,0.247963061959887,0.35046152099254,0.572091616425595,-1.2767338054423,2.31429332785607,5.55543391146823
99,-0.00472312952436296,0.754285626135416,0.0957759896309058,-0.00459905823507301,-0.00586924517121223,-0.00321537750657419,0.0348146989773745,0.0206983145620995,0.0188326378083145,4.4261289732651,5.23505026152603,0.483558714882842,2.66889876438725,0.246770714921207,3.42502883981541,2.26393394772234,1.22706003892013,-0.0659651468270564,6.73390991038271,9.11964167419575,0.677116166494746,0.234439046470758,0.188761212066173,0.012751883517754,0.942831690584341,2.89941461266501,0.631697232691509,0.273750072379126,0.565699014350605,0.235707922646085,0.19059205707549,0.431568629987668,-0.0400847872002015,-0.00226934251625799,1.00675362422893,1.00025325482802,1.0064987235678,0.540522537994382,0.0517690809942208,0.407708381011397,1.0457286439892,1.04158927648804,0.660997046624678,0.358262688084771,-0.0192597347094489,-0.000309103979296316,0.963552200282159,0.0186908375510953,1.00813987360089,-0.0536977446870571,0.67,0.1,1.015,0.5,0.6,0.25,0.4,0.005,0.975,0.8,0.1,1.16867880298837,0.798428556909044,0.467471521195347,0.246322385347685,0.349219872989154,0.575016500492798,-1.27421900408895,2.27013667824687,5.5528266112809
100,-0.00499518736545874,0.755892245332987,0.0957504510970044,-0.00610989216918945,-0.00584480207381888,-0.00372726360959486,0.0353754623881617,0.020983284089895,0.0190819289956104,4.35238118863007,5.12263237226555,0.472609487512495,2.63996999971421,0.243939901911582,3.40278850887234,2.26587669560668,1.20272206914078,-0.0658102558751184,6.66348086148608,8.95429536669453,0.663398047996659,0.235723716589745,0.187890523504196,0.0126589144477002,0.940376963309267,2.88099546994932,0.630052565417209,0.271469701893924,0.56422617798556,0.235094240827317,0.190500739340409,0.431132967487,-0.0424331390625383,-0.00206029990042195,1.00716575868845,0.999979836697714,1.00718606688558,0.540060996610211,0.0517110840453255,0.408227919344463,1.04605544079849,1.04184235638486,0.665888194255591,0.353451901581552,-0.0193400958371425,-0.000399834053192496,0.963128793123068,0.0185700169571389,1.00829850896209,-0.0539074634717686,0.67,0.1,1.015,0.5,0.6,0.25,0.4,0.005,0.975,0.8,0.1,1.16663223112175,0.798304210437493,0.466652892448702,0.24480079428628,0.347906115574952,0.57743163909091,-1.27265279949333,2.2270115351597,5.55051868878848
101,-0.00502291420214821,0.757452615442061,0.0957303919911521,-0.00605817785311835,-0.00584990978059918,-0.00379770975567628,0.0354578775845509,0.0210380812245281,0.0191333559747194,4.33577786109164,5.08548975744479,0.468910322978049,2.62230450415324,0.242147100147592,3.38173777105928,2.26805654768758,1.17932039875528,-0.0656391753835828,6.64921278646348,8.87611907145884,0.658008151947538,0.235766973016057,0.18673651398394,0.0125899042054801,0.937887323878728,2.86352609222418,0.628384506998748,0.270505629678199,0.562732394327237,0.234471830969682,0.190388595331789,0.430652404120328,-0.0445207154921374,-0.0017643268576226,1.00756946203325,0.999951971226841,1.00761785668272,0.539612113854351,0.0516572791824512,0.408730606963197,1.04601551261265,1.04180203274244,0.670677829338951,0.34873206575857,-0.0194098950975203,-0.000419201117006666,0.963128793123068,0.0185700169571389,1.00844400762311,-0.0539074634717686,0.67,0.1,1.015,0.5,0.6,0.25,0.4,0.005,0.975,0.8,0.1,1.16451149050438,0.798077717426054,0.465804596201751,0.243719847516806,0.346056934582351,0.576827301404627,-1.27066652410686,2.18549652329265,5.54902546823903
102,-0.00504978466172112,0.758967358775196,0.09571463652844,-0.00601753977090935,-0.00585392160176956,-0.00386584193352923,0.03553682670804,0.0210906133786071,0.0191826678886329,4.32004611075116,5.0501446624951,0.465407927451116,2.60554712651891,0.240447653160315,3.36186197572949,2.27043401036635,1.15688538334211,-0.0654574179789715,6.63601772371692,8.80152061699028,0.652922967066558,0.235823011879212,0.185629468476785,0.0125248044340989,0.93550819501073,2.84699239575994,0.626790490657189,0.269625523681827,0.561304917006438,0.233877048752682,0.190285409279798,0.43010446681456,-0.0464353370368878,-0.0015574532480714,1.00794688369805,0.99992496641497,1.00802251924145,0.539175989486158,0.0516070338585296,0.409216976655312,1.04597720227019,1.04176331442239,0.675350156180546,0.34412042840964,-0.0194705845901862,-0.000414208965804113,0.963128793123068,0.0185700169571389,1.00858864674037,-0.0539074634717686,0.67,0.1,1.015,0.5,0.6,0.25,0.4,0.005,0.975,0.8,0.1,1.16249703784942,0.797707010700634,0.464998815139768,0.242695685019084,0.344283632981676,0.57627866225562,-1.2683817124311,2.14565449111456,5.54824002885579
103,-0.00507581653617052,0.760437252544573,0.0957022612812251,-0.00598560856864183,-0.00585707269431202,-0.00393171387904534,0.0356124954097208,0.0211410004943822,0.0192299764445115,4.30512804410652,5.01648501508691,0.4620863448827,2.58955761813077,0.238834176923331,3.34308841884128,2.27299111952279,1.13536677632057,-0.0652694770020747,6.6238183894228,8.73028882875645,0.648114267001,0.235890702493933,0.18456704141477,0.0124632221970434,0.933238984289676,2.83133222978364,0.625270119474083,0.26877975451612,0.559943390573805,0.233309746072419,0.190191476700436,0.429582497277517,-0.0481872015161629,-0.00136141165085027,1.0083064814052,0.999898804381149,1.00840852793024,0.538752605906676,0.0515598426564216,0.409687551436902,1.04594041822337,1.04172610963879,0.679907568912636,0.3396161375596,-0.0195237064722352,-0.000410070753759257,0.963128793123068,0.0185700169571389,1.00873266864117,-0.0539074634717686,0.67,0.1,1.015,0.5,0.6,0.25,0.4,0.005,0.975,0.8,0.1,1.16058857557042,0.797365047644764,0.46423543022817,0.241723433488623,0.342582178519878,0.57578196278259,-1.26589752100312,2.10739913621362,5.54810882476341
104,-0.00510102943654394,0.761863187007557,0.0956925409947992,-0.00596052059240104,-0.00585954774375497,-0.00399538455714799,0.0356850418391502,0.021189343776186,0.0192753755664839,4.2909715250892,4.98441139826051,0.458932021333725,2.57429007634736,0.237300290940601,3.32534652104792,2.27571103382247,1.11471418501532,-0.0650786977898804,6.61254550978056,8.66223137257519,0.643558445294904,0.235968963543303,0.183546999118519,0.0124048308104587,0.931073722497919,2.81648858508828,0.623819394073606,0.267967102178046,0.558644233498751,0.23276843062448,0.190106012674416,0.429088107907077,-0.0497862975391122,-0.00117616690397392,1.00864914838831,0.999873465416273,1.00877679353995,0.538341856949516,0.0515153002153579,0.410142842835125,1.04590508995285,1.0416903503783,0.684353049948958,0.335217451163212,-0.0195705011121711,-0.000406436872913431,0.963128793123068,0.0185700169571389,1.00887620017112,-0.0539074634717686,0.67,0.1,1.015,0.5,0.6,0.25,0.4,0.005,0.975,0.8,0.1,1.15877928870039,0.797055072660484,0.463511715480154,0.240798961834653,0.340948779570249,0.575333612826595,-1.26328872233727,2.0706437194607,5.54858160657284
105,-0.00512544419497669,0.76324613277693,0.0956849060452458,-0.00594081039035022,-0.00586149180104023,-0.00405691629781246,0.0357546238564962,0.0212357449740408,0.0193189599266575,4.27752769052659,4.95382944340504,0.455932747502464,2.55970490945477,0.235840351470154,3.30857079156952,2.27857788353726,1.09488046037576,-0.0648875523434994,6.60213408752144,8.59716707465334,0.639234900104291,0.236056821211006,0.182567247996739,0.0123493534751724,0.929006803147983,2.80240914070699,0.622434558109149,0.267186414440533,0.55740408188879,0.232251700786996,0.19002830775341,0.428619571530176,-0.0512424310262672,-0.00100167464375215,1.00897574078182,0.999848928584048,1.00912819120654,0.537943570318564,0.0514730799835759,0.410583349697859,1.04587114208576,1.04165596182708,0.688689475630602,0.330922482652975,-0.0196119582835766,-0.000403060118710731,0.963128793123068,0.0185700169571389,1.00901928586709,-0.0539074634717686,0.67,0.1,1.015,0.5,0.6,0.25,0.4,0.005,0.975,0.8,0.1,1.15706291970466,0.796774225364106,0.462825167881865,0.239918681359515,0.339379923973484,0.574930331161057,-1.26061141793349,2.03530727159241,5.5496110234719
106,-0.00514908240413384,0.764587115341862,0.0956789090349049,-0.00592532589875927,-0.00586301879095086,-0.00411637337513326,0.035821385363666,0.0212802966855793,0.0193608156189746,4.26475210020184,4.92465271756792,0.453077774331389,2.54576517286814,0.234449349236657,3.2927004308494,2.28157673755683,1.07582154276208,-0.0646978494695134,6.59252447731036,8.5349284396438,0.635125828193555,0.236153360009516,0.181625809745583,0.0122965540950223,0.927032970046797,2.78904576085808,0.621112089931354,0.266436511955792,0.556219782028078,0.231758242511699,0.189957720457828,0.428175286631431,-0.0525651120367633,-0.000837745481537379,1.00928707200063,0.999825172183845,1.00946355430932,0.537557525050764,0.0514329175403607,0.411009557408875,1.04583850805106,1.04162287866033,0.69291962189374,0.326729250157496,-0.0196488720512356,-0.000399762789278271,0.963128793123068,0.0185700169571389,1.00916191061625,-0.0539074634717686,0.67,0.1,1.015,0.5,0.6,0.25,0.4,0.005,0.975,0.8,0.1,1.15543371822895,0.796519938198235,0.462173487291578,0.23907945889659,0.337872323019626,0.574569023402512,-1.25790743678391,2.00131426429289,5.55115251319353
107,-0.00517196606398851,0.765887195260905,0.095674198560866,-0.00591316158962119,-0.00586421819301908,-0.00417382093050245,0.0358854614000184,0.0213230858754099,0.0194010235153135,4.25260381980183,4.89680104301393,0.450357488458987,2.5324363299199,0.23312280065725,3.27767895012091,2.28469356160341,1.05749628352608,-0.0645108950085823,6.58366144144473,8.47535956317043,0.631215623287464,0.236257728663615,0.180720820049549,0.0122462291798093,0.925147292446887,2.77635405159915,0.619848685939414,0.265716197648133,0.555088375468132,0.231286823111722,0.189893668624118,0.427753772600386,-0.0537634769463736,-0.000684084868242015,1.00958391495121,0.999802174105691,1.00978367631003,0.537183465084118,0.0513945975020719,0.411421937413809,1.04580712562569,1.04159103985676,0.697046170893795,0.322635712533407,-0.0196818834272018,-0.000396421337698933,0.963128793123068,0.0185700169571389,1.00930401761272,-0.0539074634717686,0.67,0.1,1.015,0.5,0.6,0.25,0.4,0.005,0.975,0.8,0.1,1.15388638375597,0.796289909134495,0.461554553502388,0.238278530721358,0.336422901664051,0.574246794297667,-1.25520770944809,1.96859425552216,5.5531641700123
108,-0.00519411731238598,0.767147452815206,0.0956704986150251,-0.00590360581567817,-0.0058651602878268,-0.00422932416275024,0.0359469790036179,0.0213641944253415,0.019439659776705,4.24104503655877,4.87019990787085,0.447763236846244,2.51968605861384,0.231856666139909,3.26345382610364,2.28791517762432,1.03986626260725,-0.0643276141279251,6.57549372727907,8.41831516477924,0.627490490528249,0.236369135051032,0.179850522100959,0.0121982016700213,0.923345140972806,2.76429298125334,0.61864124445178,0.265024276015859,0.554007084583683,0.230836285243201,0.189835621955045,0.427353658038116,-0.0548462397333814,-0.000540326279580588,1.00986700383169,0.999779912101052,1.01008931226617,0.536821109777378,0.0513579432394729,0.411820946983148,1.04577693647991,1.04156038823814,0.701071717124356,0.318639796368807,-0.0197115134931631,-0.000392952828686135,0.963128793123068,0.0185700169571389,1.00944552202383,-0.0539074634717686,0.67,0.1,1.015,0.5,0.6,0.25,0.4,0.005,0.975,0.8,0.1,1.15241601565991,0.79608206580278,0.460966406263966,0.237513438050728,0.335028781143766,0.573960933222526,-1.25253485771377,1.93708154107145,5.55560661589644
109,-0.00521555822095361,0.768368976167481,0.0956675924059526,-0.00589609936220736,-0.00586590027699496,-0.00428294772511262,0.0360060579327044,0.0214036995940595,0.0194767962800783,4.23004073455786,4.84477995271138,0.445287185338937,2.50748407962441,0.230647284281538,3.24997618788495,2.29122922431357,1.02289560820446,-0.0641486446330827,6.56797370480651,8.36365971947106,0.62393814106752,0.236486841786685,0.179013260277369,0.0121523160801271,0.921622165922728,2.75282455308916,0.617486851168228,0.264359567205823,0.552973299553637,0.230405541480682,0.189783095851605,0.426973669821666,-0.0558216647578477,-0.00040605631836466,1.01013703586928,0.999758363987941,1.01038118034836,0.536470162044787,0.0513228088004561,0.412207029154756,1.04574788579712,1.04153087008533,0.704998772868968,0.314739416251292,-0.0197381891202602,-0.000389304589593578,0.963128793123068,0.0185700169571389,1.00958632132501,-0.0539074634717686,0.67,0.1,1.015,0.5,0.6,0.25,0.4,0.005,0.975,0.8,0.1,1.15101807119084,0.795894534365585,0.460407228476336,0.23678197597048,0.333687263416571,0.573708901256752,-1.24990518119329,1.90671481952628,5.55844287520233
110,-0.00523631064191974,0.769552852275012,0.0956653096529713,-0.00589020283546438,-0.00586648151880953,-0.00433475528215699,0.0360628112760399,0.0214416744049402,0.019512500978003,4.21955841817446,4.82047652022974,0.442922203899312,2.49580200149777,0.229491318558379,3.23720053239577,2.29462411875061,1.00655082177935,-0.0639744081341803,6.56105705298173,8.31126667530887,0.620547548991072,0.236610162324379,0.178207474042109,0.0121084346675612,0.919974277613535,2.74191352105233,0.616382766001069,0.263720917055512,0.551984566568121,0.229993569403384,0.189735646267714,0.426612623760973,-0.0566975552246851,-0.000280833566626149,1.01039467299333,0.999737507804871,1.01065996334564,0.536130314625689,0.0512890725630115,0.412580612811299,1.04571992195329,1.0415024348152,0.708829773066744,0.310932489880445,-0.0197622629471893,-0.00038544631278308,0.963128793123068,0.0185700169571389,1.00972630305251,-0.0539074634717686,0.67,0.1,1.015,0.5,0.6,0.25,0.4,0.005,0.975,0.8,0.1,1.1496883298446,0.795725613946717,0.45987533193784,0.236082152834511,0.332395817174651,0.573488319560465,-1.2473301804314,1.87743687368637,5.56163825322567
111,-0.00525639609454146,0.77070015996464,0.0956635166069505,-0.00588557101312692,-0.00586693806940575,-0.00438480919015438,0.0361173459746472,0.0214781879766833,0.0195468382051379,4.20956787455727,4.79722925773411,0.440661772866803,2.48461318072551,0.228385713861216,3.22508446536312,2.29808901915848,0.990800610492277,-0.0638051642876405,6.55470248581094,8.26101774652198,0.617308756840907,0.236738457478159,0.177431692109101,0.0120664344005281,0.918397628492333,2.73152714121583,0.615326411089863,0.263107204072568,0.5510385770954,0.229599407123083,0.18969286538297,0.426269416550847,-0.0574812529481065,-0.000164202650316891,1.01064054344619,0.999717321924986,1.01092631014952,0.535801254896337,0.0512566322458007,0.412942112857862,1.04569299624392,1.0414750347064,0.712567079665314,0.307216949240829,-0.0197840289061439,-0.000381364040789457,0.963128793123068,0.0185700169571389,1.00986535055887,-0.0539074634717686,0.67,0.1,1.015,0.5,0.6,0.25,0.4,0.005,0.975,0.8,0.1,1.14842286289328,0.795573755483867,0.459369145157312,0.235412157838691,0.331152065225061,0.573296958839474,-1.24481772391256,1.84919427014775,5.56516021883558
112,-0.00527583568229831,0.771811964703516,0.0956621082124833,-0.00588193267620585,-0.00586729667860997,-0.00443317027246692,0.0361697632726337,0.0215133058082904,0.0195798689421627,4.20004096798355,4.77498176417832,0.438499905860356,2.47389259476938,0.227327660814895,3.21358846502809,2.30161378879118,0.975615728339719,-0.0636410521028125,6.54887151112963,8.21280227311502,0.614212719121199,0.236871132287497,0.176684526895714,0.0120262045487602,0.916888596787378,2.72163495307593,0.614315359847544,0.262517344096018,0.550133158072427,0.229222149196845,0.189654377932592,0.42594301877943,-0.0581796461202702,-5.57046403150635e-05,1.01087524333429,0.99969778513929,1.01118083721016,0.53548266854304,0.0512254009840736,0.413291930472886,1.04566706264929,1.0414486246643,0.716212985526303,0.30359074877113,-0.0198037342974324,-0.000377055597140965,0.963128793123068,0.0185700169571389,1.0100033472274,-0.0539074634717686,0.67,0.1,1.015,0.5,0.6,0.25,0.4,0.005,0.975,0.8,0.1,1.14721800710935,0.795437544110158,0.45888720284374,0.234770334984772,0.329953773063175,0.573132729730462,-1.24237294155294,1.82193707780349,5.56897829134407
113,-0.00529465003393407,0.772889314698512,0.0956610019518352,-0.00587907475453631,-0.0058675783575034,-0.00447989766782486,0.0362201591109955,0.0215470900274423,0.0196116510456447,4.19095146040532,4.75368127503356,0.436431085902627,2.46361672643738,0.226314566275621,3.20267566626335,2.30518896096228,0.960968826664068,-0.0634821213629956,6.54352821646718,8.16651663930184,0.611251175576069,0.237007633167393,0.175964669274785,0.0119876447608169,0.915443771511101,2.71220858596847,0.613347326912438,0.261950293210258,0.54926626290666,0.228860942877775,0.189619838067807,0.425632468804483,-0.0587991826117797,4.51153467963567e-05,1.01109933812178,0.999678876715896,1.01142412996002,0.53517424234668,0.0511953042416977,0.413630453411621,1.04564207763075,1.04142316201752,0.719769717940692,0.300051871248509,-0.0198215891892004,-0.000372527126723529,0.963128793123068,0.0185700169571389,1.01014017950143,-0.0539074634717686,0.67,0.1,1.015,0.5,0.6,0.25,0.4,0.005,0.975,0.8,0.1,1.14607034191888,0.795315684361287,0.458428136767552,0.234155162048107,0.328798838492674,0.572993673972879,-1.23999890816726,1.79561860535426,5.57306393170303
114,-0.0053128592629372,0.773933238035319,0.0956601330097391,-0.00587682986543658,-0.00586779960963302,-0.00452504873428505,0.0362686244753064,0.0215795996093714,0.0196422394504727,4.18227485367153,4.73327837954567,0.434450212094811,2.45376345827091,0.225344028751108,3.19231166301894,2.30880570522712,0.946834314284278,-0.0633283564924579,6.53863907754935,8.12206374417496,0.608416547875498,0.237147445297518,0.175270883628087,0.0119506635220377,0.914059938659564,2.70322158678129,0.612420158901908,0.261405049349489,0.548435963195738,0.228514984664891,0.189588926646823,0.425336867347927,-0.0593458869580861,0.000138702684664219,1.01131336406878,0.999660576440748,1.01165674420163,0.534875666274439,0.0511662773794856,0.413958056346075,1.04561799995211,1.04139860634032,0.723239441804192,0.296598331940152,-0.0198377737443449,-0.000367790487122858,0.963128793123068,0.0185700169571389,1.01027573900535,-0.0539074634717686,0.67,0.1,1.015,0.5,0.6,0.25,0.4,0.005,0.975,0.8,0.1,1.14497666937737,0.795206987654755,0.457990667750947,0.233565233472098,0.327685282168281,0.57287795626149,-1.23769716570877,1.77019515746388,5.57739043807115
115,-0.00533048294123146,0.774944740629761,0.0956594504755933,-0.00587506652067571,-0.00586797339805223,-0.00456867899550351,0.0363152457058522,0.0216108905717925,0.0196716863500511,4.17398824982537,4.71372676590981,0.432552554750679,2.44431197581219,0.224413817761226,3.18246432727671,2.31245579472819,0.933188227201079,-0.0631796946525622,6.53417278589067,8.07935251892955,0.605701854770238,0.237290090214551,0.174602003197177,0.0119151769108947,0.912734068477973,2.69464926585093,0.611531825880242,0.260880652927924,0.547640441086784,0.228183517119493,0.189561348877443,0.425055372689548,-0.0598253796610008,0.000225489399977332,1.01151782961603,0.999642864644062,1.01187920745695,0.534586635032124,0.0511382637387695,0.414275101229106,1.04559479052169,1.04137491929585,0.726624262496224,0.2932281814451,-0.0198524439413233,-0.000362861292043752,0.963128793123068,0.0185700169571389,1.01040992397313,-0.0539074634717686,0.67,0.1,1.015,0.5,0.6,0.25,0.4,0.005,0.975,0.8,0.1,1.14393399648589,0.795110361604917,0.457573598594357,0.232999246352227,0.326611238956029,0.572783856694596,-1.23546812178263,1.74562580889252,5.58193284575251
116,-0.0053475400837739,0.775924804812373,0.0956589143604624,-0.00587368143122557,-0.0058681099048814,-0.00461084211894447,0.0363601047769254,0.0216410161502547,0.0197000413583259,4.16607022659186,4.69498299067821,0.430733717348179,2.43524267879077,0.223521856368426,3.17310364290988,2.31613157470991,0.920008107630825,-0.0630360394308533,6.53010009263248,8.03829748572096,0.603100641875543,0.237435123579549,0.173956925723365,0.011881107589792,0.911463303682077,2.68646855849543,0.610680413466991,0.260376186752448,0.546877982209246,0.227865825920519,0.189536832248846,0.424787196364783,-0.0602428977947862,0.000305891570127719,1.0117132167178,0.999625722215807,1.01209202027655,0.534306849197192,0.0511112131295626,0.414581937673245,1.04557241225132,1.04135206449681,0.729926228500294,0.289939507550174,-0.0198657360504672,-0.000357757453723896,0.963128793123068,0.0185700169571389,1.01054264015168,-0.0539074634717686,0.67,0.1,1.015,0.5,0.6,0.25,0.4,0.005,0.975,0.8,0.1,1.14293951946256,0.795024800829403,0.457175807785023,0.232455988858539,0.325574950021208,0.572709763749247,-1.23331135324576,1.72187219574886,5.58666783147553
117,-0.00536404914148219,0.776874388405467,0.0956584932540521,-0.00587259346093671,-0.00586821712790753,-0.00465158991798531,0.036403279550559,0.0216700269573281,0.0197273516568308,4.15850072573453,4.67700626934264,0.428989604006505,2.42653709940675,0.222666206271745,3.16420155302975,2.31982593220481,0.907272891991317,-0.0628972711663759,6.52639366633457,7.99881835387367,0.600606923092421,0.237582133098148,0.17333460936567,0.011848383980547,0.910244948541608,2.67865790008351,0.609864115522878,0.259890775413854,0.546146969124965,0.227561237135402,0.189515124702911,0.424531599290159,-0.0606033161787252,0.000380307654597125,1.01189998212406,0.99960913061281,1.01229565750737,0.534036016026462,0.0510850806364881,0.41487890333705,1.04555082992951,1.04133000738044,0.733147333798455,0.286730436347423,-0.0198777701458776,-0.000352498106609698,0.963128793123068,0.0185700169571389,1.01067380130926,-0.0539074634717686,0.67,0.1,1.015,0.5,0.6,0.25,0.4,0.005,0.975,0.8,0.1,1.14199060966079,0.794949378974326,0.456796243864315,0.231934330589744,0.324574755566826,0.572654167727431,-1.23122583702943,1.69889832289207,5.59157362195439
118,-0.00538002800048068,0.777794424181998,0.0956581624843485,-0.00587173887612646,-0.00586830134918959,-0.00469097237169547,0.0364448440088468,0.0216979711283121,0.0197536621292548,4.15126095240274,4.65975828553461,0.427316391468513,2.41817782700176,0.221845054986297,3.15573181956189,2.32353226688869,0.894962807382483,-0.0627632547092758,6.52302796286178,7.96083964969828,0.59821513133132,0.237730736575922,0.172734068883919,0.0118169395857858,0.909076458745136,2.67119711289877,0.609081227359241,0.259423584306356,0.545445875247082,0.227269114686284,0.189495993005578,0.424287888254754,-0.0609111685839599,0.00044911752852893,1.01207855861349,0.999593071859517,1.0124905695182,0.533773850012087,0.0510598256743525,0.41516632431356,1.04553001010646,1.04130871509552,0.736289520068018,0.283599132801722,-0.0198886528697401,-0.000347102821660542,0.963128793123068,0.0185700169571389,1.01080332944936,-0.0539074634717686,0.67,0.1,1.015,0.5,0.6,0.25,0.4,0.005,0.975,0.8,0.1,1.14108480088608,0.794883241742071,0.456433920354434,0.231433214463978,0.323609088155981,0.572615654627068,-1.22921012518854,1.67667038646089,5.59662990665353
119,-0.00539549398609888,0.778685819619262,0.0956579026720761,-0.00587106761352085,-0.00586836750313036,-0.004729037657485,0.0364848684681207,0.0217248944555671,0.0197790154854922,4.14433328394178,4.64320301669094,0.425710504780444,2.41014843850258,0.221056704729992,3.14766989393316,2.32724446309784,0.883059276060433,-0.0626338452251208,6.5199791058477,7.92429037663053,0.595920076711333,0.237880580094739,0.172154372073158,0.0117867124260178,0.907955431976424,2.66406730334457,0.608330139424204,0.258973818389202,0.544773259185854,0.226988857994106,0.189479221286655,0.424055412727611,-0.061170668597272,0.000512682040856625,1.01224935617814,0.999577528543971,1.01267718338229,0.533520073243303,0.0510354112399068,0.41544451551679,1.04550992098919,1.04128815639956,0.739354678704818,0.280543800912066,-0.0198984796168842,-0.00034159104165626,0.963128793123068,0.0185700169571389,1.0109311548081,-0.0539074634717686,0.67,0.1,1.015,0.5,0.6,0.25,0.4,0.005,0.975,0.8,0.1,1.14021977791037,0.794825600749661,0.456087911164149,0.230951649838011,0.322676466560332,0.572592900399297,-1.22726247723747,1.65515661049501,5.60181775465944
120,-0.00541046387040417,0.779549456879082,0.0956576985952694,-0.00587054034836409,-0.00586841946558481,-0.00476583219292426,0.0365234197775671,0.0217508405131299,0.0198034523767217,4.13770118691433,4.62730657435964,0.424168596026547,2.40243343410046,0.22029956271725,3.13999279787109,2.33095686299721,0.871544827384689,-0.0625088925108044,6.51722477648745,7.88910370279549,0.593716910801771,0.238031336298608,0.171594636435147,0.0117576445687778,0.906879599141245,2.6572507682672,0.607609331424634,0.258540720776771,0.544127759484747,0.226719899785311,0.189464609722694,0.423833561940187,-0.0613857298808491,0.000571342960559821,1.01241276316101,0.999562483810244,1.01285590401691,0.533274415618919,0.0510118033178429,0.415713781063238,1.04549053234517,1.0412683015647,0.742344652693962,0.277562683575464,-0.019907336269426,-0.000335981683929292,0.963128793123068,0.0185700169571389,1.01105721569481,-0.0539074634717686,0.67,0.1,1.015,0.5,0.6,0.25,0.4,0.005,0.975,0.8,0.1,1.13939336602046,0.794775728080421,0.455757346408184,0.230488706614009,0.321775490084207,0.572584665559593,-1.22538095980112,1.63432709662843,5.60711953555041
121,-0.00542495388232256,0.780386192960883,0.0956575382974259,-0.00587012619120986,-0.00586846028094612,-0.00480140068389412,0.0365605615043319,0.0217758507729229,0.019827011502729,4.13134914130234,4.61203705758749,0.422687525605803,2.39501817769369,0.219572132620459,3.13267901342296,2.33466424088435,0.860403016717603,-0.0623882441789995,6.5147441116238,7.85521667343369,0.591601095778631,0.238182702779619,0.171054026072676,0.0117296817313679,0.905846816190889,2.65073090936243,0.606917366847895,0.258123571222393,0.543508089714533,0.226461704047722,0.189451973342509,0.423621762210131,-0.0615599856540012,0.00062542320653342,1.01256914734724,0.999547921348266,1.01302711527969,0.533036614945684,0.050988970408097,0.415974414646218,1.04547181541351,1.04124912229097,0.745261238346063,0.274654062235857,-0.0199153005819207,-0.000330292869423939,0.963128793123068,0.0185700169571389,1.01118145822209,-0.0539074634717686,0.67,0.1,1.015,0.5,0.6,0.25,0.4,0.005,0.975,0.8,0.1,1.13860352146679,0.794732951418914,0.455441408586718,0.230043510145192,0.32090483332014,0.572589790124931,-1.22356352128052,1.6141536858688,5.61251884414564
122,-0.0054389797196141,0.78119685998558,0.0956574123869862,-0.00586980087863476,-0.00586849234051479,-0.00483578617689762,0.036596354106746,0.0217999647135949,0.0198497297124415,4.12526257103303,4.59736441804962,0.421264345639628,2.38788884167667,0.218873007007764,3.12570838139317,2.33836177861075,0.849618350766436,-0.0622717479840186,6.51251760926122,7.8225699459125,0.589568377606106,0.23833440055613,0.17053174879273,0.0117027729427321,0.904855056494688,2.64449215478373,0.606252887851441,0.257721684544822,0.542913033896813,0.226213764123672,0.189441140938694,0.423419474478479,-0.0616968072873721,0.000675227281108011,1.0127188570101,0.999533825381788,1.01319118102208,0.532806416949932,0.0509668831486121,0.416226699901455,1.04545374282256,1.04123059162624,0.748106186914496,0.271816256380185,-0.0199224432946808,-0.000324541746506541,0.963128793123068,0.0185700169571389,1.01130383596034,-0.0539074634717686,0.67,0.1,1.015,0.5,0.6,0.25,0.4,0.005,0.975,0.8,0.1,1.13784832270218,0.794696649680681,0.455139329080874,0.229615236792261,0.320063241296801,0.572607188852992,-1.22180804744216,1.59460983152212,5.6180004290075
123,-0.00545255656213653,0.781982265577348,0.095657313487092,-0.00586954535197837,-0.00586851752260276,-0.00486903011387951,0.0366308550969836,0.0218232199228222,0.0198716420984403,4.1194277801134,4.58326033576129,0.419896285179335,2.38103235570448,0.218200860603346,3.11906200747912,2.3420450420986,0.839176218878057,-0.0621592534975392,6.51052704077695,7.79110754529391,0.587614762538244,0.238486172636569,0.170027053404934,0.0116768702531025,0.903902403718997,2.63851988719548,0.605614610491728,0.257334409033794,0.542341442231398,0.225975600929749,0.189431954071626,0.423226192036877,-0.0617993219477558,0.000721041846248371,1.01286222191262,0.999520180655053,1.01334844610024,0.532583575223879,0.0509455140132668,0.416470910762853,1.04543628851335,1.04121268389173,0.750881206107045,0.26904762292825,-0.0199288290352951,-0.000318744385400295,0.963128793123068,0.0185700169571389,1.01142430954356,-0.0539074634717686,0.67,0.1,1.015,0.5,0.6,0.25,0.4,0.005,0.975,0.8,0.1,1.13712596231896,0.794666249065168,0.454850384927586,0.229203110013999,0.319249524984808,0.572635846762339,-1.22011240246496,1.57567048237509,5.62355012456611
124,-0.0054656990859603,0.782743193317479,0.0956572358033865,-0.00586934464091171,-0.00586853730258163,-0.00490117238830812,0.0366641191942112,0.0218456521937383,0.0198927820860698,4.11383189376959,4.56969810436151,0.418580736945122,2.37443635910206,0.217554444245898,3.11272217545622,2.34570995892879,0.829062829820788,-0.0620506132933666,6.50875536920681,7.76077663864499,0.585736496380136,0.238637782663206,0.169539227202326,0.0116519284824825,0.902987045174389,2.6328003776181,0.605001320266841,0.256961124861613,0.541792227104633,0.225746761293597,0.189424266154783,0.423041438425143,-0.0618704292665203,0.00076313639588695,1.01299955426596,0.99950697241861,1.01349923734368,0.532367851123214,0.0509248370690355,0.416707311807749,1.04541942766804,1.04119537461268,0.753587961503496,0.266346555551264,-0.0199345170547608,-0.000312915724722165,0.963128793123068,0.0185700169571389,1.01154284624672,-0.0539074634717686,0.67,0.1,1.015,0.5,0.6,0.25,0.4,0.005,0.975,0.8,0.1,1.13643473960792,0.794641219473697,0.45457389584317,0.22880639689994,0.318462557129669,0.572674814914942,-1.21847445892166,1.55731197530353,5.62915478673195
125,-0.00547842147799999,0.783480403250208,0.0956571747845315,-0.00586918698646421,-0.00586855283932275,-0.00493225140158216,0.0366961984690938,0.0218672956160298,0.0199131815176422,4.10846280407879,4.5566525250833,0.417315245378144,2.36808915662119,0.21693257944437,3.10667226682597,2.34935279697334,0.8192651536153,-0.0619456837626778,6.50718667307089,7.73152732646461,0.583930046060748,0.238789013630928,0.169067593612097,0.0116279050009119,0.902107265596552,2.62732072449765,0.60441186794969,0.256601242520224,0.541264359357931,0.225526816399138,0.189417941612174,0.422864765482413,-0.061912817029613,0.000801763989306558,1.0131311496453,0.99949418641461,1.01364386448271,0.532159013628917,0.0509048277798652,0.416936158591217,1.04540313664302,1.04117864045361,0.756228077889151,0.263711483944954,-0.0199395618341051,-0.000307069556053392,0.963128793123068,0.0185700169571389,1.0116594195497,-0.0539074634717686,0.67,0.1,1.015,0.5,0.6,0.25,0.4,0.005,0.975,0.8,0.1,1.13577305367443,0.794621071244849,0.454309221469774,0.228424405072071,0.317701268384398,0.572723206444293,-1.21689211935964,1.53951193653292,5.63480223186101
126,-0.00549073745090673,0.784194632424777,0.0956571268555514,-0.00586906315215741,-0.00586856504309374,-0.00496230411907161,0.0367271424803744,0.0218881826621445,0.0199328707321467,4.10330911965472,4.54409980863009,0.416097495826674,2.36197967727785,0.216334153448515,3.10089668639664,2.3529701440438,0.809770868005157,-0.0618443256523196,6.50580607527503,7.70331244976447,0.582192083157807,0.238939666676664,0.168611510004668,0.0116047595349369,0.901261441329552,2.62206879750388,0.6038451656908,0.25625420129771,0.540756864797731,0.225315360332388,0.18941285510015,0.4226957515375,-0.0619289759049767,0.000837162018962312,1.01325728786472,0.999481808861839,1.01378262103496,0.531956839183337,0.0508854628474386,0.417157697969223,1.04538739290621,1.04116245915759,0.758803140512893,0.261140873076345,-0.0199440135892382,-0.000301218535777348,0.963128793123068,0.0185700169571389,1.01177400869909,-0.0539074634717686,0.67,0.1,1.015,0.5,0.6,0.25,0.4,0.005,0.975,0.8,0.1,1.13513939705677,0.79460535216809,0.454055758822709,0.228056479897402,0.316964643717189,0.572780192814018,-1.21536333152235,1.52224919083345,5.6404811789363
127,-0.00550266025802732,0.784886595461545,0.0956570892083818,-0.00586896588289876,-0.00586857462888979,-0.00499136612528261,0.0367569984041229,0.0219083442689792,0.0199518786408034,4.09836011900796,4.53201748426686,0.414925304718787,2.35609743602845,0.21575811476645,3.09538079331541,2.35655888852554,0.800568309186506,-0.061746404396642,6.50459967668189,7.67608741148642,0.580519469084446,0.239089559935515,0.168170365650104,0.0115824539958505,0.900448034882903,2.61703318562108,0.603300183371545,0.255919467803855,0.540268820929742,0.225112008720726,0.189408890787127,0.42253399972604,-0.0619212132354117,0.00086955299296534,1.01337823381171,0.999469826440682,1.01391578515238,0.531761111508303,0.050866720081098,0.417372168410599,1.04537217497807,1.0411468094893,0.76131469627731,0.258633222418182,-0.0199479186954912,-0.000295374216112548,0.963128793123068,0.0185700169571389,1.01188659827599,-0.0539074634717686,0.67,0.1,1.015,0.5,0.6,0.25,0.4,0.005,0.975,0.8,0.1,1.13453234979957,0.794593644743129,0.453812939919828,0.227702001964828,0.316251719071935,0.572845000293134,-1.21388609877339,1.50550367798757,5.64618119483048
128,-0.00551420270828462,0.785556985132647,0.0956570596373498,-0.00586888947994713,-0.00586858215832364,-0.00501947167778638,0.036785811156165,0.0219278099153581,0.0199702327987465,4.09360570725171,4.52038431551031,0.413796610599028,2.35043249806565,0.215203469073126,3.09011083711519,2.36011620096689,0.791646426444755,-0.0616517902964562,6.50355449399297,7.64981001106556,0.57890924170187,0.239238527460046,0.167743579811605,0.0115609523261721,0.899665589836336,2.61220314914653,0.602775945190345,0.255596534551092,0.539799353901801,0.224916397459084,0.189405941685684,0.422379136423577,-0.0618916659331422,0.000899145317463074,1.01349423824287,0.999458226278174,1.0140436204292,0.531571621411248,0.0508485782908585,0.417579800297893,1.04535746237614,1.04113167118153,0.763764254867376,0.25618706518107,-0.0199513200484456,-0.000289547089127816,0.963128793123068,0.0185700169571389,1.0119971777756,-0.0539074634717686,0.67,0.1,1.015,0.5,0.6,0.25,0.4,0.005,0.975,0.8,0.1,1.13395057394159,0.794585563657856,0.453580229576635,0.227360384788783,0.315561578261589,0.572916906635279,-1.21245848691781,1.48925637591985,5.65189264251583
129,-0.00552537718087082,0.786206472949902,0.0956570364099478,-0.00586882946705003,-0.0058685880725301,-0.00504665375965729,0.0368136235081259,0.0219466076955672,0.0199879594730814,4.08903637586452,4.50918022186747,0.412709465926684,2.34497544553481,0.214669275462971,3.08507389837853,2.36363951659092,0.782994740373393,-0.0615603585857885,6.50265840162255,7.62444029106146,0.577358603165401,0.239386418199428,0.167330599966466,0.0115402203615345,0.898912726068278,2.60756857525501,0.602271526465746,0.255284918594785,0.539347635640967,0.22472818151707,0.189403909032315,0.422230809785063,-0.0618423125174445,0.000926134068183557,1.01360553854163,0.999446995933225,1.01416637667231,0.531388166583966,0.0508310171987378,0.417780816217295,1.04534323556285,1.04111702488477,0.76615328982337,0.253800967550543,-0.0199542573739135,-0.000283746639188579,0.963128793123068,0.0185700169571389,1.0121057412027,-0.0539074634717686,0.67,0.1,1.015,0.5,0.6,0.25,0.4,0.005,0.975,0.8,0.1,1.13339280838234,0.79458075346197,0.453357123352938,0.227031072709304,0.314893350076183,0.572995237950128,-1.21107862833241,1.47348922992938,5.65760663208995
130,-0.00553619563967415,0.786835709754318,0.0956570181653288,-0.00586878232819943,-0.00586859271801043,-0.00507294413025383,0.0368404761974742,0.0219647643891775,0.0200050837075275,4.08464316525516,4.49838620612824,0.411662029549434,2.33971734648908,0.214154643007455,3.08025783365642,2.36712651869756,0.774603304376095,-0.0614719894172319,6.50190007727738,7.59994039487963,0.575864908845359,0.239533095035399,0.166930900145519,0.011520225705701,0.898188135286008,2.60311993682437,0.601786050641626,0.254984160234851,0.538912881171605,0.224547033821502,0.189402701710741,0.422088688382327,-0.0617749843395516,0.000950701743424114,1.0137123594395,0.999436123382127,1.01428429063486,0.531210551397511,0.050814017364646,0.417975431237843,1.04532947589619,1.04110285211974,0.768483239562987,0.251473527934058,-0.0199567674970446,-0.000277981400388558,0.963128793123068,0.0185700169571389,1.01221228668565,-0.0539074634717686,0.67,0.1,1.015,0.5,0.6,0.25,0.4,0.005,0.975,0.8,0.1,1.13285786409635,0.794578886416872,0.453143145638538,0.226713538963685,0.31424620558902,0.573079365756061,-1.20974472410051,1.45818508751053,5.66331497448848
131,-0.00554666964738245,0.78744532630291,0.0956570038345774,-0.00586874530164172,-0.00586859636693426,-0.00509837337423535,0.0368664080319027,0.0219823055273605,0.0200216293838334,4.08041762990377,4.48798428676596,0.410652559779279,2.33464972591742,0.213658727584408,3.0756512243115,2.37057512292298,0.766462669177683,-0.0613865677891659,6.50126895098375,7.57627443469492,0.574425657191388,0.239678433872186,0.166543979382739,0.0115009376168672,0.897490576837105,2.59884825424957,0.601318686480861,0.254693821779434,0.538494346102263,0.224372644209276,0.189402235715183,0.421952459931982,-0.0616913760403334,0.000973018993028234,1.01381491370185,0.99942559700438,1.01439758671441,0.531038586695917,0.0507975601238799,0.418163853180203,1.04531616558329,1.0410891352326,0.770755508356981,0.249203376221327,-0.0199588845783082,-0.000272259016425015,0.963128793123068,0.0185700169571389,1.01231681611058,-0.0539074634717686,0.67,0.1,1.015,0.5,0.6,0.25,0.4,0.005,0.975,0.8,0.1,1.13234461966732,0.794579660505161,0.452937847866929,0.226407283909304,0.313619355646005,0.573168704203851,-1.20845504468054,1.44332763829189,5.66901013775911
132,-0.00555681037922396,0.788035933849555,0.0956569925780837,-0.00586871621807605,-0.00586859923308458,-0.00512297094876135,0.0368914559883542,0.0219992554558802,0.0200376192801339,4.07635180587689,4.47795743504326,0.409679408008309,2.32976453869331,0.213180728950847,3.07124332898354,2.37398346232355,0.758563850092349,-0.0613039834323595,6.50075515732764,7.55340836876828,0.573038480430543,0.239822322777678,0.166169360267224,0.0114823269037457,0.896818873783401,2.59474505999978,0.600868645434878,0.254413486370245,0.53809132427004,0.22420471844585,0.189402433650477,0.42182183010702,-0.0615930552862753,0.000993245319732633,1.01391340277958,0.99941540556888,1.01450647761673,0.530872089590774,0.0507816275338964,0.41834628287533,1.04530328763653,1.04107585735276,0.772971467262167,0.246989173060216,-0.0199606403223832,-0.000266586301074925,0.963128793123068,0.0185700169571389,1.0124193347766,-0.0539074634717686,0.67,0.1,1.015,0.5,0.6,0.25,0.4,0.005,0.975,0.8,0.1,1.13185201711784,0.794582797585354,0.452740806847135,0.226111833380711,0.313012048524376,0.573262707461767,-1.20720792951032,1.42890135866267,5.67468520577489
133,-0.00556662863631932,0.788608124717445,0.0956569837363527,-0.00586869337356155,-0.00586860148438328,-0.00514676522885238,0.036915655306969,0.0220156373949284,0.0200530751263987,4.0724381805351,4.46828951645725,0.40874101281061,2.32505414430481,0.212719888035058,3.06702403940095,2.37734987325128,0.750898296818765,-0.0612241306690987,6.50034949069351,7.53130988741975,0.57170113600677,0.239964661173317,0.165806587590353,0.0114643658302002,0.896171909219999,2.59080236569744,0.600435179177399,0.254142756868488,0.537703145531999,0.224042977305,0.189403224266189,0.421696521425979,-0.061481471828492,0.00101152975059779,1.01400801742793,0.999405538220499,1.01461116498657,0.530710883258135,0.0507662023285287,0.418522914413336,1.04529082583205,1.04106300235288,0.775132455015131,0.244829609149536,-0.0199620641646672,-0.000260969297957286,0.963128793123068,0.0185700169571389,1.01251985107229,-0.0539074634717686,0.67,0.1,1.015,0.5,0.6,0.25,0.4,0.005,0.975,0.8,0.1,1.13137905801218,0.794588041679311,0.452551623204871,0.22582673716678,0.31242356774829,0.57336086725308,-1.20600178585139,1.41489146069298,5.68033383926834
134,-0.00557613485862886,0.789162472861325,0.0956569767913652,-0.00586867542968827,-0.00586860325272953,-0.00516978355092013,0.0369390395802131,0.0220314734959583,0.020068017657117,4.06866966426911,4.45896523619169,0.407835894483779,2.32051128323774,0.212275484426991,3.06298383928507,2.38067288198843,0.743457865551273,-0.0611469082546391,6.50004336330556,7.50994830698473,0.570411498683541,0.240105359070278,0.165455227081411,0.0114470280274106,0.895548622823212,2.58701263151935,0.600017577291552,0.253881254799765,0.537329173693927,0.223887155705803,0.189404542022265,0.421576272214166,-0.0613579659282064,0.00102801147718677,1.01409893829364,0.999395984467078,1.01471184000644,0.530554796738895,0.0507512678782,0.418693935382904,1.04527876467064,1.04105055481127,0.777239778889629,0.242723404549468,-0.0199631834390975,-0.000255413338642944,0.963128793123068,0.0185700169571389,1.01261837617339,-0.0539074634717686,0.67,0.1,1.015,0.5,0.6,0.25,0.4,0.005,0.975,0.8,0.1,1.1309247998126,0.794595157381338,0.452369919925042,0.225551567595961,0.311853230049745,0.573462710537465,-1.2048350871034,1.40128384498831,5.68595023907203
135,-0.00558533913748714,0.7896995344182,0.0956569713362284,-0.00586866133516351,-0.005868604641727,-0.00519205225449315,0.0369616408374229,0.022046784895658,0.0200824666613454,4.06503956411552,4.44997008827296,0.406962649989503,2.3161290548942,0.211846834048726,3.05911376611523,2.38395119210904,0.736234793214438,-0.0610722192082518,6.49982876589025,7.48929447113864,0.569167553242699,0.240244336349609,0.165114864225479,0.011430288412721,0.894948007612397,2.58336873773814,0.599615165100306,0.25362861935595,0.536968804567438,0.223737001903099,0.189406326683922,0.421460835631872,-0.0612237761903505,0.00104282046401677,1.01418633647183,0.999386734166825,1.01480868396492,0.530403664743421,0.0507368081549919,0.418859527101587,1.04526708934069,1.0410384999762,0.779294715520313,0.240669308009876,-0.0199640235301897,-0.000249923098478032,0.963128793123068,0.0185700169571389,1.01271492376119,-0.0539074634717686,0.67,0.1,1.015,0.5,0.6,0.25,0.4,0.005,0.975,0.8,0.1,1.13048835247088,0.794603928379249,0.452195340988351,0.225285918219442,0.311300383464266,0.573567797328249,-1.20370637076119,1.38806505714961,5.69152911145521
136,-0.00559425122772252,0.790219848245601,0.095656967051337,-0.00586865026421912,-0.00586860573275438,-0.00521359672218058,0.0369834896249934,0.022061591767201,0.0200964410302448,4.06154155911686,4.44129030815293,0.406119948257583,2.31190089693759,0.211433286989054,3.05540537554136,2.38718367253576,0.729221673644805,-0.0609999706392089,6.49969823079301,7.46932065902723,0.567967387721887,0.240381522084139,0.164785103157813,0.0114141231144588,0.89436910691175,2.57986395823933,0.599227301630872,0.253384506451858,0.53662146414705,0.223592276727937,0.189408522943747,0.421349978764965,-0.061080046845024,0.00105607802527462,1.01427037403373,0.999377777516139,1.01490186879541,0.530257327460991,0.0507228077016661,0.419019864837342,1.04525578568318,1.04102682373227,0.78129851169513,0.238666096316467,-0.0199646080115968,-0.000244502649730617,0.963128793123068,0.0185700169571389,1.0128095097609,-0.0539074634717686,0.67,0.1,1.015,0.5,0.6,0.25,0.4,0.005,0.975,0.8,0.1,1.13006887523861,0.794614156078705,0.452027550095443,0.225029402583404,0.310764405551633,0.57367571863795,-1.20261423614382,1.37522224753877,5.69706563545008
137,-0.00560288055936392,0.79072393644677,0.095656963685648,-0.00586864156823208,-0.00586860658973265,-0.00523444141792251,0.0370046150824207,0.0220759133688996,0.0201099588022215,4.05816967730195,4.43291282846511,0.405306525821981,2.3078205659641,0.211034225488073,3.05185070824838,2.39036934626108,0.722411435558891,-0.0609300735715953,6.49964479739392,7.45000049968672,0.566809187140579,0.240516853900034,0.164465565629367,0.0113985094021204,0.893811011499074,2.57649193586331,0.598853377704379,0.253148587834274,0.536286606899444,0.223452752874768,0.18941108006914,0.421243481773623,-0.0609278345143802,0.00106789737032937,1.01435120452655,0.999369105037839,1.01499155758686,0.53011563037444,0.0507092516039221,0.419175118021638,1.04524484015862,1.04101551256851,0.783252385118485,0.236712573654536,-0.0199649587730215,-0.000239155511820031,0.963128793123068,0.0185700169571389,1.01290215209929,-0.0539074634717686,0.67,0.1,1.015,0.5,0.6,0.25,0.4,0.005,0.975,0.8,0.1,1.12966557368133,0.794625658323041,0.451866229472531,0.224781653082784,0.310244701732713,0.573786094544901,-1.20155734199167,1.36274313407553,5.70255543206572
138,-0.00561123624894042,0.791212304882405,0.0956569610419723,-0.00586863473772259,-0.00586860726287042,-0.00525460992358673,0.0370250450143986,0.0220897680903826,0.0201230372057832,4.05491827417295,4.42482523772173,0.404521182761008,2.3038821194081,0.210649062059321,3.04844225909231,2.39350737970267,0.715797322160382,-0.0608624427707398,6.49966197967823,7.43130889228131,0.565691227671,0.240650277375972,0.164155890038511,0.0113834256214108,0.893272856929427,2.57324665943513,0.598492814142716,0.252920550240983,0.535963714157656,0.223318214232357,0.189413951573366,0.421141137095293,-0.0607681145004771,0.00107838411867714,1.01442897344671,0.999360707569815,1.01507790506746,0.529978424080218,0.0506961254653273,0.419325450454454,1.04523423981572,1.04100455354834,0.785157525147072,0.234807570989884,-0.0199650961369568,-0.000233884698483214,0.963128793123068,0.0185700169571389,1.01299287048056,-0.0539074634717686,0.67,0.1,1.015,0.5,0.6,0.25,0.4,0.005,0.975,0.8,0.1,1.12927769688248,0.794638268201553,0.451711078752993,0.224542319889836,0.309740703734127,0.573898572374182,-1.20053440400225,1.35061596781539,5.70799453529151
139,-0.00561932711038142,0.791685443668727,0.0956569589654225,-0.00586862937250554,-0.00586860779160558,-0.00527412497397073,0.0370448059591605,0.0221031734964134,0.0201356927002168,4.05178201259478,4.41701574173834,0.403762778916724,2.30007989859585,0.210277237738306,3.04517294834227,2.39659707266333,0.709372872252166,-0.0607969965732261,6.49974373582745,7.41322193172395,0.564611871215495,0.240781745478004,0.163855730524325,0.0113688511336911,0.892753821022394,2.57012244235618,0.598145060085004,0.252700094607269,0.535652292613436,0.223188455255598,0.189417094908661,0.421042748698271,-0.0606017866273454,0.00108763678542815,1.01450381868766,0.999352576254067,1.0151610580626,0.52984556411402,0.0506834153844659,0.419471020501514,1.04522397226182,1.04099393428102,0.787015093500022,0.232949945466425,-0.0199650389664478,-0.000228692761922972,0.963128793123068,0.0185700169571389,1.01308168617957,-0.0539074634717686,0.67,0.1,1.015,0.5,0.6,0.25,0.4,0.005,0.975,0.8,0.1,1.12890453482458,0.794651832939881,0.451561813929832,0.224311069951604,0.309251868133154,0.574012824986405,-1.19954419235646,1.33882950107989,5.71337936479614
140,-0.00562716166552689,0.792143827661835,0.0956569573343378,-0.00586862515824393,-0.00586860820691548,-0.00529300849027436,0.0370639232532494,0.022116146368459,0.0201479410141878,4.04875584399053,4.40947312758948,0.403030230371245,2.29640851286857,0.209918220447448,3.04203609487555,2.39963784886691,0.703131902730463,-0.0607336567218267,6.49988443970577,7.39571683928166,0.563569560356319,0.24091121802825,0.163564756117241,0.011354766259452,0.892253121502462,2.56711390264265,0.597809591406649,0.252486935317485,0.535351872901477,0.223063280375615,0.189420471179928,0.420948131382553,-0.0604296806685774,0.0010957472382864,1.01457587096342,0.999344702526145,1.01524115592826,0.529716910781996,0.0506711079339506,0.419611981284053,1.04521402563487,1.04098364289473,0.788826224944935,0.231138579819918,-0.0199648047648531,-0.000223581833867334,0.963128793123068,0.0185700169571389,1.01316862185142,-0.0539074634717686,0.67,0.1,1.015,0.5,0.6,0.25,0.4,0.005,0.975,0.8,0.1,1.12854541593571,0.794666212866657,0.451418166374286,0.224087586051065,0.308777674995835,0.574128549168302,-1.19858552927227,1.32737295793042,5.71870670023242
141,-0.00563474815425869,0.792587916928374,0.0956569560531562,-0.00586862184803283,-0.00586860853313242,-0.00531128161210681,0.0370824210928898,0.0221287027441162,0.0201597971823594,4.04583499075406,4.40218672991497,0.402322506159861,2.29286282470154,0.209571503468453,3.03902539118513,2.40262924704249,0.697068492348883,-0.0606723482062419,6.50007885412452,7.37877189779888,0.562562813647546,0.241038661205638,0.163282649943037,0.0113411522254729,0.89177001378272,2.56421594430502,0.597485909234422,0.252280799499258,0.535062008269632,0.22294250344568,0.189424044877667,0.420857110124869,-0.060252561389528,0.00110280112739612,1.01464525420895,0.99933707810497,1.01531833096097,0.529592328997565,0.0506591901410087,0.419748480861426,1.04520438857696,1.04097366801106,0.790592027961153,0.229372381807263,-0.0199644097684164,-0.000218553663761959,0.963128793123068,0.0185700169571389,1.01325370135628,-0.0539074634717686,0.67,0.1,1.015,0.5,0.6,0.25,0.4,0.005,0.975,0.8,0.1,1.12819970479061,0.794681280451109,0.451279881916243,0.223871565927229,0.308317626601778,0.574245464119294,-1.197657286612,1.31623600679474,5.72397365706174
142,-0.00564209454426406,0.79301815720264,0.0956569550468159,-0.00586861924793391,-0.00586860878936879,-0.00532896472809119,0.0371003225921289,0.0221408579544967,0.0201712755801263,4.0430149297974,4.39514639940995,0.401638625202754,2.28943793575158,0.20923660401398,3.03613488006951,2.40557091252981,0.691176966649877,-0.060612999110179,6.50032210577534,7.36236639120155,0.561590221221927,0.241164047077015,0.16300910847656,0.0113279911153722,0.89130378888272,2.56142373997133,0.597173538551422,0.252081426358059,0.534782273329632,0.22282594722068,0.189427783628891,0.42076951946501,-0.060071133231455,0.00110887828911795,1.01471208595852,0.999329694983014,1.01539270878542,0.529471688123733,0.0506476494694136,0.419880662406853,1.04519505020929,1.0409639987209,0.792313585381535,0.227650283650789,-0.0199638690323242,-0.000213609654083805,0.963128793123068,0.0185700169571389,1.01333694959866,-0.0539074634717686,0.67,0.1,1.015,0.5,0.6,0.25,0.4,0.005,0.975,0.8,0.1,1.12786679995601,0.794696919406728,0.451146719982405,0.223662721449951,0.307871246249651,0.574363310028632,-1.19675838356099,1.3054087350717,5.72917766381648
143,-0.00564920854044361,0.79343498033031,0.0956569542563574,-0.0058686172056126,-0.00586860899063679,-0.0053460775051315,0.0371176498379054,0.0221526266596702,0.0201823899565493,4.04029137715694,4.38834247334524,0.400977653438872,2.28612917376988,0.208913061891245,3.033358932885,2.4084625893802,0.685451883969864,-0.0605555404650585,6.50060966172924,7.34648054797128,0.560650440688342,0.241287353156973,0.162743840841742,0.0113152658232838,0.890853771471967,2.55873271466475,0.596872026886218,0.25188856654981,0.53451226288318,0.222713442867992,0.189431657964872,0.420685202930777,-0.0598860446629304,0.00111405312514355,1.01477647770319,0.999322545416854,1.0154644087209,0.529354861820846,0.050636473802577,0.420008664376577,1.04518600010842,1.04095462456162,0.793991955013886,0.225971241496942,-0.0199631965108279,-0.000208750892976555,0.963128793123068,0.0185700169571389,1.01341839238006,-0.0539074634717686,0.67,0.1,1.015,0.5,0.6,0.25,0.4,0.005,0.975,0.8,0.1,1.12754613197115,0.794713023856487,0.451018452788461,0.223460777845631,0.307438077137791,0.574481846737897,-1.19588778438945,1.29488162555471,5.73431644072177
144,-0.00565609759397559,0.79383880469903,0.0956569536354695,-0.00586861560141361,-0.00586860914872855,-0.0053626389164011,0.0371344239422007,0.0221640228822576,0.0201931534655813,4.03766027358751,4.38176574797605,0.400338701146931,2.28293208032207,0.20860043825084,3.03069222924962,2.41130411292776,0.679888022432305,-0.0604999061104494,6.50093730740554,7.33109548830344,0.559742193297745,0.241408561994868,0.162486568154776,0.0113029600104228,0.89041931803107,2.55613853065311,0.596580943080817,0.251701981589415,0.534251590818642,0.222604829507768,0.189435641104598,0.420604012499056,-0.0596978922221311,0.00111839495818853,1.01483853522835,0.999315621918054,1.01553354412744,0.529241727899645,0.0506256514276521,0.420132620672703,1.04517722828391,1.04094553549541,0.79562817024307,0.224334234888853,-0.0199624051319222,-0.000203978184367382,0.963128793123068,0.0185700169571389,1.01349805626406,-0.0539074634717686,0.67,0.1,1.015,0.5,0.6,0.25,0.4,0.005,0.975,0.8,0.1,1.1272371614544,0.794729497555437,0.45089486458176,0.223265472970271,0.307017681314779,0.574600852483989,-1.19504449630457,1.28464553452827,5.73938797960239
145,-0.00566276891104888,0.794230035656107,0.0956569531477755,-0.00586861434135011,-0.00586860927290611,-0.00537866726811509,0.0371506650914174,0.0221750600392668,0.0202035786956656,4.03511777107877,4.37540745270766,0.399720920439852,2.27984239926139,0.208298314414632,3.02812973809606,2.41409540280696,0.674480367850309,-0.0604460325612022,6.50130112592028,7.31619317468509,0.558864260357612,0.24152766078752,0.162237022907518,0.0112910580643302,0.889999815123088,2.55363707329427,0.596299876132469,0.251521443293171,0.533999889073853,0.222499953780772,0.189439708752969,0.420525808090691,-0.059507224272058,0.00112196836542114,1.01489835893235,0.999308917244396,1.01560022273287,0.529132168179486,0.050615171020526,0.420252660799987,1.04516872515707,1.04093672188891,0.797223240614789,0.222738266252221,-0.0199615068670102,-0.000199292075644687,0.963128793123068,0.0185700169571389,1.01357596845307,-0.0539074634717686,0.67,0.1,1.015,0.5,0.6,0.25,0.4,0.005,0.975,0.8,0.1,1.12693937732812,0.794746253166835,0.450775750931249,0.223076556626695,0.306609638695196,0.574720122717966,-1.19422756739653,1.27469167140396,5.7443905250035
146,-0.00566922946127667,0.794609065913619,0.0956569527647025,-0.0058686133515975,-0.00586860937044498,-0.00539418022514115,0.0371663925931273,0.022185750972257,0.0202136776977857,4.03266022023293,4.36925922589715,0.399123502920117,2.27685606590474,0.208006290777145,3.02566669997913,2.41683645639328,0.669224102467011,-0.0603938588811593,6.50169747872968,7.30175636564965,0.558015479876706,0.241644641016214,0.161994948388397,0.0112795450606031,0.88959467776813,2.55122443780729,0.596028434104647,0.251346733253023,0.533756806660878,0.222398669442032,0.18944383891274,0.420450457096994,-0.0593145444890352,0.00112483349100112,1.01495604412723,0.999302424391417,1.01566454694167,0.529026068351587,0.050605021631604,0.420368910016809,1.04516048154089,1.04092817449378,0.798778152401898,0.221182360394034,-0.0199605127959322,-0.00019469288314156,0.963128793123068,0.0185700169571389,1.01365215667581,-0.0539074634717686,0.67,0.1,1.015,0.5,0.6,0.25,0.4,0.005,0.975,0.8,0.1,1.12665229515407,0.794763211588216,0.450660918061626,0.222893789922991,0.306213546136136,0.574839468995345,-1.19343608467982,1.26501157977389,5.74932255645794
147,-0.00567548598580263,0.794976275941209,0.0956569524638069,-0.00586861257416849,-0.00586860944705958,-0.00540919483550661,0.0371816249203217,0.0221961079759147,0.0202234620120459,4.03028415844675,4.36331309217854,0.398545677484556,2.27396919686503,0.207723985775254,3.02329861054969,2.41952734264493,0.664114594468013,-0.0603433265632535,6.50212298748894,7.28776857248291,0.557194743423494,0.241759498106616,0.16176009813831,0.0112684067269368,0.889203347914686,2.54889691690438,0.59576624310284,0.251177642340836,0.533522008748812,0.222300836978671,0.189448011709352,0.420377833935859,-0.0591203151035043,0.0011270463388014,1.01501168132247,0.999296136584268,1.01572661412654,0.528923317847123,0.0505951926723013,0.420481489480575,1.04515248862108,1.04091988442842,0.800293869154068,0.219665564013627,-0.0199594331676956,-0.000190180715485627,0.963128793123068,0.0185700169571389,1.0137266490848,-0.0539074634717686,0.67,0.1,1.015,0.5,0.6,0.25,0.4,0.005,0.975,0.8,0.1,1.12637545557225,0.794780301324061,0.4505501822289,0.222716944669445,0.305829016570346,0.574958717933728,-1.19266917222926,1.25559711976995,5.75418277183568
148,-0.00568154500511148,0.795332034346908,0.09565695222746,-0.00586861196351474,-0.00586860950723866,-0.00542372755385223,0.0371963797532928,0.0222061428251221,0.0202329426928538,4.02798629884518,4.35756144120738,0.397986708268006,2.27117808049652,0.207451034921478,3.02102120511414,2.42216819632419,0.659147388205719,-0.0602943794157689,6.50257451705191,7.27421401867329,0.556400993183033,0.241872231110348,0.161532235439166,0.0112576294093194,0.88882529300162,2.54665098922392,0.595512946311086,0.251013970240944,0.533295175800972,0.222206323250405,0.189452209227807,0.42030781963559,-0.0589249599107529,0.0011286590464772,1.01506535649266,0.999290047269863,1.01578651690357,0.528823809710048,0.0505856739021774,0.420590516387774,1.04514473793808,1.04091184316058,0.801771332231571,0.218186945225635,-0.0199582774572054,-0.000185755495039421,0.963128793123068,0.0185700169571389,1.01379947416305,-0.0539074634717686,0.67,0.1,1.015,0.5,0.6,0.25,0.4,0.005,0.975,0.8,0.1,1.12610842283672,0.794797457901988,0.450443369134687,0.222545802811472,0.3054556781922,0.575077710233836,-1.1919259894089,1.24644045162627,5.75897007171461
149,-0.00568741282655486,0.79567669824628,0.0956569520418146,-0.00586861148385953,-0.00586860955450808,-0.00543779426388546,0.0372106740192702,0.0222158668005932,0.0202421303327762,4.02576351991725,4.35199700772871,0.397445892716145,2.2684791679128,0.20718708989649,3.018830444204,2.42475921257807,0.654318195080435,-0.0602469634545066,6.5030491595415,7.2610776019141,0.555633219198361,0.241982842406988,0.161311132832895,0.0112472000402333,0.888460004605129,2.54448330850884,0.595268203085436,0.250855525009217,0.533076002763077,0.222115001151282,0.189456415360806,0.420240301444685,-0.0587288670679166,0.00112972014202372,1.01511715132985,0.999284150109312,1.01584434339203,0.528727440474438,0.0505764554166547,0.420696104108907,1.04513722137005,1.040904042491,0.803211461323866,0.216745593094403,-0.019957054418269,-0.000181416977511339,0.963128793123068,0.0185700169571389,1.01387066063931,-0.0539074634717686,0.67,0.1,1.015,0.5,0.6,0.25,0.4,0.005,0.975,0.8,0.1,1.12585078344201,0.794814623329546,0.450340313376805,0.222380155896209,0.305093173692948,0.575196299760231,-1.19120572919128,1.2375340203514,5.76368354471466
150,-0.00569309555160382,0.796010613620224,0.0956569518959942,-0.0058686111071008,-0.00586860959163715,-0.00545141029987795,0.0372245239299282,0.0222252907131525,0.0202510350851361,4.02361285580816,4.34661285287853,0.396922559778548,2.26586906454014,0.206931817696833,3.01672250008597,2.42730064185886,0.649622885027689,-0.060201026800588,6.50354421942492,7.2483448584804,0.554890456783523,0.242091337425329,0.161096571668912,0.0112371061087304,0.888106997165351,2.54239069347923,0.595031688100785,0.25070212265714,0.532864198299211,0.222026749291338,0.189460615667433,0.420175172465908,-0.0585323916924802,0.00113027478380469,1.0151671434816,0.999278438970638,1.01590017745938,0.528634110046238,0.0505675276352747,0.420798362318487,1.04512993111679,1.04089647453777,0.804615154953661,0.215340617179465,-0.0199557721331254,-0.000177164769902629,0.963128793123068,0.0185700169571389,1.01394023741119,-0.0539074634717686,0.67,0.1,1.015,0.5,0.6,0.25,0.4,0.005,0.975,0.8,0.1,1.12560214483462,0.794831745588942,0.450240857933847,0.222219804570624,0.304741159541939,0.575314352678253,-1.19050761656366,1.22887054142395,5.76832245374028
151,-0.00569859908283839,0.796334115661743,0.0956569517814555,-0.00586861081116508,-0.00586860962080116,-0.00546459046725734,0.0372379423713362,0.02223442274383,0.0202596645099483,4.02153157566562,4.34140239317614,0.396416067993208,2.26334466735166,0.206684921532838,3.01469375726703,2.42979279330188,0.645057483440523,-0.0601565194753714,6.50405728797261,7.23600212153677,0.55417180557468,0.242197716246795,0.160888336803048,0.0112273355240058,0.887765806787662,2.54037012870795,0.594803090547734,0.25055359711587,0.532659484072597,0.221941451696916,0.18946479724168,0.420112331313122,-0.0583358555135231,0.00113036774794572,1.01521540677529,0.999272907921747,1.01595409895251,0.528543721589225,0.0505588812904516,0.420897397120322,1.04512286205197,1.04088913445254,0.805983290157609,0.213971147778544,-0.0199544379361532,-0.000172998346918326,0.963128793123068,0.0185700169571389,1.01400823347553,-0.0539074634717686,0.67,0.1,1.015,0.5,0.6,0.25,0.4,0.005,0.975,0.8,0.1,1.12536213420392,0.794848778167165,0.450144853681568,0.222064555968057,0.304399296087161,0.575431727313718,-1.1898309048767,1.22044299665686,5.7728862424095
152,-0.00570392913068435,0.796647529112004,0.0956569516914878,-0.00586861057871391,-0.00586860964370894,-0.00547734906233188,0.0372509498047811,0.0222432774393415,0.0202680325391105,4.01951682125514,4.33635920385122,0.395925805835831,2.26090256683787,0.206446051350645,3.01274075952582,2.4322360041672,0.640618149037885,-0.0601133936792639,6.5045858839147,7.22403572369208,0.553476340569358,0.242302007337454,0.160686236682789,0.0112178770621456,0.887435991307884,2.53841872273615,0.594582114176282,0.250409757532174,0.53246159478473,0.221858997826971,0.189468948845091,0.420051681458597,-0.0581395579950553,0.00113003193231545,1.01526201111467,0.999267551223662,1.0160061836006,0.528456181415049,0.0505505074166874,0.420993311168263,1.04511600195605,1.04088200915211,0.807316725302347,0.212636333549349,-0.0199530588516965,-0.000168917065965194,0.963128793123068,0.0185700169571389,1.01407467786552,-0.0539074634717686,0.67,0.1,1.015,0.5,0.6,0.25,0.4,0.005,0.975,0.8,0.1,1.12513039886139,0.794865678993144,0.450052159544557,0.221914232624349,0.304067285678292,0.575548354117698,-1.18917488174253,1.21224459390843,5.77737446093313
153,-0.00570909121990727,0.796951168585988,0.0956569516208201,-0.00586861039612852,-0.00586860966170244,-0.00548969989119297,0.0372635575364146,0.0222518618799267,0.0202761456844085,4.01756612929023,4.33147726339428,0.395451185549563,2.25853994048008,0.206214939297429,3.01086024138763,2.43463066375251,0.636301180910193,-0.0600716032750704,6.50512794705854,7.21243311407688,0.552803241135544,0.242404213996915,0.160490070614008,0.0112087195636232,0.887117125425228,2.53653373492514,0.594368474034903,0.250270452814717,0.532270275255137,0.221779281356307,0.189473059981114,0.41999313271322,-0.0579437687926496,0.00112930726098129,1.01530702368239,0.999262363323993,1.0160565042248,0.52837139887719,0.0505423973402204,0.421086203782589,1.0451093465912,1.04087509472504,0.808616298519651,0.211335342692294,-0.0199516412119447,-0.000164920181323961,0.963128793123068,0.0185700169571389,1.01413959959386,-0.0539074634717686,0.67,0.1,1.015,0.5,0.6,0.25,0.4,0.005,0.975,0.8,0.1,1.12490660035339,0.794882413404137,0.449962640141355,0.221768656681894,0.303744810856636,0.575664108250079,-1.18853885918203,1.20426878188781,5.78178682151631
154,-0.00571409069587313,0.797245338888055,0.0956569515653121,-0.00586861025271168,-0.00586860967583602,-0.0055016562878325,0.0372757792562428,0.0222601852185294,0.0202840125488857,4.01567707126536,4.32675077361557,0.394991646183244,2.25625393683652,0.205991306069169,3.00904910414506,2.43697719932339,0.632103008698477,-0.0600311038768109,6.50568150037531,7.20118206931373,0.552151700854581,0.242504351440807,0.160299651176861,0.0111998524789787,0.886808803753078,2.53471255517955,0.594161898514563,0.250135527145498,0.532085282251847,0.22170220093827,0.189477121654245,0.41993659750087,-0.0577487332863369,0.00112822742745559,1.01535050805914,0.999257338850647,1.01610512986275,0.528289286268701,0.0505345426690785,0.421176171062219,1.04510288929471,1.04086838441375,0.809882828420758,0.210067362420087,-0.019950190840845,-0.000161006854791057,0.963128793123068,0.0185700169571389,1.01420302760176,-0.0539074634717686,0.67,0.1,1.015,0.5,0.6,0.25,0.4,0.005,0.975,0.8,0.1,1.12469041859834,0.794898947254592,0.449876167439335,0.221627660753162,0.303431576871556,0.575778897531652,-1.18792217572681,1.19650923296781,5.78612316356184
155,-0.00571893273058455,0.797530335317716,0.0956569515217119,-0.0058686101400609,-0.00586860968693759,-0.00551323113151281,0.0372876280975223,0.0222682562410911,0.020291641392123,4.01384733421495,4.3221741849936,0.394546650785861,2.25404182256457,0.205774884125917,3.00730440533178,2.43927607249745,0.628020185604576,-0.0599918527702438,6.50624471753556,7.19027085673042,0.55152094783114,0.242602436788349,0.160114797858948,0.011191265689606,0.886510638437511,2.53295269657019,0.593962127753132,0.250004830839345,0.531906383062506,0.221627659609378,0.189481125965192,0.419881993461852,-0.0575546743009168,0.00112682382093191,1.01539252478013,0.999252472605762,1.01615212633127,0.528209758723578,0.0505269352835164,0.421263305992905,1.04509662365761,1.04086187171245,0.811117114772782,0.208831598321974,-0.0199487130947556,-0.000157176169046981,0.963128793123068,0.0185700169571389,1.014264990713,-0.0539074634717686,0.67,0.1,1.015,0.5,0.6,0.25,0.4,0.005,0.975,0.8,0.1,1.12448154912633,0.794915251994775,0.449792619650531,0.221491084444557,0.303127299741425,0.575892638492552,-1.18732419517665,1.18895983126512,5.79038344378974
156,-0.00572362232850156,0.797806443965904,0.0956569514874648,-0.00586861005157613,-0.00586860969565761,-0.0055244368634243,0.0372991166637381,0.0222760833841049,0.0202990401466023,4.01207471414173,4.31774218384514,0.394115685169262,2.2519009774039,0.205565417101135,3.00562334967008,2.44152777584664,0.624049382661767,-0.0599538088383282,6.50681591284871,7.17968820994488,0.550910242918883,0.242698488878366,0.159935336738733,0.0111829494868133,0.886222258259574,2.53125178848936,0.593768913033915,0.249878220118983,0.531733354955745,0.221555564564894,0.189485066018035,0.419829242329252,-0.0573617937750213,0.00112512560901009,1.01543313150363,0.999247759559856,1.01619755640073,0.528132734121623,0.0505195673268143,0.421347698551562,1.045090543513,1.04085555035582,0.812319938928325,0.207627273966859,-0.0199472128951842,-0.00015342713722589,0.963128793123068,0.0185700169571389,1.01432551759285,-0.0539074634717686,0.67,0.1,1.015,0.5,0.6,0.25,0.4,0.005,0.975,0.8,0.1,1.12427970218785,0.794931302691362,0.449711880875141,0.221358774006715,0.3028317057543,0.576005255784413,-1.18674430543879,1.18161466302533,5.79456772693838
157,-0.00572816433215511,0.798073942002039,0.0956569514605645,-0.00586860998207328,-0.00586860970250702,-0.0055352855026638,0.0373102570541351,0.0222836747512388,0.0203062164332044,4.01035710985265,4.31344968024739,0.393698256743418,2.24982888862968,0.205362659245442,3.00400328059726,2.44373282972571,0.620187383362185,-0.0599169324906365,6.50739353184038,7.16942330589147,0.550318878050273,0.242792528097845,0.159761100186653,0.0111748945520494,0.885943307797307,2.52960757023106,0.593582016224196,0.249755556836963,0.531565984678384,0.221485826949327,0.189488935835825,0.419778269689761,-0.0571702743121836,0.00112315988676108,1.01547238316795,0.999243194846184,1.0162414799575,0.528058132996681,0.0505124311964198,0.421429435806898,1.04508464292502,1.0408494143082,0.81349206424265,0.206453630516701,-0.0199456947593509,-0.000149758712291067,0.963128793123068,0.0185700169571389,1.01438463671137,-0.0539074634717686,0.67,0.1,1.015,0.5,0.6,0.25,0.4,0.005,0.975,0.8,0.1,1.12408460192758,0.794947077715778,0.449633840771032,0.221230582004564,0.302544530997039,0.576116681628984,-1.18618191743032,1.17446800760871,5.79867617706098
158,-0.00573256342756135,0.798333097952163,0.0956569514394349,-0.00586860992748039,-0.00586860970788716,-0.00554578866156541,0.0373210608878741,0.0222910381290705,0.0203131775758826,4.00869251717827,4.30929179667387,0.393293893420644,2.24782314581574,0.205166374902424,3.00244167232704,2.44589177931352,0.616431078609997,-0.0598811855964746,6.50797614243177,7.15946574320092,0.549746174664826,0.242884576222274,0.159591926582798,0.0111670919382324,0.885673446635481,2.52801788496759,0.593401209245773,0.249636708212458,0.531404067981289,0.22141836165887,0.189492730282295,0.419729004764287,-0.056980280621831,0.00112095181640647,1.01551033213922,0.999238773755301,1.01628395415719,0.527985878448109,0.0505055195354181,0.421508602016473,1.04507891617836,1.04084345775345,0.814634236480271,0.205309926348471,-0.019944162828742,-0.00014616979555772,0.963128793123068,0.0185700169571389,1.01444237631071,-0.0539074634717686,0.67,0.1,1.015,0.5,0.6,0.25,0.4,0.005,0.975,0.8,0.1,1.12389598560844,0.794962558464599,0.449558394243374,0.221106367006109,0.302265520911053,0.576226855301004,-1.18563646403997,1.16751432902307,5.80270904938243
159,-0.00573682414944445,0.79858417196842,0.095656951422838,-0.00586860988459881,-0.005868609712113,-0.00555595756041405,0.0373315393268854,0.0222981810019848,0.0203199306155552,4.0070790235508,4.30526385729773,0.392902142584303,2.2458814358932,0.204976338014493,3.00093612241032,2.44800519185504,0.612777461976765,-0.0598465314214825,6.50856242668363,7.14980552184442,0.549191482229426,0.242974656267066,0.159427660050147,0.0111595330521125,0.885412348620124,2.52648067409622,0.593226273575483,0.249521546582395,0.531247409172074,0.221353087155031,0.189496444989275,0.419681380202053,-0.0567919608579767,0.00111852475778036,1.01554702835066,0.999234491729808,1.01632503356906,0.527915896055355,0.0504988252243111,0.421585278720333,1.04507335776831,1.04083767508524,0.81574718421134,0.204195436684438,-0.0199426208957776,-0.000142659244407444,0.963128793123068,0.0185700169571389,1.01449876437612,-0.0539074634717686,0.67,0.1,1.015,0.5,0.6,0.25,0.4,0.005,0.975,0.8,0.1,1.12371360288283,0.794977729100331,0.449485441153133,0.220985993288812,0.30199442987303,0.576335722643314,-1.18510739914542,1.16074826796371,5.80666668268313
160,-0.00574095088627525,0.79882741609015,0.0956569514098015,-0.0058686098509162,-0.00586860971543246,-0.00556580304156939,0.0373417030974941,0.0223051105662775,0.0203264823232626,4.00551480291771,4.30136137791962,0.392522570117798,2.24400153848611,0.20479233165686,2.99948434476194,2.45007365409211,0.609223625237341,-0.0598129345675062,6.50915117306976,7.14043302395882,0.548654176844759,0.243062792349367,0.159268150202355,0.0111522096376075,0.885159701155065,2.52499397193172,0.593056999773894,0.249409949166094,0.531095820693039,0.221289925288766,0.189500076289423,0.419635331887293,-0.0566054478628175,0.0011159003901813,1.01558251943375,0.999230344359293,1.01636477031223,0.527848113795547,0.050492341373096,0.421659544831356,1.04506796239142,1.04083206089794,0.816831619198176,0.203109453230533,-0.0199410724287086,-0.000139225879305923,0.963128793123068,0.0185700169571389,1.01455382861033,-0.0539074634717686,0.67,0.1,1.015,0.5,0.6,0.25,0.4,0.005,0.975,0.8,0.1,1.12353721510807,0.794992576311132,0.449414886043226,0.220869330562471,0.301731020798997,0.576443235612229,-1.18459419668299,1.15416463432379,5.81054949217862
161,-0.00574494788513278,0.799063074496844,0.0956569513995617,-0.00586860982445925,-0.00586860971803971,-0.00557533558302692,0.0373515625108853,0.0223118337435108,0.0203328392126272,4.00399811096924,4.29758005647987,0.392154759489968,2.24218132150703,0.204614147597858,2.99808416312265,2.45209776987186,0.605766754166329,-0.0597803609155446,6.50974126924684,7.13133899577575,0.548133659932331,0.243149009559647,0.159113251905194,0.0111451137600494,0.884915204537981,2.52355590072181,0.592893187040447,0.24930179784258,0.530949122722788,0.221228801134495,0.189503621153909,0.419590798757767,-0.0564208603219552,0.00111309882614344,1.01561685084178,0.999226327375441,1.01640321418411,0.527782461963948,0.0504860613136263,0.421731476722425,1.04506272493655,1.0408266099779,0.817888236772291,0.202051283822564,-0.0199395205948556,-0.000135868490127801,0.963128793123068,0.0185700169571389,1.01460759641102,-0.0539074634717686,0.67,0.1,1.015,0.5,0.6,0.25,0.4,0.005,0.975,0.8,0.1,1.12336659470308,0.795007089088211,0.449346637881232,0.22075625370762,0.30147506477027,0.576549351851398,-1.18409634976634,1.14775840014121,5.81435796286503
162,-0.00574881925639551,0.79929138375323,0.0956569513915185,-0.00586860980367798,-0.00586860972008774,-0.00558456531144336,0.0373611274824747,0.0223183571931614,0.0203390075516554,4.0025272806598,4.29391576411795,0.39179831089327,2.24041873699625,0.204441585883953,2.99673350492734,2.45407815792222,0.602404124576716,-0.059748777571589,6.51033169528973,7.12251453058258,0.547629356996923,0.243233333842449,0.158962825050787,0.0111382377912894,0.884678571333502,2.5221646659647,0.592734642793447,0.249196978939818,0.530807142800101,0.221169642833376,0.18950707713474,0.419547722634332,-0.0562383038374584,0.00111013871767615,1.01565006596633,0.999222436647322,1.01644041278148,0.527718873097199,0.0504799785922456,0.421801148310555,1.04505764047646,1.0408213172952,0.818917716202208,0.201020252080084,-0.0199379682822915,-0.000132585841892558,0.963128793123068,0.0185700169571389,1.01466009485108,-0.0539074634717686,0.67,0.1,1.015,0.5,0.6,0.25,0.4,0.005,0.975,0.8,0.1,1.12320152454406,0.795021258519699,0.449280609817624,0.220646642528497,0.301226340679894,0.576654034292401,-1.18361336985129,1.14152469295098,5.81809264330257
163,-0.00575256897826869,0.799512573046716,0.0956569513852008,-0.00586860978735471,-0.00586860972169634,-0.00559350201464803,0.0373704075502439,0.022324687324601,0.0203449933739189,4.00110071800418,4.29036453674408,0.391452840431381,2.23871181718984,0.204274454447893,2.9954303955529,2.45601544978436,0.599133098583719,-0.0597181528151851,6.51092151736288,7.113951052649,0.547140716459697,0.243315791885729,0.158816734343862,0.0111315743956085,0.884449525781184,2.52081855200876,0.592581182273393,0.249095383035196,0.53066971546871,0.221112381445296,0.189510442311386,0.419506048060891,-0.0560578719245707,0.00110703735542847,1.01568220624685,0.99921866817684,1.01647641161474,0.527657281899229,0.0504740869626817,0.421868631138089,1.04505270425975,1.04081617799586,0.81992072105238,0.200015697067688,-0.0199364181200678,-0.000129376679935789,0.963128793123068,0.0185700169571389,1.01471135066152,-0.0539074634717686,0.67,0.1,1.015,0.5,0.6,0.25,0.4,0.005,0.975,0.8,0.1,1.12304179739637,0.795035077599873,0.449216718958548,0.220540381519704,0.300984634898286,0.576757250780482,-1.18314478594408,1.13545878951433,5.82175413981051
164,-0.00575620090115404,0.799726864417435,0.0956569513802383,-0.00586860977453307,-0.00586860972295988,-0.00560215515366491,0.037379411892101,0.0223308303084449,0.0203508024891484,3.999716898131,4.28692256709087,0.391117979353062,2.2370586708024,0.204112568738568,2.99417295292048,2.45791028789283,0.595951121078205,-0.059688456050559,6.51150988180068,7.10564030205654,0.546667208557456,0.243396411018269,0.158674849099261,0.0111251165163851,0.884227803236195,2.51951591791621,0.592432628168251,0.248996904766548,0.530536681941717,0.221056950809049,0.18951371524143,0.419465722154054,-0.0558796469374431,0.00110381076125532,1.01571331127406,0.99921501809434,1.01651125421552,0.527597625169733,0.0504683803791903,0.421933994451076,1.04504791170333,1.0408111873944,0.82089789953351,0.199036972963565,-0.0199348724970759,-0.000126239734571372,0.963128793123068,0.0185700169571389,1.01476139021661,-0.0539074634717686,0.67,0.1,1.015,0.5,0.6,0.25,0.4,0.005,0.975,0.8,0.1,1.12288721538058,0.795048541052679,0.449154886152234,0.220437359645731,0.300749740956877,0.576858973723889,-1.18269014385035,1.12955610989811,5.8253431110487
165,-0.00575971875186768,0.799934472981121,0.0956569513763404,-0.00586860976446202,-0.00586860972395242,-0.00561053387426691,0.0373881493423203,0.0223367920873063,0.0203564404932735,3.99837436157706,4.28358619721461,0.390793373329386,2.23545747951139,0.203955751371224,2.99295938242926,2.45976332379417,0.592855716395241,-0.0596596577601583,6.5120960095709,7.09757432037386,0.546208324303927,0.243475219114633,0.158537043050036,0.0111188573634749,0.884013149640786,2.51825519357365,0.592288810259327,0.248901442653099,0.530407889784472,0.221003287410196,0.189516894914964,0.419426694461911,-0.0557037009288646,0.00110047377464239,1.01574341888722,0.999211482654373,1.01654498223832,0.527539841735127,0.0504628529899393,0.421997305274933,1.04504325838519,1.0408063409668,0.821849884844536,0.198083448735096,-0.0199333335796316,-0.000123173725296426,0.963128793123068,0.0185700169571389,1.01481023952133,-0.0539074634717686,0.67,0.1,1.015,0.5,0.6,0.25,0.4,0.005,0.975,0.8,0.1,1.12273758947046,0.795061645168597,0.449095035788186,0.220337470132567,0.300521459248639,0.576959179765396,-1.18224900546254,1.12381221188012,5.82886026296218
166,-0.00576312613771215,0.800135607145041,0.0956569513732787,-0.00586860975655146,-0.00586860972473191,-0.00561864701808201,0.0373966284071114,0.0223425783859865,0.0203619127779384,3.99707171080687,4.28035191141789,0.39047868177157,2.23390649463094,0.20380383179679,2.99178797219965,2.46157521649567,0.589844485164451,-0.0596317294604709,6.51267919109728,7.08974543712355,0.54576357450915,0.243552244507212,0.158403194165474,0.0111127904012609,0.883805321024674,2.51703487603353,0.592149565086531,0.2488088989258,0.530283192614804,0.220951330256168,0.189519980712473,0.419388916831334,-0.0555300964486795,0.00109704013332001,1.01577256526586,0.999208058231599,1.01657763555628,0.527483872381882,0.0504574991306224,0.422058628487494,1.04503874003754,1.04080163434376,0.82277729550653,0.197154507821334,-0.019931803327864,-0.000120177364562216,0.963128793123068,0.0185700169571389,1.01485792420059,-0.0539074634717686,0.67,0.1,1.015,0.5,0.6,0.25,0.4,0.005,0.975,0.8,0.1,1.12259273902091,0.795074387653902,0.449037095608363,0.220240610270686,0.300299596744438,0.577057849474647,-1.18182094808343,1.11822278565784,5.83230634406663
167,-0.0057664265504077,0.800330468817186,0.0956569513708738,-0.00586860975033787,-0.00586860972534431,-0.00562650313327229,0.03740485727937,0.0223481947211354,0.0203672245395241,3.99580760694325,4.27721632956755,0.390173577186903,2.23240403396348,0.203656645989135,2.99065708860609,2.46334663093623,0.586915101329859,-0.0596046436599911,6.5132587814184,7.08214625699077,0.54533248885338,0.243627515904895,0.158273184478452,0.0111069093373335,0.883604083032617,2.51585352607171,0.592014735631854,0.248719179366422,0.53016244981957,0.220901020758154,0.18952297236597,0.419352343283279,-0.0553588872851822,0.00109352254851893,1.01580078501623,0.99920474131684,1.01660925235154,0.527429659792158,0.0504523133182949,0.422118026889546,1.04503435254037,1.04079706330441,0.823680735688798,0.19624954782219,-0.0199302835109874,-0.000117249361157615,0.963128793123068,0.0185700169571389,1.01490446949038,-0.0539074634717686,0.67,0.1,1.015,0.5,0.6,0.25,0.4,0.005,0.975,0.8,0.1,1.12245249132396,0.795086767491483,0.448980996529582,0.220146681228707,0.300083966724249,0.577154967060062,-1.18140556378368,1.11278364883981,5.83568214105388
168,-0.0057696233698884,0.800519253608956,0.0956569513689848,-0.00586860974545722,-0.00586860972582526,-0.00563411048480322,0.0374128438526529,0.0223536464104096,0.0203723807877032,3.99458076669526,4.27417620078299,0.389877744570358,2.23094847881873,0.203514036149168,2.98956517208034,2.4650782365717,0.584065309327856,-0.0595783738192116,6.51383419566175,7.07476964772677,0.544914615012078,0.243701062317937,0.158146899921571,0.0111012081117633,0.883409210477564,2.5147097649473,0.591884171019968,0.248632193154953,0.530045526286539,0.220852302619391,0.189525869923144,0.419316929895589,-0.0551901191534959,0.00108993277519774,1.01582811125268,0.999201528513262,1.01663986920051,0.527377148481637,0.0504472902454218,0.42217556127294,1.04503009191524,1.0407926237702,0.824560795527371,0.195367980194156,-0.0199287757215265,-0.000114388423248694,0.963128793123068,0.0185700169571389,1.01494990023039,-0.0539074634717686,0.67,0.1,1.015,0.5,0.6,0.25,0.4,0.005,0.975,0.8,0.1,1.12231668119116,0.79509878481242,0.448926672476463,0.220055587877106,0.299874388522311,0.577250520099107,-1.1810024587915,1.10749074170056,5.83898847469763
169,-0.00577271986796783,0.800702151031508,0.095656951367501,-0.00586860974162351,-0.00586860972620307,-0.00564147706432172,0.0374205957344236,0.0223589385811572,0.020377386353554,3.99338995947109,4.27122839747229,0.389590880829714,2.22953827118981,0.203375850424766,2.98851073316791,2.46677070606769,0.581292921412751,-0.0595528943125292,6.51440490481309,7.06760872870424,0.544509517828883,0.24377291298865,0.158024230171527,0.0110956808869322,0.883220486917839,2.5136022713519,0.591757726234952,0.248547852724807,0.529932292150703,0.22080512172946,0.189528673714336,0.419282634692816,-0.0550238303346969,0.00108628167753745,1.01585457567444,0.999198416532692,1.01666952115432,0.527326284739498,0.0504424247741311,0.42223129048637,1.04502595431946,1.04078831179918,0.825418051436159,0.194509229952407,-0.0199272813885659,-0.000111593261074451,0.963128793123068,0.0185700169571389,1.01499424085824,-0.0539074634717686,0.67,0.1,1.015,0.5,0.6,0.25,0.4,0.005,0.975,0.8,0.1,1.12218515056059,0.79511044077756,0.448874060224238,0.219967238621378,0.299670687285372,0.577344499285798,-1.18061125291245,1.10234012268118,5.84222619604105
170,-0.00577571921187932,0.800879344685998,0.0956569513663355,-0.00586860973861225,-0.00586860972649983,-0.00564861059965993,0.0374281202586082,0.0223640761786558,0.0203822458972585,3.99223400466394,4.26836990969441,0.38931269424209,2.2281719110774,0.203241942645565,2.98749234882116,2.46842471409292,0.578595815120193,-0.0595281803919564,6.51497043176225,7.06065686008371,0.544116778533588,0.243843097327507,0.157905068501243,0.0110903220378904,0.883037704256963,2.51252977853611,0.591635261852165,0.24846607362539,0.529822622554178,0.220759426064241,0.189531384322116,0.419249417542629,-0.0548600522691258,0.00108257929007042,1.01588020863799,0.999195402192061,1.01669824181469,0.527277016570425,0.0504377119306636,0.42228527149891,1.04502193604049,1.04078412358054,0.82625306641096,0.193672735379126,-0.0199258017900854,-0.000108862589379012,0.963128793123068,0.0185700169571389,1.01503751540493,-0.0539074634717686,0.67,0.1,1.015,0.5,0.6,0.25,0.4,0.005,0.975,0.8,0.1,1.12205774812706,0.795121737468397,0.448823099250824,0.219881545244086,0.299472693743238,0.577436898194392,-1.18023157897784,1.09732796411943,5.84539618284862
171,-0.00577862446769526,0.80105101244788,0.0956569513654201,-0.00586860973624703,-0.00586860972673287,-0.00565551856397906,0.0374354244975013,0.0223690639739282,0.0203869639154071,3.99111176909988,4.26559783982767,0.389042903939968,2.22684795395281,0.203112172071726,2.98650865891386,2.47004093620696,0.575971930859443,-0.0595042081525408,6.51553034760788,7.05390763255324,0.54373599400236,0.243911644854343,0.157789311639296,0.0110851261432075,0.882860662364753,2.51149107160213,0.591516643784384,0.24838677439156,0.529716397418852,0.220715165591188,0.189534002553301,0.419217240058403,-0.0546988101071218,0.0010788348746946,1.0159050392252,0.999192482409966,1.01672606340565,0.527229293638603,0.0504331469000126,0.422337559461383,1.04501803349069,1.04078005542937,0.827066390326533,0.19285794773791,-0.0199243380644429,-0.000106195129536283,0.963128793123068,0.0185700169571389,1.01507974749152,-0.0539074634717686,0.67,0.1,1.015,0.5,0.6,0.25,0.4,0.005,0.975,0.8,0.1,1.12193432899396,0.795132677786606,0.448773731597583,0.219798422755267,0.299280243990872,0.577527713058268,-1.17986308231989,1.09245054819403,5.84849933630592
172,-0.00578143860362997,0.801217326645464,0.095656951364701,-0.00586860973438907,-0.00586860972691605,-0.0056622081845713,0.0374425152730576,0.0223739065711602,0.0203915447479327,3.9900221646376,4.26290939752579,0.388781239424927,2.22556500835215,0.202986403155847,2.98555836296297,2.47162004783619,0.573419269626179,-0.0594809544993969,6.51608426820484,7.04735485760656,0.543366776057668,0.243978585144281,0.157676859636213,0.0110800879762908,0.882689168718459,2.51048498495208,0.591401743041368,0.248309876419673,0.529613501231075,0.220672292179615,0.189536529413229,0.419186065507586,-0.0545401232201779,0.00107505697385675,1.01592909530768,0.999189654203352,1.0167530168411,0.527183067213609,0.0504287250207461,0.422388207765644,1.04501424320227,1.04077610378173,0.827858560226954,0.192064330994106,-0.0199228912210599,-0.000103589611471287,0.963128793123068,0.0185700169571389,1.01512096032692,-0.0539074634717686,0.67,0.1,1.015,0.5,0.6,0.25,0.4,0.005,0.975,0.8,0.1,1.12181475434555,0.795143265361625,0.448725901738219,0.21971778925072,0.299093179281352,0.577616942563059,-1.17950542027241,1.08770426306928,5.85153657795185
173,-0.00578416449323032,0.801378454232904,0.0956569513641362,-0.0058686097329298,-0.00586860972705983,-0.00566868645133156,0.0374493991676051,0.0223786084147417,0.0203959925846938,3.98896414591009,4.26030189494382,0.388527440107356,2.22432173359371,0.202864505317238,2.98464021704429,2.47316272333246,0.570935890828096,-0.0594583971162649,6.51663185093853,7.04099255832632,0.543008750805471,0.244043947778113,0.157567615737239,0.0110752024971426,0.882523038062756,2.50951039988192,0.591290435502046,0.248235303849718,0.529513822837653,0.220630759515689,0.189538966082132,0.419155858725494,-0.0543840056752845,0.00107125346017885,1.01595240360737,0.999186914684303,1.01677913178874,0.527138290118142,0.050424441780005,0.422437268101852,1.0450105618225,1.04077226518993,0.828630100609427,0.191291361540936,-0.0199214621503635,-0.000101044775324243,0.963128793123068,0.0185700169571389,1.01516117670661,-0.0539074634717686,0.67,0.1,1.015,0.5,0.6,0.25,0.4,0.005,0.975,0.8,0.1,1.12169889113828,0.795153504465695,0.44867955645531,0.219639565777687,0.298911345829051,0.577704587653173,-1.17915826169527,1.08308559922699,5.85450884682874
174,-0.00578680491845824,0.801534556957794,0.0956569513636925,-0.00586860973178349,-0.00586860972717285,-0.00567496012491442,0.0374560825340109,0.0223831737959525,0.0204003114717268,3.98793670819949,4.25777274221806,0.38828125487063,2.22311683761136,0.202746352727818,2.98375303088971,2.47466963510908,0.568519910216144,-0.0594365144355123,6.51717279171191,7.03481496064233,0.542661558007467,0.2441077622968,0.157461486261191,0.0110704648445309,0.882362092087492,2.5085662423123,0.59118260169862,0.248162983453321,0.529417255252495,0.220590523021873,0.189541313893464,0.419126586034194,-0.0542304666750842,0.00106743158271132,1.0159749897538,0.999184261056949,1.01680443673031,0.527094916677513,0.0504202928086704,0.422484790513816,1.04500698610919,1.04076853631805,0.829381523701738,0.190538527931296,-0.0199200516330337,-9.85593729350178e-05,0.963128793123068,0.0185700169571389,1.0152004190123,-0.0539074634717686,0.67,0.1,1.015,0.5,0.6,0.25,0.4,0.005,0.975,0.8,0.1,1.12158661181003,0.795163399935849,0.448634644724011,0.219563676207513,0.298734594622412,0.577790651350839,-1.17882128652159,1.07859114597376,5.85741709683666
175,-0.005789362572669,0.801685791523536,0.095656951363344,-0.0058686097308831,-0.00586860972726155,-0.00568103574458934,0.037462571478764,0.0223876068412274,0.020404505300093,3.98693889120992,4.25531945166906,0.388042442490128,2.22194907808782,0.202631824401073,2.98289566327243,2.47614145108218,0.566169497779907,-0.0594152855896497,6.51770682611395,7.02881649632072,0.542324851644466,0.244170058135881,0.157358380610589,0.0110658703429146,0.882206159122161,2.50765148411941,0.591078126611848,0.24809284799924,0.529323695473296,0.22055153978054,0.189543574314027,0.419098214785194,-0.0540795163202701,0.00106359261702559,1.01599687761897,0.999181690614467,1.01682895829902,0.527052902670848,0.0504162738766946,0.422530823452456,1.04500351294013,1.040764913952,0.830113329664909,0.189805330689606,-0.0199186603545145,-9.61303640292341e-05,0.963128793123068,0.0185700169571389,1.01523870849339,-0.0539074634717686,0.67,0.1,1.015,0.5,0.6,0.25,0.4,0.005,0.975,0.8,0.1,1.12147779400616,0.795172956379535,0.448591117602465,0.219490047399752,0.298562781483933,0.577875138530231,-1.17849418493252,1.07421758785662,5.86026229009727
176,-0.00579184006348896,0.801832309746642,0.0956569513630703,-0.00586860973017589,-0.00586860972733128,-0.00568691963580514,0.0374688719565912,0.0223919115763404,0.0204085778664756,3.98596975868235,4.25293960645524,0.387810768567268,2.22081724999732,0.202520803051959,2.98206702543634,2.47757883938613,0.563882876509455,-0.0593946904592393,6.51823371371043,7.02299175874122,0.541998295608792,0.244230864654352,0.157258210756963,0.0110614144488042,0.882055074249144,2.50676512990784,0.590976899746927,0.248024821818362,0.529233044549487,0.220513768562286,0.189545749012395,0.419070714769171,-0.0539311490209851,0.00105975447457405,1.0160180922672,0.999179200736193,1.01685272423465,0.527012205283927,0.050412380888589,0.422575413827483,1.04500013926468,1.04076139494939,0.830826007012211,0.18909128188594,-0.0199172888981506,-9.37604661970795e-05,0.963128793123068,0.0185700169571389,1.01527606755557,-0.0539074634717686,0.67,0.1,1.015,0.5,0.6,0.25,0.4,0.005,0.975,0.8,0.1,1.12137232083371,0.795182180920073,0.448548928333483,0.219418608163932,0.298395766132665,0.577958055917706,-1.17817665843835,1.06996170270035,5.86304540755322
177,-0.00579423991559653,0.801974258709139,0.0956569513628553,-0.00586860972962044,-0.00586860972738601,-0.0056926179174781,0.0374749896870856,0.022396091869506,0.0204125328193633,3.98502841639175,4.25063088613061,0.387586008039565,2.21972019530672,0.202413175948875,2.98126607202426,2.47898246214264,0.561658319432094,-0.0593747095504674,6.51875325001166,7.01733553461522,0.541681567232781,0.244290211040085,0.157160891572674,0.0110570927948076,0.88190867772814,2.50590622720532,0.590878814077854,0.247958842904026,0.529145206636884,0.220477169432035,0.189547839562809,0.419044056250973,-0.0537853618179372,0.00105591627946137,1.01603865562695,0.999176788884825,1.01687575905456,0.526972783063607,0.050408609879064,0.422618607057328,1.04499686214745,1.04075797628508,0.831520032849453,0.188395904915261,-0.0199159377647143,-9.14462949497504e-05,0.963128793123068,0.0185700169571389,1.01531251732675,-0.0539074634717686,0.67,0.1,1.015,0.5,0.6,0.25,0.4,0.005,0.975,0.8,0.1,1.12127007896446,0.795191079537012,0.448508031585786,0.21934929015767,0.298233412851047,0.578039411802206,-1.17786841757617,1.06582035635093,5.86576743367659
178,-0.00579656457340967,0.802111780906212,0.0956569513626865,-0.00586860972918413,-0.00586860972742898,-0.00569813650901252,0.0374809301962718,0.0224001514594706,0.0204163736855424,3.98411400351741,4.24839105236105,0.387367943787056,2.21865679723466,0.202308834351732,2.98049180162034,2.4803529767474,0.559494148885488,-0.0593553240125524,6.51926525882781,7.01184278271647,0.541374355290679,0.244348126294746,0.157066340573422,0.0110529011644434,0.881766816139752,2.50507386029845,0.590783766813634,0.247894847556765,0.529060089683851,0.220441704034938,0.189549847731746,0.419018210475482,-0.0536421483619648,0.00105208318116698,1.01605858946671,0.999174452603723,1.01689808703474,0.526934595873775,0.0504049570088146,0.422660447117409,1.04499367874737,1.0407546550297,0.832195872976034,0.187718734398596,-0.0199146073746298,-8.918666572865e-05,0.963128793123068,0.0185700169571389,1.01534807852891,-0.0539074634717686,0.67,0.1,1.015,0.5,0.6,0.25,0.4,0.005,0.975,0.8,0.1,1.12117096019096,0.795199658091639,0.448468384076382,0.219282027410728,0.298075590032138,0.578119215936165,-1.17756918237571,1.06179050164228,5.86842935898943
179,-0.00579881640368337,0.802245014389248,0.0956569513625538,-0.0058686097288414,-0.00586860972746273,-0.00570348113706631,0.0374866988244676,0.022404093960699,0.0204201038749505,3.98322569095818,4.246217945464,0.387156366298554,2.21762597798139,0.20220767335337,2.97974325429246,2.48169103533036,0.557388734575617,-0.0593365156135243,6.51976959013864,7.00650862709346,0.541076359524608,0.244404639205449,0.156974477822143,0.0110488354862078,0.881629341631636,2.50426714850675,0.590691658893196,0.247832774202793,0.528977604978982,0.220407335407909,0.189551775355352,0.418993150143512,-0.0535014991932709,0.00104825991713265,1.0160779147031,0.999172189514298,1.01691973151997,0.526897604852776,0.050401418560448,0.422700976586775,1.04499058631413,1.04075142834605,0.832853982219887,0.187059315856404,-0.0199132980762906,-8.69804099988951e-05,0.963128793123068,0.0185700169571389,1.01538277148072,-0.0539074634717686,0.67,0.1,1.015,0.5,0.6,0.25,0.4,0.005,0.975,0.8,0.1,1.12107486056659,0.795207923293913,0.448429944226637,0.219216756229917,0.297922170031509,0.578197479407233,-1.17727868199503,1.05786917503897,5.87103217827769
180,-0.00580099769802022,0.802374092904419,0.0956569513624496,-0.00586860972857217,-0.00586860972748926,-0.00570865734207116,0.0374923007337454,0.0224079228682995,0.0204237266852873,3.98236267984887,4.24410948112639,0.386951073355027,2.21662669744054,0.202109591722536,2.97901950956011,2.48299728426086,0.555340492016408,-0.0593182667171639,6.52026611810239,7.00132835064244,0.540787290188192,0.244459778318919,0.156885225837865,0.0110448918277931,0.881496111680518,2.50348524457444,0.590602394825947,0.247772563332946,0.528897667008311,0.220374027920129,0.189553624326259,0.418968849047182,-0.053363402022647,0.00104445081878923,1.01609665144202,0.99916999731349,1.01694071496747,0.526861772372252,0.0503979909345465,0.4227402366932,1.0449875821848,1.04074829348576,0.833494804680709,0.186417205471228,-0.0199120101519371,-8.48263759239419e-05,0.963128793123068,0.0185700169571389,1.01541661610065,-0.0539074634717686,0.67,0.1,1.015,0.5,0.6,0.25,0.4,0.005,0.975,0.8,0.1,1.12098168019801,0.795215882072312,0.448392672079203,0.219153415106119,0.297773029027086,0.578274214518012,-1.17699665437463,1.05405349398558,5.87357688892736
181,-0.00580311067529716,0.802499146026942,0.0956569513623678,-0.00586860972836067,-0.00586860972751013,-0.00571367048451743,0.0374977409150301,0.0224116415627113,0.0204272453064045,3.98152420016144,4.24206364728774,0.386751869728884,2.21565795168158,0.202014491754474,2.97831968447884,2.48427236370059,0.553347881039238,-0.0593005602609887,6.52075473919803,6.99629738898995,0.540506867612951,0.244513571918159,0.156798509508613,0.0110410663905816,0.881366988868808,2.50272733314975,0.590515882542101,0.247714157423221,0.528820193321285,0.220341747217202,0.189555396582153,0.418945282014887,-0.0532278419921943,0.00104065983993525,1.01611481901683,0.999167873771326,1.01696105898755,0.526827061997367,0.0503946706458613,0.42277826735677,1.04498466378055,1.04074524778604,0.834118773967431,0.185791969855686,-0.0199107438231163,-8.2723428903777e-05,0.963128793123068,0.0185700169571389,1.01544963191041,-0.0539074634717686,0.67,0.1,1.015,0.5,0.6,0.25,0.4,0.005,0.975,0.8,0.1,1.12089132305252,0.795223541529043,0.448356529221008,0.219091944625862,0.297628046885329,0.578349434673805,-1.17672284590789,1.05034065437209,5.87606448938915
182,-0.00580515748401151,0.802620299291152,0.0956569513623035,-0.00586860972819458,-0.00586860972752645,-0.00571852575101239,0.0375030241948542,0.0224152533141687,0.0204306628244863,3.98070950938489,4.2400785011785,0.386558566898212,2.21471877150297,0.201922279128738,2.97764293183254,2.48551690720119,0.551409404366578,-0.0592833797352213,6.52123537049215,6.99141132466687,0.540234821796125,0.244566048001485,0.15671425600816,0.0110373555043971,0.881241840672267,2.50199262934601,0.590432033250419,0.247657500858849,0.52874510440336,0.220310460168067,0.189557094095414,0.418922424861075,-0.0530948019168245,0.00103689058336176,1.01613243602436,0.999165816728568,1.01698078438206,0.526793438448342,0.0503914543196337,0.422815107232023,1.04498182860357,1.04074228866661,0.834726313430564,0.185183185825194,-0.0199094992557582,-8.06704520530197e-05,0.963128793123068,0.0185700169571389,1.01548183803893,-0.0539074634717686,0.67,0.1,1.015,0.5,0.6,0.25,0.4,0.005,0.975,0.8,0.1,1.12080369677634,0.79523090890236,0.448321478710535,0.219032287387204,0.297487107033373,0.578423154277875,-1.17645701112705,1.04672792810545,5.87849597776372
183,-0.00580714020454885,0.802737674316519,0.095656951362253,-0.00586860972806413,-0.00586860972753933,-0.0057232281601225,0.0375081552417868,0.0224187612869537,0.0204339822260324,3.97991789127912,4.238152166505,0.386370982775126,2.21380822105396,0.201832862773819,2.97698843842685,2.48673154134346,0.549523606246073,-0.0592667091626849,6.5217079480226,6.98666588155738,0.539970892008763,0.244617234263731,0.156632394716397,0.0110337556225026,0.881120539258088,2.50128037737993,0.590350761302919,0.24760253986187,0.528672323554853,0.220280134814522,0.189558718863717,0.418900254338864,-0.0529642625079322,0.00103314632563832,1.01614952035906,0.999163824094428,1.01699991118076,0.52676086756327,0.0503883386880379,0.422850793748691,1.04497907423413,1.04073941362677,0.835317836389555,0.18459044017534,-0.0199082765648948,-7.86663465729469e-05,0.963128793123068,0.0185700169571389,1.01551325322647,-0.0539074634717686,0.67,0.1,1.015,0.5,0.6,0.25,0.4,0.005,0.975,0.8,0.1,1.12071871252283,0.795237991532372,0.448287485009134,0.218974387919679,0.297350096336805,0.578495388633731,-1.17619891240341,1.04321266078116,5.88087235049954
184,-0.00580906085137573,0.802851388929737,0.0956569513622133,-0.00586860972796166,-0.00586860972754943,-0.00572778256800566,0.0375131385725576,0.022422168543447,0.0204372064016542,3.97914865469797,4.23628283077237,0.386188941447408,2.21292539652101,0.201746154738218,2.97635542347737,2.48791688541531,0.547689071141626,-0.0592505330795725,6.52217242529124,6.9820569196073,0.539714826422882,0.244667158079488,0.156552857143133,0.0110302633168288,0.88100296129281,2.50058984928219,0.590271984066183,0.247549222421986,0.528601776775686,0.220250740323202,0.189560272901539,0.418878748095346,-0.0528362025805048,0.00102943004021088,1.01616608924515,0.999161893844367,1.01701845867576,0.526729316262166,0.0503853205867419,0.422885363151091,1.04497639832773,1.04073662024253,0.835893746355259,0.184013329463783,-0.0199070758190425,-7.67100320392409e-05,0.963128793123068,0.0185700169571389,1.0155438958292,-0.0539074634717686,0.67,0.1,1.015,0.5,0.6,0.25,0.4,0.005,0.975,0.8,0.1,1.12063628479033,0.795244796830065,0.448254513916131,0.218918192608091,0.297216904982772,0.578566153854022,-1.17594831966125,1.03979226944913,5.88319460119601
185,-0.00581092137515973,0.802961557283002,0.0956569513621821,-0.00586860972788117,-0.00586860972755732,-0.0057321936738447,0.0375179785578902,0.022425478047991,0.0204403381496944,3.97840113247738,4.23446874273778,0.386012272932688,2.21206942487546,0.201662070067599,2.97574313708695,2.48907355112572,0.545904422478272,-0.0592348365170432,6.52262877185883,6.97758042977715,0.539466381756667,0.244715846488228,0.156475576855148,0.0110268752734233,0.880888987759524,2.49992034367604,0.590195621798881,0.247497498230509,0.528533392655714,0.220222246939881,0.189561758232496,0.418857884629381,-0.0527105992448033,0.00102574441897131,1.01618215926716,0.999160024017964,1.0170364454542,0.526698752512203,0.0503823969515819,0.422918850536214,1.04497379861241,1.04073390616398,0.836454437247677,0.183451459796595,-0.0199058970442721,-7.48004466370868e-05,0.963128793123068,0.0185700169571389,1.01557378382386,-0.0539074634717686,0.67,0.1,1.015,0.5,0.6,0.25,0.4,0.005,0.975,0.8,0.1,1.12055633126871,0.795251332249313,0.448222532507484,0.218863649619931,0.297087426368117,0.578635466775614,-1.1757050101044,1.03646424046851,5.88546371950518
186,-0.00581272366481944,0.803068289968605,0.0956569513621577,-0.00586860972781789,-0.00586860972756365,-0.00573646602508704,0.037522679428061,0.0224286926705726,0.0204433801796787,3.97767468038442,4.23270820998646,0.385840812944461,2.21123946267915,0.201580526687689,2.97515085880655,2.49020214235227,0.544168321437883,-0.0592196049835993,6.52307697203542,6.9732325292264,0.539225322936657,0.244763326181176,0.156400489406323,0.0110235882881067,0.880778503783851,2.49927118461999,0.59012159753518,0.247447318617271,0.528467102270311,0.220194625945963,0.189563176882447,0.418837643251762,-0.0525874280837436,0.0010220918923233,1.01619774639873,0.999158212716856,1.01705388942912,0.526669145294096,0.0503795648153465,0.422951289890557,1.04497127288615,1.04073126911266,0.837000293609033,0.182904446618951,-0.0199047402279837,-7.29365473120765e-05,0.963128793123068,0.0185700169571389,1.01560293481279,-0.0539074634717686,0.67,0.1,1.015,0.5,0.6,0.25,0.4,0.005,0.975,0.8,0.1,1.12047877269448,0.795257605261611,0.448191509077793,0.218810708836229,0.296961556992271,0.578703344880474,-1.1754687679549,1.0332261274467,5.88768069012542
187,-0.00581446954950668,0.803171694129947,0.0956569513621385,-0.00586860972776826,-0.00586860972756853,-0.00574060402250043,0.0375272452782001,0.0224318151903373,0.0204463351156105,3.97696867612367,4.23099959662367,0.385674402669258,2.21043469494478,0.201501445292621,2.97457789627453,2.49130325491985,0.542479465802891,-0.0592048244482041,6.52351702366001,6.96900945671591,0.538991422776,0.244809623489802,0.156327532270682,0.0110203992623256,0.880671398468207,2.4986417205106,0.590049836973699,0.247398636490334,0.528402839080924,0.220167849617052,0.189564530873306,0.418818004047579,-0.0524666633169869,0.00101847464788825,1.01621286602988,0.999156458102746,1.01707080786879,0.526640464569591,0.0503768213046673,0.422982714125741,1.04496881901444,1.04072870687909,0.837531690812343,0.182371914510067,-0.0199036053224093,-7.11173098767473e-05,0.963128793123068,0.0185700169571389,1.01563136602902,-0.0539074634717686,0.67,0.1,1.015,0.5,0.6,0.25,0.4,0.005,0.975,0.8,0.1,1.1204035327136,0.795263623333364,0.448161413085439,0.218759321785643,0.29683919635466,0.578769806221979,-1.17523938420304,1.03007554925777,5.88984649188112
188,-0.00581616080052352,0.803271873569099,0.0956569513621234,-0.00586860972772929,-0.0058686097275723,-0.00574461192504949,0.0375316800733463,0.0224348482989425,0.0204492054991142,3.97628251839718,4.22934132107615,0.385512888554366,2.20965433404806,0.201424749238406,2.97402358392966,2.4923774764083,0.540836588845461,-0.0591904813241017,6.5239489369638,6.96490756821682,0.538764461667862,0.244854764375821,0.156256644778204,0.0110173051991918,0.880567564733909,2.49803132304198,0.589980268371719,0.247351406278318,0.528340538840345,0.220141891183477,0.1895658222175,0.41879894784066,-0.0523482779526655,0.00101489464795723,1.01622753299291,0.999154758395474,1.01708721742451,0.526612681250029,0.0503741636370114,0.423013155112958,1.04496643492787,1.04072621732044,0.838048995265545,0.181853496982314,-0.0199024922478583,-6.93417290601209e-05,0.963128793123068,0.0185700169571389,1.01565909434156,-0.0539074634717686,0.67,0.1,1.015,0.5,0.6,0.25,0.4,0.005,0.975,0.8,0.1,1.12033053775172,0.795269393905497,0.448132215100687,0.218709441581617,0.29672024685637,0.578834869356337,-1.17501665636812,1.02701018813612,5.89196209688266
189,-0.00581779913317612,0.803368928850999,0.0956569513621115,-0.00586860972769865,-0.0058686097275753,-0.00574849385460241,0.0375359876532707,0.022437794603759,0.0204519937924389,3.97561562601496,4.22773185399691,0.385356122105508,2.20889761868904,0.201350364441282,2.97348728179332,2.49342538598695,0.539238458259674,-0.0591765624533033,6.52437273351145,6.96092333271449,0.538544227293185,0.244898774422582,0.156187768053251,0.0110143031996983,0.880466899170681,2.49743938621856,0.589912822444356,0.247305583875269,0.528280139502409,0.22011672479267,0.189567052913037,0.418780456159966,-0.0522322439276436,0.00101135364572975,1.01624176158679,0.999153111871158,1.01710313415691,0.526585767165942,0.0503715891177727,0.423042643716284,1.04496411861992,1.04072379835823,0.838552564611322,0.181348836284403,-0.0199014008957251,-6.7608818518384e-05,0.963128793123068,0.0185700169571389,1.01568613626085,-0.0539074634717686,0.67,0.1,1.015,0.5,0.6,0.25,0.4,0.005,0.975,0.8,0.1,1.1202597168914,0.795274924375228,0.448103886756558,0.218661022862431,0.296604613705847,0.578898553278766,-1.17480038826935,1.02402778784134,5.89402846976151
190,-0.00581938620856777,0.803462957404406,0.0956569513621022,-0.00586860972767456,-0.00586860972757774,-0.00575225380047206,0.0375401717370811,0.0224406566309296,0.0204547023813259,3.97496743705269,4.22616971626769,0.385203959693921,2.20816381289986,0.201278219280655,2.97296837431687,2.49444755427412,0.537683875134457,-0.0591630550917057,6.52478844521544,6.95705332819688,0.538330514341972,0.244941678827744,0.156120844955496,0.0110113904591021,0.88036930189318,2.49686532541807,0.589847432268431,0.247261126587865,0.528221581135908,0.220092325473295,0.189568224939116,0.418762511207813,-0.0521185322371108,0.00100785320046559,1.01625556560037,0.999151516860389,1.01711857356103,0.526559695037638,0.0503690951374587,0.423071209824903,1.04496186814473,1.04072144797614,0.8390427479227,0.180857583208574,-0.0199003311312738,-6.59176107875945e-05,0.963128793123068,0.0185700169571389,1.01571250794425,-0.0539074634717686,0.67,0.1,1.015,0.5,0.6,0.25,0.4,0.005,0.975,0.8,0.1,1.12019100175578,0.795280222079816,0.448076400702313,0.218614021733997,0.296492204828431,0.578960877364164,-1.17459038980645,1.02112615189057,5.8960465669751
191,-0.00582092363533303,0.803554053619706,0.0956569513620949,-0.00586860972765568,-0.00586860972757963,-0.00575589562379997,0.0375442359276188,0.0224434368282907,0.0204573335777505,3.974337408054,4.22465347709364,0.38505626237232,2.20745220509655,0.201208244506403,2.97246626929,2.49544454321965,0.536171672965158,-0.0591499468948115,6.52519611341856,6.95329423781758,0.538123124247377,0.244983502397152,0.156055820023199,0.0110085642634662,0.880274676404137,2.49630857650178,0.589784033190772,0.247217993084912,0.528164805842482,0.220068669101034,0.18956934025225,0.418745095829816,-0.0520071130542661,0.00100439469160422,1.01626895833438,0.99914997174649,1.01713355058997,0.52653443844676,0.0503666791689697,0.423098882384269,1.04495968161507,1.04071916421799,0.839519885894518,0.180379396901698,-0.0198992827962163,-6.42671572306749e-05,0.963128793123068,0.0185700169571389,1.01573822520168,-0.0539074634717686,0.67,0.1,1.015,0.5,0.6,0.25,0.4,0.005,0.975,0.8,0.1,1.12012432639847,0.795285294282146,0.448049730559387,0.218568395715246,0.296382930779519,0.579021861311966,-1.17438647674936,1.01830314185493,5.89801733617728
192,-0.00582241297131513,0.803642308943659,0.0956569513620891,-0.00586860972764081,-0.00586860972758108,-0.00575942306178656,0.0375481837156589,0.0224461375681653,0.0204598896225429,3.97372501327443,4.22318175218539,0.384912895699289,2.20676210717265,0.201140373150309,2.97198039680671,2.49641690600896,0.534700716701768,-0.0591372259040214,6.52559578804034,6.94964284622427,0.537921864931927,0.245024269539802,0.155992639418744,0.0110058219863509,0.880182929463782,2.49576859496925,0.589722562740734,0.247176143348942,0.528109757678269,0.220045732365946,0.189570400782854,0.418728193486452,-0.0518979558408078,0.00100097933190978,1.01628195262216,0.999148474963828,1.0171480796775,0.526509971808771,0.0503643387649665,0.423125689426261,1.04495755720036,1.04071694518564,0.839984311030877,0.17991394468022,-0.0198982557110962,-6.26565279121147e-05,0.963128793123068,0.0185700169571389,1.01576330350126,-0.0539074634717686,0.67,0.1,1.015,0.5,0.6,0.25,0.4,0.005,0.975,0.8,0.1,1.12005962719909,0.79529014815798,0.448023850879635,0.21852410368597,0.296276704661162,0.579081525094927,-1.17418847053656,1.01555667571662,5.89994171564952
193,-0.00582385572518851,0.803727811971204,0.0956569513620846,-0.00586860972762915,-0.00586860972758219,-0.00576283973177616,0.0375520184839247,0.0224487611500349,0.0204623726878953,3.97312974396463,4.22175320202358,0.384773729571603,2.20609285363232,0.201074540441404,2.9715102082853,2.49736518698681,0.533269901831955,-0.0591248805334705,6.52598752678301,6.9460960360436,0.537726550565185,0.245064004263829,0.155931250876296,0.0110031610856489,0.880093970965204,2.49524485515506,0.589662960546687,0.247135538629893,0.528056382579122,0.220023492741301,0.189571408432261,0.418711788226134,-0.0517910294488812,0.000997608179722818,1.01629456084952,0.999147024996185,1.01716217475941,0.526486270346335,0.0503620715553247,0.42315165809834,1.04495549312471,1.04071478903717,0.840436347828636,0.179460901848857,-0.0198972496774937,-6.10848114869847e-05,0.963128793123068,0.0185700169571389,1.01578775797504,-0.0539074634717686,0.67,0.1,1.015,0.5,0.6,0.25,0.4,0.005,0.975,0.8,0.1,1.11999684276438,0.795294790784755,0.447998737105751,0.218481105836988,0.296173442041938,0.579139888911592,-1.17399619808172,1.01288472628386,5.90182063378901
194,-0.00582525335802838,0.803810648534394,0.0956569513620811,-0.00586860972761993,-0.00586860972758307,-0.00576614913520013,0.0375557435109261,0.0224513098030941,0.0204647848797604,3.9725511076904,4.22036653020138,0.384638638064076,2.20544380076106,0.201010683725017,2.97105517553921,2.49828992159943,0.531878153497164,-0.0591128995573835,6.52637139439314,6.94265078451455,0.537537001332265,0.245102730173431,0.155871603651499,0.0110005791005551,0.880007713815335,2.4947368494651,0.589605168256275,0.247096141400667,0.528004628289201,0.220001928453834,0.189572365070123,0.418695864659728,-0.0516863022150886,0.000994282150381485,1.01630679497339,0.999145620375181,1.01717584929388,0.526463310063568,0.0503598752446709,0.42317681469176,1.04495348766515,1.04071269398497,0.840876312957068,0.179019951522995,-0.0198962644800624,-5.95511150326002e-05,0.963128793123068,0.0185700169571389,1.01581160342478,-0.0539074634717686,0.67,0.1,1.015,0.5,0.6,0.25,0.4,0.005,0.975,0.8,0.1,1.1199359138343,0.795299229131794,0.447974365533722,0.218439363622513,0.296073060879927,0.579196973142214,-1.17380949158802,1.01028531966063,5.90365500864969
195,-0.00582660728482903,0.803890901788554,0.0956569513620783,-0.00586860972761283,-0.00586860972758385,-0.00576935466138451,0.0375593619746306,0.0224537856886975,0.0204671282401482,3.97198862768748,4.21902048184104,0.384507499276544,2.20481432583207,0.200948742385341,2.9706147898958,2.49919163635356,0.53052442564017,-0.0591012720979233,6.52674746197551,6.93930416026252,0.537353043212627,0.24514047046666,0.155813648473092,0.010998073648665,0.879924073821267,2.49424408765015,0.589549129460249,0.247057915314533,0.52795444429276,0.219981018455317,0.189573272532183,0.418680407936396,-0.0515837420471096,0.000991002026877967,1.01631866653964,0.999144259678747,1.01718911628078,0.52644106772113,0.0503577476100007,0.423201184668868,1.04495153914982,1.04071065829399,0.841304515433727,0.178590784454684,-0.019895299888411,-5.80545638770319e-05,0.963128793123068,0.0185700169571389,1.01583485432768,-0.0539074634717686,0.67,0.1,1.015,0.5,0.6,0.25,0.4,0.005,0.975,0.8,0.1,1.11987678319304,0.795303470051813,0.447950713277216,0.218398839714604,0.295975481448629,0.579252798307898,-1.17362818837009,1.00775653376876,5.90544574753267
196,-0.00582791887597281,0.803968652295761,0.0956569513620761,-0.00586860972760705,-0.00586860972758441,-0.00577245959122652,0.0375628769559766,0.0224561909027003,0.0204694047493248,3.9714418422488,4.2177138420804,0.384380195187576,2.20420382634642,0.200888657771339,2.97018856136009,2.50007084879105,0.529207700182554,-0.059089987613511,6.52711580635548,6.93605332020679,0.537174507768599,0.245177247933991,0.155757337496374,0.0109956424231955,0.879842969581609,2.49376609611463,0.589494789619678,0.247020825164297,0.527905781748965,0.219960742395402,0.189574132618362,0.418665403720717,-0.0514833165035053,0.000987768469743066,1.0163301867,0.999142941529647,1.01720198828011,0.526419520812124,0.0503556864983727,0.423224792689503,1.04494964595632,1.04070868028004,0.841721256796648,0.178173098862191,-0.0198943556588392,-5.65943013938264e-05,0.963128793123068,0.0185700169571389,1.01585752484219,-0.0539074634717686,0.67,0.1,1.015,0.5,0.6,0.25,0.4,0.005,0.975,0.8,0.1,1.11981939558443,0.79530752027362,0.447927758233773,0.218359497959597,0.295880626265687,0.579307385032766,-1.17345213068281,1.00529649691966,5.90719374662252
197,-0.0058291894586512,0.804043978105713,0.0956569513620744,-0.00586860972760261,-0.00586860972758485,-0.00577546710074583,0.0375662914422367,0.0224585274777028,0.0204716163279195,3.97091030414243,4.21644543462562,0.384256611514582,2.20361171930531,0.200830373125805,2.96977601782098,2.50092806747791,0.527926986230674,-0.0590790358875948,6.52747650948682,6.93289550659463,0.537001231943113,0.245213084957642,0.155702624258412,0.0109932831903208,0.879764322382644,2.49330241725854,0.589442095996371,0.246984836843108,0.527858593429586,0.219941080595661,0.189574947091157,0.418650838170988,-0.0513849928671429,0.000984582026304992,1.01634136622803,0.999141664594055,1.01721447742945,0.526398647538776,0.0503536898246784,0.423247662636545,1.04494780651009,1.04070675830813,0.842126831272922,0.177766600263018,-0.0198934315359395,-5.51694888052701e-05,0.963128793123068,0.0185700169571389,1.01587962881375,-0.0539074634717686,0.67,0.1,1.015,0.5,0.6,0.25,0.4,0.005,0.975,0.8,0.1,1.11976369763175,0.795311386395895,0.447905479052699,0.218321303336403,0.295788420024279,0.579360754008968,-1.17328116555701,1.00290338643354,5.90889989066644
198,-0.00583042031823985,0.804116954834081,0.095656951362073,-0.00586860972759917,-0.00586860972758518,-0.00577838026451361,0.0375696083302386,0.0224607973851994,0.0204737648389444,3.97039358005833,4.21521412036679,0.384136637579978,2.20303744051292,0.200773833517442,2.96937670429747,2.50176379200652,0.526681319308798,-0.0590684070178469,6.5278296579021,6.92982804415573,0.536833057866192,0.245248003511548,0.155649463634918,0.0109909937866194,0.879688056099012,2.49285260885079,0.589390997586338,0.246949917306826,0.527812833659407,0.219922014024753,0.189575717674299,0.41863669791864,-0.0512887382127268,0.000981443139283819,1.01635221553442,0.999140427580169,1.01722659546059,0.526378426789881,0.0503517555694842,0.423269817640634,1.04494601928285,1.04070489079094,0.842521525943746,0.177371001310328,-0.0198925272540737,-5.37793049359365e-05,0.963128793123068,0.0185700169571389,1.0159011797806,-0.0539074634717686,0.67,0.1,1.015,0.5,0.6,0.25,0.4,0.005,0.975,0.8,0.1,1.11970963776145,0.795315074881955,0.447883855104578,0.218284221916594,0.295698789527045,0.579412925964329,-1.17311514464146,1.00057542730382,5.91056505269311
199,-0.00583161269962884,0.804187655738416,0.095656951362072,-0.0058686097275964,-0.00586860972758541,-0.0057812020589656,0.0375728304294507,0.0224630025376395,0.0204758520897304,3.9698912500823,4.21401879605308,0.384020166183086,2.20248044390823,0.200718985775787,2.96899018222242,2.50257851301005,0.525469760618135,-0.0590580914057708,6.52817534220263,6.92684833737075,0.536669832669727,0.245282025161952,0.155597811798715,0.0109887721166254,0.879614097098709,2.49241624343205,0.589341445056135,0.246916034537929,0.527768458259225,0.219903524274677,0.189576446051673,0.418622970048717,-0.0511945194688572,0.000978352154800615,1.01636274468146,0.999139229236873,1.01723835371547,0.526358838118968,0.0503498817769428,0.423291280104089,1.04494428279108,1.04070307618727,0.842905620906015,0.176986021632716,-0.0198916425387318,-5.24229459903769e-05,0.963128793123068,0.0185700169571389,1.01592219097944,-0.0539074634717686,0.67,0.1,1.015,0.5,0.6,0.25,0.4,0.005,0.975,0.8,0.1,1.11965716613071,0.795318592055444,0.447862866452283,0.218248220826163,0.295611663622426,0.579463921632489,-1.17295392405104,0.998310890904748,5.91219009376867
200,-0.00583276780851002,0.804256151791685,0.0956569513620711,-0.00586860972759429,-0.00586860972758563,-0.00578393536560207,0.0375759604649406,0.0224651447904043,0.0204778798337848,3.96940290719533,4.21285839302431,0.383907093477483,2.20194020092441,0.200665778428842,2.96861602876192,2.50337271218804,0.524291396320576,-0.0590480797466979,6.52851365658547,6.9239538678484,0.536511408310106,0.245315171068559,0.155547626179721,0.0109866161504795,0.879542374152167,2.49199290774559,0.589293390681952,0.246883157510786,0.5277254244913,0.219885593538042,0.189577133866456,0.418609642081332,-0.0511023034749688,0.000975309329876256,1.01637296339684,0.999138068352447,1.01724976316117,0.526339861723177,0.0503480665527731,0.423312071724049,1.04494259559463,1.04070131300059,0.843279389430531,0.176611387677254,-0.0198907771077844,-5.10996252963682e-05,0.963128793123068,0.0185700169571389,1.01594267535121,-0.0539074634717686,0.67,0.1,1.015,0.5,0.6,0.25,0.4,0.005,0.975,0.8,0.1,1.11960623455855,0.795321944096827,0.447842493823419,0.218213268208894,0.295526973143314,0.579513761725359,-1.17279736422064,0.996108093740243,5.91377586278699
