Time,n_RoW,psi_o_RoW,psi_y_RoW,n_y_RoW,n_m_RoW,n_o_RoW,mu_o_RoW,mu_m_RoW,mu_y_RoW,s_o_RoW,s_m_RoW,s_y_RoW,h_m_RoW,h_y_RoW,a_RoW,a_o_RoW,a_m_RoW,a_y_RoW,z_o_RoW,z_m_RoW,z_y_RoW,c_o_RoW,c_m_RoW,c_y_RoW,y_RoW,k_RoW,w_RoW,inv_RoW,b_RoW,gov_RoW,e_RoW,t_RoW,tilde_R_RoW,g_RoW,q_RoW,tilde_s_m_RoW,tilde_s_y_RoW,tilde_s_o_RoW,Omega_m_RoW,Omega_y_RoW,eta_o_RoW,eta_m_RoW,eta_y_RoW,walras_RoW,gamma_RoW,phi_RoW,alpha,delta,beta,sigma,b_y,g_y,repl,x,omega,nu,w_indiv_RoW,t_indiv_RoW,e_indiv_RoW,c_y_indiv_RoW,c_m_indiv_RoW,c_o_indiv_RoW,a_y_indiv_RoW,a_m_indiv_RoW,a_o_indiv_RoW
0,0.010574708476305,0.239211285055436,0.177873542381526,0.010574708476305,0.010574708476305,0.010574708476305,0.0995025916069475,0.0469251313148666,0.040218438744802,0.567973090510672,1.80575614606082,0.284699664645008,2.82655142578935,0.445640594816501,3.2924499837408,0.893187836539753,2.53557838504298,-0.136316237841931,1.54535169557192,7.1303995274842,0.618915850855393,0.153766498653597,0.334594934154659,0.0248918292358146,1.08527878719674,2.64128271142275,0.727136787421813,0.300705828353482,0.651167272318041,0.271319696799184,0.0695757301321014,0.355055423858212,1.0377129724424,1.01562758201869,1.02174555990279,0.705674057500615,0.125520744374379,0.168805198125006,1.08740814996156,1.07226422136408,0.271283646205898,0.770119029162021,-0.0414026753679191,-1.66533453693773e-16,0.906064588921509,0.0374556693326375,0.67,0.1,1.025,0.5,0.6,0.25,0.4,0.005,0.975,0.8,1.03041450892671,0.503143654048672,0.412165803570683,0.19830848964353,0.474149404527837,0.910910921947602,-1.0860056520646,3.59312965822152,5.29123419456738
1,0.010853141779287,0.239505321306997,0.177969941004101,0.0111223897593218,0.010574708476305,0.0118168973602186,0.0981064821119735,0.0464154236568134,0.0398142094334412,0.576163789303706,1.83428809401633,0.289866844313515,2.84633119295081,0.449672902579852,3.29408869480392,0.894365288479604,2.53612626166806,-0.13640285534374,1.55327318141797,7.17802315848132,0.628146029457747,0.152386167831955,0.333170987604728,0.0250091379081205,1.08497985380583,2.64310078252042,0.726936502049909,0.303168597009579,0.650987912283501,0.271244963451459,0.0696420641972993,0.355043124291309,1.0377129724424,1.01590740748818,1.02146412634999,0.705479683906136,0.125554177724367,0.168966138369498,1.08668909590361,1.07181814204571,0.271506134577175,0.769902239021687,-0.0414083735988622,-5.69739301927855e-15,0.907306777805423,0.0375530873425437,0.67,0.1,1.025,0.5,0.6,0.25,0.4,0.005,0.975,0.8,1.03041450892671,0.503264845736575,0.412165803570683,0.199190009933592,0.472261633049459,0.901874004474877,-1.08640634518104,3.59489623801199,5.29316286156574
2,0.0109690016315083,0.240010564124261,0.177990698011931,0.0107118558991979,0.0105939882008201,0.0127258629788918,0.0969027835076144,0.0459627206208002,0.0394502682921975,0.584238568389667,1.86159330202234,0.294761685787509,2.86411278894999,0.453190953143896,3.29740658359549,0.896518656867425,2.53744079569764,-0.136552868969574,1.56237043364494,7.22314195831787,0.63651027098499,0.151398043930906,0.331995256216596,0.0251105010231599,1.08491548423953,2.64645729305177,0.726893374440484,0.305182812008983,0.650949290543717,0.271228871059882,0.0697848355430592,0.354893189871794,1.03762585353753,1.01602384663967,1.02126131878627,0.705217990069712,0.125522242303079,0.169259767627209,1.08612225807963,1.07148230536785,0.271885991050196,0.76952621138828,-0.0414122024384763,1.27891916519151e-15,0.908344048564192,0.0375003765632448,0.67,0.1,1.025,0.5,0.6,0.25,0.4,0.005,0.975,0.8,1.03073572239504,0.503238991161743,0.412294288958017,0.200048219044155,0.470769692338361,0.894471533627276,-1.08787786502301,3.59809425089511,5.2967026330911
3,0.0109620488228521,0.240656048704053,0.177855825626742,0.00983235923813774,0.0105981396023862,0.0133160429490999,0.095928623096935,0.0455853988834008,0.0391429970119472,0.591740214063287,1.88610886057471,0.298943421281394,2.8791093540427,0.4558523254471,3.30207427165351,0.899417140010988,2.53938520451913,-0.136728072876602,1.571969081957,7.26358646652194,0.643246260162567,0.150796828951793,0.331113485236545,0.0251785863106751,1.08511063084071,2.65100789314909,0.727024122663273,0.306744072631515,0.651066378504423,0.271277657710176,0.0699851010690695,0.354893684812124,1.03747508046621,1.01601685906697,1.0211199461975,0.704964137485113,0.125381978709659,0.169653883805228,1.08570950552964,1.07125225942638,0.272379439735087,0.769027282701633,-0.0414067224367198,6.51653786541782e-16,0.909153961203995,0.0373482080862865,0.67,0.1,1.025,0.5,0.6,0.25,0.4,0.005,0.975,0.8,1.03129235092278,0.503420906031009,0.412516940369112,0.20081503394503,0.469688410559093,0.888849848700874,-1.09049222451033,3.60214806611032,5.30148275911896
4,0.0108684409243029,0.241378246447015,0.177550906018483,0.00883862157384163,0.0105711651253484,0.0136038427517198,0.0952129573407327,0.0452986028167582,0.0389060943695126,0.598222423375841,1.90628578696937,0.302081108104478,2.89079113730214,0.457478306807973,3.30767634947823,0.902802145392927,2.54176267489013,-0.136888470804823,1.58136805882221,7.29710984179751,0.647877320468708,0.150566728077799,0.3305488787036,0.0252063763610798,1.08554524448865,2.65634920278504,0.727315313807398,0.307836950224012,0.651327146693192,0.271386311122163,0.0702232380243559,0.355036677739675,1.03728135216733,1.01592278312892,1.02102381144818,0.704756821905043,0.125130212251947,0.17011296584301,1.08544918091408,1.07112173501654,0.272941500363053,0.76844358580076,-0.0413850861638131,-8.08545040680486e-16,0.909721143211748,0.0371431654627662,0.67,0.1,1.025,0.5,0.6,0.25,0.4,0.005,0.975,0.8,1.03200890179591,0.503771892239323,0.412803560718363,0.201441170021572,0.469025440307319,0.885098483420427,-1.09396818195434,3.60658115805029,5.30707427807757
5,0.0107126042348007,0.242118760930935,0.177094628096754,0.00791332886593499,0.0105101812036965,0.0136102842011478,0.094772891911595,0.0451119170834703,0.0387483517577258,0.603311472639566,1.9209645115666,0.303981044482753,2.89873947309906,0.458009825869858,3.31376338237886,0.906406013931616,2.54435782120132,-0.13700045275408,1.58991911430378,7.32193180204759,0.650183975855399,0.150681230488818,0.330306379435341,0.0251935582568678,1.08617602106835,2.66205776973784,0.727737934115794,0.308450847620233,0.65170561264101,0.271544005267087,0.0704796027562217,0.355301550861065,1.03706378717099,1.01576616725597,1.02096704989944,0.704615674944489,0.124783650905437,0.170600674150074,1.08533815007997,1.07108537627083,0.273527681233375,0.767815177884335,-0.0413428591177095,2.82988964293157e-15,0.910038399128697,0.0369151999134656,0.67,0.1,1.025,0.5,0.6,0.25,0.4,0.005,0.975,0.8,1.03281541980049,0.504248718124326,0.413126167920194,0.201897909494247,0.468775236175896,0.883239361388846,-1.09790386609141,3.61098668632623,5.31302715213347
6,0.0105078894247479,0.242824121940486,0.176514223796303,0.0071074107756266,0.0104189256193508,0.013362564149072,0.0946123169318948,0.0450286735772796,0.0386730550313734,0.606747304806324,1.92954499867519,0.30457874390943,2.90273919936126,0.457464350008555,3.31990656350667,0.909971747698937,2.54697484854914,-0.137040032741405,1.59708763421453,7.33703963458429,0.650146202372428,0.151104159719196,0.330377163239548,0.0251431411958482,1.08695430177371,2.66773398244245,0.728259382188386,0.308591262175691,0.652172581064226,0.271738575443428,0.0707355780099263,0.355662806947544,1.03684014318146,1.01556042887187,1.02095366627589,0.704553641493349,0.124363739151057,0.171082619355594,1.08537152535802,1.07113859138489,0.274095589889438,0.767182690102723,-0.0412782799921606,1.11914863430685e-16,0.910107451228965,0.0366776098873912,0.67,0.1,1.025,0.5,0.6,0.25,0.4,0.005,0.975,0.8,1.03364646678256,0.50480586005303,0.413458586713024,0.202174213862357,0.468916976341633,0.883223323844057,-1.10192917708072,3.61501906817295,5.3189023591436
7,0.010260271525641,0.243447627787879,0.175830908335098,0.00639179702907633,0.0103028447592606,0.0128970257916536,0.0947188564884646,0.0450449503662031,0.0386772588195561,0.608426333395609,1.93209793916329,0.303930552846559,2.90287333609115,0.455913487837976,3.3257462574993,0.913272923406642,2.54946631191513,-0.136992977822474,1.60251260050174,7.34242129280835,0.647910464939898,0.151788159903064,0.330739004138302,0.0250594020778377,1.08783727387734,2.67304389317289,0.728850973497821,0.308291389288803,0.652702364326407,0.271959318469336,0.0709748162035724,0.356095674998289,1.0366264206554,1.01531157288327,1.02099340571052,0.704583331987593,0.123887527261148,0.171529140751259,1.08554030673647,1.07127566859273,0.274606916116074,0.766584734474179,-0.0411916505902523,1.88354126204854e-15,0.909941850662359,0.0364310878505116,0.67,0.1,1.025,0.5,0.6,0.25,0.4,0.005,0.975,0.8,1.03444254271779,0.505398948331295,0.413777017087118,0.202275423780264,0.469410769632181,0.88491179538512,-1.10578506852995,3.61840281506975,5.32430186151875
8,0.00997164061495977,0.243952608452026,0.175052598445924,0.005694713389087,0.0101661816670195,0.0122615579660308,0.0950607462898796,0.0451486245149187,0.0387511195040742,0.608435325995932,1.92941910857455,0.302205294879866,2.89959203942361,0.453473155681864,3.33103403188559,0.916133728688596,2.55175374523662,-0.13685344203963,1.6060574549129,7.33920706711863,0.64377189098718,0.152673019693546,0.331355105594913,0.0249468824650802,1.08879447291477,2.67775734813672,0.729492296852898,0.30762084693254,0.653276683748864,0.272198618228693,0.0711846194651698,0.356579365141845,1.03643600623483,1.01502149881803,1.02109758999364,0.704719049048505,0.123362900710281,0.171918050241214,1.08582899447239,1.07148793386504,0.275029831578998,0.766054540638085,-0.0410843722170822,2.75689742573488e-16,0.909570066464692,0.0361674882949308,0.67,0.1,1.025,0.5,0.6,0.25,0.4,0.005,0.975,0.8,1.03515336762621,0.505987975808643,0.414061347050483,0.202223539827976,0.470194620171402,0.888056952014838,-1.10935655088908,3.62095185121211,5.32889785222197
9,0.00964422973730842,0.244319033608416,0.174171557511962,0.00492712978535659,0.0100105196891849,0.0115275900127214,0.0955722509392973,0.0453142191731212,0.0388738742760104,0.607148264253063,1.92329962802435,0.299721499305137,2.89392571708032,0.450334044096056,3.33568376267135,0.918459329764413,2.55384728015103,-0.1366228472441,1.60792238148408,7.3301600424953,0.638243702201023,0.15367276112037,0.332160479780929,0.0248110060439293,1.08980905740543,2.68179832822809,0.73017206846164,0.306712546108846,0.65388543444326,0.272452264351358,0.0713579736537624,0.357099005920297,1.03627856833053,1.01469245088599,1.02127355675672,0.70497471485529,0.122786544092897,0.172238741051813,1.08620764200834,1.07175862958931,0.275343646205871,0.765614327322263,-0.0409579735281334,-1.96886879358631e-16,0.909048669378773,0.0358730265609918,0.67,0.1,1.025,0.5,0.6,0.25,0.4,0.005,0.975,0.8,1.03574220901174,0.506541579996382,0.414296883604696,0.202066164718815,0.471166515311278,0.892207874848216,-1.11268582606849,3.62260833805261,5.33247818786669
10,0.00928597473829198,0.244553329598292,0.173167025720249,0.00401010756946008,0.00983431150239222,0.010802717959024,0.0961370906357757,0.0454972157012479,0.0390094583018542,0.605324651936264,1.91676723088023,0.296985810118326,2.88769951112816,0.446802996830847,3.33982985539961,0.920276282789015,2.55586304644578,-0.136309473835187,1.60876674982551,7.32013347974357,0.632138722680194,0.154662154760393,0.333045692529887,0.0246593895662088,1.09087611781799,2.68530418470882,0.730886998938054,0.305789851507003,0.654525670690794,0.272719029454498,0.0714963396601618,0.35764499769756,1.03615812372771,1.01433240461198,1.02151732412026,0.705357721816242,0.12214469875573,0.172497579428028,1.08662264685038,1.0720569311921,0.275545857918313,0.765267440886105,-0.0408132988044184,1.66290630523619e-15,0.908477493310056,0.0355327581835557,0.67,0.1,1.025,0.5,0.6,0.25,0.4,0.005,0.975,0.8,1.03619337583216,0.507040593213684,0.414477350332864,0.201886695185386,0.472165657550782,0.896604782937973,-1.11596717028043,3.62349906635265,5.33500983515532
11,0.00891340424209582,0.244697220950451,0.172012114002334,0.0028998053403364,0.00963340514404987,0.0102274576400443,0.0965884588185618,0.0456346257145302,0.0391071573331366,0.604097389507681,1.91392295994994,0.29466586844411,2.88348423676152,0.443302976056112,3.34386605732328,0.921766261166955,2.55802780743826,-0.135928011281933,1.60973309326119,7.31586205730668,0.626543155479342,0.155481638540262,0.333856627187296,0.0245023222610533,1.09200131230154,2.68866526994235,0.73164087924203,0.305160396237542,0.655200787380923,0.273000328075384,0.0716121959537079,0.358211305211708,1.03607036987067,1.01395797126331,1.02180800312641,0.705861093258997,0.121416658843479,0.172722247897524,1.08699573729971,1.07233689579428,0.275658846788716,0.764991110167266,-0.0406499569559825,-7.91382882619693e-17,0.908000266372334,0.0351355558100036,0.67,0.1,1.025,0.5,0.6,0.25,0.4,0.005,0.975,0.8,1.03652246345525,0.507481299979047,0.414608985382099,0.201803628056014,0.472977800272094,0.900183042039318,-1.11951698042656,3.62398187386658,5.33669676250299
12,0.00854727950031337,0.244827784930045,0.170681345358392,0.0015931990072886,0.00940242280046677,0.00994101329536634,0.0967440535662416,0.045658175728199,0.0391122180022946,0.604757301011733,1.91911465970572,0.293450483173748,2.88405936999007,0.440283307609937,3.34842303525645,0.92326309839794,2.56065740708606,-0.13549747022755,1.61226849397312,7.32460859780142,0.622587083255251,0.15597738942838,0.334428266488246,0.0243507626991168,1.09320362763081,2.69250085867797,0.732446430512642,0.305146302107364,0.655922176578485,0.273300906907702,0.0717292948649313,0.358795325043956,1.03600052682277,1.01359001589781,1.02211003519515,0.706459590123753,0.12057947328366,0.172960936592586,1.08724098112132,1.07254750711946,0.275730721202152,0.764735333664468,-0.0404660548666193,-6.80195924893165e-16,0.907773935537412,0.0346764723297369,0.67,0.1,1.025,0.5,0.6,0.25,0.4,0.005,0.975,0.8,1.03678460983782,0.507878058504528,0.414713843935128,0.201947827735424,0.473386264640647,0.901807035167649,-1.12371920806782,3.62463393927104,5.33798623311523
13,0.00820418282506561,0.245044729157131,0.169156969585405,0.000123550798426075,0.0091362690716783,0.010030474310601,0.0964636277797652,0.0455153008764268,0.0389825426483259,0.608422668163286,1.93579481388242,0.293858852200253,2.89160807654761,0.43808079478341,3.35426366177062,0.925197376030873,2.56410310910511,-0.135036823365365,1.61779967889001,7.35221811249604,0.621115486780431,0.156058825419822,0.334638417349824,0.0242126631621333,1.09451828023296,2.69755269363084,0.733327247756086,0.305978804242943,0.656710968139779,0.273629570058241,0.0718791907239739,0.359400943367152,1.03592384942469,1.01324520373919,1.02238218903165,0.707112713051588,0.119613043695121,0.173274243253291,1.08729291198839,1.0726493714685,0.27582726622275,0.764430995221555,-0.0402582614443052,2.81635913863213e-16,0.907917881137635,0.0341573568881738,0.67,0.1,1.025,0.5,0.6,0.25,0.4,0.005,0.975,0.8,1.03707263951085,0.508265424639497,0.414829055804339,0.202424939740254,0.473246218280636,0.900646411663718,-1.12894730535875,3.62615897264747,5.339497427084
14,0.0078905013200933,0.245449659834757,0.16743307528609,-0.00144969998762867,0.00883139391708099,0.0104984641754557,0.095691922922391,0.0451845688912425,0.0387008812962483,0.615794130295286,1.96575606839904,0.296119728906675,2.90714540540886,0.436826119680016,3.36212902478352,0.928008171523005,2.56868084545551,-0.134559992194998,1.6274402054493,7.401754145421,0.622476240718392,0.15573287968068,0.334445059901279,0.0240903843266997,1.09599298220272,2.70453323546189,0.734315298075825,0.307726412743383,0.657595789321634,0.273998245550681,0.0720949760496679,0.36004206433213,1.03580982523448,1.01292995382669,1.02258781204105,0.707772821581309,0.118504580121272,0.173722598297419,1.08712701478441,1.07262680703094,0.276018012594738,0.764004244545165,-0.0400222571399023,5.70021409766622e-16,0.908476273834976,0.0335861670603658,0.67,0.1,1.025,0.5,0.6,0.25,0.4,0.005,0.975,0.8,1.03750140678645,0.508697216612137,0.415000562714581,0.203286525314437,0.472531650980976,0.896445719825469,-1.13548347293662,3.62924481857972,5.3418966825158
15,0.00760037571209953,0.246122955126546,0.165518164834311,-0.00304731607528397,0.00848661505721804,0.0112530042638976,0.0944814561170472,0.0446842271530458,0.0382816670723875,0.626970317469413,2.00857321631618,0.300092469027533,2.93017003737319,0.436394632259361,3.3725707158285,0.93204358921072,2.57459854576184,-0.134071419144061,1.64172227374802,7.47254362569192,0.626395145143641,0.155112299406542,0.333904804094219,0.0239794630008069,1.0976787049297,2.71396349287068,0.735444732302899,0.310262462195708,0.65860722295782,0.274419676232425,0.0724039323386565,0.360741754449387,1.03562858741737,1.01263837759066,1.02270327723645,0.708395346281588,0.117252297693695,0.174352356024717,1.08676982911434,1.07249389092835,0.27635998410614,0.763393494962549,-0.0397534790686885,-1.32277408427736e-15,0.909399125074044,0.0329763935553646,0.67,0.1,1.025,0.5,0.6,0.25,0.4,0.005,0.975,0.8,1.03818402557738,0.509237894267577,0.415273610230951,0.204511668193061,0.471353751611874,0.889648427719282,-1.14344385381942,3.63440917458884,5.34574702895663
16,0.00732120742446616,0.247108754955601,0.1634367394834,-0.00457347990533019,0.00810363296686223,0.0121414050167625,0.0929674932495822,0.0440637877574266,0.0377644907719463,0.641480398817352,2.06180019722722,0.305322140769391,2.95890933624064,0.436469669283285,3.38583564113595,0.937493352263957,2.58190712086016,-0.133564831988167,1.6605267131348,7.56055052037492,0.632097861454678,0.154374971460385,0.333146415965721,0.0238708833901688,1.09961266142186,2.72606804428283,0.736740483152648,0.313317225250121,0.659767596853117,0.274903165355465,0.0728220094068956,0.361527933233839,1.03535793164635,1.01235781346159,1.02271935661376,0.708945584486601,0.115867754799643,0.175186660713755,1.08628545018437,1.07228659708467,0.276886846537845,0.762561267911626,-0.0394481144494715,7.75409535300371e-16,0.910566157851596,0.0323466389660253,0.67,0.1,1.025,0.5,0.6,0.25,0.4,0.005,0.975,0.8,1.03920596908178,0.509951597336835,0.415682387632712,0.206018347653719,0.469918176028949,0.881202774408859,-1.15273513514718,3.64189745638927,5.35139689542782
17,0.00704253828580259,0.248415235588586,0.161227664118734,-0.00593295132466154,0.00768734789667991,0.0130150587840052,0.0913028555497339,0.0433805279815907,0.0371954648684413,0.658575826746604,2.12210547268646,0.311247654924205,2.99115505675488,0.436705390381196,3.40186152514594,0.944386660993693,2.59050165101787,-0.133026786865619,1.68329971962935,7.66028691994702,0.638682410539151,0.15368999001894,0.33230715348551,0.0237561520993684,1.10180166981975,2.74078052325409,0.738207118779231,0.316597956760993,0.661081001891849,0.275450417454937,0.0733527581298856,0.362424704781532,1.03498781010122,1.01207775097723,1.02263665919132,0.709399522536968,0.11437482794558,0.176225649517451,1.08574357964151,1.07204415647393,0.277608791034201,0.761495324335579,-0.0391041153697801,1.32591149431399e-16,0.911845029399608,0.0317176856766636,0.67,0.1,1.025,0.5,0.6,0.25,0.4,0.005,0.975,0.8,1.04060842350054,0.510889411773809,0.416243369400217,0.207704374520866,0.468434419432799,0.872120434453105,-1.16307748177696,3.65168225903742,5.35896257769317
18,0.00675705892678518,0.250023157216418,0.158936121925602,-0.00707053166757488,0.00724553282374663,0.0137651485507266,0.0896152781374345,0.0426832616335084,0.0366140737255665,0.677459099032211,2.18615972357171,0.317350359052198,3.02488387741017,0.436832628207453,3.42035840626154,0.952631396129015,2.60016878190985,-0.132441771777322,1.70927817147449,7.76631872639167,0.645370872177046,0.153177438748113,0.331491814120386,0.0236296566947168,1.10422252958002,2.75782488851353,0.739829094818612,0.319867987621797,0.662533517748011,0.276055632395005,0.0739897624348457,0.363443624198165,1.03452005290385,1.01179084422142,1.02246433520549,0.709743719924216,0.112803914405806,0.177452365669978,1.08520186024948,1.07179977280741,0.278518003956804,0.760203602391294,-0.0387216063480983,3.30512277411859e-17,0.913127198785826,0.0311055675189061,0.67,0.1,1.025,0.5,0.6,0.25,0.4,0.005,0.975,0.8,1.04238906812393,0.512077266759011,0.41695562724957,0.20947550285986,0.467058467464541,0.863203137190008,-1.17408843899574,3.66353193260729,5.36837811393678
19,0.00645785486038207,0.251895295641479,0.156603043753883,-0.00799175265496266,0.00678722438512036,0.0143259062800944,0.0879991107161438,0.0420091009042151,0.0360505660399969,0.697399303086016,2.25118761652147,0.323230281839462,3.05839387724413,0.436640666587526,3.44089447246668,0.96205597875533,2.61063538868205,-0.131796894970698,1.7376464710907,7.87399972030758,0.651563278456453,0.152911344188076,0.330779648753174,0.0234892250001619,1.10683507434629,2.77679342785891,0.741579499812015,0.322946087818306,0.664101044607775,0.276708768586573,0.0747201549387231,0.364582688918776,1.03396514596357,1.01149014413468,1.02221969433831,0.709975987922909,0.111184400700898,0.178839611376192,1.08470080184012,1.07157675382093,0.279594735163515,0.758708356088987,-0.0383030912525017,-2.9432680611096e-16,0.91433516830873,0.030517046210752,0.67,0.1,1.025,0.5,0.6,0.25,0.4,0.005,0.975,0.8,1.04451349401487,0.513514111914392,0.417805397605947,0.211263674149319,0.465902585974627,0.855019438990083,-1.18539016390663,3.67707560972543,5.37943451874109
20,0.00613703507120887,0.253984973707364,0.154256426477394,-0.00875859577537264,0.00632060875077656,0.0146688635206771,0.0865129074401053,0.0413813875213191,0.0355239355933504,0.717773665013052,2.31502269922929,0.328593277435208,3.09047223103635,0.43600207668208,3.46299625106629,0.97245324369866,2.62162615707159,-0.131083149703956,1.76762114545485,7.97973823894939,0.656845957918703,0.152922044532813,0.330212640354562,0.0233337535053719,1.10959390315891,2.79723990917095,0.743427915116469,0.325726988976434,0.665756341895345,0.277398475789727,0.0755278077896706,0.365832426374061,1.03333913270106,1.01116772024656,1.02192654295678,0.710105525848624,0.109538340839259,0.180356133312116,1.08426768118206,1.07139256437211,0.280812675843499,0.757039848444018,-0.0378525242875163,9.5410246732511e-16,0.915421277588852,0.0299489859933434,0.67,0.1,1.025,0.5,0.6,0.25,0.4,0.005,0.975,0.8,1.04692596812005,0.515180368349995,0.41877038724802,0.213019051836952,0.465019111011614,0.847889349391697,-1.19668737630701,3.69188249019548,5.39185014582107
21,0.00578594563961928,0.256242592037183,0.151907329407326,-0.00946634108268096,0.00585128529547863,0.0147920831135897,0.0851876764365321,0.0408128333758393,0.0350445259076932,0.738099760219179,2.37624469050088,0.333253015598054,3.12032569466667,0.434827242943886,3.48621362230349,0.983610193730361,2.63289885798531,-0.130295429412183,1.79852624259084,8.08111346987239,0.660947418047371,0.153212271596399,0.32981313749349,0.0231625889176154,1.11246001543258,2.81873761304394,0.74534821033983,0.328157013566933,0.667476009259549,0.278115003858146,0.0763959829551015,0.367179299565873,1.03266008120872,1.01081487536782,1.02161148037414,0.710151656987048,0.10787724168709,0.181971101325862,1.08391810123323,1.071258346236,0.282142834689336,0.755231647635644,-0.0373744823249807,-3.33438410337626e-16,0.916361063218671,0.0293910413482482,0.67,0.1,1.025,0.5,0.6,0.25,0.4,0.005,0.975,0.8,1.04956202383884,0.517043501839735,0.419824809535535,0.214712469056273,0.464426343652825,0.841959357722614,-1.20781202202147,3.70751632004336,5.405309890217
22,0.00540024844457167,0.258621003153653,0.149555225384891,-0.0101856683655021,0.00538146588146526,0.014713288650406,0.0840316833858364,0.0403074374356882,0.0346156709922093,0.758045337663991,2.43407199341512,0.337109298775694,3.14756693224541,0.433068211025505,3.51015286346828,0.995327361259454,2.64425686993153,-0.129431367722701,1.82982721281385,8.17677092187661,0.663721300241193,0.153763460971765,0.329584682304922,0.0229751581626949,1.11540136700133,2.84091204326748,0.747318915890894,0.330227723811619,0.669240820200801,0.278850341750334,0.0773089470813614,0.368609359870526,1.03194578204527,1.01042724968679,1.02129646876125,0.710138390162882,0.106204906995273,0.183656702841845,1.08365651185172,1.07117825632869,0.283556699657415,0.753316728011308,-0.0368734276687231,4.97410157296612e-16,0.91714949255685,0.0288341882018332,0.67,0.1,1.025,0.5,0.6,0.25,0.4,0.005,0.975,0.8,1.05235673249475,0.519066938186484,0.420942692997901,0.216328593590477,0.464113314912219,0.837233047269601,-1.2186947984283,3.72357966638731,5.41949923884116
23,0.00498587740963322,0.261080116454889,0.147200974212982,-0.0109079475356054,0.00491104507697804,0.0144663019485156,0.0830331107501811,0.0398618234142259,0.0342349388339541,0.777443180067874,2.48825279775063,0.340146502804927,3.17220127042383,0.430742868670787,3.53448013367263,1.00742962323723,2.65554121272605,-0.12849070229065,1.86115765422617,8.26629314378276,0.66517074909833,0.154537709596478,0.329509517526564,0.0227720799132666,1.11838573769773,2.86344869105399,0.749318444257481,0.33196999623699,0.67103144261864,0.279596434424433,0.0782528586754158,0.370106789613163,1.03121207173353,1.01001080679668,1.02099112682179,0.710085512492222,0.104525279213379,0.185389208294399,1.08347466161074,1.07114725048359,0.285029080695066,0.751324413291337,-0.0363534939864024,1.37222818071902e-15,0.917799752460472,0.0282797045248041,0.67,0.1,1.025,0.5,0.6,0.25,0.4,0.005,0.975,0.8,1.05525099593648,0.52121439334001,0.422100398374591,0.217861938132491,0.464042022727753,0.833585250286369,-1.22927872814716,3.73974847537133,5.43413304639301
24,0.00455862150400134,0.263589490932852,0.144857640509516,-0.0115497710817086,0.00444019484259628,0.0140943830810683,0.0821659177021048,0.0394674676034087,0.0338959316397749,0.796271967144527,2.53891288957769,0.342430612425177,3.19452861658791,0.427946456252317,3.55891086853586,1.01977046832659,2.66661625850273,-0.127475858293463,1.89230967468926,8.34993930912405,0.665457512749573,0.155483360965093,0.329550959110215,0.022556302365542,1.12137453881733,2.88608614524546,0.75132094100761,0.333440281672147,0.672824723290397,0.280343634704332,0.0792161217469548,0.371651526353118,1.03047177549436,1.00958141461152,1.02069210128128,0.710001801044471,0.102849185656809,0.18714901329872,1.08335398959647,1.07115234687342,0.286540041601133,0.749278742008813,-0.0358187836099459,-1.98552047089708e-16,0.91833833570578,0.0277400572874319,0.67,0.1,1.025,0.5,0.6,0.25,0.4,0.005,0.975,0.8,1.05819582415475,0.523451526188227,0.4232783296619,0.219314350633837,0.464155103022863,0.830799790095162,-1.23944450779444,3.75578801994575,5.44897592753468
25,0.00413965228263206,0.266129455709005,0.142553533039517,-0.0119976557770392,0.00397152810190327,0.0136458603699126,0.0813932667165595,0.0391117240525034,0.0335889951600023,0.814655209867153,2.5865642759161,0.344119531311556,3.21507365156201,0.424851002227439,3.58320423016011,1.03223613085895,2.67736157966904,-0.126393480367881,1.92324057199746,8.42857979211307,0.664910736691949,0.15653883280459,0.329656286922474,0.0223336835208352,1.124320982422,2.90861164070691,0.753295058222739,0.334711933568599,0.674592589453199,0.2810802456055,0.0801896015332403,0.373219056266186,1.02973439907283,1.00916035054405,1.0203872937712,0.709882924680167,0.101196318957583,0.18892075636225,1.08326873105293,1.07117515206673,0.288076276023841,0.747197594021851,-0.0352738700456915,3.84072131261252e-16,0.918801411482651,0.027233575994396,0.67,0.1,1.025,0.5,0.6,0.25,0.4,0.005,0.975,0.8,1.0611539340267,0.525747335638954,0.42446157361068,0.220696599944475,0.464381203521691,0.828595204776929,-1.24899286525293,3.77155371200865,5.46385770804174
26,0.00375339103346624,0.268694046948662,0.140329611231361,-0.012144670691829,0.00351070660790342,0.0131811685273167,0.0806585082362805,0.0387740635062998,0.0332980783688941,0.832986559653997,2.63259087061044,0.345528554595461,3.23474728969667,0.421724910110114,3.60718139111154,1.04476175323103,2.68767619625096,-0.125256558370447,1.95420399312794,8.50434017357155,0.664110510151673,0.157623178844278,0.329747825911823,0.0221136038165449,1.12716974637416,2.93087954328705,0.755203730070685,0.33589270120797,0.676301847824493,0.281792436593539,0.0811674986013667,0.374781721172349,1.02900620891199,1.00877215798863,1.02005809811772,0.709711291357349,0.0995935096026838,0.190695199039967,1.08318268228203,1.07119038520479,0.289633827620642,0.74509039186926,-0.034724219489902,8.05312300340404e-16,0.919241924059257,0.0267794408931817,0.67,0.1,1.025,0.5,0.6,0.25,0.4,0.005,0.975,0.8,1.06409992241539,0.528076311785269,0.425639968966158,0.222038603768102,0.464622487943186,0.826571301416155,-1.25767792369345,3.78699934604489,5.47869982302
27,0.00342124843666741,0.271291024828405,0.138231766058187,-0.0119293234819466,0.00306592224627211,0.0127607407269186,0.0798974433040802,0.0384304851027463,0.0330041610545959,0.851851823110753,2.67897760802951,0.347069123675952,3.25463627415049,0.418877193599878,3.63073965690435,1.05733888211238,2.69748571561396,-0.124084940821987,1.98569463750151,8.58013877348055,0.663768498897748,0.158651924689487,0.329738895260003,0.0219071224439055,1.12986546435442,2.9528203782917,0.757009861117461,0.33710115587242,0.677919278612652,0.282466366088605,0.0821479924111057,0.376310141544039,1.02828977974283,1.00843835467885,1.01968531340749,0.709459972173276,0.0980699049011041,0.192470122925619,1.08305728214806,1.07117168095203,0.29121858960622,0.74295762586019,-0.034176215466411,-6.30946151147492e-16,0.919718113679894,0.0263918849197974,0.67,0.1,1.025,0.5,0.6,0.25,0.4,0.005,0.975,0.8,1.06702265217095,0.530417720948082,0.426809060868382,0.223382723435871,0.464774487910741,0.824293777537609,-1.2652703288243,3.8021675942489,5.49352214276389
28,0.00315483063857174,0.273938063152878,0.136299546592446,-0.0113687524053578,0.00264635321163742,0.0124293651064222,0.0790560648412909,0.0380601021292092,0.032690445815377,0.871866476318921,2.72776856855513,0.349143167274614,3.2756858397774,0.416577329541816,3.65385241648179,1.07000906819827,2.70674697805884,-0.122903629775318,2.01830154627894,8.65885316107496,0.664541008886904,0.159558977882935,0.329556835581081,0.0217241418457918,1.13236425972991,2.97443386064384,0.75868405401904,0.338433239487624,0.679418555837946,0.283091064932478,0.0831329761211797,0.377778993121551,1.02758425868362,1.00817060479176,1.0192563181267,0.709100362300358,0.0966500578700782,0.194249579829564,1.08286250333994,1.07109918231304,0.292844085155289,0.740792640076419,-0.033636725231708,1.301178299643e-15,0.92027740388392,0.0260748304887665,0.67,0.1,1.025,0.5,0.6,0.25,0.4,0.005,0.975,0.8,1.0699247868917,0.532758144271731,0.427969914756682,0.224771120933983,0.464753444085097,0.821412216298912,-1.271635345946,3.81715638852308,5.50842410643616
29,0.0029559268645432,0.276660050215075,0.134556896438133,-0.0105544281411848,0.00225990931848918,0.012218870387005,0.0780893423678787,0.0376446332302871,0.0323419301452384,0.893689480543561,2.78115719865297,0.352132795460101,3.29873387629069,0.415034618372669,3.67657315528338,1.08285998556153,2.71545326601705,-0.121740096295201,2.05271709214376,8.74345279313597,0.666999364389747,0.16029532776283,0.329144073512847,0.0215720468521782,1.13463918822979,2.9957896423455,0.760208256113962,0.33996794304449,0.680783512937877,0.283659797057449,0.0841277017241615,0.379172634776381,1.0268864694467,1.00797070649887,1.01876618320937,0.70860827059338,0.0953481296814378,0.196043599725182,1.08257649718332,1.07095942778579,0.294529699213047,0.738582683200824,-0.0331123824138717,2.12333730792633e-16,0.920957365095394,0.0258213455483032,0.67,0.1,1.025,0.5,0.6,0.25,0.4,0.005,0.975,0.8,1.07281877401371,0.535094847903577,0.429127509605483,0.2262450970381,0.464493694431799,0.817651420334738,-1.27679585013298,3.83209366684807,5.5235671405723
30,0.00281698608686277,0.279485392203665,0.133007124014383,-0.00962823456913831,0.00191137928762641,0.0121432226150122,0.076968651478265,0.0371714106166561,0.0319478803971125,0.91793524675277,2.84116487269364,0.356340694364875,3.32438509942997,0.414363208118113,3.69902625963535,1.09601329945072,2.72363351346408,-0.120620553279448,2.08964569540908,8.83655831338123,0.671537550552672,0.160837211209664,0.32846733745061,0.0214542013491317,1.13668480494735,3.01701537666694,0.761578819314723,0.341754853701105,0.682010882968409,0.284171201236837,0.0851400620040719,0.380486309657661,1.02619159299488,1.0078310710173,1.01821785664838,0.707968352765154,0.0941648344944935,0.197866812740352,1.08218886663351,1.0707472041946,0.296297788261073,0.736310943012477,-0.03260873127355,5.80573824832506e-17,0.92177961579659,0.025615833925825,0.67,0.1,1.025,0.5,0.6,0.25,0.4,0.005,0.975,0.8,1.07572438279222,0.537434064914869,0.43028975311689,0.227836659664986,0.463957655971055,0.812855925570095,-1.28095115259297,3.84711195468868,5.53914668292022
31,0.00272394392287827,0.282442665392395,0.13163286560284,-0.008747338041591,0.00160142480287662,0.0121995065702596,0.0756830394508628,0.0366341472808872,0.0315025516607718,0.945133661536433,2.90948824548168,0.361966933492795,3.35298299423317,0.414576208985524,3.72138813280241,1.10960949365739,2.73134500675136,-0.119566367606336,2.12974948973835,8.9402557976785,0.678346417949343,0.161185914612156,0.327518647559592,0.0213696430773599,1.13851636692531,3.03827831264723,0.762805965839957,0.343813069944874,0.683109820155185,0.284629091731327,0.0861795800676232,0.381726869492647,1.02549405188752,1.00773756364249,1.0176201512037,0.707175803612268,0.0930875775144737,0.199736618873258,1.08170013394349,1.07046477111,0.298170858308352,0.733958649104876,-0.0321295074132285,-2.42866428857657e-16,0.922749393264223,0.025437966527183,0.67,0.1,1.025,0.5,0.6,0.25,0.4,0.005,0.975,0.8,1.07866525119147,0.539790625672964,0.431466100476588,0.229564928510866,0.463136105458671,0.806992305774613,-1.28445030796666,3.86232814075311,5.55536335758985
32,0.00266322322457002,0.285560160199684,0.130402990934984,-0.00802904016712702,0.00132657312056783,0.012378835312493,0.0742292863939248,0.0360295093982834,0.0310025898276869,0.975816299663963,2.98774831347058,0.369156245796412,3.38478997579456,0.415629289739035,3.74386811665488,1.12379900564644,2.7386610601962,-0.118591949187751,2.17371168592719,9.05650281183727,0.687508118553075,0.161353067219888,0.326301353099903,0.0213145322053787,1.14016132809434,3.05977131979828,0.763908089823211,0.346152043545588,0.684096796856607,0.285040332023586,0.0872566866031002,0.382910199099234,1.02478829193447,1.00767653934069,1.01698139425273,0.706233067716953,0.09209490432748,0.201672027955567,1.08111429238587,1.0701162697651,0.300170564407928,0.73150575149988,-0.0316763159078084,1.51704822272526e-15,0.923865295882224,0.0252696875553287,0.67,0.1,1.025,0.5,0.6,0.25,0.4,0.005,0.975,0.8,1.08166570604334,0.542186732118155,0.432666282417336,0.231440950626176,0.462030692154844,0.800076584024026,-1.28771455982027,3.87784314468522,5.57240891083832
33,0.00262630417735504,0.288867130001821,0.129282321345636,-0.00752258318814913,0.0010805981869968,0.0126737535676198,0.072604388904539,0.035354436733112,0.0304449669824595,1.0106033256285,3.07773187716782,0.378051833100356,3.42012424834502,0.417466919371643,3.76669185513936,1.13873839193698,2.74565795407889,-0.117704490876516,2.22230867078892,9.18748289309979,0.699098285829349,0.161349362925013,0.324818282582893,0.0212840242338668,1.14164983334975,3.08170195512951,0.76490538834433,0.348785705270537,0.684989900009848,0.285412458337437,0.0883824097015821,0.384055919269496,1.02406893205102,1.00763943569824,1.01630493584383,0.705144298472808,0.0911626917902043,0.203693009736988,1.08043332728365,1.0697036510413,0.302317905400663,0.728930865508455,-0.0312487709091177,3.43446963290896e-16,0.925126527152989,0.025099630839705,0.67,0.1,1.025,0.5,0.6,0.25,0.4,0.005,0.975,0.8,1.08475015681323,0.54464869119878,0.43390006272529,0.233472968117795,0.460640869232554,0.792120275179547,-1.29114760177764,3.89375332116476,5.59046377392794
34,0.00260946194079647,0.292393757606988,0.128239579067729,-0.00721606520394458,0.000856464269127111,0.0130753970209387,0.0708086583338069,0.0346074060390613,0.0298280171153984,1.0501730378001,3.18124269744902,0.388795256040661,3.45928403334648,0.420035077800941,3.7900794130423,1.15458287304057,2.75240137949678,-0.116904839495058,2.27637503736611,9.3353680601299,0.713198800378672,0.161187062145971,0.323072872845366,0.0212733060321281,1.14300906331657,3.10427397505236,0.765816072422099,0.351723556463959,0.685805437989939,0.285752265829141,0.0895679356205292,0.385183149414353,1.02333059896469,1.0076225092505,1.01558926043234,0.703911399362699,0.0902693015552484,0.205819299082053,1.07965853287468,1.06922744212962,0.30463289741782,0.726212060362798,-0.0308449577806179,4.22317180536863e-17,0.926530416981699,0.0249235546085797,0.67,0.1,1.025,0.5,0.6,0.25,0.4,0.005,0.975,0.8,1.08794384224413,0.547204022783389,0.435177536897653,0.235664901196871,0.458968093339399,0.783148435860291,-1.29506750889734,3.91015315562261,5.60969198802043
35,0.00261156761992224,0.296168729712735,0.127252429905172,-0.00705476661329052,0.00064791581354573,0.0135668577252508,0.0688535867047432,0.0337915863365439,0.0291539920776005,1.09513948377716,3.29966305397749,0.401484285488489,3.5023571589867,0.423271354274969,3.81421381086525,1.1714714404569,2.75893112810556,-0.116188757697219,2.3366758106761,9.50168260273867,0.72984477074504,0.160888510347435,0.321076927817672,0.0212778886788005,1.14426029844096,3.12765763180067,0.766654399955444,0.354951896986813,0.686556179064577,0.28606507461024,0.0908236239053933,0.386308733806698,1.02256811257318,1.00762462545802,1.01483041078751,0.702532762874224,0.0893990011637388,0.208068235962037,1.07879489272926,1.06868974590068,0.307133133731896,0.723328912560307,-0.0304620462922026,7.1252916180655e-16,0.928065716371874,0.0247432155126363,0.67,0.1,1.025,0.5,0.6,0.25,0.4,0.005,0.975,0.8,1.09127209501075,0.549880025845656,0.4365088380043,0.238010362552362,0.457027692920786,0.773248783523065,-1.29966505424835,3.92712094567396,5.63022719465283
36,0.00263321654868876,0.300218077681371,0.126308627807401,-0.00696962590278627,0.000450485981034365,0.0141290811084063,0.0667556091586231,0.0329123290189527,0.0284269898203243,1.14611879189501,3.43423753835126,0.416219859016581,3.54931741245893,0.427126266630225,3.83922656562674,1.18952082199815,2.76525467629248,-0.115548932663884,2.40395899935194,9.68767203985613,0.749091612658095,0.160477747091051,0.318843849318319,0.021294419675173,1.14541564704667,3.15197717739874,0.76742848352127,0.358445719200461,0.687249388228003,0.286353911761668,0.0921583616322743,0.387447046956424,1.02177720289295,1.00764638263143,1.01402359052252,0.701003350412124,0.0885427712789463,0.210453878308929,1.07784858050893,1.0680930027411,0.309833452561794,0.720263477289506,-0.0300969298513005,2.84173639111949e-16,0.929717738883829,0.0245635841493747,0.67,0.1,1.025,0.5,0.6,0.25,0.4,0.005,0.975,0.8,1.09475722629584,0.552703559446102,0.437902890518337,0.240498680666847,0.45483926593342,0.762531669078976,-1.30500695872572,3.94470964320893,5.65216869157446
37,0.00267612192582066,0.304566516630942,0.125403488549652,-0.00690624207102486,0.000261725561480297,0.0147497839781774,0.0645254252631211,0.0319727030031855,0.0276492471084219,1.20392225576448,3.58679395983943,0.433199005468738,3.6002511961913,0.431590663369987,3.86521033069274,1.20883329253883,2.77135432590459,-0.114977287750678,2.47914345030588,9.89524645871234,0.771133645867918,0.159967784912278,0.316377775750058,0.021321264779871,1.14647752955928,3.17732381295718,0.768139944804717,0.362191321727253,0.687886517735568,0.28661938238982,0.0935798829097028,0.388609145831668,1.02095481379292,1.00768950253545,1.01316408598491,0.699315367718994,0.0876965867083446,0.212988045572661,1.0768223346265,1.06743736331614,0.31274709242494,0.716999616772762,-0.0297467091977015,-6.9377930269745e-16,0.931476983775476,0.0243894076021833,0.67,0.1,1.025,0.5,0.6,0.25,0.4,0.005,0.975,0.8,1.09841708085182,0.555699422278136,0.439366832340729,0.243125366449892,0.452410729628336,0.751064617181556,-1.31108053421807,3.96295355977106,5.6755922112372
38,0.00274036720923202,0.309238444726489,0.124534501173193,-0.00684939260734097,8.06977099303552e-05,0.0154215341259922,0.0621689606743214,0.0309736246444164,0.0268211579680114,1.26962164756782,3.75998154376703,0.452731365499081,3.6553565194478,0.436679656630793,3.89223929209745,1.22950550340018,2.77720012108352,-0.114466332386248,2.56339533162329,10.1272309002037,0.796302443464978,0.159363622707866,0.313677047979355,0.0213577537213523,1.14744380931035,3.20377300651125,0.768787352237933,0.366184432574187,0.688466285586209,0.286860952327587,0.0950954420525816,0.389803020163956,1.02009873964651,1.00775406904528,1.01224968569259,0.6974605029756,0.0868578958260708,0.215681601198329,1.07571708716602,1.06672210386999,0.315886411683874,0.713522451365624,-0.0294088630494976,9.94494638016272e-16,0.933337658733039,0.0242217599825236,0.67,0.1,1.025,0.5,0.6,0.25,0.4,0.005,0.975,0.8,1.1022665067886,0.558889024541069,0.44090660271544,0.245893059211569,0.449741665142476,0.738883714802004,-1.31785753382124,3.98187439895887,5.70055812164338
39,0.00282214620804996,0.314257198587995,0.123695937293714,-0.00682605972007,-9.30997653614263e-05,0.0161347874921154,0.059694900118031,0.0299168668452539,0.0259437134562998,1.34448058869934,3.95700850722193,0.475184683406496,3.71477963025801,0.442391369490059,3.92037912436482,1.2516296992468,2.78275845719289,-0.114009032074875,2.65807151684159,10.3869574879947,0.824969801121906,0.158673312249948,0.310745223201902,0.0214027803002251,1.14831413341515,3.23139064431573,0.76937046938815,0.370414284309285,0.688988480049089,0.287078533353787,0.0967120833545002,0.391036139508132,1.01920731062019,1.00783625693909,1.01128264001499,0.695432956086451,0.0860222313280519,0.218544812585496,1.07453647253121,1.06594873700776,0.31926241303124,0.709818711093574,-0.0290811241248138,1.02886981221016e-15,0.935291022991515,0.0240568202924213,0.67,0.1,1.025,0.5,0.6,0.25,0.4,0.005,0.975,0.8,1.10631867911147,0.562291643048796,0.442527471644589,0.248805221275929,0.446837068163437,0.726044742827627,-1.32534381304402,4.00147624992187,5.7271077928567
40,0.00291379585902947,0.31964268409411,0.122876580795698,-0.00688304135077022,-0.000260812541257205,0.0168719084533495,0.0571224358522872,0.0288085133200928,0.0250214133797585,1.42978962497225,4.18101749844709,0.500888806939205,3.77840561727404,0.448667676667357,3.94967800425363,1.27528494897188,2.78799062574454,-0.113597570462796,2.76455658469411,10.6774402492126,0.857412588240698,0.157918203710596,0.307601178319874,0.0214536750969322,1.14909317729557,3.26022209787629,0.769892428788032,0.374846825844276,0.689455906377342,0.287273294323892,0.0984361929606161,0.39231775821512,1.01827947545154,1.00792836483832,1.01026968877384,0.693231642959297,0.0851819339862223,0.22158642305448,1.0732905450388,1.0651233689108,0.322883269875312,0.705877953220218,-0.0287612230955297,-2.81202331089058e-16,0.937319235953471,0.0238877832074279,0.67,0.1,1.025,0.5,0.6,0.25,0.4,0.005,0.975,0.8,1.11058466041954,0.565925924183692,0.444233864167816,0.251857102709152,0.443720625629223,0.712670936846025,-1.33358759477297,4.0217301879687,5.75524859056159
41,0.00300290147465121,0.325404719747908,0.122061003672587,-0.0070592333653241,-0.000424683840860474,0.0175941506170216,0.0544983660118816,0.0276667076336553,0.0240688113751972,1.52627364933463,4.43302141005944,0.529866668593088,3.84532760472041,0.455323024523341,3.98012091076534,1.30050672232692,2.79283529231995,-0.113221103881521,2.88366368197673,10.9987826653478,0.893473433208947,0.157154954768959,0.304300102287027,0.0215048439740393,1.1497925640298,3.29024537234747,0.770361017899964,0.379384521992321,0.689875538417878,0.287448141007449,0.10027164445378,0.393659273860923,1.0173152579503,1.00801791598202,1.00922338960535,0.690862646223433,0.0843273879979314,0.224809965778634,1.07200452579924,1.06426257653085,0.326750556448864,0.701696092804703,-0.0284466492535665,5.19307590018861e-16,0.939381817771514,0.0237079017001696,0.67,0.1,1.025,0.5,0.6,0.25,0.4,0.005,0.975,0.8,1.11507116806952,0.569808305620288,0.446028467227808,0.255016128029091,0.440463967693823,0.699056886667143,-1.34263738708826,4.04253335679218,5.7849157968713
42,0.00307134521224539,0.331531400221653,0.121233924509153,-0.00735976559410279,-0.000587799265482691,0.0182290120586024,0.0519153528491947,0.0265304551913678,0.023118060836549,1.63298893937668,4.70826289694952,0.561384953667594,3.91313042533108,0.461962855140205,4.01154419850576,1.32723258725875,2.79717475839242,-0.112863147145415,3.01450442851784,11.3438103777943,0.93203142127903,0.156499055032643,0.300956449580724,0.021546759616647,1.15042966149121,3.32128640161103,0.77078787319911,0.383819981888393,0.690257796894726,0.287607415372802,0.102216153150229,0.395073720739665,1.01631711163362,1.00808670193831,1.00816438673329,0.688342420469938,0.0834504530397004,0.228207126490361,1.07072871092739,1.0634004955564,0.33085328780866,0.697281301038805,-0.0281345888474656,6.27322949802388e-16,0.941401607651661,0.0235138603593062,0.67,0.1,1.025,0.5,0.6,0.25,0.4,0.005,0.975,0.8,1.11977389490667,0.573949402202968,0.44790955796267,0.258198234183299,0.437219094204972,0.685776370963828,-1.35245697338182,4.06363849620479,5.81591209560588
43,0.00310272739340249,0.337985833846374,0.120385492955745,-0.00774624535257118,-0.00075321509816928,0.0187006648165298,0.0494791202622227,0.0254465319962914,0.0222082931022932,1.74735488886073,4.99671276538115,0.594057091587442,3.9785491140469,0.46809932480488,4.04360291570707,1.3552835936195,2.80082157330989,-0.112502251222329,3.15445924701087,11.699181472656,0.97122337897577,0.156079860644125,0.297703590225141,0.021569213805777,1.1510141523039,3.35299442432472,0.771179482043615,0.387907949552884,0.690608491382342,0.287753538075976,0.10425909611349,0.396573911736573,1.0152921529078,1.00811824103037,1.00711614132694,0.685696421495597,0.082547901719738,0.231755676784664,1.06952065640529,1.06257709203166,0.335167330198125,0.692654949340208,-0.0278222795383333,8.79315295183504e-16,0.943293026254132,0.0233076771775277,0.67,0.1,1.025,0.5,0.6,0.25,0.4,0.005,0.975,0.8,1.12466604443052,0.578352021834373,0.449866417772208,0.261293301906178,0.434162379870394,0.673467260045357,-1.36287233083514,4.08463787400395,5.84789815042488
44,0.00309174366264988,0.344717243661867,0.119514334834361,-0.00815262740787071,-0.000922901408850985,0.018974966236537,0.0472532281837462,0.0244452270089123,0.0213653583216368,1.86664513090285,5.28846122359653,0.626566198788934,4.03910709305976,0.473390573395489,4.07584346711987,1.38441019052916,2.80355002622256,-0.112116749631846,3.30063744021578,12.0523777927039,1.00940635083896,0.155965765872072,0.294623103653317,0.0215663282863802,1.15153481395112,3.3849225787492,0.771528325347251,0.391495912651571,0.690920888370673,0.28788370348778,0.106383647088304,0.398164671518948,1.01425228605628,1.00810720238096,1.00609566488644,0.682952078541431,0.0816225633906232,0.235425358067945,1.06841461307716,1.06181696300365,0.339662256839657,0.687845362132936,-0.0275076189725927,2.26967403213902e-16,0.945007369087589,0.023095640521768,0.67,0.1,1.025,0.5,0.6,0.25,0.4,0.005,0.975,0.8,1.12969613767776,0.583005285479622,0.451878455071103,0.264220178716633,0.431396452123755,0.662484989518673,-1.37359995783624,4.105046480289,5.88046335318564
45,0.00304471383687979,0.351675279969405,0.118627582513399,-0.00850862418961429,-0.00109713303312786,0.0190654858780308,0.0452457629389568,0.0235331201588559,0.0205954696333489,1.98916462736474,5.57763922099467,0.658174373486872,4.09384258383598,0.477738701549563,4.10781009964161,1.41435534339977,2.80514444534261,-0.111689689100776,3.45109623996187,12.3963734726642,1.04576133128692,0.156147475947694,0.291725339503804,0.0215379453512616,1.15196167081608,3.41663309715196,0.771814319446771,0.394560492309299,0.691177002489646,0.287990417704019,0.108571206750336,0.399836202433952,1.01321124968478,1.00805993740606,1.00511012499115,0.680131981999521,0.0806824128146498,0.239185605185828,1.06741379709464,1.0611232973612,0.344308843191544,0.682880750763543,-0.0271895939550872,-1.55873266191413e-15,0.946542278931869,0.0228859644064948,0.67,0.1,1.025,0.5,0.6,0.25,0.4,0.005,0.975,0.8,1.13480080318781,0.587880312962894,0.453920321275123,0.266947214391571,0.428924601731212,0.652829737919971,-1.38431270464554,4.12441190766499,5.91321263794672
46,0.00297474303762212,0.358820010384301,0.117738474723968,-0.00875988122196314,-0.00127448349732018,0.0190158950999759,0.0434249457850364,0.0226987173651119,0.0198896160114774,2.11467049735492,5.8634990497277,0.688845276651169,4.14313383987315,0.481253934277121,4.13912490768871,1.44490132119448,2.80543516923676,-0.111211582742522,3.60532769423992,12.7305914854541,1.08037588979913,0.156561158009489,0.28896809746084,0.0214882616133652,1.15225610055432,3.44777124735612,0.772011587371396,0.397174558332046,0.691353660332593,0.288064025138581,0.110805282318962,0.401566916527007,1.01218135228951,1.00798961675281,1.0041585106305,0.677250518747094,0.0797384430832992,0.243011038169606,1.06649891494703,1.0604832684425,0.349083768548085,0.677784611825145,-0.0268683803732306,2.27554292733124e-15,0.947927588858562,0.0226863529702138,0.67,0.1,1.025,0.5,0.6,0.25,0.4,0.005,0.975,0.8,1.13992025993514,0.592937037936718,0.455968103974056,0.269484338826598,0.426678296231397,0.64425533584289,-1.39470471760208,4.14238910355769,5.94582588543172
47,0.00289566448311905,0.366126071430103,0.116861782397666,-0.00888758994111727,-0.00145230505520633,0.0188794774688466,0.0417409137854236,0.0219214956730603,0.0192309817573413,2.24424309311257,6.14960780138684,0.719107756921268,4.18814946063047,0.484159960254214,4.16952695190098,1.47589286393846,2.80431475907766,-0.11068067111514,3.76418264923842,13.059593141808,1.11401056458101,0.157120430060688,0.286285829572018,0.0214235185206658,1.15238155730074,3.47809801752054,0.772095643391497,0.399456389822185,0.691428934380445,0.288095389325185,0.113073737873291,0.403330934532523,1.01117153729068,1.00791014280553,1.00323579885412,0.674314356263188,0.0788015775692507,0.24688406616756,1.06564076039563,1.05987676027753,0.353971297232961,0.672573841390436,-0.0265451386233972,-2.82718537572314e-16,0.949206663031255,0.0225012836611544,0.67,0.1,1.025,0.5,0.6,0.25,0.4,0.005,0.975,0.8,1.14500846114293,0.598134876984735,0.458003384457171,0.271866619698556,0.424558407978309,0.636413813575357,-1.40454892565918,4.15876472602212,5.97808067101735
48,0.00281831594822171,0.373582308648057,0.116009598114356,-0.00890801537195618,-0.00162764352046685,0.018704427049328,0.0401432760963453,0.021179694901327,0.0186014682996186,2.37986269522354,6.44213120550058,0.749802886496207,4.23029013055034,0.48670005843031,4.19887479303251,1.50723988449091,2.80173617257241,-0.110101264030805,3.92947520132398,13.3908280423,1.14775155007861,0.157742027486712,0.283613695986372,0.0213498691828978,1.15231060943043,3.50748842737425,0.772048108318386,0.401527364416837,0.691386365658256,0.288077652357607,0.115369405877179,0.405104946008731,1.01018690964367,1.00783240752796,1.0023362040138,0.671324807459159,0.0778801211175344,0.250795071423305,1.06481031181727,1.05928352901452,0.35896280761919,0.667258803972453,-0.0262216115916431,1.53790448549268e-15,0.950421936533564,0.0223313499255405,0.67,0.1,1.025,0.5,0.6,0.25,0.4,0.005,0.975,0.8,1.1500366137823,0.603441048964031,0.46001464551292,0.274137596045559,0.422468666188276,0.628967812610904,-1.41372743712922,4.17344352754736,6.00984650909232
49,0.00275006985560953,0.381189376798175,0.115189621477733,-0.00885355049362868,-0.00179808037712881,0.0185278019100412,0.0385898689822892,0.020454490757533,0.0179852606402141,2.52403790925798,6.74839893635883,0.781882202358737,4.27085653442493,0.489084309464278,4.22712692182501,1.5389085199199,2.7976996956176,-0.10948129371249,4.10361478862595,13.7328682289389,1.18275741855746,0.158357957046962,0.280898826263536,0.02127220044694,1.1520265680977,3.53591098096639,0.771857800625458,0.403490942315836,0.691215940858619,0.288006642024424,0.117689597598891,0.406872036899428,1.00922924975043,1.00776382020489,1.00145413986508,0.668279895101559,0.0769789081579276,0.254741196740513,1.06398345691198,1.05868656081841,0.364055432538442,0.661844261446904,-0.025899693985347,-6.50771116348731e-16,0.951608144792252,0.0221748227882202,0.67,0.1,1.025,0.5,0.6,0.25,0.4,0.005,0.975,0.8,1.15499180251137,0.608834771002045,0.461996721004548,0.276338037989556,0.420331104261109,0.621642510411343,-1.42222455906858,4.18641906800509,6.04106653973004
50,0.0026959598259745,0.388956480393278,0.114406407343419,-0.00874808123917004,-0.0019620757044535,0.0183739158568998,0.0370507697647579,0.019732147363473,0.0173707260924574,2.67946585608599,7.07566656363083,0.816254146241144,4.31086477470652,0.491469431783551,4.25430918244578,1.57090521437851,2.79223395142745,-0.108829983360179,4.28925634036992,14.0939723424436,1.22008739867587,0.158920249129363,0.278104339198579,0.0211938040113545,1.15152140689194,3.56339633831062,0.771519342617597,0.405422662829656,0.690912844135161,0.287880351722984,0.12003497922395,0.408622056097862,1.00829788117053,1.0077094396251,1.00058393969758,0.665175393218262,0.0761003269913472,0.25872427979039,1.06314258413312,1.05807310769127,0.3692503640451,0.656330753521352,-0.0255811175664513,-1.57293507170904e-16,0.952789716711611,0.0220302361289501,0.67,0.1,1.025,0.5,0.6,0.25,0.4,0.005,0.975,0.8,1.15987354686231,0.614307234248189,0.463949418744924,0.278498199012525,0.418091742469682,0.61424559480121,-1.43008562069061,4.19774089645442,6.07173480452323
51,0.00265980553278683,0.396897524173937,0.113664472183733,-0.00859006244557192,-0.00211871853131629,0.0182543034994023,0.0355099504400741,0.0190050443971211,0.0167513457396776,2.8486898896172,7.43003469892601,0.853673752304803,4.3509293393364,0.493957779132805,4.28047698809461,1.60325709499519,2.78537608380352,-0.108156190704105,4.4889409940149,14.48086903761,1.26059195236444,0.15940207222662,0.275209558970531,0.0211166116309425,1.15079201873496,3.59000177685363,0.771030652552426,0.40736577122313,0.690475211240979,0.287698004683741,0.122408062824109,0.410350009125926,1.0073906123602,1.00767310456045,0.999719658886427,0.662005268510157,0.0752464794280576,0.262748252061784,1.06227751333217,1.05743546006246,0.37455103705834,0.650716285019298,-0.025267322077638,-5.40089184367733e-16,0.953979760561534,0.0218985232854302,0.67,0.1,1.025,0.5,0.6,0.25,0.4,0.005,0.975,0.8,1.16468960177255,0.619859128990648,0.465875840709021,0.280632553063587,0.41572110081524,0.606672246059841,-1.43735881766419,4.20748325775716,6.10187539751243
52,0.00264160726574256,0.40502310149897,0.112970658501914,-0.00835731756759728,-0.00226710556325338,0.0181592143044476,0.0339769329083417,0.0182774012878506,0.0161306357363246,3.03269449830214,7.81236762951392,0.894278964708193,4.39072558979292,0.496542097100429,4.30565774911381,1.6359762573619,2.77714839982424,-0.10746690807233,4.70367649030274,14.8941284977408,1.30439487227784,0.159816500535283,0.272225963390184,0.0210407185415509,1.1498401234975,3.6157536750153,0.770392882743328,0.409296910156111,0.689904074098502,0.287460030874376,0.124810765896574,0.412053797962916,1.00650463789857,1.00765481530207,0.998858560108053,0.65876423629002,0.0744210295711944,0.266814734138785,1.06139317995703,1.05677688243674,0.379959660681023,0.644999802967579,-0.024959463648602,-6.21214617925642e-16,0.955170663161347,0.0217829643465538,0.67,0.1,1.025,0.5,0.6,0.25,0.4,0.005,0.975,0.8,1.16945158875347,0.625495094092372,0.467780635501386,0.28272544283229,0.413237313736529,0.598979291946275,-1.44403952339201,4.21569394152965,6.1315064276433
53,0.00263519453121538,0.41332973288953,0.112334783862834,-0.00802099719110083,-0.00240586829961709,0.0180538207866392,0.0324929697089171,0.0175686498266079,0.0155251180187709,3.22915786881814,8.21372855467045,0.937077904648528,4.42858103186169,0.499062881545648,4.32978569751577,1.66901559192138,2.76753627481255,-0.106766169218166,4.93116037328389,15.3231765897674,1.35033878599491,0.160228044642582,0.26920752374532,0.0209641690189024,1.14867212753102,3.64058242099716,0.769610325445786,0.411104358241462,0.689203276518614,0.287168031882756,0.127241132098212,0.413733530123211,1.00563800566139,1.00764837050387,0.998004894463851,0.655452092527307,0.0736300691464971,0.270917838326195,1.06051495010747,1.05611614038627,0.385473025346033,0.639185508973441,-0.0246585343194743,7.4499190536828e-16,0.956328946557302,0.0216879943658622,0.67,0.1,1.025,0.5,0.6,0.25,0.4,0.005,0.975,0.8,1.17416716525888,0.631218566299679,0.46966686610355,0.28472292993765,0.410720366621005,0.591426705721983,-1.45003489003576,4.22233189330654,6.16059688883176
54,0.00263278507073539,0.421796303147697,0.111769548962835,-0.00755199743000945,-0.00253304322743331,0.0178988865315908,0.0311076385257389,0.0169028472276276,0.0149554143048989,3.43313173334939,8.61833766755846,0.980336623421284,4.46228930579601,0.501314920036548,4.35268664139176,1.70225635744717,2.75648618991261,-0.106055905968017,5.16641139507316,15.7500376737396,1.39648058318176,0.160714858159883,0.266220480643214,0.0208849456919441,1.14729243691417,3.66431117924326,0.768685932732496,0.412649043190589,0.688375462148504,0.286823109228543,0.129691553883282,0.415389962561789,1.00479128504327,1.00764594899609,0.997166997043295,0.652075030637761,0.0728821320643091,0.275042837297929,1.05967483592087,1.05547760184018,0.391081761149452,0.633283858226745,-0.024365619376197,-4.56212731805087e-16,0.957414488699312,0.021618604773534,0.67,0.1,1.025,0.5,0.6,0.25,0.4,0.005,0.975,0.8,1.17883049743629,0.637027861894232,0.471532198974516,0.286557831122666,0.408266638246886,0.5843266443103,-1.45517019006025,4.22725309266424,6.18905903593218
55,0.00262961786607921,0.430389171708815,0.111288791526769,-0.00693603601979187,-0.00264609020743312,0.017672084683644,0.0298526158841661,0.0162961259333365,0.0144355217721454,3.63935027122932,9.01090106720832,1.02245083777016,4.49022004956133,0.503177081631026,4.37412288903482,1.73553339338405,2.74392770544695,-0.105338209796184,5.40405911561664,16.1577594198735,1.44109263369681,0.161325301003975,0.26330888232771,0.0208029240918046,1.14569902692657,3.68670347287888,0.767618348040804,0.413837162771439,0.687419416155944,0.286424756731643,0.132149850000708,0.417020063370019,1.00396776976387,1.00764276595541,0.996352877909017,0.648643895707802,0.0721867952845366,0.27916930900766,1.05889499454879,1.05487883172141,0.396772893083263,0.627309240059415,-0.024082133142678,9.90138771716087e-16,0.958401769099,0.0215786721750448,0.67,0.1,1.025,0.5,0.6,0.25,0.4,0.005,0.975,0.8,1.18342029134981,0.642910641924666,0.473368116539924,0.288181848353377,0.405937501408822,0.577876205580853,-1.45924485746978,4.23025287619915,6.21677719357191
56,0.00262107584333972,0.439067478419144,0.11090172987248,-0.0062106973440067,-0.00274224169464632,0.0173663234476125,0.0287414744902541,0.0157561072539133,0.0139721935731349,3.84310070705821,9.37920836442368,1.06219081717173,4.51141624969634,0.504594197319212,4.39384865810524,1.76866407284952,2.72980118349606,-0.104616598240341,5.63924333627168,16.5331330277379,1.48288760897307,0.162080168506358,0.260497817252386,0.0207191927224652,1.14388982585368,3.70751476259303,0.766406183321966,0.41462019090905,0.686333895512208,0.28597245646342,0.134601612142406,0.418615596191429,1.00317223065687,1.00763418122256,0.995571854698031,0.645174107105133,0.0715509245468921,0.283274968347974,1.05818791525543,1.05433062877862,0.402531859987241,0.621277926462127,-0.0238097864493678,1.48292765055939e-15,0.959279360198188,0.0215665773034007,0.67,0.1,1.025,0.5,0.6,0.25,0.4,0.005,0.975,0.8,1.18790598519335,0.648841284207356,0.475162394077342,0.289572676435321,0.403763595568377,0.572165516252956,-1.46212783276866,4.23110777917693,6.24362993724493
57,0.00259870622217181,0.447786272563255,0.110604974507244,-0.00548794980516276,-0.00281965402550399,0.0169818812474063,0.0277775810953671,0.0152853448354181,0.0135678005395465,4.04023017611205,9.7140280387769,1.09858411012596,4.52530937529951,0.505501126323102,4.41165230135662,1.80146889783859,2.71407884550248,-0.10389544198446,5.86765607781405,16.8663377549265,1.52082403158326,0.16298929255391,0.257807788716942,0.0206342371186566,1.14187178430518,3.72652923077351,0.765054095484473,0.41497251983938,0.685123070583111,0.285467946076296,0.137032288690498,0.420167802115155,1.00240981796231,1.00761169975328,0.994837414261622,0.641687382343697,0.0709738165657451,0.287338801090556,1.05756165221395,1.05384088690186,0.408343354095394,0.615206879442388,-0.0235502335377824,-5.19375799362145e-17,0.960043025083401,0.0215717228476501,0.67,0.1,1.025,0.5,0.6,0.25,0.4,0.005,0.975,0.8,1.19225360593844,0.654785825117107,0.476901442375377,0.290730273741761,0.401765401363083,0.567237323797918,-1.46385592619524,4.22959671669028,6.26949402935266
58,0.00255154039138336,0.456500142867861,0.110378453883976,-0.00492112364019481,-0.0028790050985511,0.0165248568774632,0.0269558527887689,0.0148820810242536,0.0132209643701998,4.22761566623119,10.0100398516023,1.13094317215824,4.53171701192068,0.505799578474991,4.42738661058694,1.83378867607037,2.69677618202392,-0.103178247507346,6.08602965525118,17.1518860146284,1.55411135396561,0.164054119465552,0.255255757404589,0.0205468508397199,1.13966391656028,3.74358826065077,0.76357482409539,0.414891209710353,0.68379834993617,0.284915979140071,0.139428806515939,0.421672035772292,1.00168548775647,1.00756429809334,0.994165324884979,0.638211538579322,0.070444802879299,0.291343658541378,1.0570198236499,1.05341426335301,0.414192126724461,0.609112422117198,-0.0233045488416588,-1.59305721080389e-15,0.960694650522782,0.0215766941466781,0.67,0.1,1.025,0.5,0.6,0.25,0.4,0.005,0.975,0.8,1.19642904889362,0.66070888770038,0.478571619557447,0.291673054645708,0.399954782974931,0.563094869773019,-1.4646679852896,4.22552087984342,6.29424606408561
59,0.00246973316729391,0.465166606727986,0.11018858778852,-0.00463941630814801,-0.00292430922320486,0.0160047548196676,0.026266176982367,0.0145419528793309,0.012928041809816,4.40315138450304,10.2651706308605,1.15878155889216,4.53078762298463,0.505363620531522,4.44097788183696,1.8654925844666,2.67795099280514,-0.102465695434782,6.29213377521614,17.3879040399215,1.58213337035024,0.165270299343667,0.252854081227496,0.0204538863613335,1.13729507451606,3.75860083712732,0.76198769992576,0.414393038954548,0.682377044709636,0.284323768629015,0.141780493097171,0.423128411969492,1.00100348349042,1.00748208183313,0.993569515071747,0.634777479695244,0.069945234047575,0.29527728625718,1.05656207669062,1.05305211172541,0.420063471177435,0.603009306521783,-0.0230727776992176,1.13318412224807e-16,0.961240259363121,0.0215635991777777,0.67,0.1,1.025,0.5,0.6,0.25,0.4,0.005,0.975,0.8,1.20040128123573,0.666577541743659,0.480160512494293,0.29242716304904,0.398334990316435,0.559712199467048,-1.46494177666325,4.21872400717621,6.31776527112147
60,0.00234739689915241,0.473749053108445,0.109995624357872,-0.00470830553168522,-0.00296228244229602,0.0154333259837351,0.0256951496809142,0.0142588855323128,0.0126839066790966,4.56574340367244,10.4800251082285,1.18180846993807,4.52297726426821,0.50407167140386,4.45242087587302,1.89648035471724,2.65769513024954,-0.10175460909376,6.48477152865265,17.5755305149583,1.60447656324524,0.166627175079072,0.250607477784964,0.0203510309970678,1.13479850975025,3.77154177002287,0.760315001532666,0.413513198451583,0.680879105850149,0.283699627437562,0.144079404816098,0.424540535959695,1.00036697133822,1.00735913388365,0.993058917807724,0.631414908114991,0.0694528770469765,0.299132214838032,1.05618413118187,1.05275228161689,0.425943640008071,0.59691013144133,-0.0228537714494015,-7.01848988795117e-16,0.96168914134449,0.0215189160202908,0.67,0.1,1.025,0.5,0.6,0.25,0.4,0.005,0.975,0.8,1.20414483687515,0.672363814194865,0.481657934750062,0.293019265181811,0.396898259075194,0.557035206553374,-1.46508846602474,4.20911051686086,6.33994020250912
61,0.0021838363800293,0.482219747594127,0.109760904258598,-0.00512837551702583,-0.00300087512842573,0.0148255984737209,0.0252247925977036,0.0140244543010046,0.0124813971019631,4.7157283063036,10.6585735758541,1.20009265873843,4.50910835668683,0.501849921664808,4.46177300023647,1.92668540559567,2.63612589947638,-0.101038304835585,6.66419614493223,17.7196517315652,1.62113834703393,0.168102965587778,0.248508445938056,0.0202340714662757,1.13220609301575,3.78244934442702,0.75857808232055,0.4123090867697,0.679323655809447,0.283051523253936,0.146320532554821,0.425913535930328,0.999777808612459,1.00719475556193,0.992636034978824,0.62814833762974,0.0689461295467754,0.302905532823484,1.05587667226901,1.05250822991562,0.431820580180479,0.590824745978028,-0.0226453261585066,-2.36291941118037e-16,0.962055044451574,0.0214350260046375,0.67,0.1,1.025,0.5,0.6,0.25,0.4,0.005,0.975,0.8,1.20764162997386,0.678046108563264,0.483056651989544,0.293476538846872,0.395620637755374,0.554968290017137,-1.46546739461331,4.19666142781426,6.36068079587847
62,0.00198270599892802,0.49056118720578,0.109452446425642,-0.00584952446716092,-0.00304781914828045,0.0141974646746466,0.024835278921511,0.0138292216863882,0.0123124628640359,4.85452931471309,10.8069044116916,1.21399122771748,4.49021086276804,0.498681236010586,4.46914245504895,1.95607361221892,2.61337655181245,-0.100307708982429,6.83177009489601,17.8274890539591,1.63246441219735,0.169668915834566,0.246540298236834,0.0200996574517166,1.12954512906585,3.79141537760943,0.756795236474122,0.410849975276272,0.677727077439512,0.282386282266463,0.14850174787057,0.427252165924366,0.999236329846192,1.00699261952892,0.992297570476377,0.624994674408105,0.0684071961169645,0.30659812947493,1.05562739257312,1.05231066341561,0.437684328009976,0.584760181197624,-0.0224445092075995,4.5569838665014e-16,0.962353880655682,0.0213101317567212,0.67,0.1,1.025,0.5,0.6,0.25,0.4,0.005,0.975,0.8,1.21088269622591,0.683609290477541,0.484353078490365,0.293823728973625,0.394467838418492,0.553391881826336,-1.46633270585919,4.1814381127126,6.379926764618
63,0.0017484006421575,0.498762871612209,0.109047731180583,-0.00679564831931345,-0.00310951071487164,0.0135574849507629,0.0245147358226481,0.0136676137835001,0.0121723738819098,4.98270006538841,10.9281809130954,1.22360818965993,4.46701223558381,0.494557944249769,4.47465781479696,1.98462718802956,2.58958302866176,-0.09955240189435,6.98801372472869,17.9030460684798,1.6385588833711,0.171309310386593,0.244691919210909,0.0199451513557465,1.12683912722514,3.79855433846188,0.754982215240846,0.409182964465609,0.676103476335085,0.281709781806286,0.150622839075868,0.428560187168857,0.998741384126128,1.00675714264537,0.99203804156961,0.621963804855487,0.0678237417959338,0.310212453348578,1.05542832932168,1.05215339787054,0.443526023703252,0.578722024307288,-0.0222480480105405,-4.54870197999078e-16,0.962595442595967,0.0211466889515312,0.67,0.1,1.025,0.5,0.6,0.25,0.4,0.005,0.975,0.8,1.21386841058422,0.689043612864953,0.485547364233689,0.294073296866412,0.393418262125017,0.552232215494251,-1.46781052266153,4.16355905029465,6.39763867184106
64,0.00148350919701626,0.506816506797522,0.108532995711842,-0.00789567067644736,-0.00319045376388338,0.0129052520144421,0.0242614865940726,0.0135390590347136,0.0120607050544814,5.09911466745281,11.0210390345007,1.22862116104525,4.43978222616027,0.489461194367127,4.47843861214003,2.01232683860552,2.56487342020167,-0.0987616466671681,7.13178512460082,17.9453464030343,1.63908928112289,0.173027709192419,0.242963104349597,0.0197685723776797,1.1241085255024,3.80397349683859,0.753152712086611,0.407322008207109,0.674465115301443,0.281027131375601,0.152684090649926,0.429841329908669,0.998290988401853,1.006490926743,0.991852943605083,0.619061075294572,0.067188553030314,0.313750371675113,1.05527824346139,1.05203541228505,0.449336702562045,0.572715993750336,-0.0220526963123806,-1.18990131210069e-15,0.962781232319092,0.020948541262701,0.67,0.1,1.025,0.5,0.6,0.25,0.4,0.005,0.975,0.8,1.21660485878269,0.694343978425932,0.486641943513074,0.29422530306257,0.392470329739252,0.551482085164151,-1.46991774956977,4.14316700332227,6.41378312274727
65,0.00118895922793625,0.514713699204969,0.107900306359276,-0.0091036675767413,-0.00329340085763163,0.0122372373154149,0.0240773788537137,0.0134446692722384,0.0119784664235944,5.20206825764191,11.0827719623956,1.22863771113826,4.40861942104771,0.483382459586497,4.48058728695559,2.03914674826614,2.53936597166737,-0.0979254329779196,7.26136412449264,17.9518959824397,1.6336635213856,0.174834615020919,0.24135730429626,0.0195687836387581,1.12137036392615,3.8077650685999,0.751318143830521,0.405267069988675,0.672822218355691,0.280342590981538,0.154685496436328,0.431099466863329,0.997883084199316,1.00619490402408,0.991739354083868,0.616289515911248,0.0664978275728334,0.317212656515918,1.05517854568612,1.05195779718518,0.455107024519477,0.566748466001377,-0.021855490520854,1.57725704847682e-15,0.962909720029188,0.0207185508282999,0.67,0.1,1.025,0.5,0.6,0.25,0.4,0.005,0.975,0.8,1.21909934281394,0.699508032723717,0.487639737125575,0.294277036604316,0.391629742296343,0.551159014086013,-1.47261100929447,4.12041079088073,6.42832720063241
66,0.000865595218979606,0.522446188346644,0.10714544769021,-0.0103919031650594,-0.00341993872814483,0.0115515775040773,0.0239623188103114,0.0133845219831033,0.011925756359033,5.2904070052093,11.1121606083211,1.22350643493207,4.37371626577119,0.476344976215805,4.48119531298783,2.06505872283615,2.51317179945514,-0.0970352093034555,7.37557486077639,17.9217732566347,1.62216170713936,0.176735876224693,0.239874368134326,0.0193455052949374,1.11863797727045,3.81001252662556,0.749487444771204,0.403022733298883,0.671182786362272,0.279659494317613,0.156626743493753,0.432337659724127,0.997515842254673,1.00586992319507,0.991694670704672,0.613650670441576,0.0657498758098602,0.320599453748564,1.05512941312919,1.05192070397462,0.46082765391881,0.560826213526382,-0.021653867445192,-2.3727951739076e-16,0.962980886577033,0.0204587717366893,0.67,0.1,1.025,0.5,0.6,0.25,0.4,0.005,0.975,0.8,1.22135847131379,0.704533834230186,0.488543388525515,0.294228773159694,0.390897264011323,0.551266928743122,-1.47582346138673,4.09544374431579,6.44124217521502
67,0.000517275528444848,0.530008831838328,0.106268752818926,-0.0117239798758058,-0.00357091046195801,0.0108528486485586,0.0239088005323181,0.0133549663721382,0.0118994444300326,5.36478352186982,11.1122179692898,1.21363367627566,4.33563712856591,0.468438426678562,4.48035750001647,2.09004375285487,2.48639829229732,-0.0960845451357234,7.47503872750531,17.8586465359231,1.60508720380635,0.178719209909289,0.238501623945203,0.0190996459878507,1.11591886668441,3.81080618000582,0.747665640678556,0.400618670170968,0.669551320010647,0.278979716671103,0.158507757128679,0.433557162503344,0.997187589377254,1.00551986190609,0.991713467983578,0.611143249395222,0.0649454309069362,0.323911319697842,1.05512535903629,1.05191975359351,0.466490397886149,0.554955333874178,-0.0214457317603272,-1.4209736962661e-15,0.963001030494586,0.0201729184655378,0.67,0.1,1.025,0.5,0.6,0.25,0.4,0.005,0.975,0.8,1.22338852866073,0.709419866671825,0.489355411464291,0.294087601254346,0.390254861165889,0.551753517215781,-1.47946581913373,4.06843779221618,6.45251840783013
68,0.000153260963862074,0.537403952539827,0.105278307086202,-0.0130315308550902,-0.00374624943621482,0.0101543052190471,0.0238992378341207,0.0133473432760097,0.0118920804613575,5.4283280178969,11.0912883036976,1.20012052454156,4.29544010780919,0.459843530653714,4.47818654690824,2.11410590213687,2.45915061043103,-0.0950699656596518,7.56285074334644,17.771991881071,1.58372790926234,0.180746368621533,0.237208876341793,0.0188338197267127,1.1132120804483,3.81025929863926,0.745852093900363,0.398119995646188,0.667927248268982,0.278303020112076,0.160329545308865,0.434756076691669,0.996896392126525,1.00515402726868,0.991784706703514,0.608760455127614,0.0640892701368609,0.327150274735524,1.0551527543214,1.05194397547868,0.472089735430172,0.5491398325353,-0.0212295679654724,6.0700769591434e-16,0.962985279915662,0.0198689060324934,0.67,0.1,1.025,0.5,0.6,0.25,0.4,0.005,0.975,0.8,1.22519800295505,0.714166094446019,0.490079201182022,0.293868531916397,0.389658812992488,0.552487289725349,-1.48339910029608,4.03960308150357,6.46218592922156
69,-0.000212592289686847,0.544643718978646,0.104192888913757,-0.0142136613482102,-0.00394433858275967,0.00947426452695588,0.0239099970067269,0.0133500359143341,0.0118936775416813,5.48577710919405,11.0605884158835,1.18448621975164,4.25445430663559,0.450813915469733,4.4748158326212,2.137278382708,2.43152924147257,-0.0939917915593806,7.64372211292909,17.6744143913502,1.55986082532923,0.182761372842861,0.235954066896161,0.0185524816672368,1.11050791997767,3.80851108063459,0.744040306385042,0.395613018576996,0.666304751986604,0.277626979994418,0.162094751815824,0.435928666847355,0.99663952636034,1.00478634474886,0.991891989345695,0.606488232498811,0.0631917610362496,0.330320006464939,1.05519257962498,1.05197795330427,0.477623764340722,0.543380852402203,-0.0210046167429252,6.58690269165203e-16,0.962954323834582,0.0195592712130042,0.67,0.1,1.025,0.5,0.6,0.25,0.4,0.005,0.975,0.8,1.22680089491514,0.718775144327651,0.490720357966055,0.293590198516454,0.389049703279484,0.553285811533973,-1.48740579496531,4.00919442650083,6.47032677669453
70,-0.000564409163478699,0.551749308089285,0.10304297066629,-0.0151519318773866,-0.00416142221724858,0.00883059349444704,0.0239177279338039,0.0133516352243005,0.0118944485015549,5.54200679427258,11.0307252100965,1.16826806135964,4.21395362068794,0.44163857741534,4.47038879246857,2.15961928344908,2.40362429750799,-0.0928547884884964,7.72252379738868,17.577843308713,1.53531355834075,0.184705223150771,0.234692951894555,0.018261708054267,1.10778938725111,3.80571516011791,0.742218889458243,0.393182157338739,0.664673632350666,0.276947346812777,0.163807503483753,0.437066117984259,0.996413264793522,1.0044327687907,0.992015887726525,0.604305454429611,0.0622694292142694,0.333425116356119,1.05522522324259,1.05200565835141,0.483094286359939,0.537676790340355,-0.0207710767002937,-3.79874072191394e-16,0.962929026784228,0.0192598542278221,0.67,0.1,1.025,0.5,0.6,0.25,0.4,0.005,0.975,0.8,1.22821808742204,0.723253637346025,0.491287234968816,0.293269237966328,0.388368084673464,0.553963136218852,-1.49117776829112,3.97749892854551,6.47707439394719
71,-0.000886444698785445,0.558748479179801,0.101869364674598,-0.0157308713722389,-0.00439140586674203,0.00823830619154542,0.0239021514236897,0.0133422976670764,0.0118859691085514,5.60137031744821,11.0103815738284,1.15285769677371,4.17500774079161,0.432616615720265,4.46504584058747,2.18120411759318,2.37551031277904,-0.0916685897847464,7.80362502220626,17.4920691815594,1.51177462925243,0.186523426936965,0.233384393840007,0.0179689065431982,1.10503382524671,3.80202554543944,0.740372662915295,0.390898641614864,0.663020295148026,0.276258456311677,0.165472839772088,0.438157823235611,0.996213085983491,1.00410912307772,0.992136275915881,0.602185508063033,0.0613442551226314,0.336470236814336,1.05523294698916,1.05201248242402,0.488506545165993,0.532023723292054,-0.0205302684580474,-1.55149265789496e-15,0.96292787329481,0.0189876384158932,0.67,0.1,1.025,0.5,0.6,0.25,0.4,0.005,0.975,0.8,1.22947605513914,0.727612699689458,0.491790422055656,0.292919141446531,0.387562288887858,0.554353421280136,-1.49433047318766,3.94481481366102,6.48260642083705
72,-0.00116623551152931,0.56567168798666,0.100718416731576,-0.015872133312904,-0.00462612706508037,0.00770711663937873,0.0238487862222209,0.0133150223845607,0.0118622571964343,5.66713428086483,11.0053968036249,1.13936011466778,4.1383360729385,0.42402012794896,4.45891355266086,2.20211682965661,2.34724426601841,-0.0904475430141589,7.8903298197588,17.4236812901065,1.49061475521047,0.188174789096736,0.231996706405644,0.0176820556078917,1.10221679560333,3.79758347529886,0.738485253054232,0.388809045592227,0.661330077361998,0.275554198900833,0.167096079859377,0.439192694173267,0.996034042452719,1.00382793331091,0.992235829867288,0.600099578825263,0.0604410794605663,0.339459341714171,1.05520265922161,1.05198757385867,0.493868473485541,0.526416185982725,-0.0202846594682658,-7.53358512532515e-17,0.962964265550642,0.0187569887983036,0.67,0.1,1.025,0.5,0.6,0.25,0.4,0.005,0.975,0.8,1.23060451816992,0.731866359634876,0.492241807267966,0.292550294695317,0.386597015881587,0.554336752515067,-1.49645810136746,3.91142461824969,6.48712985342093
73,-0.00139696984898194,0.572546961370756,0.0996358960731583,-0.0155521122219139,-0.0048563166536848,0.00723883504785028,0.0237521120076567,0.0132671632707814,0.0118210603122834,5.74076276529115,11.0175548377364,1.12842059820048,4.10418373791201,0.416057435565991,4.45209341688713,2.22243767861473,2.31886542761015,-0.0892096893377465,7.9841590805601,17.3747361302914,1.47267694744576,0.189640640770918,0.230513461033674,0.0174086030170312,1.09931674707543,3.79250336864187,0.736542220540541,0.386924855484953,0.659590048245261,0.274829186768859,0.168682004116703,0.440160886539698,0.995871251424694,1.00359604530177,0.99230288529609,0.598020722164675,0.0595843305231946,0.34239494731213,1.05512874233023,1.05192616574826,0.499189363409323,0.52084833144213,-0.0200376948514534,-1.97487329613021e-17,0.963043587997428,0.0185772992264923,0.67,0.1,1.025,0.5,0.6,0.25,0.4,0.005,0.975,0.8,1.23163327497157,0.736029488988999,0.492653309988627,0.292167468597377,0.385460657950575,0.553865184809634,-1.49720049809101,3.87756701676904,6.4908600318472
74,-0.00157720361563634,0.579395479509737,0.0986624924445951,-0.0147928691271081,-0.00507282078536841,0.00682799660348477,0.0236152730615435,0.0132002792200151,0.0117637256295278,5.82186238005888,11.0448002870419,1.12022828245799,4.07238449357694,0.40886556529491,4.44465325052952,2.2422321304616,2.2903963335217,-0.087975213453775,8.08478494625761,17.3430363528994,1.45827336202356,0.190924404152244,0.228932922387423,0.0171547277244411,1.09631745007871,3.7868627804823,0.734532691552732,0.38522603329492,0.657790470047223,0.274079362519676,0.170233968415109,0.441055007924167,0.995720474251873,1.00341491036629,0.992331750271078,0.595926968384388,0.0587956400157551,0.345277391599856,1.05501284566726,1.0518294156425,0.504478528261898,0.515314964839796,-0.0197934931016939,5.68092191902441e-16,0.963163456073662,0.0184532784436593,0.67,0.1,1.025,0.5,0.6,0.25,0.4,0.005,0.975,0.8,1.23258843872114,0.74011587211753,0.493035375488454,0.291768704615584,0.384162715455018,0.552959471998986,-1.49628804840292,3.84341782640106,6.49400217046395
75,-0.00171023632511525,0.586228601669269,0.0978302772753677,-0.0136580403476187,-0.00526750151108102,0.00646391324552509,0.0234479698883317,0.0131191029753839,0.0116943139886359,5.90851516399163,11.082243292984,1.11460595950093,4.04247699194662,0.402511933260916,4.43662536582255,2.26154395690587,2.26184616228791,-0.0867647533712393,8.19035292667176,17.3232519197659,1.4472780634947,0.192047148801882,0.227265525810024,0.0169249241040886,1.09320951095539,3.78069965924931,0.732450372340111,0.383669534500551,0.655925706573234,0.273302377738847,0.171753343027632,0.441870319077445,0.995578553274609,1.00328121249326,0.992322532184662,0.593803466436208,0.0580919577685287,0.348104575795263,1.05486237513184,1.05170322318136,0.50974417951257,0.509812295559595,-0.0195564750721645,-2.25440793494993e-15,0.963315492375631,0.0183849621863141,0.67,0.1,1.025,0.5,0.6,0.25,0.4,0.005,0.975,0.8,1.23348955292567,0.74413563418447,0.493395821170268,0.291347111617878,0.382728526618392,0.551693836150071,-1.49357599062093,3.80908211240781,6.49673722828624
76,-0.00180277879488162,0.593047265774472,0.0971601207416248,-0.0122469165497592,-0.00543394454492652,0.00613425912728327,0.0232624151044509,0.0130295611175674,0.0116178988491434,5.99810452786252,11.1240851357462,1.11118974375771,4.01388208065793,0.397005003575133,4.42801411551744,2.28039558935419,2.23321633328899,-0.0855978071257431,8.29829909370007,17.3090234270019,1.43931880044298,0.193038478180869,0.225528978633212,0.016721860235879,1.08999077883948,3.77401964821375,0.730293821822454,0.382203767079652,0.65399446730369,0.272497694709871,0.173239501697518,0.442604720498019,0.995443642184694,1.00318820731114,0.992280047681973,0.591643373456809,0.0574841416010457,0.350872484942145,1.05468746957379,1.05155583087229,0.514992845520256,0.50433812427629,-0.0193309697965456,2.46357608898769e-16,0.963488779311366,0.0183679362132423,0.67,0.1,1.025,0.5,0.6,0.25,0.4,0.005,0.975,0.8,1.23434801197138,0.748093767892645,0.493739204788553,0.290895189005915,0.381190745559287,0.550167044910058,-1.48906819762245,3.77459874221345,6.49921463556825
77,-0.00186182828368679,0.599844806435697,0.0966618120468057,-0.0106681560517126,-0.00556797585167512,0.00583025917794688,0.0230673793301289,0.0129358551568884,0.0115380591334522,6.08870682615931,11.1664789777854,1.10971661101976,3.9861683824699,0.392323819694928,4.41881248261317,2.29879742364118,2.20450658397326,-0.08449152500127,8.40673516425413,17.2960866736857,1.43409558538115,0.193921348963843,0.223739671996783,0.0165466796677287,1.08666437138778,3.7668138597805,0.728065128829815,0.380790577912483,0.65199862283267,0.271666092846946,0.1746904345102,0.443258186290224,0.995315150380219,1.00312886257489,0.992210659581044,0.589446565728393,0.056976973148073,0.353576461123534,1.05449617543113,1.0513939159721,0.520229684487929,0.498891182336297,-0.0191208668242256,-6.30192217772597e-16,0.963675103184854,0.0183955048182501,0.67,0.1,1.025,0.5,0.6,0.25,0.4,0.005,0.975,0.8,1.2351673097461,0.751990446737916,0.494066923898439,0.290409945518286,0.379575834359647,0.548456614865236,-1.48290652052877,3.7399600101989,6.50155673920276
78,-0.00189346842121064,0.606610918916629,0.0963350987217981,-0.00902844394639091,-0.00566763759063893,0.00554820446602533,0.0228661557224619,0.0128394515864857,0.0114560090206902,6.17970852405113,11.2085941079513,1.110128723979,3.95912935808872,0.388430392795534,4.40902032835743,2.31675966337456,2.17572055408845,-0.0834598891055802,8.51507133637619,17.283416406112,1.43149848725249,0.19470694716714,0.221909588199455,0.0163992595835429,1.08323754848088,3.75907779926891,0.725769157482187,0.37941236641052,0.649942529088526,0.270809387120219,0.176103798216647,0.44383195526623,0.995193313743698,1.00309706423668,0.992120652352822,0.587217674337532,0.0565696726284909,0.356212653033976,1.05429273064187,1.05122117923048,0.525459056850767,0.493470293183932,-0.0189293500346991,-2.42007455927087e-16,0.963870757680162,0.01845965665754,0.67,0.1,1.025,0.5,0.6,0.25,0.4,0.005,0.975,0.8,1.23594569645909,0.755821860721303,0.494378278583635,0.289894899891705,0.377900049500045,0.546603118976149,-1.47534686392274,3.705134653079,6.50386684370132
79,-0.00190335281089979,0.613334797978771,0.0961704725329303,-0.00743207427588111,-0.0057329802556404,0.00528780916268556,0.0226581027791946,0.0127398361841731,0.0113712461118898,6.27157409785597,11.2519032020118,1.11249783663976,3.93270325976152,0.385264974911151,4.39865717939973,2.33430091383053,2.14686937203052,-0.0825131064613176,8.62379596833535,17.2724390365579,1.43152796186032,0.195398855398636,0.220048043830024,0.016278256770731,1.07972182186079,3.75082408628326,0.723413620646729,0.378066210396202,0.647833093116474,0.269930455465197,0.177477898749781,0.444328779570695,0.995078684237989,1.00308713042505,0.992016200842231,0.584964560946146,0.0562563182412089,0.358779120812645,1.05407867907587,1.05103921284488,0.53068489282656,0.48807381081776,-0.0187587036443198,-1.20393101305601e-16,0.964075230851948,0.0185510501352849,0.67,0.1,1.025,0.5,0.6,0.25,0.4,0.005,0.975,0.8,1.23667939725554,0.759582390516136,0.494671758902215,0.289358729466352,0.376173290693216,0.544621590453903,-1.46673492046757,3.67008450658632,6.506233998632
80,-0.00189660825430605,0.62000658069064,0.0961516340924145,-0.00596066194365052,-0.00576590549341394,0.0050492542939311,0.0224420789598745,0.0126362527705295,0.0112830618007975,6.36497448951937,11.2982000403086,1.11684632875962,3.90685989762893,0.382745545974646,4.38776253448226,2.35144866244992,2.11797108242909,-0.0816572103967533,8.73361150586364,17.2649397658915,1.43411588246919,0.196000399020378,0.218164142952072,0.0161812181316723,1.07613232566231,3.74208313908487,0.72100865819375,0.376753484142613,0.645679395397388,0.269033081415578,0.178812045126021,0.444753260766587,0.994971766065275,1.00309390870442,0.991902909021112,0.582696858241834,0.0560272551004683,0.361275886657698,1.05385506084675,1.05084917172047,0.535910647846256,0.482699568580689,-0.0186102164269448,3.82373690742687e-18,0.964288482065799,0.0186608548308561,0.67,0.1,1.025,0.5,0.6,0.25,0.4,0.005,0.975,0.8,1.23736493168891,0.763266962016129,0.494945972675565,0.288809760582704,0.374404186098303,0.542522781782236,-1.45745513054897,3.63477347178364,6.50873404312719
81,-0.00187798541328658,0.626616677265203,0.0962590472866302,-0.00465899569592132,-0.00576967318151711,0.00483014734024123,0.0222201441747038,0.0125295930848636,0.011192186539044,6.45969422594456,11.3473491979335,1.12295818395219,3.88148289124455,0.380770989501902,4.37638445425309,2.36823142252491,2.08904708761518,-0.0808940558870047,8.84434201765414,17.2606941492945,1.43894000249368,0.196522554763272,0.216269474054534,0.016104884926588,1.07248662583216,3.73289247875379,0.718566039307547,0.375468055629727,0.643491975499296,0.26812165645804,0.180106185578605,0.445111537754291,0.994872881032944,1.00311262465965,0.991785824020012,0.580424917334143,0.0558711495640057,0.363703933101851,1.05362484817105,1.05065365957325,0.541138797854791,0.477345422791864,-0.0184842206466552,-1.36079279982923e-15,0.9645079946751,0.0187823567690905,0.67,0.1,1.025,0.5,0.6,0.25,0.4,0.005,0.975,0.8,1.23799998561033,0.766871863114805,0.495199994244133,0.288250466515609,0.372605426810149,0.540336622392913,-1.44786811293963,3.5991685146979,6.51142648452394
82,-0.00185212231294433,0.63315432344789,0.0964726499428693,-0.0035419062145301,-0.00574819054267395,0.00462508355385527,0.0219981738313497,0.0124227254007931,0.0111010793972578,6.55431987664896,11.3967963905863,1.13035973960522,3.85634698190733,0.379229628822923,4.36456685802178,2.38466981892991,2.06011884040944,-0.0802218013175732,8.95461460624825,17.2569531404485,1.44541321396071,0.196985168701341,0.214378390119148,0.0160456468501433,1.06880322167135,3.72328492501898,0.716098158519801,0.374193210582878,0.641281933002807,0.267200805417836,0.181360258031954,0.445410695946037,0.994782282452315,1.00313861707549,0.991669810651356,0.578159346139012,0.0557765642112671,0.366064089649721,1.05339339932353,1.05045710068928,0.546370326427019,0.472009917003124,-0.0183802434301429,-1.86247669580865e-15,0.964728283952048,0.0189108689395368,0.67,0.1,1.025,0.5,0.6,0.25,0.4,0.005,0.975,0.8,1.2385826905713,0.770394353945016,0.49543307622852,0.287677218506442,0.370794646062166,0.538116614743152,-1.43827075855218,3.56323711476267,6.51435059148182
83,-0.00182388561237413,0.639605745973463,0.0967734450687104,-0.00260532765555421,-0.00570547001142618,0.00442573164078852,0.0217858558640969,0.0123205091806984,0.0110139444806824,6.64609277930196,11.4414485781793,1.1383219272702,3.83111404113748,0.378004551532318,4.3523384250585,2.40076820727788,2.03120586065628,-0.0796356428756664,9.06170445351385,17.2483169742813,1.45269069054013,0.197416987107418,0.212508047633717,0.0159998546132746,1.06510062260644,3.71327805149463,0.713617417146313,0.372900577600419,0.639060373563863,0.266275155651609,0.18257352017341,0.445657863820789,0.994700340720873,1.00316699495956,0.991560074961366,0.57591107124464,0.0557328984175553,0.368356030337804,1.05316853043086,1.05026582179828,0.551604211992227,0.466692996335409,-0.0182972083276353,-6.22596030797032e-16,0.964940887150016,0.0190431871256731,0.67,0.1,1.025,0.5,0.6,0.25,0.4,0.005,0.975,0.8,1.23911043349812,0.773831041062725,0.495644173399248,0.287080971339449,0.368994551840186,0.535940695544946,-1.42888034063884,3.52694358916647,6.51752111965219
84,-0.00179878299132804,0.645951921556639,0.0971442199278178,-0.00183557041682691,-0.00564531098625798,0.00422068769834016,0.0215969872145859,0.0122299606322716,0.0109368782507762,6.73068356876594,11.4734097484187,1.14583478349622,3.80532081930618,0.376974335844406,4.33970263291029,2.41650629576515,2.00232491208587,-0.0791285749407344,9.16130251770829,17.2264577989067,1.45964449857017,0.197856533343794,0.210678900714111,0.0159639541702823,1.06139709516884,3.70286437580899,0.71113605376312,0.371548433148438,0.636838257101302,0.265349273792209,0.183743880166597,0.445859472144965,0.994627751522536,1.00319222309372,0.991462781136034,0.573691821237341,0.0557308444530706,0.370577334309588,1.05296079028401,1.05008829091414,0.55683683887451,0.461396800993038,-0.0182336398675478,1.06151665176743e-15,0.965134109509536,0.0191770545408395,0.67,0.1,1.025,0.5,0.6,0.25,0.4,0.005,0.975,0.8,1.23957851138498,0.777175925540185,0.495831404553991,0.286447376259031,0.367233578926955,0.533914287317154,-1.41983448693957,3.49024482825508,6.52092308955505
85,-0.0017826368476399,0.652167302262487,0.0975695890167123,-0.00121681263043705,-0.00557115601443647,0.00399728653365905,0.0214474325980644,0.0121592210407931,0.0108769743971815,6.8027369415474,11.4832030486733,1.15172626981924,3.77845573239565,0.376020202654218,4.32663407029171,2.43183535400756,1.97349086709716,-0.0786921508130081,9.24805180981449,17.1814173387021,1.46498896917022,0.198346967854075,0.208912651214904,0.0159346475097673,1.05771008287269,3.6920080205681,0.708665755524701,0.37008829557577,0.634626049723613,0.264427520718172,0.184867453594541,0.446020794845808,0.994565769380208,1.00320844996812,0.991384960335822,0.571514497399045,0.0557624346283177,0.372723067972637,1.05278200340842,1.04993397142906,0.562061712291651,0.456126132932732,-0.0181878452243832,-2.23439453581379e-16,0.965294715698737,0.0193106376717814,0.67,0.1,1.025,0.5,0.6,0.25,0.4,0.005,0.975,0.8,1.23997861602782,0.780419039019381,0.495991446411126,0.285759537150397,0.365542172885661,0.532156404842205,-1.41120364161873,3.45308977476249,6.52450991894628
86,-0.00178050503002712,0.658220901830133,0.0980355413184414,-0.00073669200477311,-0.00548608219665758,0.00374527454561879,0.0213507193556665,0.0121152922539562,0.0108403495714615,6.85733622697628,11.4626429119658,1.15495052941615,3.75011965099507,0.375040233193116,4.31308613628179,2.44668359213519,1.94471978794002,-0.0783172437934209,9.31700588265439,17.1046385347599,1.4675826275231,0.198924777835133,0.207227694746,0.0159091087072565,1.05405521277598,3.6806530086162,0.706216992559907,0.368479828293596,0.632433127665588,0.263513803193995,0.185938714292219,0.446145481672896,0.994516313354115,1.00321059244482,0.991333545363073,0.569392928863636,0.0558207440040394,0.374786327132324,1.05264209453127,1.0498108005528,0.567269819063808,0.450888233272457,-0.0181580523362645,-9.56041906044506e-17,0.965411552641331,0.0194420390672048,0.67,0.1,1.025,0.5,0.6,0.25,0.4,0.005,0.975,0.8,1.24029814344435,0.783545876769649,0.496119257377738,0.285003523172411,0.363944974096488,0.530768503102035,-1.40301325592782,3.41542665768819,6.52820931557449
87,-0.00179525372338859,0.664080290627976,0.0985287865283555,-0.00038873523041727,-0.00539289173631174,0.00346095920067802,0.0213128295626223,0.0121013321845776,0.0108297785626435,6.8919194183235,11.4083461259833,1.15495095663215,3.72020752338559,0.373965814378743,4.29901092042705,2.46097201374889,1.91603367489247,-0.0779947682143059,9.36554629279279,16.9926581124281,1.46680719996619,0.19960629189853,0.205633800516323,0.0158851971695992,1.05044522014489,3.66874378834012,0.703798297497073,0.366708625524212,0.630267132086931,0.262611305036221,0.186951431178133,0.446235285147444,0.994481801373968,1.00319577000799,0.991313790493797,0.567340775081749,0.0558993981168614,0.376759826801389,1.05254536907612,1.0497222317442,0.572450747230115,0.44569174406799,-0.018142491298105,-6.32885160577775e-17,0.965479789155045,0.0195689983949448,0.67,0.1,1.025,0.5,0.6,0.25,0.4,0.005,0.975,0.8,1.24052126765551,0.786538364148329,0.496208507062205,0.284174744357536,0.362452003360226,0.529797175015035,-1.39527026840705,3.37721834750267,6.53193848888301
88,-0.00182692284436472,0.669716922975003,0.0990362117541987,-0.00017148810318135,-0.00529424269432888,0.00314869820683983,0.0213299754696436,0.012115469329543,0.0108436497390179,6.90727316941848,11.3232784829957,1.15183153514892,3.68896986883199,0.372766997851371,4.28438295757435,2.47463434827621,1.88746481943993,-0.0777162101417929,9.39438950594603,16.8487173721875,1.46274380433045,0.200382097713508,0.204130118563742,0.0158614814719493,1.04688979384229,3.65624908126898,0.701416161874335,0.364793647632518,0.628133876305375,0.261722448460573,0.187900109462167,0.446290244230488,0.99446467529036,1.00316394254141,0.991328169921046,0.565370022738137,0.0559921052913703,0.378637871970493,1.05248903198886,1.04966606635453,0.577594106964997,0.440545310288635,-0.0181394172536325,4.4717507778397e-16,0.96550264794331,0.0196888607909606,0.67,0.1,1.025,0.5,0.6,0.25,0.4,0.005,0.975,0.8,1.24063203506496,0.789377268481737,0.496252814025982,0.283280676613422,0.361055787102262,0.529218317942385,-1.38798514071538,3.33845931607547,6.53562290374657
89,-0.00187340756999511,0.675110330893868,0.0995445610882391,-8.64476420407989e-05,-0.00519275764916027,0.00281868879123315,0.0213908030091939,0.0121519077344642,0.0108769206441593,6.90693047890876,11.215254348123,1.14621536234815,3.65690789390838,0.371441740733605,4.26921554563311,2.48763190002051,1.85905748055709,-0.077473834944481,9.40700445652082,16.6811615478338,1.45602028523596,0.201223379235548,0.202707936031999,0.0158370170986863,1.04339662677439,3.64317756956848,0.699075739938842,0.36277913771456,0.626037976064634,0.260849156693598,0.188781301643995,0.446309629152125,0.994466816939935,1.00311722539215,0.991376473025037,0.563489839358627,0.0560923487366369,0.380417811904736,1.05246495240378,1.04963587775098,0.582690630967333,0.435456458144559,-0.0181470891118926,-6.22604653254718e-16,0.965489484253672,0.0197986809038569,0.67,0.1,1.025,0.5,0.6,0.25,0.4,0.005,0.975,0.8,1.24061818174848,0.792045566713539,0.496247272699391,0.282338277062416,0.359736630322783,0.52895362135656,-1.38118364963168,3.29918545234657,6.53920984289627
90,-0.00193173784147395,0.680249985617726,0.100040352744659,-0.000135844299603005,-0.00509108778235223,0.0024832123823586,0.0214806462658443,0.0122031125310169,0.0109230224837674,6.89571904463201,11.0939953705748,1.13894761234145,3.62460172431662,0.369998643438001,4.25356474848392,2.49995917384229,1.83086617351478,-0.0772605988731523,9.40817764129683,16.5003302585813,1.44749669586027,0.202093735918558,0.20135538694368,0.0158110389539758,1.03997277726337,3.6295810821259,0.696781760766456,0.36071942113131,0.62398366635802,0.259993194315842,0.18959431309603,0.446293363997819,0.994489136243606,1.00305860346932,0.99145666345309,0.56170613211318,0.0561932795954408,0.382100588291379,1.05246284852724,1.04962356009308,0.587732718711603,0.430431010640511,-0.0181637293521134,1.82587701322091e-15,0.965452228177304,0.0198953896564675,0.67,0.1,1.025,0.5,0.6,0.25,0.4,0.005,0.975,0.8,1.24047383663965,0.794531764000565,0.496189534655861,0.281368858835187,0.358471049953053,0.528901922978581,-1.37490816391896,3.25947335954288,6.54267292552791
91,-0.00199914494627463,0.685135011758651,0.100510082506111,-0.000319965680464329,-0.00499192945106819,0.00215344436419063,0.0215853545951654,0.0122617905799254,0.0109755902713909,6.8783928591263,10.9685471504043,1.13082847515221,3.59256960019267,0.368443240325334,4.23752289865775,2.51164129353006,1.80295150914596,-0.0770699040182591,9.40265251977914,16.3158336566987,1.43798454059337,0.202959588774316,0.200061335434838,0.015782729134088,1.03662552169855,3.61554758563862,0.694539099538029,0.358665487930672,0.621975313019131,0.259156380424638,0.190341221651532,0.446243161058964,0.994531447779808,1.00299085932899,0.991565813914949,0.560021699279357,0.0562878271997807,0.383690473520862,1.05247303942863,1.04962151377601,0.592714506469245,0.425472983217871,-0.0181874896871168,-1.15277557601127e-15,0.965402249173355,0.019976061069392,0.67,0.1,1.025,0.5,0.6,0.25,0.4,0.005,0.975,0.8,1.24020033586515,0.796831911394139,0.496080134346059,0.280393291396217,0.357238542171276,0.528966974113004,-1.36921085521239,3.21943151750373,6.54600900168946
92,-0.00207354323341975,0.689772750344067,0.100940616138264,-0.000635476943762314,-0.00489798349877779,0.00183794874690735,0.0216932582709411,0.0123219147104909,0.011029359679062,6.8589107227906,10.8460370016049,1.12248168581998,3.56120460092958,0.366772464646835,4.2212072022754,2.52272728878678,1.77537527389071,-0.0768953604020869,9.39440686407163,16.1352441175714,1.42810992812321,0.203795294404459,0.198817101849344,0.0157511380584717,1.03336240907268,3.60118975683179,0.692352814078695,0.356658272492233,0.620017445443607,0.25834060226817,0.191026441910206,0.446162953375632,0.994592589708544,1.00291608905041,0.991700702149719,0.558436664804929,0.056368941019607,0.385194394175464,1.05248777408838,1.04962368664479,0.597631712422676,0.420584725841865,-0.0182164382645413,1.45765197494778e-16,0.965348790302314,0.0200381446611739,0.67,0.1,1.025,0.5,0.6,0.25,0.4,0.005,0.975,0.8,1.23980543849237,0.798949964238977,0.49592217539695,0.279429376773158,0.3560244417669,0.529071288383356,-1.36414413702291,3.17918823347832,6.54923157484381
93,-0.0021535166568171,0.694177108908818,0.101319635590891,-0.00107506921007072,-0.00481187677234718,0.00154262959498963,0.0217954283144963,0.0123788661869225,0.0110802939679853,6.84032198844024,10.7315969860139,1.11434387401767,3.53077525447433,0.364975688133292,4.20474841944077,2.53328296474077,1.74819610585747,-0.0767306511574729,9.38653230565786,15.9640155956647,1.41830413777603,0.204583491989582,0.197616412864479,0.0157152267825442,1.03019076796156,3.58663395866383,0.690227814534247,0.354727944334566,0.618114460776937,0.257547691990391,0.191656139512734,0.446058650988742,0.99467065463167,1.0028357157599,0.991858027192379,0.556948935197672,0.056429863156963,0.386621201645365,1.05250131796152,1.04962562598009,0.602481459539426,0.41576711171937,-0.0182485712587956,1.14631569787921e-15,0.965298808731481,0.0200796050791971,0.67,0.1,1.025,0.5,0.6,0.25,0.4,0.005,0.975,0.8,1.23930179395939,0.800896855706218,0.495720717583756,0.27849131476416,0.354819625957882,0.529157457270643,-1.35975256477306,3.13888041681417,6.5523643141135
94,-0.00223784091315708,0.698367522082341,0.101636134849863,-0.00162709707888598,-0.00473607288182176,0.00127185653245121,0.0218844949267411,0.0124288345598044,0.0111250628850674,6.82513386007115,10.6291400660119,1.10674570773392,3.50147550118806,0.363041147375525,4.1882831745137,2.54338630993843,1.72146641097995,-0.0765695464046856,9.38159386675649,15.8063051888745,1.40889131316189,0.205311443381728,0.196453952194178,0.0156740044571364,1.02711681467945,3.57201308570602,0.688168265835232,0.352898210976547,0.61627008880767,0.256779203669863,0.192237746634821,0.445937524335584,0.994763220894822,1.00275096988228,0.992034164785308,0.555554426875069,0.0564644046463129,0.387981168478618,1.05250902079088,1.049623725734,0.607262260922399,0.411019584696498,-0.0182818456188976,-1.28356733493371e-15,0.965257992521151,0.0200990702350745,0.67,0.1,1.025,0.5,0.6,0.25,0.4,0.005,0.975,0.8,1.23870539508811,0.802689174567344,0.495482158035245,0.277590892090631,0.353617832368305,0.529178888209476,-1.35606754174261,3.09864583504987,6.55543752268121
95,-0.00232492633277225,0.702368660602894,0.101880969438919,-0.00227509691856076,-0.00467277303002744,0.00102972885108765,0.0219532261986112,0.0124680925213207,0.0111604119678273,6.81575995314547,10.5422273660924,1.10000503447504,3.47347888876882,0.360963081826475,4.17195025455583,2.55312582043347,1.69523047705949,-0.0764060429371354,9.38207285286162,15.6658909642936,1.40018875672211,0.205966767550692,0.19532377797166,0.0156266833577294,1.02414477663689,3.55746338857369,0.686177000346714,0.351191353597583,0.614486865982132,0.256036194159222,0.192779688268013,0.445807454747922,0.99486749575303,1.00266344903556,0.99222475568444,0.554247030648872,0.0564672247911493,0.389285744559979,1.05250624207508,1.04961436571949,0.611974176260952,0.406340050485568,-0.0183142267465196,-1.79187748195211e-16,0.965231958752248,0.0200959949127613,0.67,0.1,1.025,0.5,0.6,0.25,0.4,0.005,0.975,0.8,1.23803459901876,0.80434793529882,0.495213839607504,0.276739000641992,0.352412854143737,0.529088903020331,-1.35310426924171,3.05861896107019,6.5584878360222
96,-0.00241238007643609,0.706210722760732,0.102047406410778,-0.00299771833072038,-0.00462380611221624,0.000821051299370046,0.0219933839189296,0.0124924100747413,0.0111826524471161,6.81489191511738,10.4747491283655,1.09450118963469,3.44697845644687,0.358747359959008,4.15588989818831,2.56260109255453,1.66952339153272,-0.0762345858989409,9.39073576157808,15.5468903909525,1.39258677763145,0.206534056885591,0.194218130150785,0.0155728139366958,1.0212762025584,3.54312417665327,0.684255055714126,0.349632150945726,0.612765721535038,0.255319050639599,0.193291302979423,0.445676340170742,0.994980363100372,1.00257555802318,0.992424316689122,0.553018390387754,0.0564340924365336,0.390547517175713,1.05248750111913,1.04959323194532,0.616619100922681,0.401724644404204,-0.0183437453268851,5.87610337902926e-16,0.965227208062485,0.0200707834381452,0.67,0.1,1.025,0.5,0.6,0.25,0.4,0.005,0.975,0.8,1.23730976692177,0.805897865093152,0.494923906768709,0.27594691904028,0.351196512677647,0.528832082659658,-1.35086049243505,3.01892924458103,6.56156032199683
97,-0.00249643240128303,0.709930536424089,0.102131704197346,-0.00376824582574309,-0.00459051871784433,0.00065258743980956,0.0219941907176491,0.0124962667011993,0.0111869744044843,6.82600847296873,10.4318076346653,1.09077195199616,3.42223604150388,0.35641823059894,4.14024644961207,2.57192636500958,1.64437045198881,-0.0760503673863299,9.41114233135965,15.4546906368587,1.38665225853289,0.206990459306852,0.193125935982682,0.0155124433241235,1.01850917981482,3.52914094172317,0.682401150475929,0.348253046247457,0.611105507888891,0.254627294953705,0.193782965925517,0.445551723194024,0.995098361320829,1.00249108543671,0.992625646029899,0.551857423869202,0.0563621391737189,0.391780436957079,1.05244536141173,1.04955442666639,0.621201272994406,0.397167287503594,-0.0183685604980002,1.60650548577181e-16,0.965252388612086,0.0200249415689203,0.67,0.1,1.025,0.5,0.6,0.25,0.4,0.005,0.975,0.8,1.23655335773406,0.807367453843705,0.494621343093623,0.275228079550196,0.34995621627889,0.528332810373401,-1.34931655365188,2.97970160564253,6.56471360587959
98,-0.0025725822181892,0.713571302522194,0.102133674702672,-0.00455445363643225,-0.00457365916053076,0.000531226865563728,0.0219445198962281,0.0124739611740275,0.0111684111719142,6.85280651254327,10.4186888447299,1.08940286559494,3.39951091147706,0.354011778103216,4.12516608275587,2.58122936141097,1.61978624069468,-0.0758495193497729,9.44708146398075,15.3948492260819,1.38301116165712,0.207311667147603,0.192034751526127,0.0154460373087301,1.01583880900404,3.51566279735345,0.680612002032706,0.34708665077057,0.609503285402423,0.25395970225101,0.194266077121086,0.445440479686861,0.995217571652671,1.00241455487072,0.99282035243495,0.550750266449347,0.0562501485559476,0.392999584994706,1.05237192466681,1.04949163136829,0.625727379123253,0.39265964283614,-0.0183870219593924,-4.49663524427301e-16,0.965316513992492,0.0199611867278926,0.67,0.1,1.025,0.5,0.6,0.25,0.4,0.005,0.975,0.8,1.23579059964977,0.808788496024865,0.494316239859906,0.274595493616646,0.348678454146128,0.527511160477169,-1.34843233834896,2.94105393926968,6.5680205780516
99,-0.00263764872346235,0.717178577024091,0.102057055036451,-0.00532002428848932,-0.00457326505946565,0.000458856421268194,0.0218392282965699,0.0124228407417722,0.0111246497341678,6.89738677715389,10.437739979524,1.09068775708872,3.37886547945998,0.351555329124368,4.11078095388322,2.59063741779733,1.59577258547702,-0.0756290493911335,9.50076118396299,15.3697797541729,1.38198817116291,0.207489292487748,0.190936326122182,0.0153741343409476,1.01325907217225,3.50282551057987,0.67888357835541,0.346144551178313,0.607955443303353,0.253314768043064,0.194752303475982,0.445348961945122,0.995333658455054,1.00234916303292,0.99300093736135,0.549681405958039,0.0560988655003736,0.394219728541588,1.0522632103957,1.04940154488107,0.630205658452831,0.388192074299066,-0.0183977327518974,-8.65726201436749e-17,0.965423815197448,0.0198833813104435,0.67,0.1,1.025,0.5,0.6,0.25,0.4,0.005,0.975,0.8,1.23504919576493,0.81019470027174,0.494019678305971,0.274054282627966,0.347358167936206,0.526329043083036,-1.34813866049804,2.90308634816517,6.57155700294699
100,-0.0026908834024159,0.720794345025051,0.101909575213471,-0.00602703044720543,-0.00458858899270975,0.000429933371198343,0.0216824232608912,0.0123449782890897,0.011057492926891,6.95923079930147,10.4867494609171,1.09445346558042,3.36008083595661,0.349058115259782,4.09718766782121,2.60025793053269,1.57231645614162,-0.0753867188531035,9.5717758711265,15.3770476286614,1.38342204142506,0.20753929579614,0.189829319126101,0.0152971794379599,1.01076377796409,3.49072940104276,0.677211731235939,0.345407039112866,0.606458266778453,0.252690944491022,0.195252154503796,0.445283287755837,0.995442313223227,1.00229566218057,0.993162347981798,0.548635457956956,0.0559112064674414,0.395453335575603,1.05212141401114,1.04928567116158,0.634644576072213,0.38375504946732,-0.0183996255395332,-1.08937645749015e-15,0.965571111871347,0.0197963100292335,0.67,0.1,1.025,0.5,0.6,0.25,0.4,0.005,0.975,0.8,1.23435647735526,0.811619594209263,0.493742590942105,0.27359773477376,0.346002644147353,0.524813618006423,-1.34832931743305,2.86586736846488,6.57538499896045
101,-0.00275406103188863,0.724323183152764,0.101794063834949,-0.00574631983534457,-0.00461808495730587,0.000255068776046752,0.021714040393239,0.0123647243913596,0.0110757006269597,6.96022241478164,10.428825635986,1.08693608197872,3.33748728582742,0.346291981656034,4.08381640311791,2.60961568283427,1.54931789510992,-0.0751171748262796,9.58216285765675,15.2741083107699,1.37332139750768,0.20806754716882,0.188860249529425,0.0152105086992121,1.00836691555352,3.4787962537858,0.675605833420856,0.344136881267679,0.605020149332109,0.252091728888379,0.195742787127988,0.445223077738027,0.995539877967287,1.00223216866295,0.993322614355322,0.547609964064223,0.0557434436386079,0.396646592297169,1.05209963786042,1.04926220551719,0.639013957859543,0.379379908912409,-0.0183938667719518,3.92645905190604e-16,0.965571111871347,0.0197963100292335,0.67,0.1,1.025,0.5,0.6,0.25,0.4,0.005,0.975,0.8,1.23373546457533,0.813029541014363,0.493494185830133,0.272866326627106,0.344880958936086,0.524566581963562,-1.34755174641298,2.82923612932692,6.579196023646
102,-0.0028154445290978,0.727763226707457,0.101703586484335,-0.00552588939438015,-0.0046411872330101,8.60916227649611e-05,0.0217456673935386,0.0123844833060719,0.0110939221366543,6.96057118493391,10.3718302390762,1.07979959424754,3.31542301681928,0.34367383902019,4.07063540465082,2.61872170364075,1.5267453069476,-0.07483160593752,9.5916566927271,15.1730660288121,1.36377141130686,0.208577040250362,0.187910675484417,0.0151295839766485,1.00601255160449,3.46702787368813,0.674028409575005,0.342892113991937,0.603607530962691,0.251503137901121,0.19621323609792,0.445185200059614,0.995637882220454,1.00217047824826,0.99348155212153,0.546607346353194,0.0555919275228051,0.397800726124001,1.05207785950361,1.04923873061768,0.643320131478061,0.375063142509886,-0.0183832739879463,-1.25424620597405e-16,0.965571111871347,0.0197963100292335,0.67,0.1,1.025,0.5,0.6,0.25,0.4,0.005,0.975,0.8,1.23311260646592,0.814451549233213,0.493245042586367,0.27215433338666,0.343776344643194,0.524325438725682,-1.34608762948222,2.79312987125694,6.58299880233113
103,-0.00287502820455563,0.731113613002084,0.101632714766687,-0.00535288170705228,-0.00465928270313298,-7.70562655549867e-05,0.0217769628328455,0.012404031958584,0.0111119483361484,6.96041660202063,10.3160380909171,1.07301325293518,3.29391806775489,0.341183428816075,4.05764998934002,2.62758688445468,1.50460110502153,-0.074538000136195,9.60040726603509,15.0741933238567,1.35471218188403,0.209067766133266,0.186980853373605,0.0150535002689734,1.00370288881674,3.45542825604997,0.672480935507216,0.341675046836711,0.602221733290044,0.250925722204185,0.196663986573481,0.445136142296776,0.995736475548713,1.00211059665442,0.993639303758499,0.545629247675222,0.0554537816973376,0.39891697062744,1.05205641927547,1.04921564522835,0.647563710872797,0.370806035246533,-0.0183697461193308,-2.1496869275244e-16,0.965571111871347,0.0197963100292335,0.67,0.1,1.025,0.5,0.6,0.25,0.4,0.005,0.975,0.8,1.23248696504536,0.815821630151574,0.492994786018143,0.271460300960793,0.342688472383545,0.524088423223588,-1.3441463837943,2.75755214998505,6.58680145976706
104,-0.00293282200635709,0.734374250727651,0.101577198516771,-0.00521714809371265,-0.00467345704666267,-0.000234476267894856,0.0218079106158262,0.0124233604769546,0.011129770203353,6.95979602715199,10.261471682977,1.06653085642332,3.27297108815402,0.338805070536508,4.04486572574588,2.63622186530581,1.4828858264445,-0.0742419660044367,9.60846280466643,14.977512432636,1.34607547881214,0.209540543234455,0.186071100911737,0.0149815178567476,1.00143960429289,3.44400196317015,0.670964534876238,0.340486541216731,0.600863762575736,0.250359901073223,0.197095631025826,0.44507726902503,0.995835696633266,1.00205251388361,0.993795916716729,0.544676712672084,0.0553267345705546,0.399996552757361,1.05203532311606,1.04919295420538,0.651745210868235,0.366609407318278,-0.0183546181865126,-7.99557312344852e-16,0.965571111871347,0.0197963100292335,0.67,0.1,1.025,0.5,0.6,0.25,0.4,0.005,0.975,0.8,1.23185831019764,0.817140257092253,0.492743324079056,0.270782614825073,0.341617507381409,0.523855872731889,-1.34188230302587,2.7225063821248,6.59061146185665
105,-0.00298884749696966,0.737545638821372,0.101533709627543,-0.00511069099858141,-0.00468456029664577,-0.000386300203995882,0.0218384950766641,0.0124424593228194,0.0111473790443974,6.95874616332655,10.2081439933315,1.06031594537257,3.25257813296775,0.336526296140027,4.03228805610273,2.64463692585231,1.4615985120461,-0.0739473817956798,9.61587044698976,14.883032055142,1.33780791758306,0.20999617724556,0.185181575062313,0.0149130578661455,0.999223869079464,3.43275373465506,0.669479992283241,0.339327091635578,0.599534321447679,0.249805967269866,0.197508819434668,0.445009834017579,0.995935518557158,1.00199620826555,0.993951384587693,0.543750328577939,0.0552089879717135,0.401040683450347,1.05201457579261,1.04917066102708,0.655865079354743,0.362473734929537,-0.0183388142842807,8.27884656399521e-16,0.965571111871347,0.0197963100292335,0.67,0.1,1.025,0.5,0.6,0.25,0.4,0.005,0.975,0.8,1.23122682800785,0.818408395598409,0.492490731203139,0.270120109316009,0.340563610410343,0.523628115329501,-1.33940839186487,2.68799563922765,6.59443551486902
106,-0.00304313474252399,0.74062872427301,0.101499641744443,-0.00502721606595014,-0.0046932580744915,-0.000532680647918338,0.0218687009302254,0.0124613192243297,0.0111647664196246,6.95730274365272,10.1560606372165,1.05433964555018,3.23273327094545,0.334337129222894,4.01992207883989,2.65284191390185,1.44073703944017,-0.0736568745021221,9.6226758733999,14.7907503804579,1.32986756593646,0.210435452373723,0.184312307051458,0.0148476656655089,0.99705644618022,3.42168821113176,0.668027818940748,0.338196909544476,0.598233867708132,0.249264111545055,0.197904236528387,0.444934944745088,0.99603586829095,1.00194164958376,0.994105663443308,0.542850334671262,0.055099114489984,0.402050550838754,1.05199418140091,1.04914876843382,0.659923715412962,0.358399245346548,-0.0183229607595096,-3.12037515583325e-16,0.965571111871347,0.0197963100292335,0.67,0.1,1.025,0.5,0.6,0.25,0.4,0.005,0.975,0.8,1.23059299455952,0.819627282747335,0.492237197823809,0.269471947107388,0.33952692902561,0.523405457186204,-1.33680686493631,2.65402256832474,6.59827951576616
107,-0.00309571991226521,0.743624790577404,0.101472953577251,-0.00496177435702794,-0.00470007165111141,-0.00067378360642445,0.0218985136300919,0.0124799313837208,0.0111819243298994,6.95550018858049,10.1052212587427,1.04857895772972,3.2134290287053,0.332229527407477,4.00777240407799,2.66084620190349,1.42029837443675,-0.0733721722622445,9.62892293225326,14.7006571703283,1.32222129543136,0.210859126318146,0.183463230097075,0.0147849825564094,0.994937768996678,3.41080974267998,0.666608305227774,0.337095987775878,0.596962661398007,0.248734442249169,0.198282584548865,0.444853583574206,0.996136641520554,1.00188880148817,0.994258684238136,0.541976707287211,0.0549959772585063,0.403027315454283,1.0519741433327,1.04912727842507,0.663921483971043,0.35438598583223,-0.0183074698032728,7.65239181789512e-17,0.965571111871347,0.0197963100292335,0.67,0.1,1.025,0.5,0.6,0.25,0.4,0.005,0.975,0.8,1.22995748021052,0.820798343531882,0.491982992084209,0.26883752764158,0.338507591987439,0.523188176663586,-1.33413707546939,2.62058932669976,6.60214853899975
108,-0.00314664343048601,0.74653537031565,0.101452046291591,-0.00491047780369713,-0.00470540928454988,-0.00080978301438106,0.021927919614349,0.0124982876192571,0.0111988453438216,6.95337137728589,10.0556206555766,1.04301543258133,3.19465674472822,0.330196950597615,3.9958430637598,2.66865866418757,1.40027876221641,-0.0730943626441762,9.63465339818475,14.6127354260071,1.3148427444612,0.211267927004116,0.182634201136266,0.0147247239264297,0.992868004189484,3.40012226124611,0.665221562806955,0.336024151075304,0.595720802513691,0.248217001047371,0.198644570292818,0.444766625156604,0.996237713885682,1.00183762335236,0.994410362182306,0.541129225780076,0.0548986672635731,0.40397210695635,1.05195446426568,1.04910619227158,0.667858727590073,0.350433873365691,-0.018292600955764,-2.29312036235641e-15,0.965571111871347,0.0197963100292335,0.67,0.1,1.025,0.5,0.6,0.25,0.4,0.005,0.975,0.8,1.22932107732306,0.821923126616273,0.491728430929222,0.268216418728984,0.337505705541935,0.522976520819403,-1.33144147731755,2.58769753231829,6.60604684886305
109,-0.00319594855807486,0.749362176736696,0.101435667543244,-0.0048702736627374,-0.00470959074168187,-0.000940856624626951,0.0219569064652007,0.012516380456754,0.0112155226795198,6.95094750598436,10.0072496919983,1.03763414432887,3.1764068522322,0.328234026727814,3.9841374623765,2.67628766944314,1.38067387408266,-0.0728240811493045,9.63990683059187,14.5269627284332,1.30771075229956,0.211662550642755,0.181825017887184,0.0146666623921736,0.990847102225931,3.38962920104094,0.663867558491374,0.334981095747335,0.594508261335559,0.247711775556483,0.198990895478389,0.444674850724174,0.996338949436146,1.00178807169913,0.994560603767475,0.540307523639382,0.0548064543389979,0.404886022021621,1.0519351461706,1.04908551053925,0.671735775870267,0.346542730290585,-0.0182785061608515,1.02250643734789e-15,0.965571111871347,0.0197963100292335,0.67,0.1,1.025,0.5,0.6,0.25,0.4,0.005,0.975,0.8,1.22868464614322,0.823003255125805,0.491473858457289,0.267608305792872,0.336521351141761,0.522770703680781,-1.32875009025143,2.55534822980583,6.60997792929545
110,-0.00324368030794503,0.752107050301259,0.101422836350724,-0.00483876619835077,-0.00471286649135116,-0.00106718296644481,0.0219854630033881,0.0125342031829564,0.0112319502520856,6.94825801177671,9.9600960432865,1.03242289618605,3.15866910571548,0.32633629303062,3.97265835750586,2.68374108423804,1.3614789213898,-0.0725616481219709,9.64472050710757,14.4433123210243,1.30080815589037,0.212043660784602,0.181035432279448,0.0146106147956696,0.988874838173625,3.37933345460169,0.662546141576329,0.3339664207705,0.593324902904175,0.247218709543406,0.199322249691781,0.444578959929432,0.996440206935611,1.00174010129052,0.99470931197815,0.539511128038131,0.0547187488484059,0.405770123113463,1.05191619033074,1.049065233121,0.675552952894581,0.342712309706419,-0.0182652626009994,-1.22101056180383e-15,0.965571111871347,0.0197963100292335,0.67,0.1,1.025,0.5,0.6,0.25,0.4,0.005,0.975,0.8,1.22804907469768,0.824040389205856,0.491219629879072,0.267012954483796,0.335554584272918,0.522570905806463,-1.32608383139383,2.5235418708427,6.61394452515568
111,-0.00328988461975876,0.754771917006694,0.101412784271995,-0.00481407598603267,-0.0047154327298552,-0.00118893912141205,0.0220135793336819,0.0125517498702998,0.0112481226952403,6.94533054542232,9.91414480519969,1.02737160557194,3.14143276277474,0.324499995797651,3.96140786190501,2.69102628439592,1.34268874513503,-0.0723071676259446,9.64912941259878,14.3617539889102,1.2941208659196,0.212411888110828,0.180265161053542,0.0145564321759501,0.986950844749784,3.36923735505514,0.661257065982356,0.332979652222019,0.592170506849871,0.246737711187446,0.19963930533029,0.444479580729539,0.996541344503522,1.00169366595714,0.994856390103359,0.538739490370285,0.054635071715726,0.406625437913989,1.05189759737007,1.04904535927391,0.679310583060018,0.33894231342227,-0.0182528964822887,-2.99882145387152e-16,0.965571111871347,0.0197963100292335,0.67,0.1,1.025,0.5,0.6,0.25,0.4,0.005,0.975,0.8,1.22741524948888,0.825036197780936,0.490966099795552,0.266430183375421,0.334605434121124,0.522377274772853,-1.32345699118268,2.49227830729872,6.61794869057144
112,-0.00333460773584378,0.757358755985607,0.101404909341332,-0.00479472907342049,-0.00471744314560107,-0.00130629912302827,0.0220412468540553,0.0125690153804408,0.0112640353638832,6.94219098018181,9.86937899516506,1.0224718287389,3.12468673032163,0.322721935443615,3.95038746085861,2.69815017181949,1.32429788741824,-0.0720605983791215,9.6531662686812,14.2822547764899,1.28763715784077,0.212767830764745,0.179513894149226,0.0145039920373828,0.985074639205536,3.35934267733529,0.660000008267709,0.332020262452799,0.591044783523321,0.246268659801384,0.199942714084849,0.444377277703441,0.996642222977562,1.00164871922548,0.995001744472068,0.53799200977178,0.0545550309772682,0.407452959250952,1.05187936728713,1.04902588765971,0.683008995589471,0.335232404550219,-0.0182414001396901,-1.31624840741514e-15,0.965571111871347,0.0197963100292335,0.67,0.1,1.025,0.5,0.6,0.25,0.4,0.005,0.975,0.8,1.2267840344835,0.825992337492055,0.490713613793399,0.265859844226398,0.333673903865928,0.522189926306807,-1.32087906629817,2.46155679520225,6.62199184116783
113,-0.00337789573304697,0.759869574401879,0.10139873999487,-0.00477956976818006,-0.0047190181317337,-0.00141943283099044,0.0220684582382758,0.012585995352259,0.0112796843226663,6.93886344680102,9.82577996618795,1.01771639347642,3.10841968238088,0.320999346652297,3.93959803999953,2.70511919494191,1.30630064929693,-0.0718218042393109,9.65686159221019,14.2047795759934,1.28134712828011,0.213112055072001,0.178781301363629,0.0144531923906994,0.983245645288301,3.34965065282655,0.658774582343162,0.331087685139896,0.589947387172981,0.245811411322075,0.200233104604749,0.444272559107136,0.996742708294214,1.00160521478829,0.995145286364047,0.537268051180524,0.0544783034292042,0.408253645390272,1.05186149949265,1.04900681638678,0.686648527967834,0.33158221626319,-0.0182307442310233,3.15454379477543e-16,0.965571111871347,0.0197963100292335,0.67,0.1,1.025,0.5,0.6,0.25,0.4,0.005,0.975,0.8,1.22615625644528,0.826910437222069,0.490462502578111,0.265301807892782,0.332759971434738,0.522008945855893,-1.31835611093589,2.43137600761227,6.62607480787083
114,-0.0034197941752846,0.762306388086188,0.101393906816672,-0.00476769208142924,-0.0047202520010261,-0.00152850516532843,0.0220952073994225,0.0126026861787324,0.0112950663245608,6.93537038699449,9.78332775011587,1.01309911556621,3.09262015513662,0.319329805684188,3.92903991999136,2.7119393714434,1.28869113833854,-0.071590589790575,9.66024377390592,14.129291612604,1.27524227862176,0.213445096533307,0.178067037652035,0.0144039471619364,0.981463211262151,3.34016199323407,0.657580351545642,0.330181327099335,0.588877926757291,0.245365802815538,0.200511081065281,0.444165882906546,0.996842673118954,1.00156310685384,0.995286933291989,0.536566959148398,0.0544046202567979,0.409028420594804,1.05184399284912,1.0489881430528,0.690229528504361,0.327991357831528,-0.0182208863358894,1.59411563356604e-16,0.965571111871347,0.0197963100292335,0.67,0.1,1.025,0.5,0.6,0.25,0.4,0.005,0.975,0.8,1.22553269509794,0.82779208695872,0.490213078039176,0.264755954438202,0.331863590584577,0.521834390438976,-1.31589172854542,2.40173405456023,6.63019789064958
115,-0.00346034785935331,0.764671206682924,0.101390120408618,-0.00475838587592203,-0.00472121863666553,-0.00163367561211603,0.022121489440092,0.0126190849760635,0.0113101787824581,6.93173261957282,9.74200134346226,1.00861458010831,3.07727662370557,0.317711158708275,3.91871289536715,2.71861631221715,1.27146330827871,-0.071366725128712,9.6633391703707,14.0557528461952,1.26931519634453,0.213767461001097,0.177370747361172,0.0143561826566571,0.979726624759853,3.33087692051124,0.656416838589102,0.329300577550964,0.587835974855912,0.244931656189963,0.200777222420367,0.444057661976576,0.996941997905907,1.00152235040135,0.995426609806954,0.53588806835122,0.054333755775672,0.409778175873108,1.05182684571123,1.04896986478692,0.693752358188038,0.324459418748641,-0.0182117769366784,-3.03226328647687e-16,0.965571111871347,0.0197963100292335,0.67,0.1,1.025,0.5,0.6,0.25,0.4,0.005,0.975,0.8,1.22491407694281,0.828638830013178,0.489965630777125,0.264222166344059,0.330984692208007,0.521666290659883,-1.31348779612004,2.37262850839478,6.63436091105788
116,-0.00349960063265085,0.766966022340464,0.101387154056003,-0.00475109458938217,-0.00472197591827639,-0.00173509793293214,0.0221473005937019,0.0126351895476397,0.0113250197361381,6.92796941474915,9.70177894630208,1.00425797306629,3.06237756418533,0.316141466402208,3.90861627551549,2.72515524583425,1.25461099254461,-0.0711499628633622,9.6661722043859,13.9841243054651,1.26355931144316,0.214079625972859,0.176692067620424,0.0143098348380266,0.978035125078684,3.32179520046828,0.655283533802718,0.328444815377703,0.58682107504721,0.244508781269671,0.20103208217035,0.443948268615325,0.997040571526537,1.00148290136419,0.995564247945125,0.535230711534273,0.0542655186058295,0.410503769859898,1.05181005596617,1.04895197829106,0.697217391973176,0.320985971531585,-0.0182033635047612,2.86895902792461e-16,0.965571111871347,0.0197963100292335,0.67,0.1,1.025,0.5,0.6,0.25,0.4,0.005,0.975,0.8,1.22430107182061,0.829452157823155,0.489720428728244,0.26370032399339,0.330123185782678,0.52150465279752,-1.3111449902502,2.34405643306264,6.63856326280347
117,-0.00353759526619694,0.769192801181935,0.10138483014911,-0.00474538205995412,-0.00472256918879943,-0.00183292002603674,0.0221726381602441,0.0126509983447956,0.0113395878163739,6.92409857324286,9.66263816263739,1.00002495166295,3.04791150379519,0.314618961136012,3.89874892634067,2.73156104295968,1.23812793293136,-0.0709400495503664,9.66876546964007,13.9143663669407,1.25796871048092,0.21438204195037,0.176030631066653,0.0142648472323241,0.976387913405269,3.31291617829751,0.65417990198153,0.327613414804604,0.585832748043161,0.244096978351317,0.201276188512839,0.443838038491588,0.997138291575515,1.00144471675747,0.995699787407236,0.534594225468435,0.0541997447478122,0.411206029783752,1.0517936210732,1.04893447987975,0.70062501960781,0.317570573617354,-0.0181955932251635,2.14627411132107e-16,0.965571111871347,0.0197963100292335,0.67,0.1,1.025,0.5,0.6,0.25,0.4,0.005,0.975,0.8,1.22369429151299,0.830233506736211,0.489477716605194,0.263190302808574,0.329278960902369,0.521349460909196,-1.30886316679987,2.31601441606754,6.64280395984508
118,-0.00357437337004118,0.771353476955352,0.101383009546609,-0.0047409065032864,-0.00472303397017804,-0.00192728389940711,0.0221975004390181,0.0126665104258605,0.0113538822075136,6.92013650764067,9.62455616896543,0.995911544807782,3.03386706135314,0.313142013884618,3.88910931153354,2.73783824032554,1.22200780437971,-0.0707367331717086,9.67113983701899,13.8464389887498,1.25253799483867,0.214675133826889,0.175386068039704,0.0142211693179767,0.974784161355027,3.30423881472053,0.653105388107868,0.3268057498317,0.584870496813016,0.243696040338757,0.201510044774111,0.443727274119729,0.997235064437377,1.00140775476311,0.995833175541248,0.533977955365133,0.0541362921464619,0.411885752488405,1.05177753810206,1.0489173655183,0.703975646096951,0.314212768654526,-0.0181884147514763,5.6459924645206e-16,0.965571111871347,0.0197963100292335,0.67,0.1,1.025,0.5,0.6,0.25,0.4,0.005,0.975,0.8,1.22309428984063,0.830984256300073,0.489237715936251,0.262691971579847,0.328451888842069,0.521200678901688,-1.30664163294256,2.28849860205204,6.64708168171613
119,-0.00360997534102489,0.773449946389621,0.101381583243242,-0.00473740010516754,-0.00472339809067823,-0.00201832572517624,0.0222218866602409,0.0126817254146037,0.0113679026095395,6.91609832412785,9.58750985646865,0.991914076717436,3.02023297988044,0.311709108658015,3.87969553270261,2.74399106398427,1.20624423655754,-0.0705397678392101,9.67331456034458,13.7803019070502,1.24726217282327,0.214959302274185,0.174758008355844,0.0141787552870337,0.973223018133479,3.29576172182252,0.652059422149431,0.326021197683047,0.583933810880087,0.24330575453337,0.20173413004173,0.443616247937197,0.997330805178476,1.00137197478227,0.995964367182662,0.533381258099401,0.0540750364183893,0.41254370548221,1.05176180376976,1.04890063085903,0.707269691875839,0.310912087401645,-0.0181817792774839,-5.95098378517302e-16,0.965571111871347,0.0197963100292335,0.67,0.1,1.025,0.5,0.6,0.25,0.4,0.005,0.975,0.8,1.22250156383994,0.831705728690085,0.489000625535975,0.262205191640185,0.327641824121379,0.521058252538178,-1.30447934040081,2.261504727136,6.65139481591872
120,-0.00364444033510854,0.775484065883513,0.101380465842479,-0.00473465302137954,-0.00472368335135176,-0.00210617595225748,0.0222457969169344,0.0126966434588984,0.0113816492003461,6.91199790320763,9.55147595120786,0.988029108428188,3.00699815276951,0.310318822736642,3.87050536785238,2.75002345165349,1.1908308327716,-0.0703489165727134,9.67530738003281,13.7159148014389,1.24213657768548,0.215234925108893,0.174146082743193,0.0141375630933635,0.971703616564941,3.28748319791341,0.65104142309851,0.325259141478257,0.583022169938964,0.242925904141235,0.201948899937208,0.443505205045242,0.997425437313845,1.00133733746322,0.996093324394274,0.532803504513129,0.0540158674900464,0.413180627996825,1.05174641447572,1.04888427127552,0.7105075927543,0.307668048379593,-0.0181756411338934,-1.12207307402558e-15,0.965571111871347,0.0197963100292335,0.67,0.1,1.025,0.5,0.6,0.25,0.4,0.005,0.975,0.8,1.22191655569801,0.832399188985278,0.488766622279203,0.261729816631542,0.326848606039719,0.52092211135936,-1.30237502129678,2.23502815331473,6.65574149733522
121,-0.0036778062582252,0.777457649234078,0.101379590443086,-0.00473250083510002,-0.00472390683150414,-0.00219095945952219,0.0222692320981105,0.0127112651902038,0.0113951225987769,6.9078479784159,9.51643111587559,0.984253393092685,2.9941516446687,0.308969811386319,3.86153630787537,2.75593907403027,1.17576118660933,-0.0701639527642337,9.67713462358794,13.6532374344364,1.23715680543621,0.215502358623532,0.173549924005237,0.0140975537214428,0.970225078185489,3.27940126096408,0.650050802384278,0.324518972288905,0.582135046911293,0.242556269546372,0.202154787481763,0.443394365661837,0.997518892487012,1.00130380471048,0.996220016137294,0.532244081010353,0.0539586869485862,0.413797232041061,1.05173136633497,1.04886828189486,0.713689799681856,0.30448015837895,-0.0181699580608058,2.33048956173345e-17,0.965571111871347,0.0197963100292335,0.67,0.1,1.025,0.5,0.6,0.25,0.4,0.005,0.975,0.8,1.2213396552016,0.833065846068493,0.488535862080641,0.261265692674758,0.326072060164181,0.520792170504773,-1.30032728244645,2.20906390236863,6.66011964467853
122,-0.00371010977098246,0.779372466173513,0.101378904633276,-0.00473081472599735,-0.00472408191138285,-0.00227279573618733,0.0222921938239813,0.0127255916842917,0.0114083238288024,6.90366021233863,9.48235203601402,0.980583841880277,2.98168270801542,0.307660796026763,3.85278559085834,2.76174135500276,1.16102889661988,-0.0699846607643048,9.67881130219411,13.5922297691763,1.23231866776748,0.215761938871989,0.17296916796452,0.0140586906247405,0.96878651755863,3.27151368032316,0.649086966764282,0.323800090707722,0.581271910535178,0.242196629389657,0.202352204019265,0.443283927326702,0.997611110091754,1.00127133968016,0.996344417898172,0.531702390609466,0.053903405950882,0.414394203439652,1.05171665520946,1.04885265762772,0.716816778373773,0.301347912890249,-0.0181646912640221,8.62049525225033e-16,0.965571111871347,0.0197963100292335,0.67,0.1,1.025,0.5,0.6,0.25,0.4,0.005,0.975,0.8,1.22077120251474,0.833706853976312,0.488308481005897,0.260812658805849,0.32531199975658,0.520668332426156,-1.29833466976236,2.18360668886414,6.66452699405326
123,-0.00374138630359636,0.781230241532796,0.101378367352526,-0.00472949376555387,-0.00472421907334475,-0.00235179907937877,0.0223146843836959,0.0127396244235099,0.0114212542851053,6.89944526946786,9.44921549307905,0.977017498019283,2.96958079597174,0.30639055506003,3.84425023410321,2.76743349072425,1.14662757927789,-0.0698108358989342,9.68035120292558,13.5328520686667,1.22761815647476,0.216013982902674,0.172403454227745,0.0140209392943783,0.967387045941708,3.26381800653818,0.648149320780944,0.323101908031484,0.580432227565025,0.241846761485427,0.202541540169206,0.443174066891174,0.99770203685782,1.00123990676489,0.99646651128949,0.531177853580566,0.0538499435698167,0.414972202849617,1.05170227673741,1.04883739319653,0.719889008830562,0.298270796501493,-0.0181598053320547,-1.46112823936201e-16,0.965571111871347,0.0197963100292335,0.67,0.1,1.025,0.5,0.6,0.25,0.4,0.005,0.975,0.8,1.22021149114538,0.834323313564043,0.488084596458152,0.260370547579128,0.324568227130719,0.520550488488877,-1.29639571132371,2.1586509519339,6.66896112973414
124,-0.00377167007826642,0.783032654889297,0.101377946433094,-0.00472845887924755,-0.00472432652949484,-0.00242807880136753,0.022336706675931,0.0127533652607754,0.0114339157002447,6.89521288560691,9.41699842631513,0.973551517077695,2.95783557237623,0.305157916745286,3.8359270638362,2.77301846754197,1.13255088042706,-0.0696422841328244,9.68176697629484,13.4750649793907,1.22305141661793,0.216258789935156,0.17185242680502,0.0139842669277706,0.966025774406966,3.25631159919202,0.647237268852667,0.322423847137279,0.579615464644179,0.241506443601741,0.202723166789201,0.443064942319938,0.997791626417177,1.00120947157134,0.996586283638726,0.530669907767578,0.0537982254833163,0.415531866749105,1.05168822636075,1.04882248316161,0.722906984777109,0.2952482832908,-0.0181552680679085,-2.68974764052525e-16,0.965571111871347,0.0197963100292335,0.67,0.1,1.025,0.5,0.6,0.25,0.4,0.005,0.975,0.8,1.21966077099692,0.834916274381985,0.487864308398766,0.259939185765659,0.323840534934359,0.520438520460649,-1.29450894536329,2.13419088561376,6.67341951229048
125,-0.00380099413684348,0.784781340586159,0.10137761667402,-0.00472764811527882,-0.00472441071338126,-0.00250173944092091,0.0223582641525359,0.0127668163854141,0.0114463101135029,6.89097193366645,9.38567798506961,0.970183152011717,2.94643691921344,0.303961753645774,3.82781274263138,2.77849907879293,1.11879248536604,-0.069478821527586,9.68307021900557,13.4188296015293,1.21861472630381,0.216496642478039,0.17131573460936,0.0139486421739094,0.964701816501986,3.24899165273019,0.646350217056331,0.321765343115181,0.578821089901192,0.241175454125497,0.202897435931849,0.44295669432717,0.99787983886315,1.00118000089247,0.996703727575081,0.5301780086725,0.053748182932196,0.416073808395304,1.05167449935062,1.04880792194539,0.725871213042543,0.292279837230589,-0.0181510502731322,-9.07399089087248e-16,0.965571111871347,0.0197963100292335,0.67,0.1,1.025,0.5,0.6,0.25,0.4,0.005,0.975,0.8,1.21911925142786,0.83548673668355,0.487647700571143,0.259518395096366,0.323128707353053,0.520332301888971,-1.29267293771092,2.11022046758853,6.67789950419837
126,-0.00382939037214199,0.78647788803538,0.10137735833227,-0.00472701293729827,-0.00472447666519604,-0.00257288097470165,0.0223793607653285,0.0127799802909014,0.0114584398414669,6.88673048579275,9.35523157290614,0.966909741847434,2.93537494201251,0.302800978281972,3.81990379461197,2.78387794049336,1.1053461277143,-0.069320273595694,9.68427155188859,13.3641075477086,1.21430448147104,0.216727807387282,0.170793031857369,0.0139140349373315,0.963414290518977,3.24185522030058,0.645487574647715,0.321125843707249,0.578048574311386,0.240853572629744,0.203064681784805,0.442849447865949,0.997966640311564,1.001151462676,0.996818840621857,0.529701629361712,0.0536997518889894,0.416598618749299,1.05166109083111,1.04879370385484,0.728782212897756,0.289364912611926,-0.0181471255096822,1.01827989084222e-15,0.965571111871347,0.0197963100292335,0.67,0.1,1.025,0.5,0.6,0.25,0.4,0.005,0.975,0.8,1.21858710426382,0.836035653504748,0.487434841705527,0.259107993014478,0.322432521234971,0.520231699370335,-1.29088629197014,2.08673348625761,6.68239839308888
127,-0.00385688956163629,0.788123842235536,0.101377155940665,-0.00472651531962376,-0.00472452833354609,-0.00264159902577665,0.0224000009160695,0.0127928597445202,0.0114703074503552,6.88249587184082,9.32563688465573,0.963728703120952,2.92463997351419,0.301674539708563,3.81219662851833,2.78915750595818,1.09220559717699,-0.0691664746168365,9.68538069307816,13.3108609918636,1.21011718443963,0.216952536865262,0.170283978387936,0.0138804162269508,0.962162321430148,3.23489923566024,0.644648755358199,0.320504809592463,0.577297392858089,0.240540580357537,0.203225221586104,0.442743313486967,0.998052002470481,1.00112382599056,0.996931624799724,0.529240260240788,0.0536528723925085,0.417106867366704,1.05164799580122,1.04877982310218,0.731640515364135,0.286502954492442,-0.0181434698565773,-6.25093731514504e-16,0.965571111871347,0.0197963100292335,0.67,0.1,1.025,0.5,0.6,0.25,0.4,0.005,0.975,0.8,1.21806446672236,0.836563932769462,0.487225786688945,0.258707793413292,0.32175174713742,0.520136573715353,-1.28914765477671,2.06372356607955,6.68691341278268
128,-0.00388352140258222,0.789720704450015,0.101376997381837,-0.00472612547130424,-0.004724568811867,-0.00270798506716585,0.0224201894095844,0.0128054577589163,0.0114819157300736,6.87827473425948,9.29687193736756,0.960637523404229,2.91422257588753,0.300581420797693,3.80468755874769,2.79434007939367,1.07936474631331,-0.0690172669592867,9.68640652654564,13.2590527095616,1.20604943528177,0.217171069401662,0.169788239912604,0.0138477580391374,0.960945042536601,3.22812053322573,0.643833178499523,0.319901714549047,0.576567025521961,0.24023626063415,0.203379356509174,0.442638388580163,0.998135902223216,1.0010970609904,0.997042086244605,0.528793408733631,0.0536074880127217,0.417599103253647,1.05163520915514,1.04876627382387,0.734446662504326,0.283693399167921,-0.0181400616722462,9.44103234393838e-16,0.965571111871347,0.0197963100292335,0.67,0.1,1.025,0.5,0.6,0.25,0.4,0.005,0.975,0.8,1.21755144422354,0.837072439386501,0.487020577689417,0.258317607343421,0.321086150296799,0.520046781014647,-1.28745571780771,2.04118419119143,6.69144176225972
129,-0.0039093145478394,0.791269933003427,0.101376873162732,-0.0047258200529392,-0.00472460052363277,-0.00277212661901149,0.0224399314099656,0.0128177775655111,0.0114932676699624,6.87407307949206,9.26891509597395,0.957633756399718,2.90411354173004,0.299520636061094,3.79737282448073,2.79942782851067,1.06681749640228,-0.0688725004322273,9.68735716614666,13.2086461109229,1.20209792529547,0.217383630657818,0.169305488208695,0.0138160332668874,0.959761596870312,3.22151586635854,0.643040269903109,0.319316045519334,0.575856958122187,0.239940399217578,0.203527372513895,0.442534758511036,0.998218321227812,1.00107113887942,0.997150234842648,0.528360598893594,0.0535635454182208,0.418075855688185,1.05162272570098,1.04875305009814,0.73720120670367,0.280935674665534,-0.018136881369204,-1.96510530849672e-16,0.965571111871347,0.0197963100292335,0.67,0.1,1.025,0.5,0.6,0.25,0.4,0.005,0.975,0.8,1.21704811306834,0.837561997313425,0.486819245227337,0.257937243679684,0.320435491524588,0.519962173610786,-1.28580921771468,2.01910872732796,6.69598062270925
130,-0.00393429664185022,0.792772944163109,0.101376775846253,-0.00472558077959118,-0.00472462536745366,-0.00283410743844326,0.0224592323997569,0.0128298225897114,0.0115043664361804,6.86989632602298,9.24174509436496,0.954715018207959,2.89430389404698,0.298491229882452,3.79024860701471,2.80442279620816,1.05455784249006,-0.0687320316835101,9.68824001536626,13.1596052671119,1.19825943203573,0.217590434296535,0.168835401264302,0.0137852156288298,0.958611138382336,3.21508192398531,0.642269462716165,0.318747302597086,0.575166683029402,0.239652784595584,0.203669541161421,0.442432497661799,0.998299245535066,1.00104603187494,0.997256083883846,0.527941370967791,0.0535209940245651,0.418537635007644,1.05161054017794,1.04874014596099,0.73990470994914,0.278229201255608,-0.0181339112047481,-4.16370072410295e-16,0.965571111871347,0.0197963100292335,0.67,0.1,1.025,0.5,0.6,0.25,0.4,0.005,0.975,0.8,1.21655452297439,0.838033391569139,0.486621809189755,0.257566509742002,0.319799528032447,0.519882600981775,-1.28420693479578,1.99749044208623,6.70052717279998
131,-0.00395849435637212,0.794231113079929,0.101376699605987,-0.0047253933262148,-0.00472464483074952,-0.00289400770158255,0.0224780981420059,0.0128415964278491,0.0115152153506644,6.86574934921715,9.21534105246814,0.951878984465512,2.88478488537425,0.297492275061379,3.78331104542426,2.80932691137774,1.04257985769617,-0.0685957236496484,9.68906182296296,13.1118949312341,1.19453081549052,0.217791682759678,0.168377663382633,0.013755279613278,0.957492832945265,3.20881534565711,0.641520198073328,0.31819499895336,0.574495699767159,0.239373208236316,0.203806120391614,0.442331670386282,0.998378665226315,1.00102171317185,0.997359649735113,0.527535280930861,0.0534797857064881,0.418984933362651,1.05159864727213,1.04872755542087,0.742557743111195,0.275573391978166,-0.0181311350893612,-5.55403733142642e-16,0.965571111871347,0.0197963100292335,0.67,0.1,1.025,0.5,0.6,0.25,0.4,0.005,0.975,0.8,1.21607069946362,0.838487370182648,0.486428279785447,0.257205211867729,0.319178014189919,0.519807910541664,-1.28264769096347,1.97632252359783,6.70507860230416
132,-0.00398193342566762,0.79564577476832,0.101376639877375,-0.00472524647010442,-0.00472466007880257,-0.0029519041774031,0.0224965346450553,0.0128531028257732,0.0115258178715936,6.86163652310922,9.18968248984607,0.949123388122771,2.87554799618325,0.296522871593479,3.77655625066924,2.81414199888008,1.03087769684898,-0.0684634450598173,9.68982873472252,13.0654805543569,1.19090901509009,0.217987567995945,0.16793196525192,0.0137262004336627,0.956405859193657,3.20271273515305,0.64079192565975,0.317658660713713,0.573843515516194,0.239101464798414,0.203937355262734,0.442232331886396,0.998456574071568,1.0009981569072,0.997460951533129,0.52714190000057,0.0534398745606331,0.419418225438797,1.05158704163106,1.04871527247208,0.745160885232812,0.272967653180377,-0.0181285384131889,7.6825398701984e-16,0.965571111871347,0.0197963100292335,0.67,0.1,1.025,0.5,0.6,0.25,0.4,0.005,0.975,0.8,1.21559664610052,0.838924646069527,0.486238658440209,0.25685315593488,0.318570702218395,0.519737948363797,-1.28113034738018,1.95559809768084,6.70963212420231
133,-0.00400463868093996,0.79701822511,0.101376593084421,-0.00472513141904285,-0.00472467202452498,-0.0030078703933677,0.0225145481299375,0.0128643456590123,0.0115361775752843,6.85756175930505,9.16474933625591,0.946446017686911,2.86658493268531,0.295582145628874,3.76998031826595,2.81886978874302,1.01944559951541,-0.0683350699924779,9.69054634153578,13.0203282972806,1.18739104731585,0.218178272141343,0.167498003986087,0.0136979539925457,0.955349409222746,3.1967706727323,0.64008410417924,0.317137826797084,0.573209645533648,0.238837352305687,0.204063478653625,0.442134529017079,0.998532969208096,1.00097533812566,0.997560010896839,0.526760814144609,0.0534012167083565,0.419837969147035,1.05157571787686,1.04870329110691,0.747714722829028,0.270411385061083,-0.0181261078901113,-6.9951017880502e-16,0.965571111871347,0.0197963100292335,0.67,0.1,1.025,0.5,0.6,0.25,0.4,0.005,0.975,0.8,1.21513234658249,0.839345898830853,0.486052938632995,0.256510147837178,0.317977342825097,0.519672559832085,-1.27965380200381,1.93531024355115,6.71418498538849
134,-0.00402663408386592,0.798349721869322,0.101376556425599,-0.00472504128494333,-0.00472468138311577,-0.00306197679290554,0.0225321450002353,0.0128753289144269,0.0115462981394424,6.8535285431581,9.14052193955538,0.943844715797877,2.85788762413548,0.294669248565345,3.76357933963335,2.82351192463029,1.00827789248444,-0.0682104774813777,9.6912197240142,12.9764050386026,1.18397400373393,0.218363968154901,0.167075483140525,0.0136705168520842,0.954322689162861,3.19098572613563,0.639396201739117,0.316632048724635,0.572593613497717,0.238580672290715,0.20418471192909,0.442038301025905,0.998607850839242,1.00095323274571,0.997656851659254,0.526391623585656,0.0533637701303939,0.42024460628395,1.05156467061834,1.04869160532676,0.750219849199574,0.267903982218851,-0.0181238314184252,8.03892875240112e-16,0.965571111871347,0.0197963100292335,0.67,0.1,1.025,0.5,0.6,0.25,0.4,0.005,0.975,0.8,1.21467776668576,0.839751776471751,0.485871106674304,0.256175993912731,0.317397685780875,0.51961159022552,-1.27821698719386,1.91545200817651,6.71873447608868
135,-0.00404794275912661,0.799641485711031,0.101376527706119,-0.00472497067147726,-0.0047246887148803,-0.00311429088489978,0.0225493318142671,0.0128860566732649,0.0115561833276938,6.84953996738326,9.11698107129247,0.94131737803853,2.84944821972075,0.293783356242801,3.75734941222066,2.82806997162789,0.997368991759462,-0.0680895511666903,9.69185349385381,12.9336783795503,1.18065504932397,0.218544820412121,0.166664112706644,0.0136438662093254,0.953324919644568,3.18535446043392,0.638727696161861,0.316140890405337,0.571994951786741,0.238331229911142,0.204301265569462,0.44194368023287,0.99868122195296,1.00093181752708,0.997751499617949,0.526033942309922,0.053327494526941,0.420638563163137,1.05155389446204,1.04868020915219,0.752676863756599,0.265444834200273,-0.0181216979568722,-8.13074777134512e-16,0.965571111871347,0.0197963100292335,0.67,0.1,1.025,0.5,0.6,0.25,0.4,0.005,0.975,0.8,1.21423285607213,0.840142897038554,0.485693142428854,0.255850501328775,0.316831480445516,0.519554885240901,-1.27681886746604,1.89601641935844,6.72327793809783
136,-0.00406858702587375,0.800894701213342,0.101376505206528,-0.00472491535100694,-0.0047246944587761,-0.00316487738542537,0.0225661152594615,0.0128965330955416,0.0115658369753222,6.84559876326494,9.09410793027119,0.938861951904973,2.84125908510583,0.292923668213963,3.75128664851666,2.83254542339334,0.98671340410997,-0.067972178986651,9.69245183215135,12.8921166459983,1.17743142100739,0.218720985258657,0.166263609088341,0.0136179798751025,0.952355336167644,3.17987344681607,0.638078075232321,0.315663927903631,0.571413201700586,0.238088834041911,0.20441333976559,0.441850692655324,0.99875308805942,1.000911070039,0.99784398230355,0.525687397583034,0.0532923511980828,0.421020251218883,1.05154338402216,1.04866909663193,0.755086371368991,0.263033326045637,-0.0181196974146275,5.38620702674013e-16,0.965571111871347,0.0197963100292335,0.67,0.1,1.025,0.5,0.6,0.25,0.4,0.005,0.975,0.8,1.21379754996226,0.840519850174898,0.485519019984903,0.255533478425182,0.316278476244201,0.519502291458532,-1.27545843744076,1.87699649762693,6.72781277193417
137,-0.00408858842809756,0.80211051787098,0.10137648757976,-0.00472487201148231,-0.00472469895869432,-0.00321379835202484,0.0225825021287854,0.0129067624056607,0.0115752629761375,6.8417073296135,9.07188414435311,0.936476435882825,2.83331279869891,0.292089407072401,3.74538718403505,2.83693970871099,0.976305728229081,-0.067858252905021,9.69301852487045,12.8516888880386,1.17430042630581,0.218892611526572,0.165873695063032,0.0135928362556063,0.951413189385233,3.17453927040391,0.637446836888106,0.315200749193715,0.57084791363114,0.237853297346308,0.204521124980615,0.441759358582547,0.998823456946895,1.00089096862976,0.997934328765403,0.525351629476032,0.0532583029405839,0.421390067583384,1.05153313392969,1.04865826185117,0.757448981724416,0.26066883882943,-0.0181178205538465,-2.09653241673014e-16,0.965571111871347,0.0197963100292335,0.67,0.1,1.025,0.5,0.6,0.25,0.4,0.005,0.975,0.8,1.21337177068219,0.840883198598133,0.485348708272875,0.255224735019641,0.31573842309858,0.519453656755349,-1.27413472000272,1.85838526703118,6.73233644300271
138,-0.00410796776388322,0.803290051084153,0.101376473770489,-0.00472483805815183,-0.00472470248404799,-0.00326111331084233,0.0225984992990958,0.0129167488792006,0.0115844652704069,6.83786775961552,9.0502917707201,0.934158878589528,2.82560214769131,0.291279817823814,3.73964718436419,2.84125419749461,0.966140655539499,-0.0677476686699105,9.69355699564566,12.8123648774246,1.17125944207936,0.219059841015518,0.165494099729546,0.0135684143359337,0.950497745313213,3.16934853717627,0.636833489359853,0.314750953903912,0.570298647187928,0.237624436328303,0.20462480247999,0.441669693104041,0.99889233845508,1.0008714923973,0.99802256937354,0.525026290403417,0.0532253139578992,0.421748395638684,1.05152313884053,1.04864769893886,0.759765308709917,0.258350750193492,-0.0181160589034098,2.21477078835799e-16,0.965571111871347,0.0197963100292335,0.67,0.1,1.025,0.5,0.6,0.25,0.4,0.005,0.975,0.8,1.21295542909009,0.841233479498089,0.485182171636035,0.254924082677393,0.315211071815822,0.519408830669716,-1.272846764671,1.8401757649072,6.73684648685359
139,-0.00412674511355863,0.804434383130478,0.101376462951945,-0.00472481145821635,-0.00472470524590218,-0.00330687937694596,0.0226141137112908,0.0129264968307897,0.0115934478337785,6.83408186571887,9.02931329479928,0.931907377954307,2.81812012391752,0.29049416729012,3.73406285136312,2.84549020627602,0.95621297068693,-0.0676403255998298,9.69407033610465,12.7741151031766,1.16830591330969,0.219222808941015,0.16512455844486,0.0135446936650947,0.949608285473522,3.16429788007901,0.636237551267259,0.314314153054172,0.569764971284113,0.23740207136838,0.204724544831249,0.441581706595232,0.998959744264946,1.00085262116087,0.99810873563609,0.524711044674552,0.053193349780926,0.422095605544522,1.05151339344292,1.04863740207431,0.762035969811621,0.256078434870973,-0.0181144046825937,-3.57547371780291e-16,0.965571111871347,0.0197963100292335,0.67,0.1,1.025,0.5,0.6,0.25,0.4,0.005,0.975,0.8,1.21254842589006,0.841571205860779,0.485019370356026,0.254631334948406,0.314696174438786,0.519367664721853,-1.27159364616823,1.82236105069985,6.74134051361471
140,-0.00414493986674788,0.805544564117695,0.101376454476414,-0.0047247906191259,-0.00472470740961106,-0.00335115136818276,0.02262935235214,0.0129360106029996,0.0116022146671335,6.83035120268507,9.00893162802689,0.9297200804157,2.81085991957553,0.289731743538682,3.72863042858012,2.84964900321675,0.94651755175661,-0.0675361263932363,9.69456133387873,12.7369107655983,1.16543735190323,0.219381644351959,0.16476481275137,0.0135216543420867,0.948744106979232,3.15938396439258,0.635658551676086,0.313889968789008,0.569246464187539,0.237186026744808,0.204820516375039,0.44149540516399,0.999025687704206,1.00083433543392,0.998192860031198,0.524405568059267,0.0531623771975384,0.422432054743195,1.0515038924641,1.0486273654931,0.764261585533948,0.253851265199547,-0.0181128507334945,-1.22783812422272e-16,0.965571111871347,0.0197963100292335,0.67,0.1,1.025,0.5,0.6,0.25,0.4,0.005,0.975,0.8,1.21215065284022,0.841896867719934,0.484860261136087,0.254346307574688,0.31419348456031,0.519330012693583,-1.27037446317136,1.80493421391292,6.74581621167245
141,-0.00416257074835282,0.806621612915647,0.101376447836462,-0.00472477429323404,-0.00472470910471723,-0.00339398191290263,0.0226442222376802,0.0129452945561881,0.011610769787304,6.82667708893487,8.98913010460737,0.927595180122968,2.80381492284232,0.288991855331118,3.72334620596439,2.85373181267725,0.937049370245396,-0.0674349769582631,9.69503249846255,12.7007237689316,1.16265133549858,0.219536470519345,0.164414610296191,0.0134992770027538,0.947904522568238,3.15460349242344,0.635096030120719,0.313478034107888,0.568742713540943,0.236976130642059,0.20491287366892,0.441410791061027,0.999090183567493,1.00081661639791,0.998274975852593,0.5241095473681,0.0531323641893537,0.422758088442546,1.05149463067621,1.04861758349233,0.766442778838537,0.251668611622613,-0.0181113904611504,-3.47491303171658e-17,0.965571111871347,0.0197963100292335,0.67,0.1,1.025,0.5,0.6,0.25,0.4,0.005,0.975,0.8,1.2117619938617,0.842210933339493,0.484704797544678,0.254068818670386,0.313702757604447,0.519295730870873,-1.26918833722395,1.7878883812572,6.75027135066886
142,-0.00417965584349139,0.807666518066478,0.101376442634549,-0.00472476150310119,-0.00472471043270772,-0.00343542155188448,0.022658730398069,0.0129543530592261,0.0116191172185982,6.8230606263055,8.96989247740652,0.925530918132478,2.79697871341428,0.288273831587683,3.71820652393574,2.85773981937648,0.927803490818998,-0.0673367862597332,9.69548608507466,12.6655267128442,1.15994550626765,0.219687405298094,0.164073704743779,0.0134775428072201,0.947088860591664,3.14995320758074,0.634549536596415,0.313077992594654,0.568253316354998,0.236772215147916,0.205001765905409,0.441327863057033,0.999153247950352,1.00079944587729,0.99835511706794,0.523822680047381,0.0531032798744991,0.423074040078119,1.05148560290164,1.04860805043523,0.768580174602984,0.249529843177431,-0.0181100177804157,-1.62442843393723e-17,0.965571111871347,0.0197963100292335,0.67,0.1,1.025,0.5,0.6,0.25,0.4,0.005,0.975,0.8,1.21138232605548,0.842513850330255,0.484552930422194,0.253798688877072,0.313223751077251,0.519264678252369,-1.26803441178911,1.77121672306185,6.75470378387859
143,-0.0041962126214248,0.808680238672426,0.101376438559235,-0.00472475148297524,-0.00472471147309017,-0.00347551883478991,0.0226728838637944,0.0129631904810493,0.0116272609850771,6.8195027183312,8.95120291310173,0.92352558159366,2.79034505799862,0.287577020864466,3.71320777687243,2.86167417217227,0.9187750708811,-0.067241466180945,9.69592411666157,12.6312928829287,1.15731756970493,0.219834561463797,0.163741855682999,0.0134564334277475,0.94629646496245,3.14542989789496,0.634018631524841,0.312689498147294,0.56777787897747,0.236574116240612,0.205087335305709,0.441246616789139,0.999214898096163,1.00078280631547,0.998433318189111,0.52354467378913,0.0530750944553983,0.423380231755471,1.05147680401776,1.04859876075525,0.770674399099374,0.247434327969376,-0.0181087270687507,-8.09736913229715e-17,0.965571111871347,0.0197963100292335,0.67,0.1,1.025,0.5,0.6,0.25,0.4,0.005,0.975,0.8,1.2110115206333,0.842806046703975,0.484404608253321,0.253535741496524,0.312756224789614,0.519236716726929,-1.26691185142311,1.75491245901044,6.75911145002413
144,-0.00421225795850867,0.809663705260838,0.101376435366526,-0.00472474363294562,-0.00472471228815308,-0.00351432041145294,0.0226866896531442,0.0129718111829743,0.0116352051035294,6.81600408715145,8.93304598669849,0.921577502921679,2.78390790577795,0.286900790841466,3.70834641607208,2.86553598749153,0.909959359978627,-0.0671489313980784,9.69634840417853,12.5979962403676,1.15476529340198,0.219978047026038,0.163418828529635,0.0134359310369113,0.945526695068963,3.1410303990307,0.633502885696205,0.312312214709138,0.567316017041378,0.236381673767241,0.205169717490489,0.4411670450791,0.999275152255167,1.0007666807517,0.998509614153609,0.523275246155591,0.0530477791707955,0.423676974673613,1.0514682289611,1.04858970895967,0.772726079492526,0.245381433631667,-0.0181075131241929,7.46266895952854e-16,0.965571111871347,0.0197963100292335,0.67,0.1,1.025,0.5,0.6,0.25,0.4,0.005,0.975,0.8,1.21064944376872,0.843087931868122,0.484259777507487,0.253279802603089,0.312299941054432,0.519211711222924,-1.26581984105088,1.73896886325874,6.76349237458336
145,-0.00422780816020433,0.810617820626305,0.101376432865275,-0.00472473748302638,-0.00472471292669474,-0.00355187111830513,0.0227001547608438,0.0129802195117269,0.0116429535770964,6.81256528914483,8.91540667551005,0.919685058955859,2.77766138386767,0.286244527820298,3.70361895223648,2.86932635243682,0.901351699065041,-0.0670590992653822,9.69676056527248,12.5656114109025,1.15228650580679,0.220117965519895,0.163104394425206,0.013416018296019,0.944778925657989,3.13675159684169,0.633001880190853,0.311945816002371,0.566867355394793,0.236194731414497,0.205249041829065,0.441089138225396,0.999334029554786,1.00075105279899,0.99858404021635,0.523014124218132,0.0530213062513903,0.423964569530478,1.05145987273103,1.04858088963264,0.774735843357791,0.243370527770073,-0.0181063711278634,1.77599623443401e-16,0.965571111871347,0.0197963100292335,0.67,0.1,1.025,0.5,0.6,0.25,0.4,0.005,0.975,0.8,1.21029595737428,0.84335989756451,0.48411838294971,0.253030701137568,0.311854664860218,0.519189529831858,-1.26475758532682,1.72337926898723,6.76784467063952
146,-0.00424287898218707,0.811543460649952,0.10137643090573,-0.00472473266501849,-0.00472471342694492,-0.00358821406021892,0.0227132861477798,0.0129884197931297,0.0116505103894986,6.80918672937998,8.89827035268638,0.91784667010415,2.77159979278247,0.285607636230741,3.69902195752654,2.87304632759477,0.892947519641357,-0.0669718897095892,9.69716204148363,12.5341136732314,1.14987909496902,0.220254416277108,0.162798330132853,0.013396678343722,0.944052546690988,3.13259042951195,0.632515206282962,0.311589985264559,0.566431528014593,0.236013136672747,0.205325431768237,0.441012884271285,0.999391549880463,1.0007359066229,0.998656631851079,0.522761044210142,0.0529956488785767,0.424243306911281,1.05145173039301,1.04857229743788,0.776704318218193,0.241400978392258,-0.0181052966104511,-5.00085228352747e-17,0.965571111871347,0.0197963100292335,0.67,0.1,1.025,0.5,0.6,0.25,0.4,0.005,0.975,0.8,1.20995091981012,0.843622318754884,0.483980367924049,0.252788268984429,0.311420164023182,0.519170043908715,-1.26372430806602,1.70813707243726,6.77216653931936
147,-0.00425748565058839,0.812441475096091,0.101376429370571,-0.00472472889046471,-0.00472471381885409,-0.00362339068803763,0.0227260907317269,0.0129964163264023,0.011657879499822,6.80586867496918,8.88162278036906,0.916060799474862,2.7657176019266,0.28498953814568,3.69455206722996,2.87669694956963,0.884742342792577,-0.0668872251322465,9.69755411407512,12.5034789469412,1.14754100727309,0.220387494678312,0.162500417930953,0.0133778947847894,0.943346963177125,3.12854388932369,0.632042465328674,0.31124441498879,0.566008177906275,0.235836740794281,0.205399005141999,0.440938269250667,0.999447733766304,1.00072122692116,0.99872742466074,0.522515751193517,0.0529707811458802,0.424513467660603,1.05144379708134,1.04856392712099,0.778632131100665,0.239472154321517,-0.0181042854221828,-6.26623390192239e-16,0.965571111871347,0.0197963100292335,0.67,0.1,1.025,0.5,0.6,0.25,0.4,0.005,0.975,0.8,1.20961418652927,0.843875554456469,0.483845674611706,0.252552341033957,0.310996209319573,0.519153128151192,-1.26271925173315,1.69323573647622,6.77645626986219
148,-0.00427164288140867,0.813312688386512,0.101376428167887,-0.00472472593338047,-0.00472471412588593,-0.00365744087204489,0.0227385753790059,0.0130042133790282,0.0116650648378221,6.80261126740391,8.86545010253953,0.914325951997439,2.76000944511998,0.284389672804243,3.6902059810805,2.88027923326394,0.876731778135419,-0.0668050303188595,9.69793791859224,12.4736837800728,1.14527024616185,0.220517292387641,0.162210445505072,0.0133596516790233,0.942661594986179,3.1246090240888,0.63158326864074,0.310908806667898,0.565596956991707,0.235665398746545,0.205469874463256,0.440865277413497,0.999502602294825,1.00070699890418,0.998796454296135,0.522277998738282,0.052946678022759,0.424775323238959,1.05143606800164,1.04855577351129,0.780519908111089,0.23758342559477,-0.0181033337058597,2.98643176307597e-16,0.965571111871347,0.0197963100292335,0.67,0.1,1.025,0.5,0.6,0.25,0.4,0.005,0.975,0.8,1.20928561066428,0.844119948530359,0.483714244265711,0.25232275523085,0.310582574600001,0.51913866065988,-1.26174167697818,1.67866879373327,6.78071223935866
149,-0.00428536489913581,0.814157900352773,0.101376427225672,-0.00472472361672316,-0.00472471436642274,-0.00369040297161405,0.0227507468970017,0.013011815182147,0.0116720702997071,6.79941453394687,8.84973883762151,0.912640673534433,2.75447011617073,0.28380749614307,3.68598046426435,2.8837941739268,0.868911522691484,-0.0667252323539281,9.69831445824596,12.4447053364032,1.14306487085388,0.220643897570938,0.161928205838744,0.0133419335303059,0.941995876644169,3.12078293827785,0.631137237351593,0.310582870543138,0.565197525986501,0.235498969161042,0.205538147198649,0.44079389143231,0.999556177005163,1.00069320827637,0.998863756382274,0.52204754861489,0.0529233153204982,0.425029136064611,1.05142853843287,1.04854783152345,0.782368274027829,0.235734163844761,-0.0181024378725906,8.11432371596705e-16,0.965571111871347,0.0197963100292335,0.67,0.1,1.025,0.5,0.6,0.25,0.4,0.005,0.975,0.8,1.20896504356,0.844355830425476,0.483586017424001,0.252099352610631,0.310179036887303,0.51912652298123,-1.26079086220973,1.664429849344,6.78493291219549
150,-0.00429866545460473,0.814977886966915,0.101376426487517,-0.00472472180179317,-0.00472471455486556,-0.00372231390126077,0.0227626120274767,0.0130192259264322,0.0116788997443656,6.79627839814928,8.83447587089032,0.911003549986966,2.74909456450303,0.283242480335795,3.68187234814603,2.88724274898859,0.861277359698545,-0.0666477605411047,9.69868461620907,12.4165213825203,1.14092299505743,0.220767395098707,0.161653497103558,0.0133247252757761,0.941349257114212,3.1170627938775,0.630704002266522,0.310266325357618,0.564809554268527,0.235337314278553,0.205603926027498,0.440724092591362,0.999608479809137,1.00067984121812,0.998929366451831,0.521824170498719,0.052900669659973,0.425275159841308,1.05142120372906,1.04854009615876,0.784177851913425,0.233923742666481,-0.0181015945799057,-1.48538731869969e-16,0.965571111871347,0.0197963100292335,0.67,0.1,1.025,0.5,0.6,0.25,0.4,0.005,0.975,0.8,1.20865233525642,0.844583515880747,0.483460934102569,0.251881977325104,0.309785376459397,0.519116600135042,-1.25986610319856,1.65051258333895,6.78911683923878
151,-0.00431155784213111,0.815773401051056,0.101376425909227,-0.00472472037992944,-0.00472471470249658,-0.00375320919331135,0.0227741774406187,0.0130264497584172,0.0116855569900033,6.79320268955774,8.81964844673703,0.90941320639613,2.74387789084785,0.282694113340848,3.67787853074345,2.89062591970012,0.853825157371159,-0.0665725463278308,9.6990491669069,12.3891102747562,1.13884278568428,0.220887866734888,0.16138612254892,0.013308012275135,0.940721199564878,3.11344581100452,0.630283203708468,0.309958898114716,0.564432719738927,0.23518029989122,0.205667309085845,0.440655860959714,0.999659532914592,1.00066688436866,0.998993319885166,0.521607641686273,0.0528787184410952,0.425513639872632,1.05141405932075,1.0485325625061,0.785949262744088,0.232151537967885,-0.0181008007119729,-4.70905920772875e-16,0.965571111871347,0.0197963100292335,0.67,0.1,1.025,0.5,0.6,0.25,0.4,0.005,0.975,0.8,1.20834733492566,0.844803307587951,0.483338933970265,0.251670476658007,0.309401376918453,0.519108780628058,-1.25896671270485,1.63691075270845,6.79326265678668
152,-0.00432405491595188,0.816545172966346,0.10137642545618,-0.00472471926600415,-0.00472471481815462,-0.00378312305738471,0.022785449729766,0.0130334907772362,0.0116920458111599,6.79018715267031,8.80524416082844,0.907868306042598,2.73881534300275,0.282161898457737,3.67399597697905,2.89394463259236,0.846550867620605,-0.0664995232339195,9.69940878637863,12.3624509460374,1.1368224615665,0.221005391312453,0.161125890391866,0.0132917803000847,0.940111181128092,3.10992926830219,0.629874491355822,0.309660323841664,0.564066708676855,0.235027795282023,0.205728390196491,0.440589175549531,0.99970935875548,1.00065432480947,0.999055651856431,0.52139774682265,0.0528574398137864,0.425744813363564,1.05140710071616,1.0485252257427,0.787683125056635,0.230416928305045,-0.0181000533616803,1.15914090240579e-15,0.965571111871347,0.0197963100292335,0.67,0.1,1.025,0.5,0.6,0.25,0.4,0.005,0.975,0.8,1.20804989126673,0.845015495817619,0.483219956506693,0.251464701031886,0.309026825247621,0.519102956455106,-1.25809202012419,1.62361819317289,6.79736908531892
153,-0.00433616910600332,0.817293911281771,0.10137642510125,-0.00472471839332589,-0.00472471490876414,-0.00381208843687331,0.0227964354067585,0.0130403530317482,0.0116983699360746,6.78723145519719,8.79125095220036,0.906367549546791,2.73390231166614,0.281645353891988,3.67022171873155,2.89719982077223,0.839450524742958,-0.0664286267836356,9.69976406178026,12.336522892703,1.13486029217905,0.221120044896748,0.16087261370721,0.013276015523907,0.939518692648394,3.10651050314252,0.629477524074424,0.309370345358431,0.563711215589036,0.234879673162099,0.2057872590859,0.440524014460733,0.999757979928195,1.00064215004847,0.999116397285255,0.521194277639769,0.0528368126503482,0.425968909709884,1.05140032350205,1.04851808113466,0.789380054612482,0.228719295201892,-0.0180993498143741,-7.91202371861489e-16,0.965571111871347,0.0197963100292335,0.67,0.1,1.025,0.5,0.6,0.25,0.4,0.005,0.975,0.8,1.20775985286143,0.845220359010174,0.483103941144571,0.251264504007122,0.308661511856429,0.519099023089144,-1.25724137114841,1.61062882068547,6.8014349280689
154,-0.00434791243306652,0.818020303423346,0.101376424823189,-0.004724717709647,-0.00472471497975002,-0.00384013706259834,0.0228071408978632,0.013047040518012,0.0117045330443748,6.78433519567756,8.77765709531645,0.90490967397172,2.72913432635013,0.281144012328891,3.66655285471075,2.90039240506858,0.832520244083075,-0.0663597944409047,9.70011550009484,12.3113061613361,1.13295459637089,0.22123190093747,0.160626110318298,0.013260704511187,0.938943238425223,3.10318691165561,0.6290919697449,0.309088713051963,0.563365943055134,0.234735809606306,0.205844001588765,0.440460355013096,0.999805419133678,1.00063034800477,0.999175590793608,0.520997032704932,0.0528168165191163,0.426186150775952,1.05139372334444,1.04851112403723,0.7910406640783,0.227058023454772,-0.0180986875330725,-4.57082309714307e-16,0.965571111871347,0.0197963100292335,0.67,0.1,1.025,0.5,0.6,0.25,0.4,0.005,0.975,0.8,1.20747706849453,0.845418164334443,0.482990827397811,0.251069742273987,0.308305230615907,0.519096879461418,-1.25641412743774,1.59793663269206,6.80545906944153
155,-0.00435929652330884,0.818725016304176,0.101376424605349,-0.004724717174035,-0.0047247150353622,-0.00386729950380182,0.0228175725402301,0.0130535571770877,0.0117105387650612,6.7814979105002,8.764451192121,0.903493451930488,2.72450705137558,0.280657420516218,3.66298655017549,2.90352329504149,0.825756220681345,-0.0662929655473403,9.70046353611076,12.286781335647,1.13110374110706,0.221341030410071,0.160386202688596,0.0132458342076898,0.938384335949669,3.09995594860569,0.628717505086278,0.308815184655895,0.563030601569801,0.234596083987417,0.205898699840994,0.440398173866757,0.999851699124862,1.00061890699407,0.999233266667409,0.520805817179281,0.0527974316593026,0.426396751161417,1.05138729598907,1.04850434989491,0.792665562722959,0.225432501422039,-0.0180980641449978,-3.20888496739418e-16,0.965571111871347,0.0197963100292335,0.67,0.1,1.025,0.5,0.6,0.25,0.4,0.005,0.975,0.8,1.2072013874412,0.845609168215483,0.482880554976482,0.250880275638484,0.30795777888438,0.519096427932868,-1.25560966630201,1.58553570917025,6.80944047329838
156,-0.00437033262224807,0.81940869693593,0.101376424434687,-0.00472471675442243,-0.00472471507893024,-0.00389360521662807,0.0228277365788357,0.0130599068931362,0.0117163906747675,6.77871908037233,8.75162216411076,0.902117690700284,2.72001628195182,0.280185138856026,3.65952003651348,2.90659338986712,0.819154727909199,-0.0662280812628291,9.70080853972499,12.2629295234414,1.12930614022388,0.221447501947367,0.160152717814316,0.0132313919303964,0.937841515637028,3.09681512713127,0.628353815476809,0.308549525035692,0.562704909382217,0.234460378909257,0.205951432461829,0.440337447132067,0.999896842659055,1.00060781571464,0.999289458822508,0.520620442585701,0.0527786389569428,0.426600918457356,1.05138103726167,1.04849775424146,0.794255356130335,0.223842121298953,-0.0180974774292878,-9.98632233222717e-17,0.965571111871347,0.0197963100292335,0.67,0.1,1.025,0.5,0.6,0.25,0.4,0.005,0.975,0.8,1.20693265972431,0.845793616833595,0.482773063889725,0.250695967002686,0.307618957524805,0.519097574257808,-1.25482738038884,1.57342021346839,6.8133781811294
157,-0.00438103160816557,0.820071973022215,0.101376424300986,-0.00472471642568706,-0.00472471511306261,-0.00391908259023932,0.0228376391638735,0.0130660934917935,0.01172209229627,6.77599813627767,8.73915924444775,0.900781231344543,2.71565794034334,0.279726741005664,3.65615061069946,2.90960357910932,0.812712116098601,-0.0661650845084598,9.70115082262325,12.2397323437048,1.12756025319945,0.221551381962027,0.159925487118239,0.0132173653577052,0.937314320556335,3.09376201836566,0.628000594772744,0.308291505979279,0.562388592333801,0.234328580139084,0.206002274725764,0.440278150469613,0.999940872454878,1.00059706323379,0.999344200774691,0.520440726585796,0.0527604199218753,0.426798853492329,1.05137494306807,1.04849133269957,0.795810645927598,0.222286279378168,-0.0180969253057663,2.26654335630851e-16,0.965571111871347,0.0197963100292335,0.67,0.1,1.025,0.5,0.6,0.25,0.4,0.005,0.975,0.8,1.20667073634411,0.84597174659626,0.482668294537643,0.250516682340223,0.307288570914473,0.519100227540815,-1.25406667737735,1.5615843929628,6.81727131012927
158,-0.0043914040049927,0.820715453534374,0.101376424196242,-0.00472471616814718,-0.00472471513980277,-0.00394375899069743,0.0228472863485552,0.0130721207387983,0.0117276470972302,6.77333446496195,8.72705197013182,0.899482947844728,2.71142807212486,0.27928181348805,3.65287563464703,2.91255474338855,0.806424811170093,-0.0661039199116099,9.70149064438626,12.2171719138271,1.12586458394097,0.221652734760636,0.159704346344892,0.013203742519806,0.936802306157917,3.09079425095228,0.627657545125804,0.308040905993106,0.56208138369475,0.234200576539479,0.206051298724878,0.440220259181199,0.999983811153404,1.00058663897498,0.999397525613378,0.52026649276552,0.0527427566656883,0.426990750568792,1.05136900939416,1.04848508098058,0.797332029528561,0.220764376296105,-0.0180964058246668,-1.22876203160593e-15,0.965571111871347,0.0197963100292335,0.67,0.1,1.025,0.5,0.6,0.25,0.4,0.005,0.975,0.8,1.20641546948264,0.846143784584649,0.482566187793058,0.250342290667482,0.306966426947793,0.519104300187705,-1.25332697967631,1.55002257955048,6.82111905119433
159,-0.00440145999469422,0.821339729270193,0.101376424114182,-0.00472471596638369,-0.00472471516075168,-0.00396766080274014,0.0228566840872895,0.01307799233885,0.0117330584891477,6.77072741398102,8.71529017424944,0.898221746243046,2.70732284252567,0.278849955311264,3.64969253446792,2.91544775495763,0.800289313263332,-0.0660445337530366,9.70182821806637,12.1952308369882,1.1242176795905,0.221751622649903,0.159489135457189,0.0131905117892303,0.936305039999917,3.08790951046797,0.627324376799945,0.307797510103615,0.56178302399995,0.234076259999979,0.206098573522183,0.440163748292506,1.00002568128317,1.00057653270533,0.999449465978711,0.520097570429101,0.0527256318805761,0.427176797690323,1.05136323230568,1.04847899488397,0.798820099891692,0.219275817265523,-0.0180959171572147,-1.15458632677926e-16,0.965571111871347,0.0197963100292335,0.67,0.1,1.025,0.5,0.6,0.25,0.4,0.005,0.975,0.8,1.20616671268504,0.846309948976214,0.482466685074016,0.250172664011061,0.306652337032846,0.519109707851361,-1.25260772412606,1.5387291899923,6.82492066685501
160,-0.00441120942917068,0.821945373396015,0.101376424049894,-0.00472471580831679,-0.00472471517716366,-0.00399081346956631,0.0228658382342047,0.0130837119346808,0.0117383298265091,6.76817629634444,8.70386397831307,0.89699656379728,2.703338532864,0.278430777597491,3.646598799651,2.91828347819333,0.794302195373512,-0.0659868739158412,9.70216371527687,12.1738921897253,1.12261812935051,0.221848106035618,0.159279698534666,0.0131776618715836,0.935822101474614,3.08510553876623,0.627000807987991,0.307561109664093,0.561493260884768,0.233955525368653,0.206144165296517,0.440108592628088,1.0000665052288,1.00056673452368,0.999500054041746,0.519933794400895,0.0527090288190555,0.42735717678005,1.05135760794794,1.04847307029676,0.800275445292371,0.217820012294616,-0.0180954575869867,-8.11812494949813e-16,0.965571111871347,0.0197963100292335,0.67,0.1,1.025,0.5,0.6,0.25,0.4,0.005,0.975,0.8,1.2059243210195,0.846470449444843,0.4823697284078,0.250007677371956,0.306346116082336,0.519116369373149,-1.2519083617034,1.52769872612101,6.82867548915715
161,-0.00442066184170138,0.822532941972732,0.101376423999529,-0.00472471568448318,-0.00472471519002127,-0.00401324153074323,0.022874754541988,0.0130892831063204,0.0117434644061138,6.76568039478479,8.69276378470293,0.895806368148689,2.69947153707144,0.278023903221299,3.6435919821724,2.921062770012,0.788460101996591,-0.065930889836191,9.70249727083213,12.153139509695,1.12106456333026,0.221942243514854,0.159075883673356,0.0131651817964632,0.935353081535274,3.08238013325123,0.626686564628634,0.30733150216678,0.561211848921164,0.233838270383818,0.20618813747951,0.440054766879333,1.00010630520281,1.00055723484909,0.999549321487492,0.519775004834827,0.0526929312744928,0.427532063890681,1.05135213254534,1.04846730319277,0.801698649109001,0.216396376392971,-0.0180950255019722,1.71211845491972e-15,0.965571111871347,0.0197963100292335,0.67,0.1,1.025,0.5,0.6,0.25,0.4,0.005,0.975,0.8,1.20568815121801,0.846625487539888,0.482275260487203,0.24984720868691,0.306047582499483,0.519124206720561,-1.25122835722951,1.51692577492668,6.83238291750419
162,-0.00442982645794771,0.823102974466124,0.101376423960072,-0.00472471558746856,-0.00472471520009421,-0.0040349686583383,0.0228834386610116,0.0130947093705399,0.0117484654665637,6.76323896568098,8.68198026922176,0.894650156503876,2.69571835830732,0.277628966457219,3.64066969554686,2.92378648021675,0.782759747785805,-0.0658765324557039,9.70282898697456,12.132956783644,1.11955565141396,0.222034091961926,0.158877542887418,0.013153060908564,0.934897582424203,3.07973114609233,0.626381380224216,0.307108491060243,0.560938549454522,0.233724395606051,0.206230550885099,0.440002245665935,1.00014510322061,1.00054802440976,0.99959729950055,0.5196210470311,0.0526773235624014,0.427701629406499,1.05134680240087,1.04846168963188,0.803090289622547,0.215004329764727,-0.0180946193872742,6.41790481120692e-16,0.965571111871347,0.0197963100292335,0.67,0.1,1.025,0.5,0.6,0.25,0.4,0.005,0.975,0.8,1.20545806179927,0.846775257045353,0.482183224719707,0.249691138787318,0.305756558159411,0.519133144921687,-1.25056718908026,1.50640500853107,6.83604241647138
163,-0.00443871220653631,0.823655994242012,0.101376423929161,-0.00472471551146481,-0.00472471520798556,-0.00405601769137198,0.0228918701109694,0.0130999768190297,0.0117533198147626,6.76085762181911,8.67151691193338,0.893528387834213,2.69207590208371,0.277245688068047,3.63782971012384,2.92645553134514,0.777197934683836,-0.0658237559051351,9.70316531637895,12.1133412701829,1.11809161058583,0.222123627046754,0.158684513550277,0.0131412905887019,0.934455217402563,3.0771565796823,0.626084995659717,0.306891981866189,0.560673130441537,0.233613804350641,0.206271463832044,0.439951003591422,1.00018292107813,1.00053909423243,0.999644018753141,0.519471771259845,0.0526621905024699,0.427866038237686,1.05134163938293,1.04845625555245,0.804450940406211,0.213643297408471,-0.0180942378146821,-9.11352526452954e-17,0.965571111871347,0.0197963100292335,0.67,0.1,1.025,0.5,0.6,0.25,0.4,0.005,0.975,0.8,1.20523391317551,0.846919944320429,0.482093565270205,0.249539384201755,0.305472832846006,0.519142926046775,-1.24992438174496,1.49613121960206,6.83965369955221
164,-0.00444732772924022,0.824192509046656,0.101376423904944,-0.00472471545192155,-0.00472471521416795,-0.00407641066868258,0.0229001088655557,0.0131051252213875,0.0117580648839329,6.75852228230498,8.66133869679338,0.892437117782911,2.68854031684344,0.276873571463266,3.63506965159841,2.92907066563565,0.771771497759185,-0.0657725117964245,9.70349308606799,12.0942510548978,1.11666803475955,0.222211072517742,0.158496696117149,0.0131298573097989,0.934025620127943,3.07465427952165,0.625797165485722,0.306681589151268,0.560415372076766,0.233506405031986,0.206310934390385,0.43990101287033,1.00021977823086,1.00053043563211,0.999689507295142,0.51932703259143,0.0526475174012853,0.428025450007285,1.05133658642834,1.04845093459963,0.805781166902534,0.212312712472462,-0.0180938793749957,-2.66614721325702e-16,0.965571111871347,0.0197963100292335,0.67,0.1,1.025,0.5,0.6,0.25,0.4,0.005,0.975,0.8,1.20501558018848,0.847059723957048,0.48200623207539,0.249391765422131,0.305196314018653,0.519153878616236,-1.24929939801528,1.48609921942261,6.84321613489526
165,-0.00445568139077527,0.824713011472837,0.101376423885971,-0.00472471540527364,-0.0047247152190113,-0.00409616886028963,0.0229081315654834,0.0131101387502347,0.0117626856711017,6.75623909558894,8.65145083809488,0.891377002593631,2.68510866784903,0.276512360029483,3.63238730737188,2.93163271505877,0.766477347731817,-0.0657227554187069,9.70381918572482,12.0756854041383,1.11528536024689,0.222296388796633,0.158313930791265,0.0131187530424785,0.933608413720901,3.07222225913934,0.625517637193004,0.306477237660301,0.560165048232541,0.233402103430225,0.206349013719526,0.439852256864346,1.00025569845438,1.00052204020227,0.999733797220663,0.519186690733139,0.0526332900357174,0.428180019231144,1.05133166832115,1.04844575613196,0.807081532608071,0.211012010248647,-0.0180935428567181,-1.67448602689725e-15,0.965571111871347,0.0197963100292335,0.67,0.1,1.025,0.5,0.6,0.25,0.4,0.005,0.975,0.8,1.20480291262805,0.847194785065146,0.481921165051219,0.249248204578813,0.304926789567182,0.519165721921814,-1.24869175713901,1.47630392190809,6.84672937406777
166,-0.00446378128822844,0.825217979412056,0.101376423871108,-0.00472471536872865,-0.00472471522280582,-0.00411531279733468,0.0229159434238478,0.0131150206511715,0.0117671851651943,6.75400725570103,8.64184505191067,0.890347151959993,2.6817778704581,0.276161730340238,3.62978052899041,2.93414250504446,0.761312467320944,-0.065674443374989,9.70414363400186,12.0576300046991,1.11394240723952,0.222379626628755,0.158136084375151,0.0131079683142773,0.933203243125839,3.06985858311491,0.625246172894313,0.306278753026196,0.559921945875504,0.23330081078146,0.206385753372386,0.439804703528528,1.00029070272939,1.00051389980533,0.999776917566082,0.519050609871944,0.0526194946369353,0.428329895491121,1.05132688169334,1.04844071656914,0.808352593665318,0.209740633418244,-0.0180932270835621,6.17464209456584e-16,0.965571111871347,0.0197963100292335,0.67,0.1,1.025,0.5,0.6,0.25,0.4,0.005,0.975,0.8,1.2045957773724,0.847325280355672,0.481838310948959,0.249108593777264,0.304664095114279,0.519178392565329,-1.24810099048139,1.46674033869023,6.85019312434446
167,-0.0044716352601336,0.825707876493238,0.101376423859464,-0.00472471534009822,-0.00472471522577844,-0.00413386230067481,0.0229235495965606,0.0131197741361522,0.011771566324757,6.75182593161353,8.63251326397768,0.889346697990219,2.67854492722398,0.275821368767138,3.62724722393791,2.93660085463454,0.756273902842944,-0.0656275335395737,9.7044664189308,12.0400709077349,1.11263802713764,0.222460835514615,0.157963027125272,0.0130974939198601,0.932809763238396,3.06756136599488,0.624982541369725,0.30608596586905,0.559685857943037,0.233202440809599,0.206421202831897,0.439758327934693,1.00032481175432,1.00050600656357,0.999818896830145,0.518918658523126,0.0526061178750247,0.42847522360185,1.05132222320586,1.04843581235823,0.809594900302126,0.208498030641781,-0.0180929309439067,6.00663599633829e-16,0.965571111871347,0.0197963100292335,0.67,0.1,1.025,0.5,0.6,0.25,0.4,0.005,0.975,0.8,1.20439404346813,0.847451369712301,0.481757617387252,0.248972827665701,0.304408069609299,0.519191830147293,-1.24752664120709,1.4574035649351,6.85360714663705
168,-0.00447925089520982,0.826183152508367,0.101376423850341,-0.00472471531766838,-0.00472471522810736,-0.00415183650820017,0.0229309551346709,0.0131244023520889,0.0117758320484603,6.7496942839153,8.62344763251206,0.888374797890117,2.67540693133121,0.275490971148726,3.62478535452069,2.9390085765716,0.751358762971878,-0.0655819850227848,9.70478751451001,12.0229945469252,1.11137110493561,0.222540063624818,0.157794632657242,0.0130873209195563,0.932427638638774,3.06532877133743,0.624726517887979,0.305898711777464,0.559456583183265,0.233106909659694,0.206455409601706,0.439713105340764,1.00035804593644,1.00049835285031,0.999859762973649,0.51879070938449,0.0525931468441812,0.428616143771329,1.05131768959577,1.04843104002889,0.810808996705605,0.20728365668163,-0.018092653387235,6.14771456975677e-16,0.965571111871347,0.0197963100292335,0.67,0.1,1.025,0.5,0.6,0.25,0.4,0.005,0.975,0.8,1.2041975821602,0.847573207050014,0.481679032864081,0.248840803504883,0.304158555276472,0.519205976860137,-1.24696826407984,1.44828877884748,6.85697125337301
169,-0.00448663554077632,0.826644243825416,0.101376423843194,-0.00472471530009633,-0.00472471522993179,-0.00416925390094214,0.0229381649850347,0.0131289083812567,0.011779985175473,6.74761146692618,8.61464054166579,0.887430633249158,2.67236106383881,0.275170242501971,3.62239293674673,2.94136647735536,0.746564217527481,-0.065537758136112,9.70510688284104,12.006387728065,1.11014055824684,0.222617357854769,0.157630777861424,0.0130774406318193,0.932056543343699,3.06315901074051,0.624477884040278,0.305716831159761,0.559233926006219,0.233014135835925,0.206488419295269,0.439669011211716,1.00039042538153,1.00049093128152,0.999899543417287,0.518666639195945,0.0525805690484533,0.428752791755602,1.05131327767506,1.04842639619209,0.811995420904663,0.206096972516001,-0.018092393420664,1.27965320526709e-16,0.965571111871347,0.0197963100292335,0.67,0.1,1.025,0.5,0.6,0.25,0.4,0.005,0.975,0.8,1.20400626693162,0.847690940549609,0.481602506772647,0.248712421118311,0.303915397577506,0.519220777416339,-1.24642542525013,1.43939124113483,6.86028530639166
170,-0.00449379631085766,0.827091573788967,0.101376423837595,-0.00472471528632989,-0.0047247152313612,-0.004186132328033,0.0229451839911682,0.0131332952418163,0.0117840284859439,6.74557663060902,8.60608459509899,0.886513409339533,2.66940459099499,0.274858896742035,3.62006803919509,2.94367535727084,0.74188749628214,-0.0654948143578932,9.70542447603556,11.9902376188659,1.10894533634954,0.222692763876032,0.157471342820359,0.0130678446258699,0.931696160562259,3.06105034285773,0.624236427576713,0.305540169099431,0.559017696337355,0.232924040140565,0.20652027572033,0.439626021246133,1.00042196988501,1.00048373470759,0.999938265040763,0.518546328604228,0.0525683723880112,0.428885299007761,1.05130898432941,1.04842187753854,0.813154704662857,0.204937445442766,-0.0180921501056235,1.53248874119553e-15,0.965571111871347,0.0197963100292335,0.67,0.1,1.025,0.5,0.6,0.25,0.4,0.005,0.975,0.8,1.20381997353442,0.847804712897063,0.481527989413769,0.248587582841925,0.303678445172344,0.519236178976613,-1.24589770203405,1.4307062944194,6.86354921486262
171,-0.00450074009399193,0.827525553108877,0.101376423833209,-0.00472471527554497,-0.00472471523248097,-0.00420248903057807,0.0229520168942012,0.0131375658883967,0.01178796470154,6.7435889223147,8.59777260971174,0.885622354433215,2.66653486162972,0.274556656410164,3.61780878187955,2.9459360103918,0.737325887787377,-0.0654531162996291,9.70574023793185,11.9745317390111,1.10778441925828,0.222766326184397,0.157316210728013,0.0130585247145317,0.93134618245581,3.05900107240607,0.624001942245393,0.305368575214916,0.558807709473486,0.232836545613952,0.206551020959053,0.439584111399687,1.00045269892461,1.00047675620554,0.999975954183068,0.518429662032549,0.0525565451459189,0.429013792821532,1.05130480651691,1.04841748083723,0.814287373381168,0.203804549173529,-0.0180919225546964,-7.73575308200559e-16,0.965571111871347,0.0197963100292335,0.67,0.1,1.025,0.5,0.6,0.25,0.4,0.005,0.975,0.8,1.20363858001284,0.847914661511185,0.481455432005135,0.248466193473635,0.303447549878301,0.519252131077909,-1.24538468268612,1.42222936260365,6.86676293323114
172,-0.00450747356075449,0.827946580237344,0.101376423829773,-0.00472471526709572,-0.00472471523335827,-0.00421834066449389,0.0229586683339206,0.0131417232127351,0.011791796486035,6.74164748837267,8.58969760953436,0.884756719136805,2.66374930462384,0.274263252409525,3.61561333511017,2.94814922456297,0.732876738220201,-0.0654126276729992,9.7060541056365,11.9592579504606,1.10665681682059,0.222838088144908,0.157165267810836,0.0130494729472539,0.931006309902126,3.05700954916889,0.623774227634425,0.305201903523595,0.558603785941276,0.232751577475532,0.206580695444045,0.439543257905763,1.00048263165432,1.00046998907144,1.0000126366438,0.518316527554975,0.0525450759753891,0.429138396469636,1.05130074126679,1.04841320293397,0.815393946010352,0.20269776391827,-0.018091709928622,1.49142403238997e-15,0.965571111871347,0.0197963100292335,0.67,0.1,1.025,0.5,0.6,0.25,0.4,0.005,0.975,0.8,1.20346196671929,0.848020918760193,0.481384786687717,0.248348160222776,0.303222566627815,0.519268585561476,-1.24488596616811,1.41395595019391,6.8699264591943
173,-0.00451400317100852,0.828355041734734,0.10137642382708,-0.00472471526047635,-0.0047247152340455,-0.00423370332236561,0.0229651428498928,0.013145770044364,0.0117955264459427,6.73975147553894,8.58185281977511,0.883915775744013,2.66104542645292,0.273978423748838,3.61347991835595,2.95031578136398,0.728537450249593,-0.0653733132576296,9.70636601090645,11.944404448005,1.10556156783854,0.222908092034071,0.157018403250631,0.0130406816033185,0.930676252263917,3.0550741669976,0.623553089016824,0.305040012309917,0.55840575135835,0.232669063065979,0.206609338030541,0.43950343729352,1.00051178689952,1.00046342681314,1.00004833768541,0.51820681677534,0.0525339538874991,0.429259229337161,1.05129678567815,1.04840904074988,0.816474934972499,0.201616576460965,-0.0180915114334642,-8.6403695748096e-16,0.965571111871347,0.0197963100292335,0.67,0.1,1.025,0.5,0.6,0.25,0.4,0.005,0.975,0.8,1.20329001632403,0.848123612167878,0.481316006529613,0.248233392659631,0.303003353425017,0.519285496501203,-1.2444011619157,1.40588164158682,6.87303983171126
174,-0.00452033518089398,0.828751312624482,0.101376423824971,-0.0047247152552905,-0.00472471523458395,-0.00424859255437193,0.0229714448826572,0.0131497091513435,0.0117991571311903,6.73790003231196,8.57423166102316,0.883098817605466,2.65842080880442,0.273701917293625,3.61140679911163,2.95243645605805,0.724305481923225,-0.0653351388696417,9.70667588138453,11.9299597500651,1.10449773921468,0.222976379079465,0.156875509109205,0.0130321431852295,0.930355727161838,3.05319336281453,0.623338337198432,0.304882763997479,0.558213436297103,0.23258893179046,0.206636986064945,0.439464626403559,1.00054018315324,1.0004570631432,1.00008308203631,0.518100424710512,0.0525231682393505,0.429376407050138,1.05129293691866,1.04840499127997,0.817530846091446,0.200560480226497,-0.0180913263179428,1.64740908225028e-17,0.965571111871347,0.0197963100292335,0.67,0.1,1.025,0.5,0.6,0.25,0.4,0.005,0.975,0.8,1.20312261381897,0.848222864609905,0.48124904552759,0.248121802665091,0.302789771301305,0.519302820132426,-1.24392988960427,1.3980021003224,6.87610312905081
175,-0.00452647564956524,0.829135756737405,0.101376423823319,-0.00472471525122786,-0.00472471523500584,-0.00426302338832396,0.0229775787749799,0.0131535432410305,0.011802691035827,6.73609231012728,8.56682774360618,0.882305158515729,2.65587310626631,0.273433487524927,3.60939229177105,2.9545120175276,0.720178345574458,-0.0652980713310067,9.70698364170187,11.9159126897343,1.10346442512193,0.223042989496937,0.156736480254797,0.0130238504122801,0.930044460252084,3.0513656156198,0.623129788368896,0.304730025025049,0.55802667615125,0.232511115063021,0.206663675449945,0.439426802401455,1.00056783857339,1.00045089197219,1.00011689389469,0.517997249677828,0.052512708722653,0.42949004159952,1.0512891922233,1.04840105159162,0.818562178531706,0.199528975339216,-0.0180911538709222,1.98689428439513e-16,0.965571111871347,0.0197963100292335,0.67,0.1,1.025,0.5,0.6,0.25,0.4,0.005,0.975,0.8,1.20295964651638,0.848318794500858,0.481183858606552,0.24801330438058,0.302581684270101,0.519320514781376,-1.24347177891508,1.39031306830756,6.87911646687853
176,-0.00453243044568775,0.829508727045744,0.101376423822024,-0.00472471524804507,-0.00472471523533624,-0.00427701034886263,0.0229835487731642,0.0131572749608829,0.0118061305987626,6.7343274644393,8.55963486209866,0.881534132117072,2.6534000440855,0.273172896305282,3.60743475650931,2.95654322819945,0.716153606749568,-0.0652620784397108,9.70728921445791,11.9022524060575,1.10246074619694,0.223107962525576,0.156601214290264,0.0130157962142944,0.929742185008611,3.04958944550414,0.622927263955769,0.304581665726323,0.557845311005167,0.232435546252153,0.206689440706415,0.439389942789304,1.00059477098091,1.00044490740208,1.00014979693306,0.517897193186547,0.0525025653527163,0.429600241460736,1.05128554889307,1.04839721882316,0.819569424745565,0.198521568673487,-0.0180909934190524,1.49437706562582e-15,0.965571111871347,0.0197963100292335,0.67,0.1,1.025,0.5,0.6,0.25,0.4,0.005,0.975,0.8,1.20280100404288,0.848411515972505,0.481120401617153,0.247907814158284,0.302378959280932,0.519338540795413,-1.2430264693025,1.38281036501313,6.88207999638582
177,-0.00453820525370319,0.829870565987237,0.10137642382101,-0.00472471524555163,-0.00472471523559514,-0.00429056747585344,0.0229893590284053,0.0131609068992915,0.0118094782045336,6.73260465569951,8.55264698998023,0.880785091319858,2.6509994159945,0.272919912651821,3.60553259817571,2.95853084396139,0.712228883155067,-0.065227128940738,9.70759252108926,11.8889683355465,1.10148584875648,0.223171336460622,0.156469611482992,0.0130079737255413,0.929448642510056,3.04786341266968,0.622730590481738,0.304437560213387,0.557669185506034,0.232362160627514,0.206714315032258,0.43935402541549,1.00062099785869,1.00043910372003,1.00018181430333,0.51780015983315,0.0524927284578323,0.429707111709018,1.05128200429371,1.04839349018244,0.820553070428023,0.197537773896533,-0.0180908443245566,4.04515112768365e-16,0.965571111871347,0.0197963100292335,0.67,0.1,1.025,0.5,0.6,0.25,0.4,0.005,0.975,0.8,1.20264657832937,0.848501139043801,0.481058631331747,0.247805250511805,0.302181466172993,0.519356860474177,-1.24259360976321,1.37548988664771,6.88499390246256
178,-0.00454380557987258,0.830221605779516,0.101376423820216,-0.00472471524359808,-0.00472471523579798,-0.00430370834202021,0.0229950135981868,0.0131644415864386,0.0118127361840921,6.73092305023899,8.54585827444068,0.880057407739146,2.6486690821043,0.272674312516274,3.60368426519918,2.96047561407209,0.708401843624959,-0.0651931924978645,9.70789348263716,11.8760502039242,1.10053890403637,0.223233148684474,0.156341574696513,0.0130003762788156,0.929163581231366,3.04618611646036,0.622539599425015,0.30429758626372,0.557498148738819,0.232290895307841,0.206738330358389,0.439319028482807,1.00064653635132,1.00043347539223,1.00021296864243,0.517706057200329,0.0524831886690334,0.429810754130638,1.05127855585443,1.04838986294536,0.821513594479252,0.196577111503905,-0.0180907059831571,1.28805927417977e-15,0.965571111871347,0.0197963100292335,0.67,0.1,1.025,0.5,0.6,0.25,0.4,0.005,0.975,0.8,1.20249626359716,0.848587769783058,0.480998505438866,0.247705534067259,0.301989077628304,0.519375438001776,-1.24217285860778,1.36834760531079,6.88785840191488
179,-0.00454923675810584,0.830562168725128,0.101376423819593,-0.00472471524206775,-0.00472471523595686,-0.00431644606985215,0.0230005164477116,0.0131678814951771,0.0118159068156143,6.72928182106226,8.53926303132862,0.879350471147186,2.64640696686195,0.27243587857173,3.60188824850755,2.96237828106612,0.704670207107693,-0.0651602396662582,9.70819202042231,11.8634880180943,1.09961910745234,0.223293435695931,0.156217009323807,0.0129929973996842,0.928886756840146,3.04455619440346,0.622354127082898,0.304161625210688,0.557332054104088,0.232221689210036,0.206761517402002,0.43928493055511,1.0006714032654,1.0004280170581,1.00024328207842,0.517614795759536,0.0524739369102109,0.429911267330253,1.05127520106665,1.04838633445451,0.82245146897425,0.195639108847883,-0.0180905778221324,-4.2865004501698e-16,0.965571111871347,0.0197963100292335,0.67,0.1,1.025,0.5,0.6,0.25,0.4,0.005,0.975,0.8,1.20234995634093,0.848671510462744,0.480939982536372,0.247608587514916,0.301801669124582,0.519394239380098,-1.24176388323512,1.36137956812783,6.89067374172924
180,-0.0045545039555865,0.830892567507448,0.101376423819106,-0.0047247152408687,-0.00472471523608131,-0.00432879334782044,0.0230058714513604,0.0131712290419279,0.0118189923253256,6.72768014855987,8.53285574024221,0.878663688941537,2.64421105707108,0.272204400005959,3.60014308046208,2.96423958065539,0.701031741672567,-0.0651282418658718,9.70848805663578,11.8512720583322,1.09872567788252,0.223352233137801,0.156095823222244,0.0129858308008923,0.928617931997736,3.04297232126344,0.622174014438483,0.304029561837362,0.557170759198641,0.232154482999434,0.206783905717283,0.439251710562608,1.00069561507051,1.00042272352464,1.00027277623694,0.517526288776944,0.0524649643885804,0.430008746834476,1.05127193748273,1.04838290211773,0.823367159139388,0.194723300159111,-0.0180904592984985,2.11131443061878e-15,0.965571111871347,0.0197963100292335,0.67,0.1,1.025,0.5,0.6,0.25,0.4,0.005,0.975,0.8,1.20220755530864,0.848752459707274,0.480883022123456,0.247514335561406,0.301619118887933,0.519413232363334,-1.24136635991023,1.35458189636955,6.89344019738375
181,-0.00455961217819933,0.831213105477767,0.101376423818724,-0.00472471523992946,-0.0047247152361789,-0.00434076244593518,0.0230110823941748,0.0131744865875924,0.0118219948883393,6.72611722114568,8.5266310397579,0.8779964856284,2.64207939997359,0.271979672321121,3.59844733380818,2.96606024162851,0.697484263535287,-0.065097171355616,9.7087815148535,11.8393928706923,1.09785785697083,0.223409575823008,0.155977926650153,0.0129788703769285,0.928356876164985,3.04143320810919,0.62199910703054,0.303901284273648,0.557014125698991,0.232089219041246,0.206805523743701,0.439219347805939,1.00071918790072,1.00041758976091,1.00030147224808,0.517440452222684,0.0524562625854789,0.430103285191837,1.05126876271476,1.04837956340675,0.824261123335539,0.193829226561767,-0.0180903498973065,9.69301528514e-16,0.965571111871347,0.0197963100292335,0.67,0.1,1.025,0.5,0.6,0.25,0.4,0.005,0.975,0.8,1.20206896147899,0.848830712634191,0.480827584591595,0.247422704882551,0.301441307845462,0.519432386393797,-1.24097997354536,1.34795078455737,6.8961580712074
182,-0.00456456627576877,0.831524076933806,0.101376423818424,-0.0047247152391936,-0.00472471523625528,-0.0043523652306765,0.0230161529733589,0.0131776564384766,0.0118249166295065,6.72459223582482,8.52058372279478,0.877348302320861,2.6400101013908,0.271761497139692,3.59679962064326,2.9678409857492,0.694025636102364,-0.0650670012082963,9.70907232048128,11.8278412596255,1.097014908451,0.22346549775929,0.155863232204981,0.012972110198742,0.928103365412715,3.03993760139563,0.621829254826519,0.303776683896523,0.556862019247629,0.232025841353179,0.206826398852023,0.439187821959134,1.00074213755656,1.00041261089285,1.00032939075349,0.517357204683236,0.0524478232474831,0.430194972069281,1.05126567443327,1.04837631585579,0.825133813047504,0.192956436082546,-0.0180902491300495,6.13196238788918e-16,0.965571111871347,0.0197963100292335,0.67,0.1,1.025,0.5,0.6,0.25,0.4,0.005,0.975,0.8,1.20193407803656,0.848906360989091,0.480773631214626,0.24733362407685,0.301268119577869,0.519451672539077,-1.24060441748493,1.34148249955714,6.89882769078769
183,-0.00456937094711524,0.831825767389917,0.10137642381819,-0.00472471523861706,-0.00472471523631512,-0.00436361317932599,0.0230210867997951,0.0131807408472254,0.0118277596242744,6.72310439869772,8.51470873211147,0.876718596251659,2.63800132392244,0.271549682016423,3.59519859140253,2.9695825276548,0.690653769034025,-0.0650377052862986,9.70936040113698,11.8166082808039,1.09619611749039,0.223520032172616,0.155751654763004,0.012965544508611,0.927857182236813,3.03848428206044,0.621664312098665,0.303655655233377,0.556714309342088,0.231964295559203,0.206846557388158,0.439157113071582,1.00076447950746,1.00040778219815,1.00035655191379,0.517276467276853,0.0524396383778343,0.430283894345313,1.05126267036604,1.04837315706025,0.82598567287943,0.192104483653742,-0.0180901565331715,1.2273629891001e-15,0.965571111871347,0.0197963100292335,0.67,0.1,1.025,0.5,0.6,0.25,0.4,0.005,0.975,0.8,1.20180281034502,0.848979493274608,0.480721124138007,0.247247023619664,0.301099440272128,0.519471063430591,-1.24023939329432,1.33517337966271,6.90144940742691
184,-0.0045740307449366,0.832118453839231,0.101376423818006,-0.00472471523816542,-0.00472471523636209,-0.00437451739372774,0.0230258873995717,0.0131837420137627,0.0118305258995512,6.72165292540541,8.5090011559324,0.876106840300174,2.63605128520177,0.271344040256158,3.59364293386319,2.97128557475591,0.687366617325287,-0.0650092582180027,9.70964568697574,11.8056852341459,1.09540079005349,0.223573211529398,0.15564311142057,0.0129591677151573,0.927618115377931,3.03707206463643,0.621504137303214,0.303538095868323,0.556570869226759,0.231904528844483,0.206866024714974,0.439127201569082,1.00078622889453,1.00040309910134,1.00038297541615,0.517198163571901,0.0524317002281596,0.43037013619994,1.05125974829691,1.04837008467536,0.826817140555962,0.191272931110711,-0.0180900716666723,-2.08823943716393e-16,0.965571111871347,0.0197963100292335,0.67,0.1,1.025,0.5,0.6,0.25,0.4,0.005,0.975,0.8,1.20167506591854,0.849050194873777,0.480670026367418,0.247162835818117,0.300935158674306,0.519490533203567,-1.23988461055261,1.32901983367102,6.90402359464718
185,-0.00457855008052121,0.832402405007969,0.101376423817862,-0.00472471523781159,-0.00472471523639872,-0.00438508861350573,0.0230305582155159,0.0131866620862374,0.0118332174345755,6.72023704152054,8.50345622370057,0.875512522533247,2.63415825620524,0.271144390737361,3.59213137216773,2.9729508271378,0.684162180404843,-0.0649816353749085,9.70992811096376,11.7950636570389,1.0946282522842,0.223625067557598,0.155537521436828,0.0129529743885037,0.927385959645733,3.03569979638029,0.621348592962641,0.30342390635137,0.55643157578744,0.231846489911433,0.206884825252168,0.439098068254085,1.00080740053372,1.00039855716908,1.00040868048211,0.517122219508003,0.052424001290477,0.43045377920152,1.05125690606453,1.04836709641485,0.827628646928833,0.190461347183968,-0.0180899941128013,2.13603893378104e-17,0.965571111871347,0.0197963100292335,0.67,0.1,1.025,0.5,0.6,0.25,0.4,0.005,0.975,0.8,1.20155075439187,0.849118548168069,0.480620301756749,0.247080994766736,0.300775166042581,0.519510057438494,-1.23953978664945,1.3230183399502,6.90655064674433
186,-0.00458293322829918,0.83267788160217,0.10137642381775,-0.00472471523753437,-0.00472471523642759,-0.00439533722875995,0.0230351026087324,0.0131895031619713,0.0118358361617875,6.71885598288843,8.49806930195337,0.874935145759473,2.63232055961494,0.270950557741151,3.59066266586652,2.97457897746458,0.681038501251395,-0.064954812849453,9.71020760910549,11.7847353177519,1.09387784990674,0.223675631266804,0.155434806177926,0.0129469592555712,0.927160515747618,3.03436635641795,0.621197545550904,0.303312990110411,0.556296309448571,0.231790128936905,0.206902982514318,0.439069694305194,1.00082800891926,1.00039415210556,1.0004336858755,0.517048563319881,0.0524165342894748,0.430534902390644,1.05125414156122,1.04836419004969,0.828420615988645,0.189669307486189,-0.0180899234748339,9.05106672202643e-16,0.965571111871347,0.0197963100292335,0.67,0.1,1.025,0.5,0.6,0.25,0.4,0.005,0.975,0.8,1.20142978748901,0.849184632650368,0.480571914995605,0.247001436303867,0.300619356100529,0.519529613104056,-1.23920464658603,1.31716544550199,6.90903097739009
187,-0.00458718433023779,0.832945136547056,0.101376423817661,-0.00472471523731721,-0.00472471523645013,-0.00440527329226836,0.0230395238601418,0.0131922672884086,0.0118383839677024,6.7175089959224,8.49283589031883,0.874374227096654,2.63053656823253,0.270762370785713,3.58923560898007,2.97617071088649,0.67799366552708,-0.0649287674335018,9.71048412062905,11.7746922090354,1.09314894764438,0.223724932967356,0.15533488906263,0.0129411171955117,0.92694159012188,3.03307065490694,0.62105086538166,0.303205253365912,0.556164954073128,0.23173539753047,0.206920519147197,0.439042061276006,1.00084806822739,1.00038987974811,1.00045800991049,0.516977125463798,0.0524092921750543,0.430613582361148,1.05125145273177,1.04836136340676,0.829193464881567,0.18889639449436,-0.0180898593759267,3.28050930087399e-16,0.965571111871347,0.0197963100292335,0.67,0.1,1.025,0.5,0.6,0.25,0.4,0.005,0.975,0.8,1.20131207899091,0.849248525033146,0.480524831596364,0.24692409796886,0.300467624990707,0.519549178501578,-1.23887892278016,1.31145776501974,6.91146501828274
188,-0.00459130740008707,0.833204415219251,0.101376423817592,-0.00472471523714713,-0.00472471523646778,-0.00441490653121335,0.0230438251720172,0.0131949564640642,0.0118408626937816,6.71619533785675,8.48775161762878,0.873829297552036,2.62880470344275,0.270579664465898,3.58784902908114,2.97772670495102,0.675025800727608,-0.0649034765974941,9.71075758813391,11.7649265419024,1.09244092865571,0.22377300228859,0.155237695509336,0.0129354432352733,0.926728994775214,3.03181163221601,0.620908426499394,0.303100605048212,0.556037396865129,0.231682248693804,0.206937456962453,0.439015151093359,1.00086759232029,1.00038573606291,1.00048167045971,0.516907838546496,0.052402268115125,0.430689893338379,1.05124883757232,1.04835861436767,0.829947603930711,0.188142197527332,-0.0180898014580431,-6.68771089674034e-16,0.965571111871347,0.0197963100292335,0.67,0.1,1.025,0.5,0.6,0.25,0.4,0.005,0.975,0.8,1.20119754470224,0.849310299352076,0.480479017880897,0.24684891896005,0.300319871228597,0.519568733210971,-1.23856235487564,1.30589197994313,6.91385321784535
189,-0.00459530632748107,0.833455955672068,0.101376423817538,-0.00472471523701379,-0.00472471523648166,-0.00442424635845584,0.0230480096695172,0.0131975726394697,0.0118432741373033,6.71491427696096,8.48281223814614,0.873299901614975,2.62712343372541,0.27040227829788,3.58650178639685,2.97924762951831,0.672133075348769,-0.0648789184702236,9.71102795770481,11.7554307395864,1.09175319398793,0.223819868196262,0.155143152884451,0.012929932545294,0.926522547124506,3.03058825812215,0.620770106573419,0.302998956717373,0.555913528274704,0.231630636781127,0.20695381697072,0.438988946055047,1.00088659475026,1.00038171714088,1.00050468496248,0.516840637256543,0.0523954554886456,0.430763907254812,1.05124629412921,1.04835594086745,0.830683436661934,0.187406312719013,-0.0180897493809476,-7.71061723272975e-17,0.965571111871347,0.0197963100292335,0.67,0.1,1.025,0.5,0.6,0.25,0.4,0.005,0.975,0.8,1.20108610241746,0.84937002706532,0.480434440966986,0.246775840093536,0.300175995656942,0.519588258038214,-1.23825468955572,1.30046483751072,6.91619603997133
190,-0.00459918488190016,0.833699988854078,0.101376423817495,-0.00472471523690943,-0.00472471523649243,-0.00443330188337732,0.0230520804022114,0.013200117718116,0.0118456200522283,6.71366509271839,8.4780136279033,0.87278559686174,2.62549127321391,0.27023005656868,3.58519277293078,2.98073414668108,0.669313698068934,-0.0648550718192357,9.71129517899541,11.7461974316706,1.09108516204651,0.223865559009212,0.155051190452096,0.0129245804353213,0.926322069842833,3.02939953102508,0.620635786794698,0.302900222485495,0.5557932419057,0.231580517460708,0.206969619413272,0.438963428827065,1.00090508876405,1.00037781919369,1.00052707043304,0.516775458297999,0.0523888478788984,0.430835693823102,1.05124382049784,1.04835334089337,0.831401359833833,0.186688342987429,-0.0180897028212614,4.42846268926294e-16,0.965571111871347,0.0197963100292335,0.67,0.1,1.025,0.5,0.6,0.25,0.4,0.005,0.975,0.8,1.20097767188628,0.849427777148689,0.480391068754513,0.246704803762771,0.300035901400499,0.51960773496434,-1.23795568036072,1.29517314981118,6.91849396281671
191,-0.00460294671649968,0.833936738821148,0.101376423817462,-0.0047247152368276,-0.00472471523650098,-0.00444208192230677,0.0230560403455981,0.0132025935573907,0.0118479021500626,6.71244707597206,8.47335178114833,0.872285953572049,2.62390678029932,0.270062848190452,3.58392091160505,2.98218691068967,0.666565916947206,-0.0648319160318241,9.71155920528478,11.737219448385,1.09043626808103,0.223910102415318,0.154961739325112,0.0129193823503536,0.926127390709585,3.0282444771793,0.620505351775422,0.302804318941404,0.555676434425751,0.231531847677396,0.206984883792266,0.438938582440432,1.00092308730733,1.00037403854992,1.0005488434688,0.516712240326314,0.0523824390669908,0.430905320606695,1.05124141482161,1.04835081248375,0.832101763471701,0.185987897999876,-0.0180896614715766,1.28192382777124e-15,0.965571111871347,0.0197963100292335,0.67,0.1,1.025,0.5,0.6,0.25,0.4,0.005,0.975,0.8,1.20087217477867,0.849483616186901,0.48034886991147,0.24663575389896,0.299899493821262,0.519627147095939,-1.2376650875098,1.2900137928342,6.92074747763822
192,-0.00460659537180965,0.834166422942159,0.101376423817436,-0.00472471523676354,-0.00472471523650764,-0.00445059500855349,0.0230598924026117,0.0132050019695096,0.0118501221007136,6.71125952904066,8.46882280689638,0.871800554357069,2.62236855627822,0.269900506559332,3.58268515542244,2.98360656788219,0.663888018636863,-0.0648094310966064,9.71181999350999,11.7284898150651,1.0898059636865,0.223953525486802,0.154874732417324,0.0129143338667003,0.92593834246464,3.02712214994366,0.620378689451309,0.302711165077654,0.555563005478784,0.23148458561616,0.206999628899657,0.438914390287641,1.00094060302929,1.00037037165133,1.00057002025861,0.516650923886371,0.0523762230255746,0.430972853088055,1.0512390752908,1.04834835372676,0.832785030905229,0.185304594134395,-0.0180896250396247,-1.20282115212911e-16,0.965571111871347,0.0197963100292335,0.67,0.1,1.025,0.5,0.6,0.25,0.4,0.005,0.975,0.8,1.20076953464957,0.849537608461093,0.480307813859829,0.24656863593227,0.299766680474158,0.519646478617167,-1.23738267772689,1.28498370552198,6.92295708767667
193,-0.00461013427931044,0.834389252098578,0.101376423817416,-0.00472471523671336,-0.00472471523651286,-0.00445884940205976,0.0230636394051177,0.0132073447224412,0.0118522815333405,6.71010176580687,8.46442292558314,0.871328993798513,2.62087524404315,0.269742889418758,3.58148448664824,2.98499375662015,0.661278327613753,-0.064787597585664,9.71207750427708,11.7200017467693,1.08919371631976,0.223995854694919,0.154790104397049,0.0129094306881574,0.925754762666505,3.02603162904834,0.620255690986558,0.302620682219753,0.555452857599903,0.231438690666626,0.207013872844864,0.438890836118778,1.00095764828739,1.00036681504929,1.00059061659104,0.516591451352606,0.0523701939127756,0.431038354734619,1.05123680014151,1.04834596275929,0.83345153880973,0.184638054437765,-0.0180895932474945,1.80894078825716e-16,0.965571111871347,0.0197963100292335,0.67,0.1,1.025,0.5,0.6,0.25,0.4,0.005,0.975,0.8,1.20066967690334,0.849589816032801,0.480267870761334,0.246503396753858,0.299637371063261,0.519665714743247,-1.23710822407055,1.28007988882183,6.9251233070847
194,-0.00461356676488887,0.834605430878075,0.1013764238174,-0.00472471523667395,-0.00472471523651685,-0.00446685309869232,0.0230672841153943,0.0132096235408232,0.0118543820371968,6.7089731117807,8.46014846581763,0.870870878098537,2.61942552681431,0.269589858727075,3.58031791601187,2.98634910722978,0.658735205419317,-0.0647663966372265,9.71233170185334,11.711748643049,1.08859900883068,0.224037115924082,0.154707791641795,0.0129046686422953,0.925576493554327,3.02497201987927,0.620136250681399,0.302532793957573,0.555345896132596,0.231394123388582,0.207027633081225,0.438867904037354,1.00097423515214,1.00036336540129,1.00061064786255,0.516533766871125,0.0523643460663251,0.43110188706255,1.05123458765464,1.04834363776579,0.834101657250674,0.183987908580224,-0.018089565830898,4.73503063581637e-16,0.965571111871347,0.0197963100292335,0.67,0.1,1.025,0.5,0.6,0.25,0.4,0.005,0.975,0.8,1.20057252875807,0.849640298824552,0.480229011503229,0.246439984678701,0.299511477398522,0.519684841675434,-1.23684150576793,1.27529940474089,6.92724665989801
195,-0.00461689605217903,0.834815157762365,0.101376423817387,-0.0047247152366432,-0.00472471523652007,-0.00447461383918646,0.0230708292276,0.01321184010687,0.0118564251624653,6.70787290413957,8.45599586123124,0.870425824740104,2.61801812691107,0.269441280529324,3.57918448192794,2.98767324194893,0.656257049917891,-0.0647458099388851,9.71258255414264,11.703724082868,1.0880213390074,0.224077334485456,0.154627732194138,0.0129000436768557,0.92540338191372,3.02394245277971,0.620020265882193,0.302447426078841,0.555242029148232,0.23135084547843,0.207040926431322,0.438845578495888,1.00099037541199,1.00036001946756,1.00063012908569,0.516477816303743,0.0523586739978868,0.43116350969837,1.0512324361548,1.04834137697719,0.834735749731351,0.183353792807128,-0.0180895425384787,-3.34240563579198e-16,0.965571111871347,0.0197963100292335,0.67,0.1,1.025,0.5,0.6,0.25,0.4,0.005,0.975,0.8,1.20047801920994,0.849689114697233,0.480191207683976,0.246378349409238,0.299388913353058,0.519703846557456,-1.23658230805269,1.27063937540338,6.92932767904924
196,-0.0046201252657921,0.835018625309441,0.101376423817377,-0.00472471523661899,-0.00472471523652263,-0.00448213911775808,0.0230742773692247,0.0132139960612709,0.0118584124210838,6.70680049174763,8.45196164742074,0.869993462157553,2.61665180456221,0.269297024833058,3.57808324973662,2.98896677487994,0.653842294567992,-0.0647258197113183,9.71283003264641,11.6959218196669,1.08746021913555,0.224116535130062,0.154549865718747,0.0128955518562542,0.925235278946287,3.02294208236884,0.619907636894013,0.302364506504652,0.555141167367772,0.231308819736572,0.207053769111225,0.438823844291262,1.00100608057822,1.00035677410788,1.00064907489723,0.516423547173875,0.052353172387572,0.431223280438554,1.05123034400936,1.04833917866979,0.835354173243444,0.182735349887718,-0.0180895231311611,2.30839160303727e-16,0.965571111871347,0.0197963100292335,0.67,0.1,1.025,0.5,0.6,0.25,0.4,0.005,0.975,0.8,1.20038607899747,0.849736319524397,0.480154431598988,0.24631844199981,0.299269594820996,0.519722717433382,-1.23633042200674,1.26609698211118,6.93136690542349
197,-0.00462325743443912,0.835216020330365,0.10137642381737,-0.00472471523660012,-0.00472471523652462,-0.00448943619039743,0.023077631102524,0.0132160930040783,0.0118603452875624,6.70575523515558,8.44804245898194,0.869573429416993,2.61532535675354,0.269156965488077,3.57701331096302,2.99023031194827,0.651489407707263,-0.0647064086925145,9.71307411241156,11.6883357765675,1.08691517557074,0.224154742061416,0.154474133460509,0.0128911893581862,0.925072040142779,3.02197008687735,0.619798266895662,0.302283965226974,0.555043224085667,0.231268010035695,0.207066176753701,0.438802686559902,1.00102136188998,1.00035362627839,1.00066749956621,0.516370908614221,0.0523478360786355,0.431281255307144,1.05122830962739,1.04833704116415,0.83595727832034,0.182132229061198,-0.0180895073815383,-1.46035908985552e-15,0.965571111871347,0.0197963100292335,0.67,0.1,1.025,0.5,0.6,0.25,0.4,0.005,0.975,0.8,1.200296640566,0.849781967263632,0.4801186562264,0.246260214821897,0.299153439675891,0.519741443206894,-1.2360856444059,1.26166946440817,6.93336488695464
198,-0.00462629549395048,0.835407524060791,0.101376423817364,-0.00472471523658524,-0.00472471523652607,-0.00449651208285873,0.023080892925936,0.0132181324955847,0.01186222519979,6.70473650658318,8.4442350266318,0.869165375906319,2.61403761611172,0.269020980069933,3.57597378259534,2.99146445086704,0.649196891850777,-0.0646875601224744,9.7133147719675,11.6809600417138,1.08638574832411,0.224191978947743,0.154400478203751,0.0128869524703328,0.924913525159789,3.02102566749947,0.619692061857058,0.302205734248014,0.554948115095873,0.231228381289947,0.207078164430453,0.438782090772781,1.00103623031921,1.00035057302858,1.00068541700192,0.516319851316174,0.0523426600723466,0.43133748861148,1.05122633145876,1.04833496282413,0.836545409092994,0.1815440859803,-0.0180894950732935,-3.65871178931622e-17,0.965571111871347,0.0197963100292335,0.67,0.1,1.025,0.5,0.6,0.25,0.4,0.005,0.975,0.8,1.20020963803227,0.849826110025137,0.480083855212907,0.24620362153014,0.299040367729737,0.519760013601971,-1.23584777756929,1.25735411914897,6.93532217776125
199,-0.00462924229019598,0.835593312327361,0.101376423817359,-0.0047247152365737,-0.00472471523652729,-0.00450337359835651,0.0230840652754791,0.0132201160571889,0.0118640535598311,6.70374368988577,8.44053617441636,0.868768961034509,2.61278744982319,0.268888949767113,3.5749638063815,2.99266978110746,0.646963283002421,-0.0646692577283802,9.71355199325359,11.6737888637458,1.08587149066041,0.224228268933788,0.154328844232508,0.0128828375871633,0.924759597699911,3.02010804776155,0.61958893045894,0.302129747521472,0.554855758619947,0.231189899424978,0.207089746673421,0.438762042730303,1.00105069657569,1.00034761149835,1.00070284076181,0.516270327480886,0.052337639523029,0.431392032996085,1.05122440799309,1.04833294205577,0.837118903348165,0.180970582652491,-0.0180894860006561,1.70479954628035e-15,0.965571111871347,0.0197963100292335,0.67,0.1,1.025,0.5,0.6,0.25,0.4,0.005,0.975,0.8,1.20012500714924,0.849868798137633,0.480050002859697,0.246148617029141,0.298930300692561,0.519778419124915,-1.23561662921243,1.25314829957252,6.93723933732133
200,-0.00463210058190876,0.835773555709138,0.101376423817355,-0.00472471523656459,-0.00472471523652829,-0.00451002732498251,0.0230871505261312,0.0132220451722501,0.0118658317347117,6.70277618050624,8.4369428170016,0.868383853939928,2.61157375858694,0.268760759271751,3.57398254814392,2.99384688387508,0.644787149979059,-0.064651485710216,9.71378576153836,11.6668166474017,1.0853719687083,0.224263634652249,0.154259177291825,0.0128788412068327,0.924610125395264,3.01921647290676,0.619488784014827,0.302055940895542,0.554766075237158,0.231152531348816,0.207100937495201,0.438742528557063,1.00106477111204,1.00034473891518,1.00071978405929,0.516222290771949,0.052332769733263,0.431444939494788,1.0512225377589,1.04833097730632,0.837678092588862,0.180411387379024,-0.0180894799678865,-7.32655666243391e-16,0.965571111871347,0.0197963100292335,0.67,0.1,1.025,0.5,0.6,0.25,0.4,0.005,0.975,0.8,1.20004268527121,0.849910080211715,0.480017074108486,0.246095157441033,0.298823162132632,0.519796651027723,-1.23539201230397,1.24904941438088,6.9391169296847
201,-0.0046348730434168,0.835948419694223,0.101376423817352,-0.00472471523655749,-0.00472471523652895,-0.00451647964285418,0.0230901509931886,0.0132239212869307,0.0118675610571945,6.70183338541388,8.43345195704513,0.868009733207378,2.61039547560025,0.268636296673775,3.57302919711213,2.99499633209175,0.64266709374721,-0.0646342287268244,9.71401606533188,11.660037949244,1.0848867610825,0.224298098234862,0.15419142455006,0.0128749599281703,0.924464979694309,3.01835020929555,0.619391536395187,0.301984252057637,0.554678987816585,0.231116244923577,0.207111750408613,0.43872353469652,1.00107846412874,1.00034195259137,1.00073625977144,0.51617569626961,0.0523280461492448,0.431496257581145,1.0512207193226,1.04832906706325,0.838223302096839,0.179866174691952,-0.0180894767887912,2.34041403388851e-15,0.965571111871347,0.0197963100292335,0.67,0.1,1.025,0.5,0.6,0.25,0.4,0.005,0.975,0.8,1.1999626113192,0.849950003200781,0.47998504452768,0.246043200073811,0.298718877437272,0.519814701272771,-1.23517374492602,1.24505492682385,6.94095552272204
202,-0.00463756226728495,0.836118064831695,0.10137642381735,-0.00472471523655194,-0.00472471523652962,-0.00452273673100478,0.0230930689336044,0.0132257458110261,0.0118692428265423,6.70091472303138,8.43006068264626,0.867646286593639,2.60925156557607,0.268515453358378,3.57210296527296,2.99611869038336,0.640601746771982,-0.0646174718823874,9.71424289629241,11.6534474735083,1.08441545851739,0.224331681323146,0.15412553456216,0.0128711904477569,0.924324035751865,3.01750854382184,0.61929710395375,0.301914620480836,0.554594421451119,0.231081008937966,0.207122198445473,0.438705047905603,1.0010917855791,1.00033924992138,1.00075228044664,0.516130500426491,0.0523234643562969,0.431546035217212,1.05121895128766,1.04832720985328,0.838754850996973,0.17933462528929,-0.0180894762862632,-4.02265294047252e-16,0.965571111871347,0.0197963100292335,0.67,0.1,1.025,0.5,0.6,0.25,0.4,0.005,0.975,0.8,1.1998847257467,0.84998861245962,0.479953890298682,0.245992703390404,0.298617373774274,0.519832562498765,-1.23496165013796,1.24116235378967,6.9427556874096
203,-0.00464017076687079,0.836282646879014,0.101376423817348,-0.00472471523654749,-0.00472471523653006,-0.0045288045740266,0.0230959065473067,0.0132275201187816,0.0118708783092697,6.70001962315096,8.42676616487189,0.867293210761223,2.60814102379129,0.268398123906697,3.57120308673781,2.99721451507313,0.63858977237799,-0.0646012007133169,9.71446624912835,11.6470400680684,1.08395766351169,0.224364405078848,0.154061457233889,0.0128675295570891,0.924187172322262,3.01669078334445,0.619205405455916,0.30184698737187,0.554512303393357,0.231046793080565,0.207132294174586,0.438687055249247,1.00110474517425,1.00033662837929,1.00076785831206,0.516086661024747,0.0523190200745249,0.431594318900728,1.05121723229368,1.04832540424142,0.839273052323386,0.178816425968462,-0.0180894782918481,5.52889634566716e-16,0.965571111871347,0.0197963100292335,0.67,0.1,1.025,0.5,0.6,0.25,0.4,0.005,0.975,0.8,1.19980897050587,0.850025951800779,0.479923588202349,0.24594362697849,0.298518580053944,0.519850227987951,-1.23475555584368,1.23736926490214,6.94451799714845
204,-0.00464270097879742,0.836442316945032,0.101376423817347,-0.00472471523654416,-0.0047247152365304,-0.0045346889684772,0.0230986659784957,0.0132292455496975,0.011872468739884,6.69914752684087,8.42356565535605,0.866950211020088,2.60706287516463,0.268284205999591,3.57032881712683,2.99828435418035,0.636629864122019,-0.0645854011755422,9.7146861214963,11.6408107205154,1.08351298998396,0.224396290194089,0.153999143786975,0.0128639741398263,0.924054271655521,3.01589625413352,0.619116362009199,0.30178129562075,0.554432562993312,0.23101356791388,0.207142049719021,0.438669544094908,1.00111735238808,1.00033408551631,1.00078300528105,0.516044137134611,0.0523147091546154,0.431641153710773,1.05121556101552,1.04832364883002,0.839778213087158,0.178311269558175,-0.0180894826453333,6.6811454403676e-16,0.965571111871347,0.0197963100292335,0.67,0.1,1.025,0.5,0.6,0.25,0.4,0.005,0.975,0.8,1.19973528901405,0.850062063548801,0.47989411560562,0.245895931521037,0.298422426891761,0.519867691634538,-1.23455529466217,1.23367328162466,6.94624302711736
205,-0.0046451552653458,0.836597221628729,0.101376423817346,-0.00472471523654139,-0.00472471523653062,-0.00454039552905738,0.0231013493169183,0.01323092340932,0.0118740153216131,6.69829788634325,8.42045648397112,0.866617001077111,2.6060161733635,0.268173600324443,3.56947943296956,2.99932874742454,0.634720745177202,-0.0645700596321823,9.71490251389634,11.6347545543484,1.08308106293849,0.224427356901231,0.153938546725167,0.0128605211691195,0.923925219396506,3.01512430133165,0.619029896995659,0.301717489751862,0.554355131637903,0.230981304849126,0.207151476772674,0.438652502107038,1.00112961646212,1.00033161895833,1.00079773296042,0.516002889074286,0.0523105275737697,0.431686583351944,1.05121393616246,1.04832194225793,0.840270634345499,0.17781885484886,-0.0180894891943588,2.14773459258561e-16,0.965571111871347,0.0197963100292335,0.67,0.1,1.025,0.5,0.6,0.25,0.4,0.005,0.975,0.8,1.19966362612078,0.850096988592418,0.479865450448314,0.245849578767549,0.298328846571642,0.519884947914308,-1.23436070380143,1.23007207637131,6.94793135365815
206,-0.00464753591676969,0.836747503153811,0.101376423817345,-0.00472471523653928,-0.00472471523653084,-0.00454592969457046,0.0231039585991228,0.0132325549700199,0.0118755192271213,6.69747016496383,8.4174360565678,0.866293302792994,2.60499999993859,0.268066210484853,3.56865423112163,3.00034822623476,0.632861167728454,-0.0645551628415912,9.71511542956491,11.6288668252713,1.08266151814127,0.224457624982494,0.153879619801154,0.0128571677050188,0.92379990448696,3.01437428842945,0.618945936006263,0.301655515876554,0.554279942692176,0.23094997612174,0.207160586616176,0.438635917241553,1.00114154641044,1.00032922640365,1.00081205265762,0.515962878371133,0.0523064714317691,0.431730650197099,1.05121235647738,1.04832028319952,0.840750611272238,0.17733888652181,-0.0180894977940487,-1.25460672588356e-15,0.965571111871347,0.0197963100292335,0.67,0.1,1.025,0.5,0.6,0.25,0.4,0.005,0.975,0.8,1.1995939280753,0.850130766434793,0.479837571230119,0.245804531506016,0.298237773009841,0.51990199185539,-1.23417162493555,1.22656337162542,6.94958355369259
207,-0.0046498451535358,0.836893299499294,0.101376423817344,-0.00472471523653761,-0.00472471523653106,-0.00455129673367194,0.0231064958096905,0.0132341414717571,0.0118769815992141,6.69666383695516,8.41450185278292,0.865978845946498,2.60401346348546,0.267961942913159,3.5678525281973,3.00134331376409,0.631049912378971,-0.0645406979457626,9.71532487436641,11.6231429175949,1.08225400180585,0.224487113779314,0.153822317984353,0.0128539108919572,0.923678219070346,3.0136455967551,0.618864406777132,0.301595321647133,0.554206931442207,0.230919554767586,0.207169390132155,0.4386197777403,1.00115315102445,1.0003269056207,1.00082597538776,0.515924067724107,0.0523025369471673,0.431773395328725,1.05121082073591,1.04831867036386,0.841218433229515,0.176871075077147,-0.0180895083066614,1.15328118859792e-15,0.965571111871347,0.0197963100292335,0.67,0.1,1.025,0.5,0.6,0.25,0.4,0.005,0.975,0.8,1.19952614249443,0.850163435241896,0.47981045699777,0.245760753535559,0.298149141719457,0.519918819010151,-1.23398790408499,1.22314493906578,6.95120020416973
208,-0.00465208512849157,0.837034744526183,0.101376423817344,-0.00472471523653639,-0.00472471523653117,-0.00455650175041633,0.0231089628824463,0.0132356841228322,0.0118784035515289,6.69587838739313,8.41165142391172,0.865673368005655,2.60305569883228,0.267860706785675,3.56707366001739,3.00231452490893,0.629285787567553,-0.0645266524590859,9.71553085668364,11.617578340739,1.08185817028855,0.224515842201476,0.153766597429514,0.0128507479563088,0.923560058399416,3.01293762497774,0.618785239127609,0.301536856212262,0.55413603503965,0.230890014599854,0.2071778978199,0.438604072125532,1.00116443887766,1.00032465444587,1.00083951188053,0.515886420967412,0.0522987204536049,0.431814858578984,1.05120932774565,1.04831710249386,0.841674383840532,0.176415136760727,-0.0180895206012584,1.19166005403911e-15,0.965571111871347,0.0197963100292335,0.67,0.1,1.025,0.5,0.6,0.25,0.4,0.005,0.975,0.8,1.19946021833108,0.85019503188908,0.479784087332431,0.245718209639735,0.298062889775552,0.519935425428187,-1.23380939149991,1.2198145987008,6.9527818815428
209,-0.00465425792896332,0.837171968100376,0.101376423817343,-0.00472471523653528,-0.00472471523653129,-0.00456154968961142,0.0231113617016467,0.0132371841006247,0.0118797861692149,6.69511331204839,8.40888239084384,0.865376613905846,2.60212586625274,0.267762413940562,3.56631698107221,3.0032623663331,0.627567628996554,-0.0645130142574393,9.71573338730807,11.6121687258336,1.08147368979299,0.224543828736024,0.153712415446137,0.0128476762040185,0.923445320746448,3.01224978862435,0.61870836490012,0.301480070173658,0.554067192447869,0.230861330186612,0.20718611980944,0.4385887891944,1.00117541833042,1.00032247078139,1.00085267258704,0.515849903035304,0.0522950183962424,0.431855078568454,1.05120787634537,1.04831557836542,0.842118741063272,0.175970793490117,-0.018089534553389,-3.49754321485507e-17,0.965571111871347,0.0197963100292335,0.67,0.1,1.025,0.5,0.6,0.25,0.4,0.005,0.975,0.8,1.19939610584317,0.850225592005944,0.479758442337268,0.245676865560519,0.297978955780897,0.519951807630371,-1.23363594154649,1.21657021801088,6.95432916127453
210,-0.00465636557878693,0.837305096211902,0.101376423817343,-0.00472471523653462,-0.0047247152365314,-0.00456644534198436,0.0231136941031463,0.0132386425523175,0.0118811305096001,6.69436811725255,8.4061924420599,0.865088335834434,2.60122315070345,0.267666978798254,3.56558186399923,3.0041873364966,0.62589429907025,-0.0644997715676115,9.71593247933004,11.606909822414,1.08110023608338,0.224571091455956,0.15365973046868,0.0128446930183022,0.923333907316056,3.0115815196096,0.618633717901757,0.301424915544104,0.554000344389633,0.230833476829014,0.207194065875063,0.438573918013476,1.00118609753455,1.00032035259332,1.00086546768641,0.515814479928047,0.052291427328308,0.431894092743645,1.05120646540428,1.04831409678663,0.842551777265054,0.175537772779738,-0.0180895500447916,-5.63824581347995e-16,0.965571111871347,0.0197963100292335,0.67,0.1,1.025,0.5,0.6,0.25,0.4,0.005,0.975,0.8,1.19933375656312,0.850255150019547,0.479733502625249,0.24563668797292,0.297897279832305,0.519967962583947,-1.23346741259622,1.21340971109915,6.95584261736999
211,-0.0046584100402735,0.837434251090593,0.101376423817343,-0.00472471523653395,-0.0047247152365314,-0.00457119334917044,0.0231159618755418,0.0132400605956078,0.0118824376028451,6.69364231976061,8.40357933168822,0.864808293021885,2.60034676108496,0.26757431828435,3.56486769907507,3.00508992568867,0.624264686343441,-0.0644869129570406,9.71612814802969,11.6017974952099,1.08073749420661,0.224597648028726,0.153608502027531,0.012841795857414,0.923225722160515,3.01093226577877,0.618561233847545,0.301371345706714,0.553935433296309,0.230806430540129,0.207201745448317,0.438559447913304,1.00119648443792,1.00031829790953,1.0008779070924,0.515780118678935,0.052287943907755,0.431931937413311,1.05120509382125,1.04831265659695,0.842973759297818,0.175115807665292,-0.0180895669631094,6.6449694136629e-16,0.965571111871347,0.0197963100292335,0.67,0.1,1.025,0.5,0.6,0.25,0.4,0.005,0.975,0.8,1.19927312326784,0.850283739196044,0.479709249307137,0.245597644460244,0.297817803487594,0.519983887678607,-1.23330366691807,1.21033103785072,6.95732282193604
212,-0.00466039321611209,0.837559551318309,0.101376423817342,-0.00472471523653339,-0.00472471523653151,-0.00457579820852771,0.0231181667612953,0.0132414393194055,0.0118837084525866,6.69293544660908,8.401040877618,0.864536251538981,2.59949592952565,0.26748435175488,3.56417389372148,3.00597061606526,0.622677704980079,-0.0644744273238615,9.7163204107684,11.5968277210221,1.08038515822248,0.224623515724551,0.15355869072072,0.0128389822524796,0.923120672097536,3.01030149046296,0.618490850305349,0.3013193153754,0.553872403258522,0.230780168024384,0.207209167630491,0.438545368482996,1.00120658678904,1.00031630481781,1.0008900004598,0.515746787322381,0.0522845648940265,0.431968647783593,1.05120376052406,1.04831125666644,0.843384948574051,0.174704636627569,-0.0180895852016202,8.49519339885867e-16,0.965571111871347,0.0197963100292335,0.67,0.1,1.025,0.5,0.6,0.25,0.4,0.005,0.975,0.8,1.19921415994928,0.850311391680802,0.479685663979712,0.245559703489976,0.297740469733134,0.519999580703557,-1.2331445705734,1.20733220310078,6.95877034476629
213,-0.00466231695121172,0.837681111937813,0.101376423817342,-0.00472471523653306,-0.00472471523653151,-0.00458026427778702,0.0231203104578343,0.0132427797845167,0.0118849440365663,6.69224703497161,8.39857495966929,0.864271984100161,2.59866991068774,0.267397000923901,3.56349987202492,3.00682988169041,0.621132294221758,-0.0644623038872499,9.71650928688194,11.5919965856877,1.08004293094221,0.224648711424531,0.153510258186367,0.0128362498053929,0.923018666630409,3.00968867204667,0.618422506642374,0.301268780556516,0.553811199978245,0.230754666657602,0.207216341204621,0.438531669564875,1.00121641214147,1.00031437146403,1.00090175719071,0.51571445486302,0.0522812871449231,0.432004257992057,1.05120246446874,1.04830989589501,0.843785601143242,0.174304003515737,-0.018089604658979,-6.09880158118024e-16,0.965571111871347,0.0197963100292335,0.67,0.1,1.025,0.5,0.6,0.25,0.4,0.005,0.975,0.8,1.19915682178549,0.850338138537061,0.479662728714195,0.245522834390266,0.297665222951995,0.520015039825513,-1.23298999331369,1.20441125581159,6.96018575295083
214,-0.00466418303448472,0.837799044558398,0.101376423817342,-0.00472471523653273,-0.00472471523653151,-0.00458459577954229,0.0231223946186312,0.013244083024315,0.0118861453072489,6.69157663201146,8.39617951781637,0.864015269872628,2.59786798109482,0.267312189793313,3.56284507426951,3.0076681885817,0.619627417865874,-0.0644505321780567,9.71669479757474,11.5873002811289,1.07971052367466,0.224673251628603,0.153463167075828,0.012833596186775,0.922919617870456,3.00909330354724,0.618356143973205,0.301219698511635,0.553751770722273,0.230729904467614,0.207223274647026,0.438518341249166,1.00122596785825,1.00031249605034,1.00091318644075,0.515683091245788,0.0522781076135702,0.432038801140642,1.0512012046388,1.04830857321164,0.84417596776878,0.173913657470194,-0.0180896252389739,1.15196917108782e-15,0.965571111871347,0.0197963100292335,0.67,0.1,1.025,0.5,0.6,0.25,0.4,0.005,0.975,0.8,1.19910106511226,0.850364009783203,0.479640426044902,0.245487007327015,0.297592008892692,0.520030263567613,-1.23283980848088,1.20156628825851,6.9615696105096
215,-0.00466599320057331,0.837913457458353,0.101376423817342,-0.00472471523653251,-0.00472471523653162,-0.00458879680558677,0.0231244208542602,0.0132453500453991,0.0118873131924279,6.6909237947319,8.3938525504637,0.863765894291114,2.59708943847994,0.267229844584837,3.56220895648287,3.0084859947593,0.618162063753294,-0.0644391020297209,9.71687696581612,11.5827351024839,1.07938765598022,0.224697152463323,0.153417381027532,0.0128310191339924,0.922823440461726,3.00851489220583,0.618291705109357,0.301172027721448,0.553694064277036,0.230705860115432,0.2072299761384,0.438505373868747,1.00123526111619,1.00031067683342,1.00092429712506,0.515652667326963,0.0522750233454811,0.432072309327557,1.05119998004459,1.04830728757368,0.844556294005199,0.173533352845093,-0.0180896468502923,-2.27114004353797e-16,0.965571111871347,0.0197963100292335,0.67,0.1,1.025,0.5,0.6,0.25,0.4,0.005,0.975,0.8,1.19904684739527,0.850389034428676,0.479618738958108,0.245452193281547,0.29752077463851,0.52004525078921,-1.23269389291036,1.19879543522526,6.9629224780488
216,-0.00466774913152136,0.838024455684385,0.101376423817342,-0.0047247152365324,-0.00472471523653162,-0.00459287132110242,0.0231263907334343,0.0132465818282374,0.0118884485958185,6.69028808982469,8.39159211277259,0.863523648878127,2.59633360115392,0.267149893674091,3.56159098999456,3.00928375029866,0.616735243265356,-0.064428003569454,9.71705581623836,11.578297445317,1.079074055432,0.224720429689482,0.153372864641493,0.0128285164492342,0.922730051507876,3.00795295908984,0.618229134510277,0.301125727850698,0.553638030904726,0.230682512876969,0.207236453574481,0.438492757993959,1.0012442989102,1.00030891212282,1.00093509792429,0.51562315484611,0.0522720314757142,0.432104813678176,1.05119878972263,1.04830603796612,0.844926820275693,0.173162849130607,-0.0180896694062994,-3.79331531190378e-16,0.965571111871347,0.0197963100292335,0.67,0.1,1.025,0.5,0.6,0.25,0.4,0.005,0.975,0.8,1.19899412720282,0.850413240508621,0.479597650881129,0.245418364028847,0.297451468577411,0.520060000666527,-1.23255212683646,1.19609687320854,6.96424491243905
217,-0.00466945245839323,0.838132141148061,0.101376423817342,-0.00472471523653217,-0.00472471523653162,-0.00459682316870669,0.0231283057840193,0.0132477793277993,0.0118895523976394,6.6896690935172,8.38939631503731,0.863288331069516,2.59559980739301,0.26707226752669,3.5609906610069,3.01006189738654,0.615345990830052,-0.0644172272096875,9.71723137503701,11.5739838029065,1.07876945738416,0.224743098709579,0.153329583454469,0.0128260859976447,0.922639370501158,3.00740703870621,0.618168378235776,0.301080759714176,0.553583622300695,0.23065984262529,0.20724271457631,0.438480484427481,1.0012530880574,1.00030720027931,1.00094559729034,0.515594526398928,0.0522691292261194,0.432136344374953,1.05119763273491,1.04830482340091,0.845287781949818,0.172801910875009,-0.0180896928248262,6.73011255970804e-16,0.965571111871347,0.0197963100292335,0.67,0.1,1.025,0.5,0.6,0.25,0.4,0.005,0.975,0.8,1.19894286417906,0.850436655117278,0.479577145671624,0.245385492116356,0.29738404037252,0.520074512674118,-1.23241439380049,1.19346881963201,6.96553746651493
218,-0.00467110476284126,0.83823661271938,0.101376423817342,-0.00472471523653217,-0.00472471523653162,-0.00460065607236215,0.023130167494028,0.013248943474174,0.0118906254551822,6.68906639141824,8.38726332110854,0.863059744045144,2.59488741484531,0.2669968986363,3.56040747017766,3.01082087038021,0.613993363437221,-0.0644067636397738,9.71740366987348,11.5697907636063,1.07847360474718,0.224765174575133,0.153287503915752,0.0128237257055114,0.922551319253474,3.00687667862558,0.618109383899828,0.301037085243709,0.553530791552085,0.230637829813369,0.207248766500102,0.438468544199273,1.0012616352013,1.00030553971334,1.00095580345205,0.515566755410941,0.0522663139026714,0.432166930686388,1.05119650816831,1.04830364291624,0.845639409421298,0.172450307606669,-0.0180897170279676,8.13056467885978e-16,0.965571111871347,0.0197963100292335,0.67,0.1,1.025,0.5,0.6,0.25,0.4,0.005,0.975,0.8,1.19889301901779,0.850459304440186,0.479557207607115,0.245353550843308,0.297318440933166,0.520088786567149,-1.23228058056112,1.19090953206986,6.96680068879468
219,-0.00467270757862391,0.838337966317547,0.101376423817342,-0.00472471523653206,-0.00472471523653162,-0.00460437364115518,0.0231319773125936,0.0132500751731757,0.0118916686033688,6.68847957836312,8.38519134686345,0.862837696564577,2.59419579995548,0.266923721464595,3.55984093221446,3.01156109586979,0.612676440162613,-0.0643966038179347,9.71757272978003,11.565715008281,1.07818624776974,0.224786671993858,0.153246593363589,0.0128214335585058,0.922465821829424,3.00636143911681,0.618052100625714,0.300994667456114,0.553479493097654,0.230616455457356,0.20725461644674,0.438456928561583,1.00126994681581,1.00030392888348,1.00096572442078,0.515539816112031,0.0522635828928877,0.432196600995082,1.05119541513392,1.04830249557592,0.845981928185873,0.172107813756017,-0.0180897419418899,4.48549986776858e-16,0.965571111871347,0.0197963100292335,0.67,0.1,1.025,0.5,0.6,0.25,0.4,0.005,0.975,0.8,1.19884455343679,0.850481213785246,0.479537821374717,0.24532251424061,0.297254622386504,0.520102822364437,-1.23215057700719,1.18841730748004,6.96803512321943
220,-0.00467426239307588,0.838436294999041,0.101376423817342,-0.00472471523653195,-0.00472471523653162,-0.00460797937294632,0.0231337366509216,0.0132511753069366,0.0118926826552978,6.68790825825832,8.38317865872048,0.862622002807604,2.59352435740694,0.266852672383044,3.5592905754805,3.01228299274328,0.611394321700667,-0.0643867389634486,9.71773858506739,11.5617533078118,1.07790714382718,0.224807605336696,0.153206820002196,0.0128192075999756,0.922382804481295,3.00586089279172,0.617996479002467,0.300953470422103,0.553429682688777,0.230595701120324,0.207260271270913,0.438445628984034,1.0012780292092,1.00030236629496,1.00097536799584,0.515513683511762,0.0522609336633275,0.43222538282491,1.05119435276647,1.0483013804687,0.846315558919105,0.171774208577542,-0.0180897674966473,-2.39386798558572e-16,0.965571111871347,0.0197963100292335,0.67,0.1,1.025,0.5,0.6,0.25,0.4,0.005,0.975,0.8,1.19879743015273,0.850502407612679,0.479518972061091,0.24529235705123,0.297192538049673,0.520116620332229,-1.23202427607278,1.18599048144707,6.96924130891111
221,-0.00467577064853196,0.838531689043053,0.101376423817342,-0.00472471523653195,-0.00472471523653162,-0.00461147665789974,0.023135446883223,0.0132522447344881,0.0118936684027793,6.68735204392547,8.38122357219729,0.862412482219386,2.59287249958117,0.266783689616474,3.55875594161127,3.01298697225448,0.610146129905859,-0.0643771605490683,9.71790126723476,11.5579025206699,1.07763605721608,0.224827988644717,0.153168152879361,0.0128170459292868,0.922302195585936,3.00537462425971,0.617942471042577,0.300913459236087,0.553381317351562,0.230575548896484,0.207265737589908,0.438434637148783,1.00128588852805,1.00030085049823,1.00098474176977,0.515488333375492,0.0522583637571691,0.43225330286734,1.05119332022369,1.04830029670767,0.846640517554096,0.171449276071909,-0.0180897936260058,6.11992133797806e-16,0.965571111871347,0.0197963100292335,0.67,0.1,1.025,0.5,0.6,0.25,0.4,0.005,0.975,0.8,1.1987516128565,0.850522909563927,0.479500645142598,0.245263054711094,0.297132142402513,0.520130180968722,-1.23190157365455,1.18362742743475,6.97041977994828
222,-0.00467723374370621,0.838624236034376,0.101376423817342,-0.00472471523653184,-0.00472471523653162,-0.00461486878189388,0.0231371093476251,0.0132532842923277,0.0118946266168571,6.68681055694587,8.37932445051155,0.862208959360235,2.59223965603353,0.266716713188364,3.55823658514209,3.01367343809327,0.608931007342488,-0.0643678602936653,9.71806080888295,11.554159590557,1.07737275895515,0.224847835635883,0.153130561864616,0.0128149467002144,0.922223925583466,3.00490222979201,0.617890030140922,0.300874599986887,0.55333435535008,0.230555981395866,0.207271021792076,0.438423944945749,1.00129353076101,1.00029938008758,1.0009938531336,0.515463742201219,0.0522558707918638,0.432280387006918,1.05119231668577,1.04829924342959,0.846957015359035,0.171132804908241,-0.0180898202672761,-6.58159891306476e-16,0.965571111871347,0.0197963100292335,0.67,0.1,1.025,0.5,0.6,0.25,0.4,0.005,0.975,0.8,1.19870706618919,0.850542742489545,0.479482826475675,0.245234583330486,0.29707339106082,0.520143504989238,-1.23178236853126,1.1813265560486,6.97157106515924
223,-0.00467865303502769,0.838714020943818,0.101376423817342,-0.00472471523653184,-0.00472471523653162,-0.00461815892981854,0.0231387253470655,0.0132542947949758,0.0118955580483216,6.68628342750462,8.37747970322171,0.86201126375968,2.59162527298497,0.266651684867782,3.55773207314599,3.01434278645833,0.607748116842746,-0.0643588301550895,9.71821724362967,11.5505215441104,1.07711702659175,0.224867159711692,0.153094017627974,0.0128129081193798,0.922147926917753,3.00444331699534,0.617839111034894,0.300836859729267,0.553288756150652,0.230536981729438,0.207276130044972,0.438413544467924,1.00130096174261,1.0002979536998,1.00100270928187,0.51543988719717,0.0522534524568632,0.432306660345967,1.05119134135475,1.04829821979432,0.847265259014529,0.170824588346624,-0.0180898473611534,1.10510136401899e-15,0.965571111871347,0.0197963100292335,0.67,0.1,1.025,0.5,0.6,0.25,0.4,0.005,0.975,0.8,1.19866375571853,0.850561928476092,0.479465502287411,0.245206919675924,0.297016240750129,0.520156593312107,-1.23166656228542,1.1790863143082,6.97269568793137
224,-0.00468002983793446,0.838801126206217,0.101376423817342,-0.00472471523653184,-0.00472471523653162,-0.00462135018876342,0.0231402961501634,0.0132552770355187,0.0118964634282099,6.6857702942356,8.37568778490824,0.861819229774914,2.59102881282933,0.266588548117954,3.55724198488184,3.01499540613212,0.606596641072958,-0.0643500623232409,9.71837060602821,11.5469854886708,1.07686864401436,0.224885973963697,0.153058491619198,0.0128109284447334,0.922074133978626,3.00399750449466,0.61778966976568,0.300800206456342,0.553244480387176,0.230518533494657,0.207281068303208,0.438403428006767,1.00130818715688,1.00029657001288,1.00101131721765,0.515416746260082,0.0522511065114174,0.432332147228501,1.05119039345401,1.04829722498421,0.847565450690663,0.170524424160902,-0.0180898748515641,-1.44586284075054e-16,0.965571111871347,0.0197963100292335,0.67,0.1,1.025,0.5,0.6,0.25,0.4,0.005,0.975,0.8,1.19862164791584,0.850580488872099,0.479448659166336,0.245180041152509,0.296960649280036,0.520169447045161,-1.23155405922705,1.17690518492945,6.97379416603642
225,-0.00468136542812695,0.83888563179613,0.101376423817342,-0.00472471523653173,-0.00472471523653162,-0.00462444555109964,0.0231418229920748,0.0132562317861412,0.0118973434682962,6.68527080406668,8.37394719389256,0.861632696453265,2.59044975365542,0.266527248046383,3.55676591145227,3.01563167855777,0.605475782107841,-0.0643415492133456,9.71852093148836,11.5435486101104,1.07662740127038,0.224904291179897,0.153023956047601,0.0128090059840827,0.922002483045761,3.00356442162481,0.61774166364066,0.30076460907274,0.553201489827457,0.23050062076144,0.207285842315995,0.438393588047659,1.00131521254104,1.00029522774473,1.00101968375737,0.51539429795416,0.0522488307824422,0.432356871263398,1.05118947222765,1.04829625820356,0.847857788123722,0.170232114561798,-0.0180899026855201,6.74908086212562e-17,0.965571111871347,0.0197963100292335,0.67,0.1,1.025,0.5,0.6,0.25,0.4,0.005,0.975,0.8,1.19858071013351,0.850598444313117,0.479432284053405,0.245153925786738,0.296906575519024,0.520182067472872,-1.23144476631938,1.17478168561673,6.97486701147073
226,-0.00468266104278218,0.838967615301257,0.101376423817342,-0.00472471523653173,-0.00472471523653162,-0.00462744791746117,0.0231433070753261,0.0132571597986459,0.0118981988615704,6.68478461206584,8.37225647099359,0.861451507398747,2.58988758878379,0.266467731356474,3.55630345547128,3.01625197791804,0.604384761012668,-0.06433328345943,9.71866825620048,11.540208170721,1.07639309438945,0.224922123851024,0.152990383862366,0.0128071390936613,0.921932912234194,3.00314370813076,0.61769505119691,0.300730037368594,0.553159747340516,0.230483228058548,0.207290457634424,0.43838401726546,1.00132204328893,1.000293925652,1.00102781553557,0.515372521490699,0.0522466231624532,0.432380855346848,1.05118857694006,1.04829531867799,0.84814246469255,0.169947466120428,-0.0180899308129782,1.01340980321163e-16,0.965571111871347,0.0197963100292335,0.67,0.1,1.025,0.5,0.6,0.25,0.4,0.005,0.975,0.8,1.19854091058298,0.850615814745899,0.479416364233193,0.245128552209764,0.296853979369809,0.520194456044071,-1.23133859310668,1.17271436836505,6.97591473030983
227,-0.00468391788173015,0.839047151993681,0.101376423817342,-0.00472471523653173,-0.00472471523653162,-0.00463036009962625,0.0231447495706306,0.0132580618049627,0.0118990302827071,6.6843113812882,8.3706141983204,0.861275510642471,2.58934182631743,0.266409946300637,3.55585423074111,3.01685667121589,0.603322817433212,-0.0643252579079864,9.71881261706232,11.5369615071588,1.07616552521186,0.224939484176702,0.15295774873336,0.0128053261767413,0.92186536144141,3.00273501387627,0.617649792165745,0.300696461994255,0.553119216864846,0.230466340360352,0.207294919618463,0.438374708520123,1.00132868465455,1.00029266252886,1.00103571900955,0.515351396708339,0.0522444816075636,0.432404121684097,1.0511877068753,1.04829440565396,0.84841966949447,0.169670289692237,-0.0180899591867073,-6.41196605414113e-16,0.965571111871347,0.0197963100292335,0.67,0.1,1.025,0.5,0.6,0.25,0.4,0.005,0.975,0.8,1.19850221831319,0.850632619451731,0.479400887325276,0.245103899641094,0.296802821745191,0.52020661436025,-1.23123545164383,1.17070181877213,6.97693782257682
228,-0.00468513710859338,0.839124314898973,0.101376423817342,-0.00472471523653173,-0.00472471523653162,-0.00463318482330588,0.0231461516176862,0.0132589385176451,0.011899838388523,6.68385078262395,8.36901899809976,0.861104558516819,2.58881198870604,0.266353842634788,3.55541786193827,3.01744611835676,0.602289209193333,-0.0643174656118257,9.71895405160851,11.5338060284457,1.07594450122207,0.224956384071504,0.152926025032438,0.0128035656822846,0.921799772295978,3.00233799856068,0.617605847438305,0.300663854435755,0.553079863377587,0.230449943073994,0.207299233443707,0.438365654852408,1.00133514175544,1.00029143720586,1.00104340046386,0.515330904053931,0.0522424041355452,0.432426691810524,1.05118686133668,1.04829351839819,0.848689587420752,0.169400400341407,-0.0180899877621595,1.28058906713215e-15,0.965571111871347,0.0197963100292335,0.67,0.1,1.025,0.5,0.6,0.25,0.4,0.005,0.975,0.8,1.19846460318955,0.850648877068958,0.479385841275819,0.245079947872713,0.296753064544396,0.520218544164413,-1.23113525642792,1.16874265536053,6.97793678212378
229,-0.00468631985189113,0.839199174863245,0.101376423817342,-0.00472471523653173,-0.00472471523653162,-0.00463592473083974,0.0231475143259553,0.0132597906303572,0.0119006238184252,6.68340249464751,8.3674695315376,0.860938507533269,2.58829761232353,0.266299371574233,3.55499398430829,3.01802067223229,0.601283211900109,-0.0643098998241102,9.71909259794283,11.530739214024,1.07572983538703,0.224972835170895,0.152895187815224,0.0128018561036347,0.92173608810766,3.0019523314437,0.617563179032132,0.300632186990992,0.553041652864596,0.230434022026915,0.207303404107875,0.438356849479661,1.00134141957596,1.00029024854885,1.00105086601477,0.515311024564005,0.0522403888239492,0.432448586612046,1.0511860396462,1.04829265619715,0.848952399231562,0.169137617265786,-0.0180900164973483,-6.78303292387836e-16,0.965571111871347,0.0197963100292335,0.67,0.1,1.025,0.5,0.6,0.25,0.4,0.005,0.975,0.8,1.19842803587337,0.850664605614729,0.479371214349346,0.24505667725363,0.29670467062991,0.520230247330464,-1.2310379243316,1.16683552890964,6.9789120965258
230,-0.00468746720610917,0.839271800618193,0.101376423817342,-0.00472471523653173,-0.00472471523653162,-0.00463858238380499,0.0231488387754263,0.0132606188183479,0.0119013871948487,6.68296620346799,8.36596449771359,0.860777218263776,2.5877982470582,0.266246485750871,3.5545822433692,3.01858067880539,0.600304118556373,-0.0643025539925613,9.71922829467338,11.5277586118645,1.07552134599933,0.224988848837069,0.152865212803356,0.0128001959772446,0.921674253818978,3.00157769107782,0.617521750058715,0.300601432746562,0.553004552291387,0.230418563454744,0.20730743643707,0.43834828579168,1.00134752297059,1.00028909545786,1.00105812161457,0.515291739846805,0.0522384338082851,0.43246982634491,1.05118524114411,1.04829181835655,0.849208281630372,0.16888176372236,-0.0180900453527312,1.56138869206444e-15,0.965571111871347,0.0197963100292335,0.67,0.1,1.025,0.5,0.6,0.25,0.4,0.005,0.975,0.8,1.19839248780177,0.850679822505983,0.479356995120708,0.245034068674825,0.296657603804794,0.520241725853106,-1.23094337453821,1.16497912179776,6.97986424698672
231,-0.00468858023273631,0.839342258844202,0.101376423817342,-0.00472471523653173,-0.00472471523653162,-0.00464116026553918,0.0231501260173587,0.0132614237389157,0.0119021291236838,6.68254160258092,8.36450263250745,0.860620555225562,2.58731345591534,0.266195139171695,3.55418229462321,3.01912647719649,0.599351239180556,-0.0642954217538376,9.71936118085028,11.5248618366252,1.07531885652486,0.225004436164682,0.152836076367179,0.0127985838814438,0.921614215958178,3.0012137650483,0.617481524691979,0.300571565555329,0.552968529574907,0.230403553989545,0.207311335091811,0.438339957346657,1.00135345666707,1.0002879768661,1.00106517305577,0.515273032064894,0.0522365372802574,0.432490430654849,1.05118446518841,1.04829100420084,0.849457407337785,0.168632666953313,-0.0180900742910978,-3.79234329335537e-16,0.965571111871347,0.0197963100292335,0.67,0.1,1.025,0.5,0.6,0.25,0.4,0.005,0.975,0.8,1.19835793116806,0.850694544579722,0.479343172467224,0.245012103554593,0.296611828790472,0.520252981838221,-1.23085152847866,1.16317214735405,6.98079370825644
232,-0.00468965996126886,0.839410614231571,0.101376423817342,-0.00472471523653173,-0.00472471523653162,-0.00464366078358169,0.0231513770750101,0.0132622060318622,0.0119028501946942,6.68212839272154,8.36308270755636,0.860468386769262,2.58684281463169,0.266145287178527,3.55379380327653,3.01965839977089,0.598423900433714,-0.0642884969280768,9.71949129590607,11.5220465678602,1.07512219545495,0.225019607986478,0.152807755508882,0.0127970184352388,0.921555922593562,3.00086024972039,0.617442468137687,0.300542560014573,0.552933553556137,0.230388980648391,0.207315104572845,0.438331857867203,1.00135922526957,1.00028689173892,1.00107202597525,0.515254883918283,0.0522346974860551,0.432510418595663,1.05118371115442,1.04829021307271,0.849699945164749,0.168390158112713,-0.0180901032774621,-2.88903442323795e-17,0.965571111871347,0.0197963100292335,0.67,0.1,1.025,0.5,0.6,0.25,0.4,0.005,0.975,0.8,1.19832433890255,0.850708788112566,0.479329735561021,0.244990763824279,0.296567311204985,0.52026401749374,-1.23076230977005,1.16141334922043,6.98170094855878
233,-0.00469070739018382,0.839476929539902,0.101376423817342,-0.00472471523653173,-0.00472471523653162,-0.00464608627203578,0.0231525929443468,0.0132629663199352,0.0119035509819255,6.68172628171957,8.36170352924233,0.860320584970274,2.58638591130155,0.266096886408965,3.55341644396717,3.02017677222713,0.59752144525363,-0.0642817735135983,9.71961867959878,11.5193105482763,1.07493119616279,0.225034374878825,0.152780227846059,0.01279549829715,0.921499323289136,3.00051684999368,0.617404546603721,0.300514391444816,0.552899593973481,0.230374830822284,0.207318749226747,0.438323981236447,1.00136483326166,1.00028583907287,1.00107868585823,0.515237278628096,0.0522329127246956,0.432529808647209,1.0511829784343,1.04828944433264,0.849936060085121,0.168154072193839,-0.0180901322789603,1.51677605487413e-15,0.965571111871347,0.0197963100292335,0.67,0.1,1.025,0.5,0.6,0.25,0.4,0.005,0.975,0.8,1.19829168465384,0.850722568839656,0.479316673861536,0.244970031914385,0.296524017541708,0.520274835120954,-1.2306756441558,1.15970150072338,6.98258642952983
234,-0.00469172348788202,0.839541265655729,0.101376423817342,-0.00472471523653173,-0.00472471523653162,-0.00464843899385403,0.0231537745947382,0.0132637052092618,0.0119042320441039,6.68133498435558,8.3603639377088,0.860177025523263,2.58594234601411,0.266049894758495,3.55304990050023,3.02068191368611,0.596643232495884,-0.064275245681759,9.71974337195751,11.5166515820375,1.07474569676408,0.225048747167132,0.152753471595696,0.0127940221640812,0.921444369061545,3.00018327906331,0.617367727271236,0.300487035869249,0.552866621436927,0.230361092265386,0.207322273251318,0.438316321494216,1.00137028500936,1.00028481789468,1.00108515804225,0.515220199920732,0.0522311813464196,0.432548618732849,1.05118226643663,1.04828869735843,0.850165913307558,0.167924247957194,-0.0180901612647517,4.27257908093293e-16,0.965571111871347,0.0197963100292335,0.67,0.1,1.025,0.5,0.6,0.25,0.4,0.005,0.975,0.8,1.19825994277053,0.85073590197289,0.479303977108211,0.244949890741045,0.296481915148509,0.520285437106267,-1.23059145944753,1.15803540425566,6.98345060616584
235,-0.00469270919360208,0.839603681648412,0.101376423817342,-0.00472471523653173,-0.00472471523653162,-0.00465072114305065,0.0231549229696343,0.0132644232897711,0.0119048939250257,6.68095422221919,8.35906280590547,0.860037587639692,2.58551173050157,0.266004271343745,3.5526938655908,3.02117413678099,0.595788636581778,-0.0642689077719611,9.71986541323058,11.514067533114,1.0745655399817,0.225062734931194,0.152727465558553,0.0127925887702222,0.921391012338264,2.99985925818785,0.617331978266637,0.300460469993728,0.552834607402958,0.230347753084566,0.207325680700786,0.438308872833291,1.00137558476402,1.00028382726043,1.00109144772097,0.51520363201252,0.052229501751135,0.432566866236346,1.051181574586,1.04828797154473,0.850389662346709,0.167700527859216,-0.0180901902059252,-7.03682574757712e-17,0.965571111871347,0.0197963100292335,0.67,0.1,1.025,0.5,0.6,0.25,0.4,0.005,0.975,0.8,1.19822908828336,0.850748802218537,0.479291635313344,0.244930323692857,0.296440972207358,0.520295825913361,-1.23050968546841,1.1564138906678,6.98429392678051
236,-0.0046936654183061,0.83966423482438,0.101376423817342,-0.00472471523653173,-0.00472471523653162,-0.00465293484684126,0.023156038987228,0.0132651211356073,0.0119055371539381,6.68058372356876,8.35779903866045,0.859902153948294,2.58509368779791,0.265959976466821,3.55234804061393,3.02165374774772,0.594957047153011,-0.0642627542868044,9.71998484383608,11.5115563236767,1.07439057301429,0.225076348010418,0.152702189103955,0.0127911968859826,0.921339206916978,2.99954451646374,0.617297268634375,0.300434671187376,0.552803524150187,0.230334801729244,0.207328975490825,0.43830162959574,1.00138073666517,1.0002828662546,1.0010975599479,0.515187559594845,0.0522278723869091,0.432584568018246,1.05118090232256,1.04828726630262,0.85060746109368,0.167482757981729,-0.0180902190754087,1.18119313798761e-15,0.965571111871347,0.0197963100292335,0.67,0.1,1.025,0.5,0.6,0.25,0.4,0.005,0.975,0.8,1.1981990968878,0.850761283794254,0.479279638755121,0.244911314618069,0.296401157714373,0.520306004075774,-1.23043025399809,1.15483581866941,6.98511683297097
237,-0.00469459304553801,0.839722980779736,0.101376423817342,-0.00472471523653173,-0.00472471523653162,-0.00465508216771537,0.0231571235411011,0.0132657993055333,0.0119061622459108,6.68022322319317,8.35657157177923,0.859770610398421,2.58468785190777,0.265916971580717,3.55201213536175,3.02212104651612,0.594147868733012,-0.0642567798873801,9.72010170431488,11.5091159325338,1.07422064740872,0.225089596008971,0.15267762215496,0.0127898453169573,0.921288907926162,2.99923879060606,0.617263568310528,0.300409617463733,0.552773344755697,0.23032222698154,0.207332161403381,0.438294586269326,1.00138574474333,1.00028193398923,1.00110349964004,0.515171967819739,0.0522262917485078,0.432601740431754,1.05118024910163,1.04828658105916,0.850819459885751,0.167270787962131,-0.0180902478478825,-4.98207241261078e-16,0.965571111871347,0.0197963100292335,0.67,0.1,1.025,0.5,0.6,0.25,0.4,0.005,0.975,0.8,1.19816994492703,0.850773360445512,0.479267977970814,0.244892847812094,0.296362441460291,0.520315974189847,-1.23035309871902,1.15330007424027,6.9859197595921
238,-0.00469549293225549,0.839779973451311,0.101376423817342,-0.00472471523653173,-0.00472471523653162,-0.00465716510544101,0.0231581775008559,0.013266458343324,0.0119067697021985,6.6798724622751,8.35537937116921,0.859642846166142,2.5842938674852,0.26587521925575,3.55168586780738,3.02257632680128,0.593360520394803,-0.0642509793887016,9.72021603528586,11.50674439361,1.07405561893611,0.225102488300826,0.152653745173913,0.0127885329029206,0.92124007178678,2.99894182473531,0.617230848097143,0.300385287462424,0.552744043072068,0.230310017946695,0.20733524209134,0.438287737483996,1.00139061292271,1.00028102960308,1.00110927158147,0.515156842285903,0.0522247583759792,0.432618399338118,1.0511796143933,1.048285915257,0.851025805575327,0.167064470924371,-0.018090276499697,1.94760980490444e-15,0.965571111871347,0.0197963100292335,0.67,0.1,1.025,0.5,0.6,0.25,0.4,0.005,0.975,0.8,1.19814160937533,0.850785045461463,0.47925664375013,0.24487490800537,0.296324794011359,0.520325738908054,-1.23027815516431,1.15180557005103,6.98670313473872
239,-0.0046963659096362,0.83983526516618,0.101376423817342,-0.00472471523653173,-0.00472471523653162,-0.00465918559900613,0.0231592017127307,0.0132670987781513,0.0119073600105959,6.67953118825654,8.35422143198956,0.859518753563055,2.58391138952211,0.265834683146995,3.55136896387542,3.02301987619537,0.592594435435316,-0.0642453477552686,9.72032787740362,11.5044397944664,1.07389534747163,0.22511503403472,0.152630539148356,0.0127872585168499,0.921192656175106,2.99865337017036,0.617199079637321,0.300361660431404,0.552715593705064,0.230298164043776,0.207338221083013,0.438281078008431,1.00139534502386,1.00028015226082,1.00111488042677,0.515142169025178,0.0522232708532811,0.432634560121542,1.05117899768206,1.04828526835395,0.851226641598093,0.1668636634107,-0.0180903050087934,-9.13074640731793e-16,0.965571111871347,0.0197963100292335,0.67,0.1,1.025,0.5,0.6,0.25,0.4,0.005,0.975,0.8,1.19811406782184,0.850796351690265,0.479245627128736,0.24485748035153,0.296288186690646,0.520335300932681,-1.23020536066695,1.15035124489363,6.98746737973523
240,-0.00469721278385925,0.839888906689707,0.101376423817342,-0.00472471523653173,-0.00472471523653162,-0.0046611455284975,0.023160197000202,0.0132677211249592,0.0119079336457829,6.67919915470592,8.35309677782505,0.85939822794769,2.58354008304585,0.265795327962686,3.551061157219,3.02345197625971,0.591849061056045,-0.0642398800967598,9.72043727131819,11.5022002748599,1.07373969687759,0.225127242139027,0.152607985577311,0.0127860210639779,0.921146619986609,2.99837318522703,0.617168235391028,0.300338716209641,0.552687971991965,0.230286654996652,0.207341101786475,0.438274602746683,1.00139994476633,1.00027930115222,1.00112033070445,0.515127934489411,0.0522218278069504,0.432650237703639,1.05117839846639,1.04828463982257,0.851422108040381,0.166668225314247,-0.0180903333546272,5.10124333268633e-16,0.965571111871347,0.0197963100292335,0.67,0.1,1.025,0.5,0.6,0.25,0.4,0.005,0.975,0.8,1.19808729845482,0.850807291553886,0.479234919381927,0.244840550415896,0.296252591559753,0.520344663009839,-1.23013465431039,1.14893606312125,6.98821290913227
241,-0.00469803433686256,0.839940947272155,0.101376423817342,-0.00472471523653173,-0.00472471523653162,-0.00466304671691931,0.0231611641645708,0.0132683258848305,0.0119084910696628,6.67887612118731,8.35200445988377,0.859281167639457,2.58317962282587,0.265757119433548,3.55076218900297,3.02387290261687,0.591123858049954,-0.0642345716638505,9.72054425763697,11.5000240253408,1.07358853489003,0.22513912132653,0.152586066457895,0.0127848194808708,0.92110192330089,2.99810103502243,0.617138288611596,0.300316435210371,0.552661153980534,0.230275480825223,0.207343887493736,0.438268306734878,1.00140441577116,1.00027847549145,1.00112562682022,0.515114125537745,0.0522204279048138,0.432665446557441,1.05117781625843,1.04828402914983,0.851612341705697,0.166478019812399,-0.0180903615180963,1.40893759767303e-15,0.965571111871347,0.0197963100292335,0.67,0.1,1.025,0.5,0.6,0.25,0.4,0.005,0.975,0.8,1.19806128004613,0.850817877062398,0.479224512018454,0.244824104164268,0.296217981400928,0.520353827923811,-1.23006597688046,1.14755901409782,6.98894013071
242,-0.00469883132707705,0.839991434693901,0.101376423817342,-0.00472471523653173,-0.00472471523653162,-0.00466489093195499,0.0231621039855358,0.0132689135453442,0.0119090327316916,6.67856185313163,8.35094355621767,0.859167473835058,2.58282969308912,0.265720024283055,3.55047180769327,3.02428292504291,0.590418300494516,-0.0642294178441526,9.72064887688889,11.4979092858887,1.0734417330085,0.22515068009912,0.152564764272291,0.0127836527345346,0.921058527347626,2.9978366912847,0.61710921332291,0.300294798404775,0.552635116408576,0.230264631836907,0.207346581384774,0.438262185137987,1.00140876156336,1.00027767451629,1.00113077306021,0.515100729424283,0.052219069854738,0.432680200720979,1.05117725058359,1.04828343583666,0.851797476180433,0.166292913301038,-0.0180903894814707,-1.90226276239065e-15,0.965571111871347,0.0197963100292335,0.67,0.1,1.025,0.5,0.6,0.25,0.4,0.005,0.975,0.8,1.19803599193625,0.850828119827792,0.479214396774502,0.244808127952027,0.296184329699571,0.520362798491703,-1.22999927081859,1.14621911165689,6.98964944548772
243,-0.00469960449013819,0.840040415309313,0.101376423817342,-0.00472471523653173,-0.00472471523653162,-0.004666679887672,0.0231630172217529,0.0132694845809247,0.0119095590691998,6.67825612170965,8.34991317096502,0.85905705052725,2.58248998724381,0.265684010198542,3.55018976885217,3.02468230755963,0.589731875450817,-0.0642244141582709,9.72075116949026,11.4958543445841,1.07329916638907,0.225161926752402,0.152544061975042,0.0127825198215454,0.921016394473501,2.99757993216807,0.617080984297246,0.300273787306136,0.5526098366841,0.230254098618375,0.207349186531415,0.438256233246675,1.0014129855744,1.00027689748741,1.00113577359414,0.51508773378614,0.0522177524034178,0.432694513810442,1.05117670098022,1.04828285939765,0.851977641898718,0.166112775329609,-0.0180904172283263,8.46312528000784e-16,0.965571111871347,0.0197963100292335,0.67,0.1,1.025,0.5,0.6,0.25,0.4,0.005,0.975,0.8,1.19801141401952,0.850838031077314,0.479204565607809,0.244792608513513,0.296151610627126,0.520371577558394,-1.22993448017627,1.14491539356996,6.99034124773928
244,-0.0047003545395758,0.840087934089299,0.101376423817342,-0.00472471523653173,-0.00472471523653162,-0.00466841524617279,0.0231639046113802,0.0132700394531827,0.0119100705077065,6.67795870370713,8.34891243361482,0.858949804425966,2.58216020761142,0.265649045803196,3.54991583493927,3.02507130852664,0.589064082668607,-0.0642195562559752,9.7208511757129,11.493857536316,1.07316071374039,0.225172869380213,0.152523942980665,0.0127814197672062,0.920975488110085,2.99733054207322,0.617053577033757,0.300253383954479,0.552585292866051,0.230243872027521,0.207351705901081,0.438250446474213,1.00141709114451,1.00027614368773,1.00114063247832,0.515075126631857,0.0522164743352021,0.432708399032941,1.05117616699927,1.04828229936064,0.85215296620642,0.165937478537061,-0.0180904447434805,-5.22854106813317e-16,0.965571111871347,0.0197963100292335,0.67,0.1,1.025,0.5,0.6,0.25,0.4,0.005,0.975,0.8,1.19798752672984,0.850847621666357,0.479195010691936,0.244777532951693,0.296119799024346,0.520380167991773,-1.2298715505708,1.14364692102407,6.99101592501407
245,-0.00470108216748264,0.840134034662607,0.101376423817342,-0.00472471523653173,-0.00472471523653162,-0.00467009861919343,0.0231647668726107,0.013270578611247,0.0119105674612252,6.67766938140206,8.34794049829203,0.858845644881665,2.58184006516668,0.265615100628855,3.54964977511807,3.02545018073333,0.588414434297218,-0.0642148399124818,9.72094893565405,11.4919172415234,1.07302625722276,0.225183515879065,0.152504391151595,0.0127803516247266,0.920935772742651,2.99708831147248,0.617026967737576,0.300233570901601,0.55256146364559,0.230233943185663,0.207354142360402,0.43824482035346,1.00142108152502,1.00027541242168,1.00114535365871,0.515062896330171,0.0522152344709549,0.432721869198875,1.05117564820394,1.04828175526639,0.852323573424282,0.165766898588649,-0.0180904720129315,4.23687968994262e-16,0.965571111871347,0.0197963100292335,0.67,0.1,1.025,0.5,0.6,0.25,0.4,0.005,0.975,0.8,1.19796431102667,0.850856902090908,0.47918572441067,0.244762888728112,0.296088870384938,0.520388572678247,-1.22981042914212,1.14241277810861,6.9916738581633
246,-0.00470178804516257,0.840178759355873,0.101376423817342,-0.00472471523653173,-0.00472471523653162,-0.00467173156965217,0.0231656047041916,0.0132711024920898,0.0119110503325635,6.67738794244358,8.34699654306294,0.85874448381085,2.58152927928516,0.26558214508962,3.54939136506799,3.02581917149059,0.587782454602244,-0.0642102610248442,9.72104448920797,11.4900318849711,1.07289568235005,0.2251938739525,0.152485390786417,0.0127793144744269,0.920897213879879,2.99685303674006,0.617001133299519,0.300214331196565,0.552538328327927,0.23022430346997,0.207356498678703,0.438239350533911,1.00142495988064,1.00027470301461,1.00114994097377,0.515051031599129,0.0522140316669524,0.432734936733919,1.05117514416937,1.04828122666825,0.852489584910181,0.165600914113619,-0.0180904990237993,5.12957651329437e-16,0.965571111871347,0.0197963100292335,0.67,0.1,1.025,0.5,0.6,0.25,0.4,0.005,0.975,0.8,1.19794174838143,0.850865882499578,0.479176699352572,0.244748663653093,0.296058800839561,0.520396794518507,-1.22975106451097,1.14121207131126,6.99231542137101
247,-0.00470247282375885,0.84022214923249,0.101376423817342,-0.00472471523653173,-0.00472471523653162,-0.00467331561314854,0.0231664187859312,0.0132716115208422,0.0119115195136141,6.67711417973326,8.34607976926038,0.858646235623718,2.58122757749834,0.265550150456241,3.54914038680166,3.0261785227222,0.587167679687908,-0.0642058156084468,9.72113787603946,11.4881999345575,1.07276887789448,0.225203951115365,0.152466926608415,0.0127783074229644,0.920859778024444,2.99662451998699,0.616976051276377,0.300195648371588,0.552515866814666,0.230214944506111,0.207358777531365,0.438234032778814,1.00142872929165,1.00027401481212,1.00115439815733,0.515039521495536,0.0522128648138123,0.432747613690652,1.05117465448233,1.04828071313179,0.8526511191205,0.16543940664377,-0.0180905257642701,1.05119848639616e-15,0.965571111871347,0.0197963100292335,0.67,0.1,1.025,0.5,0.6,0.25,0.4,0.005,0.975,0.8,1.19791982076413,0.850874572705218,0.479167928305654,0.244734845876222,0.296029567140191,0.520404836423549,-1.22969340673799,1.14004392902302,6.99294098218978
248,-0.00470313713486324,0.840264244130304,0.101376423817342,-0.00472471523653173,-0.00472471523653162,-0.00467485221941544,0.0231672097791931,0.0132721061111037,0.0119119753856397,6.67684789130819,8.34518940082814,0.858550817153861,2.58093469525605,0.265519088831253,3.54889662848728,3.02652847105587,0.586569657225006,-0.0642014997936012,9.721229135559,11.4864199001542,1.0726457357941,0.225213754698007,0.1524489837544,0.0127773296025823,0.920823432644442,2.99640256890061,0.616951699871776,0.300177506428342,0.552494059586665,0.230205858161111,0.207360981503066,0.438228862962348,1.00143239275605,1.00027334717946,1.00115872884133,0.515028355404721,0.0522117328354575,0.432759911759822,1.05117417874089,1.04828021423451,0.852808291670624,0.165282260552918,-0.018090552223542,-5.87930923749059e-16,0.965571111871347,0.0197963100292335,0.67,0.1,1.025,0.5,0.6,0.25,0.4,0.005,0.975,0.8,1.19789851063047,0.85088298219615,0.479159404252188,0.24472142387707,0.296001146644834,0.520412701310927,-1.22963740728408,1.13890750105218,6.99355090158067
249,-0.00470378159110644,0.840305082698194,0.101376423817342,-0.00472471523653173,-0.00472471523653162,-0.00467634281372542,0.0231679783273782,0.0132725866652429,0.0119124183195506,6.67658888022617,8.34432468368389,0.858458147589964,2.58065037569565,0.26548893312485,3.54865988427604,3.02686924791393,0.585987946184355,-0.0641973098222394,9.72131830689958,11.484690332477,1.07252615106295,0.22522329185039,0.152431547763834,0.01277638017038,0.92078814614565,2.99618699658865,0.616928057917586,0.300159889824632,0.55247288768739,0.230197036536413,0.207363113090909,0.438223837066866,1.0014359531917,1.00027269950094,1.00116293655854,0.515017523030623,0.05221063468811,0.432771842281267,1.05117371655414,1.04827972956552,0.852961215394536,0.165129362997238,-0.018090578391774,8.6985217725013e-16,0.965571111871347,0.0197963100292335,0.67,0.1,1.025,0.5,0.6,0.25,0.4,0.005,0.975,0.8,1.19787780090912,0.85089112014701,0.479151120363649,0.244708386456171,0.295973517302576,0.520420392101234,-1.22958301897179,1.13780195814718,6.99414553395714
250,-0.00470440678673059,0.840344702431556,0.101376423817342,-0.00472471523653173,-0.00472471523653162,-0.00467778877825276,0.0231687250563956,0.0132730535746918,0.0119128486761753,6.67633695445285,8.34348488509998,0.858368148409421,2.58037436941833,0.265459657031463,3.54842995413434,3.0272010796034,0.585422116575644,-0.0641932420447042,9.72140542889495,11.4830098219865,1.07241002170378,0.225232569546135,0.152414604568221,0.0127754583076037,0.920753887844574,2.9959776214276,0.616905104855865,0.300142783461471,0.552452332706745,0.230188471961144,0.207365174707444,0.438218951180202,1.00143941343831,1.00027207117934,1.00116702474517,0.515007014386172,0.0522095693593164,0.432783416254512,1.05117326754189,1.04827925872518,0.853110000403518,0.164980603856519,-0.0180906042600366,5.77421350005883e-16,0.965571111871347,0.0197963100292335,0.67,0.1,1.025,0.5,0.6,0.25,0.4,0.005,0.975,0.8,1.19785767498942,0.850898995429232,0.47914306999577,0.244695722726241,0.295946657638986,0.520427911714806,-1.22953019594768,1.13672649152827,6.99472522723274
251,-0.0047050132981442,0.840383139706731,0.101376423817342,-0.00472471523653173,-0.00472471523653162,-0.00467919145339324,0.0231694505751203,0.0132735072202315,0.0119132668065244,6.67609192675102,8.34266929310225,0.858280743313872,2.5801064342717,0.265431235007023,3.54820664368068,3.0275241874057,0.584871749191611,-0.0641892929166308,9.72149054005962,11.481376997818,1.07229724862322,0.225241594586479,0.152398140480775,0.0127745632189584,0.920720627942283,2.99577426691531,0.616882820721329,0.300126172670502,0.552432376765369,0.230180156985571,0.207367168683574,0.438214201493035,1.00144277625951,1.00027146163536,1.00117099674346,0.514996819783966,0.0522085358670025,0.432794644349031,1.05117283133439,1.04827880132489,0.853254754143953,0.164835875676311,-0.0180906298202647,-1.93742125223974e-15,0.965571111871347,0.0197963100292335,0.67,0.1,1.025,0.5,0.6,0.25,0.4,0.005,0.975,0.8,1.19783811670935,0.850906616621165,0.479135246683739,0.244683422103632,0.29592054674183,0.520435263068622,-1.22947889364583,1.13568031242786,6.9952903228722
252,-0.00470560168446019,0.840420429814399,0.101376423817342,-0.00472471523653173,-0.00472471523653162,-0.00468055213904173,0.0231701554758417,0.0132739479722726,0.0119136730520489,6.67585361457161,8.3418772158852,0.85819585816651,2.57984633513901,0.265403642246896,3.54798976402714,3.02783878766561,0.584336435357446,-0.0641854589959192,9.72157367857001,11.47979052674,1.07218773554942,0.225250373604162,0.152382142186354,0.0127736941319381,0.920688337498987,2.99557676152774,0.616861186124321,0.300110043201784,0.552413002499392,0.230172084374747,0.207369097271369,0.438209584296319,1.00144604434479,1.00027087030712,1.00117485580412,0.514986929827238,0.0522075332585577,0.432805536914205,1.05117240757204,1.04827835698671,0.853395581454234,0.164695073610978,-0.0180906550652124,1.07623688353464e-15,0.965571111871347,0.0197963100292335,0.67,0.1,1.025,0.5,0.6,0.25,0.4,0.005,0.975,0.8,1.19781911034375,0.850913992017865,0.4791276441375,0.244671474300011,0.295895164247127,0.520442449073413,-1.22942906875222,1.13466265163947,6.99584115594579
253,-0.00470617248801755,0.840456606991983,0.101376423817342,-0.00472471523653173,-0.00472471523653162,-0.00468187209583082,0.0231708403346988,0.0132743761911273,0.0119140677448906,6.67562183994704,8.34110798124421,0.85811342093121,2.57959384373447,0.265376854664463,3.54777913162533,3.02814509187978,0.583815776685351,-0.0641817369397935,9.72165488224729,11.4782491121402,1.07208138895206,0.225258913067244,0.152366596731646,0.0127728502961769,0.920656988409356,2.99538493857972,0.616840182234269,0.30009438121195,0.552394193045614,0.230164247102339,0.207370962646772,0.43820509597877,1.00144922031138,1.00027029664954,1.00117860508883,0.514977335401085,0.0522065606099458,0.432816103988969,1.05117199590514,1.04827792534313,0.853532584620763,0.164558095367647,-0.0180906799884101,6.57598140433912e-16,0.965571111871347,0.0197963100292335,0.67,0.1,1.025,0.5,0.6,0.25,0.4,0.005,0.975,0.8,1.19780064059295,0.850921129640547,0.479120256237178,0.244659869314271,0.295870490325514,0.520449472630955,-1.22938067917016,1.13367275907521,6.99637805518658
254,-0.00470672623488712,0.840491704455086,0.101376423817342,-0.00472471523653173,-0.00472471523653162,-0.00468315254632956,0.0231715057121065,0.0132747922272751,0.0119144512081275,6.6753964293862,8.34036093602345,0.858033361613341,2.57934873840452,0.26535084887032,3.54757456811664,3.02844330678443,0.583309384834155,-0.064178123501946,9.72173418854125,11.4767514930385,1.07197811796453,0.225267219282834,0.152351491515606,0.0127720309828167,0.920626553378542,2.99519863608951,0.616819790763623,0.30007917325265,0.552375932027125,0.230156638344636,0.207372766912219,0.438200733024408,1.00145230670615,1.00026974013394,1.00118224767256,0.514968027663982,0.0522056170248444,0.432826355311174,1.0511715959936,1.04827750603676,0.853665863433053,0.16442484115107,-0.0180907045841231,4.38265018283473e-16,0.965571111871347,0.0197963100292335,0.67,0.1,1.025,0.5,0.6,0.25,0.4,0.005,0.975,0.8,1.19778269257155,0.850928037245713,0.479113077028619,0.244648597424653,0.295846505668923,0.520456336631537,-1.22933368398661,1.13270990333164,6.99690134305054
255,-0.00470726343536187,0.840525754427985,0.101376423817342,-0.00472471523653173,-0.00472471523653162,-0.00468439467620607,0.0231721521531694,0.0132751964216223,0.0119148237560126,6.67517721377173,8.3396354455797,0.85795561220229,2.57911080393505,0.265325602152097,3.54737590018659,3.02873363444244,0.582816881273916,-0.0641746155297639,9.72181163451578,11.4752964431267,1.07187783430852,0.225275298400763,0.152336814280145,0.0127712354838946,0.920597005898893,2.99501769664726,0.616799993952258,0.300064406259366,0.552358203539336,0.230149251474723,0.207374512099159,0.438196492010157,1.00145530600741,1.00026920024746,1.00118578654591,0.514958998039533,0.0522047016338094,0.432836300326658,1.0511712075067,1.04827709872007,0.853795515237934,0.164295213609378,-0.0180907288473117,7.90183511135508e-16,0.965571111871347,0.0197963100292335,0.67,0.1,1.025,0.5,0.6,0.25,0.4,0.005,0.975,0.8,1.19776525179759,0.850934722333984,0.479106100719038,0.244637649181076,0.295823191477568,0.520463043951604,-1.22928804343941,1.13177337126396,6.9974113357791
256,-0.00470778458443243,0.840558788173215,0.101376423817342,-0.00472471523653173,-0.00472471523653162,-0.00468559963535298,0.023172780188087,0.0132755891057543,0.0119151856942069,6.67496402825889,8.33893089326091,0.857880106615561,2.57887983136426,0.265301092454859,3.54718295942343,3.02901627232966,0.582337897055407,-0.0641712099616356,9.72188725683523,11.4738827698328,1.07178045222053,0.225283156417176,0.15232255310105,0.0127704631117467,0.920568320227334,2.99484196728703,0.616780774552314,0.300050067540528,0.5523409921364,0.230142080056834,0.207376200170492,0.438192369603507,1.0014582206267,1.00026867649265,1.00118922461735,0.514950238208494,0.0522038135934654,0.432845948198041,1.05117083012285,1.04827670305514,0.853921634992857,0.164169117780737,-0.0180907527735942,8.45441328181508e-17,0.965571111871347,0.0197963100292335,0.67,0.1,1.025,0.5,0.6,0.25,0.4,0.005,0.975,0.8,1.19774830418195,0.85094119215863,0.479099321672779,0.244627015397687,0.29580052944723,0.520469597451567,-1.22924371888548,1.13086246756843,6.997908343464
257,-0.00470829016224798,0.840590836020277,0.101376423817342,-0.00472471523653173,-0.00472471523653162,-0.00468676853897776,0.0231733903325474,0.0132759706021822,0.0119155373200063,6.67475671217665,8.33824667989977,0.857806780644488,2.57865561780092,0.265277298362079,3.5469955821805,3.0292914134204,0.581872072584433,-0.064167903824334,9.7219610917522,11.472509313411,1.07168588838066,0.225290799178056,0.152308696379137,0.0127697131984292,0.920540471363407,2.99467129936246,0.616762115813483,0.300036144766934,0.552324282818044,0.230135117840852,0.207377833022916,0.438188362560222,1.00146105291051,1.00026816838694,1.00119256471541,0.514941740101024,0.0522029520857208,0.432855307813256,1.0511704635293,1.04827631871337,0.854044315318306,0.164046461040904,-0.0180907763592102,-9.06657448979851e-16,0.965571111871347,0.0197963100292335,0.67,0.1,1.025,0.5,0.6,0.25,0.4,0.005,0.975,0.8,1.19773183601796,0.850947453733806,0.479092734407185,0.244616687145593,0.295778501756833,0.520475999973763,-1.22920067276973,1.12997651437283,6.9983926701144
258,-0.00470878063456331,0.840621927393483,0.101376423817342,-0.00472471523653173,-0.00472471523653162,-0.00468790246866047,0.0231739830881123,0.0132763412245833,0.0119158789225631,6.67455510893053,8.33758222332131,0.857735571901454,2.57843796624798,0.265254199077171,3.54681360944261,3.02955924627223,0.581419057400862,-0.0641646942304766,9.72203317509623,11.4711749460552,1.0715940618433,0.225298232382677,0.15229523283164,0.0127689850951564,0.92051343502793,2.99450554842585,0.616744001468713,0.300022625961474,0.552308061016758,0.230128358756983,0.2073794124892,0.438184467722106,1.00146380514197,1.00026767546226,1.00119580959082,0.514933495889173,0.0522021163170062,0.432864387793821,1.05117010742196,1.04827594537526,0.854163646549311,0.163927153051675,-0.0180907996009861,5.75268031980247e-16,0.965571111871347,0.0197963100292335,0.67,0.1,1.025,0.5,0.6,0.25,0.4,0.005,0.975,0.8,1.19771583397141,0.850953513842523,0.479086333588563,0.244606655745805,0.295757091056313,0.520482254340565,-1.22915886859501,1.12911485083502,6.99886461372573
259,-0.00470925645317214,0.840652090838969,0.101376423817342,-0.00472471523653173,-0.00472471523653162,-0.00468900247337656,0.0231745589425904,0.0132767012780344,0.0119162107831018,6.67435906590746,8.33693695786473,0.857666419768634,2.57822668543148,0.265231774405558,3.54663688669604,3.02981995510977,0.580978509962319,-0.0641615783760565,9.72210354226386,11.4698785710368,1.07150489396989,0.225305461586991,0.152282151483806,0.0127682781717542,0.920487187642276,2.99434457411067,0.616726415720325,0.300009499489155,0.552292312585365,0.230121796910569,0.207380940340366,0.438180682014825,1.00146647954251,1.00026719726456,1.0011989619186,0.514925497979609,0.0522013055175365,0.432873196502856,1.05116976150514,1.04827558273015,0.854279716786085,0.163811105710217,-0.0180908224963024,1.47859483486273e-15,0.965571111871347,0.0197963100292335,0.67,0.1,1.025,0.5,0.6,0.25,0.4,0.005,0.975,0.8,1.19770028507065,0.85095937904434,0.479080114028261,0.244596912762361,0.295736280454762,0.520488363352626,-1.22911827089271,1.12827683274936,6.99932446635047
260,-0.00470971805632737,0.840681354050909,0.101376423817342,-0.00472471523653173,-0.00472471523653162,-0.00469006957049023,0.0231751183704045,0.0132770510592411,0.0119165331751297,6.6741684343823,8.33631033391807,0.857599265348112,2.57802158963421,0.265210004737259,3.54646526380221,3.0300737199078,0.580550097432453,-0.0641585535380467,9.72217222820924,11.4686191218647,1.07141830836345,0.225312492206948,0.15226944166072,0.0127675918161294,0.920461706308247,2.99418824001726,0.616709343226525,0.299996754047388,0.552277023784948,0.230115426577062,0.207382418287809,0.438177002445769,1.00146907827345,1.00026673335339,1.00120202430009,0.514917739006548,0.0522005189405952,0.432881742052857,1.05116942549131,1.04827523047598,0.854392611943765,0.163698233099297,-0.0180908450430617,2.91359073536054e-16,0.965571111871347,0.0197963100292335,0.67,0.1,1.025,0.5,0.6,0.25,0.4,0.005,0.975,0.8,1.19768517669709,0.8509650556828,0.479074070678837,0.244587449995642,0.295716053508856,0.520494329787271,-1.22907884519424,1.12746183216087,6.99977251417042
261,-0.0047101658691486,0.840709743896936,0.101376423817342,-0.00472471523653173,-0.00472471523653162,-0.00469110474671497,0.0231756618329455,0.0132773908567596,0.0119168463646418,6.67398306942654,8.33570181746671,0.857534051413494,2.57782249853449,0.265188871029991,3.54629859487491,3.0303207164733,0.580133495473691,-0.0641556170720714,9.72223926743625,11.4673955614679,1.07133423080517,0.225319329521746,0.152257092979333,0.0127669254337537,0.920436968788524,2.9940364136018,0.616692769088311,0.299984378656559,0.552262181273114,0.230109242197131,0.207383847985331,0.438173426101978,1.00147160343759,1.00026628330151,1.0012049992649,0.514910211824917,0.05219975586184,0.432890032313243,1.05116909910092,1.04827488831906,0.854502415801279,0.16358845143838,-0.018090867239659,4.25789413760421e-16,0.965571111871347,0.0197963100292335,0.67,0.1,1.025,0.5,0.6,0.25,0.4,0.005,0.975,0.8,1.19767049657582,0.850970549892625,0.47906819863033,0.244578259475861,0.29569639421155,0.520500156397002,-1.22904055800329,1.12666923698719,7.00020903757037
262,-0.0047106003040172,0.840737286442817,0.101376423817342,-0.00472471523653173,-0.00472471523653162,-0.00469210895904582,0.0231761897789209,0.0132777209512137,0.0119171506103206,6.67380282981849,8.33511088965394,0.857470722362795,2.57762923704948,0.265168354792755,3.54613673816093,3.03056111652667,0.57972838804441,-0.0641527664101452,9.72230469399107,11.4662068813999,1.07125258919257,0.225325978677019,0.152245095340697,0.0127662784471633,0.920412953487681,2.99388896606832,0.616676678836746,0.299972362650881,0.552247772092609,0.23010323837192,0.20738523103111,0.438169950148109,1.00147405708071,1.00026584669446,1.00120788927287,0.51490290950371,0.0521990155786304,0.43289807491766,1.05116878206215,1.04827455597387,0.854609210049343,0.16348167903561,-0.0180908890849526,4.59501313975943e-16,0.965571111871347,0.0197963100292335,0.67,0.1,1.025,0.5,0.6,0.25,0.4,0.005,0.975,0.8,1.19765623276655,0.850975867606652,0.479062493106618,0.244569333456734,0.295677286981033,0.520505845908131,-1.22900337676882,1.12589845064807,7.00063431121309
263,-0.00471102176095949,0.840764006976379,0.101376423817342,-0.00472471523653173,-0.00472471523653162,-0.00469308313566175,0.0231767026446918,0.0132780416155063,0.0119174461637311,6.67362757795554,8.33453704635422,0.857409224172713,2.57744163518316,0.265148438069905,3.54597955592401,3.03079508778203,0.579334467200452,-0.0641499990584767,9.72236854145592,11.4650521010641,1.07117331347961,0.225332444687954,0.152233438922398,0.0127656502954719,0.920389639433741,2.99374577226376,0.616661058420606,0.299960695669481,0.552233783660244,0.230097409858435,0.207386568969602,0.438166571824455,1.00147644119308,1.00026542313024,1.00121069671593,0.51489582531955,0.0521982974093747,0.432905877271075,1.0511684741107,1.04827423316277,0.854713074337585,0.163377836240652,-0.0180909105782367,8.25046052979498e-16,0.965571111871347,0.0197963100292335,0.67,0.1,1.025,0.5,0.6,0.25,0.4,0.005,0.975,0.8,1.19764237365471,0.850981014562556,0.479056949461883,0.244560664409319,0.295658716649955,0.520511401019526,-1.2289672698588,1.12514889170234,7.00104860411544
264,-0.00471143062801827,0.84078993003073,0.101376423817342,-0.00472471523653173,-0.00472471523653162,-0.00469402817680131,0.0231772008546034,0.0132783531150255,0.0119177332695108,6.67345717976806,8.33397979775839,0.857349504354154,2.57725952787867,0.26512910342567,3.54582691433204,3.03102279402648,0.578951432900897,-0.0641473125953362,9.72243084294353,11.4639302669598,1.07109633561839,0.225338732442361,0.152222114171185,0.0127650404338978,0.920367006260259,2.99360671057589,0.616645894194374,0.29994936764775,0.552220203756156,0.230091751565065,0.20738786329337,0.438163288445012,1.00147875771094,1.00026501221884,1.00121342391993,0.514888952750453,0.0521976006928972,0.43291344655665,1.05116817498962,1.04827391961588,0.85481408632081,0.163276845398405,-0.0180909317192151,7.72922285260557e-17,0.965571111871347,0.0197963100292335,0.67,0.1,1.025,0.5,0.6,0.25,0.4,0.005,0.975,0.8,1.19762890794287,0.850985996309329,0.479051563177148,0.244552245016021,0.295640668454895,0.520516824401466,-1.22893220653464,1.12441999349225,7.00145217972538
265,-0.00471182728161307,0.840815079406783,0.101376423817342,-0.00472471523653173,-0.00472471523653162,-0.00469494495561029,0.0231776848213053,0.013278655707845,0.0119180121655546,6.67329150463519,8.33343866797046,0.857291511909031,2.57708275487509,0.265110333929144,3.54567868334749,3.03124439519845,0.578578992818024,-0.064144704668983,9.72249163109244,11.4628404519484,1.0710215895025,0.225344846703656,0.152211111795794,0.0127644483333047,0.920345034188932,2.99347166283413,0.616631172906585,0.299938368808944,0.552207020513359,0.230086258547233,0.207389115444859,0.438160097395582,1.00148100851786,1.00026461358198,1.00121607314641,0.514882285469767,0.0521969247878247,0.432920789742408,1.05116788444908,1.0482736150708,0.854912321704413,0.163178630803563,-0.0180909525079762,5.50809428149985e-16,0.965571111871347,0.0197963100292335,0.67,0.1,1.025,0.5,0.6,0.25,0.4,0.005,0.975,0.8,1.19761582464229,0.850990818213555,0.479046329856918,0.244544068164761,0.295623128026089,0.520522118694595,-1.22889815692639,1.12371120379514,7.00184529599991
266,-0.00471221208688958,0.840839478195108,0.101376423817342,-0.00472471523653173,-0.00472471523653162,-0.00469583431896348,0.023178154946065,0.0132789496449199,0.011918283083195,6.67313042530217,8.33291319461559,0.857235197288236,2.5769111605682,0.265092113139687,3.54553473662075,3.03146004746502,0.578216862151385,-0.0641421729956535,9.72255093806289,11.4617817545386,1.07094901091202,0.225350792113803,0.152200422759949,0.012763873479755,0.920323704012686,2.99334051421314,0.6166168816885,0.299927689656007,0.552194222407612,0.230080926003171,0.207390326818101,0.438156996131943,1.00148319544618,1.00026422685268,1.00121864659435,0.514875817340306,0.0521962690719911,0.432927913587703,1.0511676022462,1.04827331927243,0.855007854288942,0.163083118656027,-0.0180909729449689,6.43065744589483e-16,0.965571111871347,0.0197963100292335,0.67,0.1,1.025,0.5,0.6,0.25,0.4,0.005,0.975,0.8,1.19760311306473,0.850995485465467,0.479041245225893,0.244536126943299,0.295606081377391,0.520527286508984,-1.22886509200851,1.12302198448216,7.00222820548368
267,-0.0047125853980584,0.840863148797134,0.101376423817342,-0.00472471523653173,-0.00472471523653162,-0.00469669708826126,0.0231786116190726,0.0132792351702776,0.0119185462473782,6.67297381779968,8.3324029284595,0.857180512350853,2.57674459387546,0.26507442509277,3.54539495138657,3.03166990329825,0.577864763445921,-0.0641397153576067,9.72260879553376,11.4607532981914,1.07087853746009,0.225356573196187,0.152190038275547,0.0127633153740765,0.920302997079271,2.99321315313901,0.616603008043111,0.299917320963642,0.552181798247562,0.230075749269818,0.207391498760366,0.438153982178038,1.00148532027831,1.00026385167495,1.00122114640183,0.514869542408657,0.0521956329418608,0.432934824649483,1.05116732814484,1.04827303197278,0.855100756013825,0.162990237017155,-0.0180909930309802,8.70929100628539e-17,0.965571111871347,0.0197963100292335,0.67,0.1,1.025,0.5,0.6,0.25,0.4,0.005,0.975,0.8,1.19759076281445,0.851000003084803,0.479036305125781,0.244528414633715,0.29558951489648,0.520532330423275,-1.22883298357643,1.12235181118417,7.00260115538819
268,-0.00471294755872361,0.840886112945713,0.101376423817342,-0.00472471523653173,-0.00472471523653162,-0.0046975340602019,0.0231790552197377,0.0132795125212031,0.0119188018768349,6.67282156136459,8.33190743303805,0.857127410324458,2.57658290810489,0.265057254286222,3.54525920836335,3.03187411155054,0.577522426414038,-0.0641373296012256,9.7226652346998,11.4597542306428,1.07081010854089,0.225362194358426,0.152179949796025,0.012762773531441,0.92028289527531,2.99308947119816,0.616589539834458,0.29990725377059,0.552169737165186,0.230070723818828,0.207392632573753,0.438151053124229,1.00148738474808,1.00026348770348,1.00122357464773,0.514863454899658,0.0521950158119685,0.432941529288374,1.05116706191544,1.04827275293075,0.855191097000263,0.16289991576685,-0.0180910127671128,8.62895229782325e-17,0.965571111871347,0.0197963100292335,0.67,0.1,1.025,0.5,0.6,0.25,0.4,0.005,0.975,0.8,1.19757876378044,0.851004375926468,0.479031505512175,0.244520924707039,0.295573415335302,0.520537252983917,-1.22880180422359,1.12170017296448,7.00296438767154
269,-0.00471329890220138,0.840908391725078,0.101376423817342,-0.00472471523653173,-0.00472471523653162,-0.00469834600752961,0.0231794861169794,0.0132797819284203,0.0119190501842475,6.67267353836258,8.33142628429759,0.857075845766569,2.57642596082766,0.265040585666873,3.54512739165524,3.03207281752883,0.577189587761585,-0.0641350136351729,9.72272028626981,11.4587837232451,1.07074366527922,0.225367659895128,0.152170149009888,0.012762247480955,0.920263381010815,2.99296936304875,0.616576465277246,0.299897479372139,0.552158028606489,0.230065845252704,0.207393729516729,0.438148206625579,1.00148939054203,1.00026313460329,1.00122593335325,0.514857549211047,0.052194417114377,0.432948033674577,1.05116680333481,1.04827248191198,0.855278945593302,0.162812086561463,-0.0180910321547649,3.87230821559744e-17,0.965571111871347,0.0197963100292335,0.67,0.1,1.025,0.5,0.6,0.25,0.4,0.005,0.975,0.8,1.19756710612881,0.851008608686004,0.479026842451525,0.244513650818022,0.295557769800734,0.520542056704488,-1.22877152731929,1.12106657199852,7.00331813911844
270,-0.00471363975182899,0.840930005590199,0.101376423817342,-0.00472471523653173,-0.00472471523653162,-0.00469913367975983,0.0231799046695078,0.0132800436162682,0.0119192913764125,6.67252963421228,8.33095907024511,0.857025774527154,2.57627361375451,0.265024404617589,3.54499938865697,3.03226616306791,0.576865991017652,-0.0641327654286002,9.72277398046517,11.4578409703251,1.0706791504814,0.225372973990588,0.152160627834415,0.0127617367652615,0.92024443720414,2.99285272633448,0.616563772926774,0.299887989312839,0.552146662322484,0.230061109301035,0.207394790805611,0.438145440400182,1.00149133930061,1.00026279204941,1.00122822448356,0.514851819908267,0.0521938362981502,0.432954343793583,1.051166552186,1.04827221868864,0.855364368403092,0.162726682792518,-0.0180910511956103,1.0791989730103e-15,0.965571111871347,0.0197963100292335,0.67,0.1,1.025,0.5,0.6,0.25,0.4,0.005,0.975,0.8,1.19755578029544,0.851012705904871,0.479022312118177,0.244506586800055,0.295542565745473,0.520546744065092,-1.228742126987,1.12045052326014,7.00366264142065
271,-0.00471397042126442,0.840950974385562,0.101376423817342,-0.00472471523653173,-0.00472471523653162,-0.00469989780388247,0.0231803112260989,0.0132802978028726,0.0119195256543986,6.67238973731116,8.33050539060851,0.856977153712225,2.57612573261577,0.265008696944681,3.54487508996133,3.03245428660262,0.576551386368117,-0.0641305830094082,9.72282634701921,11.4569251885603,1.07061650858765,0.225378140721429,0.152151378409521,0.0127612409401545,0.920226047267373,2.9927394616009,0.61655145166914,0.299878775379425,0.552135628360424,0.230056511816843,0.207395817615999,0.438142752227535,1.00149323261944,1.00026245972663,1.00123044994925,0.514846261719434,0.0521932728288434,0.432960465451723,1.05116630825809,1.04827196303926,0.855447430345339,0.162643639546241,-0.0180910698915791,-1.78167076065907e-16,0.965571111871347,0.0197963100292335,0.67,0.1,1.025,0.5,0.6,0.25,0.4,0.005,0.975,0.8,1.19754477697874,0.851016671975568,0.479017910791497,0.24449972666022,0.295527790959151,0.520551317511829,-1.22871357808334,1.11985155421466,7.00399812125744
272,-0.004714291214777,0.840971317363393,0.101376423817342,-0.00472471523653173,-0.00472471523653162,-0.00470063908504326,0.0231807061258625,0.0132805447003137,0.0119197532137016,6.67225373896286,8.33006485650604,0.8569299416484,2.57598218704469,0.264993448865672,3.54475438926927,3.03263732323894,0.576245530492891,-0.0641284644625563,9.72287741517682,11.4560356163706,1.07055568562572,0.225383164059185,0.152142393091782,0.0127607595742027,0.920208195092137,2.99262947221399,0.616539490711732,0.299869829593934,0.552124917055282,0.230052048773034,0.207396811084161,0.438140139946946,1.00149507205049,1.00026213732915,1.00123261160782,0.514840869530453,0.0521927261880079,0.43296640428154,1.05116607134606,1.04827171474857,0.855528194680957,0.162562893563884,-0.0180910882448406,-1.05408289548253e-15,0.965571111871347,0.0197963100292335,0.67,0.1,1.025,0.5,0.6,0.25,0.4,0.005,0.975,0.8,1.19753408713265,0.851020511146561,0.479013634853061,0.244493064574479,0.295513433559653,0.520555779456339,-1.22868585617761,1.11926920451836,7.00432480037629
273,-0.0047146024275292,0.84099105320133,0.101376423817342,-0.00472471523653173,-0.00472471523653162,-0.00470135820720452,0.0231810896985024,0.0132807845147891,0.0119199742443942,6.6721215333062,8.32963709012531,0.856884097848511,2.57584285046443,0.264978646997434,3.54463718330248,3.03281540482414,0.575948186406758,-0.064126407928422,9.72292721369482,11.4551715133271,1.07049662916591,0.225388047872836,0.152133664448613,0.0127602922483854,0.92019086503581,2.99252266428099,0.616527879573993,0.299861144207022,0.552114519021486,0.230047716258952,0.207397772308366,0.43813760145598,1.00149685910323,1.00026182456033,1.00123471126516,0.514835638380279,0.0521921958727109,0.432972165747011,1.0511658412506,1.04827147360729,0.855606723054945,0.162484383202841,-0.0180911062577853,9.34030501495711e-16,0.965571111871347,0.0197963100292335,0.67,0.1,1.025,0.5,0.6,0.25,0.4,0.005,0.975,0.8,1.19752370195981,0.851024227527064,0.479009480783923,0.244486594882995,0.295499481984658,0.520560132275413,-1.2286589375319,1.11870302572437,7.00464289567344
274,-0.00471490434584999,0.841010200019575,0.101376423817342,-0.00472471523653173,-0.00472471523653162,-0.00470205583378513,0.0231814622645709,0.0132810174467723,0.0119201889312723,6.67199301724575,8.32922172441117,0.85683958297815,2.57570759997808,0.264964278344646,3.54452337171838,3.03298866001581,0.57565912330378,-0.0641244116012058,9.72297577084266,11.4543321595761,1.07043928827733,0.225392795931274,0.152125185252603,0.0127598385557375,0.920174041908125,2.99241894657351,0.616516608078444,0.299852711691478,0.552104425144875,0.230043510477031,0.207398702350177,0.438135134708951,1.00149859524577,1.00026152113242,1.00123675067691,0.514830563456331,0.0521916813950699,0.4329777551486,1.05116561777796,1.04827123941203,0.855683075534474,0.162408048398536,-0.0180911239330094,1.09264850554632e-15,0.965571111871347,0.0197963100292335,0.67,0.1,1.025,0.5,0.6,0.25,0.4,0.005,0.975,0.8,1.19751361290488,0.851027825091651,0.47900544516195,0.244480312085574,0.295485924983368,0.520564378310656,-1.22863279908172,1.11815258099495,7.00495261927457
275,-0.00471519724749987,0.841028775397527,0.101376423817342,-0.00472471523653173,-0.00472471523653162,-0.00470273260828191,0.0231818241357159,0.0132812436911676,0.0119203974539981,6.67186809038378,8.32881840276222,0.856796358823146,2.57557631626204,0.264950330288603,3.54441285702757,3.03315721434977,0.57537811640518,-0.0641224737273826,9.7230231144036,11.4535168552789,1.07038361348537,0.225397411905737,0.152116948475986,0.0127593981010058,0.92015771095817,2.99231823045267,0.616505666341974,0.299844524735898,0.552094626574902,0.230039427739543,0.207399602235691,0.438132737715439,1.00150028190594,1.00026122676626,1.00123873154984,0.514825640090032,0.0521911822818013,0.432983177628168,1.05116540073983,1.04827101196505,0.855757310646213,0.162333830627086,-0.0180911412732989,3.34482953534317e-16,0.965571111871347,0.0197963100292335,0.67,0.1,1.025,0.5,0.6,0.25,0.4,0.005,0.975,0.8,1.19750381164808,0.851031307684713,0.479001524659231,0.244474210837238,0.295472751608456,0.520568519868227,-1.22860741841715,1.11761744481988,7.00525417861511
276,-0.00471548140192795,0.841046796389927,0.101376423817342,-0.00472471523653173,-0.00472471523653162,-0.00470338915487112,0.0231821756149219,0.0132814634374611,0.0119205999872386,6.67174665495392,8.32842677873608,0.856754388257977,2.57544888346241,0.264936790576342,3.54430554451346,3.03332119030703,0.575104946810629,-0.0641205926041978,9.72306927167637,11.4527249200659,1.07032955673043,0.22540189937217,0.152108947285271,0.0127589705003139,0.92014185786175,2.99222042979641,0.616495044767373,0.299836576238557,0.55208511471705,0.230035464465437,0.207400472956746,0.438130408538855,1.00150192047238,1.00026094119106,1.00124065554318,0.51482086375249,0.0521906980737824,0.432988438173728,1.05116518995314,1.04827079107418,0.855829485412896,0.162261672868719,-0.0180911582816148,1.41840891069672e-16,0.965571111871347,0.0197963100292335,0.67,0.1,1.025,0.5,0.6,0.25,0.4,0.005,0.975,0.8,1.19749429009886,0.851034679024769,0.478997716039546,0.244468285943914,0.295459951208194,0.520572559218619,-1.22858277376459,1.11709720274103,7.00554777652047
277,-0.0047157570705213,0.841064279542514,0.101376423817342,-0.00472471523653173,-0.00472471523653162,-0.00470402607899167,0.0231825169967448,0.0132816768698667,0.0119207967008011,6.67162861575603,8.32804651576263,0.856713635215039,2.57532518909442,0.264923647310078,3.54420134215429,3.03348070737959,0.5748394013529,-0.0641187665782057,9.7231142694771,11.4519556925059,1.07027707132775,0.225406261813549,0.152101175035998,0.0127585553808376,0.920126468709112,2.99212546092882,0.616484734035105,0.299828859301448,0.552075881225467,0.230031617177278,0.207401315472078,0.438128145295036,1.00150351229557,1.00026066414413,1.00124252426992,0.514816230050313,0.0521902283256267,0.432993541624061,1.05116498523996,1.04827057655263,0.855899655389143,0.162191519571936,-0.0180911749610794,1.70083599208171e-16,0.965571111871347,0.0197963100292335,0.67,0.1,1.025,0.5,0.6,0.25,0.4,0.005,0.975,0.8,1.19748504038976,0.851037942708638,0.478994016155905,0.244462532358243,0.295447513418785,0.520576498596496,-1.22855884396892,1.11659145108289,7.00583361128597
278,-0.00471602450684675,0.841081240907214,0.101376423817342,-0.00472471523653173,-0.00472471523653162,-0.00470464396791104,0.02318284856754,0.0132818841674698,0.0119209877597648,6.67151388009284,8.32767728686561,0.856674064654814,2.57520512394478,0.264910888936956,3.54410016054718,3.03363588213524,0.574581272455796,-0.0641169940438503,9.72315813414179,11.4512085295894,1.07022611192841,0.225410502622147,0.152093625267642,0.0127581523804887,0.920111529993024,2.99203324255137,0.616474725095326,0.29982136722449,0.552066917995814,0.230027882498256,0.207402130708445,0.438125946150872,1.00150505868887,1.00026039537062,1.00124433929806,0.51481173472154,0.0521897726052718,0.432998492673189,1.05116478642734,1.04827036821884,0.85596787469654,0.162123316618423,-0.018091191314963,5.9162562722432e-16,0.965571111871347,0.0197963100292335,0.67,0.1,1.025,0.5,0.6,0.25,0.4,0.005,0.975,0.8,1.19747605487038,0.85104110221546,0.478990421948152,0.2444569451755,0.295435428156875,0.520580340200579,-1.22853560847617,1.11609979668895,7.00611187675638
279,-0.00471628395688539,0.841097696056883,0.101376423817342,-0.00472471523653173,-0.00472471523653162,-0.00470524339127365,0.0231831706056855,0.0132820855043661,0.0119211733246091,6.67140235770762,8.32731877439163,0.856635642536823,2.57508858197687,0.264898504239089,3.54400191283443,3.03378682828122,0.574330357995303,-0.0641152734420869,9.72320089152888,11.4504828062253,1.07017663448143,0.225414625101751,0.152086291698641,0.0127577611476085,0.920097028597199,2.99194369567611,0.616465009160123,0.299814093499898,0.552058217158319,0.2300242571493,0.207402919561706,0.438123809322975,1.00150656092948,1.00026013462333,1.00124610215184,0.514807373631701,0.05218933049358,0.433003295874719,1.05116459334718,1.04827016589635,0.856034196057994,0.162057011288677,-0.0180912073466711,5.87687604708452e-16,0.965571111871347,0.0197963100292335,0.67,0.1,1.025,0.5,0.6,0.25,0.4,0.005,0.975,0.8,1.19746732610157,0.85104416091059,0.478986930440627,0.244451519629628,0.295423685612252,0.520584086193584,-1.22851304731671,1.11562185666397,7.00638276240507
280,-0.00471653565926006,0.8411136600996,0.101376423817342,-0.00472471523653173,-0.00472471523653162,-0.00470582490163218,0.023183469179769,0.013282271679241,0.0119213447423213,6.67129916606734,8.32697905118707,0.856599248195665,2.5749749628471,0.264886429306358,3.54390653368373,3.03393367413901,0.574086463630344,-0.0641136040856203,9.72324777236612,11.4497857988,1.07012945558365,0.22541861504391,0.152079165778542,0.0127573821670126,0.920082951792282,2.99185676260836,0.616455577700829,0.299807050854501,0.552049771075369,0.23002073794807,0.207403682927378,0.438121733103331,1.00150802025985,1.00025988166244,1.00124781431291,0.514803142769965,0.0521889015839475,0.433007955646024,1.05116441998497,1.04826998601271,0.85609866940705,0.161992553788237,-0.0180912231952871,2.45080946477222e-13,0.965571111871347,0.0197963100292335,0.67,0.1,1.025,0.5,0.6,0.25,0.4,0.005,0.975,0.8,1.19745884685923,0.851047122101779,0.478983538808064,0.244446266923092,0.295412271495198,0.52058769845833,-1.22849115692714,1.11515726291296,7.00664649362515
281,-0.0047167798454556,0.841129147692543,0.101376423817342,-0.00472471523653173,-0.00472471523653162,-0.00470638903496345,0.0231837736831884,0.0132824620792496,0.0119215202360266,6.67119354966234,8.3266406326576,0.856562978697581,2.57486520266312,0.264874763993321,3.54381392091426,3.03407650237513,0.573849402011395,-0.064111983472266,9.72328814178606,11.4491007758714,1.0700827726555,0.225422511723305,0.152072247027448,0.0127570134366285,0.920069289128511,2.99177234743716,0.616446423716102,0.29980019465896,0.552041573477106,0.230017322282128,0.207404422017638,0.43811971527321,1.00150943745393,1.00025963625532,1.00124947678873,0.514799038245531,0.0521884854819389,0.433012476272406,1.05116423713322,1.04826979431732,0.856161346018948,0.161929892658249,-0.0180912386771967,4.14902643422708e-14,0.965571111871347,0.0197963100292335,0.67,0.1,1.025,0.5,0.6,0.25,0.4,0.005,0.975,0.8,1.19745061260602,0.851049987906641,0.478980245103055,0.24444115054926,0.295401187122882,0.520591262551736,-1.22846989868011,1.11470566061489,7.00690319247618
282,-0.0047170167400338,0.841144173055443,0.101376423817342,-0.00472471523653173,-0.00472471523653162,-0.0047069363111677,0.0231840694273602,0.0132826470014538,0.0119216906804686,6.67109089724418,8.32631204389321,0.85652776265822,2.5747586607745,0.264863440177104,3.5437239936789,3.03421542511204,0.573618978788402,-0.0641104102215442,9.72332748466997,11.4484354282452,1.07003744809443,0.225426299457913,0.152065526635355,0.012756655480425,0.920056026437218,2.99169037781657,0.616437537712936,0.299793538254157,0.552033615862331,0.230014006609304,0.207405137184701,0.438117755909387,1.00151081417196,1.00025939817627,1.00125109146446,0.51479505628393,0.052188081804912,0.433016861910977,1.0511640595563,1.0482696081559,0.856222274941639,0.161868978873426,-0.0180912538150656,6.32530908639858e-14,0.965571111871347,0.0197963100292335,0.67,0.1,1.025,0.5,0.6,0.25,0.4,0.005,0.975,0.8,1.19744261369314,0.851052764709823,0.47897704553441,0.244436182347371,0.295390417563538,0.520594737265123,-1.22844925516136,1.11426668105381,7.00715305108797
283,-0.00471724656083994,0.841158749983638,0.101376423817342,-0.00472471523653173,-0.00472471523653162,-0.00470746723455329,0.0231843566406346,0.0132828265879126,0.0119218562063387,6.67099113247074,8.3259930090954,0.856493570531225,2.5746552450928,0.264852448017925,3.54363667482458,3.03435054538798,0.573395012417717,-0.0641088829811104,9.72336582981884,11.4477892057476,1.06999344355127,0.225429981134866,0.152058998950976,0.0127563079830274,0.920043152065981,2.991610783585,0.616428911884207,0.299787075980532,0.552025891239588,0.230010788016495,0.207405829213041,0.438115852115284,1.00151215155389,1.00025916720636,1.00125265969886,0.514791193223571,0.0521876901816678,0.433021116594526,1.05116388712456,1.04826942739479,0.856281503624109,0.161809764996987,-0.0180912686210956,8.39483860561084e-14,0.965571111871347,0.0197963100292335,0.67,0.1,1.025,0.5,0.6,0.25,0.4,0.005,0.975,0.8,1.19743484348322,0.851055452933928,0.47897393744715,0.244431358019911,0.295379953955307,0.520598124423469,-1.22842920922433,1.11383998010373,7.00739624259317
284,-0.00471746951920437,0.841172891860746,0.101376423817342,-0.00472471523653173,-0.00472471523653162,-0.00470798229430658,0.0231846355663667,0.0132830009909023,0.0119220169540324,6.67089417587555,8.32568325252468,0.856460372765344,2.57455486435309,0.264841777856371,3.54355188939326,3.03448196366943,0.573177326155659,-0.0641074004318298,9.72340320037227,11.4471615651983,1.06995072083067,0.225433559655051,0.15205265852301,0.01275597064059,0.920030654712684,2.99153349656565,0.616420538657498,0.299780802215762,0.55201839282761,0.230007663678171,0.207406498863935,0.43811400233742,1.00151345070533,1.0002589431332,1.00125418280976,0.514787445512363,0.0521873102521081,0.433025244235242,1.05116371969019,1.04826925187854,0.856339078276525,0.161752204829133,-0.0180912831056577,9.9202206222333e-14,0.965571111871347,0.0197963100292335,0.67,0.1,1.025,0.5,0.6,0.25,0.4,0.005,0.975,0.8,1.19742729553939,0.851058055429788,0.478970918266513,0.244426673437816,0.295369787760992,0.520601426028142,-1.2284097440956,1.11342522268619,7.00763293610879
285,-0.0047176858201378,0.841186611670945,0.101376423817342,-0.00472471523653173,-0.00472471523653162,-0.00470848196494733,0.0231849064411095,0.0132831703584407,0.0119221730600179,6.67079995009867,8.32538250631138,0.856428140652706,2.57445742992898,0.264831420312238,3.54346956455234,3.03460977790938,0.572965747931029,-0.064105961288067,9.72343961901183,11.4465519785806,1.06990924283513,0.225437037842701,0.152046500051477,0.0127556431580681,0.920018523401432,2.99145845051148,0.616412410678959,0.299774711498713,0.552011114040859,0.230004630850358,0.207407146873095,0.438112205072655,1.00151471270159,1.00025872575076,1.0012556620784,0.514783809704431,0.0521869416669022,0.433029248628332,1.05116355710953,1.04826908145611,0.856395043902545,0.161696253375184,-0.0180912972777287,1.14112436011387e-13,0.965571111871347,0.0197963100292335,0.67,0.1,1.025,0.5,0.6,0.25,0.4,0.005,0.975,0.8,1.19741996360157,0.851060574970689,0.478967985488464,0.244422124589798,0.295359910675467,0.520604644043788,-1.2283908433884,1.11302208253209,7.00786329681389
286,-0.00471789566252055,0.8411999220109,0.101376423817342,-0.00472471523653173,-0.00472471523653162,-0.00470896670677035,0.0231851694947623,0.0132833348343795,0.0119223246569214,6.67070837984353,8.32509051025015,0.856396846306878,2.57436285576517,0.264821366276571,3.54338962953575,3.03473408360472,0.572760110228741,-0.0641045642977082,9.72347510797617,11.4459599326451,1.06986897353487,0.225440418447194,0.152040518383593,0.0127553252489547,0.920006747473235,2.99138558105181,0.616404520807067,0.299768798525057,0.552004048483941,0.230001686868309,0.207407773951549,0.438110458858409,1.00151593858851,1.00025851485917,1.00125709875034,0.514780282456932,0.0521865840871649,0.433033133455521,1.05116339924302,1.04826891598075,0.856449444328799,0.161641866816399,-0.0180913111451982,1.27355186295167e-13,0.965571111871347,0.0197963100292335,0.67,0.1,1.025,0.5,0.6,0.25,0.4,0.005,0.975,0.8,1.19741284158186,0.851063014238629,0.47896513667782,0.24441770757883,0.295350314619545,0.520607780398286,-1.22837249111069,1.11263024196475,7.00808748602704
287,-0.0047180992392863,0.841212835101324,0.101376423817342,-0.00472471523653173,-0.00472471523653162,-0.00470943696627368,0.0231854249507611,0.013283494558523,0.0119224718736368,6.67061939182299,8.32480701158009,0.856366462639278,2.57427105830361,0.264811606903895,3.54331201558647,3.03485497385253,0.57256024997592,-0.0641032082419758,9.72350968906447,11.4453849285024,1.06982987793639,0.225443704144969,0.152034708509806,0.0127550166350285,0.91999531657698,2.99131482564028,0.616396862106577,0.299763058142795,0.551997189946188,0.229998829144245,0.207408380786489,0.438108762271618,1.00151712938321,1.00025831026452,1.00125849403648,0.514776860526975,0.0521862371841433,0.433036902288457,1.05116324595506,1.04826875530992,0.856502322233749,0.16158900248136,-0.0180913247151091,1.36971225069159e-13,0.965571111871347,0.0197963100292335,0.67,0.1,1.025,0.5,0.6,0.25,0.4,0.005,0.975,0.8,1.19740592355992,0.851065375827358,0.478962369466445,0.244413418618809,0.295340991734105,0.520610836983116,-1.22835467166913,1.11224939168748,7.00830566128273
288,-0.00471829673760013,0.841225362798204,0.101376423817342,-0.00472471523653173,-0.00472471523653162,-0.00470989317657411,0.0231856730262502,0.0132836496667365,0.011922614835425,6.67053291470996,8.32453176477688,0.856336963336909,2.57418195641173,0.264802133604688,3.54323665590071,3.03497253940536,0.572366008430446,-0.0641018919350876,9.72354338364336,11.4448264812338,1.06979192205278,0.225446897541355,0.152029065559919,0.0127547170461105,0.919984220660646,2.99124612350433,0.616389427842633,0.299757485347953,0.551990532396387,0.229996055165161,0.207408968042093,0.438107113927721,1.00151828607484,1.00025811177871,1.00125984911397,0.514773540768621,0.0521859006389133,0.433040558592,1.05116309711393,1.04826859930514,0.856553719175914,0.161537618817932,-0.0180913379938467,1.4678023812422e-13,0.965571111871347,0.0197963100292335,0.67,0.1,1.025,0.5,0.6,0.25,0.4,0.005,0.975,0.8,1.19739920377859,0.851067662245368,0.478959681551466,0.244409254031341,0.295331934374329,0.520613815653617,-1.22833736986976,1.11187923057551,7.00851797640699
289,-0.00471848833903139,0.841237516603679,0.101376423817342,-0.00472471523653173,-0.00472471523653162,-0.00471033575780955,0.0231859139322592,0.0132838002910567,0.0119227536640163,6.67044887908692,8.32426453134636,0.856308322840222,2.57409547131261,0.264792938038035,3.54316348557348,3.03508686872533,0.572177231071945,-0.0641006142237953,9.72357621265152,11.4442841195063,1.06975507287444,0.225450001172392,0.152023584799327,0.0127544262198294,0.919973449962766,2.99117941559582,0.616382211475053,0.299752075280372,0.551984069977659,0.229993362490691,0.207409536360318,0.438105512479677,1.00151940962534,1.00025791921927,1.00126116512709,0.514770320129982,0.0521855741420857,0.433044105727427,1.05116295259163,1.04826844783188,0.856603675621487,0.161487675365799,-0.0180913509872857,1.54013402773688e-13,0.965571111871347,0.0197963100292335,0.67,0.1,1.025,0.5,0.6,0.25,0.4,0.005,0.975,0.8,1.19739267663958,0.851069875918746,0.478957070693553,0.244405210242641,0.2953231351041,0.520616718229385,-1.22832057091618,1.11151946547242,7.00872458159197
290,-0.00471867421972118,0.841249307676606,0.101376423817342,-0.00472471523653173,-0.00472471523653162,-0.00471076511752944,0.0231861478738682,0.0132839465597955,0.011922888477706,6.67036721739814,8.32400507962695,0.85628051632195,2.57401152651721,0.264784012104513,3.54309244154567,3.03519804803729,0.571993767495215,-0.0640993739868352,9.72360819660603,11.443757385202,1.06971929834116,0.225453017506582,0.152018261625334,0.0127541439013945,0.91996299500413,2.99111464454319,0.616375206652767,0.299746823219628,0.551977797002478,0.229990748751033,0.207410086361659,0.438103956617,1.00152050097012,1.00025773240918,1.00126244318818,0.514767195650405,0.0521852573935199,0.433047546955532,1.05116281226385,1.04826830075948,0.856652230971342,0.161439132729564,-0.0180913637009055,1.58685159125589e-13,0.965571111871347,0.0197963100292335,0.67,0.1,1.025,0.5,0.6,0.25,0.4,0.005,0.975,0.8,1.19738633669922,0.851072019193955,0.478954534715231,0.244401283780546,0.295314586690513,0.520619546494586,-1.22830426040583,1.11116981099098,7.00892562346962
291,-0.00471885455054501,0.841260746842806,0.101376423817342,-0.00472471523653173,-0.00472471523653162,-0.00471118165107365,0.0231863750503771,0.0132840885976459,0.0119230193914523,6.67028786390094,8.3237531845941,0.856253519666124,2.57393004775845,0.264775347939255,3.54302346255256,3.03530616138082,0.571815471306047,-0.0640981701343133,9.72363935560674,11.4432458330532,1.06968456731457,0.225455948946627,0.15201309156358,0.0127538698433757,0.91995284657972,2.99105175460473,0.616368407208412,0.299741724581044,0.551971707947832,0.22998821164493,0.207410618645889,0.438102445064814,1.00152156101882,1.0002575511767,1.0012636843785,0.514764164457741,0.0521849501020478,0.433050885439633,1.05116267600978,1.04826815796098,0.856699423587451,0.161391952552428,-0.0180913761398791,1.63202276575471e-13,0.965571111871347,0.0197963100292335,0.67,0.1,1.025,0.5,0.6,0.25,0.4,0.005,0.975,0.8,1.19738017866434,0.851074094340497,0.478952071499232,0.244397471271611,0.295306282098547,0.520622302198376,-1.22828842432481,1.11082998931832,7.00912124518435
292,-0.00471902949727037,0.841271844604998,0.101376423817342,-0.00472471523653173,-0.00472471523653162,-0.00471158574193931,0.023186595655459,0.0132842265257782,0.0119231465169647,6.67021075462094,8.32350862767475,0.856227309448213,2.5738509629273,0.264766937905239,3.54295648907368,3.0354112906613,0.57164220001943,-0.0640970016070449,9.72366970934346,11.4427490302919,1.06965084955202,0.225458797831085,0.152008070264549,0.012753603805491,0.919942995750863,2.99099069162316,0.616361807153078,0.299736774911855,0.551965797450518,0.229985748937716,0.207411133792764,0.438100976582936,1.00152259065594,1.00025737535524,1.00126488974904,0.514761223765693,0.0521846519852043,0.433054124248491,1.05116254371208,1.04826801931308,0.856745290818711,0.161346097490432,-0.018091388309143,1.66865478899563e-13,0.965571111871347,0.0197963100292335,0.67,0.1,1.025,0.5,0.6,0.25,0.4,0.005,0.975,0.8,1.19737419738833,0.851076103553499,0.478949678986892,0.244393769438319,0.295298214485829,0.520624987055231,-1.22827304904166,1.11049973002556,7.00931158646475
293,-0.00471919922070972,0.841282611152449,0.101376423817342,-0.00472471523653173,-0.00472471523653162,-0.00471197776213705,0.0231868098773191,0.0132843604619397,0.0119232699627965,6.67013582730596,8.32327119656317,0.85620186291537,2.57377420201051,0.264758774586736,3.54289146328408,3.03551351569985,0.571473814960095,-0.0640958673758618,9.72369927710074,11.4422665563051,1.06961811568076,0.225461566436026,0.152003193500175,0.0127533455544002,0.919933433837617,2.99093140298151,0.616355400671203,0.299731969887443,0.55196006030257,0.229983358459404,0.207411632362713,0.438099549964972,1.00152359074153,1.00025720478319,1.00126606032137,0.514758370871245,0.0521843627689678,0.433057266359143,1.05116241525677,1.04826788469599,0.856789869026189,0.161301531187261,-0.01809140021345,1.67794303443923e-13,0.965571111871347,0.0197963100292335,0.67,0.1,1.025,0.5,0.6,0.25,0.4,0.005,0.975,0.8,1.19736838786711,0.851078048956201,0.478947355176584,0.244390175096365,0.295290377197567,0.520627602745375,-1.22825812130023,1.1101787698816,7.00949678369428
294,-0.00471936387686878,0.841293056370321,0.101376423817342,-0.00472471523653173,-0.00472471523653162,-0.00471235807253612,0.0231870178988464,0.01328449052055,0.0119233898344319,6.67006302138157,8.32304068504271,0.856177157967326,2.57369969703025,0.264750850782964,3.54282832900685,3.03561291428238,0.571310181165373,-0.0640947664408996,9.7237280777635,11.4417980022994,1.069586337173,0.225464256976627,0.151998457160533,0.0127530948635052,0.919924152411358,2.99087383756004,0.61634918211561,0.299727305307685,0.551954491446815,0.229981038102839,0.207412114897492,0.43809816403744,1.00152456211184,1.00025703930375,1.00126719708845,0.514755603152176,0.0521840821875064,0.433060314659643,1.05116229053309,1.04826775399335,0.856833193607811,0.1612582182496,-0.0180914118574105,1.68950876267949e-13,0.965571111871347,0.0197963100292335,0.67,0.1,1.025,0.5,0.6,0.25,0.4,0.005,0.975,0.8,1.19736274523543,0.851079932602357,0.478945098122195,0.244386685152018,0.295282763761578,0.520630150915183,-1.22824362821207,1.1098668526712,7.0096769699809
295,-0.00471952361709047,0.841303189848756,0.101376423817342,-0.00472471523653173,-0.00472471523653162,-0.00471272702319903,0.0231872198977594,0.0132846168127914,0.0119235062343702,6.66999227790855,8.32281689281426,0.856153173138005,2.57362738198535,0.264743159501908,3.542767031667,3.03570956220756,0.571151167290314,-0.0640936978308729,9.72375612982329,11.4413429709766,1.0695554863219,0.225466871608732,0.151993857250615,0.0127528515127551,0.919915143287585,2.99081794569445,0.616343146002682,0.299722777093416,0.551949085972551,0.229978785821896,0.207412581920825,0.438096817658913,1.00152550557995,1.00025687876482,1.00126830101535,0.514752918064632,0.0521838099829335,0.433063271951731,1.05116216943346,1.04826762709215,0.856875299022483,0.16121612422304,-0.0180914232455236,1.70612531964039e-13,0.965571111871347,0.0197963100292335,0.67,0.1,1.025,0.5,0.6,0.25,0.4,0.005,0.975,0.8,1.19735726476308,0.851081756478564,0.478942905931637,0.244383296599574,0.295275367883453,0.520632633177588,-1.2282295572484,1.10956372901727,7.00985227522577
296,-0.00471967858819441,0.841313020891674,0.101376423817342,-0.00472471523653173,-0.00472471523653162,-0.00471308495370659,0.0231874160467497,0.0132847394467,0.0119236192622097,6.6699235395403,8.3225996253277,0.856129887577463,2.57355719279445,0.264735693954339,3.54270751824651,3.03580353333382,0.570996645515038,-0.0640926606023483,9.72378345138368,11.4409010762169,1.06952553621801,0.225469412430374,0.151989389887202,0.0127526152884594,0.91990639851892,2.99076367913515,0.616337287007677,0.299718381282983,0.551943839111352,0.22997659962973,0.207413033939018,0.438095509719183,1.0015264219364,1.00025672301886,1.00126937304009,0.514750313140787,0.0521835459050699,0.433066140953412,1.05116205185337,1.04826750388258,0.856916218813677,0.161175215568523,-0.0180914343822006,1.7104088645943e-13,0.965571111871347,0.0197963100292335,0.67,0.1,1.025,0.5,0.6,0.25,0.4,0.005,0.975,0.8,1.19735194185128,0.851083522506495,0.478940776765392,0.244380006518883,0.295268183441847,0.520635051112503,-1.22821589623179,1.10926915620713,7.01002282619089
297,-0.00471982893261234,0.841322558525318,0.101376423817342,-0.00472471523653173,-0.00472471523653162,-0.00471343219347242,0.0231876065136234,0.0132848585272537,0.0119237290147281,6.66985675048158,8.32238869361799,0.856107281034316,2.57348906724028,0.264728447547951,3.54264973724069,3.03589489962541,0.570846491454287,-0.0640916538390153,9.7238100601659,11.4404719427687,1.06949646072645,0.225471881483272,0.151985051295798,0.012752385983104,0.919897910388314,2.9907109910077,0.61633159996017,0.299714114028892,0.551938746232988,0.229974477597078,0.20741347144155,0.438094239138438,1.00152731194979,1.00025657192272,1.00127041407433,0.514747785986567,0.0521832897112126,0.433068924301462,1.0511619376913,1.04826738425799,0.856955985632466,0.161135459639317,-0.0180914452717829,1.69328959551798e-13,0.965571111871347,0.0197963100292335,0.67,0.1,1.025,0.5,0.6,0.25,0.4,0.005,0.975,0.8,1.19734677202915,0.851085232545071,0.478938708835105,0.244376812072926,0.295261204483868,0.520637406267274,-1.22820263332773,1.10898289802296,7.01018874656568
298,-0.00471997478851943,0.841331811506542,0.101376423817342,-0.00472471523653173,-0.00472471523653162,-0.00471376906204846,0.0231877914614331,0.0132849741564546,0.0119238355859598,6.66979185644887,8.32218391414826,0.85608533383892,2.57342294491627,0.264721413881745,3.54259363861566,3.03598373119752,0.570700584069106,-0.0640906766509647,9.72383597351523,11.4400552059512,1.06946823446496,0.22547428075426,0.151980837807663,0.0127521633951751,0.91988967140243,2.99065983577421,0.616326079839629,0.299709971594556,0.551933802841458,0.229972417850608,0.207413894901646,0.43809300486647,1.00152817636736,1.00025642533754,1.00127142500409,0.514745334279442,0.052183041165912,0.433071624553864,1.05116182684863,1.04826726811481,0.856994631260039,0.161096824658515,-0.0180914559185546,1.68661447770194e-13,0.965571111871347,0.0197963100292335,0.67,0.1,1.025,0.5,0.6,0.25,0.4,0.005,0.975,0.8,1.19734175095027,0.851086888392544,0.478936700402196,0.244373710505498,0.295254425220602,0.520639700157073,-1.22818975703607,1.10870472457607,7.01035015703256
299,-0.00472011628996164,0.841340788330848,0.101376423817342,-0.00472471523653173,-0.00472471523653162,-0.00471409586942095,0.0231879710486127,0.0132850864334145,0.0119239390672737,6.66972880463075,8.32198510865402,0.856064026886684,2.57335876717391,0.264714586740488,3.54253917376707,3.03607009636039,0.570558805580654,-0.0640897281739743,9.72386120840635,11.4396505113603,1.06944083278227,0.225476612176722,0.151976745856914,0.0127519473289857,0.919881674285233,2.99061016919593,0.616320721771106,0.299705950351138,0.55192900457114,0.229970418571308,0.20741430477683,0.438091805881892,1.00152901591557,1.00025628312859,1.00127240669048,0.514742955766283,0.0521828000407539,0.433074244192156,1.05116171922955,1.04826715535241,0.857032186629704,0.161059279697048,-0.0180914663267522,1.65782123104158e-13,0.965571111871347,0.0197963100292335,0.67,0.1,1.025,0.5,0.6,0.25,0.4,0.005,0.975,0.8,1.19733687438929,0.851088491788522,0.478934749776529,0.244370699138924,0.295247840022736,0.520641934265381,-1.22817725618252,1.10843441214514,7.01050717533153
300,-0.00472025356697925,0.841349497240192,0.101376423817342,-0.00472471523653173,-0.00472471523653162,-0.00471441291629793,0.0231881454291057,0.0132851954544342,0.0119240395474468,6.66966754364949,8.32179210399361,0.856043341622022,2.57329647707212,0.26470796008938,3.54248629547982,3.03615406166257,0.570421041386057,-0.0640888075688048,9.72388578144903,11.4392575145847,1.06941423173718,0.225478877631968,0.151972771977708,0.0127517375945094,0.919873911971741,2.99056194829678,0.616315521021066,0.299702046774455,0.551924347183044,0.229968477992935,0.207414701509453,0.438090641191379,1.00152983130066,1.00025614516519,1.00127335997035,0.514740648261292,0.0521825661141499,0.433076785623729,1.051161614741,1.04826704587304,0.857068681848367,0.161022794652204,-0.0180914765005707,1.64161417563577e-13,0.965571111871347,0.0197963100292335,0.67,0.1,1.025,0.5,0.6,0.25,0.4,0.005,0.975,0.8,1.1973321382387,0.851090044415913,0.478932855315089,0.244367775371853,0.295241443416305,0.520644110044429,-1.22816511991016,1.10817174301825,7.01065991632365
301,-0.00472038674572676,0.841357946230544,0.101376423817342,-0.00472471523653173,-0.00472471523653162,-0.00471472049438726,0.0231883147524901,0.0132853013130821,0.0119241371127366,6.66960802352377,8.32160473200253,0.856023260022758,2.5732360193279,0.264701528068862,3.54243495788902,3.03623569193322,0.570287179976305,-0.064087914020509,9.72390970889401,11.4388758809296,1.0693884080784,0.225481078950577,0.151968912801497,0.0127515340072175,0.919866377601963,2.99051513132784,0.616310472993315,0.29969825744202,0.551919826561178,0.229966594400491,0.207415085527214,0.438089509828928,1.00153062320921,1.00025601132054,1.00127428565698,0.51473840964398,0.0521823391711326,0.433079251184036,1.05116151329257,1.04826693958177,0.857104146217529,0.16098734022664,-0.0180914864441687,1.60879950712407e-13,0.965571111871347,0.0197963100292335,0.67,0.1,1.025,0.5,0.6,0.25,0.4,0.005,0.975,0.8,1.1973275385056,0.851091547902815,0.478931015420717,0.244364936677114,0.295235230078529,0.520646228915639,-1.22815333767104,1.1079165053386,7.01080849205353
302,-0.00472051594858908,0.841366143059233,0.101376423817342,-0.00472471523653173,-0.00472471523653162,-0.00471501888666703,0.0231884791640988,0.0132854041002699,0.0119242318469513,6.66955019563257,8.32142282935224,0.856003764584985,2.57317734026835,0.264695284989566,3.54238511644195,3.03631505032359,0.570157112856114,-0.0640870467377532,9.72393300663911,11.4385052851477,1.06936333922479,0.225483217913713,0.151965165054353,0.0127513363879212,0.919859064515011,2.99046967773294,0.616305573225057,0.299694579030113,0.551915438709006,0.229964766128753,0.20741545724365,0.438088410855134,1.00153139230862,1.00025588147167,1.00127518454074,0.51473623785722,0.0521821190031576,0.43308164313875,1.05116141479646,1.04826683638639,0.857138608253785,0.160952887907885,-0.0180914961616707,1.56858085870164e-13,0.965571111871347,0.0197963100292335,0.67,0.1,1.025,0.5,0.6,0.25,0.4,0.005,0.975,0.8,1.19732307130863,0.851093003824325,0.478929228540861,0.244362180599635,0.295229194833775,0.520648292270087,-1.22814189921791,1.10766849295399,7.01095301181079
303,-0.00472064129429435,0.841374095252071,0.101376423817342,-0.00472471523653173,-0.00472471523653162,-0.00471530836764733,0.0231886388051394,0.0132855039043274,0.0119243238315178,6.66949401267907,8.32124623741198,0.85598483830826,2.57312038778423,0.264689225327419,3.54233672786107,3.03639219834748,0.570030734465742,-0.0640862049521548,9.72395569023451,11.4381454111771,1.06933900324621,0.225485296254406,0.151961525554374,0.0127511445626188,0.919851966243371,2.99042554811505,0.616300817383059,0.299691008310974,0.551911179746023,0.229962991560843,0.207415817058617,0.438087343356482,1.00153213924771,1.00025575549923,1.00127605738967,0.514734130905347,0.0521819054079116,0.433083963685849,1.05116131916736,1.04826673619733,0.857172095708848,0.160919409948321,-0.0180915056571688,1.55441258067394e-13,0.965571111871347,0.0197963100292335,0.67,0.1,1.025,0.5,0.6,0.25,0.4,0.005,0.975,0.8,1.19731873287491,0.851094413704306,0.478927493166366,0.24435950475441,0.295223332649604,0.520650301468953,-1.22813079459606,1.10742750526983,7.01109358219051
304,-0.0047207628980233,0.84138181011026,0.101376423817342,-0.00472471523653173,-0.00472471523653162,-0.00471558920362447,0.023188793812808,0.0132856008110737,0.0119244131455488,6.66943942865644,8.32107480211544,0.855966464681307,2.57306511128465,0.264683343718877,3.54228975010806,3.036467195921,0.569907942104697,-0.0640853879176339,9.72397777488898,11.4377959518867,1.06931537884496,0.225487315658805,0.151957991209147,0.0127509583623463,0.919845076507342,2.99038270420366,0.616296201259919,0.299687542150057,0.551907045904405,0.229961269126835,0.207416165358752,0.438086306444664,1.00153286465715,1.00025563328749,1.00127690495015,0.514732086852323,0.0521816981891259,0.43308621495764,1.05116122632241,1.04826663892759,0.857204635589096,0.160886879345628,-0.0180915149347235,1.51058015956817e-13,0.965571111871347,0.0197963100292335,0.67,0.1,1.025,0.5,0.6,0.25,0.4,0.005,0.975,0.8,1.1973145195371,0.851095779017077,0.478925807830294,0.244356906824535,0.295217638632938,0.520652257843995,-1.22812001413531,1.10719334710564,7.01123030715258
305,-0.00472088087151533,0.841389294717095,0.101376423817342,-0.00472471523653173,-0.00472471523653162,-0.00471586165292726,0.0231889443204028,0.0132856949038887,0.0119244998659073,6.66938639881353,8.32090837383028,0.85594862766804,2.57301146165311,0.264677634956287,3.54224414234887,3.03654010140135,0.5697886358573,-0.0640845949097803,9.72399927547519,11.4374566088282,1.06929244533764,0.225489277767395,0.151954559013286,0.0127507776230331,0.919838389209629,2.99034110882309,0.616291720770451,0.29968417750336,0.551903033525777,0.229959597302407,0.20741650251792,0.438085299255901,1.00153356914998,1.00025551472413,1.00127772794745,0.51473010381995,0.0521814971563955,0.433088399022725,1.05116113618113,1.04826654449267,0.857236254174671,0.160855269823692,-0.0180915239983635,1.47922592555553e-13,0.965571111871347,0.0197963100292335,0.67,0.1,1.025,0.5,0.6,0.25,0.4,0.005,0.975,0.8,1.19731042773054,0.851097101189057,0.478924171106777,0.244354384559285,0.295212108026305,0.520654162698002,-1.22810954844223,1.10696582855509,7.01136328808016
306,-0.00472099532317148,0.84139655594447,0.101376423817342,-0.00472471523653173,-0.00472471523653162,-0.00471612596615589,0.0231890904574311,0.0132857862637797,0.0119245840672691,6.6693348796223,8.32074680723231,0.85593131169407,2.57295939120496,0.26467209398341,3.54219986491965,3.0366109716248,0.569672718520083,-0.0640838252252369,9.72402020653588,11.4371270919949,1.06927018263766,0.22549118417619,0.151951226046033,0.0127506021853615,0.919831898430093,2.99030072586159,0.616287371948163,0.299680911414842,0.551899139058056,0.229957974607523,0.207416828897642,0.438084320950297,1.00153425332211,1.00025539970021,1.00127852708637,0.514728179986142,0.0521813021250041,0.433090517887906,1.05116104866534,1.04826645281051,0.857266977038116,0.160824555813969,-0.018091532852085,1.43956285474506e-13,0.965571111871347,0.0197963100292335,0.67,0.1,1.025,0.5,0.6,0.25,0.4,0.005,0.975,0.8,1.19730645399044,0.851098381600346,0.478922581609895,0.244351935772253,0.295206736204192,0.52065601730526,-1.2280993883924,1.10674476484932,7.011492623837
307,-0.00472110635815425,0.841403600459186,0.101376423817342,-0.00472471523653173,-0.00472471523653162,-0.00471638238641392,0.0231892323497189,0.0132858749694502,0.0119246658221858,6.66928482874479,8.3205899611814,0.855914501633414,2.57290885364571,0.264666715891026,3.54215687929374,3.03667986194388,0.56956009553095,-0.0640830781810982,9.72404058228871,11.4368071195863,1.06924857123802,0.225493036437898,0.151947989468925,0.0127504318946299,0.919825598420649,2.99026152024135,0.616283150941835,0.299677741013893,0.551895359052389,0.229956399605162,0.207417144847514,0.438083370711194,1.00153491775274,1.00025528811005,1.00127930305174,0.51472631358325,0.0521811129157536,0.433092573500032,1.05116096369911,1.04826636380137,0.857296829062571,0.16079471243728,-0.0180915414998513,1.40737944574861e-13,0.965571111871347,0.0197963100292335,0.67,0.1,1.025,0.5,0.6,0.25,0.4,0.005,0.975,0.8,1.19730259494915,0.851099621586258,0.478921037992583,0.244349558339538,0.295201518669492,0.520657822912037,-1.22808952512301,1.10652997622363,7.0116184108238
308,-0.00472121407848445,0.841410434729073,0.101376423817342,-0.00472471523653173,-0.00472471523653162,-0.00471663114953291,0.0231893701195086,0.0132859610973612,0.0119247452011414,6.66923620500289,8.3204376986044,0.855898182795943,2.57285980403113,0.264661495912731,3.54211514804949,3.03674682626373,0.569450674900081,-0.0640823531143251,9.72406041663316,11.436496417782,1.06922759219502,0.225494836063037,0.151944846523523,0.0127502666006208,0.919819483600304,2.9902234578893,0.616279054012204,0.299674663512911,0.551891690160183,0.229954870900076,0.207417450705606,0.438082447744552,1.00153556300487,1.00025517985112,1.00128005650904,0.514724502896429,0.052180929354799,0.433094567747791,1.05116088120867,1.04826627738785,0.857325834459543,0.160765715486048,-0.0180915499455913,1.36733455601355e-13,0.965571111871347,0.0197963100292335,0.67,0.1,1.025,0.5,0.6,0.25,0.4,0.005,0.975,0.8,1.1972988473335,0.851100822438798,0.478919538945576,0.244347250197993,0.295196451050042,0.520659580736999,-1.22807995002549,1.10632128778735,7.01174074303364
309,-0.00472131858313513,0.841417065028924,0.101376423817342,-0.00472471523653173,-0.00472471523653162,-0.00471687248429031,0.0231895038855642,0.0132860447217971,0.0119248222726129,6.66918896834659,8.32028988637666,0.855882340914685,2.57281219872785,0.264656429420782,3.54207463483899,3.03681191707761,0.569344367142556,-0.0640816493811747,9.72407972315501,11.436194720517,1.06920722711181,0.225496584521056,0.151941794529197,0.0127501061574712,0.919813548550347,2.99018650570878,0.616275077528733,0.299671676204903,0.551888129130208,0.229953387137587,0.207417746798848,0.438081551278345,1.0015361896257,1.00025507482395,1.00128078810487,0.514722746262062,0.0521807512734889,0.433096502463453,1.05116080112237,1.04826619349472,0.857354016786241,0.160737541406957,-0.0180915581931981,1.33546789760662e-13,0.965571111871347,0.0197963100292335,0.67,0.1,1.025,0.5,0.6,0.25,0.4,0.005,0.975,0.8,1.19729520796224,0.851101985408089,0.478918083196368,0.244345009343494,0.295191529095235,0.520661291971724,-1.22807065473839,1.10611852939696,7.01185971210624
310,-0.00472141996812274,0.841423497446264,0.101376423817342,-0.00472471523653173,-0.00472471523653162,-0.00471710661262104,0.0231896337632658,0.0132861259149246,0.0119248971031251,6.66914307982491,8.32014639521133,0.855866962133957,2.57276599537541,0.264651511922097,3.54203530435767,3.03687518550171,0.569241085212613,-0.0640809663566456,9.72409851513273,11.4359017692674,1.069187458123,0.225498283241404,0.151938830880981,0.0127499504235479,0.919807788009664,2.99015063155188,0.616271217966475,0.299668776461187,0.551884672805799,0.229951947002416,0.207418033443409,0.438080680561968,1.00153679814707,1.00025497293204,1.00128149846754,0.514721042066228,0.0521805785082097,0.433098379424552,1.05116072337064,1.04826611204896,0.857381398962505,0.160710167284023,-0.0180915662465283,1.28800515862812e-13,0.965571111871347,0.0197963100292335,0.67,0.1,1.025,0.5,0.6,0.25,0.4,0.005,0.975,0.8,1.19729167374351,0.851103111703759,0.47891666950821,0.244342833829295,0.295186748672753,0.520662957781136,-1.22806163114048,1.10592153553219,7.01197540738143
311,-0.00472151832659552,0.841429737886932,0.101376423817342,-0.00472471523653173,-0.00472471523653162,-0.00471733374982275,0.0231897598647058,0.0132862047468533,0.0119249697573059,6.66909850155622,8.32000709954848,0.855852032997492,2.57272115284957,0.264646739054387,3.54199712231478,3.03693668130915,0.569140744439566,-0.0640803034339391,9.72411680554255,11.4356173128398,1.06916826787931,0.225499933614575,0.151935953047474,0.0127497992613261,0.919802196870195,2.99011580419266,0.616267471903031,0.299665961729147,0.551881318122117,0.229950549217549,0.207418310945054,0.438079834865658,1.00153738908589,1.00025487408177,1.00128218820751,0.514719388743214,0.0521804109002351,0.433100200355525,1.05116064788587,1.04826603297963,0.857408003287322,0.160683570822078,-0.0180915741093999,1.24282679319077e-13,0.965571111871347,0.0197963100292335,0.67,0.1,1.025,0.5,0.6,0.25,0.4,0.005,0.975,0.8,1.19728824167235,0.851104202496266,0.478915296679123,0.244340721764394,0.295182105765346,0.520664579303971,-1.22805287134391,1.10573014517528,7.01208791595149
312,-0.00472161374891926,0.841435792080507,0.101376423817342,-0.00472471523653173,-0.00472471523653162,-0.00471755410475427,0.0231898822987795,0.0132862812856921,0.0119250402979388,6.66905519670057,8.31987187745007,0.855837540437177,2.57267763122625,0.264642106582359,3.54196005540458,3.03699645296322,0.56904326246529,-0.064079660023934,9.72413460706467,11.4353411071673,1.06914963953291,0.225501536993139,0.151933158568802,0.0127496525372707,0.919796770172516,2.99008199330107,0.616263836015586,0.299663229530054,0.55187806210351,0.229949192543129,0.207418579599493,0.438079013479942,1.00153796294454,1.00025477818234,1.00128285791793,0.514717784774078,0.0521802482955803,0.433101966929301,1.05116057460242,1.04826595621782,0.857433851454946,0.160657730330645,-0.0180915817855913,1.21505734304562e-13,0.965571111871347,0.0197963100292335,0.67,0.1,1.025,0.5,0.6,0.25,0.4,0.005,0.975,0.8,1.1972849088284,0.851105258918195,0.47891396354095,0.244338671311969,0.295177596467721,0.520666157653237,-1.22804436768772,1.10554420169308,7.01219732271263
313,-0.00472170632276046,0.841441665585568,0.101376423817342,-0.00472471523653173,-0.00472471523653162,-0.00471776788002887,0.02319000117128,0.0132863555976088,0.0119251087860175,6.66901312943048,8.31974061049366,0.855823471761648,2.57263539174683,0.264637610394042,3.54192407127847,3.03705454764987,0.568948559183274,-0.0640790355546768,9.7241519320872,11.4350729151084,1.06913155672277,0.225503094692747,0.151930445054645,0.0127495101217217,0.919791503101551,2.99004916941754,0.616260307078039,0.299660577456933,0.551874901860931,0.229947875775388,0.207418839692722,0.438078215715077,1.00153852021129,1.00025468514563,1.00128350817514,0.514716228685249,0.0521800905448596,0.433103680768838,1.05116050345651,1.04826588169662,0.857458964570625,0.160632624708215,-0.0180915892788401,1.16800190227107e-13,0.965571111871347,0.0197963100292335,0.67,0.1,1.025,0.5,0.6,0.25,0.4,0.005,0.975,0.8,1.19728167237347,0.851106282065498,0.478912668958424,0.244336680687836,0.29517321698351,0.520667693916704,-1.2280361127313,1.10536355272215,7.01230371041535
314,-0.00472179613316705,0.841447363794796,0.101376423817342,-0.00472471523653173,-0.00472471523653162,-0.00471797527220152,0.0231901165849768,0.0132864277468795,0.0119251752807918,6.66897226490615,8.31961318367602,0.855809814645987,2.57259439678438,0.264633246497239,3.54188913851781,3.0371110113095,0.568856556679189,-0.0640784294708865,9.72416879271384,11.4348125062575,1.06911400356116,0.225504607993081,0.151927810182293,0.0127493718887831,0.919786390982399,2.99001730392837,0.616256881958207,0.299658003172529,0.551871834589439,0.2299465977456,0.207419091501341,0.438077440900528,1.00153906136065,1.00025459488617,1.00128413953906,0.514714719047166,0.0521799375031495,0.433105343448618,1.05116043438622,1.04826580935103,0.857483363165951,0.16060823342689,-0.0180915965928415,1.12389873811689e-13,0.965571111871347,0.0197963100292335,0.67,0.1,1.025,0.5,0.6,0.25,0.4,0.005,0.975,0.8,1.19727852954937,0.851107272998705,0.47891141182826,0.244334748158975,0.295168963622296,0.52066918915729,-1.22802809924827,1.10518805005664,7.01240715971406
315,-0.00472188326264668,0.841452891939927,0.101376423817342,-0.00472471523653173,-0.00472471523653162,-0.00471817647194983,0.0231902286397103,0.0132864977959472,0.0119252398398214,6.66893256924689,8.31948948531121,0.855796557120776,2.57255460981067,0.264629011016044,3.54185522660749,3.03716588866802,0.568767179172946,-0.0640778412334718,9.72418520076694,11.4345596567527,1.06909696461959,0.225506078138834,0.151925251694782,0.0127492377162138,0.919781429276289,2.98998636904172,0.616253557615113,0.299655504407278,0.551868857565773,0.229945357319072,0.207419335292876,0.438076688384444,1.00153958685377,1.00025450732104,1.00128475255375,0.514713254472971,0.0521797890298552,0.433106956496094,1.05116036733139,1.04826573911795,0.857507067213833,0.160584536517414,-0.0180916037312473,1.08730380096992e-13,0.965571111871347,0.0197963100292335,0.67,0.1,1.025,0.5,0.6,0.25,0.4,0.005,0.975,0.8,1.19727547767565,0.851108232744078,0.478910191078279,0.244332872042069,0.295164832796744,0.520670644413599,-1.22802032022032,1.10501754953896,7.01250774921554
316,-0.00472196779124262,0.841458255096556,0.101376423817342,-0.00472471523653173,-0.00472471523653162,-0.0047183716642506,0.0231903374324657,0.0132865658054687,0.0119253025190193,6.66889400950739,8.31936940693926,0.855783687562326,2.57251599536455,0.264624900187501,3.54182230591031,3.03721922326718,0.5686803529622,-0.0640772703190641,9.72420116779483,11.4343141490959,1.06908042491611,0.225507506340602,0.151922767399062,0.012749107485323,0.919776613576643,2.98995633776433,0.616250331096351,0.29965307895739,0.551865968145986,0.229944153394161,0.207419571326077,0.438075957533149,1.00154009713882,1.0002544223698,1.00128534774775,0.514711833617226,0.052179644988581,0.433108521393101,1.0511603022336,1.04826567093605,0.857530096143102,0.160561514554562,-0.0180916106976648,1.04995460158821e-13,0.965571111871347,0.0197963100292335,0.67,0.1,1.025,0.5,0.6,0.25,0.4,0.005,0.975,0.8,1.19727251414747,0.851109162294745,0.478909005666543,0.244331050702109,0.29516082101979,0.520672060700291,-1.22801276883135,1.10485191095317,7.01260555552661
317,-0.00472204979660744,0.841463458188795,0.101376423817342,-0.00472471523653173,-0.00472471523653162,-0.00471856102855039,0.0231904430574592,0.0132866318343684,0.011925363372701,6.66885655365144,8.31925284323144,0.855771194682512,2.57247851902075,0.264620910358319,3.541790347642,3.03727105749428,0.568596006367282,-0.0640767162195619,9.72421670507573,11.4340757719732,1.06906436990216,0.225508893775811,0.151920355164219,0.0127489810808679,0.91977193960526,2.98992718387884,0.616247199535524,0.299650724682946,0.551863163763156,0.229942984901315,0.207419799851212,0.438075247730656,1.00154059265132,1.00025433995441,1.0012859256346,0.514710455174678,0.052179505247005,0.433110039577214,1.05116023903609,1.04826560474581,0.857552468852766,0.16053914864289,-0.0180916174956558,1.01094140310049e-13,0.965571111871347,0.0197963100292335,0.67,0.1,1.025,0.5,0.6,0.25,0.4,0.005,0.975,0.8,1.19726963643353,0.851110062611778,0.47890785458053,0.24432928255102,0.295156924901908,0.520673439008582,-1.22800543846168,1.10469099792099,7.01270065330083
318,-0.00472212935407446,0.841468505993794,0.101376423817342,-0.00472471523653173,-0.00472471523653162,-0.00471874473893119,0.0231905456062132,0.0132866959398849,0.0119254224536282,6.66882017052829,8.31913969190194,0.855759067519316,2.57244214735986,0.264617037981696,3.54175932384694,3.03732143261113,0.568514069677503,-0.0640761784416888,9.72423182362376,11.4338443200822,1.0690487854503,0.225510241589586,0.15191801291975,0.0127488583909538,0.919767403208598,2.98989888192178,0.616244160149761,0.29964843950606,0.551860441925159,0.229941850802149,0.207420021110352,0.438074558378182,1.00154107381451,1.00025425999916,1.0012864867132,0.514709117879055,0.0521793696767572,0.433111512443073,1.05116017768376,1.04826554048941,0.857574203725904,0.160517420402832,-0.0180916241287354,9.79478592535514e-14,0.965571111871347,0.0197963100292335,0.67,0.1,1.025,0.5,0.6,0.25,0.4,0.005,0.975,0.8,1.19726684207402,0.851110934625254,0.478906736836313,0.244327566046331,0.295153141148448,0.52067478030667,-1.22799832268252,1.10453467780046,7.01279311528425
319,-0.0047222065367271,0.84147340314613,0.101376423817342,-0.00472471523653173,-0.00472471523653162,-0.0047189229642709,0.0231906451676337,0.0132867581776202,0.0119254798130537,6.66878482984842,8.31902985362,0.855747295427408,2.57240684793917,0.264613279614249,3.54172920737466,3.03737038878239,0.568434475098826,-0.0640756565065646,9.7242465341936,11.4336195939633,1.06903365784205,0.225511550895611,0.151915738653877,0.0127487393069381,0.919763000354173,2.98987140716215,0.616241210237296,0.29964622140911,0.551857800212504,0.229940750088543,0.207420235337643,0.43807388889368,1.00154154103967,1.00025418243059,1.00128703146825,0.514707820501905,0.0521792381533015,0.433112941343667,1.05116011812307,1.04826547811068,0.857595318643227,0.160496311957144,-0.0180916306003718,9.3723296505984e-14,0.965571111871347,0.0197963100292335,0.67,0.1,1.025,0.5,0.6,0.25,0.4,0.005,0.975,0.8,1.19726412867864,0.851111779235261,0.478905651477772,0.244325899689884,0.295149466557046,0.520676085540174,-1.22799141525048,1.10438282158707,7.01288301236028
320,-0.00472228141546607,0.841478154142058,0.101376423817342,-0.00472471523653173,-0.00472471523653162,-0.00471909586839925,0.0231907418280825,0.0132868186015844,0.0119255355007625,6.66875050216081,8.31892323192607,0.855735868069159,2.57237258926439,0.264609631913025,3.54169997185682,3.03741796510326,0.568357156702854,-0.0640751499492879,9.724260847286,11.4334013998368,1.06901897375626,0.225512822776957,0.151913530411917,0.0127486237233366,0.919758727127053,2.98984473558059,0.616238347175126,0.299644068432989,0.551855236276232,0.229939681781763,0.207420442759569,0.438073238711385,1.00154199472647,1.00025410717746,1.00128756037064,0.514706561851465,0.0521791105558209,0.433114327591577,1.05116006030204,1.04826541755509,0.857615830996303,0.160475805917681,-0.0180916369139846,9.05784884037125e-14,0.965571111871347,0.0197963100292335,0.67,0.1,1.025,0.5,0.6,0.25,0.4,0.005,0.975,0.8,1.19726149392469,0.851112597312884,0.478904597575826,0.244324282026582,0.295145898015103,0.520677355632561,-1.22798471010234,1.10423530381738,7.0129704135937
321,-0.00472235405907463,0.841482763343645,0.101376423817342,-0.00472471523653173,-0.00472471523653162,-0.00471926361024899,0.0231908356714502,0.0132868772642416,0.0119255895651144,6.66871715883033,8.31881973314883,0.855724775405753,2.57233934076178,0.264606091632559,3.54167159168504,3.03746419962646,0.568282050377108,-0.0640746583185305,9.72427477315277,11.4331895494426,1.06900472025754,0.225514058286908,0.151911386294682,0.0127485115377319,0.91975457972646,2.98981884384916,0.616235568416729,0.299641978675436,0.551852747835876,0.229938644931615,0.207420643595208,0.43807260728137,1.00154243526328,1.00025403417063,1.00128807387783,0.51470534077156,0.0521789867671069,0.433115672460185,1.05116000417018,1.04826535876967,0.857635757700446,0.160455885372499,-0.0180916430729453,8.76565184449822e-14,0.965571111871347,0.0197963100292335,0.67,0.1,1.025,0.5,0.6,0.25,0.4,0.005,0.975,0.8,1.19725893555519,0.851113389701155,0.478903574227681,0.244322711643157,0.295142432497323,0.5206785914856,-1.22797820134987,1.10409200247511,7.01305538627371
322,-0.00472242453428186,0.841487234982767,0.101376423817342,-0.00472471523653173,-0.00472471523653162,-0.00471942634400235,0.0231909267792261,0.0132869342165536,0.0119256420530844,6.66868477201536,8.31871926632559,0.855714007688651,2.5723070727517,0.264602655622083,3.54164404198916,3.03750912938873,0.568209093776572,-0.0640741811761446,9.7242883218014,11.4329838598859,1.0689908847853,0.225515258449746,0.151909304456937,0.0127484026506856,0.919750554462462,2.98979370931168,0.61623287148985,0.299639950289397,0.551850332677477,0.229937638615616,0.207420838056481,0.438071994069115,1.00154286302748,1.00025396334305,1.00128857243424,0.514704156140544,0.0521788666734511,0.433116977184846,1.05115994967845,1.04826530170298,0.857655115207295,0.160436533873281,-0.0180916490805756,8.18093243318827e-14,0.965571111871347,0.0197963100292335,0.67,0.1,1.025,0.5,0.6,0.25,0.4,0.005,0.975,0.8,1.19725645137705,0.851114157215967,0.478902580556102,0.244321187166989,0.295139067063326,0.520679793979769,-1.22797188327484,1.10395279889953,7.01313799595618
323,-0.00472249290582409,0.841491573165001,0.101376423817342,-0.00472471523653173,-0.00472471523653162,-0.00471958421923335,0.0231910152305657,0.0132869895080218,0.011925693010301,6.66865331464694,8.31862174312448,0.855703555451251,2.57227575642249,0.264599320822763,3.54161729861623,3.03755279043654,0.568138226276469,-0.0640737180967795,9.72430150300044,11.4327841534861,1.0689774551429,0.22551642426153,0.15190728310589,0.0127482969656514,0.919746647752763,2.98976930996457,0.616230253994351,0.29963798148142,0.551847988651658,0.229936661938191,0.207421026348385,0.438071398555083,1.00154327838579,1.00025389462965,1.00128905647159,0.51470300687027,0.0521787501645406,0.433118242964021,1.05115989677922,1.04826524630507,0.857673919517074,0.160417735423073,-0.0180916549401477,8.12046696292108e-14,0.965571111871347,0.0197963100292335,0.67,0.1,1.025,0.5,0.6,0.25,0.4,0.005,0.975,0.8,1.19725403925933,0.851114900646962,0.478901615708705,0.244319707264947,0.295135798855315,0.520680963974689,-1.22796575032421,1.10381757769616,7.01321830650498
324,-0.00472255923650436,0.841495781873394,0.101376423817342,-0.00472471523653173,-0.00472471523653162,-0.0047197373810457,0.0231911011023553,0.0132870431867285,0.0119257424810844,6.66862276040777,8.31852707776974,0.85569340950089,2.5722453638053,0.26459608426505,3.54159133811008,3.03759521785136,0.568069388926232,-0.0640732686675114,9.72431432628435,11.4325902576315,1.06896441948734,0.225517556690841,0.15190532049973,0.0127481943888928,0.919742856119586,2.98974562443833,0.616227713600123,0.299636070510149,0.551845713671752,0.229935714029897,0.207421208669225,0.438070820234312,1.00154368169451,1.00025382796731,1.0012895264093,0.514701891905081,0.0521786371333572,0.433119470960382,1.05115984542624,1.04826519252743,0.85769218619055,0.160399474464333,-0.0180916606548837,7.67608848223758e-14,0.965571111871347,0.0197963100292335,0.67,0.1,1.025,0.5,0.6,0.25,0.4,0.005,0.975,0.8,1.19725169713144,0.851115620758392,0.478900678857262,0.244318270642279,0.295132625095816,0.520682102309526,-1.22795979710536,1.1036862266498,7.01329638013252
325,-0.00472262358725026,0.841499864972115,0.101376423817342,-0.00472471523653173,-0.00472471523653162,-0.00471988597020656,0.0231911844692782,0.0132870952993777,0.0119257905084842,6.66859308371188,8.31843518696753,0.855683560910887,2.57221586774952,0.264592943066076,3.5415661376914,3.03763644577421,0.568002524404668,-0.0640728324874817,9.72432680095818,11.4324020046354,1.0689517663189,0.225518656679527,0.151903414946197,0.0127480948294011,0.919739176186646,2.98972263197941,0.616225248045053,0.299634215684785,0.551843505711987,0.229934794046661,0.20742138521084,0.438070258616018,1.00154407329987,1.00025376329481,1.00128998265478,0.514700810220849,0.052178527476078,0.433120662301884,1.05115979557459,1.04826514032295,0.857709930360687,0.160381735867269,-0.0180916662279552,7.39867326029324e-14,0.965571111871347,0.0197963100292335,0.67,0.1,1.025,0.5,0.6,0.25,0.4,0.005,0.975,0.8,1.19724942298156,0.851116318289939,0.478899769197037,0.244316876041503,0.295129543085463,0.520683209803419,-1.22795401838154,1.1035586366397,7.01337227743938
326,-0.00472268601716994,0.841503826210008,0.101376423817342,-0.00472471523653173,-0.00472471523653162,-0.00472003012327626,0.0231912654038762,0.0132871458913335,0.011925837134315,6.66856425968469,8.31834598983496,0.855674001012935,2.57218724189899,0.264589894427146,3.54154167523843,3.03767650742973,0.567937576976245,-0.0640724091675472,9.72433893610224,11.4322192315982,1.06893948447137,0.225519725143412,0.151901564801201,0.0127479981988168,0.919735604676205,2.98970031243271,0.616222855133058,0.299632415363654,0.551841362805723,0.229933901169051,0.20742155615881,0.438069713223202,1.00154445353829,1.00025370055274,1.00129042560383,0.514699760824026,0.0521784210919809,0.433121818082794,1.05115974718064,1.04826508964586,0.857727166744009,0.160364504918474,-0.0180916716624831,7.01627783711073e-14,0.965571111871347,0.0197963100292335,0.67,0.1,1.025,0.5,0.6,0.25,0.4,0.005,0.975,0.8,1.19724721485492,0.851116993957525,0.478898885946125,0.244315522241358,0.295126550200857,0.520684287255884,-1.22794840906741,1.10343470155686,7.01344605745319
327,-0.00472274658360649,0.841507669224031,0.101376423817342,-0.00472471523653173,-0.00472471523653162,-0.00472016997273439,0.0231913439766097,0.0132871950066581,0.0119258823991909,6.66853626414406,8.3182594078314,0.85566472138975,2.57215946066898,0.264586935631306,3.5415179292682,3.03771543514961,0.567874492448522,-0.0640719983299399,9.72435074057702,11.4320417802734,1.06892756310248,0.225520762972994,0.151899768467471,0.0127479044113535,0.91973213840622,2.98967864622447,0.616220532732168,0.29963066795278,0.551839283043732,0.229933034601555,0.207421721692672,0.438069183592275,1.00154482273661,1.00025363968348,1.0012908556409,0.514698742750732,0.0521783178833512,0.433122939364709,1.05115970020203,1.04826504045174,0.857743909651684,0.160347767309853,-0.0180916769615377,6.71470303811409e-14,0.965571111871347,0.0197963100292335,0.67,0.1,1.025,0.5,0.6,0.25,0.4,0.005,0.975,0.8,1.19724507085226,0.851117648454081,0.478898028344819,0.244314208055777,0.295123643892474,0.520685335447207,-1.22794296422468,1.10331431822351,7.01351777766664
328,-0.00472280534219062,0.841511397542598,0.101376423817342,-0.00472471523653173,-0.00472471523653162,-0.00472030564710157,0.0231914202559189,0.01328724268815,0.0119259263425609,6.66850907358094,8.31817536468984,0.855655713867697,2.57213249922347,0.264584064040936,3.54149487891824,3.03775326039551,0.567813218130658,-0.064071599607936,9.72436222302733,11.4318694969343,1.06891599168443,0.225521771034133,0.15189802439324,0.0127478133837225,0.919728774287563,2.9896576143457,0.616218278772667,0.299628971904512,0.551837264572538,0.229932193571891,0.207421881986111,0.438068669272689,1.00154518121244,1.0002535806311,1.00129127313946,0.514697755065871,0.0521782177553921,0.43312402717752,1.05115965459762,1.04826499269744,0.857760173000316,0.160331509127822,-0.0180916821281379,6.55431674306279e-14,0.965571111871347,0.0197963100292335,0.67,0.1,1.025,0.5,0.6,0.25,0.4,0.005,0.975,0.8,1.19724298912826,0.8511182824503,0.478897195654992,0.244312932332862,0.29512082168262,0.520686355138873,-1.22793767905794,1.10319738631459,7.01358749407468
329,-0.00472286234689193,0.841515014588816,0.101376423817342,-0.00472471523653173,-0.00472471523653162,-0.0047204372710582,0.0231914943082761,0.0132872889773765,0.0119259690027396,6.66848266514228,8.31809378635415,0.855646970510088,2.57210633345377,0.264581277095504,3.54147250392888,3.03779001378143,0.567753702792992,-0.0640712126455359,9.72437339188793,11.4317022322504,1.06890475999513,0.225522750168694,0.151896331070974,0.0127477250350619,0.919725509321326,2.98963719833609,0.616216091245289,0.299627325716203,0.551835305592796,0.229931377330332,0.207422037207162,0.438068169826579,1.00154552927434,1.00025352334137,1.0012916784623,0.514696796862268,0.0521781206161375,0.433125082520369,1.05115961032744,1.04826494634106,0.857775970322475,0.160315716842777,-0.018091687165252,6.18845485799823e-14,0.965571111871347,0.0197963100292335,0.67,0.1,1.025,0.5,0.6,0.25,0.4,0.005,0.975,0.8,1.19724096789005,0.851118896595359,0.478896387159494,0.244311693953947,0.295118081163464,0.520687347073898,-1.22793254891055,1.10308380828125,7.01365526121099
330,-0.00472291765006841,0.841518523683627,0.101376423817342,-0.00472471523653173,-0.00472471523653162,-0.00472056496555906,0.0231915661982475,0.0132873339147127,0.011926010416942,6.66845701661182,8.31801460091276,0.855638483610062,2.57208093995697,0.264578572309275,3.54145078462602,3.03782572509551,0.567695896627665,-0.0640708370971516,9.72438425538669,11.4315398411599,1.06889385810906,0.225523701195215,0.151894687036131,0.0127476392868655,0.919722340596209,2.9896173802683,0.61621396819946,0.299625727928885,0.551833404357725,0.229930585149052,0.207422187518394,0.43806768482841,1.0015458672221,1.00025346776168,1.00129207196181,0.514695867259836,0.0521780263763674,0.433126106362562,1.05115956735269,1.04826490134191,0.857791314776957,0.160300377298841,-0.0180916920757974,6.01655881452159e-14,0.965571111871347,0.0197963100292335,0.67,0.1,1.025,0.5,0.6,0.25,0.4,0.005,0.975,0.8,1.19723900539573,0.851119491517617,0.478895602161567,0.244310491832615,0.295115419995104,0.520688311977282,-1.22792756926066,1.10297348927629,7.01372113218362
331,-0.00472297130251469,0.841521928048862,0.101376423817342,-0.00472471523653173,-0.00472471523653162,-0.00472068884794519,0.0231916359885444,0.0132873775393734,0.0119260506213136,6.66843210639342,8.31793773853828,0.855630245684107,2.57205629601553,0.264575947269158,3.54142970190433,3.03786042332137,0.567639751210257,-0.0640704726273044,9.72439482154963,11.4313821827506,1.06888327638889,0.225524624909528,0.151893090865951,0.0127475560629149,0.919719265285969,2.98959814273275,0.6162119077416,0.299624177126027,0.551831559171581,0.229929816321492,0.207422333077087,0.438067213864644,1.00154619534701,1.00025341384097,1.00129245398029,0.514694965404767,0.0521779349495257,0.433127099644463,1.05115952563568,1.04826485766047,0.857806219158779,0.160285477703862,-0.0180916968626402,5.5667867954629e-14,0.965571111871347,0.0197963100292335,0.67,0.1,1.025,0.5,0.6,0.25,0.4,0.005,0.975,0.8,1.19723709995297,0.851120067825297,0.478894839984273,0.244309324913801,0.295112835903687,0.520689250556366,-1.22792273571737,1.10286633708152,7.01378515870984
332,-0.00472302335350869,0.841525230810195,0.101376423817342,-0.00472471523653173,-0.00472471523653162,-0.00472080903205141,0.0231917037400735,0.0132874198894444,0.0119260896509595,6.66840791349461,8.31786313142862,0.855622249465774,2.57203237957751,0.264573399632626,3.541409237211,3.03789413665891,0.567585219462421,-0.0640701189103311,9.72440509820572,11.4312291201445,1.06887300547729,0.225525522085351,0.151891541178286,0.0127474752892136,0.919716280646959,2.98957946882283,0.616209908033462,0.299622671932315,0.551829768388175,0.22992907016174,0.207422474035414,0.438066756533404,1.00154651393207,1.00025336152972,1.00129282485024,0.514694090468748,0.0521778462516411,0.433128063278358,1.05115948513982,1.04826481525837,0.857820695908929,0.160271005619667,-0.0180917015285964,5.42551899710681e-14,0.965571111871347,0.0197963100292335,0.67,0.1,1.025,0.5,0.6,0.25,0.4,0.005,0.975,0.8,1.1972352499176,0.851120626107136,0.478894099969943,0.244308192172892,0.295110326679588,0.520690163501164,-1.22791804401693,1.10276226203705,7.01384739115035
333,-0.00472307385085693,0.841528435000011,0.101376423817342,-0.00472471523653173,-0.00472471523653162,-0.00472092562831183,0.0231917695119936,0.0132874610019185,0.0119261275399766,6.6683844175091,8.31779071374639,0.855614487899152,2.57200916923677,0.264570927125605,3.54138937252995,3.03792689254457,0.567532255615475,-0.0640697756300981,9.72441509299012,11.4310805203805,1.06886303628859,0.225526393474921,0.151890036630455,0.0127473968939221,0.919713384015723,2.98956134212051,0.616207967290535,0.299621211012441,0.551828030409434,0.229928346003931,0.207422610540602,0.438066312444154,1.0015468232522,1.00025331077989,1.00129318489462,0.514693241648198,0.0521777602012492,0.433128998149291,1.05115944582957,1.04826477409834,0.857834757123861,0.16025694895257,-0.0180917060764309,5.2551284749576e-14,0.965571111871347,0.0197963100292335,0.67,0.1,1.025,0.5,0.6,0.25,0.4,0.005,0.975,0.8,1.19723345369226,0.851121166933022,0.478893381479638,0.244307092614851,0.29510789017563,0.52069105148482,-1.22791349001915,1.10266117697227,7.01390787854258
334,-0.0047231228409385,0.841531543560196,0.101376423817342,-0.00472471523653173,-0.00472471523653162,-0.00472103874386076,0.0231918333617601,0.0132875009127226,0.0119261643214798,6.66836159860188,8.31772042156473,0.855606954133093,2.57198664421453,0.264568527540541,3.54137009036639,3.03795871767117,0.567480815174953,-0.0640694424797246,9.7244248133495,11.4309362543072,1.06885336000122,0.225527239809546,0.151888575918139,0.0127473208072962,0.919710572806671,2.98954374668239,0.61620608378047,0.299619793069972,0.551826343684003,0.229927643201668,0.207422742735102,0.438065881217384,1.00154712357452,1.00025326154486,1.00129353442712,0.514692418163528,0.0521776767193183,0.433129905115884,1.05115940767042,1.04826473414421,0.857848414564746,0.160243295944113,-0.0180917105088586,5.01594337383219e-14,0.965571111871347,0.0197963100292335,0.67,0.1,1.025,0.5,0.6,0.25,0.4,0.005,0.975,0.8,1.19723170972511,0.851121690854599,0.47889268389262,0.244306025273383,0.295105524305356,0.520691915163894,-1.22790906970382,1.10256299713872,7.01396666863341
335,-0.0047231703687477,0.841534559344834,0.101376423817342,-0.00472471523653173,-0.00472471523653162,-0.00472114848263228,0.0231918953451749,0.0132875396567499,0.0119262000276305,6.66833943749314,8.3176521928115,0.855599641515212,2.57196478434094,0.264566198734443,3.54135137373196,3.03798963800722,0.567430854886061,-0.0640691191613131,9.72443426654568,11.4307961964736,1.06884396804998,0.225528061800174,0.151887157774295,0.0127472469616257,0.919707844509815,2.98952666702607,0.616204255821576,0.29961841684622,0.551824706705889,0.229926961127454,0.20742287075674,0.438065462484308,1.00154741515853,1.00025321377941,1.00129387375244,0.514691619258426,0.0521775957291761,0.43313078501112,1.05115937062885,1.04826469536083,0.857861679666491,0.160230035162053,-0.0180917148285443,4.72133400400638e-14,0.965571111871347,0.0197963100292335,0.67,0.1,1.025,0.5,0.6,0.25,0.4,0.005,0.975,0.8,1.19723001650855,0.851122198405869,0.478892006605846,0.244304989210107,0.295103227041341,0.520692755178748,-1.22790477916727,1.10246764014464,7.01402380791109
336,-0.0047232164779354,0.841537485122828,0.101376423817342,-0.00472471523653173,-0.00472471523653162,-0.00472125494545528,0.0231919555164373,0.0132875772678905,0.0119262346896662,6.66831791544246,8.31758596721446,0.855592543586008,2.57194357003717,0.264563938626985,3.54133320613015,3.03801967881579,0.567382332700047,-0.0640688053856878,9.72444345965913,11.4306602250232,1.06883485211849,0.225528860137971,0.151885780968112,0.0127471752911757,0.919705196688572,2.989510088117,0.616202481781343,0.299617081119124,0.551823118013143,0.229926299172143,0.207422994738877,0.438065055886566,1.00154769825634,1.00025316743967,1.00129420316655,0.514690844199163,0.0521775171564398,0.43313163864311,1.0511593346723,1.04826465771408,0.857874563546526,0.160217155491577,-0.018091719038103,4.53133109246847e-14,0.965571111871347,0.0197963100292335,0.67,0.1,1.025,0.5,0.6,0.25,0.4,0.005,0.975,0.8,1.19722837257796,0.851122690103758,0.478891349033472,0.244303983513758,0.295100996413565,0.520693572153941,-1.22790061461904,1.10237502589126,7.01407934163646
337,-0.00472326121084916,0.841540323580443,0.101376423817342,-0.00472471523653173,-0.00472471523653162,-0.00472135823014663,0.0231920139281825,0.0132876137790566,0.0119262683379222,6.66829701423547,8.31752168625229,0.855585654073639,2.57192298229852,0.264561745198733,3.54131557154221,3.03804886467291,0.567335207741441,-0.0640685008721409,9.72445239959434,11.4305282215954,1.06882600413237,0.225529635494818,0.151884444303987,0.0127471057321295,0.91970262697763,2.98949399535564,0.616200760075012,0.299615784702245,0.551821576186578,0.229925656744408,0.20742311481055,0.438064661075934,1.00154797311287,1.0002531224831,1.00129452295689,0.514690092273917,0.0521774409289474,0.433132466795841,1.05115929976919,1.04826462117083,0.85788707701336,0.160204646126741,-0.0180917231401005,4.39119313810364e-14,0.965571111871347,0.0197963100292335,0.67,0.1,1.025,0.5,0.6,0.25,0.4,0.005,0.975,0.8,1.19722677651054,0.851123166448669,0.478890710606368,0.244303007299417,0.295098830507804,0.520694366698495,-1.22789657237859,1.10228507651068,7.01413331387349
338,-0.00472330460857218,0.841543077323771,0.101376423817342,-0.00472471523653173,-0.00472471523653162,-0.00472145843160121,0.0231920706315328,0.0132876492222142,0.011926301001862,6.66827671616797,8.31745929310142,0.855578966888197,2.57190300267743,0.264559616489334,3.54129845441349,3.03807721948553,0.567289440276149,-0.0640682053481861,9.72446109308235,11.4304000712238,1.06881741625189,0.225530388523865,0.151883146620536,0.0127470382225329,0.919700133080881,2.98947837456496,0.61619908916419,0.299614526443685,0.551820079848528,0.22992503327022,0.207423231096614,0.438064277714043,1.00154823996604,1.00025307886838,1.00129483340267,0.514689362792117,0.0521773669766912,0.43313327022989,1.05115926588882,1.04826458569891,0.857899230574922,0.160192496562131,-0.0180917271370534,4.1020833358038e-14,0.965571111871347,0.0197963100292335,0.67,0.1,1.025,0.5,0.6,0.25,0.4,0.005,0.975,0.8,1.19722522692406,0.851123627925019,0.478890090771651,0.244302059707753,0.295096727464099,0.520695139406314,-1.2278926488722,1.10219771630539,7.01418576751917
339,-0.00472334671096103,0.841545748881126,0.101376423817342,-0.00472471523653173,-0.00472471523653162,-0.00472155564187904,0.0231921256761353,0.0132876836284065,0.0119263327100982,6.66825700403325,8.31739873258945,0.855572476116736,2.57188361326724,0.264557550595809,3.54128183964005,3.03810476650898,0.567244991680386,-0.064067918549319,9.72446954668586,11.4302756622418,1.06880908086547,0.225531119860023,0.151881886789624,0.0127469727022402,0.919697712769398,2.98946321197841,0.616197467555497,0.299613305225123,0.551818627661639,0.22992442819235,0.207423343717885,0.438063905472107,1.00154849904699,1.00025303655548,1.00129513477505,0.51468865508381,0.052177295231754,0.433134049683125,1.05115923300137,1.04826455126707,0.857911034446688,0.160180696584742,-0.0180917310314297,3.80839047271549e-14,0.965571111871347,0.0197963100292335,0.67,0.1,1.025,0.5,0.6,0.25,0.4,0.005,0.975,0.8,1.19722372247579,0.851124075001759,0.478889488992226,0.24430113990429,0.295094685475225,0.520695890856465,-1.22788884062983,1.10211287168943,7.01423674433265
340,-0.00472338755668233,0.841548340705363,0.101376423817342,-0.00472471523653173,-0.00472471523653162,-0.00472164995029023,0.0231921791102096,0.0132877170277836,0.0119263634904204,6.66823786110701,8.317339951145,0.85556617601788,2.57186479668648,0.264555545670879,3.54126571255576,3.03813152836412,0.567201824410425,-0.0640676402187842,9.72447776680175,11.4301548861873,1.06880099058284,0.225531830120478,0.151880663715429,0.0127469091128614,0.919695363879492,2.98944849422807,0.61619589379926,0.299612119960814,0.551817218327695,0.229923840969873,0.20742345279127,0.438063544030658,1.00154875058026,1.00025299550553,1.00129542733742,0.514687968499047,0.0521772256282461,0.433134805871388,1.05115920107792,1.04826451784497,0.857922498559588,0.160169236266061,-0.0180917348256494,3.70792731409693e-14,0.965571111871347,0.0197963100292335,0.67,0.1,1.025,0.5,0.6,0.25,0.4,0.005,0.975,0.8,1.19722226186136,0.85112450813287,0.478888904746345,0.244300247078697,0.295092702785241,0.520696621613562,-1.22788514428221,1.10203047113093,7.01428628496376
341,-0.00472342718324826,0.841550855176131,0.101376423817342,-0.00472471523653173,-0.00472471523653162,-0.00472174144347748,0.0231922309805813,0.0132877494496243,0.0119263933698148,6.6682192711358,8.31728289675484,0.855560061017252,2.57184653606366,0.264553599921373,3.54125005891974,3.03815752705396,0.567159901973129,-0.0640673701073506,9.72448575966635,11.4300376377148,1.06879313822899,0.225532519905141,0.151879476333531,0.0127468473977125,0.919693084310806,2.98943420833326,0.61619436648824,0.299610969596684,0.551815850586483,0.229923271077701,0.207423558429892,0.438063193079281,1.00154899478398,1.00025295568084,1.00129571134559,0.514687302407283,0.0521771581022451,0.433135539489146,1.05115917009036,1.04826448540317,0.857933632567723,0.160158105954362,-0.0180917385220846,3.55723785736552e-14,0.965571111871347,0.0197963100292335,0.67,0.1,1.025,0.5,0.6,0.25,0.4,0.005,0.975,0.8,1.19722084381369,0.85112492775785,0.478888337527171,0.244299380444103,0.295090777688053,0.520697332228017,-1.22788155655787,1.10195044509632,7.01433442898097
342,-0.00472346562705105,0.84155329460206,0.101376423817342,-0.00472471523653173,-0.00472471523653162,-0.00472183020549533,0.0231922813327292,0.0132877809223644,0.0119264223744908,6.66820121832258,8.31722751891571,0.855554125702283,2.57182881502204,0.264551711606596,3.54123486490411,3.03818278397992,0.567119188897273,-0.0640671079730908,9.72449353135771,11.4299238145037,1.06878551683756,0.225533189797162,0.151878323610024,0.0127467875017642,0.919690872024476,2.98942034168942,0.616192884256399,0.299609853109373,0.551814523214685,0.229922718006119,0.207423660743219,0.43806285231637,1.00154923187003,1.00025291704481,1.00129598704799,0.514686656196797,0.0521770925917369,0.433136251210133,1.05115914001139,1.04826445391304,0.857944445855867,0.160147296267194,-0.0180917421230605,3.4812826421899e-14,0.965571111871347,0.0197963100292335,0.67,0.1,1.025,0.5,0.6,0.25,0.4,0.005,0.975,0.8,1.19721946710192,0.851125334302181,0.478887786842365,0.24429853923641,0.295088908526028,0.520698023236448,-1.22787807428038,1.10187272599589,7.01438121489853
343,-0.00472350292339642,0.841555661222876,0.101376423817342,-0.00472471523653173,-0.00472471523653162,-0.00472191631788754,0.0231923302108175,0.0132878114736181,0.0119264505299001,6.66818368731518,8.31717376859332,0.855548364817843,2.57181161766558,0.264549879036861,3.54122011708213,3.03820731995769,0.567079650705611,-0.0640668535811693,9.72450108780022,11.4298133171751,1.06877811964514,0.225533840363347,0.151877204540648,0.0127467293715956,0.919688725041341,2.98940688205732,0.616191445777698,0.299608769505383,0.551813235024804,0.229922181260335,0.207423759837184,0.438062521448878,1.00154946204424,1.00025287956199,1.00129625468592,0.514686029274131,0.0521770290365591,0.433136941687968,1.05115911081453,1.04826442334683,0.857954947546783,0.160136798084072,-0.0180917456308553,3.14323814117916e-14,0.965571111871347,0.0197963100292335,0.67,0.1,1.025,0.5,0.6,0.25,0.4,0.005,0.975,0.8,1.19721813053042,0.851125728177786,0.47888725221367,0.244297722713654,0.295087093688637,0.520698695161914,-1.22787469436559,1.10179724813081,7.01442668020316
344,-0.00472353910653603,0.841557957211461,0.101376423817342,-0.00472471523653173,-0.00472471523653162,-0.00472199985976252,0.0231923776577385,0.0132878411302036,0.0119264778607609,6.66816666319315,8.31712159817793,0.855542773261464,2.57179492856464,0.26454810057196,3.54120580241668,3.03823115523263,0.567041253887678,-0.0640666067036349,9.72450843476724,11.4297060492062,1.06877094008514,0.225534472154637,0.151876118149961,0.0127466729553462,0.919686641440202,2.98939381755256,0.616190049764935,0.299607717820176,0.551811984864121,0.22992166036005,0.207423855814297,0.438062200192078,1.00154968550655,1.00025284319793,1.00129651449374,0.514685421063546,0.0521769673783451,0.433137611556759,1.05115908247403,1.04826439367755,0.857965146508349,0.160126602539352,-0.0180917490477012,3.16689682778545e-14,0.965571111871347,0.0197963100292335,0.67,0.1,1.025,0.5,0.6,0.25,0.4,0.005,0.975,0.8,1.19721683293776,0.851126109783459,0.478886733176519,0.244296930155363,0.29508533161115,0.520699348514282,-1.22787141381897,1.10172394764154,7.01447086138004
345,-0.00472357420969899,0.841560184675846,0.101376423817342,-0.00472471523653173,-0.00472471523653162,-0.00472208090786597,0.023192423715145,0.0132878699181644,0.011926504391077,6.6681501314567,8.31707096144482,0.855537346079112,2.57177873274246,0.264546374619747,3.54119190824904,3.03825430949494,0.567003965873321,-0.0640663671192203,9.72451557788546,11.4296019168508,1.06876397178232,0.225535085706519,0.151875063490513,0.0127466182026716,0.919684619356138,2.98938113663536,0.616188694968613,0.299606697117371,0.551810771613683,0.229921154839035,0.20742394877376,0.438061888269333,1.00154990245119,1.00025280791925,1.00129676669904,0.514684831006492,0.052176907560471,0.43313826143168,1.05115905496491,1.04826436487903,0.85797505136049,0.160116701015295,-0.0180917523757847,2.94659505990589e-14,0.965571111871347,0.0197963100292335,0.67,0.1,1.025,0.5,0.6,0.25,0.4,0.005,0.975,0.8,1.19721557319578,0.851126479505296,0.478886229279648,0.244296160861943,0.295083620773346,0.520699983790494,-1.22786822973305,1.10165276245759,7.01451379393821
346,-0.00472360826512233,0.84156234566115,0.101376423817342,-0.00472471523653173,-0.00472471523653162,-0.00472215953665123,0.0231924684234871,0.0132878978627914,0.0119265301441589,6.66813407801483,8.31702181351381,0.855532078460845,2.57176301566196,0.264544699634729,3.54117842228801,3.03827680189424,0.566967755006915,-0.0640661346131475,9.72452252263794,11.4295008290598,1.06875720854713,0.225535681539459,0.151874039642061,0.0127465650646987,0.919682656978863,2.98936882810069,0.616187380175838,0.299605706487902,0.551809594187318,0.229920664244716,0.207424038811575,0.438061585411873,1.00155011306681,1.00025277369355,1.00129701152285,0.51468425856109,0.0521768495280034,0.433138891909542,1.05115902826291,1.04826433692583,0.857984670481936,0.160107085135311,-0.0180917556172473,2.68902824768119e-14,0.965571111871347,0.0197963100292335,0.67,0.1,1.025,0.5,0.6,0.25,0.4,0.005,0.975,0.8,1.19721435020865,0.851126837717103,0.478885740084718,0.24429541415408,0.295081959698276,0.520700601474874,-1.22786513928487,1.10158363224862,7.01455551243541
347,-0.00472364130408072,0.841564442151452,0.101376423817342,-0.00472471523653173,-0.00472471523653162,-0.0047222358183483,0.0231925118220473,0.0132879249886456,0.0119265551426441,6.66811848917364,8.31697411080984,0.855526965736592,2.57174776321283,0.264543074116702,3.54116533259932,3.03829865105398,0.566932590522276,-0.0640659089769379,9.72452927436722,11.4294026974041,1.06875064437034,0.225536260159313,0.15187304571079,0.0127465134939834,0.919680752551137,2.98935688106863,0.616186104209262,0.299604745049237,0.551808451530682,0.229920188137784,0.20742412602065,0.438061291358567,1.00155031753666,1.0002527404894,1.00129724917986,0.514683703201644,0.0521767932276488,0.433139503569335,1.05115900234447,1.04826430979326,0.857994012016802,0.160097746757384,-0.0180917587741859,2.85335963278365e-14,0.965571111871347,0.0197963100292335,0.67,0.1,1.025,0.5,0.6,0.25,0.4,0.005,0.975,0.8,1.19721316291192,0.85112718478079,0.478885265165953,0.244294689372151,0.295080346951046,0.520701202039427,-1.22786213973359,1.10151649837679,7.01459605050228
348,-0.00472367335691511,0.841566476071617,0.101376423817342,-0.00472471523653173,-0.00472471523653162,-0.00472230982302979,0.0231925539489726,0.0132879513195776,0.0119265794085152,6.66810335162596,8.31692781102635,0.855522003372225,2.57173296169907,0.264541496609441,3.54115262759537,3.03831987508537,0.566898442518231,-0.0640656900082286,9.72453583827905,11.429307436001,1.06874427341791,0.225536822057728,0.151872080828575,0.0127464634444692,0.919678904367219,2.98934528497504,0.616184865926037,0.299603811944617,0.551807342620331,0.229919726091805,0.207424210490898,0.438061005855718,1.00155051603874,1.0002527082763,1.00129747987853,0.514683164418147,0.0521767386077046,0.433140096972769,1.05115897718672,1.04826428345736,0.858003083880994,0.16008867796766,-0.0180917618486536,2.4457160150745e-14,0.965571111871347,0.0197963100292335,0.67,0.1,1.025,0.5,0.6,0.25,0.4,0.005,0.975,0.8,1.19721201027168,0.851127521046757,0.478884804109785,0.244293985875671,0.29507878113765,0.520701785944115,-1.22785922841809,1.10145130385043,7.01463544086612
349,-0.00472370445306069,0.841568449289063,0.101376423817342,-0.00472471523653173,-0.00472471523653162,-0.00472238161867555,0.0231925948413078,0.0132879768787487,0.0119266029631194,6.66808865244024,8.31688287308778,0.855517186965544,2.57171859782693,0.26453996569941,3.54114029602526,3.03834049160101,0.566865281934838,-0.0640654775105942,9.72454221944528,11.429214961441,1.06873809002581,0.225537367712526,0.15187114415224,0.0127464148714461,0.919677110771365,2.98933402956244,0.616183664216815,0.299602906342288,0.551806266462819,0.229919277692841,0.207424292309334,0.43806072865685,1.00155070874596,1.00025267702467,1.00129770382134,0.51468264171582,0.052176685618012,0.433140672664781,1.05115895276743,1.04826425789484,0.858011893768443,0.160079871074218,-0.0180917648426603,2.38116025503967e-14,0.965571111871347,0.0197963100292335,0.67,0.1,1.025,0.5,0.6,0.25,0.4,0.005,0.975,0.8,1.19721089128364,0.851127846854263,0.478884356514505,0.244293303042726,0.295077260903808,0.520702353637141,-1.22785640275468,1.10138799327884,7.0146737153739
350,-0.0047237346210739,0.841570363615474,0.101376423817342,-0.00472471523653173,-0.00472471523653162,-0.00472245127123561,0.0231926345350275,0.0132880016886511,0.0119266258271873,6.66807437905017,8.31683925711413,0.855512512242472,2.57170465869309,0.264538480014519,3.54112832696501,3.03836051772815,0.56683308053024,-0.0640652712933731,9.72454842280703,11.4291251927173,1.06873208869513,0.225537897588095,0.151870234862859,0.0127463677315124,0.919675370156374,2.98932310487119,0.61618249800477,0.29960202743479,0.551805222093824,0.229918842539093,0.207424371560175,0.438060459522508,1.00155089582626,1.00025264670582,1.00129792120491,0.514682134614653,0.0521766342099092,0.433141231174043,1.05115892906506,1.0482642330831,0.858020449157184,0.160071318600989,-0.0180917677581728,2.29628639459922e-14,0.965571111871347,0.0197963100292335,0.67,0.1,1.025,0.5,0.6,0.25,0.4,0.005,0.975,0.8,1.19720980497237,0.851128162531787,0.478883921989935,0.244292640269458,0.295075784933871,0.520702905555233,-1.22785366023487,1.10132651282841,7.01471090501492
351,-0.00472376388865868,0.841572220808463,0.101376423817342,-0.00472471523653173,-0.00472471523653162,-0.0047225188446901,0.0231926730650639,0.0132880257711252,0.0119266480208485,6.66806051924511,8.31679692438739,0.855507975053472,2.57169113177338,0.264537038222924,3.54111670980827,3.03837997012163,0.566801810858135,-0.0640650711714998,9.7245544531783,11.4290380511586,1.06872626408744,0.225538412135743,0.151869352165065,0.0127463219825365,0.919673680962167,2.98931250123097,0.616181366244652,0.299601174438257,0.5518042085773,0.229918420240542,0.207424448324925,0.438060198220061,1.00155107744274,1.0002526172919,1.00129813222019,0.514681642648969,0.0521765843361875,0.433141773013441,1.05115890605864,1.0482642090002,0.858028757315267,0.160063013281849,-0.0180917705971164,2.33374730631818e-14,0.965571111871347,0.0197963100292335,0.67,0.1,1.025,0.5,0.6,0.25,0.4,0.005,0.975,0.8,1.1972087503904,0.851128468397373,0.478883500157092,0.244291996969533,0.295074351949726,0.520703442123889,-1.22785099842319,1.10126681017981,7.01474703994284
352,-0.00472379228269192,0.841574022573187,0.101376423817342,-0.00472471523653173,-0.00472471523653162,-0.00472258440110862,0.0231927104653411,0.0132880491473807,0.0119266695636515,6.66804706115929,8.3167558373162,0.855503571369738,2.57167800491145,0.264535639031834,3.54110543425702,3.03839886497652,0.566771446245846,-0.0640648769653408,9.72456031524811,11.4289534603608,1.06872061101985,0.225538911794076,0.151868495286379,0.0127462775836193,0.919672041674419,2.98930220925237,0.61618026792186,0.299600346591719,0.551803225004651,0.229918010418605,0.20742452268247,0.438059944523511,1.00155125375386,1.00025258875589,1.00129833705262,0.51468116536699,0.0521765359510473,0.433142298680554,1.05115888372785,1.04826418562483,0.858036825306516,0.160054948054859,-0.0180917733613745,2.04740518499761e-14,0.965571111871347,0.0197963100292335,0.67,0.1,1.025,0.5,0.6,0.25,0.4,0.005,0.975,0.8,1.1972077266175,0.851128764758967,0.478883090647878,0.244291372573641,0.295072960709743,0.520703963757678,-1.22784841495509,1.10120883448632,7.01478214949716
353,-0.00472381982924817,0.841575770563914,0.101376423817342,-0.00472471523653173,-0.00472471523653162,-0.00472264800070732,0.0231927467687993,0.0132880718380121,0.0119266904745775,6.66803399326328,8.31671595940517,0.855499297279934,2.5716652663083,0.264534281186393,3.5410944903128,3.03841721804036,0.566741960772978,-0.0640646885005363,9.72456601358447,11.4288713461241,1.06871512446085,0.22553939698933,0.151867663476558,0.0127462344950588,0.919670450823219,2.98929221981887,0.616179202051557,0.299599543156448,0.551802270493931,0.229917612705805,0.207424594709156,0.438059698213306,1.0015514249135,1.00025256107161,1.00129853588228,0.514680702330424,0.0521764890100561,0.433142808658103,1.05115886205295,1.0482641629363,0.85804465999613,0.160047116056659,-0.0180917760527897,2.01338779230056e-14,0.965571111871347,0.0197963100292335,0.67,0.1,1.025,0.5,0.6,0.25,0.4,0.005,0.975,0.8,1.19720673275986,0.85112905191474,0.47888269310477,0.244290766529005,0.29507161000775,0.520704470860457,-1.22784590753488,1.10115253633335,7.01481626222428
354,-0.00472384655362359,0.841577466385537,0.101376423817342,-0.00472471523653173,-0.00472471523653162,-0.00472270970190425,0.0231927820074285,0.0132880938630196,0.01192671077206,6.66802130435337,8.316677255221,0.855495148986528,2.57165290451156,0.26453296346855,3.54108386826799,3.03843504462519,0.566713329250641,-0.0640645056078462,9.72457155263603,11.4287916363879,1.06870979952555,0.225539868135733,0.151866856006971,0.0127461926783155,0.919668906981778,2.98928252407892,0.616178167677791,0.299598763415295,0.551801344189067,0.229917226745445,0.20742466447888,0.438059459076159,1.00155159107113,1.00025253421361,1.00129872888404,0.514680253114065,0.0521764434701082,0.433143303414402,1.05115884101476,1.04826414091453,0.858052268056147,0.160039510617018,-0.0180917786731647,1.91671380344223e-14,0.965571111871347,0.0197963100292335,0.67,0.1,1.025,0.5,0.6,0.25,0.4,0.005,0.975,0.8,1.19720576794935,0.851129330153405,0.478882307180519,0.244290178298906,0.295070298672046,0.520704963825682,-1.22784347393376,1.10109786769893,7.01484940589795
355,-0.00472387248035917,0.841579111595054,0.101376423817342,-0.00472471523653173,-0.00472471523653162,-0.00472276956137252,0.0231928162122901,0.0132881152418228,0.0119267304739973,6.6680089835439,8.31663969036393,0.85549112280277,2.57164090840551,0.264531684696002,3.54107355869744,3.0384523596192,0.566685527201239,-0.0640643281230002,9.72457693673634,11.4287142611723,1.06870463147175,0.225540325635816,0.151866072169975,0.0127461520959781,0.919667408765168,2.98927311343834,0.616177163872662,0.299598006672088,0.5518004452591,0.229916852191292,0.207424732063164,0.438059226904874,1.00155175237192,1.00025250815724,1.00129891622773,0.5146798173054,0.0521763992893843,0.433143783403784,1.05115882059467,1.04826411954,0.858059655970747,0.160032125253515,-0.0180917812242623,1.86376895826216e-14,0.965571111871347,0.0197963100292335,0.67,0.1,1.025,0.5,0.6,0.25,0.4,0.005,0.975,0.8,1.19720483134281,0.851129599754519,0.478881932537858,0.244289607362219,0.295069025564414,0.5207054430366,-1.22784111198786,1.10104478191532,7.01488160753932
356,-0.00472389763326334,0.841580707702993,0.101376423817342,-0.00472471523653173,-0.00472471523653162,-0.0047228276340936,0.0231928494135452,0.0132881359932784,0.0119267495977691,6.66799702025788,8.3166032314372,0.855487215149397,2.57162926720129,0.264530443721155,3.54106355245032,3.03846917749809,0.566658530838789,-0.064064155886553,9.72458217010603,11.4286391525177,1.06869961569573,0.225540769880742,0.15186531127832,0.012746112711731,0.9196659548291,2.98926397955286,0.616176189735497,0.299597272251015,0.55179957289746,0.229916488707275,0.207424797531232,0.438059001498172,1.00155190895687,1.00025248287857,1.00129909807827,0.51467939450423,0.0521763564273136,0.433144249067018,1.0511588007746,1.0482640987938,0.858066830041432,0.160024953666374,-0.0180917837078065,1.66648794832212e-14,0.965571111871347,0.0197963100292335,0.67,0.1,1.025,0.5,0.6,0.25,0.4,0.005,0.975,0.8,1.19720392212133,0.851129860988775,0.478881568849223,0.244289053212971,0.295067789579192,0.520705908866506,-1.22783881959638,1.10099323363165,7.01491289343648
357,-0.00472392203543378,0.841582256174798,0.101376423817342,-0.00472471523653173,-0.00472471523653162,-0.0047228839734067,0.0231928816404841,0.0132881561356985,0.0119267681602525,6.66798540421768,8.31656784601654,0.855483422551366,2.57161797042709,0.264529239430084,3.54105384064221,3.03848551233618,0.566632317049776,-0.0640639887437427,9.72458725685492,11.4285662444259,1.06869474772803,0.225541201250632,0.151864572664573,0.0127460744903222,0.91966454386874,2.98925511432096,0.616175244392056,0.29959655949601,0.551798726321244,0.229916135967185,0.207424860950091,0.438058782660527,1.00155206096291,1.00025245835439,1.00129927459579,0.514678984322301,0.0521763148445366,0.433144700831716,1.05115878153702,1.04826407865752,0.858073796392053,0.16001798973343,-0.0180917861254831,1.7122180065731e-14,0.965571111871347,0.0197963100292335,0.67,0.1,1.025,0.5,0.6,0.25,0.4,0.005,0.975,0.8,1.19720303948955,0.851130114118294,0.478881215796472,0.244288515359893,0.295066589642356,0.520706361679025,-1.22783659471978,1.10094317877751,7.01494328916349
358,-0.00472394570927865,0.841583758432179,0.101376423817342,-0.00472471523653173,-0.00472471523653162,-0.00472293863105844,0.023192912921545,0.0132881756868621,0.011926786177834,6.66797412543805,8.31653350262467,0.855479741635131,2.57160700791917,0.264528070741585,3.54104441464738,3.03850137781721,0.566606863374521,-0.0640638265443547,9.72459220098601,11.4284954728067,1.0686900232299,0.225541620114849,0.151863855680546,0.0127460373975326,0.919663174617554,2.98924650987685,0.616174326993761,0.299595867770223,0.551797904770533,0.229915793654389,0.207424922384596,0.438058570202004,1.00155220852306,1.00025243456217,1.00129944593582,0.514678586382952,0.0521762745028685,0.433145139112726,1.05115876286488,1.04826405911333,0.858080560973711,0.160011227505229,-0.0180917884789401,1.43444673748439e-14,0.965571111871347,0.0197963100292335,0.67,0.1,1.025,0.5,0.6,0.25,0.4,0.005,0.975,0.8,1.19720218267502,0.851130359396889,0.478880873070618,0.244287993326006,0.295065424710618,0.520706801828272,-1.22783443537795,1.10089457452759,7.01497281959903
359,-0.00472396867653724,0.841585215854413,0.101376423817342,-0.00472471523653173,-0.00472471523653162,-0.00472299165725032,0.0231929432843455,0.0132881946640354,0.011926803666427,6.66796317421646,8.31650017070061,0.855476169125331,2.57159636981256,0.26452693660618,3.54103526609132,3.03851678724486,0.566582147989048,-0.0640636691425877,9.72459700639659,11.4284267754197,1.06868543798907,0.225542026832327,0.151863159696754,0.0127460014001454,0.919661845846194,2.98923815858361,0.61617343671695,0.299595196455405,0.551797107507716,0.229915461461549,0.207424981897526,0.438058363938099,1.00155235176649,1.00025241148008,1.00129961224936,0.514678200320763,0.0521762353652644,0.433145564312511,1.05115874474164,1.04826404014388,0.858087129569527,0.160004661200262,-0.0180917907697886,1.41481053637021e-14,0.965571111871347,0.0197963100292335,0.67,0.1,1.025,0.5,0.6,0.25,0.4,0.005,0.975,0.8,1.1972013509275,0.85113059707034,0.478880540371575,0.2442874866482,0.295064293770571,0.520707229659173,-1.22783233964858,1.10084737926716,7.01500150894446
360,-0.00472399095829985,0.841586629779615,0.101376423817342,-0.00472471523653173,-0.00472471523653162,-0.00472304310068494,0.0231929727556992,0.0132882130839816,0.0119268206414811,6.66795254112674,8.31646782057665,0.855472701842353,2.57158604653251,0.264525836005227,3.54102638684351,3.03853175355299,0.566558149687444,-0.0640635163969256,9.72460167688234,11.4283600918255,1.06868098791657,0.225542421751821,0.151862484101877,0.0127459664659173,0.919660556361404,2.98923005302667,0.616172572762141,0.299594544951424,0.551796333816843,0.229915139090351,0.207425039549645,0.438058163689589,1.00155249081865,1.00025238908691,1.00129977368305,0.514677825781225,0.0521761973957854,0.433145976821521,1.05115872715123,1.04826402173236,0.85809350779928,0.159998285200323,-0.0180917929996032,1.43191651806308e-14,0.965571111871347,0.0197963100292335,0.67,0.1,1.025,0.5,0.6,0.25,0.4,0.005,0.975,0.8,1.19720054351838,0.85113082737665,0.478880217407895,0.244286994876842,0.295063195837836,0.520707645507593,-1.2278303056654,1.10080155255857,7.01502938074161
361,-0.00472401257502723,0.84158800150596,0.101376423817342,-0.00472471523653173,-0.00472471523653162,-0.00472309300861051,0.0231930013616438,0.013288230962979,0.0119268371179994,6.66794221701016,8.31643642344965,0.855469336699233,2.57157602878593,0.264524767949994,3.54101776901032,3.03854628931565,0.566534847864688,-0.0640633681700114,9.72460621613866,11.4282953633311,1.06867666904277,0.225542805212224,0.151861828302244,0.0127459325635504,0.919659305004974,2.98922218600734,0.616171734353333,0.299593912675699,0.551795583002984,0.229914826251243,0.207425095399775,0.438057969282381,1.00155262580138,1.0002523673621,1.00129993037928,0.514677462420408,0.0521761605595653,0.43314637701855,1.05115871007807,1.04826400386242,0.858099701123927,0.159992094045996,-0.0180917951699231,1.34364588598491e-14,0.965571111871347,0.0197963100292335,0.67,0.1,1.025,0.5,0.6,0.25,0.4,0.005,0.975,0.8,1.19719975974005,0.851131050546291,0.478879903896532,0.244286517575386,0.295062129956251,0.520708049700631,-1.22782833161661,1.10075705510866,7.01505645789002
362,-0.00472403354656937,0.841589332292881,0.101376423817342,-0.00472471523653173,-0.00472471523653162,-0.0047231414268647,0.0231930291274625,0.0132882483168338,0.0119268531105495,6.66793219296833,8.31640595135696,0.855466070699085,2.57156630755304,0.264523731480788,3.54100940492819,3.03856040675676,0.566512222499948,-0.0640632243285259,9.72461062776346,11.4282325329409,1.06867247751401,0.225543177542827,0.151861191721329,0.0127458996626637,0.919658090652709,2.98921455053656,0.616170920737315,0.2995932990627,0.551794854391625,0.229914522663177,0.207425149504851,0.438057780547369,1.00155275683302,1.0002523462857,1.00130008247633,0.514677109904652,0.0521761248227785,0.433146765271086,1.05115869350702,1.04826398651821,0.858105714849997,0.159986082432255,-0.0180917972822519,1.1989128367632e-14,0.965571111871347,0.0197963100292335,0.67,0.1,1.025,0.5,0.6,0.25,0.4,0.005,0.975,0.8,1.19719899890529,0.851131266802448,0.478879599562596,0.244286054319986,0.295061095197069,0.520708442556809,-1.22782641574328,1.10071384873693,7.01508276266376
363,-0.00472405389218369,0.841590623362224,0.101376423817342,-0.00472471523653173,-0.00472471523653162,-0.00472318839991648,0.023193056077702,0.0132882651608919,0.0119268686332749,6.6679224603566,8.31637637715333,0.855462900932625,2.57155687407962,0.264522725666129,3.54100128715695,3.03857411775969,0.566490254140335,-0.0640630847430697,9.72461491526023,11.4281715453095,1.06866840958945,0.225543539063573,0.151860573799259,0.0127458677337674,0.919656912213438,2.98920713982889,0.616170131183004,0.299592703563468,0.551794147328063,0.22991422805336,0.207425201919991,0.438057597320291,1.00155288402848,1.00025232583836,1.00130023010847,0.514676767910254,0.0521760901526095,0.433147141935646,1.05115867742337,1.04826396968432,0.85811155413387,0.15998024520419,-0.0180917993380592,1.15670209674194e-14,0.965571111871347,0.0197963100292335,0.67,0.1,1.025,0.5,0.6,0.25,0.4,0.005,0.975,0.8,1.19719826034667,0.851131476361251,0.478879304139122,0.244285604699146,0.295060090658181,0.520708824386246,-1.22782455633782,1.10067189634469,7.01510831672794
364,-0.00472407363055279,0.841591875899366,0.101376423817342,-0.00472471523653173,-0.00472471523653162,-0.00472323397090679,0.0231930822361993,0.0132882815100552,0.0119268836999099,6.6679130107758,8.31634767448489,0.855459824575384,2.57154771986894,0.26452174960189,3.5409934084734,3.03858743387637,0.56646892388508,-0.0640629492880481,9.72461908203931,11.4281123466917,1.06866446163746,0.225543890085341,0.151859973992345,0.0127458367482363,0.91965576862805,2.98919994729657,0.616169364980794,0.299592125645103,0.55179346117683,0.229913942157013,0.207425252698548,0.438057419441595,1.00155300749937,1.00025230600129,1.00130037340605,0.514676436123175,0.0521760565172221,0.433147507358104,1.05115866181285,1.04826395334581,0.858117223985938,0.159974577352843,-0.0180918013387806,1.21796760756972e-14,0.965571111871347,0.0197963100292335,0.67,0.1,1.025,0.5,0.6,0.25,0.4,0.005,0.975,0.8,1.19719754341605,0.851131679432,0.478879017366847,0.244285168313347,0.295059115463372,0.520709195490933,-1.22782275174251,1.100631161885,7.01513314115467
365,-0.00472409277980159,0.841593091054307,0.101376423817342,-0.00472471523653173,-0.00472471523653162,-0.00472327818168905,0.0231931076260977,0.0132882973787921,0.011926898323789,6.66790383606628,8.31631981776797,0.855456838885432,2.57153883667439,0.264520802410522,3.54098576186499,3.03860036633639,0.56644821337016,-0.06406281784156,9.72462313142101,11.4280548848992,1.06866063013268,0.225544230910184,0.15185939177261,0.0127458066782848,0.919654658868553,2.98919296654385,0.616168621441931,0.299591564790327,0.551792795321132,0.229913664717138,0.207425301892169,0.438057246756304,1.00155312735407,1.0002522867563,1.00130051249569,0.514676114238752,0.0521760238857303,0.433147861874012,1.0511586466616,1.04826393748816,0.858122729274659,0.159969074011159,-0.0180918032858184,9.92224701215481e-15,0.965571111871347,0.0197963100292335,0.67,0.1,1.025,0.5,0.6,0.25,0.4,0.005,0.975,0.8,1.19719684748396,0.851131876217388,0.478878738993988,0.24428474477471,0.295058168761575,0.520709556164881,-1.22782100034803,1.10059161033339,7.01515725643871
366,-0.00472411135751397,0.841594269942728,0.101376423817342,-0.00472471523653173,-0.00472471523653162,-0.00472332107286666,0.0231931322698704,0.0132883127811517,0.0119269125178606,6.66789492830045,8.31629278216535,0.855453941200838,2.57153021649204,0.264519883240262,3.54097834052371,3.03861292605567,0.566428104753327,-0.0640626902852893,9.72462706663716,11.4279991092537,1.06865691165275,0.225544561831581,0.151858826627345,0.0127457774969423,0.919653581937168,2.98918619136141,0.616167899897902,0.299591020496997,0.5517921491623,0.229913395484292,0.207425349550852,0.438057079113885,1.00155324369784,1.0002522680857,1.00130064750029,0.514675801961412,0.0521759922281704,0.433148205808903,1.05115863195618,1.04826392209727,0.858128074730497,0.159963730450045,-0.0180918051805424,1.04491467028007e-14,0.965571111871347,0.0197963100292335,0.67,0.1,1.025,0.5,0.6,0.25,0.4,0.005,0.975,0.8,1.19719617193912,0.851132066913704,0.478878468776029,0.244284333706656,0.29505724972617,0.520709906694354,-1.22781930059207,1.10055320765944,7.01518068251273
367,-0.00472412938074891,0.841595413647008,0.101376423817342,-0.00472471523653173,-0.00472471523653162,-0.00472336268383078,0.0231931561893348,0.0132883277307733,0.011926926294695,6.66788627977738,8.31626654356673,0.855451128937582,2.57152185155371,0.264518991264398,3.54097113784022,3.03862512364507,0.566408580699549,-0.0640625665044009,9.7246308908344,11.4279449705467,1.06865330287561,0.225544883134661,0.151858278058675,0.0127457491780295,0.919652536865438,2.98917961572095,0.616167199699843,0.299590492277702,0.551791522119263,0.229913134216359,0.207425395722998,0.43805691636813,1.00155335663291,1.00025224997235,1.00130077853921,0.514675499004409,0.0521759615154729,0.433148539478596,1.05115861768352,1.04826390715948,0.858133264949758,0.159958542074532,-0.0180918070242905,9.92086825101468e-15,0.965571111871347,0.0197963100292335,0.67,0.1,1.025,0.5,0.6,0.25,0.4,0.005,0.975,0.8,1.19719551618789,0.851132251711048,0.478878206475512,0.244283934743584,0.295056357554286,0.52071024735801,-1.22781765095796,1.10051592079905,7.01520343876218
368,-0.0047241468660562,0.841596523217224,0.101376423817342,-0.00472471523653173,-0.00472471523653162,-0.00472340305279673,0.0231931794056769,0.0132883422409013,0.0119269396664988,6.66787788301519,8.31624107856512,0.855448399587012,2.57151373431984,0.264518125680513,3.54096414739804,3.03863696941863,0.566389624366846,-0.0640624463874376,9.72463460707509,11.4278924209937,1.06864980057622,0.225545195096461,0.151857745583129,0.0127457216961355,0.91965152271338,2.98917323377001,0.616166520217965,0.2995899796593,0.551790913628028,0.229912880678345,0.207425440455463,0.438056758377024,1.00155346625854,1.00025223239961,1.00130090572835,0.514675205089554,0.0521759317194359,0.433148863189481,1.05115860383094,1.04826389266148,0.858138304398322,0.159953504420047,-0.0180918088183692,1.0038985921547e-14,0.965571111871347,0.0197963100292335,0.67,0.1,1.025,0.5,0.6,0.25,0.4,0.005,0.975,0.8,1.19719487965376,0.851132430793516,0.478877951861841,0.244283547530548,0.295055491466128,0.520710578427158,-1.22781604997336,1.10047971762753,7.01522554403977
369,-0.00472416382949162,0.841597599672114,0.101376423817342,-0.00472471523653173,-0.00472471523653162,-0.00472344221683862,0.0231932019394669,0.013288356324395,0.0119269526451235,6.66786973074544,8.3162163644376,0.85544575071379,2.57150585747284,0.264517285709781,3.540957362968,3.03864847340172,0.566371219392509,-0.064062329826222,9.72463821833994,11.4278414141956,1.06864640162394,0.225545497986134,0.151857228731227,0.0127456950265946,0.919650538568645,2.98916703982682,0.616165860840992,0.299589482182519,0.551790323141187,0.229912634642161,0.20742548379361,0.438056605002633,1.00155357267113,1.00025221535136,1.00130102918024,0.514674919946962,0.0521759028126997,0.433149177238802,1.05115859038613,1.0482638785904,0.858143197415274,0.15994861314878,-0.0180918105640542,8.70320451301729e-15,0.965571111871347,0.0197963100292335,0.67,0.1,1.025,0.5,0.6,0.25,0.4,0.005,0.975,0.8,1.19719426177691,0.851132604339406,0.478877704711079,0.244283171722948,0.295054650704324,0.520710900165898,-1.22781449620895,1.10044456693338,7.01524701667958
370,-0.0047241802866317,0.841598644000012,0.101376423817342,-0.00472471523653173,-0.00472471523653162,-0.00472348021192392,0.0231932238106744,0.0132883699937383,0.0119269652420748,6.66786181590784,8.31619237912672,0.855443179953906,2.57149821391081,0.264516470596298,3.5409507785028,3.03865964533885,0.566353349879702,-0.06406221671576,9.72464172753075,11.4277919050994,1.06864310297991,0.225545792065167,0.151856727047086,0.0127456691454659,0.919649583545711,2.98916102837537,0.616165220975626,0.299588999401556,0.551789750127426,0.229912395886428,0.207425525781351,0.438056456110987,1.00155367596431,1.00025219881194,1.00130114900414,0.514674643314805,0.0521758747687209,0.43314948191493,1.05115857733714,1.0482638649337,0.858147948216438,0.159943864046153,-0.0180918122625912,8.73102677509006e-15,0.965571111871347,0.0197963100292335,0.67,0.1,1.025,0.5,0.6,0.25,0.4,0.005,0.975,0.8,1.19719366201366,0.851132772521389,0.478877464805762,0.244282806986244,0.295053834533288,0.520711212831287,-1.2278129882772,1.1004104383928,7.01526787451091
371,-0.00472419625258799,0.841599657159752,0.101376423817342,-0.00472471523653173,-0.00472471523653162,-0.00472351707294594,0.0231932450386923,0.0132883832610544,0.0119269774685254,6.66785413164279,8.31616910121803,0.855440685012247,2.57149079674076,0.264515679606366,3.54094438813169,3.03867049470142,0.566336000384418,-0.0640621069541476,9.72464513747085,11.4277438499569,1.06863990169398,0.225546077587617,0.151856240088023,0.0127456440295104,0.919648656785098,2.98915519406064,0.616164600046016,0.299588530883665,0.551789194071059,0.229912164196274,0.207425566461203,0.438056311571966,1.00155377622897,1.00025218276615,1.00130126530613,0.514674374939069,0.0521758475617485,0.433149777497631,1.05115856467236,1.04826385167924,0.858152560897811,0.159939253017385,-0.0180918139151962,8.21389371661037e-15,0.965571111871347,0.0197963100292335,0.67,0.1,1.025,0.5,0.6,0.25,0.4,0.005,0.975,0.8,1.19719307983608,0.8511329355067,0.478877231934714,0.244282452995638,0.295053042238601,0.520711516673584,-1.22781152483114,1.10037730254487,7.01528813487165
372,-0.004724211742021,0.841600640081554,0.101376423817342,-0.00472471523653173,-0.00472471523653162,-0.00472355283375669,0.0231932656423467,0.0132883961381122,0.0119269893353221,6.66784667128734,8.31614650992454,0.855438263660958,2.57148359927295,0.264514912027892,3.54093818615545,3.03868103069513,0.566319155902799,-0.0640620004424804,9.72464845090865,11.4276972062902,1.06863679490254,0.225546354800291,0.151855767424182,0.0127456196561723,0.919647757452606,2.98914953168388,0.616163997493246,0.299588076208801,0.551788654471563,0.229911939363151,0.207425605874325,0.438056171259193,1.0015538735534,1.00025216719927,1.00130137818924,0.514674114573323,0.0521758211668003,0.433150064258317,1.05115855238053,1.04826383881522,0.858157039438913,0.159934776084144,-0.0180918155230564,7.65352073622579e-15,0.965571111871347,0.0197963100292335,0.67,0.1,1.025,0.5,0.6,0.25,0.4,0.005,0.975,0.8,1.1971925147315,0.851133093457306,0.478877005892865,0.244282109435824,0.295052273126412,0.520711811936343,-1.22781010456321,1.10034513076744,7.01530781462139
373,-0.00472422676915361,0.841601593667876,0.101376423817342,-0.00472471523653173,-0.00472471523653162,-0.00472358752719715,0.0231932856399163,0.0132884086363382,0.0119270008529959,6.66783942836879,8.31612458506706,0.85543591373732,2.57147661501469,0.264514167169725,3.5409321670413,3.03869126226726,0.566302801858806,-0.0640618970847657,9.72465167051865,11.4276519328536,1.06863377982584,0.225546623942964,0.151855308638164,0.0127455960035577,0.919646884738573,2.98914403619816,0.616163412774844,0.299587634969236,0.551788130843144,0.229911721184643,0.207425644060566,0.438056035049925,1.00155396802333,1.000252152097,1.00130148775346,0.514673861978493,0.0521757955596397,0.433150342460301,1.05115854045071,1.04826382633017,0.858161387706032,0.159930429381299,-0.0180918170873305,7.64602879422949e-15,0.965571111871347,0.0197963100292335,0.67,0.1,1.025,0.5,0.6,0.25,0.4,0.005,0.975,0.8,1.19719196620207,0.851133246530072,0.478876786481076,0.24428177600069,0.295051526522848,0.520712098856614,-1.22780872620408,1.10031389525367,7.01532693015421
374,-0.00472424134778416,0.841602518794239,0.101376423817342,-0.00472471523653173,-0.00472471523653162,-0.00472362118512804,0.0231933050491496,0.0132884207668274,0.011927012031772,6.66783239659941,8.31610330705597,0.855433633141798,2.57146983766446,0.264513444361042,3.54092632541817,3.0387011981138,0.566286924092212,-0.0640617967878369,9.72465479890347,11.4276079895978,1.06863085376542,0.225546885248584,0.151854863324667,0.0127455730504157,0.919646037857158,2.98913870270388,0.616162845364296,0.299587206769196,0.551787622714295,0.22991150946429,0.207425681058509,0.438055902824952,1.00155405972201,1.00025213744548,1.00130159409592,0.514673616922638,0.0521757707167535,0.433150612359034,1.05115852887228,1.04826381421299,0.858165609455394,0.159926209153755,-0.0180918186091495,6.07431735911138e-15,0.965571111871347,0.0197963100292335,0.67,0.1,1.025,0.5,0.6,0.25,0.4,0.005,0.975,0.8,1.19719143376435,0.851133394876927,0.478876573505974,0.244281452393058,0.295050801773452,0.52071237766514,-1.22780738852156,1.10028356898918,7.01534549741107
375,-0.00472425549129914,0.841603416310037,0.101376423817342,-0.00472471523653173,-0.00472471523653162,-0.00472365383845907,0.0231933238872762,0.0132884325403506,0.0119270228815772,6.66782556987161,8.31608265687571,0.855431419836383,2.57146326110661,0.264512742950776,3.54092065607193,3.03871084668626,0.566271508846941,-0.064061699461271,9.72465783859598,11.4275653376371,1.06862801410201,0.225547138943439,0.151854431090142,0.0127455507761199,0.919645216045644,2.98913352644455,0.616162294750582,0.299586791224525,0.551787129627386,0.229911304011411,0.207425716905504,0.438055774468496,1.00155414873027,1.00025212323124,1.00130169731089,0.514673379180743,0.0521757466153304,0.433150874202345,1.05115851763494,1.04826380245287,0.858169708336242,0.159922111753375,-0.0180918200896172,6.88888517351363e-15,0.965571111871347,0.0197963100292335,0.67,0.1,1.025,0.5,0.6,0.25,0.4,0.005,0.975,0.8,1.1971909169489,0.851133538645021,0.47887636677978,0.244281138324429,0.295050098242626,0.52071264858645,-1.22780609031952,1.10025412572986,7.01536353189199
376,-0.00472426921268546,0.841604287039312,0.101376423817342,-0.00472471523653173,-0.00472471523653162,-0.00472368551717672,0.0231933421710267,0.0132884439673664,0.0119270334120501,6.66781894225217,8.31606261606609,0.855429271842582,2.57145687940559,0.264512062307007,3.54091515394088,3.03872021619848,0.566256542759712,-0.0640616050173077,9.72466079206047,11.4275239392141,1.06862525829293,0.225547385247372,0.151854011552458,0.0127455291606495,0.919644418563757,2.98912850280263,0.616161760437717,0.299586387962332,0.551786651138254,0.229911104640939,0.207425751637719,0.438055649868114,1.00155423512662,1.00025210944125,1.00130179748993,0.514673148534507,0.0521757232332399,0.433151128230663,1.05115850672867,1.04826379103933,0.858173687893826,0.159918133635984,-0.0180918215298105,6.46446877454253e-15,0.965571111871347,0.0197963100292335,0.67,0.1,1.025,0.5,0.6,0.25,0.4,0.005,0.975,0.8,1.19719041529987,0.851133677976875,0.478876166120155,0.244280833514727,0.295049415313098,0.520712911839082,-1.22780483043684,1.10022553998025,7.01538104866783
377,-0.00472428252454237,0.841605131781512,0.101376423817342,-0.00472471523653173,-0.00472471523653162,-0.00472371625037282,0.0231933599166414,0.013288455058027,0.0119270436325473,6.66781250797847,8.31604316670866,0.855427187239969,2.57145068680085,0.264511401816428,3.54090981411131,3.03872931463308,0.566242012849006,-0.0640615133707721,9.72466366169547,11.4274837576692,1.0686225838702,0.225547624373936,0.151853604340566,0.0127455081845726,0.919643644693012,2.98912362729551,0.616161241944318,0.29958599662068,0.551786186815807,0.229910911173253,0.207425785290168,0.438055528914601,1.00155431898727,1.00025209606283,1.0013018947219,0.514672924772149,0.0521757005490122,0.433151374677241,1.05115849614377,1.04826377996221,0.858177551572321,0.15991427135846,-0.0180918229307804,3.99947182362397e-15,0.965571111871347,0.0197963100292335,0.67,0.1,1.025,0.5,0.6,0.25,0.4,0.005,0.975,0.8,1.19718992837461,0.851133813010531,0.478875971350038,0.24428053769206,0.295048752385398,0.520713167635681,-1.22780360774638,1.10019778697255,7.01539806239184
378,-0.00472429543909308,0.841605951312227,0.101376423817342,-0.00472471523653173,-0.00472471523653162,-0.00472374606627013,0.02319337713989,0.0132884658221901,0.0119270535521537,6.66780626145231,8.31602429140822,0.85542516416419,2.57144467770167,0.264510760883781,3.5409046318132,3.03873814974787,0.566227906504328,-0.0640614244389977,9.72466644983416,11.427444757407,1.068619988438,0.225547856530591,0.151853209094188,0.0127454878290277,0.919642893736073,2.98911889557155,0.616160738803169,0.299585616848242,0.551785736241644,0.229910723434018,0.207425817896754,0.4380554115019,1.00155440038625,1.00025208308371,1.00130198909311,0.514672707688204,0.0521756785418183,0.433151613768372,1.05115848587079,1.04826376921161,0.858181302717655,0.159910521575898,-0.0180918242935525,6.906949247152e-15,0.965571111871347,0.0197963100292335,0.67,0.1,1.025,0.5,0.6,0.25,0.4,0.005,0.975,0.8,1.19718945574329,0.851133943879689,0.478875782297502,0.244280250592474,0.295048108877346,0.52071341618319,-1.22780242115401,1.10017084264619,7.01541458731084
379,-0.00472430796819593,0.841606746383898,0.101376423817342,-0.00472471523653173,-0.00472471523653162,-0.00472377499224941,0.0231933938560822,0.013288476269426,0.0119270631796896,6.6678001972362,8.31600597327933,0.855423200805526,2.57143884668208,0.264510138931331,3.54089960241603,3.03874672908201,0.566214211475769,-0.0640613381417538,9.72466915874691,11.4274069038667,1.06861746967081,0.225548081918867,0.151852825463503,0.0127454680757081,0.919642165016133,2.98911430340635,0.616160250560809,0.299585248304016,0.55178529900968,0.229910541254033,0.207425849490303,0.438055297527012,1.00155447939543,1.00025207049196,1.00130208068734,0.514672497083345,0.0521756571914508,0.433151845723591,1.05115847590059,1.04826375877796,0.858184944580269,0.159906881038858,-0.0180918256191271,5.35136414764298e-15,0.965571111871347,0.0197963100292335,0.67,0.1,1.025,0.5,0.6,0.25,0.4,0.005,0.975,0.8,1.19718899698856,0.851134070713854,0.478875598795599,0.24427997195973,0.295047484223569,0.520713657682985,-1.22780126959763,1.10014468362796,7.01543063727619
380,-0.00472432012335531,0.841607517726509,0.101376423817342,-0.00472471523653173,-0.00472471523653162,-0.00472380305487374,0.0231934100800822,0.0132884864090265,0.0119270725237183,6.66779431004824,8.31598819593065,0.855421295407208,2.57143318847613,0.264509535398359,3.54089472142474,3.03875505996207,0.566200915863849,-0.0640612544011735,9.72467179064238,11.4273701634921,1.06861502531124,0.225548300734533,0.151852453108852,0.012745448906845,0.919641457876312,2.98910984669896,0.616159776777129,0.299584890657,0.551784874725787,0.229910364469078,0.207425880102599,0.438055186889908,1.00155455608459,1.00025205827603,1.00130216958594,0.514672292764191,0.0521756364783056,0.433152070755883,1.05115846622427,1.04826374865193,0.858188480317797,0.159903346590683,-0.0180918269084801,3.9570590680151e-15,0.965571111871347,0.0197963100292335,0.67,0.1,1.025,0.5,0.6,0.25,0.4,0.005,0.975,0.8,1.19718855170515,0.851134193638462,0.478875420682223,0.244279701545079,0.29504687787502,0.52071389233101,-1.22780015204625,1.10011928721266,7.01544622575442
381,-0.00472433191573223,0.841608266048259,0.101376423817342,-0.00472471523653173,-0.00472471523653162,-0.00472383027991319,0.0231934258263184,0.0132884962500109,0.011927081592552,6.66778859475866,8.31597094345194,0.85541944626404,2.5714276979732,0.264508949740666,3.54088998447583,3.03876314950787,0.566188008109652,-0.0640611731416847,9.72467434766998,11.4273345037036,1.06861265316821,0.225548513167745,0.151852091700436,0.0127454303051923,0.919640771679074,2.98910552146839,0.61615931702498,0.299584543585929,0.551784463007445,0.229910192919769,0.207425909764416,0.438055079493445,1.0015546305215,1.00025204642469,1.00130225586788,0.514672094543134,0.0521756163833637,0.433152289071873,1.05115845683321,1.04826373882451,0.85819191299767,0.159899915164894,-0.0180918281625634,3.15665948608439e-15,0.965571111871347,0.0197963100292335,0.67,0.1,1.025,0.5,0.6,0.25,0.4,0.005,0.975,0.8,1.19718811949953,0.85113431277501,0.478875247799967,0.244279439107042,0.295046289298495,0.520714120317899,-1.2277990674991,1.10009463134435,7.01546136583764
382,-0.00472434335615456,0.84160899203621,0.101376423817342,-0.00472471523653173,-0.00472471523653162,-0.00472385669236874,0.0231934411088022,0.0132885058011376,0.0119270903942627,6.66778304638413,8.31595420039759,0.855417651720605,2.57142237021325,0.264508381430064,3.54088538733346,3.03877100463818,0.566175476985221,-0.064061094289942,9.72467683192011,11.4272998928675,1.06861035111474,0.225548719403235,0.151851740918039,0.0127454122540105,0.919640105805658,2.98910132385006,0.616158870889791,0.299584206778954,0.551784063483395,0.229910026451415,0.207425938505554,0.438054975243284,1.00155470277197,1.00025203492706,1.00130233960983,0.514671902238166,0.0521755968881738,0.433152500872023,1.05115844771902,1.04826372928691,0.858195245599653,0.159896583782653,-0.0180918293823057,5.7079241432293e-15,0.965571111871347,0.0197963100292335,0.67,0.1,1.025,0.5,0.6,0.25,0.4,0.005,0.975,0.8,1.19718769998962,0.851134428241183,0.478875079995991,0.244279184411197,0.295045717976205,0.520714341829171,-1.2277980149847,1.10007069459801,7.0154760702536
383,-0.00472435445512696,0.841609696356917,0.101376423817342,-0.00472471523653173,-0.00472471523653162,-0.00472388231649479,0.0231934559411333,0.0132885150709078,0.011927098936685,6.66777766008505,8.3159379517759,0.85541591017015,2.5714172003827,0.264507829953944,3.54088092588578,3.03877863207633,0.566163311584218,-0.0640610177747623,9.72467924542705,11.4272663002721,1.06860811708639,0.22554891962043,0.151851400450754,0.012745394737053,0.919639459655528,2.98909725009246,0.616158437969204,0.299583879933405,0.551783675793317,0.229909864913882,0.207425966354865,0.438054874047809,1.00155477289988,1.0002520237726,1.00130242088625,0.514671715672713,0.0521755779748354,0.433152706350807,1.05115843887358,1.04826372003062,0.858198481018312,0.159893349550301,-0.0180918305686124,4.80571433496116e-15,0.965571111871347,0.0197963100292335,0.67,0.1,1.025,0.5,0.6,0.25,0.4,0.005,0.975,0.8,1.19718729280439,0.851134540150976,0.478874917121891,0.244278937229986,0.295045163405323,0.520714557045293,-1.22779699356008,1.10004745616184,7.01549035137563
384,-0.00472436522284058,0.841610379657044,0.101376423817342,-0.00472471523653173,-0.00472471523653162,-0.00472390717582183,0.0231934703365176,0.0132885240675765,0.0119271072274268,6.66777243116004,8.31592218303313,0.855414220052841,2.57141218380979,0.26450729481478,3.54087659614133,3.03878603835554,0.566151501312851,-0.0640609435270608,9.72468159016902,11.4272336960977,1.06860594907911,0.22554911399363,0.151851069996709,0.0127453777385507,0.91963883264584,2.98909329655382,0.616158017872713,0.299583562755487,0.551783299587504,0.22990970816146,0.20742599334029,0.43805477581805,1.00155484096727,1.00025201295105,1.00130249976941,0.514671534675469,0.0521755596259821,0.433152905696896,1.05115843028899,1.04826371104737,0.858201622065411,0.159890209656956,-0.0180918317223668,2.84268238125223e-15,0.965571111871347,0.0197963100292335,0.67,0.1,1.025,0.5,0.6,0.25,0.4,0.005,0.975,0.8,1.1971868975836,0.851134648614809,0.478874759033566,0.244278697342498,0.295044625097559,0.520714766141868,-1.22779600230987,1.1000248958199,7.01550422123213
385,-0.00472437566918234,0.841611042563954,0.101376423817342,-0.00472471523653173,-0.00472471523653162,-0.00472393129317794,0.0231934843077723,0.0132885327991558,0.011927115273872,6.66776735504361,8.3159068800435,0.855412579854732,2.57140731596076,0.264506775529726,3.54087239422551,3.03879322982425,0.566140035881046,-0.0640608714797893,9.7246838680712,11.4272020513943,1.06860384514787,0.225549302692124,0.15185074926281,0.0127453612431984,0.919638224210917,2.98908945969896,0.616157610221315,0.29958325496005,0.55178293452655,0.229909556052729,0.207426019488883,0.438054680467608,1.00155490703438,1.00025200245247,1.00130257632947,0.514671359080243,0.0521755418247659,0.433153099093331,1.05115842195759,1.04826370232913,0.858204671472244,0.159887161372186,-0.01809183284443,4.88160827028625e-15,0.965571111871347,0.0197963100292335,0.67,0.1,1.025,0.5,0.6,0.25,0.4,0.005,0.975,0.8,1.19718651397746,0.85113475373964,0.478874605591103,0.24427846453429,0.295044102578739,0.520714969289705,-1.22779504034555,1.10000299393536,7.01551769151602
386,-0.00472438580374411,0.841611685686286,0.101376423817342,-0.00472471523653173,-0.00472471523653162,-0.00472395469070985,0.0231934978673439,0.0132885412734256,0.0119271230831907,6.66776242730083,8.3158920290942,0.855410988106118,2.57140259243542,0.264506271630141,3.54086831637721,3.03880021265122,0.566128905293863,-0.0640608015678766,9.72468608100567,11.4271713380533,1.06860180340452,0.225549485880364,0.151850437964487,0.0127453452361413,0.919637633801755,2.98908573609616,0.616157214647176,0.299582956270321,0.551782580281053,0.229909408450439,0.20742604482684,0.43805458791258,1.00155497115969,1.00025199226724,1.00130265063457,0.514671188725802,0.052175524554842,0.433153286717688,1.05115841387193,1.04826369386813,0.858207631891902,0.15988420204374,-0.0180918339356418,3.70828671562352e-15,0.965571111871347,0.0197963100292335,0.67,0.1,1.025,0.5,0.6,0.25,0.4,0.005,0.975,0.8,1.19718614164634,0.851134855629075,0.478874456658648,0.244278238597191,0.295043595388409,0.520715166655006,-1.22779410680466,1.09998173143412,7.01553077359377
387,-0.00472439563583141,0.841612309614514,0.101376423817342,-0.00472471523653173,-0.00472471523653162,-0.00472397738990282,0.0231935110273138,0.0132885494979379,0.0119271306623429,6.66775764362452,8.31587761687486,0.855409443380436,2.57139800896359,0.264505782661217,3.54086435894547,3.03880699283049,0.566118099843152,-0.0640607337281702,9.72468823079364,11.4271415287851,1.06859982201645,0.225549663718072,0.151850135825448,0.0127453297029615,0.919637060885526,2.98908212241416,0.616156830793302,0.299582666417658,0.551782236531315,0.229909265221381,0.207426069379531,0.438054498071489,1.0015550334,1.00025198238599,1.00130272275082,0.514671023455728,0.0521755078003529,0.433153468742242,1.0511584060248,1.04826368565678,0.858210505901481,0.15988132909534,-0.018091834996821,4.12888102620311e-15,0.965571111871347,0.0197963100292335,0.67,0.1,1.025,0.5,0.6,0.25,0.4,0.005,0.975,0.8,1.19718578026047,0.851134954383477,0.478874312104296,0.244278019329124,0.295043103079438,0.520715358399429,-1.22779320085001,1.09996108978894,7.01554347851432
388,-0.00472440517447205,0.841612914921491,0.101376423817342,-0.00472471523653173,-0.00472471523653162,-0.00472399941160107,0.0231935237994118,0.0132885574800249,0.0119271380180857,6.66775299983131,8.3158636304652,0.855407944292923,2.57139356140091,0.26450530818153,3.54086051838631,3.03881357618626,0.566107610099438,-0.0640606678993801,9.72469031920653,11.4271125970949,1.06859789920474,0.2255498363604,0.151849842577443,0.0127453146296655,0.919636504945103,2.98907861541925,0.616156458313219,0.299582385141315,0.551781902967062,0.229909126236276,0.20742609317152,0.438054410865213,1.00155509381044,1.00025197279966,1.00130279274245,0.514670863118272,0.052175491545915,0.433153645334129,1.05115839840918,1.04826367768776,0.858213296004223,0.159878540024543,-0.0180918360287659,4.08571029228721e-15,0.965571111871347,0.0197963100292335,0.67,0.1,1.025,0.5,0.6,0.25,0.4,0.005,0.975,0.8,1.19718542949968,0.851135050100064,0.478874171799973,0.244277806533925,0.29504262521764,0.520715544680257,-1.227792321669,1.09994105100398,7.01555581701767
389,-0.00472441442842437,0.841613502162969,0.101376423817342,-0.00472471523653173,-0.00472471523653162,-0.00472402077602652,0.0231935361950235,0.0132885652268036,0.0119271451569781,6.6677484918584,8.31585005732457,0.85540648949951,2.57138924572559,0.264504847762697,3.54085679125959,3.03881996837758,0.566097426904029,-0.0640606040220244,9.72469234796749,11.4270845172604,1.06859603324286,0.225550003958027,0.15184955796003,0.0127453000026719,0.919635965478606,2.98907521197242,0.616156096870666,0.299582112188222,0.551781579287163,0.229908991369651,0.207426116226596,0.438054326216922,1.00155515244455,1.00025196349943,1.00130286067178,0.514670707566211,0.0521754757766034,0.433153816655493,1.05115839101827,1.04826366995393,0.858216004631605,0.15987583240065,-0.0180918370322547,3.76746487301332e-15,0.965571111871347,0.0197963100292335,0.67,0.1,1.025,0.5,0.6,0.25,0.4,0.005,0.975,0.8,1.19718508905308,0.851135142873013,0.478874035621327,0.24427760002118,0.2950421613814,0.520715725650451,-1.22779146847283,1.09992159759977,7.01556779954336
390,-0.00472442340618526,0.841614071878119,0.101376423817342,-0.00472471523653173,-0.00472471523653162,-0.00472404150279737,0.0231935482252052,0.0132885727451848,0.0119271520853893,6.66774411575936,8.31583688527871,0.855405077695387,2.57138505803427,0.264504400988929,3.54085317422597,3.03882617490299,0.566087541361351,-0.0640605420383753,9.72469431875196,11.4270572643073,1.06859422245474,0.225550166657329,0.151849281720345,0.0127452858087985,0.919635441998946,2.9890719090266,0.616155746139294,0.299581847312735,0.551781265199367,0.229908860499736,0.207426138567796,0.438054244052004,1.00155520935431,1.00025195447678,1.00130292659934,0.51467055665672,0.0521754604779388,0.433153982863641,1.05115838384546,1.04826366244838,0.858218634145362,0.159873203862684,-0.018091838008046,2.12646857598867e-15,0.965571111871347,0.0197963100292335,0.67,0.1,1.025,0.5,0.6,0.25,0.4,0.005,0.975,0.8,1.19718475861883,0.851135232793552,0.478873903447621,0.244277399606039,0.295041711161314,0.520715901458843,-1.22779064049587,1.09990271259859,7.01557943623857
391,-0.00472443211599806,0.841614624590016,0.101376423817342,-0.00472471523653173,-0.00472471523653162,-0.0047240616109463,0.0231935599006864,0.0132885800418753,0.0119271588095001,6.66773986770212,8.31582410251227,0.855403707614221,2.571380994539,0.264503967456727,3.54084966404402,3.03883220110494,0.566077944831487,-0.0640604818924082,9.72469623319016,11.4270308139912,1.06859246521379,0.225550324600453,0.151849013612891,0.012745272035252,0.919634934033396,2.98906870362398,0.616155405802375,0.299581590276448,0.551780960420037,0.229908733508349,0.207426160217427,0.438054164298012,1.00155526459019,1.00025194572342,1.00130299058386,0.514670410251234,0.0521754456358743,0.433154144111183,1.05115837688434,1.0482636551644,0.858221186839465,0.159870652117414,-0.0180918389568794,2.66186603711503e-15,0.965571111871347,0.0197963100292335,0.67,0.1,1.025,0.5,0.6,0.25,0.4,0.005,0.975,0.8,1.19718443790386,0.851135319950059,0.47887377516163,0.244277205109077,0.295041274159839,0.520716072250155,-1.22778983699494,1.09988437951029,7.01559073696622
392,-0.00472444056586003,0.841615160806125,0.101376423817342,-0.00472471523653173,-0.00472471523653162,-0.00472408111893785,0.0231935712318849,0.0132885871233874,0.0119271653353121,6.66773574396463,8.31581169755559,0.855402378026718,2.57137705156364,0.26450354677448,3.54084625756734,3.03883805217416,0.56606862892293,-0.0640604235297517,9.72469809286723,11.4270051427735,1.06859075994106,0.225550477925471,0.151848753399323,0.012745258669615,0.919634441123167,2.98906559289344,0.616155075552522,0.299581340847964,0.5517806646739,0.229908610280792,0.207426181197093,0.438054086884594,1.00155531820119,1.00025193723131,1.0013030526824,0.514670268215327,0.0521754312367819,0.433154300546174,1.05115837012868,1.04826364809546,0.858223664942032,0.159868174937444,-0.0180918398794756,2.57903032458478e-15,0.965571111871347,0.0197963100292335,0.67,0.1,1.025,0.5,0.6,0.25,0.4,0.005,0.975,0.8,1.19718412662364,0.851135404428144,0.478873650649536,0.24427701635612,0.295040849990955,0.520716238165173,-1.22778905724868,1.09986658231849,7.01560171131262
393,-0.00472444876352971,0.841615681018766,0.101376423817342,-0.00472471523653173,-0.00472471523653162,-0.00472410004468538,0.0231935822289164,0.0132885939960435,0.0119271716686522,6.6677317409317,8.31579965927499,0.855401087739592,2.57137322554041,0.264503138562107,3.54084295174176,3.03884373315386,0.566059585485533,-0.0640603668976384,9.7246998993244,11.4269802278011,1.0685891051039,0.225550626766496,0.151848500848237,0.0127452456998361,0.919633962823001,2.98906257404796,0.616154755091411,0.299581098802679,0.551780377693801,0.22990849070575,0.207426201527716,0.438054011743433,1.0015553702349,1.00025192899265,1.00130311295031,0.514670130418582,0.0521754172674407,0.433154452312252,1.05115836357243,1.04826364123524,0.858226070617192,0.159865770159345,-0.0180918407765371,2.84807674736657e-15,0.965571111871347,0.0197963100292335,0.67,0.1,1.025,0.5,0.6,0.25,0.4,0.005,0.975,0.8,1.1971838245019,0.851135486310744,0.478873529800836,0.244276833178094,0.295040438279833,0.520716399340854,-1.22778830055691,1.09984930546709,7.01561236859507
394,-0.00472445671653412,0.841616185705565,0.101376423817342,-0.00472471523653173,-0.00472471523653162,-0.00472411840556752,0.0231935929015963,0.0132886006659793,0.0119271778151747,6.66772785509315,8.31578797686523,0.855399835594768,2.57136951300715,0.264502742450774,3.5408397436027,3.0388492489439,0.566050806603658,-0.0640603119448584,9.72470165406131,11.4269560468896,1.0685874992149,0.225550771253759,0.151848255734975,0.0127452331142189,0.919633498700768,2.98905964438224,0.616154444129514,0.29958086392262,0.551780099220461,0.229908374675192,0.207426221229557,0.438053938808198,1.00155542073749,1.00025192099988,1.00130317144135,0.514669996734476,0.0521754037150242,0.433154599548766,1.05115835720974,1.04826363457759,0.858228405966905,0.159863435681844,-0.0180918416487486,2.90384341785429e-15,0.965571111871347,0.0197963100292335,0.67,0.1,1.025,0.5,0.6,0.25,0.4,0.005,0.975,0.8,1.19718353127042,0.851135565678205,0.478873412508237,0.244276655410888,0.295040038662512,0.520716555910348,-1.22778756623999,1.09983253384729,7.0156227178693
395,-0.0047244644321756,0.841616675329895,0.101376423817342,-0.00472471523653173,-0.00472471523653162,-0.00472413621844392,0.023193603259456,0.0132886071391525,0.0119271837803704,6.66772408303946,8.31577663983715,0.855398620468042,2.57136591060378,0.264502358082503,3.54083663027255,3.03885460430475,0.566042284589513,-0.0640602586217133,9.7247033585358,11.4269325785004,1.06858594083024,0.225550911513761,0.151848017841427,0.0127452209014116,0.919633048337086,2.9890568012703,0.616154142385848,0.299580635996213,0.551779829002252,0.229908262084272,0.207426240322237,0.438053868014474,1.00155546975382,1.00025191324566,1.00130322820771,0.514669867040263,0.0521753905670887,0.433154742390906,1.05115835103491,1.04826362811655,0.858230673032713,0.159861169464065,-0.0180918424967773,2.68511845324975e-15,0.965571111871347,0.0197963100292335,0.67,0.1,1.025,0.5,0.6,0.25,0.4,0.005,0.975,0.8,1.19718324666877,0.851135642608361,0.478873298667575,0.244276482895196,0.295039650785593,0.520716708003187,-1.22778685363826,1.09981625278488,7.01563276793654
396,-0.0047244719175385,0.841617150341297,0.101376423817342,-0.00472471523653173,-0.00472471523653162,-0.00472415349967148,0.0231936133117478,0.0132886134213462,0.0119271895695689,6.66772042145964,8.3157656380097,0.855397441268225,2.57136241506947,0.26450198510988,3.5408336089581,3.03885980386139,0.566034011976683,-0.0640602068799714,9.72470501416569,11.4269098017236,1.06858442854853,0.225551047669358,0.151847786955841,0.0127452090503965,0.919632611324946,2.98905404216314,0.616153849587714,0.299580414818112,0.551779566794967,0.229908152831236,0.20742625882476,0.438053799299716,1.00155551732743,1.00025190572287,1.00130328330004,0.51466974121686,0.052175377811562,0.433154880969828,1.05115834504241,1.04826362184634,0.85823287379746,0.159858969523814,-0.0180918433212733,2.36916789275427e-15,0.965571111871347,0.0197963100292335,0.67,0.1,1.025,0.5,0.6,0.25,0.4,0.005,0.975,0.8,1.19718297044413,0.851135717176617,0.478873188177716,0.244276315476381,0.295039274305925,0.520716855745345,-1.22778616211143,1.09980044802785,7.01564252735056
397,-0.00472447917949577,0.841617611175898,0.101376423817342,-0.00472471523653173,-0.00472471523653162,-0.0047241702651184,0.0231936230674532,0.0132886195181746,0.0119271951879439,6.66771686713814,8.3157549615009,0.855396296936189,2.57135902323972,0.264501623195744,3.54083067694811,3.03886485210711,0.566025981513827,-0.0640601566728248,9.72470662232963,11.4268876962598,1.06858296100959,0.225551179839864,0.151847562872641,0.0127451975504806,0.919632187269342,2.98905136458651,0.61615356547046,0.299580200189019,0.551779312361605,0.229908046817336,0.20742627675553,0.438053732603193,1.0015555635006,1.00025189842461,1.00130333676751,0.514669619148738,0.0521753654367324,0.433155015412771,1.05115833922686,1.04826361576134,0.858235010186955,0.159856833935915,-0.0180918441228703,2.31522657197751e-15,0.965571111871347,0.0197963100292335,0.67,0.1,1.025,0.5,0.6,0.25,0.4,0.005,0.975,0.8,1.19718270235103,0.851135789456025,0.478873080940469,0.244276153004341,0.295038908890322,0.520716999259323,-1.22778549103799,1.09978510573449,7.01565200442445
398,-0.00472448622471521,0.841618058256805,0.101376423817342,-0.00472471523653173,-0.00472471523653162,-0.00472418653017936,0.0231936325352919,0.0132886254350878,0.0119272006405183,6.66771341695206,8.31574460071864,0.855395186443867,2.57135573204346,0.264501272012875,3.54082783161089,3.03886975340717,0.566018186158567,-0.0640601079548477,9.72470818436807,11.4268662424016,1.06858153689318,0.225551308141164,0.15184734539225,0.0127451863912861,0.919631775786928,2.98904876613873,0.616153289777241,0.299579991915494,0.551779065472156,0.229907943946732,0.20742629413237,0.438053667865934,1.00155560831436,1.00025189134416,1.00130338865788,0.514669500723817,0.0521753534312374,0.433155145843179,1.05115833358308,1.0482636098561,0.858237084071592,0.159854760830593,-0.0180918449021854,1.61187098809483e-15,0.965571111871347,0.0197963100292335,0.67,0.1,1.025,0.5,0.6,0.25,0.4,0.005,0.975,0.8,1.19718244215113,0.851135859517356,0.478872976860507,0.244275995333375,0.295038554215271,0.520717138664268,-1.22778483981471,1.09977021246166,7.01566120723722
399,-0.00472449305966559,0.841618491994501,0.101376423817342,-0.00472471523653173,-0.00472471523653162,-0.00472420230978965,0.0231936417237265,0.0132886311773755,0.011927205932167,6.6677100678691,8.31573454635316,0.85539410879346,2.57135253850046,0.264500931243726,3.540825070392,3.03887451200241,0.566010619071537,-0.0640600606819553,9.72470970158481,11.4268454210179,1.06858015491797,0.225551432685791,0.151847134320908,0.0127451755627409,0.919631376505664,2.9890462444886,0.616153022258795,0.299579789809805,0.551778825903398,0.229907844126416,0.207426310972543,0.438053605030681,1.00155565180857,1.00025188447504,1.00130343901748,0.514669385833361,0.0521753417840538,0.43315527238081,1.05115832810599,1.04826360412531,0.858239097267923,0.159852748391897,-0.01809184565982,1.93588496224279e-15,0.965571111871347,0.0197963100292335,0.67,0.1,1.025,0.5,0.6,0.25,0.4,0.005,0.975,0.8,1.19718218961307,0.851135927429175,0.478872875845278,0.244275842322056,0.295038209966646,0.520717274076021,-1.22778420785609,1.09975575515346,7.01567014364027
400,-0.00472449305966559,0.841618491994501,0.101376423817342,-0.00472471523653173,-0.00472471523653162,-0.00472420230978965,0.0231936417237265,0.0132886311773755,0.011927205932167,6.6677100678691,8.31573454635316,0.85539410879346,2.57135253850046,0.264500931243726,3.540825070392,3.03887451200241,0.566010619071537,-0.0640600606819553,9.72470970158481,11.4268454210179,1.06858015491797,0.225551432685791,0.151847134320908,0.0127451755627409,0.919631376505664,2.9890462444886,0.616153022258795,0.299579789809805,0.551778825903398,0.229907844126416,0.207426310972543,0.438053605030681,1.00155565180857,1.00025188447504,1.00130343901748,0.514669385833361,0.0521753417840538,0.43315527238081,1.05115832810599,1.04826360412531,0.858239097267923,0.159852748391897,-0.01809184565982,1.93588496224279e-15,0.965571111871347,0.0197963100292335,0.67,0.1,1.025,0.5,0.6,0.25,0.4,0.005,0.975,0.8,1.19718218961307,0.851135927429175,0.478872875845278,0.244275842322056,0.295038209966646,0.520717274076021,-1.22778420785609,1.09975575515346,7.01567014364027
401,-0.00472449305966559,0.841618491994501,0.101376423817342,-0.00472471523653173,-0.00472471523653162,-0.00472420230978965,0.0231936417237265,0.0132886311773755,0.011927205932167,6.6677100678691,8.31573454635316,0.85539410879346,2.57135253850046,0.264500931243726,3.540825070392,3.03887451200241,0.566010619071537,-0.0640600606819553,9.72470970158481,11.4268454210179,1.06858015491797,0.225551432685791,0.151847134320908,0.0127451755627409,0.919631376505664,2.9890462444886,0.616153022258795,0.299579789809805,0.551778825903398,0.229907844126416,0.207426310972543,0.438053605030681,1.00155565180857,1.00025188447504,1.00130343901748,0.514669385833361,0.0521753417840538,0.43315527238081,1.05115832810599,1.04826360412531,0.858239097267923,0.159852748391897,-0.01809184565982,1.93588496224279e-15,0.965571111871347,0.0197963100292335,0.67,0.1,1.025,0.5,0.6,0.25,0.4,0.005,0.975,0.8,1.19718218961307,0.851135927429175,0.478872875845278,0.244275842322056,0.295038209966646,0.520717274076021,-1.22778420785609,1.09975575515346,7.01567014364027
402,-0.00472449305966559,0.841618491994501,0.101376423817342,-0.00472471523653173,-0.00472471523653162,-0.00472420230978965,0.0231936417237265,0.0132886311773755,0.011927205932167,6.6677100678691,8.31573454635316,0.85539410879346,2.57135253850046,0.264500931243726,3.540825070392,3.03887451200241,0.566010619071537,-0.0640600606819553,9.72470970158481,11.4268454210179,1.06858015491797,0.225551432685791,0.151847134320908,0.0127451755627409,0.919631376505664,2.9890462444886,0.616153022258795,0.299579789809805,0.551778825903398,0.229907844126416,0.207426310972543,0.438053605030681,1.00155565180857,1.00025188447504,1.00130343901748,0.514669385833361,0.0521753417840538,0.43315527238081,1.05115832810599,1.04826360412531,0.858239097267923,0.159852748391897,-0.01809184565982,1.93588496224279e-15,0.965571111871347,0.0197963100292335,0.67,0.1,1.025,0.5,0.6,0.25,0.4,0.005,0.975,0.8,1.19718218961307,0.851135927429175,0.478872875845278,0.244275842322056,0.295038209966646,0.520717274076021,-1.22778420785609,1.09975575515346,7.01567014364027
403,-0.00472449305966559,0.841618491994501,0.101376423817342,-0.00472471523653173,-0.00472471523653162,-0.00472420230978965,0.0231936417237265,0.0132886311773755,0.011927205932167,6.6677100678691,8.31573454635316,0.85539410879346,2.57135253850046,0.264500931243726,3.540825070392,3.03887451200241,0.566010619071537,-0.0640600606819553,9.72470970158481,11.4268454210179,1.06858015491797,0.225551432685791,0.151847134320908,0.0127451755627409,0.919631376505664,2.9890462444886,0.616153022258795,0.299579789809805,0.551778825903398,0.229907844126416,0.207426310972543,0.438053605030681,1.00155565180857,1.00025188447504,1.00130343901748,0.514669385833361,0.0521753417840538,0.43315527238081,1.05115832810599,1.04826360412531,0.858239097267923,0.159852748391897,-0.01809184565982,1.93588496224279e-15,0.965571111871347,0.0197963100292335,0.67,0.1,1.025,0.5,0.6,0.25,0.4,0.005,0.975,0.8,1.19718218961307,0.851135927429175,0.478872875845278,0.244275842322056,0.295038209966646,0.520717274076021,-1.22778420785609,1.09975575515346,7.01567014364027
404,-0.00472449305966559,0.841618491994501,0.101376423817342,-0.00472471523653173,-0.00472471523653162,-0.00472420230978965,0.0231936417237265,0.0132886311773755,0.011927205932167,6.6677100678691,8.31573454635316,0.85539410879346,2.57135253850046,0.264500931243726,3.540825070392,3.03887451200241,0.566010619071537,-0.0640600606819553,9.72470970158481,11.4268454210179,1.06858015491797,0.225551432685791,0.151847134320908,0.0127451755627409,0.919631376505664,2.9890462444886,0.616153022258795,0.299579789809805,0.551778825903398,0.229907844126416,0.207426310972543,0.438053605030681,1.00155565180857,1.00025188447504,1.00130343901748,0.514669385833361,0.0521753417840538,0.43315527238081,1.05115832810599,1.04826360412531,0.858239097267923,0.159852748391897,-0.01809184565982,1.93588496224279e-15,0.965571111871347,0.0197963100292335,0.67,0.1,1.025,0.5,0.6,0.25,0.4,0.005,0.975,0.8,1.19718218961307,0.851135927429175,0.478872875845278,0.244275842322056,0.295038209966646,0.520717274076021,-1.22778420785609,1.09975575515346,7.01567014364027
405,-0.00472449305966559,0.841618491994501,0.101376423817342,-0.00472471523653173,-0.00472471523653162,-0.00472420230978965,0.0231936417237265,0.0132886311773755,0.011927205932167,6.6677100678691,8.31573454635316,0.85539410879346,2.57135253850046,0.264500931243726,3.540825070392,3.03887451200241,0.566010619071537,-0.0640600606819553,9.72470970158481,11.4268454210179,1.06858015491797,0.225551432685791,0.151847134320908,0.0127451755627409,0.919631376505664,2.9890462444886,0.616153022258795,0.299579789809805,0.551778825903398,0.229907844126416,0.207426310972543,0.438053605030681,1.00155565180857,1.00025188447504,1.00130343901748,0.514669385833361,0.0521753417840538,0.43315527238081,1.05115832810599,1.04826360412531,0.858239097267923,0.159852748391897,-0.01809184565982,1.93588496224279e-15,0.965571111871347,0.0197963100292335,0.67,0.1,1.025,0.5,0.6,0.25,0.4,0.005,0.975,0.8,1.19718218961307,0.851135927429175,0.478872875845278,0.244275842322056,0.295038209966646,0.520717274076021,-1.22778420785609,1.09975575515346,7.01567014364027
406,-0.00472449305966559,0.841618491994501,0.101376423817342,-0.00472471523653173,-0.00472471523653162,-0.00472420230978965,0.0231936417237265,0.0132886311773755,0.011927205932167,6.6677100678691,8.31573454635316,0.85539410879346,2.57135253850046,0.264500931243726,3.540825070392,3.03887451200241,0.566010619071537,-0.0640600606819553,9.72470970158481,11.4268454210179,1.06858015491797,0.225551432685791,0.151847134320908,0.0127451755627409,0.919631376505664,2.9890462444886,0.616153022258795,0.299579789809805,0.551778825903398,0.229907844126416,0.207426310972543,0.438053605030681,1.00155565180857,1.00025188447504,1.00130343901748,0.514669385833361,0.0521753417840538,0.43315527238081,1.05115832810599,1.04826360412531,0.858239097267923,0.159852748391897,-0.01809184565982,1.93588496224279e-15,0.965571111871347,0.0197963100292335,0.67,0.1,1.025,0.5,0.6,0.25,0.4,0.005,0.975,0.8,1.19718218961307,0.851135927429175,0.478872875845278,0.244275842322056,0.295038209966646,0.520717274076021,-1.22778420785609,1.09975575515346,7.01567014364027
407,-0.00472449305966559,0.841618491994501,0.101376423817342,-0.00472471523653173,-0.00472471523653162,-0.00472420230978965,0.0231936417237265,0.0132886311773755,0.011927205932167,6.6677100678691,8.31573454635316,0.85539410879346,2.57135253850046,0.264500931243726,3.540825070392,3.03887451200241,0.566010619071537,-0.0640600606819553,9.72470970158481,11.4268454210179,1.06858015491797,0.225551432685791,0.151847134320908,0.0127451755627409,0.919631376505664,2.9890462444886,0.616153022258795,0.299579789809805,0.551778825903398,0.229907844126416,0.207426310972543,0.438053605030681,1.00155565180857,1.00025188447504,1.00130343901748,0.514669385833361,0.0521753417840538,0.43315527238081,1.05115832810599,1.04826360412531,0.858239097267923,0.159852748391897,-0.01809184565982,1.93588496224279e-15,0.965571111871347,0.0197963100292335,0.67,0.1,1.025,0.5,0.6,0.25,0.4,0.005,0.975,0.8,1.19718218961307,0.851135927429175,0.478872875845278,0.244275842322056,0.295038209966646,0.520717274076021,-1.22778420785609,1.09975575515346,7.01567014364027
408,-0.00472449305966559,0.841618491994501,0.101376423817342,-0.00472471523653173,-0.00472471523653162,-0.00472420230978965,0.0231936417237265,0.0132886311773755,0.011927205932167,6.6677100678691,8.31573454635316,0.85539410879346,2.57135253850046,0.264500931243726,3.540825070392,3.03887451200241,0.566010619071537,-0.0640600606819553,9.72470970158481,11.4268454210179,1.06858015491797,0.225551432685791,0.151847134320908,0.0127451755627409,0.919631376505664,2.9890462444886,0.616153022258795,0.299579789809805,0.551778825903398,0.229907844126416,0.207426310972543,0.438053605030681,1.00155565180857,1.00025188447504,1.00130343901748,0.514669385833361,0.0521753417840538,0.43315527238081,1.05115832810599,1.04826360412531,0.858239097267923,0.159852748391897,-0.01809184565982,1.93588496224279e-15,0.965571111871347,0.0197963100292335,0.67,0.1,1.025,0.5,0.6,0.25,0.4,0.005,0.975,0.8,1.19718218961307,0.851135927429175,0.478872875845278,0.244275842322056,0.295038209966646,0.520717274076021,-1.22778420785609,1.09975575515346,7.01567014364027
409,-0.00472449305966559,0.841618491994501,0.101376423817342,-0.00472471523653173,-0.00472471523653162,-0.00472420230978965,0.0231936417237265,0.0132886311773755,0.011927205932167,6.6677100678691,8.31573454635316,0.85539410879346,2.57135253850046,0.264500931243726,3.540825070392,3.03887451200241,0.566010619071537,-0.0640600606819553,9.72470970158481,11.4268454210179,1.06858015491797,0.225551432685791,0.151847134320908,0.0127451755627409,0.919631376505664,2.9890462444886,0.616153022258795,0.299579789809805,0.551778825903398,0.229907844126416,0.207426310972543,0.438053605030681,1.00155565180857,1.00025188447504,1.00130343901748,0.514669385833361,0.0521753417840538,0.43315527238081,1.05115832810599,1.04826360412531,0.858239097267923,0.159852748391897,-0.01809184565982,1.93588496224279e-15,0.965571111871347,0.0197963100292335,0.67,0.1,1.025,0.5,0.6,0.25,0.4,0.005,0.975,0.8,1.19718218961307,0.851135927429175,0.478872875845278,0.244275842322056,0.295038209966646,0.520717274076021,-1.22778420785609,1.09975575515346,7.01567014364027
410,-0.00472449305966559,0.841618491994501,0.101376423817342,-0.00472471523653173,-0.00472471523653162,-0.00472420230978965,0.0231936417237265,0.0132886311773755,0.011927205932167,6.6677100678691,8.31573454635316,0.85539410879346,2.57135253850046,0.264500931243726,3.540825070392,3.03887451200241,0.566010619071537,-0.0640600606819553,9.72470970158481,11.4268454210179,1.06858015491797,0.225551432685791,0.151847134320908,0.0127451755627409,0.919631376505664,2.9890462444886,0.616153022258795,0.299579789809805,0.551778825903398,0.229907844126416,0.207426310972543,0.438053605030681,1.00155565180857,1.00025188447504,1.00130343901748,0.514669385833361,0.0521753417840538,0.43315527238081,1.05115832810599,1.04826360412531,0.858239097267923,0.159852748391897,-0.01809184565982,1.93588496224279e-15,0.965571111871347,0.0197963100292335,0.67,0.1,1.025,0.5,0.6,0.25,0.4,0.005,0.975,0.8,1.19718218961307,0.851135927429175,0.478872875845278,0.244275842322056,0.295038209966646,0.520717274076021,-1.22778420785609,1.09975575515346,7.01567014364027
411,-0.00472449305966559,0.841618491994501,0.101376423817342,-0.00472471523653173,-0.00472471523653162,-0.00472420230978965,0.0231936417237265,0.0132886311773755,0.011927205932167,6.6677100678691,8.31573454635316,0.85539410879346,2.57135253850046,0.264500931243726,3.540825070392,3.03887451200241,0.566010619071537,-0.0640600606819553,9.72470970158481,11.4268454210179,1.06858015491797,0.225551432685791,0.151847134320908,0.0127451755627409,0.919631376505664,2.9890462444886,0.616153022258795,0.299579789809805,0.551778825903398,0.229907844126416,0.207426310972543,0.438053605030681,1.00155565180857,1.00025188447504,1.00130343901748,0.514669385833361,0.0521753417840538,0.43315527238081,1.05115832810599,1.04826360412531,0.858239097267923,0.159852748391897,-0.01809184565982,1.93588496224279e-15,0.965571111871347,0.0197963100292335,0.67,0.1,1.025,0.5,0.6,0.25,0.4,0.005,0.975,0.8,1.19718218961307,0.851135927429175,0.478872875845278,0.244275842322056,0.295038209966646,0.520717274076021,-1.22778420785609,1.09975575515346,7.01567014364027
412,-0.00472449305966559,0.841618491994501,0.101376423817342,-0.00472471523653173,-0.00472471523653162,-0.00472420230978965,0.0231936417237265,0.0132886311773755,0.011927205932167,6.6677100678691,8.31573454635316,0.85539410879346,2.57135253850046,0.264500931243726,3.540825070392,3.03887451200241,0.566010619071537,-0.0640600606819553,9.72470970158481,11.4268454210179,1.06858015491797,0.225551432685791,0.151847134320908,0.0127451755627409,0.919631376505664,2.9890462444886,0.616153022258795,0.299579789809805,0.551778825903398,0.229907844126416,0.207426310972543,0.438053605030681,1.00155565180857,1.00025188447504,1.00130343901748,0.514669385833361,0.0521753417840538,0.43315527238081,1.05115832810599,1.04826360412531,0.858239097267923,0.159852748391897,-0.01809184565982,1.93588496224279e-15,0.965571111871347,0.0197963100292335,0.67,0.1,1.025,0.5,0.6,0.25,0.4,0.005,0.975,0.8,1.19718218961307,0.851135927429175,0.478872875845278,0.244275842322056,0.295038209966646,0.520717274076021,-1.22778420785609,1.09975575515346,7.01567014364027
413,-0.00472449305966559,0.841618491994501,0.101376423817342,-0.00472471523653173,-0.00472471523653162,-0.00472420230978965,0.0231936417237265,0.0132886311773755,0.011927205932167,6.6677100678691,8.31573454635316,0.85539410879346,2.57135253850046,0.264500931243726,3.540825070392,3.03887451200241,0.566010619071537,-0.0640600606819553,9.72470970158481,11.4268454210179,1.06858015491797,0.225551432685791,0.151847134320908,0.0127451755627409,0.919631376505664,2.9890462444886,0.616153022258795,0.299579789809805,0.551778825903398,0.229907844126416,0.207426310972543,0.438053605030681,1.00155565180857,1.00025188447504,1.00130343901748,0.514669385833361,0.0521753417840538,0.43315527238081,1.05115832810599,1.04826360412531,0.858239097267923,0.159852748391897,-0.01809184565982,1.93588496224279e-15,0.965571111871347,0.0197963100292335,0.67,0.1,1.025,0.5,0.6,0.25,0.4,0.005,0.975,0.8,1.19718218961307,0.851135927429175,0.478872875845278,0.244275842322056,0.295038209966646,0.520717274076021,-1.22778420785609,1.09975575515346,7.01567014364027
414,-0.00472449305966559,0.841618491994501,0.101376423817342,-0.00472471523653173,-0.00472471523653162,-0.00472420230978965,0.0231936417237265,0.0132886311773755,0.011927205932167,6.6677100678691,8.31573454635316,0.85539410879346,2.57135253850046,0.264500931243726,3.540825070392,3.03887451200241,0.566010619071537,-0.0640600606819553,9.72470970158481,11.4268454210179,1.06858015491797,0.225551432685791,0.151847134320908,0.0127451755627409,0.919631376505664,2.9890462444886,0.616153022258795,0.299579789809805,0.551778825903398,0.229907844126416,0.207426310972543,0.438053605030681,1.00155565180857,1.00025188447504,1.00130343901748,0.514669385833361,0.0521753417840538,0.43315527238081,1.05115832810599,1.04826360412531,0.858239097267923,0.159852748391897,-0.01809184565982,1.93588496224279e-15,0.965571111871347,0.0197963100292335,0.67,0.1,1.025,0.5,0.6,0.25,0.4,0.005,0.975,0.8,1.19718218961307,0.851135927429175,0.478872875845278,0.244275842322056,0.295038209966646,0.520717274076021,-1.22778420785609,1.09975575515346,7.01567014364027
415,-0.00472449305966559,0.841618491994501,0.101376423817342,-0.00472471523653173,-0.00472471523653162,-0.00472420230978965,0.0231936417237265,0.0132886311773755,0.011927205932167,6.6677100678691,8.31573454635316,0.85539410879346,2.57135253850046,0.264500931243726,3.540825070392,3.03887451200241,0.566010619071537,-0.0640600606819553,9.72470970158481,11.4268454210179,1.06858015491797,0.225551432685791,0.151847134320908,0.0127451755627409,0.919631376505664,2.9890462444886,0.616153022258795,0.299579789809805,0.551778825903398,0.229907844126416,0.207426310972543,0.438053605030681,1.00155565180857,1.00025188447504,1.00130343901748,0.514669385833361,0.0521753417840538,0.43315527238081,1.05115832810599,1.04826360412531,0.858239097267923,0.159852748391897,-0.01809184565982,1.93588496224279e-15,0.965571111871347,0.0197963100292335,0.67,0.1,1.025,0.5,0.6,0.25,0.4,0.005,0.975,0.8,1.19718218961307,0.851135927429175,0.478872875845278,0.244275842322056,0.295038209966646,0.520717274076021,-1.22778420785609,1.09975575515346,7.01567014364027
416,-0.00472449305966559,0.841618491994501,0.101376423817342,-0.00472471523653173,-0.00472471523653162,-0.00472420230978965,0.0231936417237265,0.0132886311773755,0.011927205932167,6.6677100678691,8.31573454635316,0.85539410879346,2.57135253850046,0.264500931243726,3.540825070392,3.03887451200241,0.566010619071537,-0.0640600606819553,9.72470970158481,11.4268454210179,1.06858015491797,0.225551432685791,0.151847134320908,0.0127451755627409,0.919631376505664,2.9890462444886,0.616153022258795,0.299579789809805,0.551778825903398,0.229907844126416,0.207426310972543,0.438053605030681,1.00155565180857,1.00025188447504,1.00130343901748,0.514669385833361,0.0521753417840538,0.43315527238081,1.05115832810599,1.04826360412531,0.858239097267923,0.159852748391897,-0.01809184565982,1.93588496224279e-15,0.965571111871347,0.0197963100292335,0.67,0.1,1.025,0.5,0.6,0.25,0.4,0.005,0.975,0.8,1.19718218961307,0.851135927429175,0.478872875845278,0.244275842322056,0.295038209966646,0.520717274076021,-1.22778420785609,1.09975575515346,7.01567014364027
417,-0.00472449305966559,0.841618491994501,0.101376423817342,-0.00472471523653173,-0.00472471523653162,-0.00472420230978965,0.0231936417237265,0.0132886311773755,0.011927205932167,6.6677100678691,8.31573454635316,0.85539410879346,2.57135253850046,0.264500931243726,3.540825070392,3.03887451200241,0.566010619071537,-0.0640600606819553,9.72470970158481,11.4268454210179,1.06858015491797,0.225551432685791,0.151847134320908,0.0127451755627409,0.919631376505664,2.9890462444886,0.616153022258795,0.299579789809805,0.551778825903398,0.229907844126416,0.207426310972543,0.438053605030681,1.00155565180857,1.00025188447504,1.00130343901748,0.514669385833361,0.0521753417840538,0.43315527238081,1.05115832810599,1.04826360412531,0.858239097267923,0.159852748391897,-0.01809184565982,1.93588496224279e-15,0.965571111871347,0.0197963100292335,0.67,0.1,1.025,0.5,0.6,0.25,0.4,0.005,0.975,0.8,1.19718218961307,0.851135927429175,0.478872875845278,0.244275842322056,0.295038209966646,0.520717274076021,-1.22778420785609,1.09975575515346,7.01567014364027
418,-0.00472449305966559,0.841618491994501,0.101376423817342,-0.00472471523653173,-0.00472471523653162,-0.00472420230978965,0.0231936417237265,0.0132886311773755,0.011927205932167,6.6677100678691,8.31573454635316,0.85539410879346,2.57135253850046,0.264500931243726,3.540825070392,3.03887451200241,0.566010619071537,-0.0640600606819553,9.72470970158481,11.4268454210179,1.06858015491797,0.225551432685791,0.151847134320908,0.0127451755627409,0.919631376505664,2.9890462444886,0.616153022258795,0.299579789809805,0.551778825903398,0.229907844126416,0.207426310972543,0.438053605030681,1.00155565180857,1.00025188447504,1.00130343901748,0.514669385833361,0.0521753417840538,0.43315527238081,1.05115832810599,1.04826360412531,0.858239097267923,0.159852748391897,-0.01809184565982,1.93588496224279e-15,0.965571111871347,0.0197963100292335,0.67,0.1,1.025,0.5,0.6,0.25,0.4,0.005,0.975,0.8,1.19718218961307,0.851135927429175,0.478872875845278,0.244275842322056,0.295038209966646,0.520717274076021,-1.22778420785609,1.09975575515346,7.01567014364027
419,-0.00472449305966559,0.841618491994501,0.101376423817342,-0.00472471523653173,-0.00472471523653162,-0.00472420230978965,0.0231936417237265,0.0132886311773755,0.011927205932167,6.6677100678691,8.31573454635316,0.85539410879346,2.57135253850046,0.264500931243726,3.540825070392,3.03887451200241,0.566010619071537,-0.0640600606819553,9.72470970158481,11.4268454210179,1.06858015491797,0.225551432685791,0.151847134320908,0.0127451755627409,0.919631376505664,2.9890462444886,0.616153022258795,0.299579789809805,0.551778825903398,0.229907844126416,0.207426310972543,0.438053605030681,1.00155565180857,1.00025188447504,1.00130343901748,0.514669385833361,0.0521753417840538,0.43315527238081,1.05115832810599,1.04826360412531,0.858239097267923,0.159852748391897,-0.01809184565982,1.93588496224279e-15,0.965571111871347,0.0197963100292335,0.67,0.1,1.025,0.5,0.6,0.25,0.4,0.005,0.975,0.8,1.19718218961307,0.851135927429175,0.478872875845278,0.244275842322056,0.295038209966646,0.520717274076021,-1.22778420785609,1.09975575515346,7.01567014364027
420,-0.00472449305966559,0.841618491994501,0.101376423817342,-0.00472471523653173,-0.00472471523653162,-0.00472420230978965,0.0231936417237265,0.0132886311773755,0.011927205932167,6.6677100678691,8.31573454635316,0.85539410879346,2.57135253850046,0.264500931243726,3.540825070392,3.03887451200241,0.566010619071537,-0.0640600606819553,9.72470970158481,11.4268454210179,1.06858015491797,0.225551432685791,0.151847134320908,0.0127451755627409,0.919631376505664,2.9890462444886,0.616153022258795,0.299579789809805,0.551778825903398,0.229907844126416,0.207426310972543,0.438053605030681,1.00155565180857,1.00025188447504,1.00130343901748,0.514669385833361,0.0521753417840538,0.43315527238081,1.05115832810599,1.04826360412531,0.858239097267923,0.159852748391897,-0.01809184565982,1.93588496224279e-15,0.965571111871347,0.0197963100292335,0.67,0.1,1.025,0.5,0.6,0.25,0.4,0.005,0.975,0.8,1.19718218961307,0.851135927429175,0.478872875845278,0.244275842322056,0.295038209966646,0.520717274076021,-1.22778420785609,1.09975575515346,7.01567014364027
421,-0.00472449305966559,0.841618491994501,0.101376423817342,-0.00472471523653173,-0.00472471523653162,-0.00472420230978965,0.0231936417237265,0.0132886311773755,0.011927205932167,6.6677100678691,8.31573454635316,0.85539410879346,2.57135253850046,0.264500931243726,3.540825070392,3.03887451200241,0.566010619071537,-0.0640600606819553,9.72470970158481,11.4268454210179,1.06858015491797,0.225551432685791,0.151847134320908,0.0127451755627409,0.919631376505664,2.9890462444886,0.616153022258795,0.299579789809805,0.551778825903398,0.229907844126416,0.207426310972543,0.438053605030681,1.00155565180857,1.00025188447504,1.00130343901748,0.514669385833361,0.0521753417840538,0.43315527238081,1.05115832810599,1.04826360412531,0.858239097267923,0.159852748391897,-0.01809184565982,1.93588496224279e-15,0.965571111871347,0.0197963100292335,0.67,0.1,1.025,0.5,0.6,0.25,0.4,0.005,0.975,0.8,1.19718218961307,0.851135927429175,0.478872875845278,0.244275842322056,0.295038209966646,0.520717274076021,-1.22778420785609,1.09975575515346,7.01567014364027
422,-0.00472449305966559,0.841618491994501,0.101376423817342,-0.00472471523653173,-0.00472471523653162,-0.00472420230978965,0.0231936417237265,0.0132886311773755,0.011927205932167,6.6677100678691,8.31573454635316,0.85539410879346,2.57135253850046,0.264500931243726,3.540825070392,3.03887451200241,0.566010619071537,-0.0640600606819553,9.72470970158481,11.4268454210179,1.06858015491797,0.225551432685791,0.151847134320908,0.0127451755627409,0.919631376505664,2.9890462444886,0.616153022258795,0.299579789809805,0.551778825903398,0.229907844126416,0.207426310972543,0.438053605030681,1.00155565180857,1.00025188447504,1.00130343901748,0.514669385833361,0.0521753417840538,0.43315527238081,1.05115832810599,1.04826360412531,0.858239097267923,0.159852748391897,-0.01809184565982,1.93588496224279e-15,0.965571111871347,0.0197963100292335,0.67,0.1,1.025,0.5,0.6,0.25,0.4,0.005,0.975,0.8,1.19718218961307,0.851135927429175,0.478872875845278,0.244275842322056,0.295038209966646,0.520717274076021,-1.22778420785609,1.09975575515346,7.01567014364027
423,-0.00472449305966559,0.841618491994501,0.101376423817342,-0.00472471523653173,-0.00472471523653162,-0.00472420230978965,0.0231936417237265,0.0132886311773755,0.011927205932167,6.6677100678691,8.31573454635316,0.85539410879346,2.57135253850046,0.264500931243726,3.540825070392,3.03887451200241,0.566010619071537,-0.0640600606819553,9.72470970158481,11.4268454210179,1.06858015491797,0.225551432685791,0.151847134320908,0.0127451755627409,0.919631376505664,2.9890462444886,0.616153022258795,0.299579789809805,0.551778825903398,0.229907844126416,0.207426310972543,0.438053605030681,1.00155565180857,1.00025188447504,1.00130343901748,0.514669385833361,0.0521753417840538,0.43315527238081,1.05115832810599,1.04826360412531,0.858239097267923,0.159852748391897,-0.01809184565982,1.93588496224279e-15,0.965571111871347,0.0197963100292335,0.67,0.1,1.025,0.5,0.6,0.25,0.4,0.005,0.975,0.8,1.19718218961307,0.851135927429175,0.478872875845278,0.244275842322056,0.295038209966646,0.520717274076021,-1.22778420785609,1.09975575515346,7.01567014364027
424,-0.00472449305966559,0.841618491994501,0.101376423817342,-0.00472471523653173,-0.00472471523653162,-0.00472420230978965,0.0231936417237265,0.0132886311773755,0.011927205932167,6.6677100678691,8.31573454635316,0.85539410879346,2.57135253850046,0.264500931243726,3.540825070392,3.03887451200241,0.566010619071537,-0.0640600606819553,9.72470970158481,11.4268454210179,1.06858015491797,0.225551432685791,0.151847134320908,0.0127451755627409,0.919631376505664,2.9890462444886,0.616153022258795,0.299579789809805,0.551778825903398,0.229907844126416,0.207426310972543,0.438053605030681,1.00155565180857,1.00025188447504,1.00130343901748,0.514669385833361,0.0521753417840538,0.43315527238081,1.05115832810599,1.04826360412531,0.858239097267923,0.159852748391897,-0.01809184565982,1.93588496224279e-15,0.965571111871347,0.0197963100292335,0.67,0.1,1.025,0.5,0.6,0.25,0.4,0.005,0.975,0.8,1.19718218961307,0.851135927429175,0.478872875845278,0.244275842322056,0.295038209966646,0.520717274076021,-1.22778420785609,1.09975575515346,7.01567014364027
425,-0.00472449305966559,0.841618491994501,0.101376423817342,-0.00472471523653173,-0.00472471523653162,-0.00472420230978965,0.0231936417237265,0.0132886311773755,0.011927205932167,6.6677100678691,8.31573454635316,0.85539410879346,2.57135253850046,0.264500931243726,3.540825070392,3.03887451200241,0.566010619071537,-0.0640600606819553,9.72470970158481,11.4268454210179,1.06858015491797,0.225551432685791,0.151847134320908,0.0127451755627409,0.919631376505664,2.9890462444886,0.616153022258795,0.299579789809805,0.551778825903398,0.229907844126416,0.207426310972543,0.438053605030681,1.00155565180857,1.00025188447504,1.00130343901748,0.514669385833361,0.0521753417840538,0.43315527238081,1.05115832810599,1.04826360412531,0.858239097267923,0.159852748391897,-0.01809184565982,1.93588496224279e-15,0.965571111871347,0.0197963100292335,0.67,0.1,1.025,0.5,0.6,0.25,0.4,0.005,0.975,0.8,1.19718218961307,0.851135927429175,0.478872875845278,0.244275842322056,0.295038209966646,0.520717274076021,-1.22778420785609,1.09975575515346,7.01567014364027
426,-0.00472449305966559,0.841618491994501,0.101376423817342,-0.00472471523653173,-0.00472471523653162,-0.00472420230978965,0.0231936417237265,0.0132886311773755,0.011927205932167,6.6677100678691,8.31573454635316,0.85539410879346,2.57135253850046,0.264500931243726,3.540825070392,3.03887451200241,0.566010619071537,-0.0640600606819553,9.72470970158481,11.4268454210179,1.06858015491797,0.225551432685791,0.151847134320908,0.0127451755627409,0.919631376505664,2.9890462444886,0.616153022258795,0.299579789809805,0.551778825903398,0.229907844126416,0.207426310972543,0.438053605030681,1.00155565180857,1.00025188447504,1.00130343901748,0.514669385833361,0.0521753417840538,0.43315527238081,1.05115832810599,1.04826360412531,0.858239097267923,0.159852748391897,-0.01809184565982,1.93588496224279e-15,0.965571111871347,0.0197963100292335,0.67,0.1,1.025,0.5,0.6,0.25,0.4,0.005,0.975,0.8,1.19718218961307,0.851135927429175,0.478872875845278,0.244275842322056,0.295038209966646,0.520717274076021,-1.22778420785609,1.09975575515346,7.01567014364027
427,-0.00472449305966559,0.841618491994501,0.101376423817342,-0.00472471523653173,-0.00472471523653162,-0.00472420230978965,0.0231936417237265,0.0132886311773755,0.011927205932167,6.6677100678691,8.31573454635316,0.85539410879346,2.57135253850046,0.264500931243726,3.540825070392,3.03887451200241,0.566010619071537,-0.0640600606819553,9.72470970158481,11.4268454210179,1.06858015491797,0.225551432685791,0.151847134320908,0.0127451755627409,0.919631376505664,2.9890462444886,0.616153022258795,0.299579789809805,0.551778825903398,0.229907844126416,0.207426310972543,0.438053605030681,1.00155565180857,1.00025188447504,1.00130343901748,0.514669385833361,0.0521753417840538,0.43315527238081,1.05115832810599,1.04826360412531,0.858239097267923,0.159852748391897,-0.01809184565982,1.93588496224279e-15,0.965571111871347,0.0197963100292335,0.67,0.1,1.025,0.5,0.6,0.25,0.4,0.005,0.975,0.8,1.19718218961307,0.851135927429175,0.478872875845278,0.244275842322056,0.295038209966646,0.520717274076021,-1.22778420785609,1.09975575515346,7.01567014364027
428,-0.00472449305966559,0.841618491994501,0.101376423817342,-0.00472471523653173,-0.00472471523653162,-0.00472420230978965,0.0231936417237265,0.0132886311773755,0.011927205932167,6.6677100678691,8.31573454635316,0.85539410879346,2.57135253850046,0.264500931243726,3.540825070392,3.03887451200241,0.566010619071537,-0.0640600606819553,9.72470970158481,11.4268454210179,1.06858015491797,0.225551432685791,0.151847134320908,0.0127451755627409,0.919631376505664,2.9890462444886,0.616153022258795,0.299579789809805,0.551778825903398,0.229907844126416,0.207426310972543,0.438053605030681,1.00155565180857,1.00025188447504,1.00130343901748,0.514669385833361,0.0521753417840538,0.43315527238081,1.05115832810599,1.04826360412531,0.858239097267923,0.159852748391897,-0.01809184565982,1.93588496224279e-15,0.965571111871347,0.0197963100292335,0.67,0.1,1.025,0.5,0.6,0.25,0.4,0.005,0.975,0.8,1.19718218961307,0.851135927429175,0.478872875845278,0.244275842322056,0.295038209966646,0.520717274076021,-1.22778420785609,1.09975575515346,7.01567014364027
429,-0.00472449305966559,0.841618491994501,0.101376423817342,-0.00472471523653173,-0.00472471523653162,-0.00472420230978965,0.0231936417237265,0.0132886311773755,0.011927205932167,6.6677100678691,8.31573454635316,0.85539410879346,2.57135253850046,0.264500931243726,3.540825070392,3.03887451200241,0.566010619071537,-0.0640600606819553,9.72470970158481,11.4268454210179,1.06858015491797,0.225551432685791,0.151847134320908,0.0127451755627409,0.919631376505664,2.9890462444886,0.616153022258795,0.299579789809805,0.551778825903398,0.229907844126416,0.207426310972543,0.438053605030681,1.00155565180857,1.00025188447504,1.00130343901748,0.514669385833361,0.0521753417840538,0.43315527238081,1.05115832810599,1.04826360412531,0.858239097267923,0.159852748391897,-0.01809184565982,1.93588496224279e-15,0.965571111871347,0.0197963100292335,0.67,0.1,1.025,0.5,0.6,0.25,0.4,0.005,0.975,0.8,1.19718218961307,0.851135927429175,0.478872875845278,0.244275842322056,0.295038209966646,0.520717274076021,-1.22778420785609,1.09975575515346,7.01567014364027
430,-0.00472449305966559,0.841618491994501,0.101376423817342,-0.00472471523653173,-0.00472471523653162,-0.00472420230978965,0.0231936417237265,0.0132886311773755,0.011927205932167,6.6677100678691,8.31573454635316,0.85539410879346,2.57135253850046,0.264500931243726,3.540825070392,3.03887451200241,0.566010619071537,-0.0640600606819553,9.72470970158481,11.4268454210179,1.06858015491797,0.225551432685791,0.151847134320908,0.0127451755627409,0.919631376505664,2.9890462444886,0.616153022258795,0.299579789809805,0.551778825903398,0.229907844126416,0.207426310972543,0.438053605030681,1.00155565180857,1.00025188447504,1.00130343901748,0.514669385833361,0.0521753417840538,0.43315527238081,1.05115832810599,1.04826360412531,0.858239097267923,0.159852748391897,-0.01809184565982,1.93588496224279e-15,0.965571111871347,0.0197963100292335,0.67,0.1,1.025,0.5,0.6,0.25,0.4,0.005,0.975,0.8,1.19718218961307,0.851135927429175,0.478872875845278,0.244275842322056,0.295038209966646,0.520717274076021,-1.22778420785609,1.09975575515346,7.01567014364027
431,-0.00472449305966559,0.841618491994501,0.101376423817342,-0.00472471523653173,-0.00472471523653162,-0.00472420230978965,0.0231936417237265,0.0132886311773755,0.011927205932167,6.6677100678691,8.31573454635316,0.85539410879346,2.57135253850046,0.264500931243726,3.540825070392,3.03887451200241,0.566010619071537,-0.0640600606819553,9.72470970158481,11.4268454210179,1.06858015491797,0.225551432685791,0.151847134320908,0.0127451755627409,0.919631376505664,2.9890462444886,0.616153022258795,0.299579789809805,0.551778825903398,0.229907844126416,0.207426310972543,0.438053605030681,1.00155565180857,1.00025188447504,1.00130343901748,0.514669385833361,0.0521753417840538,0.43315527238081,1.05115832810599,1.04826360412531,0.858239097267923,0.159852748391897,-0.01809184565982,1.93588496224279e-15,0.965571111871347,0.0197963100292335,0.67,0.1,1.025,0.5,0.6,0.25,0.4,0.005,0.975,0.8,1.19718218961307,0.851135927429175,0.478872875845278,0.244275842322056,0.295038209966646,0.520717274076021,-1.22778420785609,1.09975575515346,7.01567014364027
432,-0.00472449305966559,0.841618491994501,0.101376423817342,-0.00472471523653173,-0.00472471523653162,-0.00472420230978965,0.0231936417237265,0.0132886311773755,0.011927205932167,6.6677100678691,8.31573454635316,0.85539410879346,2.57135253850046,0.264500931243726,3.540825070392,3.03887451200241,0.566010619071537,-0.0640600606819553,9.72470970158481,11.4268454210179,1.06858015491797,0.225551432685791,0.151847134320908,0.0127451755627409,0.919631376505664,2.9890462444886,0.616153022258795,0.299579789809805,0.551778825903398,0.229907844126416,0.207426310972543,0.438053605030681,1.00155565180857,1.00025188447504,1.00130343901748,0.514669385833361,0.0521753417840538,0.43315527238081,1.05115832810599,1.04826360412531,0.858239097267923,0.159852748391897,-0.01809184565982,1.93588496224279e-15,0.965571111871347,0.0197963100292335,0.67,0.1,1.025,0.5,0.6,0.25,0.4,0.005,0.975,0.8,1.19718218961307,0.851135927429175,0.478872875845278,0.244275842322056,0.295038209966646,0.520717274076021,-1.22778420785609,1.09975575515346,7.01567014364027
433,-0.00472449305966559,0.841618491994501,0.101376423817342,-0.00472471523653173,-0.00472471523653162,-0.00472420230978965,0.0231936417237265,0.0132886311773755,0.011927205932167,6.6677100678691,8.31573454635316,0.85539410879346,2.57135253850046,0.264500931243726,3.540825070392,3.03887451200241,0.566010619071537,-0.0640600606819553,9.72470970158481,11.4268454210179,1.06858015491797,0.225551432685791,0.151847134320908,0.0127451755627409,0.919631376505664,2.9890462444886,0.616153022258795,0.299579789809805,0.551778825903398,0.229907844126416,0.207426310972543,0.438053605030681,1.00155565180857,1.00025188447504,1.00130343901748,0.514669385833361,0.0521753417840538,0.43315527238081,1.05115832810599,1.04826360412531,0.858239097267923,0.159852748391897,-0.01809184565982,1.93588496224279e-15,0.965571111871347,0.0197963100292335,0.67,0.1,1.025,0.5,0.6,0.25,0.4,0.005,0.975,0.8,1.19718218961307,0.851135927429175,0.478872875845278,0.244275842322056,0.295038209966646,0.520717274076021,-1.22778420785609,1.09975575515346,7.01567014364027
434,-0.00472449305966559,0.841618491994501,0.101376423817342,-0.00472471523653173,-0.00472471523653162,-0.00472420230978965,0.0231936417237265,0.0132886311773755,0.011927205932167,6.6677100678691,8.31573454635316,0.85539410879346,2.57135253850046,0.264500931243726,3.540825070392,3.03887451200241,0.566010619071537,-0.0640600606819553,9.72470970158481,11.4268454210179,1.06858015491797,0.225551432685791,0.151847134320908,0.0127451755627409,0.919631376505664,2.9890462444886,0.616153022258795,0.299579789809805,0.551778825903398,0.229907844126416,0.207426310972543,0.438053605030681,1.00155565180857,1.00025188447504,1.00130343901748,0.514669385833361,0.0521753417840538,0.43315527238081,1.05115832810599,1.04826360412531,0.858239097267923,0.159852748391897,-0.01809184565982,1.93588496224279e-15,0.965571111871347,0.0197963100292335,0.67,0.1,1.025,0.5,0.6,0.25,0.4,0.005,0.975,0.8,1.19718218961307,0.851135927429175,0.478872875845278,0.244275842322056,0.295038209966646,0.520717274076021,-1.22778420785609,1.09975575515346,7.01567014364027
435,-0.00472449305966559,0.841618491994501,0.101376423817342,-0.00472471523653173,-0.00472471523653162,-0.00472420230978965,0.0231936417237265,0.0132886311773755,0.011927205932167,6.6677100678691,8.31573454635316,0.85539410879346,2.57135253850046,0.264500931243726,3.540825070392,3.03887451200241,0.566010619071537,-0.0640600606819553,9.72470970158481,11.4268454210179,1.06858015491797,0.225551432685791,0.151847134320908,0.0127451755627409,0.919631376505664,2.9890462444886,0.616153022258795,0.299579789809805,0.551778825903398,0.229907844126416,0.207426310972543,0.438053605030681,1.00155565180857,1.00025188447504,1.00130343901748,0.514669385833361,0.0521753417840538,0.43315527238081,1.05115832810599,1.04826360412531,0.858239097267923,0.159852748391897,-0.01809184565982,1.93588496224279e-15,0.965571111871347,0.0197963100292335,0.67,0.1,1.025,0.5,0.6,0.25,0.4,0.005,0.975,0.8,1.19718218961307,0.851135927429175,0.478872875845278,0.244275842322056,0.295038209966646,0.520717274076021,-1.22778420785609,1.09975575515346,7.01567014364027
436,-0.00472449305966559,0.841618491994501,0.101376423817342,-0.00472471523653173,-0.00472471523653162,-0.00472420230978965,0.0231936417237265,0.0132886311773755,0.011927205932167,6.6677100678691,8.31573454635316,0.85539410879346,2.57135253850046,0.264500931243726,3.540825070392,3.03887451200241,0.566010619071537,-0.0640600606819553,9.72470970158481,11.4268454210179,1.06858015491797,0.225551432685791,0.151847134320908,0.0127451755627409,0.919631376505664,2.9890462444886,0.616153022258795,0.299579789809805,0.551778825903398,0.229907844126416,0.207426310972543,0.438053605030681,1.00155565180857,1.00025188447504,1.00130343901748,0.514669385833361,0.0521753417840538,0.43315527238081,1.05115832810599,1.04826360412531,0.858239097267923,0.159852748391897,-0.01809184565982,1.93588496224279e-15,0.965571111871347,0.0197963100292335,0.67,0.1,1.025,0.5,0.6,0.25,0.4,0.005,0.975,0.8,1.19718218961307,0.851135927429175,0.478872875845278,0.244275842322056,0.295038209966646,0.520717274076021,-1.22778420785609,1.09975575515346,7.01567014364027
437,-0.00472449305966559,0.841618491994501,0.101376423817342,-0.00472471523653173,-0.00472471523653162,-0.00472420230978965,0.0231936417237265,0.0132886311773755,0.011927205932167,6.6677100678691,8.31573454635316,0.85539410879346,2.57135253850046,0.264500931243726,3.540825070392,3.03887451200241,0.566010619071537,-0.0640600606819553,9.72470970158481,11.4268454210179,1.06858015491797,0.225551432685791,0.151847134320908,0.0127451755627409,0.919631376505664,2.9890462444886,0.616153022258795,0.299579789809805,0.551778825903398,0.229907844126416,0.207426310972543,0.438053605030681,1.00155565180857,1.00025188447504,1.00130343901748,0.514669385833361,0.0521753417840538,0.43315527238081,1.05115832810599,1.04826360412531,0.858239097267923,0.159852748391897,-0.01809184565982,1.93588496224279e-15,0.965571111871347,0.0197963100292335,0.67,0.1,1.025,0.5,0.6,0.25,0.4,0.005,0.975,0.8,1.19718218961307,0.851135927429175,0.478872875845278,0.244275842322056,0.295038209966646,0.520717274076021,-1.22778420785609,1.09975575515346,7.01567014364027
438,-0.00472449305966559,0.841618491994501,0.101376423817342,-0.00472471523653173,-0.00472471523653162,-0.00472420230978965,0.0231936417237265,0.0132886311773755,0.011927205932167,6.6677100678691,8.31573454635316,0.85539410879346,2.57135253850046,0.264500931243726,3.540825070392,3.03887451200241,0.566010619071537,-0.0640600606819553,9.72470970158481,11.4268454210179,1.06858015491797,0.225551432685791,0.151847134320908,0.0127451755627409,0.919631376505664,2.9890462444886,0.616153022258795,0.299579789809805,0.551778825903398,0.229907844126416,0.207426310972543,0.438053605030681,1.00155565180857,1.00025188447504,1.00130343901748,0.514669385833361,0.0521753417840538,0.43315527238081,1.05115832810599,1.04826360412531,0.858239097267923,0.159852748391897,-0.01809184565982,1.93588496224279e-15,0.965571111871347,0.0197963100292335,0.67,0.1,1.025,0.5,0.6,0.25,0.4,0.005,0.975,0.8,1.19718218961307,0.851135927429175,0.478872875845278,0.244275842322056,0.295038209966646,0.520717274076021,-1.22778420785609,1.09975575515346,7.01567014364027
439,-0.00472449305966559,0.841618491994501,0.101376423817342,-0.00472471523653173,-0.00472471523653162,-0.00472420230978965,0.0231936417237265,0.0132886311773755,0.011927205932167,6.6677100678691,8.31573454635316,0.85539410879346,2.57135253850046,0.264500931243726,3.540825070392,3.03887451200241,0.566010619071537,-0.0640600606819553,9.72470970158481,11.4268454210179,1.06858015491797,0.225551432685791,0.151847134320908,0.0127451755627409,0.919631376505664,2.9890462444886,0.616153022258795,0.299579789809805,0.551778825903398,0.229907844126416,0.207426310972543,0.438053605030681,1.00155565180857,1.00025188447504,1.00130343901748,0.514669385833361,0.0521753417840538,0.43315527238081,1.05115832810599,1.04826360412531,0.858239097267923,0.159852748391897,-0.01809184565982,1.93588496224279e-15,0.965571111871347,0.0197963100292335,0.67,0.1,1.025,0.5,0.6,0.25,0.4,0.005,0.975,0.8,1.19718218961307,0.851135927429175,0.478872875845278,0.244275842322056,0.295038209966646,0.520717274076021,-1.22778420785609,1.09975575515346,7.01567014364027
440,-0.00472449305966559,0.841618491994501,0.101376423817342,-0.00472471523653173,-0.00472471523653162,-0.00472420230978965,0.0231936417237265,0.0132886311773755,0.011927205932167,6.6677100678691,8.31573454635316,0.85539410879346,2.57135253850046,0.264500931243726,3.540825070392,3.03887451200241,0.566010619071537,-0.0640600606819553,9.72470970158481,11.4268454210179,1.06858015491797,0.225551432685791,0.151847134320908,0.0127451755627409,0.919631376505664,2.9890462444886,0.616153022258795,0.299579789809805,0.551778825903398,0.229907844126416,0.207426310972543,0.438053605030681,1.00155565180857,1.00025188447504,1.00130343901748,0.514669385833361,0.0521753417840538,0.43315527238081,1.05115832810599,1.04826360412531,0.858239097267923,0.159852748391897,-0.01809184565982,1.93588496224279e-15,0.965571111871347,0.0197963100292335,0.67,0.1,1.025,0.5,0.6,0.25,0.4,0.005,0.975,0.8,1.19718218961307,0.851135927429175,0.478872875845278,0.244275842322056,0.295038209966646,0.520717274076021,-1.22778420785609,1.09975575515346,7.01567014364027
441,-0.00472449305966559,0.841618491994501,0.101376423817342,-0.00472471523653173,-0.00472471523653162,-0.00472420230978965,0.0231936417237265,0.0132886311773755,0.011927205932167,6.6677100678691,8.31573454635316,0.85539410879346,2.57135253850046,0.264500931243726,3.540825070392,3.03887451200241,0.566010619071537,-0.0640600606819553,9.72470970158481,11.4268454210179,1.06858015491797,0.225551432685791,0.151847134320908,0.0127451755627409,0.919631376505664,2.9890462444886,0.616153022258795,0.299579789809805,0.551778825903398,0.229907844126416,0.207426310972543,0.438053605030681,1.00155565180857,1.00025188447504,1.00130343901748,0.514669385833361,0.0521753417840538,0.43315527238081,1.05115832810599,1.04826360412531,0.858239097267923,0.159852748391897,-0.01809184565982,1.93588496224279e-15,0.965571111871347,0.0197963100292335,0.67,0.1,1.025,0.5,0.6,0.25,0.4,0.005,0.975,0.8,1.19718218961307,0.851135927429175,0.478872875845278,0.244275842322056,0.295038209966646,0.520717274076021,-1.22778420785609,1.09975575515346,7.01567014364027
442,-0.00472449305966559,0.841618491994501,0.101376423817342,-0.00472471523653173,-0.00472471523653162,-0.00472420230978965,0.0231936417237265,0.0132886311773755,0.011927205932167,6.6677100678691,8.31573454635316,0.85539410879346,2.57135253850046,0.264500931243726,3.540825070392,3.03887451200241,0.566010619071537,-0.0640600606819553,9.72470970158481,11.4268454210179,1.06858015491797,0.225551432685791,0.151847134320908,0.0127451755627409,0.919631376505664,2.9890462444886,0.616153022258795,0.299579789809805,0.551778825903398,0.229907844126416,0.207426310972543,0.438053605030681,1.00155565180857,1.00025188447504,1.00130343901748,0.514669385833361,0.0521753417840538,0.43315527238081,1.05115832810599,1.04826360412531,0.858239097267923,0.159852748391897,-0.01809184565982,1.93588496224279e-15,0.965571111871347,0.0197963100292335,0.67,0.1,1.025,0.5,0.6,0.25,0.4,0.005,0.975,0.8,1.19718218961307,0.851135927429175,0.478872875845278,0.244275842322056,0.295038209966646,0.520717274076021,-1.22778420785609,1.09975575515346,7.01567014364027
443,-0.00472449305966559,0.841618491994501,0.101376423817342,-0.00472471523653173,-0.00472471523653162,-0.00472420230978965,0.0231936417237265,0.0132886311773755,0.011927205932167,6.6677100678691,8.31573454635316,0.85539410879346,2.57135253850046,0.264500931243726,3.540825070392,3.03887451200241,0.566010619071537,-0.0640600606819553,9.72470970158481,11.4268454210179,1.06858015491797,0.225551432685791,0.151847134320908,0.0127451755627409,0.919631376505664,2.9890462444886,0.616153022258795,0.299579789809805,0.551778825903398,0.229907844126416,0.207426310972543,0.438053605030681,1.00155565180857,1.00025188447504,1.00130343901748,0.514669385833361,0.0521753417840538,0.43315527238081,1.05115832810599,1.04826360412531,0.858239097267923,0.159852748391897,-0.01809184565982,1.93588496224279e-15,0.965571111871347,0.0197963100292335,0.67,0.1,1.025,0.5,0.6,0.25,0.4,0.005,0.975,0.8,1.19718218961307,0.851135927429175,0.478872875845278,0.244275842322056,0.295038209966646,0.520717274076021,-1.22778420785609,1.09975575515346,7.01567014364027
444,-0.00472449305966559,0.841618491994501,0.101376423817342,-0.00472471523653173,-0.00472471523653162,-0.00472420230978965,0.0231936417237265,0.0132886311773755,0.011927205932167,6.6677100678691,8.31573454635316,0.85539410879346,2.57135253850046,0.264500931243726,3.540825070392,3.03887451200241,0.566010619071537,-0.0640600606819553,9.72470970158481,11.4268454210179,1.06858015491797,0.225551432685791,0.151847134320908,0.0127451755627409,0.919631376505664,2.9890462444886,0.616153022258795,0.299579789809805,0.551778825903398,0.229907844126416,0.207426310972543,0.438053605030681,1.00155565180857,1.00025188447504,1.00130343901748,0.514669385833361,0.0521753417840538,0.43315527238081,1.05115832810599,1.04826360412531,0.858239097267923,0.159852748391897,-0.01809184565982,1.93588496224279e-15,0.965571111871347,0.0197963100292335,0.67,0.1,1.025,0.5,0.6,0.25,0.4,0.005,0.975,0.8,1.19718218961307,0.851135927429175,0.478872875845278,0.244275842322056,0.295038209966646,0.520717274076021,-1.22778420785609,1.09975575515346,7.01567014364027
445,-0.00472449305966559,0.841618491994501,0.101376423817342,-0.00472471523653173,-0.00472471523653162,-0.00472420230978965,0.0231936417237265,0.0132886311773755,0.011927205932167,6.6677100678691,8.31573454635316,0.85539410879346,2.57135253850046,0.264500931243726,3.540825070392,3.03887451200241,0.566010619071537,-0.0640600606819553,9.72470970158481,11.4268454210179,1.06858015491797,0.225551432685791,0.151847134320908,0.0127451755627409,0.919631376505664,2.9890462444886,0.616153022258795,0.299579789809805,0.551778825903398,0.229907844126416,0.207426310972543,0.438053605030681,1.00155565180857,1.00025188447504,1.00130343901748,0.514669385833361,0.0521753417840538,0.43315527238081,1.05115832810599,1.04826360412531,0.858239097267923,0.159852748391897,-0.01809184565982,1.93588496224279e-15,0.965571111871347,0.0197963100292335,0.67,0.1,1.025,0.5,0.6,0.25,0.4,0.005,0.975,0.8,1.19718218961307,0.851135927429175,0.478872875845278,0.244275842322056,0.295038209966646,0.520717274076021,-1.22778420785609,1.09975575515346,7.01567014364027
446,-0.00472449305966559,0.841618491994501,0.101376423817342,-0.00472471523653173,-0.00472471523653162,-0.00472420230978965,0.0231936417237265,0.0132886311773755,0.011927205932167,6.6677100678691,8.31573454635316,0.85539410879346,2.57135253850046,0.264500931243726,3.540825070392,3.03887451200241,0.566010619071537,-0.0640600606819553,9.72470970158481,11.4268454210179,1.06858015491797,0.225551432685791,0.151847134320908,0.0127451755627409,0.919631376505664,2.9890462444886,0.616153022258795,0.299579789809805,0.551778825903398,0.229907844126416,0.207426310972543,0.438053605030681,1.00155565180857,1.00025188447504,1.00130343901748,0.514669385833361,0.0521753417840538,0.43315527238081,1.05115832810599,1.04826360412531,0.858239097267923,0.159852748391897,-0.01809184565982,1.93588496224279e-15,0.965571111871347,0.0197963100292335,0.67,0.1,1.025,0.5,0.6,0.25,0.4,0.005,0.975,0.8,1.19718218961307,0.851135927429175,0.478872875845278,0.244275842322056,0.295038209966646,0.520717274076021,-1.22778420785609,1.09975575515346,7.01567014364027
447,-0.00472449305966559,0.841618491994501,0.101376423817342,-0.00472471523653173,-0.00472471523653162,-0.00472420230978965,0.0231936417237265,0.0132886311773755,0.011927205932167,6.6677100678691,8.31573454635316,0.85539410879346,2.57135253850046,0.264500931243726,3.540825070392,3.03887451200241,0.566010619071537,-0.0640600606819553,9.72470970158481,11.4268454210179,1.06858015491797,0.225551432685791,0.151847134320908,0.0127451755627409,0.919631376505664,2.9890462444886,0.616153022258795,0.299579789809805,0.551778825903398,0.229907844126416,0.207426310972543,0.438053605030681,1.00155565180857,1.00025188447504,1.00130343901748,0.514669385833361,0.0521753417840538,0.43315527238081,1.05115832810599,1.04826360412531,0.858239097267923,0.159852748391897,-0.01809184565982,1.93588496224279e-15,0.965571111871347,0.0197963100292335,0.67,0.1,1.025,0.5,0.6,0.25,0.4,0.005,0.975,0.8,1.19718218961307,0.851135927429175,0.478872875845278,0.244275842322056,0.295038209966646,0.520717274076021,-1.22778420785609,1.09975575515346,7.01567014364027
448,-0.00472449305966559,0.841618491994501,0.101376423817342,-0.00472471523653173,-0.00472471523653162,-0.00472420230978965,0.0231936417237265,0.0132886311773755,0.011927205932167,6.6677100678691,8.31573454635316,0.85539410879346,2.57135253850046,0.264500931243726,3.540825070392,3.03887451200241,0.566010619071537,-0.0640600606819553,9.72470970158481,11.4268454210179,1.06858015491797,0.225551432685791,0.151847134320908,0.0127451755627409,0.919631376505664,2.9890462444886,0.616153022258795,0.299579789809805,0.551778825903398,0.229907844126416,0.207426310972543,0.438053605030681,1.00155565180857,1.00025188447504,1.00130343901748,0.514669385833361,0.0521753417840538,0.43315527238081,1.05115832810599,1.04826360412531,0.858239097267923,0.159852748391897,-0.01809184565982,1.93588496224279e-15,0.965571111871347,0.0197963100292335,0.67,0.1,1.025,0.5,0.6,0.25,0.4,0.005,0.975,0.8,1.19718218961307,0.851135927429175,0.478872875845278,0.244275842322056,0.295038209966646,0.520717274076021,-1.22778420785609,1.09975575515346,7.01567014364027
449,-0.00472449305966559,0.841618491994501,0.101376423817342,-0.00472471523653173,-0.00472471523653162,-0.00472420230978965,0.0231936417237265,0.0132886311773755,0.011927205932167,6.6677100678691,8.31573454635316,0.85539410879346,2.57135253850046,0.264500931243726,3.540825070392,3.03887451200241,0.566010619071537,-0.0640600606819553,9.72470970158481,11.4268454210179,1.06858015491797,0.225551432685791,0.151847134320908,0.0127451755627409,0.919631376505664,2.9890462444886,0.616153022258795,0.299579789809805,0.551778825903398,0.229907844126416,0.207426310972543,0.438053605030681,1.00155565180857,1.00025188447504,1.00130343901748,0.514669385833361,0.0521753417840538,0.43315527238081,1.05115832810599,1.04826360412531,0.858239097267923,0.159852748391897,-0.01809184565982,1.93588496224279e-15,0.965571111871347,0.0197963100292335,0.67,0.1,1.025,0.5,0.6,0.25,0.4,0.005,0.975,0.8,1.19718218961307,0.851135927429175,0.478872875845278,0.244275842322056,0.295038209966646,0.520717274076021,-1.22778420785609,1.09975575515346,7.01567014364027
450,-0.00472449305966559,0.841618491994501,0.101376423817342,-0.00472471523653173,-0.00472471523653162,-0.00472420230978965,0.0231936417237265,0.0132886311773755,0.011927205932167,6.6677100678691,8.31573454635316,0.85539410879346,2.57135253850046,0.264500931243726,3.540825070392,3.03887451200241,0.566010619071537,-0.0640600606819553,9.72470970158481,11.4268454210179,1.06858015491797,0.225551432685791,0.151847134320908,0.0127451755627409,0.919631376505664,2.9890462444886,0.616153022258795,0.299579789809805,0.551778825903398,0.229907844126416,0.207426310972543,0.438053605030681,1.00155565180857,1.00025188447504,1.00130343901748,0.514669385833361,0.0521753417840538,0.43315527238081,1.05115832810599,1.04826360412531,0.858239097267923,0.159852748391897,-0.01809184565982,1.93588496224279e-15,0.965571111871347,0.0197963100292335,0.67,0.1,1.025,0.5,0.6,0.25,0.4,0.005,0.975,0.8,1.19718218961307,0.851135927429175,0.478872875845278,0.244275842322056,0.295038209966646,0.520717274076021,-1.22778420785609,1.09975575515346,7.01567014364027
451,-0.00472449305966559,0.841618491994501,0.101376423817342,-0.00472471523653173,-0.00472471523653162,-0.00472420230978965,0.0231936417237265,0.0132886311773755,0.011927205932167,6.6677100678691,8.31573454635316,0.85539410879346,2.57135253850046,0.264500931243726,3.540825070392,3.03887451200241,0.566010619071537,-0.0640600606819553,9.72470970158481,11.4268454210179,1.06858015491797,0.225551432685791,0.151847134320908,0.0127451755627409,0.919631376505664,2.9890462444886,0.616153022258795,0.299579789809805,0.551778825903398,0.229907844126416,0.207426310972543,0.438053605030681,1.00155565180857,1.00025188447504,1.00130343901748,0.514669385833361,0.0521753417840538,0.43315527238081,1.05115832810599,1.04826360412531,0.858239097267923,0.159852748391897,-0.01809184565982,1.93588496224279e-15,0.965571111871347,0.0197963100292335,0.67,0.1,1.025,0.5,0.6,0.25,0.4,0.005,0.975,0.8,1.19718218961307,0.851135927429175,0.478872875845278,0.244275842322056,0.295038209966646,0.520717274076021,-1.22778420785609,1.09975575515346,7.01567014364027
452,-0.00472449305966559,0.841618491994501,0.101376423817342,-0.00472471523653173,-0.00472471523653162,-0.00472420230978965,0.0231936417237265,0.0132886311773755,0.011927205932167,6.6677100678691,8.31573454635316,0.85539410879346,2.57135253850046,0.264500931243726,3.540825070392,3.03887451200241,0.566010619071537,-0.0640600606819553,9.72470970158481,11.4268454210179,1.06858015491797,0.225551432685791,0.151847134320908,0.0127451755627409,0.919631376505664,2.9890462444886,0.616153022258795,0.299579789809805,0.551778825903398,0.229907844126416,0.207426310972543,0.438053605030681,1.00155565180857,1.00025188447504,1.00130343901748,0.514669385833361,0.0521753417840538,0.43315527238081,1.05115832810599,1.04826360412531,0.858239097267923,0.159852748391897,-0.01809184565982,1.93588496224279e-15,0.965571111871347,0.0197963100292335,0.67,0.1,1.025,0.5,0.6,0.25,0.4,0.005,0.975,0.8,1.19718218961307,0.851135927429175,0.478872875845278,0.244275842322056,0.295038209966646,0.520717274076021,-1.22778420785609,1.09975575515346,7.01567014364027
453,-0.00472449305966559,0.841618491994501,0.101376423817342,-0.00472471523653173,-0.00472471523653162,-0.00472420230978965,0.0231936417237265,0.0132886311773755,0.011927205932167,6.6677100678691,8.31573454635316,0.85539410879346,2.57135253850046,0.264500931243726,3.540825070392,3.03887451200241,0.566010619071537,-0.0640600606819553,9.72470970158481,11.4268454210179,1.06858015491797,0.225551432685791,0.151847134320908,0.0127451755627409,0.919631376505664,2.9890462444886,0.616153022258795,0.299579789809805,0.551778825903398,0.229907844126416,0.207426310972543,0.438053605030681,1.00155565180857,1.00025188447504,1.00130343901748,0.514669385833361,0.0521753417840538,0.43315527238081,1.05115832810599,1.04826360412531,0.858239097267923,0.159852748391897,-0.01809184565982,1.93588496224279e-15,0.965571111871347,0.0197963100292335,0.67,0.1,1.025,0.5,0.6,0.25,0.4,0.005,0.975,0.8,1.19718218961307,0.851135927429175,0.478872875845278,0.244275842322056,0.295038209966646,0.520717274076021,-1.22778420785609,1.09975575515346,7.01567014364027
454,-0.00472449305966559,0.841618491994501,0.101376423817342,-0.00472471523653173,-0.00472471523653162,-0.00472420230978965,0.0231936417237265,0.0132886311773755,0.011927205932167,6.6677100678691,8.31573454635316,0.85539410879346,2.57135253850046,0.264500931243726,3.540825070392,3.03887451200241,0.566010619071537,-0.0640600606819553,9.72470970158481,11.4268454210179,1.06858015491797,0.225551432685791,0.151847134320908,0.0127451755627409,0.919631376505664,2.9890462444886,0.616153022258795,0.299579789809805,0.551778825903398,0.229907844126416,0.207426310972543,0.438053605030681,1.00155565180857,1.00025188447504,1.00130343901748,0.514669385833361,0.0521753417840538,0.43315527238081,1.05115832810599,1.04826360412531,0.858239097267923,0.159852748391897,-0.01809184565982,1.93588496224279e-15,0.965571111871347,0.0197963100292335,0.67,0.1,1.025,0.5,0.6,0.25,0.4,0.005,0.975,0.8,1.19718218961307,0.851135927429175,0.478872875845278,0.244275842322056,0.295038209966646,0.520717274076021,-1.22778420785609,1.09975575515346,7.01567014364027
455,-0.00472449305966559,0.841618491994501,0.101376423817342,-0.00472471523653173,-0.00472471523653162,-0.00472420230978965,0.0231936417237265,0.0132886311773755,0.011927205932167,6.6677100678691,8.31573454635316,0.85539410879346,2.57135253850046,0.264500931243726,3.540825070392,3.03887451200241,0.566010619071537,-0.0640600606819553,9.72470970158481,11.4268454210179,1.06858015491797,0.225551432685791,0.151847134320908,0.0127451755627409,0.919631376505664,2.9890462444886,0.616153022258795,0.299579789809805,0.551778825903398,0.229907844126416,0.207426310972543,0.438053605030681,1.00155565180857,1.00025188447504,1.00130343901748,0.514669385833361,0.0521753417840538,0.43315527238081,1.05115832810599,1.04826360412531,0.858239097267923,0.159852748391897,-0.01809184565982,1.93588496224279e-15,0.965571111871347,0.0197963100292335,0.67,0.1,1.025,0.5,0.6,0.25,0.4,0.005,0.975,0.8,1.19718218961307,0.851135927429175,0.478872875845278,0.244275842322056,0.295038209966646,0.520717274076021,-1.22778420785609,1.09975575515346,7.01567014364027
456,-0.00472449305966559,0.841618491994501,0.101376423817342,-0.00472471523653173,-0.00472471523653162,-0.00472420230978965,0.0231936417237265,0.0132886311773755,0.011927205932167,6.6677100678691,8.31573454635316,0.85539410879346,2.57135253850046,0.264500931243726,3.540825070392,3.03887451200241,0.566010619071537,-0.0640600606819553,9.72470970158481,11.4268454210179,1.06858015491797,0.225551432685791,0.151847134320908,0.0127451755627409,0.919631376505664,2.9890462444886,0.616153022258795,0.299579789809805,0.551778825903398,0.229907844126416,0.207426310972543,0.438053605030681,1.00155565180857,1.00025188447504,1.00130343901748,0.514669385833361,0.0521753417840538,0.43315527238081,1.05115832810599,1.04826360412531,0.858239097267923,0.159852748391897,-0.01809184565982,1.93588496224279e-15,0.965571111871347,0.0197963100292335,0.67,0.1,1.025,0.5,0.6,0.25,0.4,0.005,0.975,0.8,1.19718218961307,0.851135927429175,0.478872875845278,0.244275842322056,0.295038209966646,0.520717274076021,-1.22778420785609,1.09975575515346,7.01567014364027
457,-0.00472449305966559,0.841618491994501,0.101376423817342,-0.00472471523653173,-0.00472471523653162,-0.00472420230978965,0.0231936417237265,0.0132886311773755,0.011927205932167,6.6677100678691,8.31573454635316,0.85539410879346,2.57135253850046,0.264500931243726,3.540825070392,3.03887451200241,0.566010619071537,-0.0640600606819553,9.72470970158481,11.4268454210179,1.06858015491797,0.225551432685791,0.151847134320908,0.0127451755627409,0.919631376505664,2.9890462444886,0.616153022258795,0.299579789809805,0.551778825903398,0.229907844126416,0.207426310972543,0.438053605030681,1.00155565180857,1.00025188447504,1.00130343901748,0.514669385833361,0.0521753417840538,0.43315527238081,1.05115832810599,1.04826360412531,0.858239097267923,0.159852748391897,-0.01809184565982,1.93588496224279e-15,0.965571111871347,0.0197963100292335,0.67,0.1,1.025,0.5,0.6,0.25,0.4,0.005,0.975,0.8,1.19718218961307,0.851135927429175,0.478872875845278,0.244275842322056,0.295038209966646,0.520717274076021,-1.22778420785609,1.09975575515346,7.01567014364027
458,-0.00472449305966559,0.841618491994501,0.101376423817342,-0.00472471523653173,-0.00472471523653162,-0.00472420230978965,0.0231936417237265,0.0132886311773755,0.011927205932167,6.6677100678691,8.31573454635316,0.85539410879346,2.57135253850046,0.264500931243726,3.540825070392,3.03887451200241,0.566010619071537,-0.0640600606819553,9.72470970158481,11.4268454210179,1.06858015491797,0.225551432685791,0.151847134320908,0.0127451755627409,0.919631376505664,2.9890462444886,0.616153022258795,0.299579789809805,0.551778825903398,0.229907844126416,0.207426310972543,0.438053605030681,1.00155565180857,1.00025188447504,1.00130343901748,0.514669385833361,0.0521753417840538,0.43315527238081,1.05115832810599,1.04826360412531,0.858239097267923,0.159852748391897,-0.01809184565982,1.93588496224279e-15,0.965571111871347,0.0197963100292335,0.67,0.1,1.025,0.5,0.6,0.25,0.4,0.005,0.975,0.8,1.19718218961307,0.851135927429175,0.478872875845278,0.244275842322056,0.295038209966646,0.520717274076021,-1.22778420785609,1.09975575515346,7.01567014364027
459,-0.00472449305966559,0.841618491994501,0.101376423817342,-0.00472471523653173,-0.00472471523653162,-0.00472420230978965,0.0231936417237265,0.0132886311773755,0.011927205932167,6.6677100678691,8.31573454635316,0.85539410879346,2.57135253850046,0.264500931243726,3.540825070392,3.03887451200241,0.566010619071537,-0.0640600606819553,9.72470970158481,11.4268454210179,1.06858015491797,0.225551432685791,0.151847134320908,0.0127451755627409,0.919631376505664,2.9890462444886,0.616153022258795,0.299579789809805,0.551778825903398,0.229907844126416,0.207426310972543,0.438053605030681,1.00155565180857,1.00025188447504,1.00130343901748,0.514669385833361,0.0521753417840538,0.43315527238081,1.05115832810599,1.04826360412531,0.858239097267923,0.159852748391897,-0.01809184565982,1.93588496224279e-15,0.965571111871347,0.0197963100292335,0.67,0.1,1.025,0.5,0.6,0.25,0.4,0.005,0.975,0.8,1.19718218961307,0.851135927429175,0.478872875845278,0.244275842322056,0.295038209966646,0.520717274076021,-1.22778420785609,1.09975575515346,7.01567014364027
460,-0.00472449305966559,0.841618491994501,0.101376423817342,-0.00472471523653173,-0.00472471523653162,-0.00472420230978965,0.0231936417237265,0.0132886311773755,0.011927205932167,6.6677100678691,8.31573454635316,0.85539410879346,2.57135253850046,0.264500931243726,3.540825070392,3.03887451200241,0.566010619071537,-0.0640600606819553,9.72470970158481,11.4268454210179,1.06858015491797,0.225551432685791,0.151847134320908,0.0127451755627409,0.919631376505664,2.9890462444886,0.616153022258795,0.299579789809805,0.551778825903398,0.229907844126416,0.207426310972543,0.438053605030681,1.00155565180857,1.00025188447504,1.00130343901748,0.514669385833361,0.0521753417840538,0.43315527238081,1.05115832810599,1.04826360412531,0.858239097267923,0.159852748391897,-0.01809184565982,1.93588496224279e-15,0.965571111871347,0.0197963100292335,0.67,0.1,1.025,0.5,0.6,0.25,0.4,0.005,0.975,0.8,1.19718218961307,0.851135927429175,0.478872875845278,0.244275842322056,0.295038209966646,0.520717274076021,-1.22778420785609,1.09975575515346,7.01567014364027
461,-0.00472449305966559,0.841618491994501,0.101376423817342,-0.00472471523653173,-0.00472471523653162,-0.00472420230978965,0.0231936417237265,0.0132886311773755,0.011927205932167,6.6677100678691,8.31573454635316,0.85539410879346,2.57135253850046,0.264500931243726,3.540825070392,3.03887451200241,0.566010619071537,-0.0640600606819553,9.72470970158481,11.4268454210179,1.06858015491797,0.225551432685791,0.151847134320908,0.0127451755627409,0.919631376505664,2.9890462444886,0.616153022258795,0.299579789809805,0.551778825903398,0.229907844126416,0.207426310972543,0.438053605030681,1.00155565180857,1.00025188447504,1.00130343901748,0.514669385833361,0.0521753417840538,0.43315527238081,1.05115832810599,1.04826360412531,0.858239097267923,0.159852748391897,-0.01809184565982,1.93588496224279e-15,0.965571111871347,0.0197963100292335,0.67,0.1,1.025,0.5,0.6,0.25,0.4,0.005,0.975,0.8,1.19718218961307,0.851135927429175,0.478872875845278,0.244275842322056,0.295038209966646,0.520717274076021,-1.22778420785609,1.09975575515346,7.01567014364027
462,-0.00472449305966559,0.841618491994501,0.101376423817342,-0.00472471523653173,-0.00472471523653162,-0.00472420230978965,0.0231936417237265,0.0132886311773755,0.011927205932167,6.6677100678691,8.31573454635316,0.85539410879346,2.57135253850046,0.264500931243726,3.540825070392,3.03887451200241,0.566010619071537,-0.0640600606819553,9.72470970158481,11.4268454210179,1.06858015491797,0.225551432685791,0.151847134320908,0.0127451755627409,0.919631376505664,2.9890462444886,0.616153022258795,0.299579789809805,0.551778825903398,0.229907844126416,0.207426310972543,0.438053605030681,1.00155565180857,1.00025188447504,1.00130343901748,0.514669385833361,0.0521753417840538,0.43315527238081,1.05115832810599,1.04826360412531,0.858239097267923,0.159852748391897,-0.01809184565982,1.93588496224279e-15,0.965571111871347,0.0197963100292335,0.67,0.1,1.025,0.5,0.6,0.25,0.4,0.005,0.975,0.8,1.19718218961307,0.851135927429175,0.478872875845278,0.244275842322056,0.295038209966646,0.520717274076021,-1.22778420785609,1.09975575515346,7.01567014364027
463,-0.00472449305966559,0.841618491994501,0.101376423817342,-0.00472471523653173,-0.00472471523653162,-0.00472420230978965,0.0231936417237265,0.0132886311773755,0.011927205932167,6.6677100678691,8.31573454635316,0.85539410879346,2.57135253850046,0.264500931243726,3.540825070392,3.03887451200241,0.566010619071537,-0.0640600606819553,9.72470970158481,11.4268454210179,1.06858015491797,0.225551432685791,0.151847134320908,0.0127451755627409,0.919631376505664,2.9890462444886,0.616153022258795,0.299579789809805,0.551778825903398,0.229907844126416,0.207426310972543,0.438053605030681,1.00155565180857,1.00025188447504,1.00130343901748,0.514669385833361,0.0521753417840538,0.43315527238081,1.05115832810599,1.04826360412531,0.858239097267923,0.159852748391897,-0.01809184565982,1.93588496224279e-15,0.965571111871347,0.0197963100292335,0.67,0.1,1.025,0.5,0.6,0.25,0.4,0.005,0.975,0.8,1.19718218961307,0.851135927429175,0.478872875845278,0.244275842322056,0.295038209966646,0.520717274076021,-1.22778420785609,1.09975575515346,7.01567014364027
464,-0.00472449305966559,0.841618491994501,0.101376423817342,-0.00472471523653173,-0.00472471523653162,-0.00472420230978965,0.0231936417237265,0.0132886311773755,0.011927205932167,6.6677100678691,8.31573454635316,0.85539410879346,2.57135253850046,0.264500931243726,3.540825070392,3.03887451200241,0.566010619071537,-0.0640600606819553,9.72470970158481,11.4268454210179,1.06858015491797,0.225551432685791,0.151847134320908,0.0127451755627409,0.919631376505664,2.9890462444886,0.616153022258795,0.299579789809805,0.551778825903398,0.229907844126416,0.207426310972543,0.438053605030681,1.00155565180857,1.00025188447504,1.00130343901748,0.514669385833361,0.0521753417840538,0.43315527238081,1.05115832810599,1.04826360412531,0.858239097267923,0.159852748391897,-0.01809184565982,1.93588496224279e-15,0.965571111871347,0.0197963100292335,0.67,0.1,1.025,0.5,0.6,0.25,0.4,0.005,0.975,0.8,1.19718218961307,0.851135927429175,0.478872875845278,0.244275842322056,0.295038209966646,0.520717274076021,-1.22778420785609,1.09975575515346,7.01567014364027
465,-0.00472449305966559,0.841618491994501,0.101376423817342,-0.00472471523653173,-0.00472471523653162,-0.00472420230978965,0.0231936417237265,0.0132886311773755,0.011927205932167,6.6677100678691,8.31573454635316,0.85539410879346,2.57135253850046,0.264500931243726,3.540825070392,3.03887451200241,0.566010619071537,-0.0640600606819553,9.72470970158481,11.4268454210179,1.06858015491797,0.225551432685791,0.151847134320908,0.0127451755627409,0.919631376505664,2.9890462444886,0.616153022258795,0.299579789809805,0.551778825903398,0.229907844126416,0.207426310972543,0.438053605030681,1.00155565180857,1.00025188447504,1.00130343901748,0.514669385833361,0.0521753417840538,0.43315527238081,1.05115832810599,1.04826360412531,0.858239097267923,0.159852748391897,-0.01809184565982,1.93588496224279e-15,0.965571111871347,0.0197963100292335,0.67,0.1,1.025,0.5,0.6,0.25,0.4,0.005,0.975,0.8,1.19718218961307,0.851135927429175,0.478872875845278,0.244275842322056,0.295038209966646,0.520717274076021,-1.22778420785609,1.09975575515346,7.01567014364027
466,-0.00472449305966559,0.841618491994501,0.101376423817342,-0.00472471523653173,-0.00472471523653162,-0.00472420230978965,0.0231936417237265,0.0132886311773755,0.011927205932167,6.6677100678691,8.31573454635316,0.85539410879346,2.57135253850046,0.264500931243726,3.540825070392,3.03887451200241,0.566010619071537,-0.0640600606819553,9.72470970158481,11.4268454210179,1.06858015491797,0.225551432685791,0.151847134320908,0.0127451755627409,0.919631376505664,2.9890462444886,0.616153022258795,0.299579789809805,0.551778825903398,0.229907844126416,0.207426310972543,0.438053605030681,1.00155565180857,1.00025188447504,1.00130343901748,0.514669385833361,0.0521753417840538,0.43315527238081,1.05115832810599,1.04826360412531,0.858239097267923,0.159852748391897,-0.01809184565982,1.93588496224279e-15,0.965571111871347,0.0197963100292335,0.67,0.1,1.025,0.5,0.6,0.25,0.4,0.005,0.975,0.8,1.19718218961307,0.851135927429175,0.478872875845278,0.244275842322056,0.295038209966646,0.520717274076021,-1.22778420785609,1.09975575515346,7.01567014364027
467,-0.00472449305966559,0.841618491994501,0.101376423817342,-0.00472471523653173,-0.00472471523653162,-0.00472420230978965,0.0231936417237265,0.0132886311773755,0.011927205932167,6.6677100678691,8.31573454635316,0.85539410879346,2.57135253850046,0.264500931243726,3.540825070392,3.03887451200241,0.566010619071537,-0.0640600606819553,9.72470970158481,11.4268454210179,1.06858015491797,0.225551432685791,0.151847134320908,0.0127451755627409,0.919631376505664,2.9890462444886,0.616153022258795,0.299579789809805,0.551778825903398,0.229907844126416,0.207426310972543,0.438053605030681,1.00155565180857,1.00025188447504,1.00130343901748,0.514669385833361,0.0521753417840538,0.43315527238081,1.05115832810599,1.04826360412531,0.858239097267923,0.159852748391897,-0.01809184565982,1.93588496224279e-15,0.965571111871347,0.0197963100292335,0.67,0.1,1.025,0.5,0.6,0.25,0.4,0.005,0.975,0.8,1.19718218961307,0.851135927429175,0.478872875845278,0.244275842322056,0.295038209966646,0.520717274076021,-1.22778420785609,1.09975575515346,7.01567014364027
468,-0.00472449305966559,0.841618491994501,0.101376423817342,-0.00472471523653173,-0.00472471523653162,-0.00472420230978965,0.0231936417237265,0.0132886311773755,0.011927205932167,6.6677100678691,8.31573454635316,0.85539410879346,2.57135253850046,0.264500931243726,3.540825070392,3.03887451200241,0.566010619071537,-0.0640600606819553,9.72470970158481,11.4268454210179,1.06858015491797,0.225551432685791,0.151847134320908,0.0127451755627409,0.919631376505664,2.9890462444886,0.616153022258795,0.299579789809805,0.551778825903398,0.229907844126416,0.207426310972543,0.438053605030681,1.00155565180857,1.00025188447504,1.00130343901748,0.514669385833361,0.0521753417840538,0.43315527238081,1.05115832810599,1.04826360412531,0.858239097267923,0.159852748391897,-0.01809184565982,1.93588496224279e-15,0.965571111871347,0.0197963100292335,0.67,0.1,1.025,0.5,0.6,0.25,0.4,0.005,0.975,0.8,1.19718218961307,0.851135927429175,0.478872875845278,0.244275842322056,0.295038209966646,0.520717274076021,-1.22778420785609,1.09975575515346,7.01567014364027
469,-0.00472449305966559,0.841618491994501,0.101376423817342,-0.00472471523653173,-0.00472471523653162,-0.00472420230978965,0.0231936417237265,0.0132886311773755,0.011927205932167,6.6677100678691,8.31573454635316,0.85539410879346,2.57135253850046,0.264500931243726,3.540825070392,3.03887451200241,0.566010619071537,-0.0640600606819553,9.72470970158481,11.4268454210179,1.06858015491797,0.225551432685791,0.151847134320908,0.0127451755627409,0.919631376505664,2.9890462444886,0.616153022258795,0.299579789809805,0.551778825903398,0.229907844126416,0.207426310972543,0.438053605030681,1.00155565180857,1.00025188447504,1.00130343901748,0.514669385833361,0.0521753417840538,0.43315527238081,1.05115832810599,1.04826360412531,0.858239097267923,0.159852748391897,-0.01809184565982,1.93588496224279e-15,0.965571111871347,0.0197963100292335,0.67,0.1,1.025,0.5,0.6,0.25,0.4,0.005,0.975,0.8,1.19718218961307,0.851135927429175,0.478872875845278,0.244275842322056,0.295038209966646,0.520717274076021,-1.22778420785609,1.09975575515346,7.01567014364027
470,-0.00472449305966559,0.841618491994501,0.101376423817342,-0.00472471523653173,-0.00472471523653162,-0.00472420230978965,0.0231936417237265,0.0132886311773755,0.011927205932167,6.6677100678691,8.31573454635316,0.85539410879346,2.57135253850046,0.264500931243726,3.540825070392,3.03887451200241,0.566010619071537,-0.0640600606819553,9.72470970158481,11.4268454210179,1.06858015491797,0.225551432685791,0.151847134320908,0.0127451755627409,0.919631376505664,2.9890462444886,0.616153022258795,0.299579789809805,0.551778825903398,0.229907844126416,0.207426310972543,0.438053605030681,1.00155565180857,1.00025188447504,1.00130343901748,0.514669385833361,0.0521753417840538,0.43315527238081,1.05115832810599,1.04826360412531,0.858239097267923,0.159852748391897,-0.01809184565982,1.93588496224279e-15,0.965571111871347,0.0197963100292335,0.67,0.1,1.025,0.5,0.6,0.25,0.4,0.005,0.975,0.8,1.19718218961307,0.851135927429175,0.478872875845278,0.244275842322056,0.295038209966646,0.520717274076021,-1.22778420785609,1.09975575515346,7.01567014364027
471,-0.00472449305966559,0.841618491994501,0.101376423817342,-0.00472471523653173,-0.00472471523653162,-0.00472420230978965,0.0231936417237265,0.0132886311773755,0.011927205932167,6.6677100678691,8.31573454635316,0.85539410879346,2.57135253850046,0.264500931243726,3.540825070392,3.03887451200241,0.566010619071537,-0.0640600606819553,9.72470970158481,11.4268454210179,1.06858015491797,0.225551432685791,0.151847134320908,0.0127451755627409,0.919631376505664,2.9890462444886,0.616153022258795,0.299579789809805,0.551778825903398,0.229907844126416,0.207426310972543,0.438053605030681,1.00155565180857,1.00025188447504,1.00130343901748,0.514669385833361,0.0521753417840538,0.43315527238081,1.05115832810599,1.04826360412531,0.858239097267923,0.159852748391897,-0.01809184565982,1.93588496224279e-15,0.965571111871347,0.0197963100292335,0.67,0.1,1.025,0.5,0.6,0.25,0.4,0.005,0.975,0.8,1.19718218961307,0.851135927429175,0.478872875845278,0.244275842322056,0.295038209966646,0.520717274076021,-1.22778420785609,1.09975575515346,7.01567014364027
472,-0.00472449305966559,0.841618491994501,0.101376423817342,-0.00472471523653173,-0.00472471523653162,-0.00472420230978965,0.0231936417237265,0.0132886311773755,0.011927205932167,6.6677100678691,8.31573454635316,0.85539410879346,2.57135253850046,0.264500931243726,3.540825070392,3.03887451200241,0.566010619071537,-0.0640600606819553,9.72470970158481,11.4268454210179,1.06858015491797,0.225551432685791,0.151847134320908,0.0127451755627409,0.919631376505664,2.9890462444886,0.616153022258795,0.299579789809805,0.551778825903398,0.229907844126416,0.207426310972543,0.438053605030681,1.00155565180857,1.00025188447504,1.00130343901748,0.514669385833361,0.0521753417840538,0.43315527238081,1.05115832810599,1.04826360412531,0.858239097267923,0.159852748391897,-0.01809184565982,1.93588496224279e-15,0.965571111871347,0.0197963100292335,0.67,0.1,1.025,0.5,0.6,0.25,0.4,0.005,0.975,0.8,1.19718218961307,0.851135927429175,0.478872875845278,0.244275842322056,0.295038209966646,0.520717274076021,-1.22778420785609,1.09975575515346,7.01567014364027
473,-0.00472449305966559,0.841618491994501,0.101376423817342,-0.00472471523653173,-0.00472471523653162,-0.00472420230978965,0.0231936417237265,0.0132886311773755,0.011927205932167,6.6677100678691,8.31573454635316,0.85539410879346,2.57135253850046,0.264500931243726,3.540825070392,3.03887451200241,0.566010619071537,-0.0640600606819553,9.72470970158481,11.4268454210179,1.06858015491797,0.225551432685791,0.151847134320908,0.0127451755627409,0.919631376505664,2.9890462444886,0.616153022258795,0.299579789809805,0.551778825903398,0.229907844126416,0.207426310972543,0.438053605030681,1.00155565180857,1.00025188447504,1.00130343901748,0.514669385833361,0.0521753417840538,0.43315527238081,1.05115832810599,1.04826360412531,0.858239097267923,0.159852748391897,-0.01809184565982,1.93588496224279e-15,0.965571111871347,0.0197963100292335,0.67,0.1,1.025,0.5,0.6,0.25,0.4,0.005,0.975,0.8,1.19718218961307,0.851135927429175,0.478872875845278,0.244275842322056,0.295038209966646,0.520717274076021,-1.22778420785609,1.09975575515346,7.01567014364027
474,-0.00472449305966559,0.841618491994501,0.101376423817342,-0.00472471523653173,-0.00472471523653162,-0.00472420230978965,0.0231936417237265,0.0132886311773755,0.011927205932167,6.6677100678691,8.31573454635316,0.85539410879346,2.57135253850046,0.264500931243726,3.540825070392,3.03887451200241,0.566010619071537,-0.0640600606819553,9.72470970158481,11.4268454210179,1.06858015491797,0.225551432685791,0.151847134320908,0.0127451755627409,0.919631376505664,2.9890462444886,0.616153022258795,0.299579789809805,0.551778825903398,0.229907844126416,0.207426310972543,0.438053605030681,1.00155565180857,1.00025188447504,1.00130343901748,0.514669385833361,0.0521753417840538,0.43315527238081,1.05115832810599,1.04826360412531,0.858239097267923,0.159852748391897,-0.01809184565982,1.93588496224279e-15,0.965571111871347,0.0197963100292335,0.67,0.1,1.025,0.5,0.6,0.25,0.4,0.005,0.975,0.8,1.19718218961307,0.851135927429175,0.478872875845278,0.244275842322056,0.295038209966646,0.520717274076021,-1.22778420785609,1.09975575515346,7.01567014364027
475,-0.00472449305966559,0.841618491994501,0.101376423817342,-0.00472471523653173,-0.00472471523653162,-0.00472420230978965,0.0231936417237265,0.0132886311773755,0.011927205932167,6.6677100678691,8.31573454635316,0.85539410879346,2.57135253850046,0.264500931243726,3.540825070392,3.03887451200241,0.566010619071537,-0.0640600606819553,9.72470970158481,11.4268454210179,1.06858015491797,0.225551432685791,0.151847134320908,0.0127451755627409,0.919631376505664,2.9890462444886,0.616153022258795,0.299579789809805,0.551778825903398,0.229907844126416,0.207426310972543,0.438053605030681,1.00155565180857,1.00025188447504,1.00130343901748,0.514669385833361,0.0521753417840538,0.43315527238081,1.05115832810599,1.04826360412531,0.858239097267923,0.159852748391897,-0.01809184565982,1.93588496224279e-15,0.965571111871347,0.0197963100292335,0.67,0.1,1.025,0.5,0.6,0.25,0.4,0.005,0.975,0.8,1.19718218961307,0.851135927429175,0.478872875845278,0.244275842322056,0.295038209966646,0.520717274076021,-1.22778420785609,1.09975575515346,7.01567014364027
476,-0.00472449305966559,0.841618491994501,0.101376423817342,-0.00472471523653173,-0.00472471523653162,-0.00472420230978965,0.0231936417237265,0.0132886311773755,0.011927205932167,6.6677100678691,8.31573454635316,0.85539410879346,2.57135253850046,0.264500931243726,3.540825070392,3.03887451200241,0.566010619071537,-0.0640600606819553,9.72470970158481,11.4268454210179,1.06858015491797,0.225551432685791,0.151847134320908,0.0127451755627409,0.919631376505664,2.9890462444886,0.616153022258795,0.299579789809805,0.551778825903398,0.229907844126416,0.207426310972543,0.438053605030681,1.00155565180857,1.00025188447504,1.00130343901748,0.514669385833361,0.0521753417840538,0.43315527238081,1.05115832810599,1.04826360412531,0.858239097267923,0.159852748391897,-0.01809184565982,1.93588496224279e-15,0.965571111871347,0.0197963100292335,0.67,0.1,1.025,0.5,0.6,0.25,0.4,0.005,0.975,0.8,1.19718218961307,0.851135927429175,0.478872875845278,0.244275842322056,0.295038209966646,0.520717274076021,-1.22778420785609,1.09975575515346,7.01567014364027
477,-0.00472449305966559,0.841618491994501,0.101376423817342,-0.00472471523653173,-0.00472471523653162,-0.00472420230978965,0.0231936417237265,0.0132886311773755,0.011927205932167,6.6677100678691,8.31573454635316,0.85539410879346,2.57135253850046,0.264500931243726,3.540825070392,3.03887451200241,0.566010619071537,-0.0640600606819553,9.72470970158481,11.4268454210179,1.06858015491797,0.225551432685791,0.151847134320908,0.0127451755627409,0.919631376505664,2.9890462444886,0.616153022258795,0.299579789809805,0.551778825903398,0.229907844126416,0.207426310972543,0.438053605030681,1.00155565180857,1.00025188447504,1.00130343901748,0.514669385833361,0.0521753417840538,0.43315527238081,1.05115832810599,1.04826360412531,0.858239097267923,0.159852748391897,-0.01809184565982,1.93588496224279e-15,0.965571111871347,0.0197963100292335,0.67,0.1,1.025,0.5,0.6,0.25,0.4,0.005,0.975,0.8,1.19718218961307,0.851135927429175,0.478872875845278,0.244275842322056,0.295038209966646,0.520717274076021,-1.22778420785609,1.09975575515346,7.01567014364027
478,-0.00472449305966559,0.841618491994501,0.101376423817342,-0.00472471523653173,-0.00472471523653162,-0.00472420230978965,0.0231936417237265,0.0132886311773755,0.011927205932167,6.6677100678691,8.31573454635316,0.85539410879346,2.57135253850046,0.264500931243726,3.540825070392,3.03887451200241,0.566010619071537,-0.0640600606819553,9.72470970158481,11.4268454210179,1.06858015491797,0.225551432685791,0.151847134320908,0.0127451755627409,0.919631376505664,2.9890462444886,0.616153022258795,0.299579789809805,0.551778825903398,0.229907844126416,0.207426310972543,0.438053605030681,1.00155565180857,1.00025188447504,1.00130343901748,0.514669385833361,0.0521753417840538,0.43315527238081,1.05115832810599,1.04826360412531,0.858239097267923,0.159852748391897,-0.01809184565982,1.93588496224279e-15,0.965571111871347,0.0197963100292335,0.67,0.1,1.025,0.5,0.6,0.25,0.4,0.005,0.975,0.8,1.19718218961307,0.851135927429175,0.478872875845278,0.244275842322056,0.295038209966646,0.520717274076021,-1.22778420785609,1.09975575515346,7.01567014364027
479,-0.00472449305966559,0.841618491994501,0.101376423817342,-0.00472471523653173,-0.00472471523653162,-0.00472420230978965,0.0231936417237265,0.0132886311773755,0.011927205932167,6.6677100678691,8.31573454635316,0.85539410879346,2.57135253850046,0.264500931243726,3.540825070392,3.03887451200241,0.566010619071537,-0.0640600606819553,9.72470970158481,11.4268454210179,1.06858015491797,0.225551432685791,0.151847134320908,0.0127451755627409,0.919631376505664,2.9890462444886,0.616153022258795,0.299579789809805,0.551778825903398,0.229907844126416,0.207426310972543,0.438053605030681,1.00155565180857,1.00025188447504,1.00130343901748,0.514669385833361,0.0521753417840538,0.43315527238081,1.05115832810599,1.04826360412531,0.858239097267923,0.159852748391897,-0.01809184565982,1.93588496224279e-15,0.965571111871347,0.0197963100292335,0.67,0.1,1.025,0.5,0.6,0.25,0.4,0.005,0.975,0.8,1.19718218961307,0.851135927429175,0.478872875845278,0.244275842322056,0.295038209966646,0.520717274076021,-1.22778420785609,1.09975575515346,7.01567014364027
480,-0.00472449305966559,0.841618491994501,0.101376423817342,-0.00472471523653173,-0.00472471523653162,-0.00472420230978965,0.0231936417237265,0.0132886311773755,0.011927205932167,6.6677100678691,8.31573454635316,0.85539410879346,2.57135253850046,0.264500931243726,3.540825070392,3.03887451200241,0.566010619071537,-0.0640600606819553,9.72470970158481,11.4268454210179,1.06858015491797,0.225551432685791,0.151847134320908,0.0127451755627409,0.919631376505664,2.9890462444886,0.616153022258795,0.299579789809805,0.551778825903398,0.229907844126416,0.207426310972543,0.438053605030681,1.00155565180857,1.00025188447504,1.00130343901748,0.514669385833361,0.0521753417840538,0.43315527238081,1.05115832810599,1.04826360412531,0.858239097267923,0.159852748391897,-0.01809184565982,1.93588496224279e-15,0.965571111871347,0.0197963100292335,0.67,0.1,1.025,0.5,0.6,0.25,0.4,0.005,0.975,0.8,1.19718218961307,0.851135927429175,0.478872875845278,0.244275842322056,0.295038209966646,0.520717274076021,-1.22778420785609,1.09975575515346,7.01567014364027
481,-0.00472449305966559,0.841618491994501,0.101376423817342,-0.00472471523653173,-0.00472471523653162,-0.00472420230978965,0.0231936417237265,0.0132886311773755,0.011927205932167,6.6677100678691,8.31573454635316,0.85539410879346,2.57135253850046,0.264500931243726,3.540825070392,3.03887451200241,0.566010619071537,-0.0640600606819553,9.72470970158481,11.4268454210179,1.06858015491797,0.225551432685791,0.151847134320908,0.0127451755627409,0.919631376505664,2.9890462444886,0.616153022258795,0.299579789809805,0.551778825903398,0.229907844126416,0.207426310972543,0.438053605030681,1.00155565180857,1.00025188447504,1.00130343901748,0.514669385833361,0.0521753417840538,0.43315527238081,1.05115832810599,1.04826360412531,0.858239097267923,0.159852748391897,-0.01809184565982,1.93588496224279e-15,0.965571111871347,0.0197963100292335,0.67,0.1,1.025,0.5,0.6,0.25,0.4,0.005,0.975,0.8,1.19718218961307,0.851135927429175,0.478872875845278,0.244275842322056,0.295038209966646,0.520717274076021,-1.22778420785609,1.09975575515346,7.01567014364027
482,-0.00472449305966559,0.841618491994501,0.101376423817342,-0.00472471523653173,-0.00472471523653162,-0.00472420230978965,0.0231936417237265,0.0132886311773755,0.011927205932167,6.6677100678691,8.31573454635316,0.85539410879346,2.57135253850046,0.264500931243726,3.540825070392,3.03887451200241,0.566010619071537,-0.0640600606819553,9.72470970158481,11.4268454210179,1.06858015491797,0.225551432685791,0.151847134320908,0.0127451755627409,0.919631376505664,2.9890462444886,0.616153022258795,0.299579789809805,0.551778825903398,0.229907844126416,0.207426310972543,0.438053605030681,1.00155565180857,1.00025188447504,1.00130343901748,0.514669385833361,0.0521753417840538,0.43315527238081,1.05115832810599,1.04826360412531,0.858239097267923,0.159852748391897,-0.01809184565982,1.93588496224279e-15,0.965571111871347,0.0197963100292335,0.67,0.1,1.025,0.5,0.6,0.25,0.4,0.005,0.975,0.8,1.19718218961307,0.851135927429175,0.478872875845278,0.244275842322056,0.295038209966646,0.520717274076021,-1.22778420785609,1.09975575515346,7.01567014364027
483,-0.00472449305966559,0.841618491994501,0.101376423817342,-0.00472471523653173,-0.00472471523653162,-0.00472420230978965,0.0231936417237265,0.0132886311773755,0.011927205932167,6.6677100678691,8.31573454635316,0.85539410879346,2.57135253850046,0.264500931243726,3.540825070392,3.03887451200241,0.566010619071537,-0.0640600606819553,9.72470970158481,11.4268454210179,1.06858015491797,0.225551432685791,0.151847134320908,0.0127451755627409,0.919631376505664,2.9890462444886,0.616153022258795,0.299579789809805,0.551778825903398,0.229907844126416,0.207426310972543,0.438053605030681,1.00155565180857,1.00025188447504,1.00130343901748,0.514669385833361,0.0521753417840538,0.43315527238081,1.05115832810599,1.04826360412531,0.858239097267923,0.159852748391897,-0.01809184565982,1.93588496224279e-15,0.965571111871347,0.0197963100292335,0.67,0.1,1.025,0.5,0.6,0.25,0.4,0.005,0.975,0.8,1.19718218961307,0.851135927429175,0.478872875845278,0.244275842322056,0.295038209966646,0.520717274076021,-1.22778420785609,1.09975575515346,7.01567014364027
484,-0.00472449305966559,0.841618491994501,0.101376423817342,-0.00472471523653173,-0.00472471523653162,-0.00472420230978965,0.0231936417237265,0.0132886311773755,0.011927205932167,6.6677100678691,8.31573454635316,0.85539410879346,2.57135253850046,0.264500931243726,3.540825070392,3.03887451200241,0.566010619071537,-0.0640600606819553,9.72470970158481,11.4268454210179,1.06858015491797,0.225551432685791,0.151847134320908,0.0127451755627409,0.919631376505664,2.9890462444886,0.616153022258795,0.299579789809805,0.551778825903398,0.229907844126416,0.207426310972543,0.438053605030681,1.00155565180857,1.00025188447504,1.00130343901748,0.514669385833361,0.0521753417840538,0.43315527238081,1.05115832810599,1.04826360412531,0.858239097267923,0.159852748391897,-0.01809184565982,1.93588496224279e-15,0.965571111871347,0.0197963100292335,0.67,0.1,1.025,0.5,0.6,0.25,0.4,0.005,0.975,0.8,1.19718218961307,0.851135927429175,0.478872875845278,0.244275842322056,0.295038209966646,0.520717274076021,-1.22778420785609,1.09975575515346,7.01567014364027
485,-0.00472449305966559,0.841618491994501,0.101376423817342,-0.00472471523653173,-0.00472471523653162,-0.00472420230978965,0.0231936417237265,0.0132886311773755,0.011927205932167,6.6677100678691,8.31573454635316,0.85539410879346,2.57135253850046,0.264500931243726,3.540825070392,3.03887451200241,0.566010619071537,-0.0640600606819553,9.72470970158481,11.4268454210179,1.06858015491797,0.225551432685791,0.151847134320908,0.0127451755627409,0.919631376505664,2.9890462444886,0.616153022258795,0.299579789809805,0.551778825903398,0.229907844126416,0.207426310972543,0.438053605030681,1.00155565180857,1.00025188447504,1.00130343901748,0.514669385833361,0.0521753417840538,0.43315527238081,1.05115832810599,1.04826360412531,0.858239097267923,0.159852748391897,-0.01809184565982,1.93588496224279e-15,0.965571111871347,0.0197963100292335,0.67,0.1,1.025,0.5,0.6,0.25,0.4,0.005,0.975,0.8,1.19718218961307,0.851135927429175,0.478872875845278,0.244275842322056,0.295038209966646,0.520717274076021,-1.22778420785609,1.09975575515346,7.01567014364027
486,-0.00472449305966559,0.841618491994501,0.101376423817342,-0.00472471523653173,-0.00472471523653162,-0.00472420230978965,0.0231936417237265,0.0132886311773755,0.011927205932167,6.6677100678691,8.31573454635316,0.85539410879346,2.57135253850046,0.264500931243726,3.540825070392,3.03887451200241,0.566010619071537,-0.0640600606819553,9.72470970158481,11.4268454210179,1.06858015491797,0.225551432685791,0.151847134320908,0.0127451755627409,0.919631376505664,2.9890462444886,0.616153022258795,0.299579789809805,0.551778825903398,0.229907844126416,0.207426310972543,0.438053605030681,1.00155565180857,1.00025188447504,1.00130343901748,0.514669385833361,0.0521753417840538,0.43315527238081,1.05115832810599,1.04826360412531,0.858239097267923,0.159852748391897,-0.01809184565982,1.93588496224279e-15,0.965571111871347,0.0197963100292335,0.67,0.1,1.025,0.5,0.6,0.25,0.4,0.005,0.975,0.8,1.19718218961307,0.851135927429175,0.478872875845278,0.244275842322056,0.295038209966646,0.520717274076021,-1.22778420785609,1.09975575515346,7.01567014364027
487,-0.00472449305966559,0.841618491994501,0.101376423817342,-0.00472471523653173,-0.00472471523653162,-0.00472420230978965,0.0231936417237265,0.0132886311773755,0.011927205932167,6.6677100678691,8.31573454635316,0.85539410879346,2.57135253850046,0.264500931243726,3.540825070392,3.03887451200241,0.566010619071537,-0.0640600606819553,9.72470970158481,11.4268454210179,1.06858015491797,0.225551432685791,0.151847134320908,0.0127451755627409,0.919631376505664,2.9890462444886,0.616153022258795,0.299579789809805,0.551778825903398,0.229907844126416,0.207426310972543,0.438053605030681,1.00155565180857,1.00025188447504,1.00130343901748,0.514669385833361,0.0521753417840538,0.43315527238081,1.05115832810599,1.04826360412531,0.858239097267923,0.159852748391897,-0.01809184565982,1.93588496224279e-15,0.965571111871347,0.0197963100292335,0.67,0.1,1.025,0.5,0.6,0.25,0.4,0.005,0.975,0.8,1.19718218961307,0.851135927429175,0.478872875845278,0.244275842322056,0.295038209966646,0.520717274076021,-1.22778420785609,1.09975575515346,7.01567014364027
488,-0.00472449305966559,0.841618491994501,0.101376423817342,-0.00472471523653173,-0.00472471523653162,-0.00472420230978965,0.0231936417237265,0.0132886311773755,0.011927205932167,6.6677100678691,8.31573454635316,0.85539410879346,2.57135253850046,0.264500931243726,3.540825070392,3.03887451200241,0.566010619071537,-0.0640600606819553,9.72470970158481,11.4268454210179,1.06858015491797,0.225551432685791,0.151847134320908,0.0127451755627409,0.919631376505664,2.9890462444886,0.616153022258795,0.299579789809805,0.551778825903398,0.229907844126416,0.207426310972543,0.438053605030681,1.00155565180857,1.00025188447504,1.00130343901748,0.514669385833361,0.0521753417840538,0.43315527238081,1.05115832810599,1.04826360412531,0.858239097267923,0.159852748391897,-0.01809184565982,1.93588496224279e-15,0.965571111871347,0.0197963100292335,0.67,0.1,1.025,0.5,0.6,0.25,0.4,0.005,0.975,0.8,1.19718218961307,0.851135927429175,0.478872875845278,0.244275842322056,0.295038209966646,0.520717274076021,-1.22778420785609,1.09975575515346,7.01567014364027
489,-0.00472449305966559,0.841618491994501,0.101376423817342,-0.00472471523653173,-0.00472471523653162,-0.00472420230978965,0.0231936417237265,0.0132886311773755,0.011927205932167,6.6677100678691,8.31573454635316,0.85539410879346,2.57135253850046,0.264500931243726,3.540825070392,3.03887451200241,0.566010619071537,-0.0640600606819553,9.72470970158481,11.4268454210179,1.06858015491797,0.225551432685791,0.151847134320908,0.0127451755627409,0.919631376505664,2.9890462444886,0.616153022258795,0.299579789809805,0.551778825903398,0.229907844126416,0.207426310972543,0.438053605030681,1.00155565180857,1.00025188447504,1.00130343901748,0.514669385833361,0.0521753417840538,0.43315527238081,1.05115832810599,1.04826360412531,0.858239097267923,0.159852748391897,-0.01809184565982,1.93588496224279e-15,0.965571111871347,0.0197963100292335,0.67,0.1,1.025,0.5,0.6,0.25,0.4,0.005,0.975,0.8,1.19718218961307,0.851135927429175,0.478872875845278,0.244275842322056,0.295038209966646,0.520717274076021,-1.22778420785609,1.09975575515346,7.01567014364027
490,-0.00472449305966559,0.841618491994501,0.101376423817342,-0.00472471523653173,-0.00472471523653162,-0.00472420230978965,0.0231936417237265,0.0132886311773755,0.011927205932167,6.6677100678691,8.31573454635316,0.85539410879346,2.57135253850046,0.264500931243726,3.540825070392,3.03887451200241,0.566010619071537,-0.0640600606819553,9.72470970158481,11.4268454210179,1.06858015491797,0.225551432685791,0.151847134320908,0.0127451755627409,0.919631376505664,2.9890462444886,0.616153022258795,0.299579789809805,0.551778825903398,0.229907844126416,0.207426310972543,0.438053605030681,1.00155565180857,1.00025188447504,1.00130343901748,0.514669385833361,0.0521753417840538,0.43315527238081,1.05115832810599,1.04826360412531,0.858239097267923,0.159852748391897,-0.01809184565982,1.93588496224279e-15,0.965571111871347,0.0197963100292335,0.67,0.1,1.025,0.5,0.6,0.25,0.4,0.005,0.975,0.8,1.19718218961307,0.851135927429175,0.478872875845278,0.244275842322056,0.295038209966646,0.520717274076021,-1.22778420785609,1.09975575515346,7.01567014364027
491,-0.00472449305966559,0.841618491994501,0.101376423817342,-0.00472471523653173,-0.00472471523653162,-0.00472420230978965,0.0231936417237265,0.0132886311773755,0.011927205932167,6.6677100678691,8.31573454635316,0.85539410879346,2.57135253850046,0.264500931243726,3.540825070392,3.03887451200241,0.566010619071537,-0.0640600606819553,9.72470970158481,11.4268454210179,1.06858015491797,0.225551432685791,0.151847134320908,0.0127451755627409,0.919631376505664,2.9890462444886,0.616153022258795,0.299579789809805,0.551778825903398,0.229907844126416,0.207426310972543,0.438053605030681,1.00155565180857,1.00025188447504,1.00130343901748,0.514669385833361,0.0521753417840538,0.43315527238081,1.05115832810599,1.04826360412531,0.858239097267923,0.159852748391897,-0.01809184565982,1.93588496224279e-15,0.965571111871347,0.0197963100292335,0.67,0.1,1.025,0.5,0.6,0.25,0.4,0.005,0.975,0.8,1.19718218961307,0.851135927429175,0.478872875845278,0.244275842322056,0.295038209966646,0.520717274076021,-1.22778420785609,1.09975575515346,7.01567014364027
492,-0.00472449305966559,0.841618491994501,0.101376423817342,-0.00472471523653173,-0.00472471523653162,-0.00472420230978965,0.0231936417237265,0.0132886311773755,0.011927205932167,6.6677100678691,8.31573454635316,0.85539410879346,2.57135253850046,0.264500931243726,3.540825070392,3.03887451200241,0.566010619071537,-0.0640600606819553,9.72470970158481,11.4268454210179,1.06858015491797,0.225551432685791,0.151847134320908,0.0127451755627409,0.919631376505664,2.9890462444886,0.616153022258795,0.299579789809805,0.551778825903398,0.229907844126416,0.207426310972543,0.438053605030681,1.00155565180857,1.00025188447504,1.00130343901748,0.514669385833361,0.0521753417840538,0.43315527238081,1.05115832810599,1.04826360412531,0.858239097267923,0.159852748391897,-0.01809184565982,1.93588496224279e-15,0.965571111871347,0.0197963100292335,0.67,0.1,1.025,0.5,0.6,0.25,0.4,0.005,0.975,0.8,1.19718218961307,0.851135927429175,0.478872875845278,0.244275842322056,0.295038209966646,0.520717274076021,-1.22778420785609,1.09975575515346,7.01567014364027
493,-0.00472449305966559,0.841618491994501,0.101376423817342,-0.00472471523653173,-0.00472471523653162,-0.00472420230978965,0.0231936417237265,0.0132886311773755,0.011927205932167,6.6677100678691,8.31573454635316,0.85539410879346,2.57135253850046,0.264500931243726,3.540825070392,3.03887451200241,0.566010619071537,-0.0640600606819553,9.72470970158481,11.4268454210179,1.06858015491797,0.225551432685791,0.151847134320908,0.0127451755627409,0.919631376505664,2.9890462444886,0.616153022258795,0.299579789809805,0.551778825903398,0.229907844126416,0.207426310972543,0.438053605030681,1.00155565180857,1.00025188447504,1.00130343901748,0.514669385833361,0.0521753417840538,0.43315527238081,1.05115832810599,1.04826360412531,0.858239097267923,0.159852748391897,-0.01809184565982,1.93588496224279e-15,0.965571111871347,0.0197963100292335,0.67,0.1,1.025,0.5,0.6,0.25,0.4,0.005,0.975,0.8,1.19718218961307,0.851135927429175,0.478872875845278,0.244275842322056,0.295038209966646,0.520717274076021,-1.22778420785609,1.09975575515346,7.01567014364027
494,-0.00472449305966559,0.841618491994501,0.101376423817342,-0.00472471523653173,-0.00472471523653162,-0.00472420230978965,0.0231936417237265,0.0132886311773755,0.011927205932167,6.6677100678691,8.31573454635316,0.85539410879346,2.57135253850046,0.264500931243726,3.540825070392,3.03887451200241,0.566010619071537,-0.0640600606819553,9.72470970158481,11.4268454210179,1.06858015491797,0.225551432685791,0.151847134320908,0.0127451755627409,0.919631376505664,2.9890462444886,0.616153022258795,0.299579789809805,0.551778825903398,0.229907844126416,0.207426310972543,0.438053605030681,1.00155565180857,1.00025188447504,1.00130343901748,0.514669385833361,0.0521753417840538,0.43315527238081,1.05115832810599,1.04826360412531,0.858239097267923,0.159852748391897,-0.01809184565982,1.93588496224279e-15,0.965571111871347,0.0197963100292335,0.67,0.1,1.025,0.5,0.6,0.25,0.4,0.005,0.975,0.8,1.19718218961307,0.851135927429175,0.478872875845278,0.244275842322056,0.295038209966646,0.520717274076021,-1.22778420785609,1.09975575515346,7.01567014364027
495,-0.00472449305966559,0.841618491994501,0.101376423817342,-0.00472471523653173,-0.00472471523653162,-0.00472420230978965,0.0231936417237265,0.0132886311773755,0.011927205932167,6.6677100678691,8.31573454635316,0.85539410879346,2.57135253850046,0.264500931243726,3.540825070392,3.03887451200241,0.566010619071537,-0.0640600606819553,9.72470970158481,11.4268454210179,1.06858015491797,0.225551432685791,0.151847134320908,0.0127451755627409,0.919631376505664,2.9890462444886,0.616153022258795,0.299579789809805,0.551778825903398,0.229907844126416,0.207426310972543,0.438053605030681,1.00155565180857,1.00025188447504,1.00130343901748,0.514669385833361,0.0521753417840538,0.43315527238081,1.05115832810599,1.04826360412531,0.858239097267923,0.159852748391897,-0.01809184565982,1.93588496224279e-15,0.965571111871347,0.0197963100292335,0.67,0.1,1.025,0.5,0.6,0.25,0.4,0.005,0.975,0.8,1.19718218961307,0.851135927429175,0.478872875845278,0.244275842322056,0.295038209966646,0.520717274076021,-1.22778420785609,1.09975575515346,7.01567014364027
496,-0.00472449305966559,0.841618491994501,0.101376423817342,-0.00472471523653173,-0.00472471523653162,-0.00472420230978965,0.0231936417237265,0.0132886311773755,0.011927205932167,6.6677100678691,8.31573454635316,0.85539410879346,2.57135253850046,0.264500931243726,3.540825070392,3.03887451200241,0.566010619071537,-0.0640600606819553,9.72470970158481,11.4268454210179,1.06858015491797,0.225551432685791,0.151847134320908,0.0127451755627409,0.919631376505664,2.9890462444886,0.616153022258795,0.299579789809805,0.551778825903398,0.229907844126416,0.207426310972543,0.438053605030681,1.00155565180857,1.00025188447504,1.00130343901748,0.514669385833361,0.0521753417840538,0.43315527238081,1.05115832810599,1.04826360412531,0.858239097267923,0.159852748391897,-0.01809184565982,1.93588496224279e-15,0.965571111871347,0.0197963100292335,0.67,0.1,1.025,0.5,0.6,0.25,0.4,0.005,0.975,0.8,1.19718218961307,0.851135927429175,0.478872875845278,0.244275842322056,0.295038209966646,0.520717274076021,-1.22778420785609,1.09975575515346,7.01567014364027
497,-0.00472449305966559,0.841618491994501,0.101376423817342,-0.00472471523653173,-0.00472471523653162,-0.00472420230978965,0.0231936417237265,0.0132886311773755,0.011927205932167,6.6677100678691,8.31573454635316,0.85539410879346,2.57135253850046,0.264500931243726,3.540825070392,3.03887451200241,0.566010619071537,-0.0640600606819553,9.72470970158481,11.4268454210179,1.06858015491797,0.225551432685791,0.151847134320908,0.0127451755627409,0.919631376505664,2.9890462444886,0.616153022258795,0.299579789809805,0.551778825903398,0.229907844126416,0.207426310972543,0.438053605030681,1.00155565180857,1.00025188447504,1.00130343901748,0.514669385833361,0.0521753417840538,0.43315527238081,1.05115832810599,1.04826360412531,0.858239097267923,0.159852748391897,-0.01809184565982,1.93588496224279e-15,0.965571111871347,0.0197963100292335,0.67,0.1,1.025,0.5,0.6,0.25,0.4,0.005,0.975,0.8,1.19718218961307,0.851135927429175,0.478872875845278,0.244275842322056,0.295038209966646,0.520717274076021,-1.22778420785609,1.09975575515346,7.01567014364027
498,-0.00472449305966559,0.841618491994501,0.101376423817342,-0.00472471523653173,-0.00472471523653162,-0.00472420230978965,0.0231936417237265,0.0132886311773755,0.011927205932167,6.6677100678691,8.31573454635316,0.85539410879346,2.57135253850046,0.264500931243726,3.540825070392,3.03887451200241,0.566010619071537,-0.0640600606819553,9.72470970158481,11.4268454210179,1.06858015491797,0.225551432685791,0.151847134320908,0.0127451755627409,0.919631376505664,2.9890462444886,0.616153022258795,0.299579789809805,0.551778825903398,0.229907844126416,0.207426310972543,0.438053605030681,1.00155565180857,1.00025188447504,1.00130343901748,0.514669385833361,0.0521753417840538,0.43315527238081,1.05115832810599,1.04826360412531,0.858239097267923,0.159852748391897,-0.01809184565982,1.93588496224279e-15,0.965571111871347,0.0197963100292335,0.67,0.1,1.025,0.5,0.6,0.25,0.4,0.005,0.975,0.8,1.19718218961307,0.851135927429175,0.478872875845278,0.244275842322056,0.295038209966646,0.520717274076021,-1.22778420785609,1.09975575515346,7.01567014364027
499,-0.00472449305966559,0.841618491994501,0.101376423817342,-0.00472471523653173,-0.00472471523653162,-0.00472420230978965,0.0231936417237265,0.0132886311773755,0.011927205932167,6.6677100678691,8.31573454635316,0.85539410879346,2.57135253850046,0.264500931243726,3.540825070392,3.03887451200241,0.566010619071537,-0.0640600606819553,9.72470970158481,11.4268454210179,1.06858015491797,0.225551432685791,0.151847134320908,0.0127451755627409,0.919631376505664,2.9890462444886,0.616153022258795,0.299579789809805,0.551778825903398,0.229907844126416,0.207426310972543,0.438053605030681,1.00155565180857,1.00025188447504,1.00130343901748,0.514669385833361,0.0521753417840538,0.43315527238081,1.05115832810599,1.04826360412531,0.858239097267923,0.159852748391897,-0.01809184565982,1.93588496224279e-15,0.965571111871347,0.0197963100292335,0.67,0.1,1.025,0.5,0.6,0.25,0.4,0.005,0.975,0.8,1.19718218961307,0.851135927429175,0.478872875845278,0.244275842322056,0.295038209966646,0.520717274076021,-1.22778420785609,1.09975575515346,7.01567014364027
500,-0.00472449305966559,0.841618491994501,0.101376423817342,-0.00472471523653173,-0.00472471523653162,-0.00472420230978965,0.0231936417237265,0.0132886311773755,0.011927205932167,6.6677100678691,8.31573454635316,0.85539410879346,2.57135253850046,0.264500931243726,3.540825070392,3.03887451200241,0.566010619071537,-0.0640600606819553,9.72470970158481,11.4268454210179,1.06858015491797,0.225551432685791,0.151847134320908,0.0127451755627409,0.919631376505664,2.9890462444886,0.616153022258795,0.299579789809805,0.551778825903398,0.229907844126416,0.207426310972543,0.438053605030681,1.00155565180857,1.00025188447504,1.00130343901748,0.514669385833361,0.0521753417840538,0.43315527238081,1.05115832810599,1.04826360412531,0.858239097267923,0.159852748391897,-0.01809184565982,1.93588496224279e-15,0.965571111871347,0.0197963100292335,0.67,0.1,1.025,0.5,0.6,0.25,0.4,0.005,0.975,0.8,1.19718218961307,0.851135927429175,0.478872875845278,0.244275842322056,0.295038209966646,0.520717274076021,-1.22778420785609,1.09975575515346,7.01567014364027
