Time,n_MM,psi_o_MM,psi_y_MM,n_y_MM,n_m_MM,n_o_MM,mu_o_MM,mu_m_MM,mu_y_MM,s_o_MM,s_m_MM,s_y_MM,h_m_MM,h_y_MM,a_MM,a_o_MM,a_m_MM,a_y_MM,z_o_MM,z_m_MM,z_y_MM,c_o_MM,c_m_MM,c_y_MM,y_MM,k_MM,w_MM,inv_MM,b_MM,gov_MM,e_MM,t_MM,f_MM,nx_MM,tilde_R_MM,g_MM,q_MM,tilde_s_m_MM,tilde_s_y_MM,tilde_s_o_MM,Omega_m_MM,Omega_y_MM,eta_o_MM,eta_m_MM,eta_y_MM,walras_MM,gamma_MM,phi_MM,R_star,fy_target_MM,repl,pen_bar_MM,alpha,delta,beta,sigma,b_y,g_y,x,omega,nu,Lambda_MM,w_indiv_MM,t_indiv_MM,e_indiv_MM,c_y_indiv_MM,c_m_indiv_MM,c_o_indiv_MM,a_y_indiv_MM,a_m_indiv_MM,a_o_indiv_MM
0,0.010574708476305,0.239211285055436,0.177873542381526,0.010574708476305,0.010574708476305,0.010574708476305,0.0995025916069475,0.0469251313148666,0.040218438744802,0.567973090510672,1.80575614606082,0.284699664645008,2.82655142578935,0.445640594816501,3.2924499837408,0.893187836539753,2.53557838504298,-0.136316237841931,1.54535169557192,7.1303995274842,0.618915850855393,0.153766498653597,0.334594934154659,0.0248918292358146,1.08527878719674,2.64128271142275,0.727136787421813,0.300705828353482,0.651167272318041,0.271319696799184,0.0695757301321014,0.355055423858212,4.9960036108132e-15,-1.08640895793483e-16,1.0377129724424,1.01562758201869,1.02174555990279,0.705674057500615,0.125520744374379,0.168805198125006,1.08740814996156,1.07226422136408,0.271283646205898,0.770119029162021,-0.0414026753679191,-5.78925579002907e-17,0.906064588921509,0.0374556693326375,1.0377129724424,4.60342878691827e-15,0.4,0,0.67,0.1,1.025,0.5,0.6,0.25,0.005,0.975,0.8,0.1,1.03041450892671,0.503143654048672,0.412165803570683,0.19830848964353,0.474149404527837,0.910910921947602,-1.0860056520646,3.59312965822152,5.29123419456738
1,0.010853141779287,0.239505321306997,0.177969941004101,0.0111223897593218,0.010574708476305,0.0118168973602186,0.0981387576375424,0.0464376566641825,0.0398359345245683,0.575746659462562,1.83153859769771,0.289336683687458,2.84458102610705,0.449221070307812,3.29415430990989,0.894356083184287,2.5361756087976,-0.136377382071997,1.55285604132288,7.17352346911079,0.627164037728634,0.152395362873333,0.333121621247159,0.0249836658053604,1.08497985380583,2.64246265450167,0.726936502049909,0.302530468990828,0.650987912283501,0.271244963451459,0.0696420641972993,0.355043117311184,0.000703743124721431,0.000703743124716328,1.03771296155247,1.01590740748818,1.02146411563058,0.705479683906136,0.125554177724367,0.168966138369498,1.08665560424602,1.07178192351859,0.271497932107769,0.769901883820305,-0.0413998159280737,2.83129792166938e-08,0.907306777805423,0.0375530873425437,1.0377129724424,-1.08899230661118e-07,0.4,0,0.67,0.1,1.025,0.5,0.6,0.25,0.005,0.975,0.8,0.1,1.03041450892671,0.50326483584242,0.412165803570683,0.198987132552514,0.472191657458814,0.901928423907473,-1.08620345848938,3.59496618634739,5.29310838144679
2,0.0109690016315083,0.240010564124261,0.177990698011931,0.0107118558991979,0.0105939882008201,0.0127258629788918,0.0969622856203138,0.0460037499721038,0.0394903661910775,0.583448226066133,1.85640907970408,0.293759586540593,2.86089599977405,0.45235830527377,3.29734764906648,0.896434180305113,2.53739272338953,-0.13647925462816,1.56151078619155,7.21463911316601,0.63470330317473,0.151407654986612,0.331900454576087,0.0250646659885267,1.08482903940108,2.64526482654922,0.726835456398724,0.304555603121967,0.650897423640648,0.27120725985027,0.0697792751663089,0.35487631212099,0.00118539887661159,0.000466738187066558,1.03756096872604,1.01602384663967,1.02119745728174,0.705217990069712,0.125522242303079,0.169259767627209,1.08606039861659,1.07141518555139,0.271865231002649,0.769525386290458,-0.0413906172931067,0.000226662690550296,0.908344048564192,0.0375003765632448,1.03762585353753,-4.35489466057154e-07,0.4,0,0.67,0.1,1.025,0.5,0.6,0.25,0.005,0.975,0.8,0.1,1.03065359453873,0.503215058489801,0.41226143781549,0.199683064360871,0.470635263492468,0.894528316499194,-1.08729140050434,3.59802608430154,5.29620353892657
3,0.0109620488228521,0.240656048704053,0.177855825626742,0.00983235923813774,0.0105981396023862,0.0133160429490999,0.0960092431230112,0.0456410030516157,0.0391973348159393,0.590646339352215,1.87894998775748,0.297558140733788,2.87479707798651,0.454723182915916,3.30180830559721,0.899212579895634,2.53919112832504,-0.136595402623463,1.57068445131785,7.25181926559292,0.640803718894233,0.150800225160264,0.33098030488106,0.0251177978679922,1.08494925637271,2.6493582487816,0.726916001769718,0.306150729488479,0.650969553823628,0.271237314093178,0.0699746930902595,0.354816768412546,0.0014805029919794,0.00027019608665762,1.03736577173678,1.01601685906697,1.02101236065061,0.704964137485113,0.125381978709659,0.169653883805228,1.08562562566878,1.0711610325874,0.272339426371152,0.769030450361526,-0.041369876732677,0.000392688795083511,0.909153961203995,0.0373482080862865,1.03747508046621,-9.79448396452035e-07,0.4,0,0.67,0.1,1.025,0.5,0.6,0.25,0.005,0.975,0.8,0.1,1.03113898015141,0.503311799204876,0.412455592060564,0.200330207949233,0.46949949264341,0.888869867154889,-1.08943409594589,3.60187276672448,5.30027700944341
4,0.0108684409243029,0.241378246447015,0.177550906018483,0.00883862157384163,0.0105711651253484,0.0136038427517198,0.0953076402324307,0.0453638847872603,0.0389698764723159,0.596914943881559,1.89775351719973,0.300430689917026,2.88574530961154,0.456151883869497,3.3071594903082,0.902452115591898,2.54140290235719,-0.136695527640887,1.5797173797623,7.28303657232596,0.645023533544639,0.150559135012628,0.33038683077928,0.0251364873990038,1.08532228203657,2.65435444608955,0.727165928964502,0.307303603741371,0.651193369221942,0.271330570509143,0.0702088147237864,0.354913941342721,0.00161167499671589,0.000100245167090182,1.03714481317225,1.01592278312892,1.02088941245905,0.704756821905043,0.125130212251947,0.17011296584301,1.08535066722831,1.07101442929409,0.272878316973734,0.768454896011299,-0.0413332129850323,0.000505409428054687,0.909721143211748,0.0371431654627662,1.03728135216733,-1.74023920005441e-06,0.4,0,0.67,0.1,1.025,0.5,0.6,0.25,0.005,0.975,0.8,0.1,1.03179693528739,0.503597737987616,0.412718774114955,0.200882640144428,0.468795505783406,0.885053847991648,-1.09242624287773,3.60607066631505,5.30501664655433
5,0.0107126042348007,0.242118760930935,0.177094628096754,0.00791332886593499,0.0105101812036965,0.0136102842011478,0.0948742811470082,0.0451817814717289,0.0388165964857567,0.601892317729808,1.91173496443121,0.302198537238398,2.89334470383408,0.456591264926844,3.31298353719825,0.905902247670111,2.54383500177323,-0.136753712245092,1.58799203427894,7.30663011293625,0.647156502966066,0.150659601694275,0.330126563729881,0.0251204130459151,1.08590678812404,2.65984194855091,0.727557548043104,0.308002442088412,0.651544072874422,0.271476697031009,0.0704621328152581,0.35514642721095,0.00159751577291965,-4.77154235060436e-05,1.03691512870065,1.01576616725597,1.02082069882462,0.704615674944489,0.124783650905437,0.170600674150074,1.08523266333346,1.07097036067771,0.273440008867652,0.767838105147817,-0.0412781140154691,0.000568785958049223,0.910038399128697,0.0369151999134656,1.03706378717099,-2.71711106819253e-06,0.4,0,0.67,0.1,1.025,0.5,0.6,0.25,0.005,0.975,0.8,0.1,1.03255941347093,0.504028564563127,0.413023765388372,0.201311733257041,0.46852003931915,0.883112581148083,-1.09592651964259,3.61024469399384,5.31007425488371
6,0.0105078894247479,0.242824121940486,0.176514223796303,0.0071074107756266,0.0104189256193508,0.013362564149072,0.0947134781878544,0.0450983421986244,0.0387411020213844,0.605318684449051,1.92028429110589,0.302794454916621,2.8973672699355,0.456053957777061,3.31887855874796,0.909320985464939,2.54630909579364,-0.136751522510614,1.59499063705602,7.32158094416029,0.64716892808425,0.15106710989794,0.330191162028797,0.0250720379011813,1.08665565103033,2.6654268786253,0.728059286190319,0.308247841672257,0.651993390618196,0.271663912757582,0.0707161427559125,0.355488411486787,0.00145828950446563,-0.00017246822169835,1.03669274747906,1.01556042887187,1.02080852897219,0.704553641493349,0.124363739151057,0.171082619355594,1.08526620298208,1.07102366115634,0.273984410542731,0.767219725141194,-0.0412041356839256,0.00058605499426791,0.910107451228965,0.0366776098873912,1.03684014318146,-3.90909994627172e-06,0.4,0,0.67,0.1,1.025,0.5,0.6,0.25,0.005,0.975,0.8,0.1,1.03336246285968,0.504558333888256,0.41334498514387,0.201602477316381,0.468652977690861,0.883006762855017,-1.09960928679146,3.61407413975828,5.31509856986069
7,0.010260271525641,0.243447627787879,0.175830908335098,0.00639179702907633,0.0103028447592606,0.0128970257916536,0.0948139636751304,0.0451104376789773,0.0387412318572462,0.60707796403804,1.92337642002625,0.302254774363115,2.89784546150758,0.454596150158919,3.32450763530976,0.912494492777629,2.54869114152699,-0.136677998994857,1.60035378708146,7.32774247894235,0.645167510111318,0.151735885104531,0.330557670231739,0.0249945845841405,1.08752672614978,2.67077157812141,0.728642906520352,0.308064154280618,0.652516035689867,0.271881681537445,0.070954554838738,0.355914692170143,0.00122002149848388,-0.000268689085285519,1.03649178009324,1.01531157288327,1.02086079561747,0.704583331987593,0.123887527261148,0.171529140751259,1.08544105014851,1.07116724151346,0.274475078104997,0.766637174881512,-0.0411122529865087,0.00056143949659067,0.909941850662359,0.0364310878505116,1.0366264206554,-5.31502948517986e-06,0.4,0,0.67,0.1,1.025,0.5,0.6,0.25,0.005,0.975,0.8,0.1,1.0341472377226,0.5051420832879,0.413658895089038,0.201752227497876,0.469153406310725,0.884607037847692,-1.1032426105878,3.61730263237602,5.31976367852779
8,0.00997164061495977,0.243952608452026,0.175052598445924,0.005694713389087,0.0101661816670195,0.0122615579660308,0.0951457024994561,0.0452071611912173,0.0388083369674198,0.607232420146438,1.92163511006094,0.300713567048993,2.8951426157724,0.452308824983367,3.32964030923523,0.915256452061831,2.55091206140461,-0.136528204231209,1.60393140788578,7.32599308341283,0.641385284429692,0.152607180165985,0.33118735036831,0.0248910966285411,1.0884889484295,2.67563036496337,0.729287595447763,0.307508681719904,0.653093369057698,0.272122237107374,0.0711646444884752,0.356403541254341,0.000916575214161514,-0.000329050200515073,1.03632319343721,1.01502149881803,1.02098644673436,0.704719049048505,0.123362900710281,0.171918050241214,1.08573983885715,1.07139035001749,0.274881478810266,0.766122410960386,-0.0410038897706527,0.000501452639897455,0.909570066464692,0.0361674882949308,1.03643600623483,-6.933512202202e-06,0.4,0,0.67,0.1,1.025,0.5,0.6,0.25,0.005,0.975,0.8,0.1,1.03486289526646,0.505738480796778,0.413945158106585,0.201771330645005,0.469956574631368,0.887673981596846,-1.1067201196237,3.61975749747192,5.32379497544124
9,0.00964422973730842,0.244319033608416,0.174171557511962,0.00492712978535659,0.0100105196891849,0.0115275900127214,0.0956455235240618,0.0453648205431264,0.0389234015271079,0.606117530436554,1.91659244904517,0.298438432965455,2.8901543293859,0.449345732557833,3.33420308232486,0.917517498556924,2.55298745071387,-0.136301866945933,1.60589216126571,7.31870363687302,0.636247204224292,0.153596396309619,0.33201167729451,0.0247649056469371,1.08952331625633,2.67989283324216,0.72998062189174,0.306693617692276,0.653713989753797,0.272380829064082,0.0713392640373841,0.35693835232531,0.000596259328907549,-0.000339737877464173,1.03619352201729,1.01469245088599,1.0211897418893,0.70497471485529,0.122786544092897,0.172238741051813,1.08612989643596,1.07167321127711,0.275183447415667,0.765696446093432,-0.0408798935090991,0.000415628126369059,0.909048669378773,0.0358730265609918,1.03627856833053,-8.76295085029818e-06,0.4,0,0.67,0.1,1.025,0.5,0.6,0.25,0.005,0.975,0.8,0.1,1.03547064385364,0.506313694383463,0.414188257541454,0.201690713179456,0.470955440384357,0.891764508795463,-1.11007169354657,3.62138867808603,5.32701001501698
10,0.00928597473829198,0.244553329598292,0.173167025720249,0.00401010756946008,0.00983431150239222,0.010802717959024,0.0962007210196016,0.0455413671262081,0.0390527749724386,0.604439757218298,1.91092761564401,0.295869109783006,2.88451424205108,0.445963200833989,3.33833521297773,0.919304103376046,2.55503372971653,-0.136002620114846,1.60684382327619,7.31018238869456,0.63045053349987,0.154579534281013,0.332915700040428,0.0246208429977209,1.09062027426894,2.68363579130213,0.730715583760192,0.305812171597717,0.654372164561365,0.272655068567236,0.0714795715991658,0.357506685002701,0.000327257114240414,-0.000281799323923477,1.03610233251877,1.01433240461198,1.02146232123494,0.705357721816242,0.12214469875573,0.172497579428028,1.08655384245286,1.07198084865097,0.27537800871874,0.765361644863329,-0.0407396535820689,0.000318756108751245,0.908477493310056,0.0355327581835557,1.03615812372771,-1.08015399943936e-05,0.4,0,0.67,0.1,1.025,0.5,0.6,0.25,0.005,0.975,0.8,0.1,1.03595035704529,0.506844504490784,0.414380142818118,0.201571114002735,0.471981364552437,0.896125816916225,-1.11345495547727,3.62232332714458,5.32937393338677
11,0.00891340424209582,0.244697220950451,0.172012114002334,0.0028998053403364,0.00963340514404987,0.0102274576400443,0.0966487729714087,0.0456767545486102,0.0391486149371657,0.603270217949057,1.90834138183237,0.293598331436298,2.88056194600406,0.4425252234497,3.3424231164616,0.920790499437851,2.5572701181189,-0.135637501095151,1.60786099987207,7.30651860452207,0.624952061646322,0.155397792682401,0.333738056904944,0.0244660078554747,1.09177737188013,2.68716409554145,0.731490839159687,0.305140105767314,0.655066423128078,0.272944342970032,0.0715975101972356,0.358097940821492,0.000192597792065613,-0.00014178604215733,1.03603906353236,1.01395797126331,1.02177712774578,0.705861093258997,0.121416658843479,0.172722247897524,1.08692889586613,1.07226240041313,0.275485917658821,0.765094672044099,-0.0405805897029198,0.000232851742121216,0.908000266372334,0.0351355558100036,1.03607036987067,-1.30472677931248e-05,0.4,0,0.67,0.1,1.025,0.5,0.6,0.25,0.005,0.975,0.8,0.1,1.03630990026997,0.507320695589177,0.41452396010799,0.201504538903631,0.472809820646237,0.899697604529781,-1.11712430886444,3.62290844833485,5.33104745130549
12,0.00854727950031337,0.244827784930045,0.170681345358392,0.0015931990072886,0.00940242280046677,0.00994101329536634,0.0968113066669111,0.0457053781069834,0.0391587641632084,0.603842882454817,1.91281901726699,0.292249608714131,2.88086153671028,0.439428574322693,3.34707371820205,0.922294869206319,2.5599945842394,-0.13521573524367,1.61031873630884,7.31437273905226,0.620771076465526,0.155897060891269,0.334306171251623,0.0243086286723718,1.09300216677914,2.69100462968925,0.732311451742024,0.304983015373033,0.655801300067484,0.273250541694785,0.0717160762435621,0.358702881325981,0.000267788445314183,7.0935955438918e-05,1.03598133811534,1.01359001589781,1.02209110376615,0.706459590123753,0.12057947328366,0.172960936592586,1.08716505097854,1.07246244678543,0.275552601123861,0.764845593432854,-0.0403981945567145,0.000185812940618664,0.907773935537412,0.0346764723297369,1.03600052682277,-1.54979179842845e-05,0.4,0,0.67,0.1,1.025,0.5,0.6,0.25,0.005,0.975,0.8,0.1,1.03659354615561,0.507747203577696,0.414637418462246,0.201598398221448,0.473213437718443,0.901342603494847,-1.12138269940505,3.62369570747983,5.33238826856499
13,0.00820418282506561,0.245044729157131,0.169156969585405,0.000123550798426075,0.0091362690716783,0.010030474310601,0.0965502268930452,0.0455760781265009,0.0390424689202573,0.607239084519775,1.92758890580616,0.292305624674535,2.88746638290946,0.43698195192382,3.35301046482696,0.924225597176432,2.56353123227693,-0.134746364626403,1.61558364144035,7.33920328848861,0.618696658091625,0.155984966680485,0.334492100372105,0.0241554461196737,1.09431752815958,2.69582860590425,0.73319274386692,0.305583719688408,0.65659051689575,0.273579382039896,0.0718660069363374,0.359317410990871,0.000591342026960365,0.000317566843962501,1.03589753751303,1.01324520373919,1.02235622107092,0.707112713051588,0.119613043695121,0.173274243253291,1.08719479252672,1.07253943333711,0.275640534632948,0.764546147183236,-0.0401866818161838,0.00020434641505291,0.907917881137635,0.0341573568881738,1.03592384942469,-1.81510720720046e-05,0.4,0,0.67,0.1,1.025,0.5,0.6,0.25,0.005,0.975,0.8,0.1,1.0368824238823,0.50814729301106,0.41475296955292,0.201946588544665,0.47303929656219,0.90022015824053,-1.12651898541981,3.62535022346558,5.33388909871277
14,0.0078905013200933,0.245449659834757,0.16743307528609,-0.00144969998762867,0.00883139391708099,0.0104984641754557,0.0958098134921954,0.0452669930213253,0.0387820112443053,0.614149743782399,1.9544094847877,0.293996351175444,2.9013864025354,0.435321726861889,3.36092730818308,0.926997398639044,2.56816556663077,-0.134235657086728,1.62473271155738,7.38400079797131,0.619092058431418,0.155665336160581,0.334251504810228,0.0240096374808126,1.09576177351655,2.70232153804265,0.734160388256091,0.307046587244877,0.657457064109932,0.273940443379138,0.0720797670246443,0.359948227463309,0.00114870603050159,0.000544039644750643,1.03575370306009,1.01292995382669,1.02253240626084,0.707772821581309,0.118504580121272,0.173722598297419,1.08699450002096,1.07247874253281,0.275815961963394,0.764124103641651,-0.0399400656050456,0.000304224796165577,0.908476273834976,0.0335861670603658,1.03580982523448,-2.10041117135197e-05,0.4,0,0.67,0.1,1.025,0.5,0.6,0.25,0.005,0.975,0.8,0.1,1.03728253737665,0.508564636120261,0.41491301495066,0.202605143668222,0.472258180334534,0.896056918824556,-1.13274657358692,3.62851679002446,5.33607836702969
15,0.00760037571209953,0.246122955126546,0.165518164834311,-0.00304731607528397,0.00848661505721804,0.0112530042638976,0.0946392772914682,0.0447939811150794,0.0383894371067915,0.624696651385181,1.99304774237563,0.297225156753291,2.922256930166,0.434365324723627,3.37133169933459,0.930937319485545,2.57407921771012,-0.133684837861079,1.63829680170288,7.4483953985793,0.621775250475462,0.15504721849384,0.333643259248547,0.0238696068596243,1.09738239815449,2.7110326166185,0.735246206763509,0.30929727055648,0.658429438892695,0.274345599538623,0.0723843876616874,0.360614455842512,0.00186964382339322,0.000694979982765164,1.03552140774312,1.01263837759066,1.0225974352334,0.708395346281588,0.117252297693695,0.174352356024717,1.08659467887943,1.07229885543448,0.276133410342933,0.763520011468996,-0.0396534218119291,0.000484463474611968,0.909399125074044,0.0329763935553646,1.03562858741737,-2.40542213031552e-05,0.4,0,0.67,0.1,1.025,0.5,0.6,0.25,0.005,0.975,0.8,0.1,1.03790377876261,0.509058194319599,0.415161511505045,0.203574747183039,0.47098454415301,0.889275155374785,-1.14014684991771,3.63367606975628,5.33940200586432
16,0.00732120742446616,0.247108754955601,0.1634367394834,-0.00457347990533019,0.00810363296686223,0.0121414050167625,0.0931687228363602,0.0442029370817072,0.0379007718080262,0.638461415272513,2.041443705456,0.301615288654509,2.94854706484567,0.433862701448465,3.38444100317375,0.936222275874114,2.58130850233978,-0.133089775040143,1.65619301065923,7.52896878260148,0.626118604123148,0.154305367570123,0.332802474960851,0.0237303890603165,1.09922064493243,2.72225799323836,0.73647783210473,0.312112763446816,0.65953238695946,0.274805161233108,0.0727960480575202,0.361344867103909,0.0026506229759268,0.000738821461302968,1.03518497849741,1.01235781346159,1.02254851469736,0.708945584486601,0.115867754799643,0.175186660713755,1.08606519028778,1.07204208679031,0.27662537938112,0.762698625577027,-0.0393240049581466,0.000725667199914679,0.910566157851596,0.0323466389660253,1.03535793164635,-2.72983907509905e-05,0.4,0,0.67,0.1,1.025,0.5,0.6,0.25,0.005,0.975,0.8,0.1,1.03883548782953,0.509693374232078,0.415534195131812,0.204805807287374,0.469433031594177,0.88080546167981,-1.14863514245426,3.64105307773246,5.34414134078306
17,0.00704253828580259,0.248415235588586,0.161227664118734,-0.00593295132466154,0.00768734789667991,0.0130150587840052,0.091545908897976,0.0435476644446395,0.0373587394002535,0.654759473789645,2.09671680720333,0.306691928752605,2.97830519371991,0.433534705866324,3.40018493970547,0.942879158475257,2.5897493280074,-0.132443546777187,1.67792702927888,7.62094855806283,0.63137030832594,0.153607307539089,0.331874393901323,0.0235872204841976,1.10129325884223,2.73601461049629,0.737866483424292,0.315220169013059,0.660775955305336,0.275323314710557,0.0733189105251068,0.36216931865516,0.00339437390384506,0.000684388482314288,1.03474389813774,1.01207775097723,1.02239565798045,0.709399522536968,0.11437482794558,0.176225649517451,1.08548109596529,1.07175353312695,0.277302316624939,0.76164954859064,-0.0389518652155795,0.000996464711687745,0.911845029399608,0.0317176856766636,1.03498781010122,-3.07334184534537e-05,0.4,0,0.67,0.1,1.025,0.5,0.6,0.25,0.005,0.975,0.8,0.1,1.04012824929106,0.510529408534085,0.416051299716425,0.206227374570743,0.46782438295767,0.871651249177992,-1.15797810721257,3.65062175224743,5.35040819005116
18,0.00675705892678518,0.250023157216418,0.158936121925602,-0.00707053166757488,0.00724553282374663,0.0137651485507266,0.0898950607649665,0.0428746090729589,0.0368005394596814,0.672853842886391,2.15594707193647,0.312009875080985,3.00970798940403,0.433159562991501,3.41828334224728,0.950822338594405,2.59920050801224,-0.131739504359372,1.7028024294597,7.71953106705301,0.63686698222271,0.153073527865289,0.330971876720258,0.0234370485095964,1.10358852042015,2.75209747847361,0.739404308681499,0.318379913711987,0.662153112252089,0.275897130105037,0.0739472798863886,0.363107929661512,0.00403275152157925,0.000563169174927165,1.03420888536712,1.01179084422142,1.02215679384107,0.709743719924216,0.112803914405806,0.177452365669978,1.08490344929616,1.07147008066357,0.278157848076202,0.760381819695258,-0.03853966777146,0.00126585433305247,0.913127198785826,0.0311055675189061,1.03452005290385,-3.43559144529186e-05,0.4,0,0.67,0.1,1.025,0.5,0.6,0.25,0.005,0.975,0.8,0.1,1.04179056175439,0.511604286826636,0.416716224701756,0.207768042740812,0.466325896840057,0.862617566620512,-1.16786288005438,3.66216767411451,5.35818350465231
19,0.00645785486038207,0.251895295641479,0.156603043753883,-0.00799175265496266,0.00678722438512036,0.0143259062800944,0.0883082111513886,0.0422194338263941,0.0362550680969551,0.69206154577971,2.21665928839298,0.317219722787613,3.04120550650169,0.432561112448829,3.43832698336791,0.959893042574635,2.60940777864382,-0.130973837850552,1.73006458653929,7.82054775733195,0.642085864112615,0.152778908809314,0.330179098512012,0.0232788667267246,1.1060759886012,2.77015651023128,0.741070912362803,0.321405284142773,0.663645593160719,0.2765189971503,0.0746689106243715,0.364166997644244,0.00452487997590869,0.00040399136338239,1.03359658891528,1.01149014413468,1.02185532395821,0.709975987922909,0.111184400700898,0.178839611376192,1.0843748255754,1.07121727945071,0.279174449439357,0.758917866527974,-0.0380923159673314,0.00151084189669249,0.91433516830873,0.030517046210752,1.03396514596357,-3.81623037831828e-05,0.4,0,0.67,0.1,1.025,0.5,0.6,0.25,0.005,0.975,0.8,0.1,1.04379714943721,0.512928611444513,0.417518859774886,0.209371697648019,0.465056711957227,0.854278913008488,-1.17798753264759,3.67534652302517,5.36734023960432
20,0.00613703507120887,0.253984973707364,0.154256426477394,-0.00875859577537264,0.00632060875077656,0.0146688635206771,0.0868434423699971,0.0416052519788414,0.0357411434574448,0.711792582978839,2.27687104792841,0.322053625946404,3.07165293901616,0.43162156046503,3.45987143938596,0.969899899055016,2.62011701754188,-0.130145477210936,1.75898018886513,7.92068526996656,0.646641412695638,0.152755894653328,0.329542106474765,0.0231117034951398,1.10871801446959,2.78978126426475,0.742841069694623,0.324175599360594,0.665230808681752,0.277179503617397,0.0754681878220555,0.365343228699957,0.00485936643945819,0.00023711718547695,1.03292667771171,1.01116772024656,1.02151864327694,0.710105525848624,0.109538340839259,0.180356133312116,1.08392253880155,1.07101256309865,0.280328305847802,0.75728739158169,-0.0376156974294912,0.00171608968288548,0.915421277588852,0.0299489859933434,1.03333913270106,-4.21488299975283e-05,0.4,0,0.67,0.1,1.025,0.5,0.6,0.25,0.005,0.975,0.8,0.1,1.0460995481015,0.514491459932448,0.4184398192406,0.210991907655921,0.464074837441858,0.846968117180551,-1.18812715450855,3.68975725743109,5.37769290815605
21,0.00578594563961928,0.256242592037183,0.151907329407326,-0.00946634108268096,0.00585128529547863,0.0147920831135897,0.0855322477940144,0.0410451965613209,0.0352695602068432,0.73158061976698,2.33522529146758,0.326329719034407,3.10027151788282,0.430248424272787,3.4824965208991,0.980646157694032,2.63110561787481,-0.129255254669745,1.78890734329949,8.01762274763147,0.650257173153573,0.153009266154575,0.329084901589943,0.0229342845161238,1.11148026175017,2.81056478261169,0.744691775372614,0.326625142403451,0.666888157050102,0.277870065437543,0.0763287003161003,0.366627194188926,0.00504358123730211,8.13212604731677e-05,1.03221814253224,1.01081487536782,1.02117427007259,0.710151656987048,0.10787724168709,0.181971101325862,1.08356131617056,1.07086605758059,0.281592860698602,0.75552282739784,-0.0371156880964415,0.00187528038806214,0.916361063218671,0.0293910413482482,1.03266008120872,-4.63115588758807e-05,0.4,0,0.67,0.1,1.025,0.5,0.6,0.25,0.005,0.975,0.8,0.1,1.04863766499132,0.516266054696557,0.419455065996528,0.212596133878239,0.463400878322453,0.840843766069074,-1.19816981458114,3.70499116912263,5.38902139157775
22,0.00540024844457167,0.258621003153653,0.149555225384891,-0.0101856683655021,0.00538146588146526,0.014713288650406,0.0843839364649924,0.0405440383491236,0.034844429338049,0.751096209542364,2.39091802437425,0.329937988321786,3.1266485614839,0.428382383762993,3.5058364581491,0.991947424853037,2.64219361310439,-0.128304579808335,1.81933104563378,8.10997486551733,0.652760872365276,0.153522315346133,0.328811131904762,0.0227450800888312,1.11433308658756,2.83213840511464,0.746603168013662,0.328733726415996,0.668599851952533,0.278583271646889,0.0772349041077555,0.368006702663691,0.00509820108192055,-5.05055758610829e-05,1.03148799689984,1.01042724968679,1.02084340779564,0.710138390162882,0.106204906995273,0.183656702841845,1.08329429113669,1.07078044088763,0.282941727799615,0.753655695193714,-0.0365974229933293,0.00198806676080617,0.91714949255685,0.0288341882018332,1.03194578204527,-5.06463823074095e-05,0.4,0,0.67,0.1,1.025,0.5,0.6,0.25,0.005,0.975,0.8,0.1,1.05134883334841,0.518218290633862,0.420539533339363,0.214162233481768,0.463024019627137,0.835920023449064,-1.20808523295487,3.72067423716997,5.40109568289075
23,0.00498587740963322,0.261080116454889,0.147200974212982,-0.0109079475356054,0.00491104507697804,0.0144663019485156,0.0833878735710824,0.0400992361130114,0.0344641412425995,0.770166043533562,2.4436293848436,0.332846177613938,3.15074066265149,0.426026106591104,3.52958078958024,1.00364139495956,2.65323443493779,-0.127295040317118,1.84989306223189,8.19721877781136,0.654120961077013,0.154258648772773,0.328702211179987,0.0225437171890883,1.11724475949632,2.85418211104248,0.748553988862534,0.330521425977863,0.670346855697791,0.27931118987408,0.0781730250340008,0.369466073061035,0.00505182283996617,-0.000151063426042603,1.0307501157297,1.01001080679668,1.02053374953363,0.710085512492222,0.104525279213379,0.185389208294399,1.08311192698785,1.07074925578722,0.284351444205717,0.751713756706614,-0.0360652009123311,0.00205862992857058,0.917799752460472,0.0282797045248041,1.03121207173353,-5.51490223447373e-05,0.4,0,0.67,0.1,1.025,0.5,0.6,0.25,0.005,0.975,0.8,0.1,1.05417442785911,0.52031208433517,0.421669771143646,0.215677177413392,0.462905108465493,0.832079980231694,-1.21783975393413,3.73649988383175,5.41369912624997
24,0.00455862150400134,0.263589490932852,0.144857640509516,-0.0115497710817086,0.00444019484259628,0.0140943830810683,0.0825190866929973,0.0397030003802741,0.0341230108864453,0.788758257266741,2.49340323815132,0.335101936589412,3.17279109922868,0.423259064331817,3.55346188653372,1.01559147926661,2.6640998112994,-0.126229404032291,1.8803860430584,8.27948084529716,0.654463874810682,0.155167738881086,0.328720231084131,0.0223322779217428,1.12017568529376,2.876421967754,0.75051770914682,0.332036876308287,0.672105411176257,0.28004392132344,0.0791314323560401,0.370984174680455,0.00493450760346186,-0.000219560785647527,1.0300146739343,1.00958141461152,1.02023933783551,0.710001801044471,0.102849185656809,0.18714901329872,1.0829946342731,1.07075841433423,0.285803397276771,0.749719540089135,-0.0355229373659066,0.00209420056072115,0.91833833570578,0.0277400572874319,1.03047177549436,-5.98150354257575e-05,0.4,0,0.67,0.1,1.025,0.5,0.6,0.25,0.005,0.975,0.8,0.1,1.05706451454454,0.522511596639201,0.422825805817815,0.217136166700065,0.462985066517517,0.829113315352689,-1.22732526491263,3.75224373710079,5.42664618618943
25,0.00413965228263206,0.266129455709005,0.142553533039517,-0.0119976557770392,0.00397152810190327,0.0136458603699126,0.0817416969971535,0.0393433305993482,0.0338120035040299,0.806981865561955,2.54065660819787,0.336842992615244,3.19326408765321,0.420237423536413,3.57724928537115,1.02769080439268,2.67467200517121,-0.125113524192738,1.91076059235188,8.35747662104987,0.654082739847512,0.156188813351511,0.328810965613596,0.0221158478885922,1.12307719066603,2.89862838238597,0.752461717746243,0.333347483683431,0.67384631439962,0.280769297666508,0.0801008909542682,0.372534672160221,0.00477458858555943,-0.000258339565942142,1.02928842060534,1.00916035054405,1.01994536353955,0.709882924680167,0.101196318957583,0.18892075636225,1.08291580716311,1.07078863275777,0.287285207825356,0.747689577046267,-0.0349747848716233,0.00210312202833715,0.918801411482651,0.027233575994396,1.02973439907283,-6.46398167588939e-05,0.4,0,0.67,0.1,1.025,0.5,0.6,0.25,0.005,0.975,0.8,0.1,1.05998002147362,0.52478325539111,0.42399200858945,0.218543995635475,0.463190413773847,0.8267424731882,-1.23634461689441,3.76776495416659,5.4397982740558
26,0.00375339103346624,0.268694046948662,0.140329611231361,-0.012144670691829,0.00351070660790342,0.0131811685273167,0.0810002041550564,0.0390004570250533,0.0335157912162798,0.825204209867422,2.58661688123966,0.338355198304167,3.21298833780194,0.417209862620707,3.60076938705682,1.0398784322522,2.68484950961466,-0.123958554810043,1.94124872807762,8.43308950454218,0.653509390398358,0.157241543267951,0.328894344748384,0.0219028842835268,1.12589157270998,2.9206308342274,0.754347353715686,0.334550792774895,0.675534943625987,0.281472893177495,0.0810754573099524,0.374087784853219,0.00460360920343464,-0.000264707818544821,1.02857504474589,1.00877215798863,1.01963068330191,0.709711291357349,0.0995935096026838,0.190695199039967,1.08283825283785,1.07081357825888,0.288793399540799,0.74563217496313,-0.0344255745039284,0.00209382227627178,0.919241924059257,0.0267794408931817,1.02900620891199,-6.96186048674734e-05,0.4,0,0.67,0.1,1.025,0.5,0.6,0.25,0.005,0.975,0.8,0.1,1.06289326787089,0.527098539094344,0.425157307148358,0.219922807931016,0.463419912792089,0.824570015708659,-1.24464491014084,3.78301647770009,5.45309183182036
27,0.00342124843666741,0.271291024828405,0.138231766058187,-0.0119293234819466,0.00306592224627211,0.0127607407269186,0.0802315852525662,0.0386511496460019,0.0332160858928017,0.843978088534712,2.63307976851873,0.340016671642213,3.23296248948407,0.414465295052906,3.62391851938275,1.05214646668329,2.69455368685574,-0.122781634156281,1.97231329020527,8.50895325128064,0.653403850972459,0.158241821866374,0.328880825387088,0.0217035184336211,1.12856013138361,2.94233222588581,0.75613528802702,0.335759658897563,0.677136078830167,0.282140032845903,0.0820530868791085,0.375611769062036,0.00445021466676893,-0.00024212125688378,1.02787428501064,1.00843835467885,1.01927329542913,0.709459972173276,0.0980699049011041,0.192470122925619,1.08272237571884,1.07080577293669,0.290333919224263,0.743546984415091,-0.0338809036393547,0.0020763952099474,0.919718113679894,0.0263918849197974,1.02828977974283,-7.47464862887293e-05,0.4,0,0.67,0.1,1.025,0.5,0.6,0.25,0.005,0.975,0.8,0.1,1.06578992146768,0.529433349018171,0.426315968587073,0.221306612415984,0.463565018868694,0.822163042559735,-1.25198076086744,3.79803483289065,5.46654436901824
28,0.00315483063857174,0.273938063152878,0.136299546592446,-0.0113687524053578,0.00264635321163742,0.0124293651064222,0.0793828083196516,0.038275160453266,0.0328966977831689,0.863887757085115,2.68191318397532,0.342199759530952,3.25405958505341,0.412257078153557,3.64666349436772,1.06453388844452,2.70373416570937,-0.121604559786171,2.00450984939405,8.58768688471753,0.654379192423965,0.159123621127853,0.328695093377697,0.0215269145256268,1.13103539880286,2.96370926176237,0.757793717197913,0.337071477729585,0.678621239281713,0.282758849700714,0.0830354172634464,0.37707857379964,0.00433299332364085,-0.000201143722076959,1.02718273833495,1.00817060479176,1.01885805185434,0.709100362300358,0.0966500578700782,0.194249579829564,1.08253724011052,1.07074436442196,0.291919967413302,0.741426833016716,-0.0333468004300185,0.00206058606345606,0.92027740388392,0.0260748304887665,1.02758425868362,-8.00184004227955e-05,0.4,0,0.67,0.1,1.025,0.5,0.6,0.25,0.005,0.975,0.8,0.1,1.06866920042121,0.53177038660138,0.427467680168484,0.222730487699908,0.46353818281998,0.81917099263468,-1.25819438152472,3.81290760723675,5.48023779190953
29,0.0029559268645432,0.276660050215075,0.134556896438133,-0.0105544281411848,0.00225990931848918,0.012218870387005,0.0784097373676765,0.037854795123882,0.0325431847889461,0.885560058136893,2.73513070785605,0.345258357634978,3.27705293750895,0.41078076587176,3.66904882165865,1.07712363059788,2.71237657307118,-0.120451382010407,2.03849398513034,8.67200460910805,0.656967558137685,0.159837777977119,0.32827695773295,0.0213798166413546,1.13328750859368,2.98481175798792,0.759302630757764,0.33856587168534,0.679972505156206,0.283321877148419,0.0840274815815527,0.378470063696696,0.00426455851451562,-0.000148068282496672,1.02649559274257,1.00797070649887,1.01837839743185,0.70860827059338,0.0953481296814378,0.196043599725182,1.08226010230819,1.07061489138031,0.293570263834639,0.739258784744727,-0.0328290485793654,0.00205327569099083,0.920957365095394,0.0258213455483032,1.0268864694467,-8.54291445269075e-05,0.4,0,0.67,0.1,1.025,0.5,0.6,0.25,0.005,0.975,0.8,0.1,1.07154074016372,0.534103367689696,0.428616296065488,0.224229009135108,0.463270005948498,0.815317501827058,-1.26327996587705,3.8277517856232,5.49430653236224
30,0.00281698608686277,0.279485392203665,0.133007124014383,-0.00962823456913831,0.00191137928762641,0.0121432226150122,0.0772844108250309,0.0373778214955223,0.0321452305256404,0.909581024280631,2.7945985346467,0.349472577184355,3.30249991357465,0.410141122101747,3.69118848194319,1.09003111373996,2.72050234783107,-0.119344979627828,2.07493531262211,8.76431465433583,0.661533878685163,0.160360153110611,0.327590988617294,0.0212651590268898,1.13530856161804,3.00575344854428,0.760656736284089,0.34029625096297,0.681185136970826,0.283827140404511,0.0850369785090874,0.379779605950205,0.00424989642809178,-9.07255626965733e-05,1.02580693756862,1.0078310710173,1.01783619008013,0.707968352765154,0.0941648344944935,0.197866812740352,1.08187985062923,1.0704113259531,0.295306273052931,0.737026126174904,-0.0323323992278352,0.00205959505846438,0.92177961579659,0.025615833925825,1.02619159299488,-9.09733788498816e-05,0.4,0,0.67,0.1,1.025,0.5,0.6,0.25,0.005,0.975,0.8,0.1,1.07442194741212,0.536435851216905,0.429768778964848,0.22582909151859,0.462719819802399,0.810444919437002,-1.26740497414465,3.84268920666501,5.50891328689028
31,0.00272394392287827,0.282442665392395,0.13163286560284,-0.008747338041591,0.00160142480287662,0.0121995065702596,0.0759962494582023,0.0368381972076178,0.0316973250033143,0.936457794362959,2.86189518279848,0.355027001881042,3.33071654018331,0.410346583287259,3.71324871418514,1.10338995322609,2.728162522655,-0.118303761695945,2.11446593974288,8.86654948476291,0.668251611997109,0.160691480996458,0.326627698397268,0.0211817885247527,1.13711215609923,3.02669400923934,0.761865144586482,0.342286678116432,0.682267293659536,0.284278039024807,0.0860732888426275,0.381012685315335,0.0042874112862596,-3.57526223946111e-05,1.02511078522695,1.00773756364249,1.01723982732335,0.707175803612268,0.0930875775144737,0.199736618873258,1.08139656104184,1.07013540416493,0.297149487727405,0.734710420077533,-0.0318599078049382,0.00208222366190425,0.922749393264223,0.025437966527183,1.02549405188752,-9.66456319018046e-05,0.4,0,0.67,0.1,1.025,0.5,0.6,0.25,0.005,0.975,0.8,0.1,1.07733485887789,0.538780715303203,0.430933943551157,0.227546887461534,0.461876236048868,0.804516877791069,-1.27088667311759,3.85782786786466,5.52422464869218
32,0.00266322322457002,0.285560160199684,0.130402990934984,-0.00802904016712702,0.00132657312056783,0.012378835312493,0.0745422041056153,0.0362326948916839,0.0311962144007406,0.966701061576782,2.93854378772983,0.362055012004791,3.36194662086329,0.411350680057334,3.73543053154689,1.11734389046651,2.7354263372854,-0.117339696205029,2.15774096109555,8.98054485807012,0.677191816963701,0.160842767087667,0.3253893417109,0.0211258211066038,1.13872491895922,3.04782095082157,0.76294569570268,0.344548122719708,0.683234951375535,0.284681229739806,0.0871467580354066,0.382184466183383,0.00437462934978745,1.60564682453199e-05,1.0244017530607,1.00767653934069,1.01659780005492,0.706233067716953,0.09209490432748,0.201672027955567,1.08081401531523,1.06979101158722,0.299120511284686,0.732292118453031,-0.0314126297377172,0.00212158012629441,0.923865295882224,0.0252696875553287,1.02478829193447,-0.000102440305853734,0.4,0,0.67,0.1,1.025,0.5,0.6,0.25,0.005,0.975,0.8,0.1,1.0803029914318,0.541159121051744,0.43212119657272,0.229391856811997,0.460739317634602,0.797546237414265,-1.27411714102857,3.8732628962394,5.54040092616458
33,0.00262630417735504,0.288867130001821,0.129282321345636,-0.00752258318814913,0.0010805981869968,0.0126737535676198,0.0729192904194501,0.0355582547232727,0.0306388660458005,1.00090889523933,3.02624061167001,0.370690248868012,3.39649181145917,0.413096832655933,3.75795290277048,1.13204317743087,2.74236778265973,-0.116458057320123,2.2055077878766,9.10837418494739,0.688421477632529,0.160824062846812,0.323877889257202,0.021092453428707,1.14017647531878,3.06933608551177,0.763918238463585,0.347093625996852,0.68410588519127,0.285044118829696,0.0882683476404091,0.383314328364862,0.00451093206743322,6.66861807083696e-05,1.02367470689174,1.00763943569824,1.01591369950937,0.705144298472808,0.0911626917902043,0.203693009736988,1.08013419719052,1.06938008969759,0.301239320108046,0.729750439562766,-0.0309897596708123,0.00217763877880541,0.925126527152989,0.025099630839705,1.02406893205102,-0.000108351682062078,0.4,0,0.67,0.1,1.025,0.5,0.6,0.25,0.005,0.975,0.8,0.1,1.08335023075145,0.543597004464248,0.433340092300579,0.231371551393499,0.459307250953673,0.789541393955891,-1.27747497395241,3.88908736637184,5.5575946317087
34,0.00260946194079647,0.292393757606988,0.128239579067729,-0.00721606520394458,0.000856464269127111,0.0130753970209387,0.0711275967759524,0.0348131918997916,0.0300234523814158,1.03973943666839,3.12672466987779,0.381068751828359,3.43464410227859,0.415532270464033,3.78102964560086,1.14763703867945,2.74905094301596,-0.11565833609455,2.25857426323621,9.25213673570043,0.702019742497431,0.160646959391336,0.322096411479723,0.0210770562995897,1.14149347113698,3.09143932968016,0.764800625661778,0.349934002436776,0.684896082682189,0.285373367784245,0.0894491715029691,0.384421234710149,0.00469423323850737,0.000114797754856452,1.02292435443674,1.0076225092505,1.01518608908173,0.703911399362699,0.0902693015552484,0.205819299082053,1.07935868322196,1.06890348047889,0.303525004098209,0.727064107049277,-0.0305891111474856,0.00225087599045424,0.926530416981699,0.0249235546085797,1.02333059896469,-0.000114373926712208,0.4,0,0.67,0.1,1.025,0.5,0.6,0.25,0.005,0.975,0.8,0.1,1.0865012647248,0.546121621354893,0.434600505889921,0.233490853883363,0.457580899771392,0.780524275944076,-1.28125879010776,3.90539341386554,5.57594474278103
35,0.00261156761992224,0.296168729712735,0.127252429905172,-0.00705476661329052,0.00064791581354573,0.0135668577252508,0.0691780302921893,0.0340002796522159,0.0293518413424245,1.08379595650272,3.24137676010779,0.393291686963669,3.47650958958197,0.418600340084337,3.80483747275,1.16425899112515,2.75551413170626,-0.114935650081416,2.31768854242593,9.41337273256173,0.71803193642974,0.160333128044753,0.320057305099008,0.021075559463149,1.1426969164919,3.11430325928702,0.765606934049576,0.353061298326169,0.685618149895142,0.285674229122976,0.0906995332466898,0.385521880116285,0.00491606356783787,0.000154180723092444,1.0221457209564,1.00762462545802,1.01441121537872,0.702532762874224,0.0893990011637388,0.208068235962037,1.07849310435267,1.06836400908203,0.305994408291888,0.724213360340523,-0.0302077686324109,0.00234121571275642,0.928065716371874,0.0247432155126363,1.02256811257318,-0.000120501096575729,0.4,0,0.67,0.1,1.025,0.5,0.6,0.25,0.005,0.975,0.8,0.1,1.08978110987636,0.548760001653198,0.435912443950543,0.23574714693454,0.455576340368212,0.77057955196009,-1.28564803392943,3.92225712069685,5.59556332922234
36,0.00263321654868876,0.300218077681371,0.126308627807401,-0.00696962590278627,0.000450485981034365,0.0141290811084063,0.0670863080035268,0.0331243932230114,0.028627673448731,1.13368788122976,3.37146931622393,0.407466998381274,3.52209152875372,0.422258968503138,3.82950320358751,1.18202145316555,2.76176448659547,-0.114282736173506,2.38358706819368,9.59338562336121,0.736528323009339,0.159906055957225,0.317775077295641,0.0210850922984325,1.14379941554083,3.13805816424012,0.766345608412354,0.356454437306952,0.686279649324496,0.285949853885207,0.0920283221588472,0.386630822904807,0.00516539002289623,0.000182541561383488,1.02133529360609,1.00764638263143,1.01358503460203,0.701003350412124,0.0885427712789463,0.210453878308929,1.07754439521127,1.06776496298009,0.30866182643539,0.721180879018826,-0.0298427054542158,0.00244635723598534,0.929717738883829,0.0245635841493747,1.02177720289295,-0.000126727144875729,0.4,0,0.67,0.1,1.025,0.5,0.6,0.25,0.005,0.975,0.8,0.1,1.09321247603426,0.551539194038808,0.437284990413706,0.238134542141287,0.453314634100991,0.759815201516489,-1.29070656500538,3.93973079439893,5.61653442865252
37,0.00267612192582066,0.304566516630942,0.125403488549652,-0.00690624207102486,0.000261725561480297,0.0147497839781774,0.0648625764118118,0.0321882397911998,0.0278528399510079,1.19021128769275,3.51881928998285,0.423792658054447,3.57149419541195,0.426503787728677,3.85511745656572,1.20102377682951,2.76778567053421,-0.113691990798003,2.45717014034019,9.79409472992849,0.757708796808428,0.15937838555514,0.315254669027645,0.0211043418233068,1.14480432727973,3.16280008902854,0.767018899277419,0.360099117439569,0.686882596367838,0.286201081819932,0.0934433097372092,0.387759804249262,0.00543477116934264,0.00020376106221704,1.02049098891699,1.00768950253545,1.01270380047557,0.699315367718994,0.0876965867083446,0.212988045572661,1.07651587013489,1.0671071316483,0.311540125651766,0.71795106158855,-0.0294911872403165,0.00256297055191808,0.931476983775476,0.0243894076021833,1.02095481379292,-0.000133045927254214,0.4,0,0.67,0.1,1.025,0.5,0.6,0.25,0.005,0.975,0.8,0.1,1.09681401937334,0.554484889291144,0.438725607749338,0.240651804311314,0.450804720702669,0.748297328737958,-1.29642435430369,3.95785048963258,5.63892576036519
38,0.00274036720923202,0.309238444726489,0.124534501173193,-0.00684939260734097,8.06977099303552e-05,0.0154215341259922,0.0625124022115327,0.0311925060309536,0.0270275176510427,1.25440996773637,3.68600703739322,0.442570892222767,3.62491997152637,0.431351833386703,3.88175426384445,1.22136066755652,2.77355013269271,-0.113156536404789,2.53957371265996,10.0182635876273,0.781898977595082,0.158754852635093,0.312494746315166,0.0211327883904011,1.1457102923407,3.18860819157553,0.767625895868267,0.363990392887395,0.687426175404418,0.286427573085174,0.0949517752680323,0.388917595568053,0.00571989686450241,0.000221180449583373,1.0196112529851,1.00775406904528,1.01176594995151,0.6974605029756,0.0868578958260708,0.215681601198329,1.07540881612512,1.06639017949266,0.314641418422627,0.71450945734831,-0.0291508757709368,0.00268875857788458,0.933337658733039,0.0242217599825236,1.02009873964651,-0.000139451207835854,0.4,0,0.67,0.1,1.025,0.5,0.6,0.25,0.005,0.975,0.8,0.1,1.10060124206793,0.557619526709829,0.440240496827172,0.243303020288664,0.448046513002469,0.736061174217224,-1.30277777660399,3.97664114435129,5.66279488269111
39,0.00282214620804996,0.314257198587995,0.123695937293714,-0.00682605972007,-9.30997653614263e-05,0.0161347874921154,0.060044167943653,0.0301387767568584,0.0261525226013303,1.32751137511565,3.8761414585723,0.464158140667098,3.68251853656372,0.436802783980089,3.90948027995582,1.24312305798258,2.77902720984222,-0.112669987868974,2.63211692659993,10.2691316914841,0.809460367301492,0.158043269519443,0.30949906587669,0.0211694305232783,1.14651758072752,3.21555382173948,0.768166779087441,0.368119674913174,0.687910548436514,0.286629395181881,0.0965607760177529,0.390112199716587,0.00601590977983115,0.000234386147955896,1.01869479023569,1.00783625693909,1.01077410464432,0.695432956086451,0.0860222313280519,0.218544812585496,1.07422712820224,1.06561589741272,0.317976551599149,0.710843132773308,-0.0288196843724568,0.00282235856510251,0.935291022991515,0.0240568202924213,1.01920731062019,-0.000145936665382032,0.4,0,0.67,0.1,1.025,0.5,0.6,0.25,0.005,0.975,0.8,0.1,1.10458782886894,0.560963060928178,0.441835131547576,0.246092553011641,0.445045152329846,0.723161843329571,-1.309777555517,3.99611089109321,5.68818377922497
40,0.00291379585902947,0.31964268409411,0.122876580795698,-0.00688304135077022,-0.000260812541257205,0.0168719084533495,0.0574766527817926,0.0290328803991304,0.0252321190746228,1.41077304463048,4.09229455453549,0.488877704542214,3.74419443658791,0.442802946399518,3.93834561208107,1.26638939685049,2.78418153061285,-0.112225315382274,2.73615048117354,10.5496657638497,0.840667149152139,0.157264768992212,0.306287181801006,0.0212118135926807,1.1472316810376,3.24369270082758,0.768645226295191,0.372458453907919,0.688339008622559,0.2868079202594,0.0982767292996479,0.39135328660763,0.00631390263093662,0.000239425450384777,1.0177409695152,1.00792836483832,1.00973541872537,0.693231642959297,0.0851819339862223,0.22158642305448,1.07298118495215,1.06479073866923,0.32155364753731,0.706941900139254,-0.0284955476765641,0.00296211703399677,0.937319235953471,0.0238877832074279,1.01827947545154,-0.00015249589952915,0.4,0,0.67,0.1,1.025,0.5,0.6,0.25,0.005,0.975,0.8,0.1,1.1087855467964,0.564534655309449,0.44351421871856,0.249017750596172,0.441825160336758,0.709722043545719,-1.31747789854626,4.01623549485944,5.71510374775596
41,0.00300290147465121,0.325404719747908,0.122061003672587,-0.0070592333653241,-0.000424683840860474,0.0175941506170216,0.0548558395504909,0.027892454005591,0.0242803935855161,1.50492610300459,4.33560313356635,0.516773306807117,3.80911604728577,0.449180903361708,3.96833715916103,1.29119557224273,2.78895458778165,-0.11181300086336,2.85249403315185,10.8601736122884,0.87539617293056,0.156475951400253,0.302916889078141,0.0212549636250954,1.14786556120668,3.27302548198141,0.769069926008473,0.376922759540428,0.688719336724006,0.286966390301669,0.100103593495733,0.392652880584945,0.00659234045561871,0.000223739164801102,1.01675058614866,1.00801791598202,1.00866320928248,0.690862646223433,0.0843273879979314,0.224809965778634,1.0716968389239,1.06393196837803,0.325374463012407,0.702801822425874,-0.0281762854382808,0.00310486809628935,0.939381817771514,0.0237079017001696,1.0173152579503,-0.000159122437105011,0.4,0,0.67,0.1,1.025,0.5,0.6,0.25,0.005,0.975,0.8,0.1,1.1132023568108,0.568351585849029,0.445280942724321,0.252052911037833,0.438461813985777,0.696036542945483,-1.32593933617513,4.03691616999028,5.74349792621804
42,0.00307134521224539,0.331531400221653,0.121233924509153,-0.00735976559410279,-0.000587799265482691,0.0182290120586024,0.0522729856170529,0.0267556312060154,0.0233286978297711,1.60913408802144,4.60188339757951,0.547192934634973,3.87504642483702,0.455573260180461,3.99929285327725,1.31748166624972,2.79323026861894,-0.111419081591404,2.98036924150252,11.1942401009215,0.912637763838077,0.155792793032111,0.299508954141542,0.0212906506140466,1.14843926731059,3.30342085345385,0.769454309098095,0.381328013503328,0.689063560386354,0.287109816827647,0.102039305800751,0.394025364842615,0.00680843943704571,0.000166129296302486,1.01572796006403,1.00808670193831,1.00757996123849,0.688342420469938,0.0834504530397004,0.228207126490361,1.07042544665728,1.0630748886053,0.32942865515384,0.698431040343573,-0.0278596954974131,0.00324290989561254,0.941401607651661,0.0235138603593062,1.01631711163362,-0.000165809738517058,0.4,0,0.67,0.1,1.025,0.5,0.6,0.25,0.005,0.975,0.8,0.1,1.11783653922241,0.572426387107757,0.447134615688966,0.255129239429268,0.435116223023222,0.682681542106407,-1.33515250706186,4.05790807823811,5.77318371477488
43,0.00310272739340249,0.337985833846374,0.120385492955745,-0.00774624535257118,-0.00075321509816928,0.0187006648165298,0.0498325619839074,0.0256684224933414,0.022415467775903,1.72101091572845,4.88200835857891,0.57887280167065,3.93893833066088,0.461528449457948,4.03087405383892,1.34507544067463,2.79682445739004,-0.111025844225746,3.11735862535223,11.5396542075577,0.950685466203659,0.155345959757863,0.296204712060804,0.0213100593008064,1.14896728888698,3.33457585512918,0.769808083554278,0.385438891721227,0.689380373332189,0.287241822221745,0.104073690808709,0.395486432421385,0.00691782537755818,6.50439442423309e-05,1.01468391231187,1.00811824103037,1.00651279881097,0.685696421495597,0.082547901719738,0.231755676784664,1.06922541626898,1.06226040895198,0.3336932443668,0.693850618862358,-0.0275438632291585,0.00336079988029382,0.943293026254132,0.0233076771775277,1.0152921529078,-0.000172551204206165,0.4,0,0.67,0.1,1.025,0.5,0.6,0.25,0.005,0.975,0.8,0.1,1.12266603619605,0.576766073182613,0.44906641447842,0.258153858024848,0.431976458933155,0.670300559248879,-1.34498687323022,4.07880859475653,5.80385110447331
44,0.00309174366264988,0.344717243661867,0.119514334834361,-0.00815262740787071,-0.000922901408850985,0.018974966236537,0.0475979037407716,0.0246610030983547,0.0215664665668389,1.83801152215534,5.16681966388166,0.610594334607859,3.99844672772304,0.466724642197078,4.06264148411004,1.37373866723572,2.799518366862,-0.110615549987676,3.26076533134425,11.8847936576193,0.988011339958912,0.155205586523902,0.293090924157761,0.0213079131416511,1.14944352049356,3.366071656752,0.770127158730685,0.389088392940206,0.689666112296136,0.28736088012339,0.106190444570715,0.39704513372554,0.00690371506189966,-5.20374949772069e-05,1.01363417950895,1.00810720238096,1.00548252915457,0.682952078541431,0.0816225633906232,0.235425358067945,1.06813098016985,1.06151311483794,0.338139280224902,0.689088214454945,-0.0272274946798466,0.00344186110162659,0.945007369087589,0.023095640521768,1.01425228605628,-0.000179340181159605,0.4,0,0.67,0.1,1.025,0.5,0.6,0.25,0.005,0.975,0.8,0.1,1.12764450527105,0.581366022889193,0.451057802108419,0.261054201883826,0.429152986522437,0.659256028312418,-1.35520798897604,4.09914319733953,5.83513466225353
45,0.00304471383687979,0.351675279969405,0.118627582513399,-0.00850862418961429,-0.00109713303312786,0.0190654858780308,0.0455778367818183,0.0237404399680898,0.0207883737168515,1.95853921363848,5.4507713377938,0.641657274449746,4.0526169870773,0.471062155635651,4.09415724423616,1.40322756901023,2.80110386977337,-0.110174194547437,3.40875935187805,12.2229728452609,1.02382897428818,0.155363870609152,0.290178744347697,0.0212837387502188,1.14984063586089,3.39747290216195,0.770393226026799,0.392230476922627,0.689904381516536,0.287460158965223,0.108371301379803,0.398695132295524,0.00677996055766945,-0.000154805642746137,1.01259393228681,1.00805993740606,1.00449774335087,0.680131981999521,0.0806824128146498,0.239185605185828,1.06714460129138,1.0608353739839,0.342739051128126,0.684171052094349,-0.026910103222476,0.0034784519087216,0.946542278931869,0.0228859644064948,1.01321124968478,-0.000186169969476768,0.4,0,0.67,0.1,1.025,0.5,0.6,0.25,0.005,0.975,0.8,0.1,1.13271136546457,0.586202594272069,0.453084546185826,0.263796507909518,0.426650638446085,0.649553598714465,-1.36552924861752,4.11847103783944,5.86668904226086
46,0.00297474303762212,0.358820010384301,0.117738474723968,-0.00875988122196314,-0.00127448349732018,0.0190158950999759,0.0437417843020132,0.0228960060390975,0.0200728971200743,2.08235329937065,5.7330078272881,0.672004244639042,4.10174218478846,0.474633936740391,4.12505927818949,1.43333640419993,2.80141651866148,-0.109693644671917,3.56084769362547,12.5534254096034,1.05818538266317,0.155757828280284,0.287423299519226,0.0212408459556528,1.15011970231418,3.42840893719162,0.770580200550498,0.394919741344471,0.690071821388505,0.287529925578544,0.110599838225387,0.400415779896604,0.00657851960936735,-0.000225552020960743,1.01157425573145,1.00798961675281,1.00355622609506,0.677250518747094,0.0797384430832992,0.243011038169606,1.06624593718457,1.06021321006198,0.347470498631554,0.67912151785209,-0.0265920164836436,0.00347361365695958,0.947927588858562,0.0226863529702138,1.01218135228951,-0.000193033828981154,0.4,0,0.67,0.1,1.025,0.5,0.6,0.25,0.005,0.975,0.8,0.1,1.13780673357927,0.591237317377577,0.455122693431708,0.266381498488294,0.424397311722929,0.64094960234512,-1.37566825273131,4.13645533095209,5.8982357961845
47,0.00289566448311905,0.366126071430103,0.116861782397666,-0.00888758994111727,-0.00145230505520633,0.0188794774688466,0.0420411144339504,0.0221079541168567,0.0194039420321631,2.21046278458448,6.01669928884807,0.702105619637459,4.1468635236869,0.47763999503755,4.15509736194761,1.46391859492388,2.80035066290745,-0.109171895883724,3.71781884022135,12.8801857574849,1.09175813099987,0.156301249853362,0.284754562031953,0.021184412208585,1.15024188232096,3.45861658957954,0.770662061155046,0.397264280053492,0.690145129392578,0.287560470580241,0.112863789140369,0.402179781165541,0.00633564297548333,-0.000260311037115054,1.01058130788427,1.00791014280553,1.00265020160557,0.674314356263188,0.0788015775692507,0.24688406616756,1.06540476813287,1.05962539271397,0.352318722641185,0.67395548615983,-0.0262742088010156,0.0034372186304462,0.949206663031255,0.0225012836611544,1.01117153729068,-0.000199924985872117,0.4,0,0.67,0.1,1.025,0.5,0.6,0.25,0.005,0.975,0.8,0.1,1.14288247609881,0.596427730523609,0.457152990439523,0.268832336382709,0.422287556815433,0.6330957371193,-1.385402415171,4.15288601955029,5.92957908401557
48,0.00281831594822171,0.373582308648057,0.116009598114356,-0.00890801537195618,-0.00162764352046685,0.018704427049328,0.0404264254063375,0.0213551414971453,0.0187639803369825,2.34474129020279,6.30751143958164,0.732732728175956,4.18925471776041,0.480301016575646,4.18413501534448,1.49488883386283,2.79785799257656,-0.108611811094908,3.88138488334849,13.2100698163711,1.12554157361242,0.15691051645999,0.282102910115825,0.0211196399557268,1.15017668439288,3.48794646958981,0.77061837854323,0.399382431193154,0.690106010635728,0.28754417109822,0.115155757177121,0.403961134879876,0.00608253511894325,-0.000264326818984148,1.00961704627319,1.00783240752796,1.00177076935798,0.671324807459159,0.0778801211175344,0.250795071423305,1.06459128907779,1.05905081565153,0.357275477101151,0.668682531112398,-0.0259580082135484,0.00338134238894864,0.950421936533564,0.0223313499255405,1.01018690964367,-0.000206836639409785,0.4,0,0.67,0.1,1.025,0.5,0.6,0.25,0.005,0.975,0.8,0.1,1.14790689988037,0.601737237163623,0.459162759952148,0.271181395877052,0.420218211782658,0.625652312740822,-1.39460249337561,4.16766662201258,5.96059892795771
49,0.00275006985560953,0.381189376798175,0.115189621477733,-0.00885355049362868,-0.00179808037712881,0.0185278019100412,0.038856304673061,0.0206192086589418,0.0181376244562911,2.48757921188623,6.61227254473169,0.76476971246218,4.23011080733608,0.482808899905286,4.21213051378357,1.52621440822995,2.79393530543691,-0.108019199883284,4.05383797442381,13.5510342633316,1.160610123036,0.157517163429502,0.279411603020294,0.0210507105518215,1.14990449367239,3.5163458835192,0.7704360107605,0.401378110621165,0.689942696203433,0.287476123418097,0.117472809121867,0.405740013567107,0.00584193406094469,-0.000246134138859783,1.00868054959439,1.00776382020489,1.00090966689925,0.668279895101559,0.0769789081579276,0.254741196740513,1.0637807916242,1.05847180269778,0.362337872303728,0.663306917080126,-0.0256447893838539,0.00331691677036725,0.951608144792252,0.0221748227882202,1.00922924975043,-0.00021376196862657,0.4,0,0.67,0.1,1.025,0.5,0.6,0.25,0.005,0.975,0.8,0.1,1.15286426601748,0.607140835062002,0.461145706406994,0.273460757700467,0.418105654634174,0.618341930731975,-1.40323112483845,4.18078611359738,5.99123513494598
50,0.0026959598259745,0.388956480393278,0.114406407343419,-0.00874808123917004,-0.0019620757044535,0.0183739158568998,0.0373011556233855,0.0198866177706083,0.0175134212755145,2.64157859822416,6.93787966947694,0.799078549180722,4.27037655418292,0.485308778561123,4.23910607338531,1.55790034810606,2.78860670602583,-0.107400980746576,4.23773600565554,13.9108995130056,1.19796684502639,0.158072450237988,0.276640741461035,0.0209804980311162,1.14941484893033,3.54382965745744,0.770107948783322,0.403329855902904,0.689648909358199,0.287353712232583,0.119815390912659,0.407503790642186,0.00562750656966629,-0.000214773808315532,1.00776917788024,1.0077094396251,1.00005928123007,0.665175393218262,0.0761003269913472,0.25872427979039,1.06295544483507,1.05787536733784,0.367506809486825,0.657828952083493,-0.0253357615703175,0.003252364873021,0.952789716711611,0.0220302361289501,1.00829788117053,-0.000220694139058641,0.4,0,0.67,0.1,1.025,0.5,0.6,0.25,0.005,0.975,0.8,0.1,1.15775170975188,0.612626075463488,0.463100683900752,0.275695241539524,0.415891423948482,0.610968751622589,-1.41130774324777,4.19228783033291,6.02146945531443
51,0.00265980553278683,0.396897524173937,0.113664472183733,-0.00859006244557192,-0.00211871853131629,0.0182543034994023,0.0357450721684802,0.0191498181566574,0.0168849128399815,2.80921623352285,7.29021444221035,0.83638653517291,4.31063152886745,0.487897542485687,4.26511071716032,1.58997056012358,2.78190407780712,-0.106763920770368,4.43555000294382,14.2961331033349,1.2384309556326,0.15854905496269,0.273768349273655,0.0209107987443686,1.14870289382856,3.57044486729394,0.769630938865138,0.405284779883502,0.689221736297138,0.287175723457141,0.122185845665294,0.409245644041487,0.00544411356924883,-0.000178961342046583,1.00687956253724,1.00767310456045,0.999212500542466,0.662005268510157,0.0752464794280576,0.262748252061784,1.062104994258,1.05725371673234,0.372785295754799,0.65224662670874,-0.025031922463539,0.00319314884925472,0.953979760561534,0.0218985232854302,1.0073906123602,-0.000227626309490711,0.4,0,0.67,0.1,1.025,0.5,0.6,0.25,0.005,0.975,0.8,0.1,1.16257524747075,0.61819091706399,0.465030098988301,0.277897370126947,0.413544064218356,0.60342572678812,-1.41885602598117,4.20223857744786,6.05130784942273
52,0.00264160726574256,0.40502310149897,0.112970658501914,-0.00835731756759728,-0.00226710556325338,0.0181592143044476,0.0341973490695702,0.0184128806882529,0.0162554750297758,2.99150474742567,7.67028608921674,0.876849543814021,4.35058211081271,0.490572750806097,4.29016235594847,1.62243284616077,2.77384306817626,-0.106113558388555,4.64831154436878,14.7074752579857,1.28215070500154,0.158959932468288,0.270806987154087,0.0208419687699732,1.14776926123938,3.59621857274725,0.769005405030384,0.407229315943823,0.688661556743627,0.286942315309845,0.124585981685951,0.41096240765633,0.00528222645759737,-0.000152992373402045,1.00600848193414,1.00765481530207,0.998366173273892,0.65876423629002,0.0744210295711944,0.266814734138785,1.06123457226375,1.0566103346974,0.378175162511322,0.646558996614713,-0.0247341591260343,0.00314173396676484,0.955170663161347,0.0217829643465538,1.00650463789857,-0.000234551638707496,0.4,0,0.67,0.1,1.025,0.5,0.6,0.25,0.005,0.975,0.8,0.1,1.16734540624308,0.62383837041725,0.466938162497231,0.280054829798274,0.411083316664544,0.595768944250301,-1.42585447957344,4.21067646871328,6.08074682006449
53,0.00263519453121538,0.41332973288953,0.112334783862834,-0.00802099719110083,-0.00240586829961709,0.0180538207866392,0.032698743047363,0.0176949196481976,0.0156413341081532,3.186300418717,8.06980970738861,0.919554956621339,4.38866650721323,0.493191378379347,4.31418380220582,1.65523608742425,2.76440120523455,-0.105453490452978,4.87389281488425,15.1351103836472,1.32806556171691,0.159370168797421,0.267814562112388,0.0207727171692023,1.14662042414104,3.62109557082938,0.768235684174496,0.409065650258898,0.687972254484624,0.28665510603526,0.12701386005442,0.412654085872963,0.00511597689181948,-0.0001531780102748,1.00515481372277,1.00764837050387,0.997525370105196,0.655452092527307,0.0736300691464971,0.270917838326195,1.06036993209901,1.0559644191776,0.383673056900807,0.640770382527771,-0.0244434394285781,0.00309539777814495,0.956328946557302,0.0216879943658622,1.00563800566139,-0.000241463292245164,0.4,0,0.67,0.1,1.025,0.5,0.6,0.25,0.005,0.975,0.8,0.1,1.17206992384801,0.629571696509263,0.468827969539202,0.282122744280902,0.408595174484443,0.588260152162935,-1.4322068643337,4.21754882889382,6.10973458835621
54,0.00263278507073539,0.421796303147697,0.111769548962835,-0.00755199743000945,-0.00253304322743331,0.0178988865315908,0.0312984075091418,0.0170197186648051,0.0150628570461264,3.38891711044118,8.47387354941735,0.962871844195697,4.42280706185291,0.49556667550493,4.33699242751804,1.68826003053523,2.75351854634768,-0.104786149364869,5.10757401694819,15.5620579809363,1.37435406921258,0.159858932971572,0.264861848693857,0.0207016988768243,1.14526223501713,3.64491736223084,0.767325697461477,0.410660312923641,0.687157341010278,0.286315558754283,0.129462056999792,0.414322672085959,0.00491772427692354,-0.000181373247141112,1.00432137836189,1.00764594899609,0.996700655981889,0.652075030637761,0.0728821320643091,0.275042837297929,1.05954340525323,1.05534069765478,0.389269766722048,0.634891250645654,-0.0241610173677021,0.00304525604409445,0.957414488699312,0.021618604773534,1.00479128504327,-0.000248354449136127,0.4,0,0.67,0.1,1.025,0.5,0.6,0.25,0.005,0.975,0.8,0.1,1.17674448707382,0.635391101666217,0.470697794829528,0.284043541132383,0.406183086683765,0.581214673837921,-1.43774813382804,4.22270201583183,6.13817122860208
55,0.00262961786607921,0.430389171708815,0.111288791526769,-0.00693603601979187,-0.00264609020743312,0.017672084683644,0.0297520438717108,0.0162274069136947,0.0143696998103064,3.56848085768923,8.86844010161868,1.00840789242768,4.52184569814994,0.508186080488765,4.36239546177371,1.72312326912283,2.74335354372747,-0.104081351076593,5.31843403131723,16.0431777558976,1.43310592376303,0.158234282639155,0.260339173654483,0.0205933019231784,1.14369443010454,3.67048645442052,0.766275268170043,0.414942191273476,0.686216658062725,0.285923607526136,0.131404378133989,0.415474506917037,0.00569234929046346,0.000794621768227137,1.0035454266032,1.00764276595541,0.995933738135531,0.648643895707802,0.0721867952845366,0.27916930900766,1.0590379339986,1.05505442200598,0.394994741816058,0.628864019267982,-0.0238587610840401,0.00286725131988731,0.958401769099,0.0215786721750448,1.00396776976387,6.15967826498431e-05,0,0.470697794829528,0.67,0.1,1.025,0.5,0.6,0.25,0.005,0.975,0.8,0.1,1.18134969471019,0.640527891600167,0.470697794829528,0.285277963123399,0.401359166990078,0.566804005789954,-1.44183365761479,4.22936770372889,6.17232343787316
56,0.00262107584333972,0.439067478419144,0.11090172987248,-0.0062106973440067,-0.00274224169464632,0.0173663234476125,0.0285902917258664,0.0156557892998206,0.0138771519279846,3.76993156073922,9.25270024864123,1.05064592827017,4.55742374862071,0.51146285703675,4.38667743301472,1.75764305554676,2.73242568912112,-0.103391311653161,5.55299959163967,16.451280860972,1.47924518380941,0.158761878285485,0.257557786883071,0.0205277101556543,1.14222690334495,3.69427765951004,0.765292025241118,0.415867825327537,0.685336142006971,0.285556725836238,0.133336902931796,0.416465412947016,0.00706363149770885,0.00139872901625212,1.0027756699982,1.00763418122256,0.995178298518557,0.645174107105133,0.0715509245468921,0.283274968347974,1.05837334893859,1.05455360113376,0.400677524706631,0.622891865391442,-0.0235693900980731,0.00255624784071434,0.959279360198188,0.0215665773034007,1.00317223065687,0.00100366877692509,0,0.470697794829528,0.67,0.1,1.025,0.5,0.6,0.25,0.005,0.975,0.8,0.1,1.18617907447487,0.645508566386332,0.470697794829528,0.286896504631483,0.399206639024497,0.560451490688942,-1.44500315415773,4.23517568208277,6.20472421476958
57,0.00259870622217181,0.447786272563255,0.110604974507244,-0.00548794980516276,-0.00281965402550399,0.0169818812474063,0.0275822113316264,0.0151574843308877,0.0134473288414803,3.96568622312874,9.60539229599987,1.08970278285686,4.58480173861918,0.514111015187959,4.40938068648103,1.79165541982986,2.72044259747824,-0.102717330827071,5.78156011586177,16.8190382654595,1.52155734924432,0.159468212945455,0.254934308971945,0.0204608820265765,1.14052480317664,3.71604485977914,0.764151618128346,0.416311545474488,0.684314881905981,0.285131200794159,0.135249740042285,0.417618942518596,0.00902094479590986,0.00199630663547491,1.00204938483604,1.00761169975328,0.994479703919075,0.641687382343697,0.0709738165657451,0.287338801090556,1.05778352518308,1.05410440925424,0.406328132502375,0.616967050683323,-0.023295183185698,0.0022223463285371,0.960043025083401,0.0215717228476501,1.00240981796231,0.00257324531976464,0,0.470697794829528,0.67,0.1,1.025,0.5,0.6,0.25,0.005,0.975,0.8,0.1,1.19084719312597,0.650813704631819,0.470697794829528,0.288287751971504,0.397287395679846,0.554983219600746,-1.44725668982336,4.23951393206783,6.23534104349941
58,0.00255154039138336,0.456500142867861,0.110378453883976,-0.00492112364019481,-0.0028790050985511,0.0165248568774632,0.0267223354771446,0.0147304717887435,0.0130785922774197,4.15246882768608,9.9202657032639,1.12477906812569,4.60382332331773,0.516014742241646,4.43032523273215,1.82501800772971,2.70736716828248,-0.102059943280048,6.00070486634044,17.1398001843756,1.55912502763279,0.160352848537639,0.2524773430778,0.0203911605454933,1.13860481316888,3.73560401238684,0.762865224823147,0.416272054982171,0.683162887901325,0.284651203292219,0.137134817612994,0.418731871256874,0.0115583324439873,0.0025928349146803,1.00137130084972,1.00756429809334,0.99385349673928,0.638211538579322,0.070444802879299,0.291343658541378,1.05727265624341,1.05371217426244,0.411937704764002,0.611098965890784,-0.0230366706547863,0.00186736781887295,0.960694650522782,0.0215766941466781,1.00168548775647,0.00476265321671235,0,0.470697794829528,0.67,0.1,1.025,0.5,0.6,0.25,0.005,0.975,0.8,0.1,1.19531719298167,0.656102006850242,0.470697794829528,0.289462951304326,0.395601345033375,0.550390728737503,-1.44879308491953,4.24211566953046,6.26414186211132
59,0.00246973316729391,0.465166606727986,0.11018858778852,-0.00463941630814801,-0.00292430922320486,0.0160047548196676,0.0260001206184853,0.0143701084678823,0.0127670285384261,4.32794244899923,10.1942317770992,1.15526966118707,4.61452540069881,0.517037034758111,4.44941376855791,1.85762317226529,2.69320750779083,-0.101416911498212,6.20798768229827,17.4105124845991,1.59120474078341,0.161408428538248,0.250190952887455,0.0203149563364439,1.13649405405997,3.75284564423361,0.761451016220177,0.41577030386541,0.681896432435979,0.284123513514991,0.138986367504502,0.419807862343012,0.0146716918883208,0.00319065278656295,1.00074480742798,1.00748208183313,0.99331276007123,0.634777479695244,0.069945234047575,0.29527728625718,1.05684094615322,1.05337889034293,0.417498409653945,0.60529491026943,-0.0227933199233751,0.00149524613085407,0.961240259363121,0.0215635991777777,1.00100348349042,0.00756119970184236,0,0.470697794829528,0.67,0.1,1.025,0.5,0.6,0.25,0.005,0.975,0.8,0.1,1.19955581377233,0.661346496640935,0.470697794829528,0.290440894409276,0.394139617252287,0.546633405448142,-1.44994741785023,4.24275843730914,6.29111434818369
60,0.00234739689915241,0.473749053108445,0.109995624357872,-0.00470830553168522,-0.00296228244229602,0.0154333259837351,0.0254016955076472,0.0140700227031887,0.0125072298313317,4.49075792319305,10.4269745001509,1.18077713723895,4.61730558704346,0.517049643369421,4.46662454435997,1.88939880930406,2.6780079786218,-0.10078224356588,6.4019769271673,17.6312833643335,1.61727213129104,0.162621068556928,0.248072557242187,0.020227594248548,1.13422480389709,3.76773253005069,0.759930618611048,0.414845792637775,0.680534882338252,0.283556200974272,0.140800873886734,0.420853359886168,0.0183571319710304,0.00379012118485971,1.00017172392448,1.00735913388365,0.9928650967491,0.631414908114991,0.0694528770469765,0.299132214838032,1.05648465362348,1.05310302231905,0.423003722506697,0.599559679132499,-0.0225634016391957,0.00111146905251636,0.96168914134449,0.0215189160202908,1.00036697133822,0.0109552245576869,0,0.470697794829528,0.67,0.1,1.025,0.5,0.6,0.25,0.005,0.975,0.8,0.1,1.20353607246893,0.666524268713536,0.470697794829528,0.291241991816501,0.392883592157773,0.543642778979794,-1.45108810248009,4.2412808823546,6.31626657238201
61,0.0021838363800293,0.482219747594127,0.109760904258598,-0.00512837551702583,-0.00300087512842573,0.0148255984737209,0.0249085750948056,0.0138214710917644,0.0122917354848021,4.64099773497098,10.6217275162175,1.20128597659525,4.61298941811074,0.515978433997561,4.48200391545113,1.92030998337184,2.66184049931099,-0.100146567231696,6.58269633808019,17.8062159212493,1.63724239379606,0.163965586079051,0.246108098654169,0.0201245504349431,1.13182860267851,3.7802961963441,0.758325163794605,0.413559764963702,0.679097161607109,0.282957150669629,0.142576966341677,0.421875552750555,0.022610557499924,0.00439089559631576,0.999652230336701,1.00719475556193,0.992511353754002,0.62814833762974,0.0689461295467754,0.302905532823484,1.05619499092376,1.05287862625466,0.42844897496671,0.593895174909299,-0.0223441498760094,0.000722556280705942,0.962055044451574,0.0214350260046375,0.999777808612459,0.014928166692082,0,0.470697794829528,0.67,0.1,1.025,0.5,0.6,0.25,0.005,0.975,0.8,0.1,1.20723898857406,0.671617717468558,0.470697794829528,0.291888037330507,0.391799331321699,0.541309313668432,-1.45253356337795,4.2375985732211,6.33963323638227
62,0.00198270599892802,0.49056118720578,0.109452446425642,-0.00584952446716092,-0.00304781914828045,0.0141974646746466,0.0245004221796305,0.0136146959217042,0.0121121971739656,4.77986733217405,10.7840887864805,1.21709845329567,4.60265843845691,0.513811378181173,4.49565186718938,1.9503554466426,2.64479471895774,-0.0994982984109551,6.75131785307022,17.9420445781941,1.65141378242373,0.165410137696273,0.244275481218287,0.0200022493578462,1.12933290181749,3.79062721833857,0.756653044217716,0.411986192844966,0.677599741090491,0.282333225454371,0.144315063442708,0.422880197298423,0.0274249077603224,0.00498966562199876,0.99918470611404,1.00699261952892,0.992246305222639,0.624994674408105,0.0684071961169645,0.30659812947493,1.05596014037382,1.05269696359764,0.433831511927527,0.588300606250291,-0.0221321181778176,0.00033594962374265,0.962353880655682,0.0213101317567212,0.999236329846192,0.0194606448475504,0,0.470697794829528,0.67,0.1,1.025,0.5,0.6,0.25,0.005,0.975,0.8,0.1,1.21065518667706,0.676614081070223,0.470697794829528,0.292399783842124,0.390844100311136,0.53950145742751,-1.4545004627997,4.23170760848877,6.36127640433658
63,0.0017484006421575,0.498762871612209,0.109047731180583,-0.00679564831931345,-0.00310951071487164,0.0135574849507629,0.0241649826119448,0.0134438843790018,0.0119636626083582,4.90777944183489,10.9169485545992,1.22828713829422,4.58707540959369,0.510542881066894,4.50768656620131,1.97954817796768,2.62696325741976,-0.0988248691861343,6.9082490195582,18.0424889229893,1.65986319340948,0.166937717475461,0.242561135088857,0.0198580432344992,1.12676182024187,3.79884583645788,0.754930419562053,0.410179044841734,0.676057092145122,0.281690455060467,0.146016317719834,0.423870985849868,0.0327836375983123,0.00557641455485731,0.998766025757529,1.00675714264537,0.992062517811553,0.621963804855487,0.0678237417959338,0.310212453348578,1.05577248511218,1.05255223688815,0.439149472549918,0.582774161166572,-0.0219236337164903,-4.09900140067196e-05,0.962595442595967,0.0211466889515312,0.998741384126128,0.0245305520499882,0,0.470697794829528,0.67,0.1,1.025,0.5,0.6,0.25,0.005,0.975,0.8,0.1,1.21378513294268,0.681504265265653,0.470697794829528,0.292788966056274,0.38999236482132,0.538139960770294,-1.45708370799529,4.22365937842658,6.38126598916167
64,0.00148350919701626,0.506816506797522,0.108532995711842,-0.00789567067644736,-0.00319045376388338,0.0129052520144421,0.0239003498934021,0.0133083214842661,0.0118455727617168,5.02353392271278,11.0187823809003,1.23450917251177,4.56649979716069,0.506150012168244,4.51821252960367,2.00789578440324,2.60843066371803,-0.0981139185176006,7.05230054978433,18.1063575572793,1.66223539651411,0.168552450742732,0.240965227402572,0.0196901303516868,1.12413699162053,3.80507074298986,0.753171784385753,0.408158598062908,0.674482194972316,0.281034247905132,0.14768160807442,0.424851272483515,0.0386595916414865,0.00613972756917112,0.998392811949156,1.006490926743,0.991954110485575,0.619061075294572,0.067188553030314,0.313750371675113,1.05563098393907,1.05244363958412,0.444400472808069,0.577314733786299,-0.0217152065943685,-0.000403390413674492,0.962781232319092,0.020948541262701,0.998290988401853,0.0301131633364858,0,0.470697794829528,0.67,0.1,1.025,0.5,0.6,0.25,0.005,0.975,0.8,0.1,1.21663566721162,0.686283291646716,0.470697794829528,0.293057812136586,0.389243060206801,0.537218330110114,-1.46027729564787,4.21352717496709,6.3996602575579
65,0.00118895922793625,0.514713699204969,0.107900306359276,-0.0091036675767413,-0.00329340085763163,0.0122372373154149,0.0237081916542538,0.013209007218864,0.0117588331404326,5.12538170185019,11.0867828883684,1.23535973927467,4.54100701359285,0.50061953126924,4.52731413158495,2.03539605812745,2.58927238921805,-0.0973543157605543,7.18173234906242,18.1309900172635,1.65812254108743,0.170265886998842,0.239492378160704,0.0194975863040724,1.12147709420318,3.80940805554471,0.751389653116132,0.405928615333854,0.672886256521909,0.280369273550795,0.149311297914059,0.425825001039608,0.0450198195183261,0.00667269440083935,0.998062323963679,1.00619490402408,0.991917490311398,0.616289515911248,0.0664978275728334,0.317212656515918,1.05553719732208,1.05237242176809,0.449581363026572,0.571922405638687,-0.0215037686652591,-0.000749340545925718,0.962909720029188,0.0207185508282999,0.997883084199316,0.0361812562374203,0,0.470697794829528,0.67,0.1,1.025,0.5,0.6,0.25,0.005,0.975,0.8,0.1,1.2192153747823,0.690949610606278,0.470697794829528,0.293206365015717,0.388603687029447,0.536756284786821,-1.46402249989181,4.20138964296601,6.41650330249452
66,0.000865595218979606,0.522446188346644,0.10714544769021,-0.0103919031650594,-0.00341993872814483,0.0115515775040773,0.0235882124360674,0.0131458935200327,0.0117034254364935,5.21214042755967,11.1197089814686,1.23068789132619,4.51078629660101,0.493974190877611,4.53506380514417,2.06204211200774,2.56955844892047,-0.0965367557840365,7.29536162350009,18.1153984167064,1.64740561521903,0.172084539835675,0.238143098804909,0.019280288799274,1.1187972365332,3.811955740965,0.749594148477247,0.403495888522093,0.671278341919922,0.279699309133301,0.150905455903,0.426795739388652,0.0518297222592507,0.00717232606287019,0.997772362544902,1.00586992319507,0.991949694027582,0.613650670441576,0.0657498758098602,0.320599453748564,1.05549146812933,1.05233891476232,0.454688666048914,0.566598080936771,-0.0212867469856851,-0.00107821462491829,0.962980886577033,0.0204587717366893,0.997515842254673,0.0427052434258174,0,0.470697794829528,0.67,0.1,1.025,0.5,0.6,0.25,0.005,0.975,0.8,0.1,1.22153235478069,0.695502767203912,0.470697794829528,0.293236885420591,0.388076001992378,0.536758680726372,-1.46824240494701,4.18733095666863,6.43183289271895
67,0.000517275528444848,0.530008831838328,0.106268752818926,-0.0117239798758058,-0.00357091046195801,0.0108528486485586,0.0235326254336237,0.0131151532318611,0.0116760563807099,5.28444594792595,11.1206836229107,1.22092145838045,4.47645347715077,0.486312346877086,4.54153852142801,2.08783481528235,2.54935793948983,-0.0956542333441707,7.39381223318011,18.0633727504517,1.63061876860887,0.173995813873903,0.236903901652784,0.019039196695504,1.11610665418192,3.8128178142855,0.747791458301884,0.400891012198204,0.669663992509149,0.279026663545479,0.152464343902096,0.427765267549464,0.0590567146333569,0.00763930322704897,0.997520846402209,1.00551986190609,0.992044895574002,0.611143249395222,0.0649454309069362,0.323911319697842,1.05548853724649,1.05233899374798,0.459719719524881,0.561342357322614,-0.021062076847495,-0.00138923701100709,0.963001030494586,0.0201729184655378,0.997187589377254,0.0496533168877055,0,0.470697794829528,0.67,0.1,1.025,0.5,0.6,0.25,0.005,0.975,0.8,0.1,1.22359440121753,0.699942718786101,0.470697794829528,0.293156830736658,0.387640543992298,0.537171143127117,-1.47284007525085,4.17145725165522,6.44569883272362
68,0.000153260963862074,0.537403952539827,0.105278307086202,-0.0130315308550902,-0.00374624943621482,0.0101543052190471,0.0235234604901804,0.0131078841558756,0.0116690521491821,5.34542434672713,11.0983250556484,1.20720792640283,4.4391911539755,0.477835049035923,4.54683538283708,2.11279669522668,2.52874139713553,-0.0947027095251238,7.48019213322529,17.9847492234167,1.60911713772485,0.175960004167358,0.235742009534095,0.0187768718112266,1.11340596679749,3.81212042399945,0.745981997754316,0.398179933524065,0.668043580078492,0.278351491699372,0.153988912895886,0.428731604877509,0.06667137875914,0.00807582090449619,0.99730507061399,1.00515402726868,0.992191289651379,0.608760455127614,0.0640892701368609,0.327150274735524,1.0555150820857,1.05236203641466,0.464674112285179,0.556154156510872,-0.0208282687960513,-0.00168016484312648,0.962985279915662,0.0198689060324934,0.996896392126525,0.0569916029110538,0,0.470697794829528,0.67,0.1,1.025,0.5,0.6,0.25,0.005,0.975,0.8,0.1,1.2254113937114,0.704269801473281,0.470697794829528,0.292979960157591,0.387249216910249,0.537856813079581,-1.47766871619678,4.15391863225647,6.45818407743877
69,-0.000212592289686847,0.544643718978646,0.104192888913757,-0.0142136613482102,-0.00394433858275967,0.00947426452695588,0.0235366468280402,0.0131121914830658,0.0116721702174755,5.39982584404488,11.0642461372812,1.19112997035381,4.40050030501636,0.468824022721944,4.55107308827563,2.13697662352949,2.50777836286779,-0.0936818981216548,7.55924074879553,17.8926643423866,1.58476979780548,0.177919179852281,0.234612041132952,0.0184977028513818,1.11068689220578,3.81001677636892,0.744160217777876,0.395451680485749,0.666412135323471,0.277671723051446,0.155480898631122,0.42968771386618,0.0746441765832382,0.0084814186127878,0.99712105819499,1.00478634474886,0.992371227381886,0.606488232498811,0.0631917610362496,0.330320006464939,1.05555242594742,1.05239301787094,0.469554450583251,0.551030122835928,-0.0205845734191786,-0.00194685378081276,0.962954323834582,0.0195592712130042,0.99663952636034,0.0646843271381825,0,0.470697794829528,0.67,0.1,1.025,0.5,0.6,0.25,0.005,0.975,0.8,0.1,1.22699860920935,0.708484832584154,0.470697794829528,0.292723332093414,0.386836922072369,0.538626714610353,-1.48250177848208,4.1349167691769,6.46941324081233
70,-0.000564409163478699,0.551749308089285,0.10304297066629,-0.0151519318773866,-0.00416142221724858,0.00883059349444704,0.0235484184612944,0.0131164008897927,0.0116753795074883,5.45255900020612,11.0294889314852,1.17429183400671,4.36182991310105,0.459597727169309,4.55437900764258,2.16044367891698,2.48653130935384,-0.092595980628249,7.63587294356291,17.7996236238122,1.55950135067419,0.179812731449416,0.233466999263472,0.0182077701264225,1.10793389649428,3.80667752191151,0.74231571065117,0.392795373422444,0.66476033789657,0.276983474123571,0.156942467009604,0.430622181259781,0.082941147834496,0.0088520384155315,0.996963630886094,1.0044327687907,0.992563824940118,0.604305454429611,0.0622694292142694,0.333425116356119,1.05558127486243,1.05241627139125,0.474366247361407,0.545964950475415,-0.0203311978368223,-0.0021844903065737,0.962929026784228,0.0192598542278221,0.996413264793522,0.0726939888775016,0,0.470697794829528,0.67,0.1,1.025,0.5,0.6,0.25,0.005,0.975,0.8,0.1,1.22837830638451,0.712590260609569,0.470697794829528,0.2924030355854,0.386339387725427,0.539289701431383,-1.48702150953762,4.11469281160273,6.47954689954878
71,-0.000886444698785445,0.558748479179801,0.101869364674598,-0.0157308713722389,-0.00439140586674203,0.00823830619154542,0.0235381247865591,0.0131104320185531,0.0116700379488605,5.50802004976739,11.003150677572,1.15814658132807,4.32440817444176,0.45048319665525,4.55687498286654,2.1832786630745,2.46505043727344,-0.09145411748139,7.71450796556339,17.7159597088953,1.53509022165771,0.181585051215773,0.232263885528018,0.0179145611557802,1.10512603032014,3.80227700991753,0.740434440314495,0.390287524930868,0.663075618192085,0.276281507580035,0.158375798494277,0.431520974394584,0.0915223547569293,0.00918272225477238,0.996827007401217,1.00410912307772,0.992747684978518,0.602185508063033,0.0613442551226314,0.336470236814336,1.055584167658,1.05241750219307,0.479117524901042,0.540951956448622,-0.0200694813496643,-0.00238922234510608,0.96292787329481,0.0189876384158932,0.996213085983491,0.0809815438253277,0,0.470697794829528,0.67,0.1,1.025,0.5,0.6,0.25,0.005,0.975,0.8,0.1,1.2295786437906,0.716591430077084,0.470697794829528,0.292033233103373,0.385701552790783,0.539676415171224,-1.49083426473379,4.09350674213736,6.48877203447635
72,-0.00116623551152931,0.56567168798666,0.100718416731576,-0.015872133312904,-0.00462612706508037,0.00770711663937873,0.0234909611667021,0.0130870791390461,0.0116499748092604,5.56952367866213,10.9914245619432,1.14384919580158,4.2890836652871,0.441776739241426,4.55866615003682,2.20556481872209,2.44337169837417,-0.0902703670594355,7.79849999438685,17.6487179881361,1.51298176747524,0.183194260581777,0.230970169132517,0.0176261994916676,1.10224085213186,3.79698059446778,0.738501370928346,0.387980709757583,0.661344511279116,0.275560213032965,0.159782763579143,0.432369264327469,0.10034104428993,0.00946808172878764,0.996705323457435,1.00382793331091,0.992904551051906,0.600099578825263,0.0604410794605663,0.339459341714171,1.0555482529194,1.0523861276486,0.483818017404999,0.535983908002219,-0.0198019254072176,-0.0025587815934373,0.962964265550642,0.0187569887983036,0.996034042452719,0.0895065943075547,0,0.470697794829528,0.67,0.1,1.025,0.5,0.6,0.25,0.005,0.975,0.8,0.1,1.23063137683585,0.720495863659599,0.470697794829528,0.291626153089598,0.384886404327524,0.539664808329327,-1.49352671833617,4.07161042031931,6.49728714957329
73,-0.00139696984898194,0.572546961370756,0.0996358960731583,-0.0155521122219139,-0.0048563166536848,0.00723883504785028,0.0234011580761474,0.0130435403741918,0.011612794103606,5.63859259416027,10.9963663303269,1.13208001779371,4.25618009015431,0.433703757893947,4.55982952431829,2.22737592332377,2.42151633314904,-0.0890627321545195,7.88942566806807,17.6002828005771,1.4940713869394,0.184621697244617,0.229569999426386,0.0173503434062594,1.0992591521754,3.7909306351226,0.73650363195752,0.38589277051697,0.659555491305242,0.274814788043851,0.161164546660592,0.433153679478031,0.109343397890455,0.009702505065848,0.9965932355674,1.00359604530177,0.993022282454026,0.598020722164675,0.0595843305231946,0.34239494731213,1.05546809787246,1.05231758381703,0.488477894062669,0.531054137053744,-0.0195320311164125,-0.00269295152852804,0.963043587997428,0.0185772992264923,0.995871251424694,0.0982275861143182,0,0.470697794829528,0.67,0.1,1.025,0.5,0.6,0.25,0.005,0.975,0.8,0.1,1.23156874780455,0.72431215746192,0.470697794829528,0.291189701284055,0.383883017624211,0.539206839043434,-1.49473412510441,4.04921810131228,6.50528268833732
74,-0.00157720361563634,0.579395479509737,0.0986624924445951,-0.0147928691271081,-0.00507282078536841,0.00682799660348477,0.0232716986222355,0.0129812762911016,0.0115597522600203,5.71490579730508,11.0161140914841,1.12304911542197,4.22555269026076,0.426410167892638,4.56040584587435,2.24876610544441,2.39949137978995,-0.0878516393600067,7.98702216877797,17.5686536986952,1.47870106191071,0.185871572859018,0.228063547847939,0.0170934179561065,1.09616739877345,3.78423487165042,0.73443215717821,0.384008767411169,0.657700439264069,0.274041849693362,0.162521306830544,0.433864146490713,0.118470534959856,0.00988212528188589,0.996486586899357,1.00341491036629,0.993095255616244,0.595926968384388,0.0587956400157551,0.345277391599856,1.05534546888115,1.05221315164802,0.493106574599893,0.526157421265625,-0.0192639958655182,-0.00279388227603228,0.963163456073662,0.0184532784436593,0.995720474251873,0.107102010968673,0,0.470697794829528,0.67,0.1,1.025,0.5,0.6,0.25,0.005,0.975,0.8,0.1,1.23241973621251,0.728049189763904,0.470697794829528,0.290725944160589,0.382703854578423,0.538325350518246,-1.49418629232483,4.02648563849222,6.51292601297949
75,-0.00171023632511525,0.586228601669269,0.0978302772753677,-0.0136580403476187,-0.00526750151108102,0.00646391324552509,0.0231121989307638,0.0129049711368302,0.0114948652482602,5.79662818538129,11.0459038276518,1.11658863750239,4.19671395953537,0.419965205426605,4.56039853483043,2.26976434166261,2.37729241569881,-0.086658222530995,8.08950676040539,17.5485861124095,1.46675578046044,0.186966289558382,0.226463997397956,0.0168601600624477,1.09295910246097,3.77696189883313,0.732282598648847,0.382289156958909,0.65577546147658,0.273239775615241,0.163852056196899,0.434494510774478,0.12766117452072,0.0100052340617645,0.996382726225511,1.00328121249326,0.993124075102927,0.593803466436208,0.0580919577685287,0.348104575795263,1.05518783114967,1.05207878777301,0.49771183907001,0.521290496333165,-0.0190023354031752,-0.00286551119373499,0.963315492375631,0.0183849621863141,0.995578553274609,0.116086613642861,0,0.470697794829528,0.67,0.1,1.025,0.5,0.6,0.25,0.005,0.975,0.8,0.1,1.23320701215124,0.731714338722466,0.470697794829528,0.290232257787353,0.381378705579323,0.537098052018559,-1.49174215949634,4.00350040050533,6.52035192722536
76,-0.00180277879488162,0.593047265774472,0.0971601207416248,-0.0122469165497592,-0.00543394454492652,0.00613425912728327,0.0229348250251332,0.0128205275453313,0.0114231843558383,5.88122427904375,11.0800119434263,1.11233646868002,4.16903848688931,0.414375394253137,4.55978284128474,2.29037668584773,2.35490880564827,-0.085502650211259,8.19438279563073,17.5337381560408,1.45786264651238,0.187936735667876,0.22479177312771,0.0166534337904815,1.08963504929382,3.76914672588274,0.730055483026858,0.380684138128742,0.653781029576291,0.272408762323455,0.165154904928625,0.435042629976097,0.13685508582571,0.0100729470915027,0.996280560266968,1.00318820731114,0.993114305975855,0.591643373456809,0.0574841416010457,0.350872484942145,1.05500535904718,1.05192276609814,0.502299509772801,0.516451964406432,-0.018751474179233,-0.00291274083594825,0.963488779311366,0.0183679362132423,0.995443642184694,0.12513760271309,0,0.470697794829528,0.67,0.1,1.025,0.5,0.6,0.25,0.005,0.975,0.8,0.1,1.23394516997857,0.735312266634989,0.470697794829528,0.289704835571182,0.379944715368506,0.535626883649381,-1.48741283821664,3.9802842578785,6.52766114226765
77,-0.00186182828368679,0.599844806435697,0.0966618120468057,-0.0106681560517126,-0.00556797585167512,0.00583025917794688,0.0227482773159856,0.0127321078185078,0.0113482524409855,5.96683136804296,11.1146456275845,1.11002952560462,4.1420701235838,0.409619178252778,4.55852468488662,2.31059760847371,2.33232986815272,-0.0844027917398041,8.29980764193038,17.5198652350264,1.4517204017235,0.188806325968183,0.223064813260278,0.0164744896059087,1.08620115635392,3.76080683795417,0.727754774757126,0.379155506950621,0.651720693812351,0.27155028908848,0.166427660554476,0.4355095772022,0.145997153120102,0.0100900555687461,0.996180239557714,1.00312886257489,0.993073050456005,0.589446565728393,0.056976973148073,0.353576461123534,1.05480616119209,1.05175182921012,0.50687399283683,0.51164138167011,-0.0185153745069398,-0.00294032408829727,0.963675103184854,0.0183955048182501,0.995315150380219,0.134210863926038,0,0.470697794829528,0.67,0.1,1.025,0.5,0.6,0.25,0.005,0.975,0.8,0.1,1.23464079200771,0.738844880136048,0.470697794829528,0.289142941361494,0.378430932046624,0.533990089069354,-1.48134916750415,3.95681305780551,6.53493052431006
78,-0.00189346842121064,0.606610918916629,0.0963350987217981,-0.00902844394639091,-0.00566763759063893,0.00554820446602533,0.0225557155206077,0.012641098558315,0.0112712102193751,6.0528703421553,11.1490292742425,1.10961172744999,4.11562031013821,0.405661750000032,4.55660022026953,2.33042301337647,2.30955048634283,-0.0833732794497664,8.40521037952703,17.506006403658,1.44822342872257,0.189585534268725,0.221295152426014,0.0163232307223177,1.08266718087218,3.75196134198058,0.725387011184364,0.377685536742935,0.649600308523311,0.270666795218046,0.167668510273468,0.435898191692785,0.155038569765643,0.0100623783834124,0.996082381415334,1.00309706423668,0.993006975026203,0.587217674337532,0.0565696726284909,0.356212653033976,1.05459459746795,1.05156981512126,0.511438989755973,0.506858265965275,-0.0182972557212482,-0.00295144688926592,0.963870757680162,0.01845965665754,0.995193313743698,0.143262175137562,0,0.470697794829528,0.67,0.1,1.025,0.5,0.6,0.25,0.005,0.975,0.8,0.1,1.23529492194305,0.74231108963902,0.470697794829528,0.288550913658579,0.37685369854657,0.532225715886185,-1.47381583763623,3.93303980325242,6.54222412799633
79,-0.00190335281089979,0.613334797978771,0.0961704725329303,-0.00743207427588111,-0.0057329802556404,0.00528780916268556,0.0223562994121388,0.0125468637079772,0.0111914431044047,6.13982035130437,11.184702167309,1.11115956899779,4.08968451344777,0.402449682825296,4.55400905438572,2.34985913297334,2.28657476620215,-0.0824248447897738,8.51107917775133,17.4937038793683,1.44738270827469,0.190276234471011,0.219491118426942,0.016198301241384,1.07904685261503,3.74264504012073,0.722961391252072,0.376272264156933,0.64742811156902,0.269761713153758,0.168876540997389,0.436212705234507,0.163935902695969,0.00999466606675239,0.995987472910135,1.00308713042505,0.992922192599657,0.584964560946146,0.0562563182412089,0.358779120812645,1.05437239452518,1.05137852530688,0.515997905342403,0.502101497580478,-0.0180994029228809,-0.00294744490174802,0.964075230851948,0.0185510501352849,0.995078684237989,0.152247421776427,0,0.470697794829528,0.67,0.1,1.025,0.5,0.6,0.25,0.005,0.975,0.8,0.1,1.23590630872189,0.745707918662557,0.470697794829528,0.287937457476882,0.375221223781365,0.530343666710678,-1.4651660003124,3.90891161424164,6.54959833685652
80,-0.00189660825430605,0.62000658069064,0.0961516340924145,-0.00596066194365052,-0.00576590549341394,0.0050492542939311,0.0221486802613302,0.0124485190696433,0.011108124432779,6.22836681481887,11.2235365905281,1.11470214378292,4.06429752813051,0.399906703509427,4.55077351251165,2.36892235580777,2.2634150944145,-0.0815639377106244,8.61811733275722,17.4848794251372,1.4491421610375,0.190879925305445,0.217660855047748,0.0160972514557783,1.0753573766977,3.73290999235315,0.720489442387456,0.374918774502774,0.645214426018618,0.268839344174424,0.170051763174861,0.436458799403798,0.172649094139876,0.0098896079819873,0.995895630328291,1.00309390870442,0.992823923748647,0.582696858241834,0.0560272551004683,0.361275886657698,1.05414078214831,1.05117933214149,0.520553780427614,0.497369312753441,-0.0179230931810555,-0.00292838177046012,0.964288482065799,0.0186608548308561,0.994971766065275,0.161122811783325,0,0.470697794829528,0.67,0.1,1.025,0.5,0.6,0.25,0.005,0.975,0.8,0.1,1.2364738752177,0.749032354011177,0.470697794829528,0.287311085058739,0.373540464426897,0.528349475718815,-1.45579035711037,3.88437840774342,6.55710066266414
81,-0.00187798541328658,0.626616677265203,0.0962590472866302,-0.00465899569592132,-0.00576967318151711,0.00483014734024123,0.0219347810008602,0.0123468719725601,0.0110219066603181,6.3183296251663,11.2654769946369,1.12002961800188,4.03937614032795,0.39793254932252,4.54692486202925,2.38763006662067,2.24008758681552,-0.0807927914069518,8.72617171816102,17.4794159269817,1.45318625923575,0.191406665655907,0.215816110687597,0.0160168833182918,1.07161832999821,3.72281487056486,0.717984281098804,0.373620661930765,0.642970997998929,0.267904582499554,0.171194639281867,0.436643375612498,0.181138993465456,0.00974735018077092,0.995806679418431,1.00311262465965,0.992716724860586,0.580424917334143,0.0558711495640057,0.363703933101851,1.05390285615436,1.05097497962754,0.525108757912292,0.492659908572972,-0.017768666485264,-0.00289392427467152,0.9645079946751,0.0187823567690905,0.994872881032944,0.169845088978009,0,0.470697794829528,0.67,0.1,1.025,0.5,0.6,0.25,0.005,0.975,0.8,0.1,1.23699768851493,0.752282272129141,0.470697794829528,0.286675385118808,0.371824338070852,0.526270541051054,-1.44605564835203,3.85939252419437,6.56476284503651
82,-0.00185212231294433,0.63315432344789,0.0964726499428693,-0.0035419062145301,-0.00574819054267395,0.00462508355385527,0.0217204376139986,0.012244767423843,0.0109352272231028,6.40835478383114,11.308039281361,1.12667255652807,4.01468548068981,0.396410787234384,4.54248883923389,2.40599089178559,2.21660791666893,-0.0801099692206235,8.83391665140301,17.4746200230892,1.45892707360131,0.191876535550691,0.213972658073371,0.0159536990594722,1.06785016907598,3.71241223916875,0.715459613280904,0.372361994391626,0.640710101445586,0.266962542268994,0.172305559764402,0.436774299577055,0.18936649861956,0.00956700786188707,0.995720518585778,1.00313861707549,0.992605111234439,0.578159346139012,0.0557765642112671,0.366064089649721,1.05366400782602,1.05076992695244,0.529663578037847,0.487972121697661,-0.0176356997355078,-0.00284426813006479,0.964728283952048,0.0189108689395368,0.994782282452315,0.17837174381501,0,0.470697794829528,0.67,0.1,1.025,0.5,0.6,0.25,0.005,0.975,0.8,0.1,1.23747824550237,0.755456609832331,0.470697794829528,0.286028716273089,0.370092880971821,0.524161044406987,-1.43626575701558,3.83390484210208,6.57259468987474
83,-0.00182388561237413,0.639605745973463,0.0967734450687104,-0.00260532765555421,-0.00570547001142618,0.00442573164078852,0.0215154095533732,0.0121471115201582,0.0108523331500575,6.49576570302023,11.3461792513093,1.13390282018001,3.98983078310143,0.395213998070411,4.53747313452978,2.42399583679812,2.19298844097942,-0.079511143247759,8.93869689318753,17.4650794691685,1.46550987642277,0.192319724561332,0.212150268079537,0.0159042014201072,1.0640732204238,3.70173699987797,0.712929057683943,0.371114050718293,0.638443932254277,0.266018305105949,0.173384371192163,0.436859783382679,0.197292202397534,0.00934705682164116,0.995637392458667,1.00316699495956,0.992494168429853,0.57591107124464,0.0557328984175553,0.368356030337804,1.05343198492832,1.05057041832492,0.534217121496928,0.483306099223144,-0.0175232207200714,-0.00278038628306473,0.964940887150016,0.0190431871256731,0.994700340720873,0.186661220501159,0,0.470697794829528,0.67,0.1,1.025,0.5,0.6,0.25,0.005,0.975,0.8,0.1,1.2379151804517,0.758554237268875,0.470697794829528,0.2853646925188,0.368373310867327,0.522102826401304,-1.42664647820853,3.80785949511268,6.58057867160522
84,-0.00179878299132804,0.645951921556639,0.0971442199278178,-0.00183557041682691,-0.00564531098625798,0.00422068769834016,0.0213336945834134,0.0120610489489643,0.0107794395185391,6.57633663615279,11.3720147315991,1.14070631605118,3.96423873994427,0.39420384338302,4.53185611279487,2.44160964350853,2.16923635396347,-0.0789898846771315,9.03629387940206,17.4423650078509,1.47178529533763,0.192777533814073,0.210373218192717,0.0158650205805626,1.06030733110804,3.69079563764132,0.71040591184239,0.369833589494592,0.636184398664827,0.265076832777011,0.174429934073328,0.436907875993655,0.204876076488725,0.0090852263803031,0.995558140640083,1.00319222309372,0.992390209694718,0.573691821237341,0.0557308444530706,0.370577334309588,1.05321715140202,1.05038470466066,0.538765923440311,0.478663995496021,-0.0174299189363313,-0.00270409013121441,0.965134109509536,0.0191770545408395,0.994627751522536,0.194673119465828,0,0.470697794829528,0.67,0.1,1.025,0.5,0.6,0.25,0.005,0.975,0.8,0.1,1.23830580382022,0.76157243282871,0.470697794829528,0.284672172766413,0.366700744903393,0.520208647334654,-1.41734591414,3.78118751856154,6.58866427450945
85,-0.0017826368476399,0.652167302262487,0.0975695890167123,-0.00121681263043705,-0.00557115601443647,0.00399728653365905,0.0211914607831369,0.0119949145733718,0.01072381899721,6.64482419608795,11.376044601188,1.14590209862719,3.93725098789452,0.3932403267734,4.52558301076788,2.45876749932353,2.1453539310857,-0.0785384196413443,9.12144858931933,17.3963406847455,1.47643704944214,0.193296820084671,0.208667620438149,0.0158330436828923,1.0565711990146,3.67956166350332,0.707902703339783,0.368469064569628,0.63394271940876,0.26414279975365,0.175439926176816,0.43692624747897,0.212078627855804,0.00877994832188419,0.995484473693607,1.00320844996812,0.992300726459432,0.571514497399045,0.0557624346283177,0.372723067972637,1.0530310551557,1.05022192683935,0.543304032535325,0.474050288323331,-0.0173543208586552,-0.00261809783627375,0.965294715698737,0.0193106376717814,0.994565769380208,0.20236839419746,0,0.470697794829528,0.67,0.1,1.025,0.5,0.6,0.25,0.005,0.975,0.8,0.1,1.23864347546989,0.76450597398214,0.470697794829528,0.283937453384645,0.365113433496075,0.518607075049248,-1.40844674671827,3.75380491807149,6.59676770932794
86,-0.00178050503002712,0.658220901830133,0.0980355413184414,-0.00073669200477311,-0.00548608219665758,0.00374527454561879,0.0211025522881944,0.0119559124671877,0.0106917755477669,6.69640860773248,11.3500405528095,1.14843447378512,3.9083291677634,0.39220153490825,4.51857525651948,2.47538179467123,2.12134179070764,-0.078148328859398,9.18929692352336,17.3182583834841,1.47829325956165,0.193917618833095,0.207055581341087,0.0158055797276753,1.05288126701774,3.66798302949995,0.705430448901886,0.366975721470426,0.631728760210644,0.263220316754435,0.176411097713443,0.436921739764416,0.218863466808884,0.00843198701542353,0.995418971006232,1.00321059244482,0.992233314224083,0.569392928863636,0.0558207440040394,0.374786327132324,1.05288333234981,1.05008968706169,0.547823518287035,0.469471386505498,-0.0172949047925327,-0.00252553812440132,0.965411552641331,0.0194420390672048,0.994516313354115,0.209709541487427,0,0.470697794829528,0.67,0.1,1.025,0.5,0.6,0.25,0.005,0.975,0.8,0.1,1.23891677107713,0.767346620612941,0.470697794829528,0.28314885460021,0.363642698820158,0.517408466623782,-1.39998723151635,3.72562018805064,6.60478148605795
87,-0.00179525372338859,0.664080290627976,0.0985287865283555,-0.00038873523041727,-0.00539289173631174,0.00346095920067802,0.0210731503717093,0.0119473281235734,0.0106862026309618,6.72858517991267,11.2905975460536,1.14774263405718,3.87729463760736,0.391007379278555,4.51075357305451,2.49135988669608,2.09720484081792,-0.0778111544594844,9.23726328519251,17.2045472105947,1.47671938141676,0.194658238239534,0.205548370756975,0.0157805225405099,1.04925057241516,3.65600287615256,0.702997883518157,0.365334369322981,0.629550343449096,0.26231264310379,0.177340019655769,0.436899698876946,0.22520035345286,0.00804537156965122,0.995364655589724,1.00319577000799,0.992193832298348,0.567340775081749,0.0558993981168614,0.376759826801389,1.05277810508201,1.04999122719532,0.552315671061816,0.464934474218631,-0.0172501452804468,-0.00242894311828122,0.965479789155045,0.0195689983949448,0.994481801373968,0.216660784154324,0,0.470697794829528,0.67,0.1,1.025,0.5,0.6,0.25,0.005,0.975,0.8,0.1,1.23911045071079,0.770083375047374,0.470697794829528,0.282302190580293,0.362301424090939,0.516663997571452,-1.39198555048509,3.69655228908186,6.61259430934342
88,-0.00182692284436472,0.669716922975003,0.0990362117541987,-0.00017148810318135,-0.00529424269432888,0.00314869820683983,0.0210994566878248,0.0119672841390187,0.0107054840535438,6.74214963861214,11.2007126859605,1.14393673517109,3.84442212612979,0.389629014944793,4.50206498418544,2.50662543205317,2.07295836620109,-0.077518814068819,9.26605988857966,17.058488974413,1.47180330283639,0.195508829289805,0.204143784546752,0.0157563667893315,1.04568862519969,3.64358524808135,0.700611378883794,0.363560469477961,0.627413175119815,0.261422156299923,0.178224011375456,0.436863390458599,0.23106656098428,0.00762615173202408,0.995324201014095,1.00316394254141,0.99218498473195,0.565370022738137,0.0559921052913703,0.378637871970493,1.05271258369892,1.04992435677193,0.556772379087881,0.460446122719872,-0.0172185018077532,-0.00232913293610494,0.96550264794331,0.0196888607909606,0.99446467529036,0.223188245358497,0,0.470697794829528,0.67,0.1,1.025,0.5,0.6,0.25,0.005,0.975,0.8,0.1,1.23920857262766,0.772703491322074,0.470697794829528,0.281403364051752,0.361079958852551,0.516347792344028,-1.38445971383695,3.66655160838131,6.62011282444697
89,-0.00187340756999511,0.675110330893868,0.0995445610882391,-8.64476420407989e-05,-0.00519275764916027,0.00281868879123315,0.0211698985638967,0.012009846011108,0.0107444499798851,6.74060679628004,11.0882858243574,1.13765588355907,3.81032145638022,0.388076362906547,4.49250097909632,2.52113340541283,2.04863132576313,-0.0772637520796412,9.27911632794226,16.8886065845633,1.4642005236735,0.196437951426832,0.202829564426226,0.0157320292875256,1.0422026458945,3.63073362791221,0.698275772749312,0.361697227912948,0.625321587536698,0.260550661473624,0.179061825177433,0.436814186385631,0.236445763647413,0.00718007266964251,0.995299202236723,1.00311722539215,0.992206271652472,0.563489839358627,0.0560923487366369,0.380417811904736,1.05267883166668,1.04988287659976,0.561187057530695,0.456011325383221,-0.0171983829139161,-0.00222486130230213,0.965489484253672,0.0197986809038569,0.994466816939935,0.22926011365754,0,0.470697794829528,0.67,0.1,1.025,0.5,0.6,0.25,0.005,0.975,0.8,0.1,1.23919851606215,0.775194432756444,0.470697794829528,0.28046658130488,0.359952478747601,0.516374221394303,-1.3774383462245,3.63561360413333,6.62727487125174
90,-0.00193173784147395,0.680249985617726,0.100040352744659,-0.000135844299603005,-0.00509108778235223,0.0024832123823586,0.0212694535931318,0.0120672520386644,0.0107963221435706,6.72873737906055,10.9631544672343,1.12976677618791,3.77572688305178,0.386375871227374,4.48210187432139,2.5348748934132,2.02426585600315,-0.0770388750949595,9.28116364765659,16.7054937824952,1.45481037377353,0.197405279494655,0.201589403904961,0.0157066014532138,1.03879920147011,3.61749655202748,0.695995464984975,0.359800288001627,0.623279520882067,0.259699800367528,0.179853904311817,0.436752637286033,0.24132580141185,0.00671131714329778,0.995289885146829,1.00305860346932,0.992254970651147,0.56170613211318,0.0561932795954408,0.382100588291379,1.05266688868414,1.04985905521983,0.565554948212102,0.451633165145233,-0.017188113357335,-0.00211348889517042,0.965452228177304,0.0198953896564675,0.994489136243606,0.234846797998618,0,0.470697794829528,0.67,0.1,1.025,0.5,0.6,0.25,0.005,0.975,0.8,0.1,1.23907400185679,0.777546500414616,0.470697794829528,0.279510318071704,0.358887668088234,0.516631707837413,-1.37096242913023,3.60378094571928,6.63405127102337
91,-0.00199914494627463,0.685135011758651,0.100510082506111,-0.000319965680464329,-0.00499192945106819,0.00215344436419063,0.0213835649374209,0.0121319499946545,0.0108544957075522,6.71124650666844,10.8344840981213,1.1210919914417,3.74131718067131,0.384551798080594,4.47094966184556,2.54787323347868,1.99991381501022,-0.0768373866433364,9.27689047014961,16.5190276738578,1.44448556524659,0.198372989785867,0.200408017699842,0.0156791623676255,1.0354852873259,3.60396182246932,0.693775142508351,0.357923370032333,0.621291172395539,0.258871321831474,0.180602259783367,0.436679704863503,0.245696666980699,0.00622248157642659,0.99529522993619,1.00299085932899,0.992327318518184,0.560021699279357,0.0562878271997807,0.383690473520862,1.05266744261136,1.04984572127008,0.569872941138627,0.447312979628734,-0.0171859207673609,-0.00199205596767117,0.965402249173355,0.019976061069392,0.994531447779808,0.239921071892493,0,0.470697794829528,0.67,0.1,1.025,0.5,0.6,0.25,0.005,0.975,0.8,0.1,1.23883617974287,0.779754972754498,0.470697794829528,0.27855334177274,0.357857593657048,0.517013070367725,-1.36507999092983,3.57113629272532,6.64043912818217
92,-0.00207354323341975,0.689772750344067,0.100940616138264,-0.000635476943762314,-0.00489798349877779,0.00183794874690735,0.0215001694645761,0.0121976612089654,0.0109134730431719,6.69205186084198,10.709511382231,1.11227582268359,3.70762972359214,0.38261778956234,4.45915565051185,2.5601761229713,1.9756321701275,-0.0766526425869561,9.27022933354073,16.3370244223224,1.43388968609505,0.199311501646538,0.19927348906602,0.0156487164360749,1.03226849312408,3.59024509698106,0.691619890393136,0.356110481299028,0.61936109587445,0.258067123281021,0.181310151919087,0.436597547698802,0.249549457656338,0.00571533629329646,0.995313312059198,1.00291608905041,0.992419328920714,0.558436664804929,0.056368941019607,0.385194394175464,1.05267310052612,1.04983723729183,0.574139214601632,0.443050730893578,-0.0171899454952099,-0.00185815489789465,0.965348790302314,0.0200381446611739,0.994592589708544,0.24445820606686,0,0.470697794829528,0.67,0.1,1.025,0.5,0.6,0.25,0.005,0.975,0.8,0.1,1.23849298225203,0.781821064437652,0.470697794829528,0.277612389961907,0.356841700456093,0.517430950866193,-1.35983825845324,3.53779093429982,6.6464521853999
93,-0.0021535166568171,0.694177108908818,0.101319635590891,-0.00107506921007072,-0.00481187677234718,0.00154262959498963,0.0216099842443862,0.0122595401457985,0.01096900664074,6.67417204401728,10.5934643892567,1.10377290823322,3.67505509035438,0.380577174781694,4.4468482922248,2.57184765770981,1.95147872562669,-0.0764780911116926,9.2642379917154,16.1651503103021,1.42348622172228,0.200200037037117,0.198177309191873,0.0156142298190575,1.02915650601529,3.57647819858976,0.689534859030242,0.35439452476039,0.617493903609172,0.257289126503822,0.181981747048816,0.436509654902649,0.252876190025873,0.00519158542764438,0.995341645170126,1.0028357157599,0.992527120372758,0.556948935197672,0.056429863156963,0.386621201645365,1.05267844961055,1.04982952205637,0.578352911703019,0.438845356842687,-0.0171982685457052,-0.00171030672461666,0.965298808731481,0.0200796050791971,0.99467065463167,0.248436088952685,0,0.470697794829528,0.67,0.1,1.025,0.5,0.6,0.25,0.005,0.975,0.8,0.1,1.23805759460787,0.783751664320397,0.470697794829528,0.276701536128586,0.35582671348772,0.517819602714789,-1.35527691958005,3.50387369882316,6.65211231759836
94,-0.00223784091315708,0.698367522082341,0.101636134849863,-0.00162709707888598,-0.00473607288182176,0.00127185653245121,0.0217053162154318,0.0123135687236912,0.0110175730064173,6.66008890375432,10.4903415594666,1.09592984257634,3.64389497099629,0.378430458325109,4.43416511077823,2.58296338027302,1.92750905592912,-0.0763073254239093,9.26145317333055,16.0077540482371,1.41362772210976,0.201022769741476,0.19711257958478,0.0155747466322242,1.02615615056222,3.56280108309748,0.687524620876687,0.352801317045221,0.615693690337331,0.256539037640555,0.182621880438269,0.436420503137045,0.255670337343422,0.00465362602053321,0.995377424461877,1.00275096988228,0.992646683332288,0.555554426875069,0.0564644046463129,0.387981168478618,1.05267913235734,1.04981930675688,0.582514028175124,0.434694921766417,-0.0172089499415408,-0.00154792610257058,0.965257992521151,0.0200990702350745,0.994763220894822,0.251835334416566,0,0.470697794829528,0.67,0.1,1.025,0.5,0.6,0.25,0.005,0.975,0.8,0.1,1.23754683180896,0.785558501606873,0.470697794829528,0.275833008951087,0.354803364079945,0.518125069136067,-1.35142353668458,3.46952334944235,6.65744523220429
95,-0.00232492633277225,0.702368660602894,0.101880969438919,-0.00227509691856076,-0.00467277303002744,0.00102972885108765,0.0217786205203648,0.0123558181703293,0.0110557299984797,6.65218998761304,10.4037839181525,1.08907912094518,3.61442751580026,0.37618391985637,4.42124891547286,2.59360850142708,1.90377464337424,-0.0761342293284627,9.2643268053883,15.8688004746624,1.40465833476232,0.20176425787114,0.196072013246062,0.0155295232892342,1.02327242438054,3.54935802596145,0.685592524334959,0.351354769861905,0.613963454628322,0.255818106095134,0.183235941522953,0.436334908424293,0.257927434883092,0.00410472599554057,0.995417596664308,1.00266344903556,0.992773395322004,0.554247030648872,0.0564672247911493,0.389285744559979,1.05267079079026,1.04980329638983,0.58662349734491,0.43059657571228,-0.0172200730571896,-0.00137097197847912,0.965231958752248,0.0200959949127613,0.99486749575303,0.25463937621423,0,0.470697794829528,0.67,0.1,1.025,0.5,0.6,0.25,0.005,0.975,0.8,0.1,1.23698005839078,0.787257097098858,0.470697794829528,0.275018355279049,0.35376285736076,0.518293466150938,-1.34829061654888,3.43488469599096,6.66248003599184
96,-0.00241238007643609,0.706210722760732,0.102047406410778,-0.00299771833072038,-0.00462380611221624,0.000821051299370046,0.0218213374216674,0.0123818511113851,0.0110795955847279,6.65313616628748,10.3377628429085,1.08361438409442,3.58695720208167,0.373856511357516,4.40824716735548,2.60387847845971,1.88032187337245,-0.0759531844766699,9.27559058150055,15.7526055564839,1.39699586013914,0.202405791864126,0.195046416616687,0.0154781491638718,1.02050774313809,3.53629702131265,0.683740187902518,0.350081081973505,0.612304645882852,0.255126935784522,0.183829855110755,0.436257409407188,0.259645500159981,0.0035489508437744,0.995458823350389,1.00257555802318,0.992901547802717,0.553018390387754,0.0564340924365336,0.390547517175713,1.05264823412321,1.04977751090478,0.590683412160343,0.426546380451815,-0.0172297926121584,-0.00117958310839859,0.965227208062485,0.0200707834381452,0.994980363100372,0.256834548704999,0,0.470697794829528,0.67,0.1,1.025,0.5,0.6,0.25,0.005,0.975,0.8,0.1,1.23637875301599,0.788866006971852,0.470697794829528,0.274269479593009,0.352694268412897,0.518261627491184,-1.34587411965715,3.40010731298473,6.66725139437562
97,-0.00249643240128303,0.709930536424089,0.102131704197346,-0.00376824582574309,-0.00459051871784433,0.00065258743980956,0.0218223303035274,0.0123859150074693,0.0110841436645562,6.66636530668745,10.2974730790795,1.08008885896678,3.56187870374815,0.371488462278969,4.3953151478588,2.61388272322259,1.85719176302618,-0.0757593383899788,9.29875841982714,15.6647911773806,1.39123867216978,0.202920577650148,0.194022772132735,0.0154206893140094,1.01786112334975,3.52377281767142,0.681966952644331,0.349014093712361,0.610716674009849,0.254465280837437,0.184410187733046,0.43619181203832,0.260825656177526,0.00299152410239407,0.995497394591359,1.00249108543671,0.99302368774451,0.551857423869202,0.0563621391737189,0.391780436957079,1.05260435033324,1.04973642728825,0.594697452922337,0.422538930782,-0.017236383704337,-0.000973814399335743,0.965252388612086,0.0200249415689203,0.995098361320829,0.258410153433988,0,0.470697794829528,0.67,0.1,1.025,0.5,0.6,0.25,0.005,0.975,0.8,0.1,1.23576656423846,0.790406712262883,0.470697794829528,0.273600142579398,0.351581339202426,0.51794464069266,-1.34415299881493,3.3653470673729,6.67180511493726
98,-0.0025725822181892,0.713571302522194,0.102133674702672,-0.00455445363643225,-0.00457365916053076,0.000531226865563728,0.0217701272931156,0.0123620854276864,0.011064199705597,6.69554502178006,10.2883237453668,1.079105926726,3.53958915788613,0.369132414582133,4.38261263368958,2.62374263786656,1.83441878870153,-0.0755487928785025,9.33758401422041,15.6111890679645,1.38804717962579,0.203280392599717,0.192986852885895,0.0153576311961648,1.01532864041861,3.51194474366243,0.680270189080466,0.348188271358126,0.609197184251163,0.253832160104651,0.184984038025928,0.436140712204608,0.261470705775988,0.00243664516505311,0.995529030268913,1.00241455487072,0.993131060828726,0.550750266449347,0.0562501485559476,0.392999584994706,1.05253154968639,1.04967408354166,0.598670897285693,0.41856740306003,-0.0172383003457233,-0.000753312891002398,0.965316513992492,0.0199611867278926,0.995217571652671,0.25935851125765,0,0.470697794829528,0.67,0.1,1.025,0.5,0.6,0.25,0.005,0.975,0.8,0.1,1.2351699681711,0.791902861920304,0.470697794829528,0.273023833544009,0.350407189323883,0.517253453594502,-1.3430861040902,3.33076332496018,6.67619696825355
99,-0.00263764872346235,0.717178577024091,0.102057055036451,-0.00532002428848932,-0.00457326505946565,0.000458856421268194,0.0216594043741371,0.012307592349148,0.0110173416739018,6.74280537547533,10.3128314254535,1.080979031978,3.52023960044299,0.366825538628222,4.3702843405609,2.63357556657277,1.81202737787179,-0.0753186038836678,9.39429747292222,15.594488230496,1.38777556428092,0.203474887776936,0.191930604034489,0.0152895975583698,1.01290532187623,3.50095966832038,0.678646565657074,0.347617114781098,0.607743193125738,0.253226330469057,0.18555835690282,0.43610578835038,0.261581479114778,0.00188463200318821,0.995549067617561,1.00234916303292,0.993215841678579,0.549681405958039,0.0560988655003736,0.394219728541588,1.05242599967251,1.04958734755895,0.602609661373835,0.414624595716632,-0.0172342570904668,-0.000517844746907773,0.965423815197448,0.0198833813104435,0.995333658455054,0.259674999758705,0,0.470697794829528,0.67,0.1,1.025,0.5,0.6,0.25,0.005,0.975,0.8,0.1,1.23461801381886,0.793379189514864,0.470697794829528,0.272547357633604,0.349166993742445,0.516145877654802,-1.34260476057517,3.29650477209359,6.68047633312433
100,-0.0026908834024159,0.720794345025051,0.101909575213471,-0.00602703044720543,-0.00458858899270975,0.000429933371198343,0.0214951470674761,0.0122250589823621,0.010945881168555,6.80732003086663,10.3681355267207,1.08545799346359,3.50342661941198,0.364555667210706,4.35855808246309,2.64355784486941,1.79006824897002,-0.0750680113763467,9.46826051496495,15.611497283727,1.39016219953911,0.203521652242326,0.190851475096505,0.0152165502411671,1.01058607382467,3.49076205868367,0.677092669462529,0.347115108607688,0.606351644294802,0.252646518456168,0.186139013013418,0.436108082990276,0.261444379484617,0.00161425578931121,0.995585034402896,1.00229566218057,0.993304742272278,0.548635457956956,0.0559112064674414,0.395453335575603,1.05228921994007,1.04947697183866,0.606521192296581,0.41070193745323,-0.0172231297498104,-0.000379486608494535,0.965571111871347,0.0197963100292335,0.995442313223227,0.25967489085947,0,0.470697794829528,0.67,0.1,1.025,0.5,0.6,0.25,0.005,0.975,0.8,0.1,1.23413946299412,0.794895912514082,0.470697794829528,0.272155641106191,0.347865731841704,0.514654028511582,-1.34262907419214,3.26276441489217,6.68487937020831
101,-0.00275406103188863,0.724323183152764,0.101794063834949,-0.00574631983534457,-0.00461808495730587,0.000255068776046752,0.0215246448220225,0.0122435604521223,0.0109629702107163,6.81207901780527,10.3160240504896,1.07851661056786,3.48074606750491,0.361744794775294,4.34683751486172,2.65320773981659,1.76842448866489,-0.0747947136197625,9.48269778303534,15.5156865651251,1.38060219243187,0.204111701734401,0.18996724641626,0.0151355007084765,1.00837002870169,3.48061710660741,0.675607919230134,0.345928407673975,0.605022017221016,0.252092507175423,0.186700676320924,0.436132631279623,0.261198391033297,0.00147448177161958,0.995636843852158,1.00223216866295,0.993419364278047,0.547609964064223,0.0557434436386079,0.396646592297169,1.05226744233173,1.0494531471232,0.610376562442314,0.40683013400402,-0.017206696446334,-0.00033981677846286,0.965571111871347,0.0197963100292335,0.995539877967287,0.25967489085947,0,0.470697794829528,0.67,0.1,1.025,0.5,0.6,0.25,0.005,0.975,0.8,0.1,1.23373927350763,0.796429319953852,0.470697794829528,0.271520733570067,0.346902465043497,0.514593357659505,-1.34176700859507,3.22935045874639,6.68909752747554
102,-0.0028154445290978,0.727763226707457,0.101703586484335,-0.00552588939438015,-0.0046411872330101,8.60916227649611e-05,0.0215547233848706,0.0122624306495369,0.0109804012518229,6.81592496685584,10.2642002959063,1.0718821023692,3.45844454654289,0.359071454601429,4.33513621242155,2.66257061986115,1.74707484088628,-0.0745092483258873,9.49593389043825,15.4208680608111,1.37150397258216,0.204682228289405,0.189097325151333,0.0150596639374185,1.00618628649844,3.47049096613377,0.674144811953954,0.344719988103947,0.603711771899063,0.25154657162461,0.187243924568152,0.436195864278288,0.260933474388711,0.00142088589202571,0.995702362086956,1.00217047824826,0.993545892338989,0.546607346353194,0.0555919275228051,0.397800726124001,1.05224525086024,1.04942886061146,0.614183843227818,0.403003447937889,-0.0171872911657065,-0.000340376500299972,0.965571111871347,0.0197963100292335,0.995637882220454,0.25967489085947,0,0.470697794829528,0.67,0.1,1.025,0.5,0.6,0.25,0.005,0.975,0.8,0.1,1.23332556075518,0.798005857748639,0.470697794829528,0.270896596115338,0.345947280827701,0.51453457685646,-1.34028898881626,3.19621544156378,6.69322714868848
103,-0.00287502820455563,0.731113613002084,0.101632714766687,-0.00535288170705228,-0.00465928270313298,-7.70562655549867e-05,0.0215847806922664,0.01228128011231,0.0109978103217963,6.81907792407842,10.2131399672598,1.06554810479787,3.43657802968802,0.356516457112205,4.32347059168671,2.67166406201909,1.72602503301598,-0.0742185033483481,9.50820517109832,15.3275323648541,1.36283425115599,0.205232523395225,0.188241718403256,0.014988192594259,1.00403362415348,3.46039816757076,0.672702528182831,0.34353473957378,0.602420174492088,0.25100840603837,0.187769338394412,0.436250144669898,0.260652249623872,0.00136949074758549,0.995771051638445,1.00211059665442,0.99367380702575,0.545629247675222,0.0554537816973376,0.39891697062744,1.05222323941929,1.04940480662398,0.617944312413327,0.399222105577594,-0.0171664179909209,-0.000341446598995796,0.965571111871347,0.0197963100292335,0.995736475548713,0.25967489085947,0,0.470697794829528,0.67,0.1,1.025,0.5,0.6,0.25,0.005,0.975,0.8,0.1,1.23289308820785,0.799535850632349,0.470697794829528,0.270282605360683,0.34499931813645,0.514474285394335,-1.33838488695734,3.163366040897,6.69729356917791
104,-0.00293282200635709,0.734374250727651,0.101577198516771,-0.00521714809371265,-0.00467345704666267,-0.000234476267894856,0.0216147831509624,0.0123000873767593,0.0110151775045348,6.82157996740157,10.1628848043725,1.05947118944814,3.4151576761369,0.354064556431696,4.31185872924367,2.68050463677899,1.70528132920185,-0.0739272367371768,9.51957062753976,15.2357362034612,1.35452889587571,0.205763518681506,0.187400981689295,0.0149203867330563,1.00191469478743,3.45035230307404,0.671282845507576,0.342373122678098,0.601148816872456,0.250478673696857,0.188277495322303,0.436294257568212,0.260357609297169,0.00132065249199813,0.99584267594063,1.00205251388361,0.99380288172831,0.544676712672084,0.0553267345705546,0.399996552757361,1.05220142479025,1.04938100162091,0.62165873354891,0.395486363585069,-0.0171450971339794,-0.000342641183384572,0.965571111871347,0.0197963100292335,0.995835696633266,0.25967489085947,0,0.470697794829528,0.67,0.1,1.025,0.5,0.6,0.25,0.005,0.975,0.8,0.1,1.23244271306255,0.801015074479377,0.470697794829528,0.269677703715358,0.344059103922289,0.514413229971815,-1.33619374631449,3.1308137277176,6.70131934463192
105,-0.00298884749696966,0.737545638821372,0.101533709627543,-0.00511069099858141,-0.00468456029664577,-0.000386300203995882,0.0216447019540624,0.012318837257861,0.0110324896849998,6.82348038609823,10.113483269717,1.05361940558031,3.39418924381687,0.351703827483108,4.30031748370615,2.68910797917337,1.68484817565136,-0.0736386711185852,9.53009553170832,15.1455386182216,1.34654026242999,0.206276131773723,0.18657550623928,0.0148557004851657,0.999831503334602,3.44036659627997,0.669887107234184,0.341236033558641,0.599898902000761,0.249957875833651,0.188768965337005,0.436329530031263,0.260051985425421,0.00127399005771763,0.995917003697183,1.00199620826555,0.993932906613603,0.543750328577939,0.0552089879717135,0.401040683450347,1.05217981563288,1.04935745160376,0.625327778572873,0.39179622945679,-0.0171240080296636,-0.000343734613575006,0.965571111871347,0.0197963100292335,0.995935518557158,0.25967489085947,0,0.470697794829528,0.67,0.1,1.025,0.5,0.6,0.25,0.005,0.975,0.8,0.1,1.23197554470657,0.802444627798917,0.470697794829528,0.269081195488986,0.343127160451061,0.51435213504782,-1.33381671760247,3.09856948511225,6.70532464696019
106,-0.00304313474252399,0.74062872427301,0.101499641744443,-0.00502721606595014,-0.0046932580744915,-0.000532680647918338,0.0216745039115741,0.0123375084115015,0.0110497270172229,6.82481934810369,10.0649586668169,1.04796615694381,3.37367596286202,0.349424878069486,4.28886244758389,2.69748875350941,1.66472862725114,-0.0733549331766533,9.5398350317895,15.0569695127004,1.33882981335747,0.206771237866191,0.185765556429276,0.014793711520829,0.99778559570858,3.43045364122997,0.668516349124749,0.340124041758502,0.598671357425148,0.249446398927145,0.189244307689798,0.436357048465749,0.259737448928775,0.00122922002052699,0.995993785164109,1.00194164958376,0.994063661868807,0.542850334671262,0.055099114489984,0.402050550838754,1.05215842775301,1.04933417201111,0.628952032511075,0.388151554762881,-0.0171035872739554,-0.00034457081388978,0.965571111871347,0.0197963100292335,0.99603586829095,0.25967489085947,0,0.470697794829528,0.67,0.1,1.025,0.5,0.6,0.25,0.005,0.975,0.8,0.1,1.23149292986913,0.803825696690408,0.470697794829528,0.268492727292708,0.342204000927385,0.514291641771978,-1.33132689800283,3.06664382598061,6.70932734175327
107,-0.00309571991226521,0.743624790577404,0.101472953577251,-0.00496177435702794,-0.00470007165111141,-0.00067378360642445,0.0217041585219694,0.0123560823647304,0.0110668726687175,6.82563854255768,10.017333741963,1.04249126840457,3.3536191523224,0.347220285723039,4.27750789390553,2.70566063711065,1.64492462816737,-0.073077371372489,9.54884479110535,14.9700552080739,1.33136827228123,0.207249680077407,0.18497129288381,0.01473408952611,0.995778138577021,3.42062523902525,0.667171352846604,0.339037469483326,0.597466883146213,0.248944534644255,0.189704068640396,0.436377745583975,0.259415771734069,0.00118611811129786,0.996072762105896,1.00188880148817,0.994194925251547,0.541976707287211,0.0549959772585063,0.403027315454283,1.05213727352649,1.04931117403154,0.632532003275664,0.384552096435178,-0.0170840997108415,-0.000345046149184753,0.965571111871347,0.0197963100292335,0.996136641520554,0.25967489085947,0,0.470697794829528,0.67,0.1,1.025,0.5,0.6,0.25,0.005,0.975,0.8,0.1,1.23099635810188,0.805159593976286,0.470697794829528,0.267912132133829,0.341290115233287,0.514232341407927,-1.32877666722771,3.03504672073605,6.71334307467695
108,-0.00314664343048601,0.74653537031565,0.101452046291591,-0.00491047780369713,-0.00470540928454988,-0.00080978301438106,0.021733636562083,0.0123745414169352,0.0110839105106113,6.82597803523113,9.97062558316698,1.03717895246655,3.33401846974859,0.345084141530614,4.26626676775369,2.71363633049132,1.62543722520832,-0.072806787945945,9.55717784863017,14.8848138082907,1.32413288178786,0.207712262824708,0.184192793521563,0.0146765757366418,0.993809984906838,3.41089229918516,0.665852689887582,0.337976445994102,0.596285990944103,0.24845249622671,0.190148779916992,0.436392426532797,0.259088477624421,0.00114450711182177,0.996153675040706,1.00183762335236,0.994326477485807,0.541129225780076,0.0548986672635731,0.40397210695635,1.05211636457684,1.04928846812246,0.636068131285783,0.380997559143296,-0.0170656904290786,-0.000345096508707367,0.965571111871347,0.0197963100292335,0.996237713885682,0.25967489085947,0,0.470697794829528,0.67,0.1,1.025,0.5,0.6,0.25,0.005,0.975,0.8,0.1,1.23048739222633,0.806447712935309,0.470697794829528,0.267339381230848,0.340385964657584,0.514174764167941,-1.3262031953598,3.00378753866996,6.71738539310717
109,-0.00319594855807486,0.749362176736696,0.101435667543244,-0.0048702736627374,-0.00470959074168187,-0.000940856624626951,0.0217629103610901,0.0123928688047335,0.0111008252677243,6.82587607981789,9.92484642060766,1.03201678917997,3.31487217807417,0.343011701383463,4.25515070742795,2.72142758339378,1.60626673080293,-0.0725436067687508,9.56488445618282,14.8012564324164,1.31710585020478,0.208159750694035,0.183430069861507,0.0146209664101035,0.991881727321479,3.40126478780171,0.664560757305391,0.336940949267729,0.595129036392887,0.24797043183037,0.190578957722877,0.436401790375485,0.258756883233358,0.00110424647703042,0.996236268439869,1.00178807169913,0.994458106044475,0.540307523639382,0.0548064543389979,0.404886022021621,1.05209571168179,1.04926606392113,0.639560798322945,0.37748762410829,-0.0170484224312349,-0.000344687219295868,0.965571111871347,0.0197963100292335,0.996338949436146,0.25967489085947,0,0.470697794829528,0.67,0.1,1.025,0.5,0.6,0.25,0.005,0.975,0.8,0.1,1.22996761701386,0.807691492866853,0.470697794829528,0.266774535708285,0.339491977875796,0.514119380201572,-1.32363254736463,2.97287500270865,6.72146588268354
110,-0.00324368030794503,0.752107050301259,0.101422836350724,-0.00483876619835077,-0.00471286649135116,-0.00106718296644481,0.0217919539923568,0.0124110488185565,0.0111176026250554,6.8253690014531,9.88000429144491,1.02699493640262,3.29617736886897,0.340999116712518,4.24417008628044,2.72904523157657,1.58741284871404,-0.0722879940101674,9.57201199916336,14.7193882296158,1.31027315919339,0.208592868290905,0.182683080000829,0.0145671000884179,0.989993741614668,3.39175171008953,0.663295806881828,0.335930838909516,0.593996244968801,0.247498435403667,0.190995102157213,0.436406447468857,0.258422131222108,0.00106522422002127,0.996320294427047,1.00174010129052,0.994589607767039,0.539511128038131,0.0547187488484059,0.405770123113463,1.05207532470128,1.0492439701726,0.64301033561914,0.374021968115257,-0.0170323037343971,-0.000343805298687646,0.965571111871347,0.0197963100292335,0.996440206935611,0.25967489085947,0,0.470697794829528,0.67,0.1,1.025,0.5,0.6,0.25,0.005,0.975,0.8,0.1,1.22943860174641,0.808892393111145,0.470697794829528,0.266217711387644,0.338608548567171,0.514066601775354,-1.32108272816025,2.94231715754683,6.72559431097756
111,-0.00328988461975876,0.754771917006694,0.101412784271995,-0.00481407598603267,-0.0047154327298552,-0.00118893912141205,0.021820743383603,0.0124290668699363,0.0111342292893444,6.82449114067654,9.83610360817755,1.02210552046888,3.27793015001778,0.339043226805909,4.23333406855892,2.73649924062509,1.56887477216317,-0.0720399442293341,9.57860498510299,14.6392092338236,1.30362365083351,0.20901230074907,0.181951738965605,0.0145148477880571,0.988146222401612,3.38236111788291,0.66205796900908,0.334945882244205,0.592887733440967,0.247036555600403,0.191397696947706,0.436406933508625,0.258085217235045,0.00102735056043474,0.996405515327566,1.00169366595714,0.994720790587686,0.538739490370285,0.054635071715726,0.406625437913989,1.05205521254183,1.04922219469374,0.646417031193334,0.370600275511568,-0.0170173067049018,-0.000342453506164038,0.965571111871347,0.0197963100292335,0.996541344503522,0.25967489085947,0,0.470697794829528,0.67,0.1,1.025,0.5,0.6,0.25,0.005,0.975,0.8,0.1,1.22890187343429,0.810051873510655,0.470697794829528,0.265669053453063,0.33773603423901,0.514016786114797,-1.31856593149851,2.91212135031136,6.72977877297465
112,-0.00333460773584378,0.757358755985607,0.101404909341332,-0.00479472907342049,-0.00471744314560107,-0.00130629912302827,0.0218492563658983,0.0124469095218425,0.0111506930169504,6.8232748424697,9.79314564702037,1.01734216676236,3.26012580430682,0.337141398811062,4.22265067422883,2.74379875399825,1.55065126147772,-0.0717993412471414,9.58470508176016,14.5607150883791,1.29714832977686,0.209418694708403,0.181235927002716,0.0144641054505712,0.986339212476369,3.37310013484694,0.660847272359168,0.333985775025788,0.591803527485822,0.246584803119092,0.191787209416189,0.43640372093063,0.257747011896061,0.000990552959416578,0.996491705344512,1.00164871922548,0.994851474591858,0.53799200977178,0.0545550309772682,0.407452959250952,1.05203538314757,1.04920074436391,0.649781136470068,0.367222245241065,-0.0170033817111331,-0.000340645789617222,0.965571111871347,0.0197963100292335,0.996642222977562,0.25967489085947,0,0.470697794829528,0.67,0.1,1.025,0.5,0.6,0.25,0.005,0.975,0.8,0.1,1.22835889819164,0.811171379879332,0.470697794829528,0.265128718497073,0.336874755964493,0.513970238658694,-1.31609019298437,2.88229422242816,6.73402583464447
113,-0.00337789573304697,0.759869574401879,0.10139873999487,-0.00477956976818006,-0.0047190181317337,-0.00141943283099044,0.0218774726773999,0.012464564491647,0.0111669826167691,6.82175047843485,9.75112896953935,1.01269963871341,3.24275892408626,0.335291404642167,4.21212684900497,2.75095214324491,1.5327407064726,-0.0715660007125402,9.59035119068168,14.4838976643988,1.29083983078025,0.209812659618235,0.180535496254228,0.0144147881372195,0.984572627113513,3.36397499389263,0.659663660166054,0.333050157899308,0.590743576268108,0.246143156778378,0.192164090616317,0.436397228212457,0.257408278844234,0.00095477224250496,0.996578651575668,1.00160521478829,0.994981492569723,0.537268051180524,0.0544783034292042,0.408253645390272,1.05201584351109,1.04917962513542,0.653102872224661,0.363887594415473,-0.0169904666401346,-0.000338403816361884,0.965571111871347,0.0197963100292335,0.996742708294214,0.25967489085947,0,0.470697794829528,0.67,0.1,1.025,0.5,0.6,0.25,0.005,0.975,0.8,0.1,1.22781106882606,0.812252333362413,0.470697794829528,0.264596862050813,0.336024998801888,0.513927216541237,-1.31366059894912,2.85284171114355,6.73834067204746
114,-0.0034197941752846,0.762306388086188,0.101393906816672,-0.00476769208142924,-0.0047202520010261,-0.00152850516532843,0.0219053739340906,0.0124820206341019,0.0111830879349135,6.81994649289387,9.71004978826492,1.00817356076414,3.22582352614872,0.33349132643348,4.20176853679546,2.75796705887396,1.51514117738095,-0.0713396994594491,9.59557954542818,14.4087455916787,1.28469201330709,0.210194769256935,0.179850276157139,0.014366825568921,0.982846274293116,3.35499108262064,0.658507003776388,0.332138629504884,0.589707764575869,0.245711568573279,0.192528775596579,0.436387827503332,0.257069689598944,0.000919959575948699,0.996666154536738,1.00156310685384,0.995110690196564,0.536566959148398,0.0544046202567979,0.409028420594804,1.05199659969828,1.04915884205795,0.656382433904703,0.360596059516387,-0.0169784934210902,-0.000335754343990914,0.965571111871347,0.0197963100292335,0.996842673118954,0.25967489085947,0,0.470697794829528,0.67,0.1,1.025,0.5,0.6,0.25,0.005,0.975,0.8,0.1,1.22725969713365,0.813296122809978,0.470697794829528,0.264073630164267,0.335187012712421,0.513887932166846,-1.31128016559467,2.82376905910434,6.74272720429391
115,-0.00346034785935331,0.764671206682924,0.101390120408618,-0.00475838587592203,-0.00472121863666553,-0.00163367561211603,0.0219329435769389,0.0124992679100094,0.0111989998263332,6.81788946580419,9.66990228500406,1.00376020630436,3.20931315015258,0.331739484056517,4.19158075250768,2.76485048078178,1.49785046712246,-0.0711201953965653,9.60042382621834,14.3352447170448,1.27869965366777,0.210565563385111,0.179180077835212,0.0143201587034535,0.981159871624803,3.3461529936528,0.657377113988618,0.331250756924331,0.588695922974882,0.245289967906201,0.192881683752739,0.436375850919077,0.256731835879996,0.000886074111790495,0.996754028318433,1.00152235040135,0.995238925940089,0.53588806835122,0.054333755775672,0.409778175873108,1.05197765688315,1.04913839931289,0.659619996379031,0.357347396019052,-0.0169673923980824,-0.000332727241296203,0.965571111871347,0.0197963100292335,0.996941997905907,0.25967489085947,0,0.470697794829528,0.67,0.1,1.025,0.5,0.6,0.25,0.005,0.975,0.8,0.1,1.22670600972921,0.814304099476753,0.470697794829528,0.263559153955365,0.334361013833542,0.513852556780171,-1.3089504743644,2.79508083046323,6.74718821931097
116,-0.00349960063265085,0.766966022340464,0.101387154056003,-0.00475109458938217,-0.00472197591827639,-0.00173509793293214,0.0219601668026944,0.0125162973449331,0.0112147101173348,6.81560418704431,9.63067888897958,0.999456335826912,3.19322094327839,0.330034379676306,4.18156765373951,2.77160876745914,1.48086612694741,-0.0709072406670415,9.60491528473167,14.2633785020705,1.27285821194813,0.21092554947048,0.178524697690807,0.0142747371119519,0.979513060586855,3.33746457750871,0.656273750593193,0.3303860840214,0.587707836352113,0.244878265146714,0.193223219242262,0.436361595767549,0.256395239878686,0.000853081156871618,0.996842100475671,1.00148290136419,0.99536607077146,0.535230711534273,0.0542655186058295,0.410503769859898,1.05195901938925,1.04911830025429,0.662815718164551,0.354141377005996,-0.0169570951705477,-0.00032935401136973,0.965571111871347,0.0197963100292335,0.997040571526537,0.25967489085947,0,0.470697794829528,0.67,0.1,1.025,0.5,0.6,0.25,0.005,0.975,0.8,0.1,1.22615114650641,0.815277573509731,0.470697794829528,0.263053546316213,0.333547185995839,0.513821223962127,-1.30667212787725,2.76678093210013,6.75172549183915
117,-0.00353759526619694,0.769192801181935,0.10138483014911,-0.00474538205995412,-0.00472256918879943,-0.00183292002603674,0.0219870304838184,0.0125331009812737,0.011230211562031,6.81311373791371,9.59237052065576,0.995259073852611,3.17753973329972,0.328374655452592,4.17173261031659,2.77824770344113,1.46418549694591,-0.0707005900704504,9.60908287435328,14.193128369732,1.26716365620572,0.211275204438259,0.177883920358981,0.0142305169709668,0.977905418570728,3.32892899630072,0.655196630442388,0.329544138109617,0.586743251142437,0.244476354642682,0.193553771439817,0.436345328914032,0.256060362873428,0.000820950751932172,0.996930211724274,1.00144471675747,0.995492007738764,0.534594225468435,0.0541997447478122,0.411206029783752,1.05194069073518,1.04909854745396,0.665969745179,0.350977791174395,-0.0169475363533953,-0.000325666701710058,0.965571111871347,0.0197963100292335,0.997138291575515,0.25967489085947,0,0.470697794829528,0.67,0.1,1.025,0.5,0.6,0.25,0.005,0.975,0.8,0.1,1.225596161029,0.816217811802376,0.470697794829528,0.262556900169557,0.332745682396983,0.513794033004247,-1.30444507440792,2.73887263870634,6.75633989341589
118,-0.00357437337004118,0.771353476955352,0.101383009546609,-0.0047409065032864,-0.00472303397017804,-0.00192728389940711,0.0220135230817231,0.0125496718262263,0.0112454977950141,6.81043957669855,9.55496680609045,0.991165815741357,3.16226209184696,0.326759061369319,4.16207827096937,2.78477254464532,1.44780573251376,-0.0705000061897111,9.61295338233909,14.1244740077422,1.2616123304492,0.21161497641322,0.177257521150831,0.0141874595282375,0.97633646912246,3.32054877699318,0.654145434312048,0.328724435289948,0.585801881473476,0.244084117280615,0.193873715417993,0.436327290452226,0.255727612502709,0.000789656571396108,0.997018215502831,1.00140775476311,0.99561663144768,0.533977955365133,0.0541362921464619,0.411885752488405,1.05192267368257,1.04907914274893,0.669082214064614,0.34785644052077,-0.0169386545853841,-0.000321697111786885,0.965571111871347,0.0197963100292335,0.997235064437377,0.25967489085947,0,0.470697794829528,0.67,0.1,1.025,0.5,0.6,0.25,0.005,0.975,0.8,0.1,1.22504202231484,0.817126036886421,0.470697794829528,0.262069287823672,0.331956627366054,0.513771052129745,-1.3022688365686,2.71135862064522,6.76103149434311
119,-0.00360997534102489,0.773449946389621,0.101381583243242,-0.00473740010516754,-0.00472339809067823,-0.00201832572517624,0.0220396345564557,0.0125660037975208,0.0112605632819882,6.80760162593795,9.51845626583722,0.987174157501273,3.14738038932238,0.325186430856542,4.15260662669555,2.79118806137989,1.43172382757675,-0.0703052622610985,9.61655156130545,14.0573936348688,1.25620085602943,0.211945286428882,0.176645268085661,0.0141455299327122,0.974805690694414,3.31232586333442,0.653119812765257,0.32792648472823,0.584883414416648,0.243701422673603,0.194183412441278,0.43630769681202,0.255397348944478,0.000759175073780636,0.997105977443675,1.00137197478227,0.995739847483227,0.533381258099401,0.0540750364183893,0.41254370548221,1.05190497028486,1.04906008728978,0.672153255124255,0.344777137898947,-0.0169303930232022,-0.000317476228455519,0.965571111871347,0.0197963100292335,0.997330805178476,0.25967489085947,0,0.470697794829528,0.67,0.1,1.025,0.5,0.6,0.25,0.005,0.975,0.8,0.1,1.22448961760022,0.81800342660467,0.470697794829528,0.26159076109104,0.331180118167447,0.513752321541654,-1.30014267058708,2.68424097366754,6.76579965780197
120,-0.00364444033510854,0.775484065883513,0.101380465842479,-0.00473465302137954,-0.00472368335135176,-0.00210617595225748,0.0220653562751727,0.0125820916683625,0.0112754032696529,6.8046183596341,9.48282648176088,0.983281843258316,3.1328868426686,0.323655662397098,4.14331907054194,2.79749857890448,1.41593663516633,-0.07011614352887,9.61990025816072,13.9918642354076,1.25092605847091,0.212266530086527,0.176046923590301,0.0141046963443673,0.973312524159297,3.30426166584572,0.652119391186729,0.327149792085699,0.583987514495578,0.243328131039824,0.194483210464385,0.436286743408238,0.255069890200649,0.000729484847732105,0.997193374786249,1.00133733746322,0.995861571798107,0.532803504513129,0.0540158674900464,0.413180627996825,1.05188758193602,1.04904138158891,0.67518299490795,0.341739704583632,-0.0169226994915817,-0.000313033835153893,0.965571111871347,0.0197963100292335,0.997425437313845,0.25967489085947,0,0.470697794829528,0.67,0.1,1.025,0.5,0.6,0.25,0.005,0.975,0.8,0.1,1.22393975576912,0.818851114365161,0.470697794829528,0.261121351924347,0.330416226806112,0.513737856287294,-1.29806567564226,2.65752124971514,6.77064312639066
121,-0.0036778062582252,0.777457649234078,0.101379590443086,-0.00473250083510002,-0.00472390683150414,-0.00219095945952219,0.0220906809211315,0.0125979310126232,0.0112900137357965,6.80150688911987,9.44806424459355,0.979486726253515,3.11877355698708,0.322165705720057,4.13421645368031,2.80370801550119,1.40044088578866,-0.0699324476095409,9.62302053914496,13.9278617660858,1.24578491362274,0.2125790791522,0.175462245927367,0.0140649292587074,0.971856379289639,3.29635710946094,0.651143774124058,0.32639386227144,0.583113827573783,0.24296409482241,0.19477344462829,0.436264606913239,0.25474551664559,0.000700566110529177,0.997280295757916,1.00130380471048,0.995981730086674,0.532244081010353,0.0539586869485862,0.413797232041061,1.05187050941847,1.049023025568,0.678171558484292,0.338743967926275,-0.0169155264105671,-0.000308398253014467,0.965571111871347,0.0197963100292335,0.997518892487012,0.25967489085947,0,0.470697794829528,0.67,0.1,1.025,0.5,0.6,0.25,0.005,0.975,0.8,0.1,1.22339317120822,0.819670189821712,0.470697794829528,0.260661073389518,0.32966500180573,0.513727648934842,-1.29603686754229,2.63120048818622,6.77556010143387
122,-0.00371010977098246,0.779372466173513,0.101378904633276,-0.00473081472599735,-0.00472408191138285,-0.00227279573618733,0.0221156024044514,0.0126135181510433,0.0113043913402944,6.79828304666251,9.41415568462574,0.975786740171134,3.10503256183855,0.320715551500687,4.12529913775468,2.80981991806766,1.38523320392061,-0.0697539842335801,9.625931810065,13.8653613389597,1.240774508434,0.212883283084007,0.174890990401421,0.0140262009957547,0.970436640367385,3.28861267856823,0.650192549046148,0.325658201650409,0.582261984220431,0.242609160091846,0.195054437749183,0.436241447219554,0.254424474966023,0.000672400325361557,0.997366638940902,1.00127133968016,0.996100257158556,0.531702390609466,0.053903405950882,0.414394203439652,1.05185375294954,1.04900501860404,0.681119071427883,0.335789759157254,-0.0169088305851372,-0.000303596181414206,0.965571111871347,0.0197963100292335,0.997611110091754,0.25967489085947,0,0.470697794829528,0.67,0.1,1.025,0.5,0.6,0.25,0.005,0.975,0.8,0.1,1.2228505279069,0.820461699860913,0.470697794829528,0.260209920844997,0.32892646993923,0.513721672062455,-1.29405522718066,2.60527924716076,6.78054831545647
123,-0.00374138630359636,0.781230241532796,0.101378367352526,-0.00472949376555387,-0.00472421907334475,-0.00235179907937877,0.0221401157755321,0.0126288500989866,0.0113185333775083,6.79496146616141,9.38108638756864,0.972179878327541,3.09165584292323,0.319304223733005,4.11656704355198,2.81583749528254,1.37031012288814,-0.0695805746187108,9.62865193113226,13.8043373832989,1.2358920127567,0.213179470485174,0.174332910381957,0.0139884853148687,0.96905267105758,3.28102845932273,0.649265289608579,0.324942319813285,0.581431602634548,0.242263167764395,0.195326500796867,0.436217409145541,0.254106981594699,0.000644969910771043,0.997452312639134,1.00123990676489,0.996217096322109,0.531177853580566,0.0538499435698167,0.414972202849617,1.05183731222628,1.04898735957368,0.684025661550876,0.332876911365423,-0.0169025729162991,-0.000298652612870295,0.965571111871347,0.0197963100292335,0.99770203685782,0.25967489085947,0,0.470697794829528,0.67,0.1,1.025,0.5,0.6,0.25,0.005,0.975,0.8,0.1,1.22231242366753,0.821226649803047,0.470697794829528,0.259767873233378,0.328200637897105,0.513719880563731,-1.29211973135124,2.57975763419192,6.78560509823589
124,-0.00377167007826642,0.783032654889297,0.101377946433094,-0.00472845887924755,-0.00472432652949484,-0.00242807880136753,0.0221642171417393,0.0126439245161221,0.0113324377304283,6.79155566051261,9.34884149733198,0.968664178814733,3.0786353697305,0.317930774131848,4.10801969610018,2.82176364842096,1.35566809832673,-0.069412050647511,9.63119732605404,13.7447637889908,1.23113465942471,0.213467950480673,0.173787758174299,0.0139517571256372,0.967703818655766,3.27360417918619,0.648361558499363,0.324245730992523,0.580622291193459,0.241925954663941,0.195589933360201,0.436192623926626,0.253793225720525,0.00061825802166909,0.997537234255004,1.00120947157134,0.996332198784961,0.530669907767578,0.0537982254833163,0.415531866749105,1.05182118646821,1.04897004689555,0.686891460403904,0.330005257670062,-0.0168967180739655,-0.00029359080297644,0.965571111871347,0.0197963100292335,0.997791626417177,0.25967489085947,0,0.470697794829528,0.67,0.1,1.025,0.5,0.6,0.25,0.005,0.975,0.8,0.1,1.22177939432611,0.821966004745964,0.470697794829528,0.259334894418847,0.327487493883701,0.513722213775635,-1.2902293713951,2.55463533636145,6.79072743685557
125,-0.00380099413684348,0.784781340586159,0.10137761667402,-0.00472764811527882,-0.00472441071338126,-0.00250173944092091,0.0221879035877562,0.0126587396582783,0.0113461028267829,6.78807809537639,9.31740580721923,0.965237714129998,3.06596311965884,0.316594278069302,4.09965626633423,2.82760099991554,1.3413035203827,-0.0692482539640071,9.63358308521092,13.6866140336252,1.22649973050724,0.213749014016979,0.173255285763408,0.0139159922719501,0.966389417799228,3.26633924371263,0.647480909925483,0.323567955191858,0.579833650679537,0.241597354449807,0.195845024097993,0.436167210526471,0.253483371942059,0.00059224838566939,0.997621329683142,1.00118000089247,0.996445523076611,0.5301780086725,0.053748182932196,0.416073808395304,1.05180537445799,1.04895307857051,0.689716604569119,0.327174629589336,-0.0168912341584544,-0.000288432280444032,0.965571111871347,0.0197963100292335,0.99787983886315,0.25967489085947,0,0.470697794829528,0.67,0.1,1.025,0.5,0.6,0.25,0.005,0.975,0.8,0.1,1.22125191791092,0.822680690997688,0.470697794829528,0.258910934524155,0.326787009135325,0.51372859743649,-1.28838316360136,2.52991164937443,6.7959120301778
126,-0.00382939037214199,0.78647788803538,0.10137735833227,-0.00472701293729827,-0.00472447666519604,-0.00257288097470165,0.022211173099834,0.0126732943316161,0.0113595275972524,6.78454025920771,9.2867638408406,0.961898584162506,3.0536310990343,0.315293831664853,4.09147560949296,2.83335191977019,1.32721272478583,-0.0690890350630626,9.63582306288937,13.6298612951172,1.22198454813596,0.214022935085782,0.172735245450747,0.0138811673716675,0.965108793716643,3.25923277064421,0.646622891790151,0.322908519083141,0.579065276229986,0.241277198429161,0.196092051174322,0.436141276795913,0.253177562618758,0.000566925182033294,0.997704532726118,1.001151462676,0.996557034496393,0.529701629361712,0.0536997518889894,0.416598618749299,1.05178987457987,1.04893645221969,0.692501236765803,0.324384855602097,-0.0168860923678997,-0.000283196885888878,0.965571111871347,0.0197963100292335,0.997966640311564,0.25967489085947,0,0.470697794829528,0.67,0.1,1.025,0.5,0.6,0.25,0.005,0.975,0.8,0.1,1.22073041868746,0.82337159755665,0.470697794829528,0.258495931235648,0.326099139356796,0.513738945482624,-1.28658015414832,2.50558550553283,6.80115533814396
127,-0.00385688956163629,0.788123842235536,0.101377155940665,-0.00472651531962376,-0.00472452833354609,-0.00264159902577665,0.0222340244940589,0.0126875878491963,0.0113727114358567,6.7809527295021,9.2568999238756,0.958644911670444,3.04163136139547,0.314028549737184,4.08347630042403,2.8390185499402,1.3133920029017,-0.0689342524178733,9.63792996863795,13.5744785514733,1.21758646868814,0.214289971873413,0.172227390400589,0.0138472596983822,0.963861265078161,3.25228362141268,0.645787047602368,0.322266956713441,0.578316759046897,0.24096531626954,0.19633128267776,0.436114920502319,0.252875919964448,0.000542272953398769,0.997786784535291,1.00112382599056,0.996666704588752,0.529240260240788,0.0536528723925085,0.417106867366704,1.0517746848559,1.04892016512026,0.695245506786956,0.321635759895204,-0.0168812666821603,-0.000277902830603159,0.965571111871347,0.0197963100292335,0.998052002470481,0.25967489085947,0,0.470697794829528,0.67,0.1,1.025,0.5,0.6,0.25,0.005,0.975,0.8,0.1,1.22021527105394,0.824039577608666,0.470697794829528,0.258089811055776,0.325423826075195,0.513753161692776,-1.28481942054417,2.4816555004794,6.80645362629393
128,-0.00388352140258222,0.789720704450015,0.101376997381837,-0.00472612547130424,-0.004724568811867,-0.00270798506716585,0.0222564573486603,0.0127016199899604,0.0113856541625331,6.77732523527828,9.22779824767501,0.955474839585869,3.02995602336329,0.312797564394123,4.07565666598079,2.8446028267951,1.29983761085702,-0.0687837716713288,9.63991545288746,13.5204386690988,1.21330287940359,0.214550367838367,0.171731475109175,0.0138142470949278,0.962646146497845,3.24549043016262,0.644972918153556,0.321642810057109,0.577587687898707,0.240661536624461,0.19656297702428,0.436088230247899,0.252578547919465,0.000518276542520425,0.997868033078748,1.0010970609904,0.996774510646887,0.528793408733631,0.0536074880127217,0.417599103253647,1.05175980297995,1.04890421423908,0.697949572283474,0.318927161285707,-0.016876733569181,-0.000272566768716193,0.965571111871347,0.0197963100292335,0.998135902223216,0.25967489085947,0,0.470697794829528,0.67,0.1,1.025,0.5,0.6,0.25,0.005,0.975,0.8,0.1,1.21970680326397,0.82468545001772,0.470697794829528,0.257692490490311,0.324760997911155,0.51377114118957,-1.28310007092676,2.45811991864632,6.81180300587787
129,-0.0039093145478394,0.791269933003427,0.101376873162732,-0.0047258200529392,-0.00472460052363277,-0.00277212661901149,0.0222784719403195,0.0127153909601042,0.0113983559878912,6.7736667158686,9.19944292557114,0.952386529641699,3.01859727837201,0.311600024090131,4.06801481469624,2.8501065017808,1.28654577781926,-0.0686374649038283,9.64179018702527,13.4677144808718,1.20913119673871,0.214804352719769,0.171247255807731,0.0137821079107126,0.961462750732214,3.23885163042534,0.644180042990583,0.321035629440634,0.576877650439328,0.240365687683053,0.196787383343897,0.436061286292253,0.252285533831569,0.000494921048056082,0.997948232637351,1.00107113887942,0.996880435245026,0.528360598893594,0.0535635454182208,0.418075855688185,1.05174522634956,1.04888859626414,0.700613599410896,0.316258872305718,-0.0168724717166144,-0.000267203877741973,0.965571111871347,0.0197963100292335,0.998218321227812,0.25967489085947,0,0.470697794829528,0.67,0.1,1.025,0.5,0.6,0.25,0.005,0.975,0.8,0.1,1.21920530096211,0.825310000793739,0.470697794829528,0.257303877163148,0.324110571769221,0.513792771807366,-1.281421242151,2.43497675737619,6.81719946991272
130,-0.00393429664185022,0.792772944163109,0.101376775846253,-0.00472558077959118,-0.00472462536745366,-0.00283410743844326,0.0223000691843898,0.0127289013567955,0.0114108174800965,6.76998537612417,9.17181804266391,0.949378161937048,3.00754740850263,0.310435093021632,4.06054866391716,2.85553116039592,1.27351271350275,-0.0684952099815087,9.64356393814869,13.4162788550595,1.205068865934,0.215052143479866,0.17077449080848,0.0137508209568274,0.960310390611973,3.23236547957937,0.643407961710022,0.32044497386284,0.576186234367184,0.240077597652993,0.197004741851264,0.436034161291777,0.251996949970602,0.000472191794689624,0.998027343329164,1.00104603187494,0.996984465799118,0.527941370967791,0.0535209940245651,0.418537635007644,1.0517309520957,1.04887330763391,0.703237763352285,0.31363069843715,-0.0168684617894345,-0.000261827943723174,0.965571111871347,0.0197963100292335,0.998299245535066,0.25967489085947,0,0.470697794829528,0.67,0.1,1.025,0.5,0.6,0.25,0.005,0.975,0.8,0.1,1.21871101052483,0.825913984525336,0.470697794829528,0.256923870855538,0.323472453949624,0.513817935335584,-1.27978209728449,2.4122237497096,6.82263892551447
131,-0.00395849435637212,0.794231113079929,0.101376699605987,-0.0047253933262148,-0.00472464483074952,-0.00289400770158255,0.0223212505789066,0.0127421521341637,0.0114230395338222,6.76628873816625,9.14490769976106,0.946447935150701,2.99679879463071,0.309301950761935,4.0532559645767,2.86087823959366,1.26073461496643,-0.0683568899833824,9.64524563874313,13.3661047560311,1.20111336140357,0.215293945183819,0.170312940801288,0.013720365474315,0.959188380738561,3.22603008123586,0.642656215094836,0.31987041122876,0.575513028443137,0.23979709518464,0.197215284200596,0.436006920966463,0.251712854897703,0.000450074313983841,0.998105330662054,1.00102171317185,0.997086594155335,0.527535280930861,0.0534797857064881,0.418984933362651,1.05171697711049,1.04885834456472,0.705822248729524,0.311042437483416,-0.0168646862129397,-0.000256451448245584,0.965571111871347,0.0197963100292335,0.998378665226315,0.25967489085947,0,0.470697794829528,0.67,0.1,1.025,0.5,0.6,0.25,0.005,0.975,0.8,0.1,1.21822414220493,0.826498125769158,0.470697794829528,0.256552364469375,0.322846541184435,0.513846508646344,-1.27818182291425,2.38985838585393,6.82811722281535
132,-0.00398193342566762,0.79564577476832,0.101376639877375,-0.00472524647010442,-0.00472466007880257,-0.0029519041774031,0.0223420181522421,0.0127551445714791,0.0114350233411916,6.7625836898312,9.11869605207573,0.94359406718486,2.98634392507451,0.308199792061786,4.04613432377675,2.86614904371689,1.24820767276249,-0.0682223927026301,9.64684345154285,13.3171652976113,1.19726218765611,0.215529951820116,0.169862369107331,0.0136907211120956,0.958096038972664,3.21984340568655,0.641924346111685,0.319311518512023,0.574857623383598,0.239524009743166,0.197419233825356,0.435979624702916,0.251433294706598,0.000428554333162449,0.998182165113861,1.0009981569072,0.997186816205493,0.52714190000057,0.0534398745606331,0.419418225438797,1.05170329807305,1.04884370307617,0.70836724991417,0.308493879065574,-0.0168611289797444,-0.000251085655229416,0.965571111871347,0.0197963100292335,0.998456574071568,0.25967489085947,0,0.470697794829528,0.67,0.1,1.025,0.5,0.6,0.25,0.005,0.975,0.8,0.1,1.21774487308065,0.827063120390249,0.470697794829528,0.256189244916023,0.322232721601427,0.513878364714904,-1.27661962651549,2.36787793336317,6.8336301807541
133,-0.00400463868093996,0.79701822511,0.101376593084421,-0.00472513141904285,-0.00472467202452498,-0.0030078703933677,0.0223623744142454,0.0127678802434259,0.0114467703646278,6.75887652996637,9.09316734321842,0.9408147960768,2.97617540290845,0.30712782676019,4.03918122534376,2.87134475906916,1.23592807649014,-0.0680916102155385,9.64836482983723,13.2694337898287,1.19351288053334,0.215760347064918,0.169422541895226,0.013661867911889,0.957032687738156,3.21380330854916,0.641211900784565,0.318767881858033,0.574219612642894,0.239258171934539,0.197616806263217,0.435952326101048,0.251158304151712,0.000407617769636334,0.998257821739277,1.00097533812566,0.997285131528349,0.526760814144609,0.0534012167083565,0.419837969147035,1.05168991147345,1.04882937901478,0.710872971248008,0.305984804230905,-0.0168577754789136,-0.000245740696085378,0.965571111871347,0.0197963100292335,0.998532969208096,0.25967489085947,0,0.470697794829528,0.67,0.1,1.025,0.5,0.6,0.25,0.005,0.975,0.8,0.1,1.21727334981401,0.827609636850034,0.470697794829528,0.255834393933409,0.321630875619224,0.513913373540912,-1.27509473402847,2.34627945606988,6.83917361000658
134,-0.00402663408386592,0.798349721869322,0.101376556425599,-0.00472504128494333,-0.00472468138311577,-0.00306197679290554,0.0223823223106995,0.0127803609923722,0.0114582823115197,6.75517301073883,9.06830593496329,0.93810838105861,2.96628595208772,0.306085279764438,4.03239404851304,2.87646646721923,1.22389201980463,-0.0679644385108219,9.64981657348483,13.2228837797322,1.18986300861036,0.21598530499363,0.16899322836424,0.0136337862981308,0.955997655161816,3.20790754774026,0.640518428958417,0.318239096637868,0.573598593097089,0.238999413790454,0.197808209466858,0.435925073470777,0.250887907675695,0.000387250729633679,0.998332279802406,1.00095323274571,0.997381543055594,0.526391623585656,0.0533637701303939,0.42024460628395,1.05167681363496,1.04881536807583,0.713339627182527,0.303514985162673,-0.0168546123452002,-0.000240425652140674,0.965571111871347,0.0197963100292335,0.998607850839242,0.25967489085947,0,0.470697794829528,0.67,0.1,1.025,0.5,0.6,0.25,0.005,0.975,0.8,0.1,1.21680969122448,0.82813831744008,0.470697794829528,0.255487688834892,0.321040876777442,0.513951402978134,-1.2736063877187,2.3250598318183,6.84474333330448
135,-0.00404794275912661,0.799641485711031,0.101376527706119,-0.00472497067147726,-0.0047246887148803,-0.00311429088489978,0.0224018651809245,0.0127925889025341,0.0114695611106146,6.7514783771199,9.04409633321812,0.935473103677769,2.95666842251376,0.305071391069183,4.02577008488742,2.88151515713178,1.21209570492759,-0.0678407771719566,9.65120488089341,13.1774890868776,1.18631017464637,0.216204990742872,0.168574200898543,0.0136064570713729,0.954990276066602,3.20215379890034,0.639843484964623,0.317724767461214,0.572994165639961,0.238747569016651,0.19799364410115,0.435897910284163,0.250622120347115,0.000367439509665439,0.998405522433848,1.00093181752708,0.997476056761317,0.526033942309922,0.053327494526941,0.420638563163137,1.05166400073466,1.04880166582363,0.71576744234574,0.301084184980568,-0.0168516273263078,-0.000235148633716337,0.965571111871347,0.0197963100292335,0.99868122195296,0.25967489085947,0,0.470697794829528,0.67,0.1,1.025,0.5,0.6,0.25,0.005,0.975,0.8,0.1,1.21635399068535,0.828649779461087,0.470697794829528,0.25514900319382,0.320462592505532,0.513992319479802,-1.27215384434916,2.30421576905291,6.85033520337088
136,-0.00406858702587375,0.800894701213342,0.101376505206528,-0.00472491535100694,-0.0047246944587761,-0.00316487738542537,0.022421006718354,0.0128045662759331,0.0114806088900427,6.74779740370729,9.02052321058344,0.932907268916081,2.94731579415652,0.304085415792765,4.01930655380726,2.88649173621117,1.20053534670154,-0.0677205291054511,9.6525353972171,13.1332238340262,1.18285201700744,0.216419561125942,0.168165235195928,0.0135798614040451,0.954009892834095,3.19653966938926,0.639186628198844,0.31722450815518,0.572405935700457,0.238502473208524,0.198173303827302,0.435870875587624,0.250360948717548,0.000348170599807181,0.998477536311098,1.000911070039,0.997568681373657,0.525687397583034,0.0532923511980828,0.421020251218883,1.05165146882252,1.04878826771022,0.718156651544038,0.298692157622128,-0.0168488091661666,-0.000229916855330303,0.965571111871347,0.0197963100292335,0.99875308805942,0.25967489085947,0,0.470697794829528,0.67,0.1,1.025,0.5,0.6,0.25,0.005,0.975,0.8,0.1,1.21590631835126,0.829144616347355,0.470697794829528,0.254818207467897,0.319895884834039,0.514035988766317,-1.27073637366346,2.28374382231963,6.8559451186839
137,-0.00408858842809756,0.80211051787098,0.10137648757976,-0.00472487201148231,-0.00472469895869432,-0.00321379835202484,0.0224397509339164,0.0128162956100444,0.0114914279568847,6.74413442904259,8.9975714258469,0.930409206263329,2.93822118033647,0.303126624215265,4.01300061625987,2.89139704034038,1.18920717622799,-0.0676036003084997,9.65381325901313,13.0900624735432,1.17948621100784,0.21662916520472,0.167766110373972,0.0135539808377439,0.953055856149858,3.19106271096381,0.638547423620405,0.316737941714625,0.571833513689915,0.238263964037464,0.198347375574565,0.43584400437831,0.250104391606151,0.000329430688177163,0.998548311361023,1.00089096862976,0.997659428107393,0.525351629476032,0.0532583029405839,0.421390067583384,1.05163921383895,1.04877516909265,0.720507499706095,0.29633864779624,-0.0168461475023349,-0.000224736706844607,0.965571111871347,0.0197963100292335,0.998823456946895,0.25967489085947,0,0.470697794829528,0.67,0.1,1.025,0.5,0.6,0.25,0.005,0.975,0.8,0.1,1.21546672322549,0.829623398737728,0.470697794829528,0.25449516956755,0.31934061105187,0.514082276421606,-1.26935325716104,2.26364040673876,6.86156903726317
138,-0.00410796776388322,0.803290051084153,0.101376473770489,-0.00472483805815183,-0.00472470248404799,-0.00326111331084233,0.0224581021220538,0.0128277795770407,0.0115020207781904,6.74049338757752,8.97522604072446,0.927977270716167,2.92937783025909,0.302194301807585,4.00684938744732,2.89623184299169,1.17810744412573,-0.0674898996701028,9.65504313559004,13.0479798099322,1.17621047013508,0.216833944820847,0.16737660905623,0.0135287972814354,0.952127525643898,3.18572043124234,0.637925442181412,0.316264700228876,0.571276515386339,0.238031881410975,0.19851603980002,0.435817327948138,0.249852440818636,0.000311206665922262,0.998617840483164,1.0008714923973,0.99774831041622,0.525026290403417,0.0532253139578992,0.421748395638684,1.05162723163111,1.04876236524891,0.72282024177526,0.294023391000535,-0.0168436327757951,-0.000219613820386937,0.965571111871347,0.0197963100292335,0.99889233845508,0.25967489085947,0,0.470697794829528,0.67,0.1,1.025,0.5,0.6,0.25,0.005,0.975,0.8,0.1,1.21503523507603,0.830086675494417,0.470697794829528,0.254179755372351,0.318796624313083,0.514131048423978,-1.2680037871357,2.24390181150834,6.86720298865801
139,-0.00412674511355863,0.804434383130478,0.101376462951945,-0.00472481145821635,-0.00472470524590218,-0.00330687937694596,0.0224760648292206,0.0128390210045321,0.0115123899633645,6.73687783943595,8.9534723341293,0.925609843683422,2.92077913088468,0.301287749244405,4.00084994812356,2.90099686348108,1.1672324234429,-0.0673793388004179,9.65622926726883,13.0069510189034,1.17302254713754,0.217034035088852,0.16699651744074,0.0135042930101303,0.951224270437064,3.18051030405446,0.637320261192833,0.315804424788695,0.570734562262238,0.237806067609266,0.198679470737041,0.435790874198602,0.249605081806855,0.000293485632445438,0.998686119292646,1.00085262116087,0.997835343763486,0.524711044674552,0.053193349780926,0.422095605544522,1.05161551796789,1.04874985139251,0.72509514255632,0.291746113595264,-0.016841256151584,-0.000214553133064895,0.965571111871347,0.0197963100292335,0.998959744264946,0.25967489085947,0,0.470697794829528,0.67,0.1,1.025,0.5,0.6,0.25,0.005,0.975,0.8,0.1,1.21461186620938,0.830534974671436,0.470697794829528,0.253871829199458,0.318263774196554,0.514182171616946,-1.26668726594426,2.22452421249655,6.87284308430234
140,-0.00414493986674788,0.805544564117695,0.101376454476414,-0.0047247906191259,-0.00472470740961106,-0.00335115136818276,0.0224936438247058,0.0128500228577142,0.0115225382478348,6.73329099811268,8.93229581422107,0.923305333786868,2.91241860820764,0.300406282396581,3.99499935480351,2.90569277443314,1.15657841225415,-0.0672718318837739,9.65737550076668,12.9669516633307,1.16992023496339,0.217229564853781,0.166625625352833,0.0134804506637127,0.950345469603026,3.17542977876732,0.636731464634027,0.315356765376962,0.570207281761815,0.237586367400756,0.198837836632928,0.435764667929072,0.249362294274382,0.000276254900519402,0.998753145881502,1.00083433543392,0.997920545410231,0.524405568059267,0.0531623771975384,0.422432054743195,1.05160406855365,1.04873762268605,0.727332476522031,0.289506532926837,-0.0168390094488684,-0.000209558945538608,0.965571111871347,0.0197963100292335,0.999025687704206,0.25967489085947,0,0.470697794829528,0.67,0.1,1.025,0.5,0.6,0.25,0.005,0.975,0.8,0.1,1.21419661311084,0.830968804434629,0.470697794829528,0.253571254227829,0.317741907221705,0.51423551412508,-1.26540300547149,2.20550368397964,6.87848552638737
141,-0.00416257074835282,0.806621612915647,0.101376447836462,-0.00472477429323404,-0.00472470910471723,-0.00339398191290263,0.0225108440736328,0.0128607882228338,0.0115324684779225,6.72973575624312,8.91168222846504,0.92106217755241,2.90428992801238,0.299549232300507,3.98929464893913,2.91032020851926,1.14614173597128,-0.0671672955514146,9.65848532190184,12.9279577064222,1.16690136754721,0.217420657115716,0.166263726284034,0.0134572532457044,0.949490512554487,3.17047628867358,0.636158643411506,0.314921380745924,0.569694307532692,0.237372628138622,0.198991299976253,0.435738731101021,0.249124052732862,0.000259502001054636,0.998818920597251,1.00081661639791,0.998003934219393,0.5241095473681,0.0531323641893537,0.422758088442546,1.05159287904092,1.04872567425346,0.729532527584347,0.28730435749489,-0.0168368850792368,-0.000204634976567856,0.965571111871347,0.0197963100292335,0.999090183567493,0.25967489085947,0,0.470697794829528,0.67,0.1,1.025,0.5,0.6,0.25,0.005,0.975,0.8,0.1,1.21378945795985,0.831388653935332,0.470697794829528,0.253277892881735,0.317230867323357,0.514290945719572,-1.26415032675834,2.18683620958026,6.88412661539125
142,-0.00417965584349139,0.807666518066478,0.101376442634549,-0.00472476150310119,-0.00472471043270772,-0.00343542155188448,0.022527670711997,0.0128713202918897,0.0115421835968395,6.72621470957039,8.89161757190619,0.918878839990663,2.89638689616554,0.298715945103382,3.98373286515022,2.91487976452698,1.13591874939386,-0.0670656487706138,9.65956188580645,12.8899455223924,1.16396382044524,0.217607429423464,0.165910617418612,0.0134346841218138,0.948658799361381,3.16564725851994,0.635601395572125,0.314497938283329,0.569195279616829,0.237164699840345,0.19914001771439,0.435713083080324,0.248890327013453,0.000243214687466283,0.998883445837631,1.00079944587729,0.998085530475109,0.523822680047381,0.0531032798744991,0.423074040078119,1.05158194504205,1.04871400119145,0.731695588834887,0.28513928715725,-0.0168348759921368,-0.000199784413650005,0.965571111871347,0.0197963100292335,0.999153247950352,0.25967489085947,0,0.470697794829528,0.67,0.1,1.025,0.5,0.6,0.25,0.005,0.975,0.8,0.1,1.21339037002871,0.831794994139834,0.470697794829528,0.252991607176891,0.316730496288563,0.514348338137891,-1.2629285597634,2.16851769245866,6.88976275639307
143,-0.0041962126214248,0.808680238672426,0.101376438559235,-0.00472475148297524,-0.00472471147309017,-0.00347551883478991,0.0225441290236073,0.0128816223484884,0.0115516866317409,6.72273017923064,8.87208809384619,0.916753815069126,2.8887034584989,0.297905781984411,3.97831103859121,2.91937201281475,1.12590583852379,-0.0669668127473287,9.6606080448232,12.8528919049023,1.16110551132439,0.217789994239531,0.16556609964919,0.0134127270181762,0.94784974100802,3.16094011124926,0.635059326475374,0.314086113869677,0.568709844604812,0.236962435252005,0.199284141461715,0.435687740859563,0.248661082737133,0.000227380939453737,0.998946725860432,1.00078280631547,0.998165355716097,0.52354467378913,0.0530750944553983,0.423380231755471,1.05157126213987,1.04870259857979,0.733821962258777,0.283011013367743,-0.0168329756265198,-0.000195009960012845,0.965571111871347,0.0197963100292335,0.999214898096163,0.25967489085947,0,0.470697794829528,0.67,0.1,1.025,0.5,0.6,0.25,0.005,0.975,0.8,0.1,1.21299930697253,0.832188278616785,0.470697794829528,0.252712259032296,0.316240634158137,0.514407565361526,-1.26173704323041,2.15054396480648,6.89539046428806
144,-0.00421225795850867,0.809663705260838,0.101376435366526,-0.00472474363294562,-0.00472471228815308,-0.00351432041145294,0.0225602244188064,0.0128916977547802,0.0115609806817613,6.71928423246912,8.85308030309128,0.914685626080068,2.88123370033142,0.297118119052657,3.97302621152832,2.92379750020232,1.11609942216601,-0.0668707108400061,9.6616263742509,12.8167740735045,1.15832440031195,0.217968459278377,0.165229977582649,0.0133913660192289,0.947062759595474,3.1563522740237,0.634532048928968,0.313685591728171,0.568237655757284,0.236765689898869,0.199423817698915,0.435662719262071,0.248436281747344,0.000211988966233091,0.999008766607426,1.0007666807517,0.998243432582156,0.523275246155591,0.0530477791707955,0.423676974673613,1.05156082589749,1.04869146149083,0.735911958425668,0.280919219442216,-0.0168311778678842,-0.000190313878053356,0.965571111871347,0.0197963100292335,0.999275152255167,0.25967489085947,0,0.470697794829528,0.67,0.1,1.025,0.5,0.6,0.25,0.005,0.975,0.8,0.1,1.21261621601778,0.832568944284689,0.470697794829528,0.252439710550621,0.315761119595403,0.514468503855543,-1.26057512463822,2.13291079669025,6.90100636801119
145,-0.00422780816020433,0.810617820626305,0.101376432865275,-0.00472473748302638,-0.00472471292669474,-0.00355187111830513,0.0225759624148508,0.0129015499394035,0.011570068906974,6.71587870189348,8.8345809719232,0.912672825909569,2.87397184567429,0.296352347222756,3.96787543919627,2.92815675434333,1.1064959533355,-0.0667772684825621,9.66261919609281,12.7815696783082,1.15561849021496,0.218142927819843,0.164902059537459,0.013370585565194,0.946297288494857,3.1518811835913,0.634019183291554,0.31329606426903,0.567778373096914,0.236574322123714,0.199559187963846,0.435638031129277,0.24821588250805,0.00019702720911177,0.999069575541444,1.00075105279899,0.998319784672874,0.523014124218132,0.0530213062513903,0.423964569530478,1.0515506318672,1.04868058499813,0.737965896161413,0.278863580848602,-0.0168294770100149,-0.000185698029494772,0.965571111871347,0.0197963100292335,0.999334029554786,0.25967489085947,0,0.470697794829528,0.67,0.1,1.025,0.5,0.6,0.25,0.005,0.975,0.8,0.1,1.21224103505688,0.832937412121564,0.470697794829528,0.252173824269813,0.315291790224549,0.514531032773391,-1.25944216021293,2.11561390428916,6.90660721386728
146,-0.00424287898218707,0.811543460649952,0.10137643090573,-0.00472473266501849,-0.00472471342694492,-0.00358821406021892,0.0225913486178393,0.0129111823863705,0.0115789545182094,6.71251520336465,8.81657713893234,0.91071399721426,2.86691225615832,0.295607872070043,3.96285579499741,2.93245028762333,1.09709192048897,-0.0666864131148871,9.66358860095314,12.7472568030599,1.15298582661858,0.218313498999484,0.164582157533415,0.0133503704491632,0.945552772456633,3.14752429105342,0.633520357545944,0.31291723192938,0.56733166347398,0.236388193114158,0.199690389034327,0.435613687492752,0.247999840470013,0.000182484343468224,0.99912916149572,1.0007359066229,0.998394436417691,0.522761044210142,0.0529956488785767,0.424243306911281,1.05154067559866,1.04866996418437,0.739984102203559,0.276843765517256,-0.0168278677208152,-0.000181163912435885,0.965571111871347,0.0197963100292335,0.999391549880463,0.25967489085947,0,0.470697794829528,0.67,0.1,1.025,0.5,0.6,0.25,0.005,0.975,0.8,0.1,1.2118736936551,0.833294087838807,0.470697794829528,0.251914463388334,0.314832482940821,0.514595034130116,-1.25833751498502,2.09864895756837,6.91218986805742
147,-0.00425748565058839,0.812441475096091,0.101376429370571,-0.00472472889046471,-0.00472471381885409,-0.00362339068803763,0.0226063887060835,0.0129205986248316,0.0115876407676752,6.70919515261815,8.79905611083679,0.908807752512466,2.86004942971938,0.294884113666816,3.95796437510187,2.93667860062332,1.08788384859807,-0.0665980741195247,9.66453646821565,12.7138139668152,1.15042449787355,0.21848026807746,0.164270087274689,0.013330705813792,0.944828667680591,3.14327906608569,0.633035207345996,0.312548803009875,0.566897200608355,0.236207166920148,0.199817553103282,0.435589697732255,0.247788108407833,0.000168349280111398,0.999187534534636,1.00072122692116,0.998467412956512,0.522515751193517,0.0529707811458802,0.424513467660603,1.05153095264632,1.04865959414846,0.741966910843592,0.274859434168118,-0.0168263450117099,-0.000176712695483359,0.965571111871347,0.0197963100292335,0.999447733766304,0.25967489085947,0,0.470697794829528,0.67,0.1,1.025,0.5,0.6,0.25,0.005,0.975,0.8,0.1,1.21151411397653,0.83363936252121,0.470697794829528,0.25166149196629,0.314383034194601,0.514660392946906,-1.2572605628774,2.08201158742709,6.91775131848394
148,-0.00427164288140867,0.813312688386512,0.101376428167887,-0.00472472593338047,-0.00472471412588593,-0.00365744087204489,0.0226210884148234,0.0129298022196584,0.0115961309403261,6.70591978070399,8.7820054634007,0.906952734196828,2.85337799907353,0.294180506401547,3.95319830250183,2.94084218518587,1.07886830007937,-0.0665121827634144,9.66546448463079,12.6812201243616,1.14793263498258,0.218643326687512,0.163965668126995,0.0133115771476229,0.944124441850669,3.13914300066137,0.632563376039948,0.312190493508989,0.566474665110401,0.236031110462667,0.199940807946578,0.435566069720916,0.247580636730058,0.000154611166052135,0.999244705825113,1.00070699890418,0.998538740030126,0.522277998738282,0.052946678022759,0.424775323238959,1.05152145857621,1.0486494700121,0.743914663558547,0.272910240651626,-0.0168249042101729,-0.000172345249170601,0.965571111871347,0.0197963100292335,0.999502602294825,0.25967489085947,0,0.470697794829528,0.67,0.1,1.025,0.5,0.6,0.25,0.005,0.975,0.8,0.1,1.2111622116346,0.833973613235013,0.470697794829528,0.251414775104512,0.313943280251328,0.514726997369651,-1.25621068681258,2.06569739235752,6.92328867590899
149,-0.00428536489913581,0.814157900352773,0.101376427225672,-0.00472472361672316,-0.00472471436642274,-0.00369040297161405,0.0226354535221937,0.0129387967627895,0.0116044283459295,6.7026901483269,8.76541304155407,0.905147614475444,2.84689273001095,0.293496498782893,3.94855473056924,2.94494152711809,1.07004187559494,-0.0664286721437924,9.66637416142854,12.6494546655354,1.14550841139561,0.218802763067467,0.163668723089591,0.0132929702810613,0.943439574138454,3.13511361232167,0.632104514672764,0.311842026955846,0.566063744483072,0.235859893534613,0.200060277083912,0.435542809958639,0.2473773737645,0.000141259384745623,0.999300687517874,1.00069320827637,0.998608443879725,0.52204754861489,0.0529233153204982,0.425029136064611,1.05151218897208,1.04863958692559,0.745827708634429,0.270995832300564,-0.0168235409349925,-0.000168062174870864,0.965571111871347,0.0197963100292335,0.999556177005163,0.25967489085947,0,0.470697794829528,0.67,0.1,1.025,0.5,0.6,0.25,0.005,0.975,0.8,0.1,1.21081789647299,0.834297203605749,0.470697794829528,0.25117417910349,0.313513057429043,0.514794738763993,-1.25518727882989,2.04970194464853,6.92879917453568
150,-0.00429866545460473,0.814977886966915,0.101376426487517,-0.00472472180179317,-0.00472471455486556,-0.00372231390126077,0.0226494898363541,0.012947585865287,0.0116125363117819,6.6995071591634,8.7492669588064,0.903391095248338,2.84058851953419,0.292831553230317,3.9440308461619,2.94897710856326,1.06140121473616,-0.0663474771375186,9.66726685006617,12.6184974135644,1.14315004272317,0.218958662272582,0.163379078762766,0.0132748713820333,0.942773555178792,3.13118844703401,0.63165828196979,0.311503134242279,0.565664133107275,0.235693388794698,0.200176079933079,0.435519923694659,0.247178266020618,0.000128283555742016,0.999355492637902,1.00067984121812,0.998676551154855,0.521824170498719,0.052900669659973,0.425275159841308,1.05150313944095,1.04862994007322,0.747706400783613,0.269115850290332,-0.0168222510739443,-0.000163863831308826,0.965571111871347,0.0197963100292335,0.999608479809137,0.25967489085947,0,0.470697794829528,0.67,0.1,1.025,0.5,0.6,0.25,0.005,0.975,0.8,0.1,1.21048107328202,0.834610484367605,0.470697794829528,0.250939571603905,0.313092202315238,0.514863511789136,-1.25418974020512,2.03402079616541,6.93428017207418
151,-0.00431155784213111,0.815773401051056,0.101376425909227,-0.00472472037992944,-0.00472471470249658,-0.00375320919331135,0.0226632031837038,0.0129561731500545,0.0116204581760299,6.69637157222707,8.73355559603712,0.901681907925828,2.8344603938643,0.292185145853072,3.93962387231925,2.95294941007033,1.05294299660215,-0.0662685343532355,9.66814375671248,12.5883286225513,1.14085578637702,0.219111106373003,0.163096565311392,0.013257266951357,0.942125887020647,3.12736508167603,0.631224344303833,0.311173553454743,0.565275532212388,0.235531471755162,0.200288331957934,0.435497415040161,0.246983258430828,0.000115673533949464,0.999409134983449,1.00066688436866,0.998743088829204,0.521607641686273,0.0528787184410952,0.425513639872632,1.05149430561819,1.04862052467797,0.749551100758239,0.267269930005345,-0.0168210307635844,-0.000159750358959615,0.965571111871347,0.0197963100292335,0.999659532914592,0.25967489085947,0,0.470697794829528,0.67,0.1,1.025,0.5,0.6,0.25,0.005,0.975,0.8,0.1,1.21015164245521,0.834913793885895,0.470697794829528,0.250710821710346,0.312680551964552,0.514933214452513,-1.25321748156692,2.01864948373486,6.9397291493505
152,-0.00432405491595188,0.816545172966346,0.10137642545618,-0.00472471926600415,-0.00472471481815462,-0.00378312305738471,0.0226765993981017,0.0129645622451708,0.011628197281554,6.69328401334869,8.7182675997389,0.900018813195057,2.82850350633545,0.291556766219224,3.93533107058567,2.95685891238843,1.04466394028313,-0.0661917820858856,9.66900595556326,12.5589289742068,1.13862394114625,0.219260174636481,0.162821016425077,0.0132401438178576,0.941496083056048,3.12364112617976,0.630802375647552,0.310853029706629,0.564897649833629,0.235374020764012,0.200397144810338,0.435475287071747,0.246792294572283,0.000103419408373044,0.999461629032979,1.00065432480947,0.998808084123639,0.52139774682265,0.0528574398137864,0.425744813363564,1.051485683172,1.04861133600587,0.7513621749614,0.265457701409518,-0.0168198763709182,-0.000155721702380816,0.965571111871347,0.0197963100292335,0.99970935875548,0.25967489085947,0,0.470697794829528,0.67,0.1,1.025,0.5,0.6,0.25,0.005,0.975,0.8,0.1,1.20982950059068,0.835207458654153,0.470697794829528,0.250487800099699,0.312277944078763,0.515003748147236,-1.25226992300564,2.0035835341622,6.94514370950991
153,-0.00433616910600332,0.817293911281771,0.10137642510125,-0.00472471839332589,-0.00472471490876414,-0.00381208843687331,0.0226896843110228,0.012972756777796,0.0116357569703765,6.69024498583334,8.70339187978141,0.898400600740573,2.82271313519697,0.290945917116272,3.93114974299609,2.96070609801131,1.03656080525798,-0.0661171602732049,9.6698544010757,12.5302795739253,1.1364528467169,0.219405943697424,0.162552269275374,0.0132234891332597,0.940883667929702,3.12001422536763,0.630392057512901,0.310541314971419,0.564530200757821,0.235220916982426,0.20050262646638,0.4354535419265,0.246605316870637,9.15115004798884e-05,0.999512989859477,1.00064215004847,0.998871564435963,0.521194277639769,0.0528368126503482,0.425968909709884,1.05147726780755,1.04860236936981,0.753139995057741,0.263678789418989,-0.01681878447673,-0.000151777630680831,0.965571111871347,0.0197963100292335,0.999757979928195,0.25967489085947,0,0.470697794829528,0.67,0.1,1.025,0.5,0.6,0.25,0.005,0.975,0.8,0.1,1.20951454104146,0.835491793767296,0.470697794829528,0.250270379115546,0.311884217170405,0.515075017674074,-1.25134649417141,1.98881846890578,6.95052157686291
154,-0.00434791243306652,0.818020303423346,0.101376424823189,-0.004724717709647,-0.00472471497975002,-0.00384013706259834,0.0227024637425831,0.0129807603686087,0.0116431405785559,6.68725488035233,8.68891760675757,0.896826088924434,2.81708468133954,0.290352114304853,3.92707723375552,2.9644914524949,1.02863039171452,-0.0660446104538924,9.67068993920341,12.5023619462922,1.13434088314228,0.219548487713307,0.162290164470492,0.0132072903668862,0.940288177431607,3.11648206050939,0.629993078879177,0.310238167917117,0.564172906458964,0.235072044357902,0.200604881357125,0.435432180889311,0.246422266787163,7.99403621831705e-05,0.999563233051616,1.00063034800477,0.998933557276891,0.520997032704932,0.0528168165191163,0.426186150775952,1.05146905527062,1.04859362013295,0.754884937584971,0.261932814275421,-0.0168177518603911,-0.000147917756280629,0.965571111871347,0.0197963100292335,0.999805419133678,0.25967489085947,0,0.470697794829528,0.67,0.1,1.025,0.5,0.6,0.25,0.005,0.975,0.8,0.1,1.20920665441865,0.835767103372196,0.470697794829528,0.250058432849811,0.311499210711254,0.515146931249592,-1.25044663435913,1.9743498084318,6.95586059541701
155,-0.00435929652330884,0.818725016304176,0.101376424605349,-0.004724717174035,-0.0047247150353622,-0.00386729950380182,0.0227149434933721,0.0129885766267395,0.0116503514315346,6.68431398412371,8.67483420896701,0.895294124430917,2.81161366596053,0.289774886266854,3.92311093064179,2.96821546556894,1.02086954080007,-0.0659740757272153,9.67151331770785,12.4751580300975,1.13228647027075,0.219687878509357,0.162034546007865,0.0131915353001934,0.939709158374794,3.11304235062642,0.629605136111112,0.30994335374222,0.563825495024877,0.234927289593699,0.200704010494154,0.43541120447309,0.246243084990498,6.86967735283669e-05,0.999612374641262,1.00061890699407,0.998994090211791,0.520805817179281,0.0527974316593026,0.426396751161417,1.05146104135083,1.04858508371178,0.756597383567576,0.260219391918408,-0.0168167754859844,-0.00014414155206783,0.965571111871347,0.0197963100292335,0.999851699124862,0.25967489085947,0,0.470697794829528,0.67,0.1,1.025,0.5,0.6,0.25,0.005,0.975,0.8,0.1,1.20890572905098,0.836033681096933,0.470697794829528,0.249851837212789,0.311122765266821,0.515219400501934,-1.24956979257894,1.96017307627086,6.96115872713414
156,-0.00437033262224807,0.81940869693593,0.101376424434687,-0.00472471675442243,-0.00472471507893024,-0.00389360521662807,0.0227271293370328,0.0129962091451623,0.0116573928399066,6.68142248943153,8.6611313690874,0.893803581880557,2.80629572818204,0.289213773949202,3.91924826615787,2.97187863206264,1.01327513480909,-0.0659055007138626,9.67232519561644,12.4486501729276,1.13028806713707,0.219824185712403,0.161785261224944,0.0131762120211703,0.939146168460121,3.10969285356766,0.629227932868281,0.309656644013614,0.563487701076073,0.23478654211503,0.200800111590129,0.435390612492445,0.246067711514134,5.77717400354139e-05,0.999660431036878,1.00060781571464,0.999053190807743,0.520620442585701,0.0527786389569428,0.426600918457356,1.05145322188462,1.04857675557879,0.758277718133952,0.258538134355656,-0.0168158524896078,-0.00014044836707579,0.965571111871347,0.0197963100292335,0.999896842659055,0.25967489085947,0,0.470697794829528,0.67,0.1,1.025,0.5,0.6,0.25,0.005,0.975,0.8,0.1,1.20861165140418,0.836291810459928,0.470697794829528,0.249650469992597,0.310754722617931,0.515292340455607,-1.24871542761133,1.94628380279611,6.96641404994938
157,-0.00438103160816557,0.820071973022215,0.101376424300986,-0.00472471642568706,-0.00472471511306261,-0.00391908259023932,0.0227390270135374,0.0130036614965125,0.0116642680955756,6.67858050153081,8.64779902057838,0.892353363417817,2.80112662263353,0.288668330504448,3.91548671845826,2.97548145266198,1.00584409731418,-0.0658388315179,9.67312615189286,12.4228211253989,1.12834417132299,0.219957476874679,0.16154216074851,0.0131613089186281,0.938598776129848,3.10643136687958,0.628861180006998,0.309377816506562,0.563159265677909,0.234649694032462,0.20089327917461,0.435370404131321,0.245896085900774,4.71564898144703e-05,0.999707418962394,1.00059706323379,0.99911088658553,0.520440726585796,0.0527604199218753,0.426798853492329,1.05144559275773,1.04856863126483,0.759926330137978,0.256888650029756,-0.0168149801677335,-0.000136837440807389,0.965571111871347,0.0197963100292335,0.999940872454878,0.25967489085947,0,0.470697794829528,0.67,0.1,1.025,0.5,0.6,0.25,0.005,0.975,0.8,0.1,1.20832430646322,0.83654176526008,0.470697794829528,0.249454210905004,0.310394925870352,0.515365669506495,-1.24788300804638,1.93267752874134,6.97162475558398
158,-0.0043914040049927,0.820715453534374,0.101376424196242,-0.00472471616814718,-0.00472471513980277,-0.00394375899069743,0.0227506422231057,0.0130109372293008,0.0116709804682762,6.67578804598104,8.63482734385862,0.890942398276339,2.79610221700989,0.288138121029192,3.91182381207173,2.97902443451558,0.998573393245867,-0.0657740156897128,9.67391669337964,12.3976540350865,1.12645331829222,0.220087817588357,0.161305098442781,0.0131468146764033,0.938066560411595,3.10325572849027,0.628504595475769,0.309106655047042,0.562839936246957,0.234516640102899,0.200983604705335,0.435350578005108,0.245728147334505,3.68424704475088e-05,0.999753355401138,1.00058663897498,0.999167204976175,0.52026649276552,0.0527427566656883,0.426990750568792,1.05143814990756,1.04856070636113,0.761543611785998,0.25527054418052,-0.0168141559665178,-0.000133307916333484,0.965571111871347,0.0197963100292335,0.999983811153404,0.25967489085947,0,0.470697794829528,0.67,0.1,1.025,0.5,0.6,0.25,0.005,0.975,0.8,0.1,1.20804357808034,0.836783809948947,0.470697794829528,0.249262941634523,0.310043219553406,0.515439309388269,-1.24707201230728,1.91934980847578,6.97678914718231
159,-0.00440145999469422,0.821339729270193,0.101376424114182,-0.00472471596638369,-0.00472471516075168,-0.00396766080274014,0.0227619806207206,0.0130180398644936,0.0116775332024306,6.67304507544927,8.62220676229266,0.889569642325389,2.79121848961434,0.287622722301255,3.90825711844058,2.98250809170409,0.991460028926337,-0.0657110021898479,9.67469726206967,12.3731324402023,1.12461408070429,0.220215271591487,0.161073931356562,0.0131327182674975,0.937549110754097,3.1001638172264,0.628157904205245,0.308842949356561,0.562529466452458,0.234387277688524,0.201071176675174,0.435331132217649,0.245563834761719,2.68213456533501e-05,0.999798257544473,1.00057653270533,0.999222173281683,0.520097570429101,0.0527256318805761,0.427176797690323,1.05143088932505,1.0485529765211,0.763129958270025,0.253683419201943,-0.016813377471968,-0.000129858852188445,0.965571111871347,0.0197963100292335,1.00002568128317,0.25967489085947,0,0.470697794829528,0.67,0.1,1.025,0.5,0.6,0.25,0.005,0.975,0.8,0.1,1.2077693492915,0.837018199985981,0.470697794829528,0.249076545867544,0.309699449708387,0.515513185131207,-1.24628192865822,1.90629621305161,6.98190563679965
160,-0.00441120942917068,0.821945373396015,0.101376424049894,-0.00472471580831679,-0.00472471517716366,-0.00399081346956631,0.0227730478111967,0.0130249728924344,0.0116839295143173,6.67035147601977,8.60992793801977,0.888234077600718,2.78647152689464,0.287121722516454,3.90478425629514,2.98593294558732,0.9845010520615,-0.065649741353688,9.67546824175816,12.3492402630656,1.12282506771166,0.220339900866009,0.160848519669669,0.0131190089481735,0.937046026856056,3.09715355317985,0.627820837993557,0.308586494899624,0.562227616113633,0.234261506714014,0.201156080714942,0.43531206441354,0.245403087001652,1.70849918386798e-05,0.999842142744776,1.00056673452368,0.999275818639671,0.519933794400895,0.0527090288190555,0.42735717678005,1.05142380705647,1.04854543746179,0.764685767407898,0.252126874992985,-0.0168126424008829,-0.000126489233272963,0.965571111871347,0.0197963100292335,1.0000665052288,0.25967489085947,0,0.470697794829528,0.67,0.1,1.025,0.5,0.6,0.25,0.005,0.975,0.8,0.1,1.20750150260376,0.837245182177739,0.470697794829528,0.248894909318282,0.309363463967582,0.515587225014388,-1.24551225519743,1.89351233303831,6.98697274276526
161,-0.00442066184170138,0.822532941972732,0.101376423999529,-0.00472471568448318,-0.00472471519002127,-0.00401324153074323,0.0227838493447594,0.0130317397700794,0.0116901725895291,6.66770707304552,8.59798176765474,0.886934711822861,2.78185752098022,0.286634721025731,3.9014028918804,2.98929952504184,0.977693551695467,-0.0655901848569067,9.67622996412352,12.3259618034076,1.12108492424371,0.220461765728426,0.160628726638812,0.0131056762520259,0.936556918489248,3.09422289793962,0.627493135387796,0.308337092733995,0.561934151093549,0.234139229622312,0.20123839969226,0.435293371826127,0.245245842847235,7.62549439879904e-06,0.99988502847245,1.00055723484909,0.999328167991568,0.519775004834827,0.0526929312744928,0.427532063890681,1.05141689920486,1.04853808496524,0.766211439291023,0.250600509301473,-0.0168119485924955,-0.000123197980721833,0.965571111871347,0.0197963100292335,1.00010630520281,0.25967489085947,0,0.470697794829528,0.67,0.1,1.025,0.5,0.6,0.25,0.005,0.975,0.8,0.1,1.20723992025588,0.837464995001931,0.470697794829528,0.248717919748184,0.309035111624609,0.515661360512126,-1.24476249983567,1.88099378115759,6.99198908694296
162,-0.00442982645794771,0.823102974466124,0.101376423960072,-0.00472471558746856,-0.00472471520009421,-0.0040349686583383,0.022794390713098,0.0130383439185257,0.0116962655806982,6.6651116365739,8.58635937788667,0.885670577905528,2.77737276722666,0.286161328073277,3.89811073905028,2.99260836660084,0.971034658131108,-0.065532285681665,9.6769827142818,12.3032817315467,1.11939233028118,0.220580924913706,0.160414418543114,0.0130927099840437,0.936081405316961,3.091369854703,0.627174541562364,0.308094549363762,0.561648843190177,0.23402035132924,0.201318213806635,0.435275051321507,0.245092041157101,-1.56485597096126e-06,0.999926932276676,1.00054802440976,0.999379248054132,0.5196210470311,0.0526773235624014,0.427701629406499,1.05141016193128,1.04853091487945,0.76770737594026,0.249103918060493,-0.0168112940007525,-0.000119983960933937,0.965571111871347,0.0197963100292335,1.00014510322061,0.25967489085947,0,0.470697794829528,0.67,0.1,1.025,0.5,0.6,0.25,0.005,0.975,0.8,0.1,1.20698448445416,0.837677868917144,0.470697794829528,0.248545466979433,0.308714243696739,0.515735526235417,-1.24403218026132,1.86873619473114,6.99695339190906
163,-0.00443871220653631,0.823655994242012,0.101376423929161,-0.00472471551146481,-0.00472471520798556,-0.00405601769137198,0.0228046773458565,0.0130447887208092,0.01170221160547,6.6625648863767,8.57505212099908,0.884440733456458,2.77301366177344,0.285701164536269,3.89490555924356,2.99586001450715,0.96452154281993,-0.0654759980835213,9.67772673585586,12.2811850814659,1.11774600012389,0.220697435652939,0.160205464629433,0.0130801002146801,0.935619116708689,3.08859246827904,0.626864808194822,0.307858676595362,0.561371470025213,0.233904779177172,0.201395600680925,0.435257099438876,0.244941620939306,-1.04935671752866e-05,0.999967871749606,1.00053909423243,0.999429085294,0.519471771259845,0.0526621905024699,0.427866038237686,1.05140359145588,1.04852392311932,0.76917398097041,0.247636695716764,-0.0168106766871742,-0.000116845993721118,0.965571111871347,0.0197963100292335,1.00018292107813,0.25967489085947,0,0.470697794829528,0.67,0.1,1.025,0.5,0.6,0.25,0.005,0.975,0.8,0.1,1.20673507758568,0.837884026658989,0.470697794829528,0.248377442903114,0.308400712979833,0.515809659869143,-1.24332082389262,1.85673523795284,7.0018644780657
164,-0.00444732772924022,0.824192509046656,0.101376423904944,-0.00472471545192155,-0.00472471521416795,-0.00407641066868258,0.022814714549941,0.0130510774836112,0.0117080137110806,6.6600665234373,8.56405161770158,0.883244265534754,2.76877671045914,0.285253862837662,3.89178515410931,2.99905501443695,0.958151417160459,-0.0654212774880963,9.67846225608005,12.2596573005828,1.11614468819733,0.220811353655146,0.16000173735287,0.0130678373130145,0.935169691551961,3.08588883533767,0.626563693339814,0.307629301738411,0.561101814931177,0.23379242288799,0.201470635449345,0.435239511248546,0.244794503840469,-1.91850222004162e-05,1.00000786239251,1.00053043563211,0.99947770380491,0.51932703259143,0.0526475174012853,0.428025450007285,1.05139718409853,1.04851710571062,0.770611659091784,0.246198435735527,-0.0168100948273103,-0.000113776373270206,0.965571111871347,0.0197963100292335,1.00021977823086,0.25967489085947,0,0.470697794829528,0.67,0.1,1.025,0.5,0.6,0.25,0.005,0.975,0.8,0.1,1.20649158241056,0.838083681253238,0.470697794829528,0.248213742224727,0.308094374664968,0.515883701895267,-1.24262796647082,1.84498660194773,7.00672124609859
165,-0.00445568139077527,0.824713011472837,0.101376423885971,-0.00472471540527364,-0.0047247152190113,-0.00409616886028963,0.022824507690829,0.0130572135516459,0.0117136749801875,6.65761614838951,8.55334960096869,0.8820802733084,2.76465848942497,0.284819062914669,3.88874738840749,3.00219393267915,0.951921536453081,-0.0653680807247377,9.67918942366824,12.2386840610535,1.11458716731337,0.220922733441746,0.159803111376656,0.0130559118150368,0.934732779095814,3.08325707068858,0.626270961994195,0.307406224621831,0.560839667457488,0.233683194773953,0.201543390842164,0.43522228482432,0.244650650261424,-2.76089524677973e-05,1.0000469261408,1.00052204020227,0.999525133837752,0.519186690733139,0.0526332900357174,0.428180019231144,1.05139093615265,1.04851045865235,0.772020816170473,0.244788730502474,-0.0168095466729473,-0.000110787980942391,0.965571111871347,0.0197963100292335,1.00025569845438,0.25967489085947,0,0.470697794829528,0.67,0.1,1.025,0.5,0.6,0.25,0.005,0.975,0.8,0.1,1.20625388356902,0.838277044832844,0.470697794829528,0.248054260073368,0.307795084560045,0.515957596149498,-1.24195315703005,1.8334860146528,7.01152271904234
166,-0.00446378128822844,0.825217979412056,0.101376423871108,-0.00472471536872865,-0.00472471522280582,-0.00411531279733468,0.0228340619933852,0.0130632001820419,0.0117191984146754,6.65521335757107,8.54293807381176,0.880947885572066,2.76065568311196,0.284396416061643,3.88579016439159,3.00527733623964,0.945829193812168,-0.0653163656602111,9.67990838468996,12.2182514472882,1.11307225052733,0.221031628146492,0.159609464530732,0.0130443145538313,0.934308035406893,3.08069534372018,0.625986383722619,0.307189284324461,0.560584821244136,0.233577008851723,0.201613937267233,0.435205415744174,0.244509999427282,-3.57932571785615e-05,1.00008507828722,1.00051389980533,0.999571398739994,0.519050609871944,0.0526194946369353,0.428329895491121,1.05138484402097,1.04850397806426,0.773401858849519,0.243407171720056,-0.0168090305695747,-0.000107871743167819,0.965571111871347,0.0197963100292335,1.00029070272939,0.25967489085947,0,0.470697794829528,0.67,0.1,1.025,0.5,0.6,0.25,0.005,0.975,0.8,0.1,1.20602186341146,0.838464318251248,0.470697794829528,0.247898894579558,0.307502701075931,0.516031289137682,-1.24129595145073,1.82222923126035,7.01626799314067
167,-0.0044716352601336,0.825707876493238,0.101376423859464,-0.00472471534009822,-0.00472471522577844,-0.00413386230067481,0.0228433826101524,0.0130690405873752,0.0117245869754576,6.65285771368561,8.53280924645679,0.879846253776891,2.75676506789809,0.28398558316596,3.88291143165087,3.00830579930743,0.939871723656581,-0.0652660913131445,9.68061925975859,12.1983458792022,1.11159878223385,0.22113808965403,0.159420677394362,0.0130330366041392,0.933895126842996,3.0782018642553,0.625709734984807,0.30697831221358,0.560337076105798,0.233473781710749,0.201682342888479,0.435188898781201,0.244372491289773,-4.3744363631854e-05,1.00012233628758,1.00050600656357,0.999616523765504,0.518918658523126,0.0526061178750247,0.42847522360185,1.05137890416785,1.04849766013481,0.774755193946933,0.24205335099724,-0.0168085449441724,-0.000105026370231923,0.965571111871347,0.0197963100292335,1.00032481175432,0.25967489085947,0,0.470697794829528,0.67,0.1,1.025,0.5,0.6,0.25,0.005,0.975,0.8,0.1,1.20579540686707,0.838645694529032,0.470697794829528,0.24774754592425,0.307217084558267,0.516104730152418,-1.24065591511991,1.81121204300403,7.02095625044315
168,-0.00447925089520982,0.826183152508367,0.101376423850341,-0.00472471531766838,-0.00472471522810736,-0.00415183650820017,0.0228524746197687,0.0130747379346715,0.0117298435815572,6.65054874919424,8.5229555316333,0.87877455150861,2.75298350822273,0.283586234482838,3.88010918585799,3.01127990305677,0.934046500624995,-0.0652172178237816,9.68132214720443,12.1789541050042,1.11016563744453,0.221242168654916,0.159236633241504,0.0130220692768647,0.933493728479592,3.07577488246902,0.625440798081327,0.30677314454787,0.560096237087755,0.233373432119898,0.201748673701501,0.435172729363034,0.244238066301209,-5.14687969538873e-05,1.00015871751482,1.00049835285031,0.999660533838437,0.51879070938449,0.0525931468441812,0.428616143771329,1.05137311311931,1.04849150112103,0.776081228340719,0.240726859962951,-0.0168080883036699,-0.000102250564507227,0.965571111871347,0.0197963100292335,1.00035804593644,0.25967489085947,0,0.470697794829528,0.67,0.1,1.025,0.5,0.6,0.25,0.005,0.975,0.8,0.1,1.20557439978709,0.838821361853872,0.470697794829528,0.24760011633161,0.306938097311781,0.516177871202515,-1.24003262282445,1.80043027704405,7.02558675592798
169,-0.00448663554077632,0.826644243825416,0.101376423843194,-0.00472471530009633,-0.00472471522993179,-0.00416925390094214,0.0228613430254198,0.0130802953444183,0.0117349711091954,6.6482859695118,8.51336954002236,0.877731973984948,2.74930795516156,0.283198049393625,3.87738146828684,3.01420023535981,0.92835093935101,-0.0651697064239871,9.6820171259599,12.1600631942297,1.10877172106803,0.221343914694656,0.15905721798746,0.0130114041134426,0.933103523947021,3.07341268845664,0.625179361044504,0.306573622083139,0.559862114368213,0.233275880986755,0.201812993606366,0.435156902751794,0.24410666546198,-5.89729033077693e-05,1.00019423922954,1.00049093128152,0.999703453531963,0.518666639195945,0.0525805690484533,0.428752791755602,1.05136746746317,1.04848549734844,0.777380368687735,0.239427290542343,-0.0168076592300786,-9.95430151244177e-05,0.965571111871347,0.0197963100292335,1.00039042538153,0.25967489085947,0,0.470697794829528,0.67,0.1,1.025,0.5,0.6,0.25,0.005,0.975,0.8,0.1,1.20535872909366,0.838991502184118,0.470697794829528,0.247456510055121,0.306665603621694,0.516250666936362,-1.23942565862939,1.78987979791831,7.03015885451767
170,-0.00449379631085766,0.827091573788967,0.101376423837595,-0.00472471528632989,-0.0047247152313612,-0.004186132328033,0.0228699718689326,0.0130857017742208,0.0117399590285134,6.64607259276389,8.50405151251875,0.876718586569542,2.74573622831231,0.282820850939208,3.87472647551134,3.01706747323088,0.922782522157813,-0.0651235198773527,9.6827079949722,12.1416687517456,1.10741695098095,0.221443293455183,0.158882292182834,0.0130010333495485,0.932724205238551,3.07111370330024,0.624925217509829,0.306379681492854,0.55963452314313,0.233181051309638,0.201875364477756,0.435141414083682,0.243978249067978,-6.6244149313683e-05,1.00022891856218,1.00048373470759,0.999745307058409,0.518546328604228,0.0525683723880112,0.428885299007761,1.05136198412748,1.0484796688829,0.778653020362247,0.238154235657174,-0.0168072560194211,-9.69024021928238e-05,0.965571111871347,0.0197963100292335,1.00042196988501,0.25967489085947,0,0.470697794829528,0.67,0.1,1.025,0.5,0.6,0.25,0.005,0.975,0.8,0.1,1.20514828287752,0.839156291502349,0.470697794829528,0.247316642288006,0.306399415864147,0.516322881589784,-1.23883462468024,1.77955656275047,7.03467216109052
171,-0.00450074009399193,0.827525553108877,0.101376423833209,-0.00472471527554497,-0.00472471523248097,-0.00420248903057807,0.022878409616452,0.0130909897372332,0.011744838045631,6.64390033673914,8.49497897860183,0.875731859395853,2.7422638754597,0.282454060589064,3.87214221511963,3.01988211827417,0.917338717830289,-0.0650786209848326,9.68338713714675,12.1237414609872,1.10609824717122,0.221540528365982,0.158711807769355,0.0129909481711318,0.932355481690738,3.06887618661975,0.624678172732795,0.306190980965286,0.559413289014443,0.233088870422685,0.201935846232547,0.435126254058831,0.243852739485432,-7.33266020496531e-05,1.0002627704947,1.00047675620554,0.999786116259562,0.518429662032549,0.0525565451459189,0.429013792821532,1.05135661735222,1.04847396258682,0.779899588007335,0.236907289780462,-0.016806877787797,-9.43274016514893e-05,0.965571111871347,0.0197963100292335,1.00045269892461,0.25967489085947,0,0.470697794829528,0.67,0.1,1.025,0.5,0.6,0.25,0.005,0.975,0.8,0.1,1.20494296233686,0.839315891673483,0.470697794829528,0.247180406076227,0.30613951977036,0.516394885369436,-1.23825911319222,1.76945646634836,7.03912594141333
172,-0.00450747356075449,0.827946580237344,0.101376423829773,-0.00472471526709572,-0.00472471523335827,-0.00421834066449389,0.0228866381978305,0.0130961467627484,0.0117495962778452,6.64177265195797,8.48615315852845,0.874771969453797,2.73888886923578,0.282097524375384,3.86962685737548,3.02264477866426,0.912017052789789,-0.0650349740785662,9.68405850522309,12.1062781096844,1.10481566082698,0.221635571495793,0.158545624734194,0.01298114107637,0.931997050552597,3.06669854947708,0.62443802387024,0.30600747615339,0.559198230331558,0.232999262638149,0.201994496894937,0.435111428266416,0.243730077566843,-8.02088584558803e-05,1.00029581422847,1.00046998907144,0.99982590697885,0.518316527554975,0.0525450759753891,0.429138396469636,1.05135138622653,1.04846840106461,0.781120477522632,0.235686045813365,-0.0168065233359979,-9.18166868442618e-05,0.965571111871347,0.0197963100292335,1.00048263165432,0.25967489085947,0,0.470697794829528,0.67,0.1,1.025,0.5,0.6,0.25,0.005,0.975,0.8,0.1,1.20474264406706,0.839470487886894,0.470697794829528,0.247047717324646,0.305885720993873,0.516466420434776,-1.23769873525403,1.75957548004883,7.04351976781953
173,-0.00451400317100852,0.828355041734734,0.10137642382708,-0.00472471526047635,-0.0047247152340455,-0.00423370332236561,0.0228946622475653,0.0131011757416482,0.011754236389573,6.63968898118677,8.47756744625334,0.873838197734089,2.73560849270168,0.281750955958257,3.86717862244635,3.02535606751918,0.9068150994057,-0.0649925444785379,9.68472214416867,12.0892670213807,1.10356821369888,0.221728468121937,0.158383639065452,0.0129716044850746,0.931648628187824,3.06457923825116,0.624204580885842,0.305829022542495,0.558989176912695,0.232912157046956,0.202051372659224,0.435096924840392,0.243610207282487,-8.6894143541109e-05,1.00032806632266,1.00046342681314,0.99986470221015,0.51820681677534,0.0525339538874991,0.429259229337161,1.05134628763871,1.04846298097656,0.782316092140707,0.234490099355775,-0.0168061914964813,-8.93689305497425e-05,0.965571111871347,0.0197963100292335,1.00051178689952,0.25967489085947,0,0.470697794829528,0.67,0.1,1.025,0.5,0.6,0.25,0.005,0.975,0.8,0.1,1.20454722068323,0.839620226433687,0.470697794829528,0.246918488428516,0.305637891934789,0.516537450957824,-1.23715311087604,1.74990963076974,7.04785328015143
174,-0.00452033518089398,0.828751312624482,0.101376423824971,-0.0047247152552905,-0.00472471523458395,-0.00424859255437193,0.0229024863922381,0.0131060795626436,0.0117587610441101,6.63764873274208,8.46921536988579,0.872929839590597,2.7324200978581,0.281414076905728,3.86479577259144,3.02801660259559,0.901730468453663,-0.0649512984578188,9.68537807020104,12.0726967654551,1.10235494905097,0.221819262813688,0.158225749166489,0.0129623310124623,0.931309938320862,3.06251673639572,0.623977658674978,0.305655481640146,0.558785962992517,0.232827484580216,0.202106527950326,0.435082738765996,0.243493073203196,-9.33880807675705e-05,1.0003595432067,1.0004570631432,0.999902524615908,0.518100424710512,0.0525231682393505,0.429376407050138,1.05134131846704,1.04845769896662,0.783486833656982,0.233319047502307,-0.0168058811592896,-8.69828113712685e-05,0.965571111871347,0.0197963100292335,1.00054018315324,0.25967489085947,0,0.470697794829528,0.67,0.1,1.025,0.5,0.6,0.25,0.005,0.975,0.8,0.1,1.20435658593336,0.839765261742639,0.470697794829528,0.246792633555393,0.305395907086735,0.51660794391944,-1.23662186869293,1.74045498796397,7.05212618317432
175,-0.00452647564956524,0.829135756737405,0.101376423823319,-0.00472471525122786,-0.00472471523500584,-0.00426302338832396,0.0229101151771329,0.0131108610640519,0.0117631728583545,6.63565130274261,8.46109062933049,0.87204620913379,2.72932111056394,0.281086616547869,3.86247661162055,3.03062700588916,0.896760808948199,-0.064911203216809,9.68602629236145,12.0565561923521,1.10117493593666,0.221907999211817,0.158071855767153,0.0129533134718144,0.930980712089621,3.06050956379123,0.623757077100046,0.305486718719115,0.558588427253773,0.232745178022405,0.202160015482136,0.435068864842375,0.243378620575547,-9.96960883002388e-05,1.00039026111826,1.00045089197219,0.999939396471718,0.517997249677828,0.052512708722653,0.42949004159952,1.05133647565197,1.04845255174703,0.784633102184773,0.232172489083453,-0.0168055912682262,-8.46570143839774e-05,0.965571111871347,0.0197963100292335,1.00056783857339,0.25967489085947,0,0.470697794829528,0.67,0.1,1.025,0.5,0.6,0.25,0.005,0.975,0.8,0.1,1.20417063505259,0.839905742960931,0.470697794829528,0.246670068768069,0.305159642962327,0.516677868444587,-1.23610464582276,1.73120766472399,7.05633824384475
176,-0.00453243044568775,0.829508727045744,0.101376423822024,-0.00472471524804507,-0.00472471523533624,-0.00427701034886263,0.0229175530660365,0.0131155230336495,0.0117674744026674,6.63369607698425,8.45318709210884,0.871186638771521,2.72630902841874,0.280768311767567,3.86021948419124,3.03318790323158,0.891903807817912,-0.0648722268582469,9.68666681396083,12.0408344271915,1.10002726855034,0.221994720058798,0.157921861875356,0.0129445448694993,0.930660687861697,3.05855627613177,0.623542660867337,0.305322602760611,0.558396412717018,0.232665171965424,0.202211886313801,0.435055297838003,0.243266795342455,-0.000105823434674985,1.0004202360951,1.00044490740208,0.999975339664581,0.517897193186547,0.0525025653527163,0.429600241460736,1.05133175619575,1.04844753609775,0.785755295950409,0.231050024867484,-0.0168053208178932,-8.23902333158152e-05,0.965571111871347,0.0197963100292335,1.00059477098091,0.25967489085947,0,0.470697794829528,0.67,0.1,1.025,0.5,0.6,0.25,0.005,0.975,0.8,0.1,1.20398926480132,0.840041814401753,0.470697794829528,0.246550711999248,0.304928978092515,0.516747195727746,-1.23560108772648,1.72216381851803,7.06048928864208
177,-0.00453820525370319,0.829870565987237,0.10137642382101,-0.00472471524555163,-0.00472471523559514,-0.00429056747585344,0.0229248044413553,0.0131200682087289,0.0117716682009237,6.63178243262233,8.44549878914465,0.870350478745526,2.72338141883368,0.280458906795596,3.85802277509231,3.03569992387921,0.887157189575962,-0.0648343383628594,9.68729963382513,12.0255208633738,1.09891106557833,0.222079467227586,0.157775672729429,0.0129360184000661,0.930349611058318,3.05665546429537,0.623334239409073,0.305163006350692,0.558209766634991,0.23258740276458,0.202262189904,0.4350420324992,0.24315754416195,-0.000111775241586745,1.00044948396696,1.00043910372003,1.00001037569093,0.51780015983315,0.0524927284578323,0.429707111709018,1.05132715716175,1.04844264886571,0.786853811097335,0.229951257753583,-0.0168050688509179,-8.01811724477907e-05,0.965571111871347,0.0197963100292335,1.00062099785869,0.25967489085947,0,0.470697794829528,0.67,0.1,1.025,0.5,0.6,0.25,0.005,0.975,0.8,0.1,1.20381237350318,0.840173615704141,0.470697794829528,0.246434483024781,0.30470379302368,0.51681589896043,-1.23511084806615,1.71331965185532,7.06457920094857
178,-0.00454380557987258,0.830221605779516,0.101376423820216,-0.00472471524359808,-0.00472471523579798,-0.00430370834202021,0.0229318736043443,0.0131244992762247,0.0117757567306269,6.62990973972364,8.43801991062637,0.869537096676602,2.72053591714191,0.280158153010329,3.8558849085139,3.03816370009643,0.882518715983101,-0.0647975075656356,9.68792474740521,12.0106051562964,1.09782546956273,0.22216228174844,0.157633195751188,0.0129277274414335,0.930047233980682,3.05480575370222,0.623131646767057,0.305007805580496,0.558028340388409,0.232511808495171,0.202310974163308,0.435029063560845,0.243050814423269,-0.000117556487732572,1.00047802034854,1.00043347539223,1.00004452565553,0.517706057200329,0.0524831886690334,0.429810754130638,1.05132267567375,1.04843788696385,0.787929041499768,0.2288757929556,-0.0168048344553676,-7.80285483133217e-05,0.965571111871347,0.0197963100292335,1.00064653635132,0.25967489085947,0,0.470697794829528,0.67,0.1,1.025,0.5,0.6,0.25,0.005,0.975,0.8,0.1,1.20363986107648,0.840301281992744,0.470697794829528,0.246321303435995,0.304483970312504,0.516883953259381,-1.2346335885622,1.70467141287784,7.06860791848173
179,-0.00454923675810584,0.830562168725128,0.101376423819593,-0.00472471524206775,-0.00472471523595686,-0.00431644606985215,0.0229387647754393,0.0131288188729052,0.0117797424230832,6.62807736269746,8.43074480194693,0.868745877118556,2.71777022475176,0.279865808742061,3.85380434730742,3.04057986673612,0.877986185704001,-0.0647617051327067,9.68854214776285,11.9960772171803,1.09676964627808,0.222243203833989,0.157494340499714,0.0129196655501743,0.929753315638966,3.05300580366357,0.622934721478107,0.304856879949127,0.557851989383379,0.232438328909741,0.202358285504718,0.435016385756012,0.24294655426047,-0.000123172012593039,1.00050586063346,1.0004280170581,1.00007781027123,0.517614795759536,0.0524739369102109,0.429911267330253,1.05131830891528,1.04843324737037,0.788981378585738,0.227823238176596,-0.0168046167623342,-7.5931091186209e-05,0.965571111871347,0.0197963100292335,1.0006714032654,0.25967489085947,0,0.470697794829528,0.67,0.1,1.025,0.5,0.6,0.25,0.005,0.975,0.8,0.1,1.20347162905965,0.84042494403136,0.470697794829528,0.246211096611283,0.304269394518776,0.51695133559564,-1.23416897884985,1.6962153958827,7.07257543078158
180,-0.0045545039555865,0.830892567507448,0.101376423819106,-0.0047247152408687,-0.00472471523608131,-0.00432879334782044,0.0229454820946814,0.0131330295856205,0.0117836276636285,6.62628466161422,8.4236679597238,0.867976221121202,2.71508210734253,0.279581639081964,3.85177959223816,3.04294906081948,0.873557433957499,-0.0647269025388157,9.68915182644396,11.981927207013,1.09574278412125,0.222322272902655,0.157359018625861,0.0129118264568972,0.929467621584112,3.05125430672394,0.622743306461355,0.304710112269173,0.557680572950467,0.232366905396028,0.202404168892396,0.435003993824681,0.24284471256376,-0.000128626520136016,1.00053301998915,1.00042272352464,1.00011024985931,0.517526288776944,0.0524649643885804,0.430008746834476,1.05131405412879,1.0484287271277,0.79001121116937,0.226793203774306,-0.0168044149436765,-7.3887546365921e-05,0.965571111871347,0.0197963100292335,1.00069561507051,0.25967489085947,0,0.470697794829528,0.67,0.1,1.025,0.5,0.6,0.25,0.005,0.975,0.8,0.1,1.20330758063145,0.840544728370637,0.470697794829528,0.246103787687076,0.304059952196328,0.517018024724585,-1.23371669633505,1.68794794177887,7.07648177675514
181,-0.00455961217819933,0.831213105477767,0.101376423818724,-0.00472471523992946,-0.0047247152361789,-0.00434076244593518,0.0229520296222258,0.0131371339516042,0.011787414791904,6.62453099341993,8.4167840279003,0.867227545802464,2.71246939310305,0.279305415695642,3.84980918123319,3.04527192111725,0.8692303321613,-0.0646930720453635,9.68975377424905,11.9681455306063,1.09474409351447,0.222399527600601,0.157227143827524,0.0129042040617266,0.929189923742518,3.04954998799894,0.622557248907487,0.304567388574788,0.557513954245511,0.23229748093563,0.202448667888733,0.434991882521607,0.242745238988741,-0.000133924582448542,1.00055951335255,1.00041758976091,1.00014186435054,0.517440452222684,0.0524562625854789,0.430103285191837,1.05130990861496,1.04842432334171,0.791018925292213,0.225785302917694,-0.0168042282099066,-7.18966753020317e-05,0.965571111871347,0.0197963100292335,1.00071918790072,0.25967489085947,0,0.470697794829528,0.67,0.1,1.025,0.5,0.6,0.25,0.005,0.975,0.8,0.1,1.20314762062624,0.840660757490227,0.470697794829528,0.245999303528323,0.303855531882267,0.517084001117092,-1.23327642605007,1.67986543848184,7.08032704228005
182,-0.00456456627576877,0.831524076933806,0.101376423818424,-0.0047247152391936,-0.00472471523625528,-0.0043523652306765,0.0229584113389274,0.0131411344588231,0.0117911061021762,6.62281571305308,8.41008779392793,0.866499283929573,2.70992997101252,0.27903691664125,3.84789168862666,3.04754908773401,0.865002787571674,-0.0646601866790172,9.69034798190963,11.9547228307712,1.09377280632169,0.222475005822299,0.157098631805659,0.01289679242988,0.928920000253691,3.04789160451071,0.622376400169973,0.304428598032279,0.557352000152215,0.232230000063423,0.202491824699761,0.434980046623413,0.242648083963738,-0.000139070643281397,1.00058535542656,1.00041261089285,1.00017267328683,0.517357204683236,0.0524478232474831,0.430194972069281,1.05130586973183,1.04842003318067,0.792004904073452,0.224799151734757,-0.0168040558082097,-6.99572565668267e-05,0.965571111871347,0.0197963100292335,1.00074213755656,0.25967489085947,0,0.470697794829528,0.67,0.1,1.025,0.5,0.6,0.25,0.005,0.975,0.8,0.1,1.20299165554491,0.840773149935623,0.470697794829528,0.245897572698575,0.303656024084648,0.517149246891872,-1.23284786050907,1.67196432124936,7.08411135786871
183,-0.00456937094711524,0.831825767389917,0.10137642381819,-0.00472471523861706,-0.00472471523631512,-0.00436361317932599,0.0229646311469951,0.0131450335463695,0.0117947038436966,6.62113817447162,8.40357418503118,0.865790883509491,2.70746178916355,0.278775926192156,3.84602572440486,3.04978120169712,0.860872742918615,-0.0646282202108689,9.69093444067959,11.941649982611,1.09282817527812,0.222548744729857,0.156973400221058,0.0128895857873431,0.928657635310955,3.0462779445229,0.62220061565834,0.304293632853159,0.557194581186573,0.232164408827739,0.202533680219,0.43496848093496,0.242553198695392,-0.000144069021515216,1.00061056067727,1.00040778219815,1.00020269582337,0.517276467276853,0.0524396383778343,0.430283894345313,1.05130193489404,1.04841585387436,0.792969527568801,0.223834369451785,-0.0168038970205862,-6.80680866851632e-05,0.965571111871347,0.0197963100292335,1.00076447950746,0.25967489085947,0,0.470697794829528,0.67,0.1,1.025,0.5,0.6,0.25,0.005,0.975,0.8,0.1,1.20283959356173,0.840882020449926,0.470697794829528,0.24579852542979,0.303461321268736,0.517213745749117,-1.23243069956384,1.6642410729616,7.08783489639423
184,-0.0045740307449366,0.832118453839231,0.101376423818006,-0.00472471523816542,-0.00472471523636209,-0.00437451739372774,0.0229706928707073,0.0131488336048932,0.0117982102210964,6.61949773159598,8.397238264555,0.865101807388545,2.70506285312676,0.278522234664079,3.84420993345246,3.0519689045517,0.856838176036894,-0.0645971471361319,9.69151314284908,11.9289180879321,1.09190947343314,0.222620780771198,0.156851368651903,0.0128825785166433,0.928402619005246,3.04470782687669,0.622029754733515,0.304162388209589,0.557041571403148,0.232100654751312,0.202574274069795,0.434957180295076,0.242460535172619,-0.000148923914572575,1.0006351433317,1.00040309910134,1.00023195073123,0.517198163571901,0.0524317002281596,0.43037013619994,1.05129810157197,1.04841178271311,0.793913172637867,0.222890578524241,-0.0168037511621073,-6.62279808247836e-05,0.965571111871347,0.0197963100292335,1.00078622889453,0.25967489085947,0,0.470697794829528,0.67,0.1,1.025,0.5,0.6,0.25,0.005,0.975,0.8,0.1,1.20269134452764,0.840987480100763,0.470697794829528,0.245702093591931,0.30327131784198,0.51727748290549,-1.23202465025993,1.6566922243485,7.09149787087881
185,-0.00457855008052121,0.832402405007969,0.101376423817862,-0.00472471523781159,-0.00472471523639872,-0.00438508861350573,0.0229766002571839,0.0131525369770677,0.0118016273948151,6.61789373917402,8.39107522839399,0.864431532861178,2.70273122435668,0.278275638246661,3.84244299480188,3.0541128379628,0.852897099493441,-0.0645669426543634,9.69208408218782,11.9165184697726,1.09101599360619,0.222691149697188,0.156732458552077,0.0128757651527195,0.928154747172058,3.04318010032951,0.621863680605279,0.30403476215216,0.556892848303235,0.232038686793014,0.202613644646192,0.434946139581675,0.242370046169134,-0.00015363940171267,1.00065911737623,1.00039855716908,1.00026045640039,0.517122219508003,0.052424001290477,0.43045377920152,1.05129436729091,1.0484078170468,0.794836212819785,0.221967404759492,-0.0168036175792766,-6.44357733887631e-05,0.965571111871347,0.0197963100292335,1.00080740053372,0.25967489085947,0,0.470697794829528,0.67,0.1,1.025,0.5,0.6,0.25,0.005,0.975,0.8,0.1,1.2025468199702,0.841089636402567,0.470697794829528,0.24560821066244,0.303085910137829,0.517340445030531,-1.23162942669339,1.64931435416737,7.09510053234541
186,-0.00458293322829918,0.83267788160217,0.10137642381775,-0.00472471523753437,-0.00472471523642759,-0.00439533722875995,0.0229823569772076,0.013156145958089,0.0118049574815568,6.61632555357357,8.38508040150377,0.863779551287842,2.70046501863826,0.278035938839389,3.84072362088701,3.0562136433258,0.849047560211417,-0.0645375826502026,9.69264725432476,11.9044426670482,1.09014704785592,0.222759886577818,0.156616593210257,0.0128691403788884,0.927913821241532,3.0416936428975,0.621702260231827,0.303910655529972,0.556748292744919,0.231978455310383,0.202651829152422,0.434935353716337,0.242281685244596,-0.000158219447301213,1.00068249655551,1.00039415210556,1.00028823084316,0.517048563319881,0.0524165342894748,0.430534902390644,1.05129072963021,1.0484039542839,0.79573901821691,0.221064477431577,-0.0168034956484874,-6.26903184852135e-05,0.965571111871347,0.0197963100292335,1.00082800891926,0.25967489085947,0,0.470697794829528,0.67,0.1,1.025,0.5,0.6,0.25,0.005,0.975,0.8,0.1,1.20240593309066,0.841188593434416,0.470697794829528,0.245516811695666,0.302904996398498,0.517402620184548,-1.2312447498682,1.64210408933317,7.09864316773267
187,-0.00458718433023779,0.832945136547056,0.101376423817661,-0.00472471523731721,-0.00472471523645013,-0.00440527329226836,0.0229879666260887,0.0131596627962008,0.0118082025547727,6.61479253350765,8.37924923449401,0.86314536772196,2.69826240457353,0.27780294389184,3.83905055680264,3.0582719613859,0.845287639091348,-0.0645090436746116,9.69320265707001,11.8926824293156,1.0893019669621,0.22282702581749,0.156503697709756,0.012862699022907,0.927679648091745,3.040247361203,0.621545364221469,0.30378997191291,0.556607788855047,0.231919912022936,0.202688863641035,0.434924817668375,0.242195406744589,-0.000162667903921412,1.00070529437187,1.00038987974811,1.00031529169791,0.516977125463798,0.0524092921750543,0.430613582361148,1.05128718622242,1.04840019189053,0.79662195538634,0.220181429388232,-0.0168033847745715,-6.09904903322767e-05,0.965571111871347,0.0197963100292335,1.00084806822739,0.25967489085947,0,0.470697794829528,0.67,0.1,1.025,0.5,0.6,0.25,0.005,0.975,0.8,0.1,1.20226859875833,0.841284451953631,0.470697794829528,0.245427833292306,0.302728476756782,0.517463997757993,-1.23087034755483,1.63505810500418,7.10212609787349
188,-0.00459130740008707,0.833204415219251,0.101376423817592,-0.00472471523714713,-0.00472471523646778,-0.00441490653121335,0.0229934327245703,0.0131630896932459,0.0118113646451662,6.6132940406971,8.37357730030207,0.862528500545833,2.6961216021077,0.277576466248131,3.83742257957061,3.06028843186757,0.841615450629647,-0.0644813029266102,9.69375029068446,11.8812297116505,1.08848009992048,0.222892601169524,0.156393698889141,0.0128564360531286,0.92745203990517,3.03884018982809,0.621392866736464,0.303672617516142,0.556471223943102,0.231863009976292,0.20272478304974,0.434914526458444,0.242111165799411,-0.000166988515526391,1.00072752408517,1.00038573606291,1.00034165623312,0.516907838546496,0.052402268115125,0.430689893338379,1.05128373475241,1.04839652738941,0.797485387239042,0.219317897150389,-0.0168032843894315,-5.93351835319001e-05,0.965571111871347,0.0197963100292335,1.00086759232029,0.25967489085947,0,0.470697794829528,0.67,0.1,1.025,0.5,0.6,0.25,0.005,0.975,0.8,0.1,1.20213473350254,0.841377309505288,0.470697794829528,0.245341213568918,0.30255625321703,0.517524568412392,-1.2305059541497,1.62817312462547,7.10554967553696
189,-0.00459530632748107,0.833455955672068,0.101376423817538,-0.00472471523701379,-0.00472471523648166,-0.00442424635845584,0.0229987587197667,0.0131664288052392,0.0118144457412194,6.61182944047485,8.36806029094658,0.861928481115414,2.694040881094,0.27735632399553,3.83583849741376,3.06226369311441,0.838029142534843,-0.0644543382354917,9.69429015810218,11.8700766696418,1.0876808134502,0.222956645749917,0.156286525303609,0.0128503465747529,0.927230814028322,3.03747109067485,0.621244645398976,0.303558501126668,0.556338488416994,0.231807703507081,0.202759621236991,0.434904475161732,0.242028918321913,-0.000171184920389496,1.00074919871301,1.00038171714088,1.00036734135164,0.516840637256543,0.0523954554886456,0.430763907254812,1.05128037295651,1.04839295835891,0.79832967294638,0.218473521004371,-0.0168031939507508,-5.7723313315698e-05,0.965571111871347,0.0197963100292335,1.00088659475026,0.25967489085947,0,0.470697794829528,0.67,0.1,1.025,0.5,0.6,0.25,0.005,0.975,0.8,0.1,1.20200425550248,0.841467260527852,0.470697794829528,0.245256892127556,0.302388229635344,0.517584324022836,-1.23015131053607,1.62144591993232,7.10891428353344
190,-0.00459918488190016,0.833699988854078,0.101376423817495,-0.00472471523690943,-0.00472471523649243,-0.00443330188337732,0.0230039479861321,0.0131696822429591,0.0118174477897356,6.61039810233662,8.3626940143608,0.861344853413903,2.69201855989671,0.277142340317139,3.83429714903843,3.06419838174012,0.834526895341818,-0.0644281280435108,9.6948222651108,11.859215654498,1.0869034915137,0.22301919205044,0.156182107187105,0.0128444258261679,0.927015792834587,3.03613905233328,0.621100581199174,0.303447534031967,0.556209475700752,0.231753948208647,0.202793411016384,0.434894658910755,0.241948621004395,-0.000175260654061957,1.00077033103142,1.00037781919369,1.00039236359523,0.516775458297999,0.0523888478788984,0.430835693823102,1.05127709862163,1.04838948243209,0.799155167853785,0.217647945086992,-0.0168031129407764,-5.61538156778473e-05,0.965571111871347,0.0197963100292335,1.00090508876405,0.25967489085947,0,0.470697794829528,0.67,0.1,1.025,0.5,0.6,0.25,0.005,0.975,0.8,0.1,1.20187708457513,0.84155439645505,0.470697794829528,0.24517481002558,0.302224311699111,0.517643257622034,-1.22980616394623,1.61487331091599,7.11222033288231
191,-0.00460294671649968,0.833936738821148,0.101376423817462,-0.0047247152368276,-0.00472471523650098,-0.00444208192230677,0.0230090038264563,0.0131728520725571,0.011820372696399,6.60899940044081,8.3574743913031,0.860777173713886,2.69005300403154,0.27693434334857,3.8327974029263,3.066093132291,0.83110692202433,-0.0644026513890317,9.69534662049305,11.8486392082665,1.08614753484881,0.223080271951123,0.156080376415199,0.0128386691753821,0.926806803590188,3.03484308945753,0.620960558405426,0.303339629950662,0.556084082154113,0.231701700897547,0.202826184189882,0.434885072897807,0.241870231314655,-0.00017921915223275,1.00079093357573,1.00037403854992,1.0004167391493,0.516712240326314,0.0523824390669908,0.430905320606695,1.05127390958439,1.04838609729567,0.799962223401364,0.216840817463805,-0.0168030408651689,-5.46256474929437e-05,0.965571111871347,0.0197963100292335,1.00092308730733,0.25967489085947,0,0.470697794829528,0.67,0.1,1.025,0.5,0.6,0.25,0.005,0.975,0.8,0.1,1.20175314216144,0.841638805814176,0.470697794829528,0.24509490974567,0.302064406905924,0.517701363345981,-1.22947026782523,1.60845216575375,7.11546826104184
192,-0.00460659537180965,0.834166422942159,0.101376423817436,-0.00472471523676354,-0.00472471523650764,-0.00445059500855349,0.0230139294728812,0.0131759403161807,0.0118232223263466,6.60763271406225,8.35239745234535,0.860225010248076,2.68814262484256,0.276732166038528,3.83133815663608,3.06794857692013,0.827767467606079,-0.0643778878901262,9.69586323613462,11.8383400591632,1.08541236051303,0.22313991673218,0.155981266468691,0.0128330721165469,0.926603678323298,3.03358224215081,0.62082446447661,0.30323470496509,0.555962206993979,0.231650919580825,0.202857971579938,0.434875712377084,0.241793707491295,-0.000183063753508925,1.00081101864183,1.00037037165133,1.00044048384776,0.516650923886371,0.0523762230255746,0.430972853088055,1.05127080373022,1.04838280068908,0.800751187051214,0.216051790200702,-0.0168029772519161,-5.31377865259787e-05,0.965571111871347,0.0197963100292335,1.00094060302929,0.25967489085947,0,0.470697794829528,0.67,0.1,1.025,0.5,0.6,0.25,0.005,0.975,0.8,0.1,1.20163235131106,0.841720574320948,0.470697794829528,0.245017135166098,0.301908424541977,0.517758636381185,-1.22914338169614,1.60217940070525,7.11865853020051
193,-0.00461013427931044,0.834389252098578,0.101376423817416,-0.00472471523671336,-0.00472471523651286,-0.00445884940205976,0.0230187280879378,0.0131789489526092,0.0118259985047525,6.60629742800234,8.34745933493645,0.859687942888354,2.68628587821513,0.276535646013223,3.82991833611581,3.06976534507384,0.824506808770588,-0.0643538177286121,9.69637212710108,11.8283111170101,1.08469740143953,0.223198157085427,0.155884712397949,0.0128276302665655,0.926406253696253,3.03235557535972,0.62069218997649,0.303132677455817,0.555843752217752,0.231601563424063,0.202888803060533,0.434866572666509,0.241719008538343,-0.000186797702126289,1.00083059828768,1.00036681504929,1.0004636131781,0.516591451352606,0.0523701939127756,0.431038354734619,1.05126777899254,1.04837959040348,0.801522402221207,0.215280519429097,-0.0168029216503044,-5.16892314418602e-05,0.965571111871347,0.0197963100292335,1.00095764828739,0.25967489085947,0,0.470697794829528,0.67,0.1,1.025,0.5,0.6,0.25,0.005,0.975,0.8,0.1,1.20151463666562,0.841799784971056,0.470697794829528,0.244941431531271,0.301756275659985,0.517815072913512,-1.22882527102717,1.59605197997713,7.12179162562883
194,-0.00461356676488887,0.834605430878075,0.1013764238174,-0.00472471523667395,-0.00472471523651685,-0.00446685309869232,0.0230234027655982,0.0131818799178997,0.011828703017421,6.60499293295912,8.34265628054081,0.859165562833078,2.68448126332385,0.276344625444514,3.82853689502591,3.07154406319031,0.821323253470123,-0.0643304216345203,9.69687331168747,11.8185454687819,1.08400210600486,0.22325502312523,0.155790650787969,0.0128223393617893,0.926214370880836,3.03116217827815,0.62056362849016,0.30303346803796,0.555728622528501,0.231553592720209,0.20291870758719,0.434857649149289,0.24164609421926,-0.000190424150583992,1.00084968433507,1.00036336540129,1.0004861422865,0.516533766871125,0.0523643460663251,0.43110188706255,1.05126483335179,1.04837646428079,0.802276208225027,0.214526665404919,-0.016802873629946,-5.02790017378783e-05,0.965571111871347,0.0197963100292335,1.00097423515214,0.25967489085947,0,0.470697794829528,0.67,0.1,1.025,0.5,0.6,0.25,0.005,0.975,0.8,0.1,1.20139992444093,0.841876518128554,0.470697794829528,0.244867745422591,0.301607873056708,0.517870670078596,-1.22851570710038,1.59006691555761,7.124868054091
195,-0.00461689605217903,0.834815157762365,0.101376423817387,-0.0047247152366432,-0.00472471523652007,-0.00447461383918646,0.0230279565323404,0.0131847351060417,0.0118313376113882,6.60371862585985,8.33798463184974,0.858657472302439,2.68272732141488,0.276158950921728,3.82719281407359,3.07328535441069,0.818215140533883,-0.0643076808709817,9.69736681144359,11.8090363742554,1.08332593760798,0.223310544399028,0.155699019724147,0.0128171952547978,0.926027875436589,3.03000116376126,0.620438676542515,0.302936999499346,0.555616725261953,0.231506968859147,0.202947713225983,0.434848937275227,0.241574925050378,-0.000193946162240126,1.00086828837157,1.00036001946756,1.00050808598316,0.516477816303743,0.0523586739978868,0.43116350969837,1.05126196483468,1.04837342021273,0.803012940218234,0.213789892561624,-0.0168028327798572,-4.89061376367979e-05,0.965571111871347,0.0197963100292335,1.00099037541199,0.25967489085947,0,0.470697794829528,0.67,0.1,1.025,0.5,0.6,0.25,0.005,0.975,0.8,0.1,1.2012881424081,0.841950851611196,0.470697794829528,0.244796024729639,0.301463131250112,0.517925425913826,-1.22821446688236,1.5842212670228,7.12788834231513
196,-0.0046201252657921,0.835018625309441,0.101376423817377,-0.00472471523661899,-0.00472471523652263,-0.00448213911775808,0.0230323923482245,0.013187516369619,0.0118339039955299,6.60247391015897,8.33344083006486,0.858163284241734,2.68102263462174,0.275978473327017,3.82588510035887,3.0749898383027,0.815180839275695,-0.0642855772195229,9.69785265117757,11.7997772617641,1.08266837426049,0.223364749897476,0.155609758758743,0.0128121939112619,0.925846617192132,3.02887166774971,0.620317233518729,0.302843196740373,0.555507970315279,0.231461654298033,0.202975847181582,0.434840432561805,0.241505462293877,-0.000197366713775322,1.00088642175267,1.00035677410788,1.00052945874762,0.516423547173875,0.052353172387572,0.431223280438554,1.05125917151321,1.04837045613985,0.803732929150133,0.213069869557451,-0.0168027987075839,-4.75696999796359e-05,0.965571111871347,0.0197963100292335,1.00100608057822,0.25967489085947,0,0.470697794829528,0.67,0.1,1.025,0.5,0.6,0.25,0.005,0.975,0.8,0.1,1.20117921987371,0.842022860772843,0.470697794829528,0.244726218621727,0.301321966456248,0.517979339311909,-1.22792133289679,1.5785121413165,7.13085303552127
197,-0.00462325743443912,0.835216020330365,0.10137642381737,-0.00472471523660012,-0.00472471523652462,-0.00448943619039743,0.0230367131079749,0.0131902255204761,0.0118364038411745,6.60125819610396,8.32902141225196,0.857682622032428,2.679365824814,0.275803047714233,3.82461278673233,3.0766581305967,0.812218749101399,-0.0642640929657612,9.69833085894049,11.7907617240538,1.08202890818779,0.223417668064213,0.155522808878049,0.0128073314068888,0.925670450129414,3.02777284870441,0.620199201586707,0.302751986715621,0.555402270077648,0.231417612532353,0.203003135824383,0.434832130595066,0.241437667950279,-0.000200688697664203,1.00090409560417,1.00035362627839,1.00055027473418,0.516370908614221,0.0523478360786355,0.431281255307144,1.05125645150389,1.0483675700506,0.804436501721227,0.212366269317146,-0.0168027710383732,-4.62687700474749e-05,0.965571111871347,0.0197963100292335,1.00102136188998,0.25967489085947,0,0.470697794829528,0.67,0.1,1.025,0.5,0.6,0.25,0.005,0.975,0.8,0.1,1.20107308765927,0.842092618583066,0.470697794829528,0.24465827751982,0.301184296565862,0.518032409975951,-1.22763609309897,1.57293669250489,7.13376269600589
198,-0.00462629549395048,0.835407524060791,0.101376423817364,-0.00472471523658524,-0.00472471523652607,-0.00449651208285873,0.0230409216420705,0.0131928643303894,0.01183883878272,6.60007090097108,8.32472300876364,0.857215119210746,2.6777555524778,0.275632533191171,3.82337493116498,3.07829084293432,0.809327299116152,-0.0642432108854885,9.69880146599399,11.7819835142366,1.08140704544087,0.223469326805327,0.155438112470227,0.0128026039244456,0.92549923227088,3.02670388705188,0.62008448562149,0.302663298377061,0.555299539362528,0.23137480806772,0.20302960471673,0.434824027030304,0.241371504750573,-0.000203914924525829,1.0009213208246,1.00035057302858,1.00057054777736,0.516319851316174,0.0523426600723466,0.43133748861148,1.05125380296686,1.04836475998036,0.805123980346038,0.211678769068348,-0.0168027494143863,-4.50024493743731e-05,0.965571111871347,0.0197963100292335,1.00103623031921,0.25967489085947,0,0.470697794829528,0.67,0.1,1.025,0.5,0.6,0.25,0.005,0.975,0.8,0.1,1.20096967807998,0.842160195704028,0.470697794829528,0.244592153068839,0.301050041120814,0.518084638376085,-1.22735854075229,1.56749212150774,7.13661790178186
199,-0.00462924229019598,0.835593312327361,0.101376423817359,-0.0047247152365737,-0.00472471523652729,-0.00450337359835651,0.0230450207178362,0.0131954345317409,0.0118412104182529,6.59891144927365,8.32054234072988,0.856760419193775,2.67619051562772,0.275466792805143,3.82217061613016,3.07988858262949,0.806504947731811,-0.0642229142311355,9.69926450676337,11.7734365418442,1.08080230551864,0.223519753498509,0.155355613293817,0.0127980077508616,0.925332825569494,3.02566398464047,0.619972993131561,0.302577062618885,0.555199695341696,0.231333206392373,0.203055278638284,0.434816117592585,0.241306936147997,-0.000207048125420633,1.00093810808788,1.00034761149835,1.00059029139745,0.516270327480886,0.052337639523029,0.431392032996085,1.05125122410502,1.04836202401053,0.805795683121084,0.211007050372868,-0.0168027334939513,-4.37698595317762e-05,0.965571111871347,0.0197963100292335,1.00105069657569,0.25967489085947,0,0.470697794829528,0.67,0.1,1.025,0.5,0.6,0.25,0.005,0.975,0.8,0.1,1.20086892492289,0.842225660564781,0.470697794829528,0.24452779811039,0.300919121290326,0.51813602570759,-1.22708847430685,1.5621756758075,7.13941924527253
200,-0.00463210058190876,0.835773555709138,0.101376423817355,-0.00472471523656459,-0.00472471523652829,-0.00451002732498251,0.0230490130405371,0.0131979378181931,0.0118435203101692,6.59777927294455,8.31647621761449,0.856318175012778,2.67466944874896,0.275305693431778,3.82099894799776,3.08145195244175,0.80375018227462,-0.0642031867186054,9.69972001877768,11.7651148689751,1.08021422100036,0.223568975001934,0.15527525644691,0.0127935392744065,0.925171095801551,3.02465236420734,0.619864634187039,0.302493212223929,0.555102657480931,0.231292773950388,0.203080181610556,0.434808398077121,0.241243926309489,-0.000210090954115266,1.00095446784606,1.00034473891518,1.00060951880603,0.516222290771949,0.052332769733263,0.431444939494788,1.05124871316323,1.04835936026763,0.806451923797799,0.210350799153054,-0.0168027229508526,-4.25701419006813e-05,0.965571111871347,0.0197963100292335,1.00106477111204,0.25967489085947,0,0.470697794829528,0.67,0.1,1.025,0.5,0.6,0.25,0.005,0.975,0.8,0.1,1.20077076342462,0.842289079433042,0.470697794829528,0.24446516665589,0.300791459847103,0.518186573850485,-1.22682569728002,1.55698464913769,7.14216733205877
