Time,n_MM,psi_o_MM,psi_y_MM,n_y_MM,n_m_MM,n_o_MM,mu_o_MM,mu_m_MM,mu_y_MM,s_o_MM,s_m_MM,s_y_MM,h_m_MM,h_y_MM,a_MM,a_o_MM,a_m_MM,a_y_MM,z_o_MM,z_m_MM,z_y_MM,c_o_MM,c_m_MM,c_y_MM,y_MM,k_MM,w_MM,inv_MM,b_MM,gov_MM,e_MM,t_MM,f_MM,nx_MM,tilde_R_MM,g_MM,q_MM,tilde_s_m_MM,tilde_s_y_MM,tilde_s_o_MM,Omega_m_MM,Omega_y_MM,eta_o_MM,eta_m_MM,eta_y_MM,walras_MM,gamma_MM,phi_MM,R_star,fy_target_MM,alpha,delta,beta,sigma,b_y,g_y,repl,x,omega,nu,Lambda_MM,w_indiv_MM,t_indiv_MM,e_indiv_MM,c_y_indiv_MM,c_m_indiv_MM,c_o_indiv_MM,a_y_indiv_MM,a_m_indiv_MM,a_o_indiv_MM
0,0.010574708476305,0.239211285055436,0.177873542381526,0.010574708476305,0.010574708476305,0.010574708476305,0.108491844297631,0.0530373565440279,0.0461554855971878,0.510110916024053,1.47489762022484,0.223450054857976,2.62111170262682,0.397103870607345,2.98969630349245,0.813915193954639,2.31070068372897,-0.134919574191158,1.40993510096992,6.39382129714419,0.509133662710438,0.152966459444194,0.339111379815436,0.0234993114362751,1.0459976186659,2.36209773229291,0.700818404506156,0.268921063303524,0.627598571199542,0.261499404666476,0.0670574684529672,0.348818315254281,-3.99680288865056e-15,1.29033102000165e-16,1.04841618356742,1.01562758201869,1.03228407944924,0.705674057500615,0.125520744374379,0.168805198125006,1.07960933770064,1.06408703879102,0.272240091076761,0.772888096034937,-0.0451281871116976,-1.29033102000165e-16,0.906064588921509,0.0374556693326375,1.04841618356742,-3.82104396542337e-15,0.67,0.1,1.015,0.5,0.6,0.25,0.4,0.005,0.975,0.8,0.1,0.993119127814252,0.494305142078965,0.397247651125701,0.187214564041988,0.480549591147667,0.906171499120049,-1.0748786972514,3.27445887966054,4.82162399615151
1,0.010853141779287,0.239505321306997,0.177969941004101,0.0111223897593218,0.010574708476305,0.0118168973602186,0.107151027743922,0.0525677798892881,0.0457881874638412,0.516495185996291,1.49304200373517,0.22661044006211,2.6368686341375,0.400089650712135,2.99112141947376,0.814964202989151,2.31114192216869,-0.134984705684074,1.41607150459145,6.42708965488508,0.515310519941614,0.151733517193066,0.337857835136452,0.0235951348514426,1.04570950503214,2.3630222857336,0.700625368371536,0.270422169429841,0.627425703019286,0.261427376258036,0.0671214015870632,0.348804628078809,0.000673430720879977,0.000673430720884101,1.04841616574358,1.01590740748818,1.03199972558107,0.705479683906136,0.125554177724367,0.168966138369498,1.07887078601611,1.06361029213054,0.272461090239971,0.772667370545303,-0.045128460785274,4.14424224096262e-08,0.907306777805423,0.0375530873425437,1.04841618356742,-1.78238470011269e-07,0.67,0.1,1.015,0.5,0.6,0.25,0.4,0.005,0.975,0.8,0.1,0.993119127814253,0.494421931681335,0.397247651125701,0.187927915096874,0.478905123483902,0.898011392443926,-1.0751112239404,3.27598650236424,4.82323979735499
2,0.0109690016315083,0.240010564124261,0.177990698011931,0.0107118558991979,0.0105939882008201,0.0127258629788918,0.105993903965684,0.0521474788283224,0.045453619075301,0.522858442576266,1.51074984482743,0.229655068848191,2.65119455604587,0.402715664314042,2.99379334119352,0.816826701647313,2.31206019120729,-0.135093551661086,1.42329311949579,6.45895292644709,0.520956541793626,0.150860394330757,0.336818111461136,0.0236793602924786,1.04554507037801,2.36533400016934,0.700515197153265,0.272154726676867,0.627327042226804,0.261386267594502,0.0672524190585491,0.348645420058624,0.00113229879737852,0.000437500275296507,1.04826204857847,1.01602384663967,1.03172976898665,0.705217990069712,0.125522242303079,0.169259767627209,1.07828450017553,1.06324473416,0.272840042233641,0.772284499196919,-0.0451245414305604,0.000208709746969901,0.908344048564192,0.0375003765632448,1.04832649848546,-7.1277796873487e-07,0.67,0.1,1.015,0.5,0.6,0.25,0.4,0.005,0.975,0.8,0.1,0.993331433708913,0.494379645681132,0.397332573483565,0.188646727926543,0.477608507162219,0.891295057565152,-1.07625189912475,3.27850426926678,4.82587630302292
3,0.0109620488228521,0.240656048704053,0.177855825626742,0.00983235923813774,0.0105981396023862,0.0133160429490999,0.105055982464264,0.051794038186015,0.0451675413334673,0.528842608074989,1.52698234799902,0.232282064128975,2.66345794676719,0.404691549341262,2.99754092563455,0.819312988186183,2.31344670364232,-0.135218766193952,1.43105785061561,6.48793063460644,0.525489935647057,0.150341188385507,0.336036126928118,0.0237350883707706,1.04563261511122,2.36874804368546,0.70057385212452,0.273506629967847,0.627379569066734,0.261408153777806,0.0674389340310658,0.348581361394297,0.00141331288235843,0.000245299746496954,1.04806349736873,1.01601685906697,1.03154144344729,0.704964137485113,0.125381978709659,0.169653883805228,1.07785420234653,1.06298842829676,0.273328374337512,0.771781523920556,-0.0451098982580686,0.000360127934678985,0.909153961203995,0.0373482080862865,1.04817189634775,-1.6030909740423e-06,0.67,0.1,1.015,0.5,0.6,0.25,0.4,0.005,0.975,0.8,0.1,0.993772328084297,0.494466800308205,0.397508931233719,0.189302231588902,0.476671236251665,0.886164142037012,-1.07845455611345,3.28165161974807,4.8293205543517
4,0.0108684409243029,0.241378246447015,0.177550906018483,0.00883862157384163,0.0105711651253484,0.0136038427517198,0.104364807483884,0.0515220033661044,0.0449432171784174,0.534093301906897,1.54070247743067,0.234273706792647,2.67316307088547,0.405874172729246,3.00204667237848,0.822207576618423,2.31516832209912,-0.135329226339066,1.43879856226939,6.51244393501876,0.528574491344414,0.150159934588746,0.335534157745907,0.0237558381615874,1.04595624898928,2.37293364218366,0.700790686822816,0.274473725032282,0.627573749393567,0.261489062247319,0.0676622508446761,0.348666593680399,0.00153928080125878,8.15679473531679e-05,1.04783853457229,1.01592278312892,1.03141552879153,0.704756821905043,0.125130212251947,0.17011296584301,1.07757999590964,1.06283740082898,0.273882343085823,0.771196645045102,-0.0450789881309255,0.000461963266083035,0.909721143211748,0.0371431654627662,1.04797389113999,-2.84829885448609e-06,0.67,0.1,1.015,0.5,0.6,0.25,0.4,0.005,0.975,0.8,0.1,0.994372335309212,0.494733194263961,0.397748934123685,0.189848940028612,0.476099198073624,0.882707169583548,-1.08150720680137,3.28505982509108,4.83330340250021
5,0.0107126042348007,0.242118760930935,0.177094628096754,0.00791332886593499,0.0105101812036965,0.0136102842011478,0.103936954872593,0.0513409199267174,0.0447895136114121,0.538308134415063,1.5511095274178,0.235503723986989,2.67995306834394,0.406218068942286,3.0069577446868,0.825285378477805,2.3170705380593,-0.135398171850296,1.44598061040039,6.53119061882633,0.530064973578246,0.150290820853534,0.335317333903215,0.023741352499267,1.04647860026687,2.37754232729606,0.701140662178802,0.275050290438223,0.627887160160121,0.261619650066717,0.0679037233460106,0.348880813280882,0.00152825723062497,-5.92712271932075e-05,1.04760463177937,1.01576616725597,1.03134428527917,0.704615674944489,0.124783650905437,0.170600674150074,1.07745960853478,1.0627874340763,0.274458588594455,0.770569703558674,-0.0450282921531282,0.000518423733105889,0.910038399128697,0.0369151999134656,1.04775213253906,-4.44717274022407e-06,0.67,0.1,1.015,0.5,0.6,0.25,0.4,0.005,0.975,0.8,0.1,0.995068215355895,0.495136321383097,0.398027286142358,0.190260120833125,0.47588684984851,0.880950920049276,-1.0850633946662,3.28841753093534,4.83752706482167
6,0.0105078894247479,0.242824121940486,0.176514223796303,0.0071074107756266,0.0104189256193508,0.013362564149072,0.1037767902886,0.0512546916546178,0.0447103398816192,0.541266705410127,1.55774744328239,0.235925633296913,2.68362159740841,0.405734870357714,3.01193589299767,0.828329606485764,2.31901263828768,-0.135406351775771,1.45215008492286,6.54336425850958,0.529948321758859,0.15069947421231,0.335378117047536,0.0236941698800027,1.04715710445458,2.38224216010748,0.701595259984566,0.27523992396933,0.628294262672745,0.261789276113644,0.0681457011853436,0.349199722468139,0.00139947021744399,-0.000176667660161815,1.04737816832574,1.01556042887187,1.0313302276746,0.704553641493349,0.124363739151057,0.171082619355594,1.07748804861197,1.06283385326507,0.275015682937484,0.769940901983774,-0.0449565849212579,0.000532810891915007,0.910107451228965,0.0366776098873912,1.0475247386974,-6.39813473576537e-06,0.67,0.1,1.015,0.5,0.6,0.25,0.4,0.005,0.975,0.8,0.1,0.995801055683266,0.495632556419674,0.398320422273306,0.19052313835002,0.476015021846568,0.88085788480408,-1.08879286438389,3.29146356176994,4.84169350227264
7,0.010260271525641,0.243447627787879,0.175830908335098,0.00639179702907633,0.0103028447592606,0.0128970257916536,0.103873419501807,0.0512605827038102,0.0447039179435021,0.542864660084253,1.56058025719952,0.235564316400315,2.68419401610848,0.404472707284189,3.01670035999815,0.831149316769772,2.32089316372166,-0.135342120493289,1.45698311633909,6.5488351056034,0.528312544144257,0.151341817985081,0.335697103491463,0.0236176409530429,1.04795407956837,2.38675035957662,0.702129233310807,0.275065630121423,0.628772447741021,0.261988519892092,0.0683726785000153,0.34959979839308,0.00117755268050891,-0.00026583494176825,1.04717352237124,1.01531157288327,1.03138145012716,0.704583331987593,0.123887527261148,0.171529140751259,1.07765539681496,1.06296981284474,0.275516033298427,0.769348256928699,-0.0448642902271259,0.000509202067034366,0.909941850662359,0.0364310878505116,1.04730794659034,-8.69925947716289e-06,0.67,0.1,1.015,0.5,0.6,0.25,0.4,0.005,0.975,0.8,0.1,0.99651695042251,0.496179490092218,0.398606780169004,0.190637762131277,0.476447693624087,0.882309660750574,-1.09245961627755,3.29399385190471,4.84552836404079
8,0.00997164061495977,0.243952608452026,0.175052598445924,0.005694713389087,0.0101661816670195,0.0122615579660308,0.104197519453411,0.0513482492568337,0.0447620922575439,0.543142863771317,1.56003687304228,0.234510571995143,2.68198938355073,0.40250787206546,3.02106356549428,0.833596658955037,2.32266700732988,-0.135200100790633,1.46032967589534,6.54827218197227,0.525333364045307,0.152162729545407,0.336242312340459,0.0235150207753368,1.04884233017087,2.39086346045378,0.702724361214482,0.274577917615196,0.629305398102521,0.262210582542717,0.0685725763764227,0.350060966923411,0.000894706937984436,-0.00031994694137684,1.04700182130416,1.01502149881803,1.03150703952908,0.704719049048505,0.123362900710281,0.171918050241214,1.07794457988221,1.06318462832808,0.275928209029994,0.768824275601799,-0.0447524846317928,0.00045371429312889,0.909570066464692,0.0361674882949308,1.0471152585636,-1.13482760321151e-05,0.67,0.1,1.015,0.5,0.6,0.25,0.4,0.005,0.975,0.8,0.1,0.997169527577385,0.496738334796052,0.398867811030954,0.19061663303915,0.477129591990519,0.885088734614607,-1.09595429429916,3.29587657729118,4.8488024252569
9,0.00964422973730842,0.244319033608416,0.174171557511962,0.00492712978535659,0.0100105196891849,0.0115275900127214,0.104687168338826,0.0514948939450192,0.0448665884127789,0.542366680119561,1.55719642627803,0.232945262472586,2.6777972724465,0.399967811484743,3.02497378324928,0.835593105395173,2.32436063901835,-0.134979961164238,1.46230577275783,6.5435098440053,0.521323102024979,0.153084650468416,0.336957345595386,0.0233899892318876,1.04980584426879,2.39449315368501,0.703369915660086,0.273873144607833,0.629883506561271,0.262451461067196,0.0687386632253221,0.350568076327122,0.000597123003004098,-0.000325956209923596,1.04686961636572,1.01469245088599,1.03171124950386,0.70497471485529,0.122786544092897,0.172238741051813,1.07832337338994,1.06345851266766,0.276231519770313,0.768390341719284,-0.0446218614895964,0.000375209507989357,0.909048669378773,0.0358730265609918,1.04695631725191,-1.43425701411017e-05,0.67,0.1,1.015,0.5,0.6,0.25,0.4,0.005,0.975,0.8,0.1,0.997723607440966,0.497277517817192,0.399089442976386,0.190493098447265,0.477970824335952,0.888793366309879,-1.09930580880358,3.29708369681808,4.85136561201297
10,0.00928597473829198,0.244553329598292,0.173167025720249,0.00401010756946008,0.00983431150239222,0.010802717959024,0.105231650767769,0.0516598652394313,0.0449848894311915,0.541109133945801,1.55396153274021,0.231166583408482,2.67305882686877,0.397064755218364,3.0285613794669,0.83716409375766,2.32608306758325,-0.134685781874011,1.46339672482774,6.53789960188748,0.516793453253858,0.153995653018396,0.337747012473966,0.0232478965010227,1.05083687367271,2.39770906173649,0.704060705360716,0.273115754337535,0.630502124203626,0.262709218418178,0.0688721558941141,0.351109867582003,0.000350193526780782,-0.000266028727504472,1.04677628867078,1.01433240461198,1.0319854555679,0.705357721816242,0.12214469875573,0.172497579428028,1.0787352209672,1.06375652866287,0.276423023631341,0.768048844362399,-0.0444718679937404,0.000287367651117372,0.908477493310056,0.0355327581835557,1.0468349187703,-1.76791867973429e-05,0.67,0.1,1.015,0.5,0.6,0.25,0.4,0.005,0.975,0.8,0.1,0.998161193369817,0.497775606224203,0.399264477347927,0.190330785845359,0.478830814532367,0.892740950505039,-1.10267398623138,3.29773531307456,4.85319328267418
11,0.00891340424209582,0.244697220950451,0.172012114002334,0.0028998053403364,0.00963340514404987,0.0102274576400443,0.105671092202976,0.0517849692461879,0.0450706405910331,0.540249674913797,1.55297534145782,0.229578847946565,2.66983973231931,0.394101089227063,3.03216599917253,0.838467355057477,2.3280242499604,-0.134325605845353,1.46448632664056,6.53619743690382,0.512450818177214,0.154753869604182,0.338476783263829,0.0230964868489381,1.05193316822971,2.40077247812112,0.704795222713908,0.272540128535439,0.631159900937828,0.262983292057428,0.0689845729348992,0.351676552616372,0.000233620113575065,-0.000127885356033313,1.04671081711387,1.01395797126331,1.03230197580059,0.705861093258997,0.121416658843479,0.172722247897524,1.07909861583903,1.06402799576333,0.276524225682259,0.767775989375668,-0.0443002150579264,0.000210493275930888,0.908000266372334,0.0351355558100036,1.04674627151414,-2.13548331630333e-05,0.67,0.1,1.015,0.5,0.6,0.25,0.4,0.005,0.975,0.8,0.1,0.998489971248921,0.498223454975629,0.399395988499569,0.19022502405302,0.479523218514658,0.895969520359629,-1.10631940563045,3.29813368691536,4.85442590785953
12,0.00854727950031337,0.244827784930045,0.170681345358392,0.0015931990072886,0.00940242280046677,0.00994101329536634,0.105829817469075,0.0518064578658793,0.0450731493511852,0.540810605205854,1.55710098755835,0.228610274795026,2.67040820708247,0.391407976729725,3.03631164472425,0.83978910769283,2.33043264724745,-0.133910110216029,1.46672498309752,6.54362578924381,0.509052752458103,0.155223237151284,0.339002073452595,0.0229446111493818,1.05310038634245,2.40413160543993,0.70557725884944,0.272406552490273,0.631860231805468,0.263275096585612,0.0690979669524486,0.352259132752384,0.000319807478856613,7.85674307481529e-05,1.04665005275274,1.01359001589781,1.03261677437267,0.706459590123753,0.12057947328366,0.172960936592586,1.07932497807152,1.06421774737272,0.27658198694794,0.767520900340278,-0.044102887288218,0.0001702480825542,0.907773935537412,0.0346764723297369,1.04667479492555,-2.53658818189764e-05,0.67,0.1,1.015,0.5,0.6,0.25,0.4,0.005,0.975,0.8,0.1,0.99875105202527,0.498626018638486,0.399500420810108,0.190286211446663,0.479860530158859,0.897446788906538,-1.11055477826652,3.29874868970102,4.85536864124976
13,0.00820418282506561,0.245044729157131,0.169156969585405,0.000123550798426075,0.0091362690716783,0.010030474310601,0.105571616187614,0.0516744021354793,0.0449525889309632,0.543695019614151,1.56867007500641,0.228594288376344,2.67658617649573,0.389244582458939,3.04161626799268,0.841495416066844,2.33357081111674,-0.133449959190901,1.47127340787464,6.56447593486511,0.507188341571359,0.155324711200452,0.339215367788847,0.0227994299269769,1.05435729499371,2.40835648402334,0.706419387645786,0.272922299966868,0.632614376996226,0.263589323748428,0.0692417390068032,0.35285289210317,0.000645406973115651,0.000315084016779114,1.04656136369784,1.01324520373919,1.03288064906274,0.707112713051588,0.119613043695121,0.173274243253291,1.07934783057727,1.06428438096808,0.276660611302479,0.76721407488112,-0.0438746861835991,0.000191078345359681,0.907917881137635,0.0341573568881738,1.04659469716395,-2.97083743444084e-05,0.67,0.1,1.015,0.5,0.6,0.25,0.4,0.005,0.975,0.8,0.1,0.999019498033333,0.49900515941852,0.399607799213333,0.190609896902966,0.479718949366562,0.896409693005556,-1.1156806571284,3.30013980521729,4.85643682677497
14,0.0078905013200933,0.245449659834757,0.16743307528609,-0.00144969998762867,0.00883139391708099,0.0104984641754557,0.104841292571433,0.0513671705823665,0.0446913406670252,0.54948466721769,1.58895430140429,0.229689853668299,2.68927471171224,0.387726838697441,3.0486662757246,0.843956619445325,2.33766253406996,-0.132952877790683,1.47906107408224,6.6010903182157,0.507128048907527,0.155066673508964,0.339079327074014,0.0226642343324691,1.05573652923823,2.41402852473599,0.707343474589617,0.27417588494343,0.63344191754294,0.263934132309558,0.0694468860897427,0.353462918544813,0.00119583344567075,0.000529094205509912,1.04640974746573,1.01292995382669,1.03305242728044,0.707772821581309,0.118504580121272,0.173722598297419,1.07914380600761,1.06421320204067,0.276828141583325,0.766782036078729,-0.0436101776620537,0.000287182864288067,0.908476273834976,0.0335861670603658,1.04647437768142,-3.43780252234823e-05,0.67,0.1,1.015,0.5,0.6,0.25,0.4,0.005,0.975,0.8,0.1,0.999393383048062,0.499401655117393,0.399757353219225,0.19125196941144,0.479079327059269,0.892610834909833,-1.1219218502325,3.3028430349263,4.85807043940504
15,0.00760037571209953,0.246122955126546,0.165518164834311,-0.00304731607528397,0.00848661505721804,0.0112530042638976,0.103686950127539,0.050899700817283,0.0443006234962423,0.558288222103374,1.61778110403617,0.231829092573794,2.70815756752329,0.386787672897216,3.05788270808083,0.847462937376298,2.34284082698104,-0.132421056276511,1.49056403960185,6.65315173933778,0.508732897958996,0.154552034739489,0.338643417472904,0.0225371887644966,1.05727938318553,2.4216121722244,0.708377186734306,0.276102264302824,0.634367629911319,0.264319845796383,0.0697391546173107,0.354106010058683,0.00190290594510597,0.000667479473246443,1.0461659712107,1.01263837759066,1.03310914770958,0.708395346281588,0.117252297693695,0.174352356024717,1.07874274380869,1.06402239496491,0.277140432889415,0.766164385875509,-0.0433048187649238,0.000457152636190036,0.909399125074044,0.0329763935553646,1.04628310963694,-3.93702260745541e-05,0.67,0.1,1.015,0.5,0.6,0.25,0.4,0.005,0.975,0.8,0.1,0.999974365236338,0.49987060462411,0.399989746094535,0.19221106287718,0.478042973108822,0.886435023095291,-1.1293685401581,3.30725044888954,4.86063370004679
16,0.00732120742446616,0.247108754955601,0.1634367394834,-0.00457347990533019,0.00810363296686223,0.0121414050167625,0.102236367105528,0.0503161726112692,0.0438150273502672,0.569764710514303,1.6536535000344,0.234750202134319,2.73188208936934,0.386219793131717,3.06943415499676,0.852168784799815,2.34911600082365,-0.131850630626707,1.50574110477855,6.71793604903676,0.511532169581093,0.153941487370478,0.33802079270835,0.0224128049417635,1.05902186396968,2.43135441356763,0.709544648859684,0.278507933774394,0.635413118381807,0.26475546599242,0.0701338779060504,0.354808314960706,0.00266662304731949,0.000700830232203579,1.04581401994539,1.01235781346159,1.03304780783921,0.708945584486601,0.115867754799643,0.175186660713755,1.07821327954204,1.06375395976189,0.27763058021381,0.765325425397474,-0.0429560056112835,0.000682548950069982,0.910566157851596,0.0323466389660253,1.04599829931959,-4.46800501980996e-05,0.67,0.1,1.015,0.5,0.6,0.25,0.4,0.005,0.975,0.8,0.1,1.00084500755233,0.500473270057318,0.400338003020933,0.193434359546531,0.476793706181462,0.87872836175586,-1.13794067085101,3.31353499087637,4.86434744133978
17,0.00704253828580259,0.248415235588586,0.161227664118734,-0.00593295132466154,0.00768734789667991,0.0130150587840052,0.100634790430844,0.0496686502215595,0.0432758744618783,0.583350707416507,1.69447940102704,0.238124809223307,2.75871591141475,0.385791498589548,3.08324081192635,0.858093522777101,2.3563815543318,-0.131234265182548,1.52419650644225,6.79165129119668,0.514967739604737,0.153387165574074,0.337332080815879,0.0222856969744296,1.06097767814663,2.44326090492085,0.710855044358242,0.281155305723562,0.636586606887978,0.265244419536657,0.0706348893254349,0.355597387965454,0.00339330011752765,0.000639001927736929,1.0453535681566,1.01207775097723,1.03287871623226,0.709399522536968,0.11437482794558,0.176225649517451,1.07762932272177,1.06345287303969,0.278308953827708,0.764254787692509,-0.0425637415202171,0.000934007594290605,0.911845029399608,0.0317176856766636,1.04561006942021,-5.03022574387716e-05,0.67,0.1,1.015,0.5,0.6,0.25,0.4,0.005,0.975,0.8,0.1,1.00205176600073,0.501265333099972,0.400820706400291,0.194847916930054,0.4755177725656,0.870402044163748,-1.14740513747473,3.32165652706512,4.86928846695569
18,0.00675705892678518,0.250023157216418,0.158936121925602,-0.00707053166757488,0.00724553282374663,0.0137651485507266,0.0990044935602778,0.0490022811347956,0.0427193579681844,0.598439319985627,1.73814896383031,0.241648383252256,2.78703384411539,0.385318803444023,3.09904279902447,0.865155607758899,2.3644516812036,-0.13056448993803,1.54535546392736,6.87049642387867,0.51855503492134,0.152997135075858,0.336669997295671,0.0221523381630908,1.06313434237074,2.45714488995151,0.712300009388395,0.283835231154523,0.637880605422443,0.265783585592685,0.0712365988930284,0.356491946822092,0.00401730365052124,0.000513312453349196,1.04479594752563,1.01179084422142,1.03262048030253,0.709743719924216,0.112803914405806,0.177452365669978,1.07705099103346,1.06315592750209,0.279168654279687,0.762961931970659,-0.0421305862503462,0.00118274263556303,0.913127198785826,0.0311055675189061,1.04512086930195,-5.6231299356801e-05,0.67,0.1,1.015,0.5,0.6,0.25,0.4,0.005,0.975,0.8,0.1,1.00360170776073,0.50228263641439,0.401440683104291,0.196379161838294,0.474354316698455,0.862187069178884,-1.15744644701186,3.33141613631477,4.87542448077529
19,0.00645785486038207,0.251895295641479,0.156603043753883,-0.00799175265496266,0.00678722438512036,0.0143259062800944,0.0974359804675123,0.0483517831390291,0.0421736623783056,0.614467032682371,1.78288114840788,0.245083982229471,2.81545473578344,0.384656356192257,3.11647341607747,0.873208867512147,2.37310073716222,-0.129836188596901,1.56858539672834,6.95117661198921,0.521915226372023,0.152836656075056,0.336101784097356,0.0220110765471962,1.06546223095529,2.47269620157366,0.713859694740046,0.286386810642121,0.639277338573175,0.266365557738823,0.0719271595412319,0.357497901278358,0.00449987593063338,0.000352823615131584,1.04415869679075,1.01149014413468,1.03229745029697,0.709975987922909,0.111184400700898,0.178839611376192,1.07652049774015,1.06288896184379,0.280191341600152,0.761469911766092,-0.0416612533662445,0.00140752223960876,0.91433516830873,0.030517046210752,1.04454207969317,-6.24613247036365e-05,0.67,0.1,1.015,0.5,0.6,0.25,0.4,0.005,0.975,0.8,0.1,1.00547019460264,0.503535200287894,0.402188077841054,0.197969107252816,0.473398804768945,0.854601812758145,-1.16775543851857,3.3425084475109,4.88263679837314
20,0.00613703507120887,0.253984973707364,0.154256426477394,-0.00875859577537264,0.00632060875077656,0.0146688635206771,0.0959865697136604,0.0477397961894173,0.0416572721634294,0.630949244712267,1.82727315623713,0.248253760399639,2.84295695404956,0.383706392957604,3.13514033871551,0.882078814079455,2.38210848477704,-0.129046960140985,1.59326894217853,7.03110395146006,0.524773839888818,0.152932420386842,0.335663469617295,0.021860646672561,1.06792569024522,2.48955467373833,0.7155102124643,0.288706548489982,0.640755414147134,0.266981422561306,0.0726915370000382,0.358612099243333,0.00483025083005066,0.000186658033579582,1.04346235632771,1.01116772024656,1.03193796185787,0.710105525848624,0.109538340839259,0.180356133312116,1.07606477896081,1.06266938751598,0.281352258202422,0.759809203868799,-0.0411614620712208,0.0015945244836582,0.915421277588852,0.0299489859933434,1.04389067529042,-6.89861851964209e-05,0.67,0.1,1.015,0.5,0.6,0.25,0.4,0.005,0.975,0.8,0.1,1.00761110344722,0.505012404761627,0.403044441378888,0.199570730258185,0.472695194444734,0.847946879201405,-1.17809854661167,3.35458378799441,4.89076139458461
21,0.00578594563961928,0.256242592037183,0.151907329407326,-0.00946634108268096,0.00585128529547863,0.0147920831135897,0.0946874265272557,0.0471792558432523,0.0411808570366226,0.647503298469459,1.87038279090491,0.251038646531831,2.86884730431599,0.382391309181185,3.15467792657401,0.891587310598629,2.39128700016383,-0.128196384188454,1.61886257141582,7.10848583099328,0.526933129394061,0.153285930782152,0.335373071660717,0.0216995578694988,1.0704928099051,2.5073663477777,0.717230182636419,0.290739682534792,0.642295685943062,0.267623202476276,0.0735139684344234,0.359825846584244,0.0050158928532402,3.31487501743898e-05,1.04272677273726,1.01081487536782,1.0315704667067,0.710151656987048,0.10787724168709,0.181971101325862,1.07569837494599,1.06250731336928,0.282623878364154,0.758013038357859,-0.0406369167220126,0.00173821583149331,0.916361063218671,0.0293910413482482,1.04318559899032,-7.57994415856037e-05,0.67,0.1,1.015,0.5,0.6,0.25,0.4,0.005,0.975,0.8,0.1,1.00996762533711,0.506688737601308,0.403987050134842,0.201150470017029,0.472255564513643,0.842364142796816,-1.18835430145963,3.36729060143198,4.89960935611437
22,0.00540024844457167,0.258621003153653,0.149555225384891,-0.0101856683655021,0.00538146588146526,0.014713288650406,0.0935479061724876,0.0466750086133757,0.0407486269301112,0.663858612474932,1.91166127250397,0.253366622232565,2.89275782197258,0.380660084343901,3.17477231650056,0.901568373409092,2.40048876346925,-0.127284820377788,1.6449268942984,7.18226659310179,0.528268085326872,0.153879466759783,0.335232355073738,0.0215261991281929,1.07313660562612,2.52581333625524,0.719001525769498,0.292471238940044,0.64388196337567,0.268284151406529,0.0743795583454059,0.36112790585175,0.00507701686964358,-9.54565571492701e-05,1.04196964561078,1.01042724968679,1.03121688962146,0.710138390162882,0.106204906995273,0.183656702841845,1.07542442132371,1.06240544985826,0.283978907313339,0.756113674984396,-0.0400925822977355,0.00183865087497827,0.91714949255685,0.0288341882018332,1.0424453591582,-8.28943700097033e-05,0.67,0.1,1.015,0.5,0.6,0.25,0.4,0.005,0.975,0.8,0.1,1.01248085687155,0.50853173248234,0.404992342748621,0.202685541913341,0.472066233451831,0.83786469199709,-1.19848342208381,3.38031121359128,4.90898703645723
23,0.00498587740963322,0.261080116454889,0.147200974212982,-0.0109079475356054,0.00491104507697804,0.0144663019485156,0.0925577411802398,0.0462248928616158,0.0403593448238443,0.679870603628688,1.95088113068981,0.255215209314987,2.91464312141199,0.378513115167384,3.19515961163029,0.911876621266646,2.40959606069671,-0.126313070333066,1.67114995260224,7.25204403040981,0.52875547884787,0.154677864776121,0.335224958307243,0.021340224698565,1.07582829722105,2.54462139681854,0.720804959138102,0.293920723783736,0.645496978332628,0.268957074305262,0.0752751370692149,0.362503718442156,0.00504123647911766,-0.000192585851061425,1.04120534756186,1.01001080679668,1.03088535345885,0.710085512492222,0.104525279213379,0.185389208294399,1.07523368033081,1.06235757449184,0.285393135900547,0.754139496482233,-0.0395326323827796,0.00190003720118154,0.917799752460472,0.0282797045248041,1.04168631429869,-9.02639686309461e-05,0.67,0.1,1.015,0.5,0.6,0.25,0.4,0.005,0.975,0.8,0.1,1.01509599401382,0.510507131978879,0.406038397605527,0.204163288145835,0.472090969904016,0.834341255346925,-1.20844518458744,3.39338856842697,4.91871468493777
24,0.00455862150400134,0.263589490932852,0.144857640509516,-0.0115497710817086,0.00444019484259628,0.0140943830810683,0.0916925512353185,0.0458217405247978,0.0400079239674959,0.695507607918851,1.98804177968535,0.256613873985492,2.93470518824562,0.376015855716327,3.21561234849265,0.922390192415597,2.41850552518965,-0.125283369112593,1.69734179514528,7.31788820176032,0.528490154508754,0.155633599504196,0.335318374343023,0.0211437939195291,1.07853150269855,2.56355620296691,0.722616106808028,0.29513166187339,0.647118901619129,0.269632875674637,0.0761896046933629,0.363933441104709,0.00493724390661382,-0.000258103494963869,1.04044438320043,1.00958141461152,1.03057006412978,0.710001801044471,0.102849185656809,0.18714901329872,1.0751071179682,1.06235003512293,0.286847446909217,0.752113520873188,-0.038960967782405,0.00192930087873742,0.91833833570578,0.0277400572874319,1.04092162205299,-9.79009645452355e-05,0.67,0.1,1.015,0.5,0.6,0.25,0.4,0.005,0.975,0.8,0.1,1.01776658276782,0.512581011159877,0.407106633107128,0.20558056716251,0.472278202463349,0.831602565041473,-1.21812699159956,3.40633716933088,4.92864042485393
25,0.00413965228263206,0.266129455709005,0.142553533039517,-0.0119976557770392,0.00397152810190327,0.0136458603699126,0.0909172327802256,0.0454543398650268,0.0396860775021804,0.710849397078995,2.02337908159444,0.257652703115763,2.95333594037184,0.373299558634539,3.23593263571547,0.93301402753906,2.42711985192325,-0.124201243746839,1.72343962710723,7.38028855087883,0.527693086741691,0.156690361749284,0.335466144066548,0.0209420687382282,1.08120087443045,2.58242036446814,0.724404585868404,0.296162703407252,0.648720524658272,0.270300218607613,0.0771141592601062,0.365392118791153,0.00479174658905172,-0.000294879595189489,1.03969371581968,1.00916035054405,1.030256207806,0.709882924680167,0.101196318957583,0.18892075636225,1.07501881766883,1.06236406615649,0.288329249268214,0.750052651014198,-0.0383819002824124,0.0019342574567174,0.918801411482651,0.027233575994396,1.04016097519144,-0.00010579782095963,0.67,0.1,1.015,0.5,0.6,0.25,0.4,0.005,0.975,0.8,0.1,1.02045641708424,0.514721661963876,0.408182566833696,0.206944965527908,0.472565450447607,0.829397281518582,-1.22732966007289,3.41904244705811,4.93865282727344
26,0.00375339103346624,0.268694046948662,0.140329611231361,-0.012144670691829,0.00351070660790342,0.0131811685273167,0.0901774340714337,0.0451039698263375,0.0393794375170637,0.726179107879776,2.05767033028065,0.258521626111144,2.97124316311333,0.370574345260185,3.25596743659412,0.943694077518758,2.43535107276796,-0.123077713692596,1.74960492381001,7.44058177452524,0.526761842752153,0.157774882657183,0.335599775823015,0.0207435850734206,1.08378196472091,2.60106399391833,0.726133916363009,0.297096433339089,0.650269178832546,0.270945491180227,0.0780431442457031,0.366851348903302,0.00463426384324092,-0.000300863988114791,1.03895718604178,1.00877215798863,1.02992254278045,0.709711291357349,0.0995935096026838,0.190695199039967,1.07493237750812,1.06237382977226,0.28983523204558,0.747965426618032,-0.0378006586636114,0.00192266063608872,0.919241924059257,0.0267794408931817,1.03941073650594,-0.000113946744630247,0.67,0.1,1.015,0.5,0.6,0.25,0.4,0.005,0.975,0.8,0.1,1.02313986716239,0.516902229640006,0.409255946864958,0.208282499092306,0.47286802381454,0.827366831737154,-1.23580054748145,3.43146727750415,4.94870391215761
27,0.00342124843666741,0.271291024828405,0.138231766058187,-0.0119293234819466,0.00306592224627211,0.0127607407269186,0.0894114237255518,0.0447484883336955,0.0390706845262982,0.741925535101295,2.09207986198794,0.259473757224021,2.98928298831461,0.368085182510969,3.27561939110736,0.954423402129082,2.44312592447847,-0.121929935500192,1.77618561619944,7.50064559115708,0.526187510457831,0.158811284734883,0.335642551707219,0.0205585062230324,1.08621862807378,2.6193967794479,0.727766480809432,0.298027720382303,0.651731176844267,0.271554657018445,0.0789746057658208,0.368280745478275,0.00449143481519197,-0.000279757459898105,1.03823464750843,1.00843835467885,1.02954696505873,0.709459972173276,0.0980699049011041,0.192470122925619,1.07480890515282,1.06235218940261,0.291371886709293,0.745851587980493,-0.037223474689786,0.00190366546779423,0.919718113679894,0.0263918849197974,1.03867351674201,-0.000122339693553255,0.67,0.1,1.015,0.5,0.6,0.25,0.4,0.005,0.975,0.8,0.1,1.02580344114422,0.519100104196333,0.410321376457689,0.209631142640182,0.473095826222657,0.825121750435293,-1.24329615311802,3.44364167155827,4.95881328292143
28,0.00315483063857174,0.273938063152878,0.136299546592446,-0.0113687524053578,0.00264635321163742,0.0124293651064222,0.0885672720490487,0.04436848935708,0.0387443522220212,0.758541694630532,2.12783316753909,0.260759920220218,3.00820458996076,0.366047644969367,3.29484860072146,0.965236530346504,2.45039188811908,-0.120779817744117,1.80360886802776,7.56234123419178,0.526423692401994,0.159740717274516,0.335529656541341,0.0203959449565267,1.08846472561607,2.63738939972514,0.729271366162766,0.299038043021944,0.653078835369641,0.272116181404017,0.0799100742237925,0.369653298194282,0.0043803656266797,-0.000241834197337592,1.03752279255749,1.00817060479176,1.02911430627536,0.709100362300358,0.0966500578700782,0.194249579829564,1.0746178720684,1.06227836747014,0.292953227087467,0.743703940624525,-0.0366571677119917,0.00188601661506199,0.92027740388392,0.0260748304887665,1.03794847350279,-0.000130968384901361,0.67,0.1,1.015,0.5,0.6,0.25,0.4,0.005,0.975,0.8,0.1,1.02844590827309,0.521298983679979,0.411378363309234,0.211028791973865,0.47317654083953,0.822347813646102,-1.24966110114984,3.45563479924038,4.96905337552549
29,0.0029559268645432,0.276660050215075,0.134556896438133,-0.0105544281411848,0.00225990931848918,0.012218870387005,0.0876017902985879,0.0439468982069922,0.0383864965329353,0.776512502987495,2.16626847039897,0.262617698737554,3.02867305851656,0.364627756207407,3.31368031604298,0.976206762568471,2.4571251558432,-0.119651602368691,1.83238519199755,7.62759874943334,0.527856410861629,0.160520223325123,0.335209305783109,0.020262558285359,1.09049043181553,2.65507337649855,0.730628589316405,0.300192977248278,0.654294259089317,0.272622607953882,0.0808542968835385,0.370951348207913,0.00431268045510865,-0.000193042857251753,1.03681690012047,1.00797070649887,1.0286180872476,0.70860827059338,0.0953481296814378,0.196043599725182,1.07433665156782,1.06213770803424,0.294598956284874,0.741509415964422,-0.0361083722492959,0.00187580207702935,0.920957365095394,0.0258213455483032,1.03723245197425,-0.000139824303197958,0.67,0.1,1.015,0.5,0.6,0.25,0.4,0.005,0.975,0.8,0.1,1.03107544695264,0.523492828974862,0.412430178781055,0.212511334549059,0.473053052996981,0.818798591487522,-1.2548919708069,3.46753665997383,4.97953906139724
30,0.00281698608686277,0.279485392203665,0.133007124014383,-0.00962823456913831,0.00191137928762641,0.0121432226150122,0.0864876648240527,0.043471797503876,0.0379870124926323,0.796288106412248,2.20863227079146,0.265232464882384,3.05116766041848,0.363913461203237,3.3321993749527,0.987435880322362,2.46333192374454,-0.118568429114203,1.86303937360238,7.69811919015373,0.530738673595434,0.16112992488658,0.334651078572278,0.0201611766240164,1.09228652177074,2.67253444505434,0.731831969586396,0.301535864472094,0.655371913062444,0.273071630442685,0.0818145380188139,0.37216822621336,0.00429301683591818,-0.000140678848680623,1.0361111417566,1.0078310710173,1.02806032831549,0.707968352765154,0.0941648344944935,0.197866812740352,1.07395395458233,1.06192376969847,0.296331572397564,0.739251061103748,-0.035582633501312,0.0018775256217682,0.92177961579659,0.025615833925825,1.03652067157331,-0.000148898708720875,0.67,0.1,1.015,0.5,0.6,0.25,0.4,0.005,0.975,0.8,0.1,1.0337071801699,0.525684834300517,0.41348287206796,0.214105156476384,0.47269214402764,0.814335272575602,-1.25915825956383,3.47943790725018,4.99040676224017
31,0.00272394392287827,0.282442665392395,0.13163286560284,-0.008747338041591,0.00160142480287662,0.0121995065702596,0.0852146346822184,0.0429371703189107,0.0375403412154721,0.818252673130283,2.25597478900304,0.268721258729784,3.0759586729284,0.363909581027806,3.35053662798172,0.99904136340783,2.46904428977132,-0.117549025197432,1.89606705094086,7.77524460611178,0.535172367858443,0.161572661065162,0.333847001898607,0.0200905532982856,1.09386414771131,2.68989810865141,0.732888978966576,0.303085224694844,0.656318488626785,0.273466036927827,0.0827996466624124,0.37330883147698,0.0043200307035216,-9.08279014893665e-05,1.03539959755005,1.00773756364249,1.02744964056671,0.707175803612268,0.0930875775144737,0.199736618873258,1.0734694567598,1.06163774884928,0.298173538848671,0.73691010244434,-0.0350836412930101,0.00189349772807079,0.922749393264223,0.025437966527183,1.03580761145243,-0.000158182646127429,0.67,0.1,1.015,0.5,0.6,0.25,0.4,0.005,0.975,0.8,0.1,1.03636037209272,0.527886884096021,0.414544148837087,0.215824214516291,0.472084876480941,0.808928587940537,-1.26277886197173,3.49141511510914,5.00179370735101
32,0.00266322322457002,0.285560160199684,0.130402990934984,-0.00802904016712702,0.00132657312056783,0.012378835312493,0.0837798226363623,0.042339722426238,0.0370431071208367,0.842786719787907,2.30928721322014,0.273160384223062,3.10325149082158,0.364572517263222,3.36885374307343,1.01114909831467,2.4743103816475,-0.116605736888748,1.9319771392899,7.86022051793785,0.541173928398045,0.16186070204946,0.332799554908562,0.0200467638005093,1.09524691257783,2.70731384729622,0.733815431427144,0.304848171782689,0.657148147546696,0.273811728144457,0.0838193808621341,0.374387308767209,0.0043917482305126,-4.40364107148129e-05,1.03467693247849,1.00767653934069,1.02679470254956,0.706233067716953,0.09209490432748,0.201672027955567,1.07288651543912,1.06128302389503,0.300146333272329,0.734466548668824,-0.0346128819411526,0.00192402830286522,0.923865295882224,0.0252696875553287,1.03508778587149,-0.000167666953292261,0.67,0.1,1.015,0.5,0.6,0.25,0.4,0.005,0.975,0.8,0.1,1.03905561063483,0.530118633466845,0.41562224425393,0.217675059732134,0.471231906464543,0.80259371460836,-1.26614754356126,3.50353232488282,5.01382917881626
33,0.00262630417735504,0.288867130001821,0.129282321345636,-0.00752258318814913,0.0010805981869968,0.0126737535676198,0.0821804150039153,0.0416763824995303,0.0364922215087908,0.870329239571762,2.36963484392865,0.278618716156137,3.1332965402484,0.365848403779252,3.38732751703208,1.02388997036358,2.47918181986179,-0.115744273193282,1.97134073515617,7.95441731726262,0.548747875777572,0.16200559970442,0.331511338636917,0.0200250290354643,1.09646127340762,2.72494274386949,0.734629053183104,0.306833273116022,0.657876764044571,0.274115318351905,0.0848840744835835,0.375421827769972,0.00450800911802169,1.63970191997594e-06,1.03393803495847,1.00763943569824,1.02609921597799,0.705144298472808,0.0911626917902043,0.203693009736988,1.07220679811195,1.06086116012374,0.302270732669002,0.731899058296787,-0.0341697909657889,0.00196907486097029,0.925126527152989,0.025099630839705,1.03435587626919,-0.000177342270349255,0.67,0.1,1.015,0.5,0.6,0.25,0.4,0.005,0.975,0.8,0.1,1.04181378871552,0.532404259075845,0.416725515486209,0.219662546621029,0.470132623003404,0.795341970318987,-1.26964519059669,3.51585033762758,5.02663283185634
34,0.00260946194079647,0.292393757606988,0.128239579067729,-0.00721606520394458,0.000856464269127111,0.0130753970209387,0.0804166131787452,0.0409454780272993,0.0358858438328845,0.901352793398763,2.43805434571394,0.28515969689359,3.16632839041739,0.367685798015312,3.40612887381486,1.03739296374958,2.48370048673405,-0.114964576668767,2.01476189909455,8.05915362536921,0.557901691205579,0.162020328249481,0.329985897634378,0.0200207729654441,1.0975307597161,2.74294327020611,0.735345609009788,0.309047196063482,0.658518455829661,0.274382689929025,0.0860041863032685,0.376430113879254,0.004667147779083,4.48075003879805e-05,1.03317761528226,1.0076225092505,1.02536178558652,0.703911399362699,0.0902693015552484,0.205819299082053,1.07143166687267,1.06037276879107,0.304566562858003,0.729185705750333,-0.0337522686083359,0.00202906737390324,0.926530416981699,0.0249235546085797,1.03360655426813,-0.000187199048928589,0.67,0.1,1.015,0.5,0.6,0.25,0.4,0.005,0.975,0.8,0.1,1.04465648613668,0.534769168705128,0.417862594454671,0.221789385987334,0.468788966811928,0.787196968273076,-1.27357334872481,3.52842770976961,5.04030947717884
35,0.00261156761992224,0.296168729712735,0.127252429905172,-0.00705476661329052,0.00064791581354573,0.0135668577252508,0.0784992226233629,0.0401497020603504,0.0352257744137095,0.936271817465781,2.51527850730491,0.292818355918737,3.20241170243546,0.370030285200905,3.42539503822981,1.0517720268258,2.48788516864829,-0.114262157244273,2.06278118903893,8.17526004781628,0.568616438259532,0.16192671972297,0.328234255112725,0.020029954384163,1.0984734581214,2.76144972850167,0.735977216941341,0.311480880168529,0.659084074872843,0.274618364530351,0.0871893749756124,0.377427631256242,0.0048612348552976,7.93747700001187e-05,1.03239070316887,1.00762462545802,1.02457867452336,0.702532762874224,0.0893990011637388,0.208068235962037,1.07056658488295,1.05982058132987,0.307051307976747,0.726306058388692,-0.0333573663654394,0.00210390943266606,0.928065716371874,0.0247432155126363,1.03283467815598,-0.000197227561579831,0.67,0.1,1.015,0.5,0.6,0.25,0.4,0.005,0.975,0.8,0.1,1.047605543591,0.5372384765546,0.419042217436402,0.224051210007113,0.467215584038875,0.778238537825229,-1.27811447283395,3.54130839175354,5.05493797245292
36,0.00263321654868876,0.300218077681371,0.126308627807401,-0.00696962590278627,0.000450485981034365,0.0141290811084063,0.0764437775707887,0.0392938349038154,0.0345155907589132,0.975486191092877,2.60190078519944,0.301628734847009,3.24151362011012,0.372840096257032,3.44521845316119,1.06712128967148,2.49172720273402,-0.113630039244311,2.11590751615045,8.3033074401245,0.580888501664593,0.161747963430282,0.326268791603455,0.020049709804863,1.09929949856212,2.78055902367114,0.736530664036624,0.314113653062836,0.659579699137275,0.274824874640531,0.0884479280441837,0.378427704514077,0.00507973035277396,0.000103061236732652,1.03157382467702,1.00764638263143,1.02374587202219,0.701003350412124,0.0885427712789463,0.210453878308929,1.069618368724,1.05920788325467,0.309739804363463,0.723242150417471,-0.0329819547809339,0.00219144478342401,0.929717738883829,0.0245635841493747,1.03203603954161,-0.00020741791137175,0.67,0.1,1.015,0.5,0.6,0.25,0.4,0.005,0.975,0.8,0.1,1.05068066165962,0.539837226586146,0.420272264663849,0.226440956333953,0.46543114438988,0.768567273409187,-1.28333502106377,3.55451539749292,5.07057079796378
37,0.00267612192582066,0.304566516630942,0.125403488549652,-0.00690624207102486,0.000261725561480297,0.0147497839781774,0.0742603964724179,0.0383806144985448,0.0337572334728184,1.01951249752652,2.69879714021217,0.311675416979732,3.28368078358687,0.376104791841541,3.46565824606424,1.083522168943,2.4951968875271,-0.113060810405858,2.17474504953673,8.44420257527331,0.594798138040498,0.161497429450435,0.324093683639514,0.020078739625083,1.10001025779429,2.80033670354656,0.737006872722176,0.316929746336555,0.660006154676575,0.275002564448573,0.0897870463832229,0.379440953029831,0.0053153878410986,0.000119536347968879,1.03072498789247,1.00768950253545,1.02285970559291,0.699315367718994,0.0876965867083446,0.212988045572661,1.06859026725229,1.05853547783072,0.312645417410782,0.719977767669929,-0.0326231850807106,0.00228855794616384,0.931476983775476,0.0243894076021833,1.03120768309591,-0.000217760041659397,0.67,0.1,1.015,0.5,0.6,0.25,0.4,0.005,0.975,0.8,0.1,1.05389772160466,0.542589181569797,0.421559088641865,0.228956911308983,0.463444246472994,0.758246450011862,-1.28922703436415,3.56805670618373,5.08724405649028
38,0.00274036720923202,0.309238444726489,0.124534501173193,-0.00684939260734097,8.06977099303552e-05,0.0154215341259922,0.0719547588841584,0.0374108383631604,0.0329509902070401,1.06902043326933,2.80725144682187,0.323098851992869,3.32903755841064,0.379831024884837,3.48675722050452,1.10105078182597,2.49825414541821,-0.112547706739661,2.24003926816072,8.59932248984382,0.610498707075749,0.161181485177686,0.321707863486395,0.0201165369377044,1.10060257089175,2.82083179481412,0.737403722497473,0.319920996627431,0.66036154253505,0.275150642722938,0.0912134321122568,0.38047519820417,0.00556388315534828,0.000131988646339607,1.02984278056873,1.00775406904528,1.021918752007,0.6974605029756,0.0868578958260708,0.215681601198329,1.06748348155905,1.05780298191031,0.315780741874913,0.71649787679404,-0.0322786186689528,0.00239305729325706,0.933337658733039,0.0242217599825236,1.03034753930374,-0.000228243746008798,0.67,0.1,1.015,0.5,0.6,0.25,0.4,0.005,0.975,0.8,0.1,1.05726950752259,0.545515045770959,0.422907803009038,0.231602858282302,0.461256031149982,0.747312168873747,-1.295768285304,3.58192920568236,5.1049824171766
39,0.00282214620804996,0.314257198587995,0.123695937293714,-0.00682605972007,-9.30997653614263e-05,0.0161347874921154,0.0695353203983363,0.0363861355298113,0.0320977193301573,1.12477352836706,2.92877919912384,0.33605937071999,3.37765683836934,0.3840099112505,3.5085506741923,1.11977871748755,2.50085633289413,-0.112084376189383,2.31262803710926,8.77022439062898,0.628146991652559,0.160809331105628,0.319114572999317,0.0201620858714516,1.1010747650029,2.84208540214654,0.737720092551945,0.323076388675279,0.660644859001742,0.275268691250726,0.0927335398509802,0.381537539794297,0.00582041304402206,0.000140100916358631,1.02892608510066,1.00783625693909,1.02092584784122,0.695432956086451,0.0860222313280519,0.218544812585496,1.06630174146354,1.05701206449012,0.319157059845418,0.712789001806527,-0.0319460616519451,0.00250359418414249,0.935291022991515,0.0240568202924213,1.02945410266324,-0.000238858678269475,0.67,0.1,1.015,0.5,0.6,0.25,0.4,0.005,0.975,0.8,0.1,1.06080692048801,0.548633101803802,0.424322768195206,0.23438227025944,0.458871800949921,0.735818568298062,-1.30296987719304,3.59611420627475,5.12379454007625
40,0.00291379585902947,0.31964268409411,0.122876580795698,-0.00688304135077022,-0.000260812541257205,0.0168719084533495,0.067020673238228,0.0353121693205299,0.0312015422719492,1.18750591995323,3.06474268174272,0.3506796635005,3.42939575592365,0.388587374349667,3.53106002683289,1.1397654591965,2.50295827771277,-0.111663710076378,2.39332012562689,8.95810527652194,0.64781619213627,0.160401925416505,0.316330129877423,0.0202128643624809,1.10143018451271,2.86412545775294,0.737958223623515,0.326368856030382,0.660858110707626,0.275357546128177,0.0943531789393369,0.382636654888886,0.00607645837231805,0.00014028651702699,1.02797446611593,1.00792836483832,1.01988841863859,0.693231642959297,0.0851819339862223,0.22158642305448,1.06505519716711,1.05616905610812,0.322782804752298,0.708840478104217,-0.0316232828565148,0.00261857618071423,0.937319235953471,0.0238877832074279,1.02852650814247,-0.000249594362784842,0.67,0.1,1.015,0.5,0.6,0.25,0.4,0.005,0.975,0.8,0.1,1.06451895426078,0.551960746130211,0.425807581704313,0.237290507700262,0.456312306413278,0.723879754027477,-1.31088488897703,3.61056553481609,5.14366107582444
41,0.00300290147465121,0.325404719747908,0.122061003672587,-0.0070592333653241,-0.000424683840860474,0.0175941506170216,0.0644558547236328,0.0342058718900015,0.0302759450764756,1.25752126021604,3.21518236222144,0.366899468803777,3.48348138684873,0.393413243750132,3.55425608511398,1.16103240994809,2.50449956695943,-0.11127589179354,2.48248882384779,9.16222329914197,0.669300526835347,0.160010937924108,0.313401835752235,0.0202637060749766,1.10167957157528,2.88693657810844,0.73812531295544,0.329727156422311,0.66100774294517,0.275419892893821,0.0960757842404407,0.383783460315573,0.0063117640603654,0.000120946136689225,1.02698891348903,1.00801791598202,1.0188200995302,0.690862646223433,0.0843273879979314,0.224809965778634,1.06376942738087,1.05529123617003,0.326659751624621,0.704648035162719,-0.0313077867873397,0.00273509637114391,0.939381817771514,0.0237079017001696,1.02756497986679,-0.000260440204730417,0.67,0.1,1.015,0.5,0.6,0.25,0.4,0.005,0.975,0.8,0.1,1.06841109009203,0.555513404022503,0.42736443603681,0.240298040246114,0.453638414908419,0.711760874878951,-1.31957000489887,3.62517727749525,5.16450596808208
42,0.00307134521224539,0.331531400221653,0.121233924509153,-0.00735976559410279,-0.000587799265482691,0.0182290120586024,0.0619298085578008,0.0331037240651312,0.0293508818811489,1.3339908383022,3.37688559759844,0.384250521417654,3.53795812685359,0.398185152962041,3.57799178113632,1.18351746311783,2.5053805700052,-0.110906251986697,2.57934776056144,9.37740891575529,0.691835401632938,0.15973851151807,0.310427156210568,0.0203059792399401,1.1018412473463,2.91040066556231,0.738233635722019,0.333000412883843,0.661104748407779,0.275460311836574,0.0978990523766573,0.384991100809517,0.00648636716623339,6.26088767674626e-05,1.02597391888278,1.00808670193831,1.01774372869921,0.688342420469938,0.0834504530397004,0.228207126490361,1.06249551107881,1.05441422547714,0.330777021177223,0.70021976658803,-0.0309967877652529,0.00284626678053487,0.941401607651661,0.0235138603593062,1.02657218261336,-0.000271385500569634,0.67,0.1,1.015,0.5,0.6,0.25,0.4,0.005,0.975,0.8,0.1,1.0724802275269,0.55930172158601,0.428992091010762,0.243329766349858,0.450977808397508,0.699971617778629,-1.32900718866002,3.63973001735786,5.18615470655697
43,0.00310272739340249,0.337985833846374,0.120385492955745,-0.00774624535257118,-0.00075321509816928,0.0187006648165298,0.0595440527906603,0.0320496816962331,0.0284630618287916,1.41505029916506,3.54388882328491,0.401942561831803,3.59021670209783,0.402536512325076,3.60198283290545,1.20706225988352,2.50545651510624,-0.110535942084301,2.6819964553089,9.59506159757436,0.714273544146991,0.159696936739204,0.307518668616506,0.0203304120744139,1.10192996542588,2.93426562314369,0.738293076835337,0.335998383847532,0.661157979255526,0.275482491356469,0.0998130404788785,0.386273965304217,0.00655923050623353,-3.53727986519362e-05,1.02494041944202,1.00811824103037,1.01668671166436,0.685696421495597,0.082547901719738,0.231755676784664,1.06129176369042,1.05357953615638,0.335110497728649,0.695577028303373,-0.0306875260320228,0.00293844559040285,0.943293026254132,0.0233076771775277,1.02555544667029,-0.000282419448616942,0.67,0.1,1.015,0.5,0.6,0.25,0.4,0.005,0.975,0.8,0.1,1.07670545403317,0.563330875289828,0.430682181613268,0.246286236849951,0.448476408766676,0.689074541581075,-1.33905211133757,3.6538859421805,5.20833956099837
44,0.00309174366264988,0.344717243661867,0.119514334834361,-0.00815262740787071,-0.000922901408850985,0.018974966236537,0.0573598892871758,0.031072579659684,0.0276371418639205,1.49882142577952,3.71056102750786,0.419260882033319,3.63828024914883,0.406212001808438,3.62587042154891,1.23145366653437,2.50456267947159,-0.110145924457057,2.78841620895584,9.80748663231524,0.735658456437167,0.159943243414218,0.304743907954255,0.0203314970524665,1.10194279215881,2.95818928518673,0.738301670746401,0.338587863242561,0.661165675295284,0.275485698039702,0.10180212677226,0.387640438979109,0.00651546106689521,-0.000146552230887927,1.02390418837551,1.00810720238096,1.01566994656643,0.682952078541431,0.0816225633906232,0.235425358067945,1.06019262410704,1.05281239306352,0.339629805656859,0.69074798271745,-0.030377788374309,0.00299713468649276,0.945007369087589,0.023095640521768,1.02452684421457,-0.000293531159697762,0.67,0.1,1.015,0.5,0.6,0.25,0.4,0.005,0.975,0.8,0.1,1.08104462076341,0.567595371855352,0.432417848305362,0.249091626235328,0.446215653380968,0.679379845598696,-1.34945436508688,3.66725976560544,5.23076051212361
45,0.00304471383687979,0.351675279969405,0.118627582513399,-0.00850862418961429,-0.00109713303312786,0.0190654858780308,0.0553856168838661,0.0301792539457654,0.0268796496815387,1.58415111455962,3.87364371066946,0.435820577433523,3.68136740212305,0.409138387354489,3.64930234319796,1.2564763357734,2.50254706485944,-0.109721057434885,2.89724414477555,10.0105080325931,0.755546738950741,0.160465653461618,0.302109663183425,0.0203088315976145,1.10185770173162,2.98181897677544,0.738244660160183,0.340735586913867,0.661114621038969,0.275464425432904,0.1038489590191,0.389084851917867,0.00636874538355359,-0.000242505552942241,1.0228803666838,1.00805993740606,1.01470193262106,0.680131981999521,0.0806824128146498,0.239185605185828,1.05920095246548,1.05211563885312,0.344305902246571,0.685760408251049,-0.0300663104976206,0.00301604669512929,0.946542278931869,0.0228859644064948,1.02350017919441,-0.000304709667894792,0.67,0.1,1.015,0.5,0.6,0.25,0.4,0.005,0.975,0.8,0.1,1.08544323704616,0.572072571523538,0.434177294818465,0.25171324070674,0.444192702562307,0.670883405951411,-1.35991294269973,3.67950211296078,5.25314361956366
46,0.00297474303762212,0.358820010384301,0.117738474723968,-0.00875988122196314,-0.00127448349732018,0.0190158950999759,0.0535913585902228,0.0293596251968197,0.0261828924926074,1.67082404703925,4.03265240396175,0.451606414348538,3.71974854146462,0.411397017111506,3.6719906904841,1.28194974709057,2.49929338100445,-0.109252437610923,3.00804077163855,10.2037613265788,0.774016997967058,0.16120499265778,0.299578610522647,0.0202660041179365,1.10164174199498,3.00485629180556,0.73809996713664,0.342490495079298,0.660985045196991,0.275410435498746,0.105938015149049,0.390588356761992,0.00614935348154733,-0.000307154858712107,1.02187997407868,1.00798961675281,1.01378025834295,0.677250518747094,0.0797384430832992,0.243011038169606,1.05829684015887,1.05147554855566,0.349115739990332,0.68063717791565,-0.0297529179059823,0.00299835897728943,0.947927588858562,0.0226863529702138,1.0224877149256,-0.000315943941370037,0.67,0.1,1.015,0.5,0.6,0.25,0.4,0.005,0.975,0.8,0.1,1.08984776933374,0.576726552361416,0.435939107733497,0.254156004736203,0.44234533932416,0.6633648984507,-1.37013507395412,3.69035284849706,5.27527373549121
47,0.00289566448311905,0.366126071430103,0.116861782397666,-0.00888758994111727,-0.00145230505520633,0.0188794774688466,0.0519298189126346,0.028595016307816,0.0255317251628939,1.75942907253939,4.1893063949558,0.466883074142524,3.75431104872588,0.413152755523753,3.6937388425508,1.30774551018715,2.49473103142045,-0.108737699056805,3.12120020689153,10.3897235910326,0.791506662376744,0.162083365537062,0.297094325212642,0.0202085317672723,1.10126144781995,3.02709074482393,0.737845170039367,0.343944154893455,0.66075686869197,0.275315361954988,0.108057741372076,0.392125960757212,0.00589122903490102,-0.00033743225656868,1.02090909403908,1.00791014280553,1.0128969346388,0.674314356263188,0.0788015775692507,0.24688406616756,1.05745042886146,1.05087094597438,0.354043847157694,0.67539453592195,-0.029438383079644,0.00295314071110072,0.949206663031255,0.0225012836611544,1.02149827284906,-0.000327222893251909,0.67,0.1,1.015,0.5,0.6,0.25,0.4,0.005,0.975,0.8,0.1,1.09421542517387,0.581518036973491,0.437686170069547,0.256448314749957,0.440587275731505,0.656516105122214,-1.37989241346402,3.69965581816376,5.29700247767139
48,0.00281831594822171,0.373582308648057,0.116009598114356,-0.00890801537195618,-0.00162764352046685,0.018704427049328,0.0503530180222351,0.0278653710592754,0.0249095669163389,1.85106227156796,4.34655039807295,0.482055220451715,3.78612121658891,0.41458383316837,3.71444172778704,1.3337883137459,2.48883309286492,-0.108179678823779,3.23767617007419,10.5723175742347,0.808601282552697,0.163026766541923,0.294601552162599,0.0201419077563909,1.10069034310441,3.04840411978006,0.737462529879955,0.345195084238161,0.660414205862646,0.275172585776102,0.110201181781596,0.393673844425236,0.00562340214433783,-0.000338774240255445,1.01996960976954,1.00783240752796,1.01204287751706,0.671324807459159,0.0778801211175344,0.250795071423305,1.05663217345639,1.05028066663432,0.359081770961186,0.670042303866669,-0.0291240748278555,0.00289122086948979,0.950421936533564,0.0223313499255405,1.02053680147601,-0.000338535392576624,0.67,0.1,1.015,0.5,0.6,0.25,0.4,0.005,0.975,0.8,0.1,1.09851821604972,0.586413372559877,0.439407286419886,0.258627072831504,0.438836087821052,0.650039754037899,-1.38905380823069,3.70734563241406,5.31823973324684
49,0.00275006985560953,0.381189376798175,0.115189621477733,-0.00885355049362868,-0.00179808037712881,0.0185278019100412,0.048820762558089,0.027153245689213,0.0243018219934269,1.94707232941587,4.50773903042038,0.497556705531147,3.81616309014114,0.415842262590509,3.73406953280889,1.36004774145639,2.48160617404094,-0.107584382688441,3.35873027531613,10.7558374465994,0.825885098073644,0.16397577326792,0.292055896780896,0.020070512640429,1.09991131982537,3.06875585760606,0.736940584283,0.34632858566424,0.659946791895224,0.274977829956343,0.112365568824048,0.395213839499063,0.00536688330760667,-0.000319555331309882,1.01906052226503,1.00776382020489,1.01120967218078,0.668279895101559,0.0769789081579276,0.254741196740513,1.05581754010966,1.04968693790585,0.364226678026887,0.664584885802647,-0.0288115638295339,0.00282227684685418,0.951608144792252,0.0221748227882202,1.01960491979426,-0.000349870275273124,0.67,0.1,1.015,0.5,0.6,0.25,0.4,0.005,0.975,0.8,0.1,1.10274241329826,0.591389689254384,0.441096965319304,0.260727426781021,0.43702631026557,0.643695544207368,-1.39758260103825,3.71342336082669,5.33893912275908
50,0.0026959598259745,0.388956480393278,0.114406407343419,-0.00874808123917004,-0.0019620757044535,0.0183739158568998,0.0473043236022903,0.0264457651016957,0.023697610578044,2.04884685924405,4.67599923246538,0.513776252891266,3.84519460288318,0.417040074683728,3.75264193238289,1.38652494567253,2.47307603670597,-0.106959049995602,3.48570965990455,10.9441577169129,0.843854615645493,0.164889137735879,0.289426624217757,0.0199973380661004,1.09891512560727,3.08815864694223,0.736273134156869,0.347408026532301,0.65934907536436,0.274728781401817,0.114551282747913,0.396734354797492,0.00513421007630065,-0.000288432928341101,1.01817912376622,1.0077094396251,1.01038958625317,0.665175393218262,0.0761003269913472,0.25872427979039,1.05498884215273,1.04907672741609,0.369479681423295,0.65902265157912,-0.0285023330024145,0.00275365058175519,0.952789716711611,0.0220302361289501,1.01870181242507,-0.000361216355180663,0.67,0.1,1.015,0.5,0.6,0.25,0.4,0.005,0.975,0.8,0.1,1.10688570512902,0.596435705292714,0.442754282051608,0.262775980822976,0.435113245571891,0.637316056573688,-1.40550053099986,3.71793073213471,5.3590832170674
51,0.00265980553278683,0.396897524173937,0.113664472183733,-0.00859006244557192,-0.00211871853131629,0.0182543034994023,0.0457882774060005,0.0257357856151365,0.0230908380481008,2.15758792473243,4.85362636111957,0.530999893501534,3.87365536154051,0.418249567495735,3.77019724342801,1.41323605160565,2.46327199951797,-0.106310807695611,3.61980832165531,11.1400228916872,0.862862880329171,0.165744787588817,0.286697240889063,0.0199242270275139,1.09769717753954,3.10664938941828,0.73545710895149,0.348470402930035,0.658618306523722,0.274424294384884,0.116760442271587,0.398229037571541,0.00492954748600303,-0.00025382471276769,1.01732197903968,1.00767310456045,1.0095754014229,0.662005268510157,0.0752464794280576,0.262748252061784,1.05413593883449,1.04844225664898,0.374844062620097,0.653353615334531,-0.0281976779546283,0.00269004943199108,0.953979760561534,0.0218985232854302,1.01782517215689,-0.000372562435088203,0.67,0.1,1.015,0.5,0.6,0.25,0.4,0.005,0.975,0.8,0.1,1.1109535587332,0.601549650001662,0.444381423493282,0.264786169119889,0.433073956547619,0.630812141615478,-1.41283430804565,3.72092506916382,5.37866966008715
52,0.00264160726574256,0.40502310149897,0.112970658501914,-0.00835731756759728,-0.00226710556325338,0.0181592143044476,0.0442816536904086,0.0250272382151279,0.0224847782754297,2.27352324203239,5.04021016679028,0.549211481781438,3.90126477830131,0.419466901487159,3.78674685693111,1.44018257214077,2.45220975153485,-0.105645466744505,3.76126630739133,11.342764909327,0.88288437596067,0.166555092062065,0.283878079405972,0.0198514594365785,1.09625770859848,3.12424860024652,0.734492664760981,0.349504304861716,0.657754625159088,0.27406442714962,0.118994598843895,0.399694798055579,0.0047436315255014,-0.000229118214226833,1.01648584068964,1.00765481530207,1.0087639390528,0.65876423629002,0.0744210295711944,0.266814734138785,1.0532639595917,1.04778706511281,0.380321850536355,0.647576889658315,-0.0278987401946696,0.0026334638967538,0.955170663161347,0.0217829643465538,1.01697212503198,-0.000383897317784702,0.67,0.1,1.015,0.5,0.6,0.25,0.4,0.005,0.975,0.8,0.1,1.11495528187359,0.606734209353183,0.445982112749437,0.266745294320172,0.430925153139302,0.62423498687082,-1.41956470305802,3.72243910104323,5.39768756320501
53,0.00263519453121538,0.41332973288953,0.112334783862834,-0.00802099719110083,-0.00240586829961709,0.0180538207866392,0.0428239779621973,0.0243383380214726,0.0218948942331438,2.3950143201275,5.23078448056898,0.567897544346669,3.92673190656447,0.420585045068483,3.80222746819034,1.46731632553756,2.43987780897417,-0.104966666321389,3.90845448220088,11.5461560079112,0.90329343736696,0.167375568613742,0.281014247773626,0.0197775142731976,1.09460268669463,3.14091371633768,0.733383800085403,0.35043260950492,0.656761612016779,0.273650671673658,0.121251732077923,0.401131364115355,0.00455213983588125,-0.000229252586093657,1.01566958918322,1.00764837050387,1.00796033508727,0.655452092527307,0.0736300691464971,0.270917838326195,1.05239843609685,1.04713037570637,0.385909664220044,0.64169696037029,-0.0276066245903334,0.00258132744158266,0.956328946557302,0.0216879943658622,1.0161407082507,-0.000395209817109417,0.67,0.1,1.015,0.5,0.6,0.25,0.4,0.005,0.975,0.8,0.1,1.11889764095131,0.61199188878727,0.447559056380524,0.268606487844626,0.428733466530078,0.617809331596007,-1.42559510724543,3.72243499836339,5.41609343483267
54,0.00263278507073539,0.421796303147697,0.111769548962835,-0.00755199743000945,-0.00253304322743331,0.0178988865315908,0.0414629396224061,0.0236917423663271,0.0213405853867858,2.51908241042113,5.41761458342838,0.586266336064436,3.94839147745433,0.421470402980209,3.81649587224015,1.49453238047807,2.42624014752232,-0.104276655760246,4.05836170236902,11.7408120105877,0.9231608768026,0.16827160623471,0.278160293334885,0.0197007935182008,1.09273845391224,3.15652341846818,0.732134764121198,0.351150809646347,0.655643072347342,0.273184613478059,0.123524694764893,0.402540272969015,0.00432938142462082,-0.000255421126972443,1.01487605491485,1.00764594899609,1.0071752443663,0.652075030637761,0.0728821320643091,0.275042837297929,1.0515713289471,1.04649683183832,0.391598060238654,0.635724556960727,-0.0273226171993814,0.0025257588270069,0.957414488699312,0.021618604773534,1.0153315347508,-0.000406488768991289,0.67,0.1,1.015,0.5,0.6,0.25,0.4,0.005,0.975,0.8,0.1,1.12277687339927,0.617322016724534,0.449110749359708,0.270310334785725,0.426577127271429,0.611801448413784,-1.4307574820703,3.72079903925985,5.43381676527422
55,0.00262961786607921,0.430389171708815,0.111288791526769,-0.00693603601979187,-0.00264609020743312,0.017672084683644,0.0402292512353601,0.0231027930088711,0.0208351579283084,2.64274914515288,5.59373260461481,0.603646292512365,3.96504329653475,0.422051948778671,3.82936800635521,1.5216920423585,2.41125411277752,-0.103578148780806,4.20792049600062,11.9185558483777,0.94174142380457,0.169281490818237,0.275351928744141,0.0196213312943399,1.09066667785699,3.17090634080578,0.730746674164186,0.35158269496215,0.654400006714196,0.272666669464248,0.125802182328998,0.403920579870705,0.00406165883523652,-0.000295513480156128,1.01411096251726,1.00764276595541,1.00641913660316,0.648643895707802,0.0721867952845366,0.27916930900766,1.05080449054122,1.0459038771645,0.397374198518685,0.629674167845919,-0.0270483663646043,0.00245807605403279,0.958401769099,0.0215786721750448,1.01454797271799,-0.000417723042466535,0.67,0.1,1.015,0.5,0.6,0.25,0.4,0.005,0.975,0.8,0.1,1.12657604426662,0.622715456884006,0.450630417706648,0.271813303485757,0.424504000679258,0.606375720239336,-1.4348628218296,3.71737732943027,5.45078557441552
56,0.00262107584333972,0.439067478419144,0.11090172987248,-0.0062106973440067,-0.00274224169464632,0.0173663234476125,0.039136309178401,0.0225788146878445,0.0203850872857054,2.76350013106158,5.75408623662129,0.619579697126859,3.97601845394407,0.422303891247983,3.84066299308246,1.54864690462628,2.39489124500028,-0.102875156544101,4.35449508476425,12.0736506353212,0.958548527228347,0.170418865962684,0.27260872032153,0.0195400953976057,1.08838892858135,3.18388366148581,0.729220582149505,0.351689438714723,0.653033357148811,0.272097232145338,0.12807081688629,0.405266561583556,0.00374597444783351,-0.000338846908973403,1.01338044140944,1.00763418122256,1.00570272455418,0.645174107105133,0.0715509245468921,0.283274968347974,1.05010994828124,1.04536189845495,0.403223846355589,0.623561934310241,-0.0267857806658302,0.00237342294844418,0.959279360198188,0.0215665773034007,1.01379487189993,-0.000428901550663564,0.67,0.1,1.015,0.5,0.6,0.25,0.4,0.005,0.975,0.8,0.1,1.13026944838423,0.628150691604735,0.452107779353691,0.273093541716568,0.422535122410155,0.601602276955661,-1.43778933948896,3.71200768695763,5.46693876150726
57,0.00259870622217181,0.447786272563255,0.110604974507244,-0.00548794980516276,-0.00281965402550399,0.0169818812474063,0.038187585160726,0.0221221774166802,0.0199925290286162,2.87926701696984,5.89543051716046,0.633753254871242,3.98095953081123,0.422187276213559,3.85023812109257,1.57525584923914,2.37715442696857,-0.102172155115139,4.49589305808878,12.2024986609374,0.97322561737954,0.171687299041969,0.269945840330104,0.0194572414098777,1.0859150722999,3.19530365886011,0.727563098440934,0.351454886521655,0.651549043379941,0.271478768074975,0.130317107162175,0.406571444107951,0.00338541885252415,-0.000379435117125767,1.01269001177406,1.00761169975328,1.00503994943888,0.641687382343697,0.0709738165657451,0.287338801090556,1.04949526319832,1.04487828052095,0.409132058770467,0.617404522059529,-0.026536580829997,0.00227047203844625,0.960043025083401,0.0215717228476501,1.01307743675465,-0.000440013261744384,0.67,0.1,1.015,0.5,0.6,0.25,0.4,0.005,0.975,0.8,0.1,1.13382796430184,0.633597379806644,0.453531185720738,0.274146753709573,0.420681234753525,0.597508232060384,-1.43957532593015,3.70453665192271,5.48222461867477
58,0.00255154039138336,0.456500142867861,0.110378453883976,-0.00492112364019481,-0.0028790050985511,0.0165248568774632,0.0373782200369893,0.0217309852797325,0.0196559016299932,2.98863312455374,6.01656360875714,0.645982951911533,3.97981063584818,0.421630589535836,3.85801406559408,1.60139921222612,2.35808715471353,-0.101472301345565,4.63058638351094,12.3038801773745,0.98551237439121,0.173083076758041,0.267375439046608,0.0193711342894048,1.0832664869809,3.20506554570525,0.725788546277201,0.350882146773735,0.649959892188538,0.270816621745224,0.13252903002696,0.407831885286286,0.00298862770029241,-0.000411844258689703,1.01204438558122,1.00756429809334,1.00444645319049,0.638211538579322,0.070444802879299,0.291343658541378,1.04896366212619,1.04445723254591,0.415083819032039,0.611217873916792,-0.026301692948832,0.0021499126265739,0.960694650522782,0.0215766941466781,1.01240061154616,-0.000451047209791692,0.67,0.1,1.015,0.5,0.6,0.25,0.4,0.005,0.975,0.8,0.1,1.13722253892938,0.639023052128032,0.454889015571751,0.27498315699166,0.418944852739255,0.594085615676647,-1.44045120715901,3.69483629199607,5.49659882848858
59,0.00246973316729391,0.465166606727986,0.11018858778852,-0.00463941630814801,-0.00292430922320486,0.0160047548196676,0.0366983292492102,0.0214007766225809,0.0193713901837709,3.09077123128381,6.11778719918255,0.656155373804687,3.97276955621056,0.420535320263339,3.86397961803841,1.62698441969589,2.33777078791108,-0.100775589568559,4.75765680741734,12.3783654723301,0.995193383849375,0.174598055988988,0.264906634453721,0.0192782793499088,1.08047388654057,3.21312734447302,0.723917503982181,0.349990576932483,0.648284331924341,0.270118471635142,0.134696899551354,0.409048798554392,0.00256794164104615,-0.000432447573412995,1.01144694998216,1.00748208183313,1.00393542299216,0.634777479695244,0.069945234047575,0.29527728625718,1.04851458776786,1.04409983495766,0.421064441463552,0.605016335230525,-0.0260807766940768,0.00201431575373804,0.961240259363121,0.0215635991777777,1.01176852143044,-0.000461992505630909,0.67,0.1,1.015,0.5,0.6,0.25,0.4,0.005,0.975,0.8,0.1,1.14042720029975,0.644397149613398,0.456170880119901,0.275619627447329,0.417322042648556,0.591302020558794,-1.44077850250689,3.68281935432467,5.51002225846395
60,0.00234739689915241,0.473749053108445,0.109995624357872,-0.00470830553168522,-0.00296228244229602,0.0154333259837351,0.0361347639698988,0.0211254834413407,0.0191338067628608,3.18538431585063,6.20043947117524,0.664212625005691,3.96026324390697,0.418802405784913,3.86818300383465,1.65194614690796,2.31631487522763,-0.100078018300935,4.87673652081292,12.427814075729,1.00211121483175,0.176219723137952,0.262543580493243,0.019174202342081,1.07757207526317,3.21950212672423,0.721973290426324,0.348813300111839,0.646543245157902,0.269393018815793,0.136813665083624,0.410226195352234,0.00213763195252179,-0.000439334835886429,1.01089954324674,1.00735913388365,1.00351454535329,0.631414908114991,0.0694528770469765,0.299132214838032,1.04814373625069,1.04380383962567,0.427059977583877,0.598812122624849,-0.0258721002087263,0.00186758519814861,0.96168914134449,0.0215189160202908,1.01118408956811,-0.000472838347576484,0.67,0.1,1.015,0.5,0.6,0.25,0.4,0.005,0.975,0.8,0.1,1.14342135598553,0.649693553446358,0.457368542394214,0.276074990084455,0.415801998209123,0.589103126968013,-1.44094848991273,3.66845135497781,5.52246152358555
61,0.0021838363800293,0.482219747594127,0.109760904258598,-0.00512837551702583,-0.00300087512842573,0.0148255984737209,0.0356699733408088,0.0208969147488743,0.0189361537695963,3.2728594835128,6.26701337839619,0.67021216937127,3.94298136126814,0.416365837858426,3.87072189748281,1.67624700234217,2.29384699181962,-0.0993720966789834,4.98815890646221,12.4555147864211,1.00626061631555,0.177927495226588,0.260281830664856,0.0190547057648409,1.07459426853264,3.2242520439113,0.719978159916867,0.347398388696213,0.644756561119582,0.268648567133159,0.138875074619358,0.411369384189158,0.00171329245192797,-0.000431147257162808,1.0104023875892,1.00719475556193,1.0031847187543,0.62814833762974,0.0689461295467754,0.302905532823484,1.04784189511712,1.04356270822761,0.433057979038036,0.592614776409359,-0.0256727554473954,0.00171442830414305,0.962055044451574,0.0214350260046375,1.01064881570529,-0.000483574032091851,0.67,0.1,1.015,0.5,0.6,0.25,0.4,0.005,0.975,0.8,0.1,1.14619130034418,0.65489210039371,0.458476520137672,0.276370927419697,0.414363638447259,0.587402592379433,-1.44130058253039,3.65176002928741,5.5338936424083
62,0.00198270599892802,0.49056118720578,0.109452446425642,-0.00584952446716092,-0.00304781914828045,0.0141974646746466,0.0352846650012284,0.0207060316614585,0.0187707160007881,3.35406656431091,6.32057563888956,0.674301976842262,3.92175442324082,0.413202106729322,3.87172886023376,1.69987459184107,2.27050234407038,-0.0986480756776996,5.09275784626834,12.4654750559176,1.00777262156812,0.179696254549238,0.258110521197704,0.0189166136742315,1.07156870590352,3.22747833915881,0.71795103295536,0.345801966120779,0.642941223542113,0.26789217647588,0.140879564432879,0.412483161474537,0.00130929753283393,-0.000409033324079722,1.00995395670698,1.00699261952892,1.00294077346808,0.624994674408105,0.0684071961169645,0.30659812947493,1.04759693045136,1.04336721114073,0.439047942974614,0.586431133489361,-0.0254790764639753,0.00156020720976889,0.962353880655682,0.0213101317567212,1.01016259387008,-0.000494188964352528,0.67,0.1,1.015,0.5,0.6,0.25,0.4,0.005,0.975,0.8,0.1,1.14873144100834,0.659978682002651,0.459492576403335,0.276529586768728,0.41298035290004,0.586097034763322,-1.44207161347511,3.63283470570472,5.54430842338218
63,0.0017484006421575,0.498762871612209,0.109047731180583,-0.00679564831931345,-0.00310951071487164,0.0135574849507629,0.0349671930416572,0.0205474662462544,0.0186329405893152,3.4294248693703,6.3628227407105,0.676528117654523,3.89718644138291,0.409301253905619,3.87134466359376,1.72282731303557,2.24641247068567,-0.097895120127484,5.19093737431639,12.4601085879646,1.00669188145239,0.181512509244008,0.256023660646156,0.0187576300197348,1.06851929359078,3.22929983972043,0.715907926705822,0.344065275989976,0.641111576154468,0.267129823397695,0.142827317333496,0.413571201245206,0.000933247718856356,-0.000379683626242778,1.00955128710931,1.00675714264537,1.00277539075273,0.621963804855487,0.0678237417959338,0.310212453348578,1.04740107249307,1.04321129971233,0.44502039026313,0.5802667201944,-0.0252871104575301,0.00141007791945289,0.962595442595967,0.0211466889515312,1.00972379053989,-0.00050467266870193,0.67,0.1,1.015,0.5,0.6,0.25,0.4,0.005,0.975,0.8,0.1,1.15104435518103,0.664944162371794,0.460417742072411,0.276564364086137,0.411637556152713,0.585123218892977,-1.44337539533027,3.61180578861437,5.5537013244909
64,0.00148350919701626,0.506816506797522,0.108532995711842,-0.00789567067644736,-0.00319045376388338,0.0129052520144421,0.0347157007536836,0.0204205408852672,0.0185223036960784,3.49854433770784,6.3935820090898,0.676783904459715,3.86954639935169,0.404652900303806,3.86969651805797,1.74510044690693,2.22169849200812,-0.09710242085708,5.28230471330463,12.4396251262441,1.00291059859409,0.183378909723989,0.254023873494451,0.0185762146876472,1.06546687143376,3.22983105093717,0.71386280386062,0.342204567156149,0.639280122860256,0.26636671785844,0.14471898103413,0.414637156160682,0.000585344260553481,-0.000350407218716461,1.00919118744345,1.006490926743,1.00268284654009,0.619061075294572,0.067188553030314,0.313750371675113,1.04725325196564,1.0430941325583,0.450965712366179,0.574127320227962,-0.0250930325941416,0.00126699573180162,0.962781232319092,0.020948541262701,1.00932993286053,-0.000515014798989577,0.67,0.1,1.015,0.5,0.6,0.25,0.4,0.005,0.975,0.8,0.1,1.15313792507619,0.669783923926056,0.461255170030477,0.276478862095245,0.410337337674762,0.584473920285509,-1.44522268269819,3.58881955379112,5.56206654860628
65,0.00118895922793625,0.514713699204969,0.107900306359276,-0.0091036675767413,-0.00329340085763163,0.0122372373154149,0.0345317393610666,0.0203261545018928,0.0184396184537343,3.56075484019019,6.4121271166574,0.674945250624414,3.83897366431281,0.399257627288883,3.86689442760835,1.76668329639401,2.19647133516964,-0.0962602039552956,5.36618693130578,12.4035460132993,0.996314330064551,0.185303768480011,0.252116392641416,0.0183716561065495,1.06242930361821,3.22917402286643,0.711827633424198,0.340222852255162,0.637457582170924,0.265607325904552,0.146554973758435,0.41568513794224,0.000262822570996835,-0.000324078533575258,1.00887108729511,1.00619490402408,1.00265970664364,0.616289515911248,0.0664978275728334,0.317212656515918,1.04715500688399,1.04301695752069,0.456873940953877,0.568019473065398,-0.0248934140192756,0.00113138676409045,0.962909720029188,0.0207185508282999,1.00897848791312,-0.000525205148781495,0.67,0.1,1.015,0.5,0.6,0.25,0.4,0.005,0.975,0.8,0.1,1.15502148754176,0.674496526729984,0.462008595016702,0.276274530719482,0.409087589732297,0.584162594630622,-1.44756915329097,3.56402515126665,5.56939724851539
66,0.000865595218979606,0.522446188346644,0.10714544769021,-0.0103919031650594,-0.00341993872814483,0.0115515775040773,0.0344150546951332,0.0202642695030358,0.0183848742681998,3.61562249471248,6.41824773385622,0.670977893811194,3.80566645510351,0.393138798883628,3.8630369153394,1.7875629857334,2.17083429712315,-0.095360367517155,5.44214163398545,12.3519586327038,0.986900364290364,0.187291601996252,0.250303418625243,0.0181440391126966,1.05942103064734,3.2274207861488,0.709812090533716,0.338124115115755,0.635652618388403,0.264855257661834,0.148335448456681,0.416718818529405,-3.64891978005645e-05,-0.00030002221975976,1.00858894862821,1.00586992319507,1.00270315810269,0.613650670441576,0.0657498758098602,0.320599453748564,1.04710660224121,1.04298002520363,0.462735154985271,0.561950181864213,-0.0246853368494845,0.00100262035531673,0.962980886577033,0.0204587717366893,1.0086671792662,-0.000535233661432737,0.67,0.1,1.015,0.5,0.6,0.25,0.4,0.005,0.975,0.8,0.1,1.15670384589158,0.679081501254678,0.462681538356632,0.275955488724675,0.407892357463127,0.584191893674089,-1.45035053439377,3.53757341381384,5.57568943063555
67,0.000517275528444848,0.530008831838328,0.106268752818926,-0.0117239798758058,-0.00357091046195801,0.0108528486485586,0.0343583825599873,0.0202314581882529,0.0183551454398482,3.6635109084943,6.41321597114774,0.66504459064924,3.77007807647432,0.386365183962688,3.8582206644254,1.80773316909428,2.14488453487934,-0.0943970395482115,5.51051572095404,12.2866741444928,0.974907300351916,0.189332407246251,0.248577334227522,0.0178945652881996,1.05645074157284,3.22466138570127,0.7078219968538,0.33592808705937,0.633870444943701,0.264112685393209,0.150060763880782,0.417740224617639,-0.000311166219567475,-0.000274574577932335,1.00834287026486,1.00551986190609,1.00280751128418,0.611143249395222,0.0649454309069362,0.323911319697842,1.04710262216378,1.04297898142671,0.468540637336383,0.55592583251035,-0.0244664698467328,0.000880236936215721,0.963001030494586,0.0201729184655378,1.00839392201462,-0.000545090440012072,0.67,0.1,1.015,0.5,0.6,0.25,0.4,0.005,0.975,0.8,0.1,1.15819326737921,0.683538965751529,0.463277306951684,0.27553232056989,0.40674152005035,0.58451926725768,-1.45348238097732,3.50962648610106,5.58095089353657
68,0.000153260963862074,0.537403952539827,0.105278307086202,-0.0130315308550902,-0.00374624943621482,0.0101543052190471,0.0343449008452379,0.0202197481442234,0.0183436216128344,3.70588372123674,6.40014651171145,0.65755479766519,3.73300144953424,0.379068837419974,3.85254812396295,1.82720359343133,2.11871184122005,-0.0933673106884363,5.57275068411331,12.2116675318813,0.960882387324059,0.191395569683189,0.246916841915435,0.0176260629273314,1.05351835167051,3.22099249623807,0.705857295619241,0.33367854395026,0.632111011002306,0.263379587917627,0.151732200237942,0.418748183119388,-0.000555383277424593,-0.000243295660006371,1.00813040035212,1.00515402726868,1.00296111143436,0.608760455127614,0.0640892701368609,0.327150274735524,1.0471295228002,1.04300281944715,0.474284430625559,0.549950778821323,-0.0242352094468814,0.000765040936673385,0.962985279915662,0.0198689060324934,1.00815641961623,-0.000554765757069066,0.67,0.1,1.015,0.5,0.6,0.25,0.4,0.005,0.975,0.8,0.1,1.15949925734133,0.687870211660851,0.463799702936533,0.275023617677209,0.405605915817369,0.585038694642448,-1.45683217313995,3.48037035483178,5.58521185687061
69,-0.000212592289686847,0.544643718978646,0.104192888913757,-0.0142136613482102,-0.00394433858275967,0.00947426452695588,0.0343520503089439,0.0202185087734804,0.0183412422774228,3.74491917416773,6.38308960789605,0.649074238597791,3.6954107958735,0.371435330601937,3.84612589909022,1.84600319720295,2.09239470221058,-0.0922720003233089,5.63100659808284,12.1320121762606,0.945580693467976,0.193436621948859,0.245291194625113,0.0173431245915567,1.05061420897447,3.21651930923499,0.703911520012895,0.331435070417233,0.630368525384682,0.262653552243617,0.153352395236694,0.419737395668236,-0.000761935529453563,-0.000204804716340236,1.00794794515776,1.00478634474886,1.00314653998377,0.606488232498811,0.0631917610362496,0.330320006464939,1.04716840271369,1.0430360745259,0.47996431880704,0.544026575600533,-0.0239908944075731,0.000659449864430391,0.962954323834582,0.0195592712130042,1.00795165309469,-0.000564250064233898,0.67,0.1,1.015,0.5,0.6,0.25,0.4,0.005,0.975,0.8,0.1,1.16063508291445,0.692078383679207,0.464254033165779,0.274452306869686,0.404445101291547,0.585603712045796,-1.46019036042337,3.45001698316493,5.58852979254495
70,-0.000564409163478699,0.551749308089285,0.10304297066629,-0.0151519318773866,-0.00416142221724858,0.00883059349444704,0.0343575552501236,0.0202173519927996,0.0183391883971883,3.78285288078986,6.36577406803983,0.640190276934946,3.65823139416308,0.363680059445253,3.83905493630382,1.86417579150691,2.0659954236839,-0.091116278886988,5.6875125207936,12.0523947554402,0.929805943870485,0.195409025670077,0.243667507126131,0.0170518863772742,1.04772042452581,3.21134869675936,0.701972684432294,0.329256964729551,0.628632254715487,0.261930106131453,0.154925177173239,0.420699046859564,-0.000926015171030017,-0.000161532284525769,1.00779085985827,1.0044327687907,1.00334327111969,0.604305454429611,0.0622694292142694,0.333425116356119,1.0471997960798,1.04306269922976,0.485581952443147,0.538152086375977,-0.0237340388191243,0.000566466775851297,0.962929026784228,0.0192598542278221,1.00777568924233,-0.000573534001640451,0.67,0.1,1.015,0.5,0.6,0.25,0.4,0.005,0.975,0.8,0.1,1.16161897809588,0.696169534423038,0.464647591238354,0.273840415633144,0.403219109375941,0.586065704364537,-1.46325861721739,3.41879327505647,5.59098790121093
71,-0.000886444698785445,0.558748479179801,0.101869364674598,-0.0157308713722389,-0.00439140586674203,0.00823830619154542,0.0343420743702261,0.0202073572950054,0.0183299185734395,3.82167765010251,6.3511599365894,0.631456214632319,3.62223365392266,0.356030435802394,3.83142133726106,1.88177433385845,2.03955707808443,-0.0899100746818173,5.74426696824521,11.9765629934274,0.914336285413073,0.1972700434268,0.242014687573457,0.0167597096601766,1.04481274825286,3.20558016245528,0.700024541329418,0.327193978467074,0.626887648951717,0.261203187063216,0.15645505914254,0.421622178586874,-0.00104647414593907,-0.000117189766080324,1.00765403520536,1.00410912307772,1.00353040525793,0.602185508063033,0.0613442551226314,0.336470236814336,1.04720612127849,1.04306809942186,0.491142625207505,0.532323881544814,-0.0234665067523189,0.000488331828219298,0.96292787329481,0.0189876384158932,1.00762390770423,-0.000582608407163369,0.67,0.1,1.015,0.5,0.6,0.25,0.4,0.005,0.975,0.8,0.1,1.16247324446762,0.70015331312613,0.464989297787049,0.273207484982461,0.40189390865933,0.586292699451018,-1.46566413598276,3.38692487742655,5.59269179846302
72,-0.00116623551152931,0.56567168798666,0.100718416731576,-0.015872133312904,-0.00462612706508037,0.00770711663937873,0.0342917893519346,0.0201821998661221,0.0183081019949111,3.86288235176712,6.34115199103785,0.623337476759632,3.58792835813291,0.348697789933446,3.82329108955613,1.89885485065244,2.01310413273552,-0.0886678938318272,5.80277817227033,11.9069386244491,0.89984176772384,0.198987646740233,0.240308215111363,0.016474394862589,1.04186453819746,3.19929897647952,0.698049240592298,0.325278389411253,0.625118722918476,0.260466134549365,0.157946676889461,0.422495168023753,-0.00112660984186167,-7.62738472088641e-05,1.00753240286529,1.00382793331091,1.00369034316684,0.600099578825263,0.0604410794605663,0.339459341714171,1.04717441920987,1.04304145396528,0.496654533012,0.526536977065283,-0.0231915100772826,0.000426031369865104,0.962964265550642,0.0187569887983036,1.00749138187261,-0.000591464325459966,0.67,0.1,1.015,0.5,0.6,0.25,0.4,0.005,0.975,0.8,0.1,1.16322234712909,0.704041767286052,0.465288938851634,0.272569500902734,0.400447231744078,0.586189927003934,-1.4670137367364,3.35461680655786,5.59376224870931
73,-0.00139696984898194,0.572546961370756,0.0996358960731583,-0.0155521122219139,-0.0048563166536848,0.00723883504785028,0.0342014473476801,0.0201395360233713,0.0182717845952809,3.90711177979613,6.33616850470544,0.616138853947906,3.55548113025894,0.341849241895712,3.81470588390826,1.91546848757267,1.98664521079934,-0.087407814463744,5.86372403872244,11.8441066118003,0.886783396584768,0.200547848972341,0.238534811772063,0.0162031152048931,1.03885161310453,3.19256953159077,0.696030580780037,0.323517693143402,0.62331096786272,0.259712903276133,0.159404077618693,0.423307535044554,-0.00117461554523586,-4.37113432598162e-05,1.00742150702574,1.00359604530177,1.00381175448217,0.598020722164675,0.0595843305231946,0.34239494731213,1.04709913539785,1.04297801748534,0.502127436784254,0.5207859455639,-0.022913382348154,0.000378952078959901,0.963043587997428,0.0185772992264923,1.00737337074158,-0.000600093016808071,0.67,0.1,1.015,0.5,0.6,0.25,0.4,0.005,0.975,0.8,0.1,1.16389040543711,0.707847603528343,0.465556162174844,0.271935843914293,0.398873823148854,0.585720819032766,-1.46695974757522,3.3220340653217,5.59432463186003
74,-0.00157720361563634,0.579395479509737,0.0986624924445951,-0.0147928691271081,-0.00507282078536841,0.00682799660348477,0.034074120146897,0.0200808935573503,0.0182222965144596,3.95413127399668,6.33521726504368,0.60999454043934,3.5247620814339,0.33560023201616,3.80568106216174,1.93165457006227,1.96017648661725,-0.0861499945177877,5.92691012513132,11.7869435723463,0.875396512760792,0.201954247704203,0.236692359241843,0.0159517348230803,1.03575508786888,3.18543004628628,0.69395590887215,0.321896179341022,0.621453052721328,0.25893877196722,0.160829966631838,0.424051288881745,-0.00120203684586633,-2.28521300634025e-05,1.00731812269274,1.00341491036629,1.00388992856906,0.595926968384388,0.0587956400157551,0.345277391599856,1.0469818892953,1.04287893248556,0.507571322586091,0.515065885606245,-0.0226372081923362,0.000344646921575898,0.963163456073662,0.0184532784436593,1.00726588899737,-0.00060848596573108,0.67,0.1,1.015,0.5,0.6,0.25,0.4,0.005,0.975,0.8,0.1,1.16449824506773,0.711582645825522,0.46579929802709,0.2713081245277,0.397183500326454,0.584904348264564,-1.46524460818357,3.28928977980552,5.59450058722894
75,-0.00171023632511525,0.586228601669269,0.0978302772753677,-0.0136580403476187,-0.00526750151108102,0.00646391324552509,0.0339191854558401,0.0200107134501248,0.0181634321306828,4.00299008800815,6.33630964848842,0.604895608429337,3.49543243702329,0.330013724103254,3.79620823089184,1.94743685756878,1.93368640229426,-0.0849150289711942,5.99142600283227,11.7331206051905,0.865718726901571,0.203224289735642,0.23478811430533,0.0157244233401742,1.0325631160255,3.1778920719196,0.691817287737085,0.320381130861376,0.6195378696153,0.258140779006375,0.162225232480295,0.424721290816338,-0.00122171064306233,-1.49540753192883e-05,1.00722053290875,1.00328121249326,1.00392643694154,0.593803466436208,0.0580919577685287,0.348104575795263,1.04682997108134,1.04275004031102,0.512995267678261,0.509373112507049,-0.0223683801853104,0.00031933285192233,0.963315492375631,0.0183849621863141,1.00716612744531,-0.000616634889401697,0.67,0.1,1.015,0.5,0.6,0.25,0.4,0.005,0.975,0.8,0.1,1.16506104602104,0.715255660876082,0.466024418408414,0.270681587334847,0.395397008566559,0.583802408432482,-1.46173467435103,3.25644175487815,5.59440177745368
76,-0.00180277879488162,0.593047265774472,0.0971601207416248,-0.0122469165497592,-0.00543394454492652,0.00613425912728327,0.0337484170367764,0.0199344899041646,0.0180998582465165,4.05242359386433,6.33723297825418,0.600753060505113,3.46707197817998,0.325105703877884,3.78626430259457,1.96282520750571,1.90716146512875,-0.0837223700398872,6.05604164806767,11.6800047568874,0.857659917269252,0.204381819131759,0.232834936905977,0.0155235229261418,1.0292714405538,3.16994652660226,0.689611865171047,0.318933283141587,0.617562864332281,0.25731786013845,0.163588972434129,0.425315263589603,-0.00124508833997137,-1.85790522028235e-05,1.00712853786953,1.00318820731114,1.00392780789254,0.591643373456809,0.0574841416010457,0.350872484942145,1.04665336137321,1.04259950073677,0.518406812266293,0.503705318147454,-0.0221121304137471,0.000298597362089719,0.963488779311366,0.0183679362132423,1.00707265718337,-0.000624531745816091,0.67,0.1,1.015,0.5,0.6,0.25,0.4,0.005,0.975,0.8,0.1,1.16558706834125,0.718871000117188,0.466234827336499,0.270048790740913,0.393539330197491,0.582496000407269,-1.45644290247807,3.22349839563947,5.59412690290991
77,-0.00186182828368679,0.599844806435697,0.0966618120468057,-0.0106681560517126,-0.00556797585167512,0.00583025917794688,0.0335702623750667,0.0198560717205487,0.0180348132789989,4.10150011161906,6.33660568013573,0.597498247018861,3.43936597888226,0.320864543741376,3.77582543023479,1.97782342403992,1.88059110641553,-0.0825891002206635,6.11984941030378,11.6259000384092,0.851123544746301,0.205444950400563,0.230844704977963,0.0153498542067286,1.02588149310221,3.16157554683521,0.687340600378479,0.317522324581298,0.615528895861324,0.256470373275552,0.16491907575577,0.425833168376152,-0.00127901246174341,-2.906574558301e-05,1.007043104821,1.00312886257489,1.00390203332009,0.589446565728393,0.056976973148073,0.353576461123534,1.04645996746658,1.04243390716043,0.523812199632581,0.498060924998482,-0.021873124631063,0.000278351405685994,0.963675103184854,0.0183955048182501,1.00698533708757,-0.00063216874173038,0.67,0.1,1.015,0.5,0.6,0.25,0.4,0.005,0.975,0.8,0.1,1.16607787769383,0.722428788519515,0.46643115107753,0.26940452183792,0.391629569836755,0.581048155037628,-1.44951715855507,3.19043525869329,5.59376440884989
78,-0.00189346842121064,0.606610918916629,0.0963350987217981,-0.00902844394639091,-0.00566763759063893,0.00554820446602533,0.0333878690933208,0.0197767200928255,0.0179693013548129,4.14990344818306,6.33424475690246,0.595119286404791,3.41215719306459,0.317259858960697,3.76488034163939,1.9924381226874,1.85397129039658,-0.081529071444583,6.18255059305625,11.5704680835956,0.846053056250731,0.206422189864661,0.228825908631847,0.0152029823298256,1.02239898346886,3.15276618646332,0.685007318924138,0.316133428179913,0.613439390081317,0.255599745867216,0.166213167678875,0.42627625352431,-0.00132523490524326,-4.12898342559377e-05,1.00696558467695,1.00309706423668,1.00385657637549,0.587217674337532,0.0565696726284909,0.356212653033976,1.04625393923574,1.04225689421352,0.529216852034082,0.492438304052255,-0.0216551560863368,0.000256018429656099,0.963870757680162,0.01845965665754,1.00690484558789,-0.000639538340351623,0.67,0.1,1.015,0.5,0.6,0.25,0.4,0.005,0.975,0.8,0.1,1.16653048581504,0.725925448353052,0.466612194326015,0.268747928411534,0.389678169837098,0.579491458561334,-1.44121518927655,3.15721302579683,5.59339514112475
79,-0.00190335281089979,0.613334797978771,0.0961704725329303,-0.00743207427588111,-0.0057329802556404,0.00528780916268556,0.033200543277536,0.0196957963810909,0.0179026797475326,4.19782551172148,6.33087676575888,0.593634383132444,3.38538813534768,0.314240367868487,3.75343906989851,2.00668471037741,1.82730663616658,-0.0805522766454798,6.24435675770333,11.5143849764253,0.842403759072163,0.20731603677547,0.226784981949019,0.015081284716712,1.01883376005839,3.14352076543272,0.68261861923912,0.314763938880038,0.611300256035033,0.254708440014597,0.167469501171029,0.426647076442231,-0.00138195156924723,-5.16830796220366e-05,1.00689711437087,1.00308713042505,1.00379825822729,0.584964560946146,0.0562563182412089,0.358779120812645,1.04603678499508,1.04207001748026,0.534625625461844,0.486835300144085,-0.0214609256059289,0.00023076080217459,0.964075230851948,0.0185510501352849,1.0068321364649,-0.000646633268775723,0.67,0.1,1.015,0.5,0.6,0.25,0.4,0.005,0.975,0.8,0.1,1.1669401273387,0.729355425826403,0.466776050935478,0.268081616220391,0.387690121914749,0.577837518264422,-1.43187963883626,3.12379032536777,5.59309222295938
80,-0.00189660825430605,0.62000658069064,0.0961516340924145,-0.00596066194365052,-0.00576590549341394,0.0050492542939311,0.0330070816696632,0.0196124236587713,0.0178341040522785,4.24555994735619,6.32734434764753,0.593028660745905,3.35902587137491,0.311736379606529,3.74153165074733,2.02058688952688,1.80060925979841,-0.0796644985779559,6.30558862986619,11.4584742400438,0.840082663406134,0.208129078882346,0.224728451278959,0.0149821216316556,1.0151991783129,3.13385823172822,0.680183449469645,0.313415734431485,0.609119506987742,0.253799794578226,0.168687285899216,0.426949759413663,-0.00144608796863837,-5.89776961846684e-05,1.00683836971042,1.00309390870442,1.00373291171794,0.582696858241834,0.0560272551004683,0.361275886657698,1.04580953329603,1.04187441697085,0.540042709280112,0.481249239048601,-0.0212919483287126,0.000202975206417008,0.964288482065799,0.0186608548308561,1.00676804911396,-0.000653446525164906,0.67,0.1,1.015,0.5,0.6,0.25,0.4,0.005,0.975,0.8,0.1,1.16730241436681,0.732713336917407,0.466920965746723,0.267407739408072,0.385669577757859,0.576094576385454,-1.42188830124019,3.09013037281747,5.5929193288268
81,-0.00187798541328658,0.626616677265203,0.0962590472866302,-0.00465899569592132,-0.00576967318151711,0.00483014734024123,0.0328093638677572,0.0195272888947191,0.0177640978799979,4.29300593960158,6.32374854266873,0.593193209112724,3.33298610589607,0.309665540790397,3.72919788249279,2.03416985507142,1.77389542804993,-0.0788674006285622,6.36617974245867,11.4027726879976,0.838893536161818,0.20887030761899,0.22266523647967,0.0149021868872596,1.01151106229228,3.12380691824542,0.677712411735827,0.312086340496354,0.606906637375367,0.25287776557307,0.169866359833316,0.427189786638996,-0.00151567312799883,-6.42843718114516e-05,1.00678963949302,1.00311262465965,1.0036656051803,0.580424917334143,0.0558711495640057,0.363703933101851,1.04557513635196,1.04167269416158,0.545471149337797,0.475677473801462,-0.0211486231392587,0.000173509608747109,0.9645079946751,0.0187823567690905,1.00671316363508,-0.00065997138565769,0.67,0.1,1.015,0.5,0.6,0.25,0.4,0.005,0.975,0.8,0.1,1.16761426240713,0.735994913176804,0.467045704962853,0.266724185980597,0.383624530632416,0.574286634289704,-1.41159437820788,3.05620137088071,5.59292784579751
82,-0.00185212231294433,0.63315432344789,0.0964726499428693,-0.0035419062145301,-0.00574819054267395,0.00462508355385527,0.0326129409950854,0.0194429478866169,0.0176948204068385,4.3395405916232,6.31929989056554,0.593927948894617,3.30711961873401,0.30794058479185,3.71647701906675,2.04745326615555,1.74718283638582,-0.0781590834746263,6.42554310643076,11.3463658135609,0.83854739578285,0.209555858192566,0.220606799216085,0.0148379455710091,1.00778647531386,3.11339562834526,0.675216938460284,0.310765783810717,0.604671885188314,0.251946618828464,0.171006609540551,0.427373607119678,-0.00159049446682198,-6.93630108921375e-05,1.00675117669083,1.00313861707549,1.00360125664972,0.578159346139012,0.0557765642112671,0.366064089649721,1.04533892292841,1.04146928805509,0.550912397857283,0.470118025060346,-0.0210304229176297,0.000142832705907511,0.964728283952048,0.0189108689395368,1.00666791972571,-0.000666201411004525,0.67,0.1,1.015,0.5,0.6,0.25,0.4,0.005,0.975,0.8,0.1,1.16787342965124,0.7391969185895,0.467149371860494,0.266024732445096,0.38156747043754,0.572456747650624,-1.40128895674857,3.0219745612583,5.59315519890169
83,-0.00182388561237413,0.639605745973463,0.0967734450687104,-0.00260532765555421,-0.00570547001142618,0.00442573164078852,0.0324270200251895,0.0193638254876677,0.017630067987742,4.38397247772368,6.31232440086666,0.594951311073817,3.28121115244869,0.306474015087909,3.70339927385771,2.06044499020143,1.72048914615041,-0.0775348624941406,6.48251887766854,11.2873909075169,0.838676385361252,0.210208769461007,0.21856706774495,0.0147859216936659,1.00404295111485,3.10264574695438,0.672708777246948,0.309435763382627,0.602425770668908,0.251010737778712,0.172107359717572,0.427507917553164,-0.00167224376558447,-7.61106178855317e-05,1.00672346036631,1.00316699495956,1.00354523765696,0.57591107124464,0.0557328984175553,0.368356030337804,1.04510867642564,1.04127056513637,0.556365878436634,0.464570255304456,-0.0209361337410898,0.000110801671771508,0.964940887150016,0.0190431871256731,1.00663281176995,-0.000672130452922555,0.67,0.1,1.015,0.5,0.6,0.25,0.4,0.005,0.975,0.8,0.1,1.16807752244303,0.742315852045088,0.46723100897721,0.265299708313904,0.379515308279436,0.570667376527631,-1.39118661859721,2.9874215517895,5.59362361547844
84,-0.00179878299132804,0.645951921556639,0.0971442199278178,-0.00183557041682691,-0.00564531098625798,0.00422068769834016,0.0322647319172663,0.0192963544319774,0.0175753955238053,4.42446380724598,6.30022131462357,0.595898724752727,3.25497336136513,0.305179297630316,3.68997869295824,2.07313511210993,1.69383163591336,-0.0769880550650567,6.53529158642411,11.2229882001992,0.83883278529799,0.210859431038314,0.216562758097802,0.014742817980003,1.00029835056837,3.09156433023103,0.670199894880806,0.308068697013695,0.60017901034102,0.250074587642092,0.173166763970126,0.42759902508015,-0.00176464761380563,-8.65442693153427e-05,1.00670743069077,1.00319222309372,1.00350402197718,0.573691821237341,0.0557308444530706,0.370577334309588,1.04489491731618,1.04108507003641,0.561828477781239,0.459035614255925,-0.0208640920371643,7.6603065775591e-05,0.965134109509536,0.0191770545408395,1.00660860613855,-0.000677752660163227,0.67,0.1,1.015,0.5,0.6,0.25,0.4,0.005,0.975,0.8,0.1,1.16822285079002,0.745346210719725,0.467289140316008,0.264536059424284,0.377489708029511,0.56900250370455,-1.38142631464855,2.95251138888489,5.59433867150114
85,-0.0017826368476399,0.652167302262487,0.0975695890167123,-0.00121681263043705,-0.00557115601443647,0.00399728653365905,0.0321411597925217,0.0192480024877302,0.0175372738539797,4.45877949562611,6.27992823182595,0.596366359705507,3.22809835475703,0.303975042920488,3.67621117874183,2.08549369101398,1.66722822238767,-0.0765107346598117,6.58163309088419,11.1498167747022,0.838536308851086,0.211541320870995,0.214611701018185,0.0147056408849022,0.996570445652265,3.08014117335795,0.667702198587018,0.306631941755743,0.597942267391359,0.249142611413066,0.174181416626891,0.427652463300359,-0.00187226200747332,-0.000101464395448214,1.00670474584771,1.00320844996812,1.00348511406547,0.571514497399045,0.0557624346283177,0.372723067972637,1.04470946734888,1.04092238864549,0.567294311891987,0.453518076444746,-0.0208123883367322,3.86941048219695e-05,0.965294715698737,0.0193106376717814,1.00659658151194,-0.000683062484286772,0.67,0.1,1.015,0.5,0.6,0.25,0.4,0.005,0.975,0.8,0.1,1.16830316925593,0.748279291683062,0.467321267702374,0.263719491139906,0.3755140105717,0.567556287893953,-1.37208382614193,2.91721072689355,5.59529009663304
86,-0.00178050503002712,0.658220901830133,0.0980355413184414,-0.00073669200477311,-0.00548608219665758,0.00374527454561879,0.0320691156695955,0.0192251631205133,0.0175212566233357,4.48490673326901,6.24890903439759,0.596004751798782,3.20036072078138,0.302792422436464,3.66208074420626,2.0974753259856,1.64069984379671,-0.0760944255760511,6.61951763766976,11.0651444718347,0.83737460398558,0.21228207680042,0.212729207424119,0.0146718553263854,0.992875960905691,3.06835327143359,0.665226893806813,0.305097902222935,0.595725576543414,0.248218990226423,0.175146498385272,0.42767255924174,-0.00199810377073785,-0.000119296417901524,1.00671777240851,1.00321059244482,1.00349595587417,0.569392928863636,0.0558207440040394,0.374786327132324,1.04456229633088,1.04079061799463,0.572755073547736,0.448023940048957,-0.0207790135966933,-4.77467668996891e-06,0.965411552641331,0.0194420390672048,1.00659863645358,-0.000688054685137844,0.67,0.1,1.015,0.5,0.6,0.25,0.4,0.005,0.975,0.8,0.1,1.16830901840393,0.751102687726146,0.467323607361571,0.262838763405297,0.373607041184498,0.566408274348468,-1.36319260758231,2.88148967194083,5.59645636497582
87,-0.00179525372338859,0.664080290627976,0.0985287865283555,-0.00038873523041727,-0.00539289173631174,0.00346095920067802,0.0320541714585945,0.019230652666708,0.0175297997441879,4.50183933180561,6.2063008351746,0.594630258879585,3.1717299133783,0.301583243175378,3.64757383335903,2.10903102700846,1.61427350076488,-0.0757306944143131,6.64790688852256,10.9681065237675,0.835122334934038,0.213093147246414,0.210923846971065,0.0146395272933879,0.989229294486512,3.05617734620174,0.662783627305963,0.303456464744856,0.593537576691907,0.247307323621628,0.176056617537923,0.427662054784581,-0.00214108953462058,-0.000135908299940314,1.0067491799927,1.00319577000799,1.00354209027883,0.567340775081749,0.0558993981168614,0.376759826801389,1.0444578077849,1.0406933734608,0.578201051811546,0.442560884169493,-0.0207619359810389,-5.51070908988718e-05,0.965479789155045,0.0195689983949448,1.00661712125791,-0.000692724336016918,0.67,0.1,1.015,0.5,0.6,0.25,0.4,0.005,0.975,0.8,0.1,1.16822843768009,0.753801019718631,0.467291375072036,0.26189060681446,0.371776287259932,0.565594132090806,-1.35476761764041,2.84533312546111,5.59781292213049
88,-0.00182692284436472,0.669716922975003,0.0990362117541987,-0.00017148810318135,-0.00529424269432888,0.00314869820683983,0.0320925585999635,0.0192626251413578,0.0175613085150796,4.5099676064239,6.15336907358376,0.592272112277988,3.14240300007011,0.30032167943298,3.63269523817547,2.12012230746104,1.58798446614882,-0.0754115354343932,6.66714869207125,10.8601943668631,0.831789569526751,0.21396586009575,0.209195853052112,0.0146073132501757,0.985641887274729,3.04360540638948,0.660380064474069,0.301720959652585,0.591385132364838,0.246410471818682,0.176907081909443,0.427622038482327,-0.00229530057885534,-0.000146447911086059,1.00680120064295,1.00316394254141,1.00362578632195,0.565370022738137,0.0559921052913703,0.378637871970493,1.04439333311328,1.04062857368056,0.583622398372698,0.43713671586345,-0.0207591142361473,-0.000112122683489524,0.96550264794331,0.0196888607909606,1.0066543594528,-0.00069706682854235,0.67,0.1,1.015,0.5,0.6,0.25,0.4,0.005,0.975,0.8,0.1,1.16804930915118,0.756357821044907,0.467219723660473,0.26088165776519,0.370015820858272,0.565093657911811,-1.34682443251542,2.808752502402,5.59934033124469
89,-0.00187340756999511,0.675110330893868,0.0995445610882391,-8.64476420407989e-05,-0.00519275764916027,0.00281868879123315,0.0321732903836124,0.0193156019262058,0.0176110237439348,4.5108197547558,6.09296494497026,0.589122473726052,3.11273172372112,0.298997339941473,3.61747795206257,2.13073098796571,1.56187644892192,-0.0751294848250623,6.67873249462629,10.7446426835973,0.827564588459542,0.214876799944693,0.207539240916472,0.0145742596170795,0.982122763773544,3.03065593450069,0.658022251728275,0.299923377615664,0.589273658264127,0.245530690943386,0.177695048039922,0.427552576795821,-0.00245164070225274,-0.000147741791562885,1.00687496189617,1.00311722539215,1.00374605919318,0.563489839358627,0.0560923487366369,0.380417811904736,1.04436086062972,1.04058984003537,0.589010082770744,0.431758387920895,-0.0207684706916391,-0.000173863472187041,0.965489484253672,0.0197986809038569,1.00671206346381,-0.000701077877198293,0.67,0.1,1.015,0.5,0.6,0.25,0.4,0.005,0.975,0.8,0.1,1.16776240806266,0.75875827199026,0.467104963225066,0.259826160703452,0.368310529170671,0.564844213967831,-1.33938917726209,2.77179168075092,5.60102845157864
90,-0.00193173784147395,0.680249985617726,0.100040352744659,-0.000135844299603005,-0.00509108778235223,0.0024832123823586,0.0322822228514089,0.0193824902682192,0.0176727726589056,4.50646934489769,6.02854121508894,0.58544157791172,3.08310985420478,0.297605293581777,3.60198437492976,2.1408622842807,1.53599961222639,-0.074877521577337,6.68470874322673,10.6253347031893,0.822708897221274,0.215797257346061,0.20594544648175,0.0145395473051134,0.978679628703229,3.01737698166269,0.655715351231163,0.298103818941587,0.587207777221937,0.244669907175807,0.178420143297728,0.427453926418636,-0.00260038395487038,-0.000139182570991132,1.00697023862519,1.00305860346932,1.00389970749699,0.56170613211318,0.0561932795954408,0.382100588291379,1.04435020064825,1.04056905560951,0.594356349567022,0.426431503400496,-0.020787852967518,-0.000237165976098707,0.965452228177304,0.0198953896564675,1.00679092669982,-0.000704753523563984,0.67,0.1,1.015,0.5,0.6,0.25,0.4,0.005,0.975,0.8,0.1,1.16736370451274,0.760992095298164,0.466945481805095,0.258741746518263,0.366642688601187,0.564765572099827,-1.33249958209259,2.73452526937501,5.60287617942148
91,-0.00199914494627463,0.685135011758651,0.100510082506111,-0.000319965680464329,-0.00499192945106819,0.00215344436419063,0.0324056987230062,0.0194564105807429,0.0177405587454747,4.49897832428253,5.96330062672397,0.581474355890281,3.05388321275094,0.296138650514263,3.58630059881009,2.15054228380726,1.51040719491327,-0.0746488799104405,6.68713748439179,10.5058608022111,0.817466437857414,0.216701362638844,0.204406341272402,0.0145023113633106,0.97531973088266,3.00384198541759,0.653464219691382,0.296300577399978,0.585191838529596,0.243829932720665,0.179084486336845,0.427327646241937,-0.00273322513709174,-0.000122225058300959,1.00708559127568,1.00299085932899,1.00408252169858,0.560021699279357,0.0562878271997807,0.383690473520862,1.04435173714181,1.04055858059755,0.599654776434746,0.421160232751937,-0.0208150091866835,-0.000298569454239892,0.965402249173355,0.019976061069392,1.00689050695913,-0.000708090140220225,0.67,0.1,1.015,0.5,0.6,0.25,0.4,0.005,0.975,0.8,0.1,1.16685517816947,0.763055515155622,0.466742071267787,0.257645606248718,0.364997180529674,0.564781712327455,-1.32619935115796,2.69705119793908,5.60488839890452
92,-0.00207354323341975,0.689772750344067,0.100940616138264,-0.000635476943762314,-0.00489798349877779,0.00183794874690735,0.032532416121075,0.019531642641983,0.0178093878045782,4.49009926140639,5.89978718600908,0.57741000829109,3.02531049495646,0.294585957230329,3.57052780360658,2.15981285265015,1.48515184688852,-0.0744368959320957,6.68778976987374,10.3890686783386,0.812020660436398,0.217569959724024,0.202915576808648,0.0144615908470754,0.972050100500016,2.99014190109626,0.651273567335011,0.294544715657207,0.58323006030001,0.243012525125004,0.179692303906825,0.427177141010946,-0.00284415778968849,-9.92068329595922e-05,1.00721870320825,1.00291608905041,1.00429010383303,0.558436664804929,0.056368941019607,0.385194394175464,1.04435776769092,1.04055232188872,0.60490016363086,0.415947425304565,-0.020847588935425,-0.000355060828981707,0.965348790302314,0.0200381446611739,1.00700935393665,-0.000711084434329211,0.67,0.1,1.015,0.5,0.6,0.25,0.4,0.005,0.975,0.8,0.1,1.16624428226344,0.764951816264009,0.466497712905374,0.256552466402468,0.363363635658718,0.564831583776674,-1.32053032371504,2.6594812634792,5.60707239074282
93,-0.0021535166568171,0.694177108908818,0.101319635590891,-0.00107506921007072,-0.00481187677234718,0.00154262959498963,0.0326536757175647,0.0196037607507601,0.0178753890070584,4.48122215039006,5.83985969410641,0.573379292231953,2.99756501878513,0.292932252271274,3.55477407888579,2.16872652778866,1.46028249928083,-0.0742349481836962,6.68808999170806,10.2770355589239,0.806492971924158,0.218390721759277,0.20146854632442,0.0144163756046268,0.968877265091116,2.97637710834878,0.649147767611048,0.29285909169395,0.581326359054669,0.242219316272779,0.18024940822994,0.427007568038197,-0.00292938851765343,-7.23802921222165e-05,1.00736671473361,1.0028357157599,1.00451818668054,0.556948935197672,0.056429863156963,0.386621201645365,1.04436260134272,1.04054580056044,0.610088427467217,0.410794741627727,-0.0208831690949441,-0.000404406271813515,0.965298808731481,0.0200796050791971,1.00714524946111,-0.000713733450884164,0.67,0.1,1.015,0.5,0.6,0.25,0.4,0.005,0.975,0.8,0.1,1.16554270344489,0.766690698289321,0.466217081377956,0.255474225846105,0.361736119044584,0.564870009274865,-1.31552592954563,2.62193247350863,5.60943507122499
94,-0.00223784091315708,0.698367522082341,0.101636134849863,-0.00162709707888598,-0.00473607288182176,0.00127185653245121,0.0327622598042461,0.0196690868400326,0.017935343399466,4.47352048235302,5.78494839004419,0.569480775733971,2.97076772862738,0.291163106010687,3.53914895872459,2.1773433788957,1.43584209443164,-0.0740365146027546,6.6892562524086,10.1713544309116,0.800973094648168,0.219155151238691,0.200061253582503,0.0143657275062644,0.965806526527282,2.96265156431366,0.647090372773279,0.291261081561613,0.579483915916369,0.24145163163182,0.180762760078805,0.426825336999188,-0.00298652150544493,-4.31821006800623e-05,1.00752645988554,1.00275096988228,1.00476238881506,0.555554426875069,0.0564644046463129,0.387981168478618,1.04436163359543,1.04053539849998,0.615216653576614,0.405702645233978,-0.0209192988105919,-0.000445136892930316,0.965257992521151,0.0200990702350745,1.00729544814876,-0.000716034575625561,0.67,0.1,1.015,0.5,0.6,0.25,0.4,0.005,0.975,0.8,0.1,1.16476503735753,0.768287167469859,0.46590601494301,0.25442095061924,0.360110988058947,0.564860279425571,-1.31120685795789,2.58452102075416,5.61198211612607
95,-0.00232492633277225,0.702368660602894,0.101880969438919,-0.00227509691856076,-0.00467277303002744,0.00102972885108765,0.032851085102168,0.0197240289427629,0.0179861121750296,4.46813290522559,5.73634138638555,0.56581086158609,2.94502236592456,0.289269020542459,3.52376065267159,2.1857299125688,1.4118660616998,-0.0738353215970033,6.69247776270249,10.0734527363618,0.795553474566341,0.219855156526977,0.19868907332566,0.0143089140347964,0.962841146355529,2.94906968456157,0.645103568058204,0.289766195991174,0.577704687813317,0.240710286588882,0.181240211618876,0.426637417084452,-0.00301371970329027,-1.22126550405211e-05,1.00769453821639,1.00266344903556,1.00501772472674,0.554247030648872,0.0564672247911493,0.389285744559979,1.04435027458761,1.0405174897864,0.620283307525912,0.400670250015241,-0.0209535575411525,-0.000476267456921294,0.965231958752248,0.0200959949127613,1.00745682903923,-0.000717985537621102,0.67,0.1,1.015,0.5,0.6,0.25,0.4,0.005,0.975,0.8,0.1,1.16392787400767,0.769760401936617,0.465571149603068,0.253402112246876,0.358484687041173,0.564765495781219,-1.30757836727574,2.54735881949045,5.61471860481147
96,-0.00241238007643609,0.706210722760732,0.102047406410778,-0.00299771833072038,-0.00462380611221624,0.000821051299370046,0.0329121170499667,0.0197645455212652,0.0180241729826085,4.46631415428387,5.69540809121921,0.562487704596775,2.9204407477355,0.287248879305018,3.50871522731846,2.19395949558421,1.38838128248649,-0.0736255507522462,6.69906359445688,9.98483896020186,0.790356556440782,0.220480365145986,0.197345804151487,0.0142455232912357,0.959981643704074,2.93573535354839,0.64318770128173,0.288391026364983,0.575988986222445,0.239995410926019,0.181690420557194,0.426450735890898,-0.00300911245237269,2.05140676739805e-05,1.00786728627134,1.00257555802318,1.00527813410751,0.553018390387754,0.0564340924365336,0.390547517175713,1.04432310103032,1.04048775426121,0.625288561038608,0.395695060025594,-0.0209836210642021,-0.00049700024330855,0.965227208062485,0.0200707834381452,1.00762595117163,-0.00071958441150684,0.67,0.1,1.015,0.5,0.6,0.25,0.4,0.005,0.975,0.8,0.1,1.16304938942583,0.77113300986589,0.46521975577033,0.252427613809089,0.356852154614814,0.564541715027185,-1.30462894986831,2.51055174044577,5.61765060356823
97,-0.00249643240128303,0.709930536424089,0.102131704197346,-0.00376824582574309,-0.00459051871784433,0.00065258743980956,0.0329349122615357,0.0197854221740424,0.0180449925864423,4.46964328300028,5.66388726345739,0.559682059413909,2.89717314229042,0.285113938897877,3.49411805275639,2.20211483969844,1.36540531204252,-0.0734020989845628,6.71064983755073,9.90741922342112,0.785569495041387,0.221014663617659,0.196022471990665,0.0141755957141631,0.957224977370033,2.92275313438507,0.641340734837922,0.287156811807734,0.57433498642202,0.239306244342508,0.182122948765642,0.426271768478038,-0.00297006805069137,5.57023286224736e-05,1.00804070298164,1.00249108543671,1.0055358273261,0.551857423869202,0.0563621391737189,0.391780436957079,1.04427274339861,1.04044027873137,0.630234813606616,0.390772518680471,-0.021007332287087,-0.000506512431319615,0.965252388612086,0.0200249415689203,1.00779903919885,-0.000720829619387284,0.67,0.1,1.015,0.5,0.6,0.25,0.4,0.005,0.975,0.8,0.1,1.1621493289722,0.772430975901976,0.464859731588881,0.251509185456415,0.355204919807557,0.56412889151449,-1.30232989841502,2.47419940909618,5.62078815573859
98,-0.0025725822181892,0.713571302522194,0.102133674702672,-0.00455445363643225,-0.00457365916053076,0.000531226865563728,0.03290870963685,0.0197813015657185,0.0180439191186323,4.47976804927492,5.64351248355435,0.557579664459006,2.87536200550589,0.28288439167202,3.4800712617365,2.21028666366177,1.34294536166558,-0.07316076359085,6.72894747082548,9.84307644768878,0.781402862591857,0.221440978479041,0.194708863546196,0.0140995700516799,0.954564840852903,2.91022684813199,0.639558443371445,0.286085161276884,0.572738904511742,0.238641210213226,0.182548220590252,0.426106176788211,-0.00289449090722882,9.2749348722176e-05,1.00821027005222,1.00241455487072,1.00578175481724,0.550750266449347,0.0562501485559476,0.392999584994706,1.04419137936893,1.04036873608915,0.63512684006329,0.38589593737097,-0.0210227774342598,-0.000503692062846086,0.965316513992492,0.0199611867278926,1.00797187934946,-0.000721719932392592,0.67,0.1,1.015,0.5,0.6,0.25,0.4,0.005,0.975,0.8,0.1,1.16124944885572,0.773683106020614,0.464499779542288,0.250658361153593,0.353533852650626,0.563463644578719,-1.30063236220759,2.43839257731724,5.62414503234538
99,-0.00263764872346235,0.717178577024091,0.102057055036451,-0.00532002428848932,-0.00457326505946565,0.000458856421268194,0.032828476346011,0.0197496748145917,0.0180187763463663,4.49761620327373,5.63492548490433,0.556269394160458,2.85501991334494,0.280578211874729,3.46666162942529,2.21856297315978,1.32099691904702,-0.072898262781505,6.75495731050333,9.79246359360357,0.777967363175517,0.221754956286196,0.193397971607434,0.0140180199218359,0.951993490186616,2.89824966382968,0.637835638425033,0.285184017729304,0.57119609411197,0.237998372546654,0.182976822216367,0.42595894312487,-0.00278412851636238,0.000127752101195367,1.00837114138844,1.00234916303292,1.00600786490139,0.549681405958039,0.0560988655003736,0.394219728541588,1.04407510650286,1.040269865128,0.639971018321617,0.3810573572668,-0.0210283755884159,-0.000487600006003925,0.965423815197448,0.0198833813104435,1.00813987360089,-0.000722254471891315,0.67,0.1,1.015,0.5,0.6,0.25,0.4,0.005,0.975,0.8,0.1,1.1603733208209,0.774919687127614,0.464149328328362,0.249880631217801,0.351836481116477,0.562516130551296,-1.29946055292365,2.40320466497253,5.62773197923739
100,-0.0026908834024159,0.720794345025051,0.101909575213471,-0.00602703044720543,-0.00458858899270975,0.000429933371198343,0.0326980443988662,0.0196924459093247,0.0179712233817156,4.52295413151039,5.63713270765871,0.555687456068203,2.83597995103629,0.278206347751163,3.45394559640639,2.22701495252763,1.29954288458684,-0.0726122407080854,6.78852223766103,9.75441155225984,0.775213090733283,0.221971401529753,0.192088221870201,0.0139315276220014,0.949503075512319,2.8868896301037,0.636167060593254,0.284439279503673,0.569701845307392,0.23737576887808,0.183418247906731,0.425834847701046,-0.00264587900470306,0.000155536290218329,1.0085189608038,1.00229566218057,1.00620904475401,0.548635457956956,0.0559112064674414,0.395453335575603,1.04392618551354,1.04014526786717,0.644774183717513,0.376248799615992,-0.0210229833335053,-0.000458660181606415,0.965571111871347,0.0197963100292335,1.00829850896209,-0.000722432710357505,0.67,0.1,1.015,0.5,0.6,0.25,0.4,0.005,0.975,0.8,0.1,1.15954419526994,0.77617084627887,0.463817678107977,0.249172366368344,0.350119955034463,0.561308709677873,-1.29870638277801,2.36868191025452,5.63154929338525
101,-0.00275406103188863,0.724323183152764,0.101794063834949,-0.00574631983534457,-0.00461808495730587,0.000255068776046752,0.0327489388576148,0.0197273516121613,0.0180042668927121,4.52229296179245,5.6018020378234,0.551383372102532,2.81500150855174,0.275780846584316,3.4414431513946,2.23525399417856,1.27849089019817,-0.0723017329821295,6.79626673794484,9.67735684147736,0.768702409038114,0.222570523861013,0.190908621088204,0.0138399233333956,0.947105169181986,2.87579031591921,0.63456046335193,0.283376354033004,0.568263101509191,0.236776292295496,0.183850741887185,0.425714247167788,-0.00261026603379706,5.25576378409243e-05,1.00865063687683,1.00223216866295,1.00640417301955,0.547609964064223,0.0557434436386079,0.396646592297169,1.04389645920687,1.04011355727783,0.64951065464288,0.371498477224613,-0.0210091318674929,-0.000419103066968243,0.965571111871347,0.0197963100292335,1.00844400762311,-0.000722432710357505,0.67,0.1,1.015,0.5,0.6,0.25,0.4,0.005,0.975,0.8,0.1,1.15878180638347,0.777404129041488,0.46351272255339,0.248278944213094,0.348621525567811,0.561130558495414,-1.29704460762904,2.33467426470755,5.63537929629786
102,-0.0028154445290978,0.727763226707457,0.101703586484335,-0.00552588939438015,-0.0046411872330101,8.60916227649611e-05,0.0327993056195393,0.0197618941115385,0.0180369653282007,4.52131194680159,5.56721361689366,0.54730094565235,2.79452891299777,0.2734809553065,3.42916261870524,2.24331289956185,1.25782752467567,-0.0719778055322768,6.80350860801302,9.6019515637104,0.762558333651375,0.223150358119398,0.189752750066185,0.0137542382248024,0.94476046864427,2.86488472271159,0.632989513991661,0.282278928085354,0.566856281186562,0.236190117161068,0.184266596469822,0.425618273068776,-0.00257838519290515,4.9127901192489e-05,1.0087922150544,1.00217047824826,1.00660739559772,0.546607346353194,0.0555919275228051,0.397800726124001,1.04386715973758,1.04008232631658,0.654186793978543,0.366803113335755,-0.0209899073142975,-0.000415050913729701,0.965571111871347,0.0197963100292335,1.00858864674037,-0.000722432710357505,0.67,0.1,1.015,0.5,0.6,0.25,0.4,0.005,0.975,0.8,0.1,1.15803330894615,0.778654505667327,0.463213323578458,0.247414307035138,0.347146358957963,0.560960157850085,-1.29475283084491,2.30115371311332,5.63928809637862
103,-0.00287502820455563,0.731113613002084,0.101632714766687,-0.00535288170705228,-0.00465928270313298,-7.70562655549867e-05,0.0328491350033993,0.019796066267646,0.0180693118219995,4.52002924587333,5.53337707468963,0.543409112988125,2.77458812402876,0.271290294412705,3.41710138426362,2.25119965198014,1.23754953166965,-0.0716477993861726,6.81027569620772,9.52820337266949,0.756725109990616,0.223711665755106,0.188620945376988,0.0136735019759589,0.942463661510019,2.85417223955521,0.631450653211713,0.281206482034546,0.565478196906012,0.235615915377505,0.184664867400856,0.425518350116176,-0.00254905219760082,4.68881222340063e-05,1.00893354101908,1.00211059665442,1.00680857421071,0.545629247675222,0.0554537816973376,0.39891697062744,1.04383829210457,1.04005157978596,0.658803880489859,0.362163539357888,-0.020967419847747,-0.000411737132318279,0.965571111871347,0.0197963100292335,1.00873266864117,-0.000722432710357505,0.67,0.1,1.015,0.5,0.6,0.25,0.4,0.005,0.975,0.8,0.1,1.15728886584096,0.779867193573647,0.462915546336383,0.24657474310026,0.345694344979948,0.560797564975086,-1.29202729179446,2.26811435959951,5.64327872148262
104,-0.00293282200635709,0.734374250727651,0.101577198516771,-0.00521714809371265,-0.00467345704666267,-0.000234476267894856,0.0328984165007685,0.0198298608947623,0.0181012996226909,4.51846513710353,5.50029647747468,0.539683349683601,2.75517825805863,0.269195822410966,3.40526126607865,2.25892182283763,1.21765631196856,-0.071316868727536,6.81659612118778,9.45611114572212,0.751159262237146,0.224255218312366,0.187513368625092,0.0135969588701152,0.940215920562949,2.84365313052787,0.629944666777176,0.280159720742308,0.564129552337769,0.235053980140737,0.185046057065747,0.425411396372323,-0.00252141678698124,4.5498462473278e-05,1.00907462038754,1.00205251388361,1.00700772305507,0.544676712672084,0.0553267345705546,0.399996552757361,1.04380985813395,1.04002131830786,0.663362263958942,0.357580877596144,-0.0209431415550858,-0.000408824590142407,0.965571111871347,0.0197963100292335,1.00887620017112,-0.000722432710357505,0.67,0.1,1.015,0.5,0.6,0.25,0.4,0.005,0.975,0.8,0.1,1.15654782391335,0.78103466969486,0.46261912956534,0.245757480098087,0.344265440879941,0.560642877460995,-1.28901279428646,2.2355578706403,5.64735322658617
105,-0.00298884749696966,0.737545638821372,0.101533709627543,-0.00511069099858141,-0.00468456029664577,-0.000386300203995882,0.0329471360580045,0.0198632685340103,0.0181329198711253,4.51664057406419,5.46797264902373,0.536104338876538,2.73629257681813,0.267187153729965,3.39364406128047,2.26648662652759,1.19814600989674,-0.0709885751438589,6.82249825082524,9.38566765892981,0.745826937559131,0.224781778125443,0.186430037080307,0.0135240200964874,0.938017985340403,2.83332812426711,0.62847205017807,0.279139000233195,0.562810791204242,0.234504496335101,0.185410727891985,0.425298436288971,-0.0024948541908826,4.47289459346975e-05,1.00921540889423,1.00199620826555,1.00720481831082,0.543750328577939,0.0552089879717135,0.401040683450347,1.04378186058759,1.03999154337512,0.667862211121934,0.35305588572676,-0.0209180968486936,-0.000406075476063832,0.965571111871347,0.0197963100292335,1.00901928586709,-0.000722432710357505,0.67,0.1,1.015,0.5,0.6,0.25,0.4,0.005,0.975,0.8,0.1,1.15580996855984,0.782157571106662,0.462323987423936,0.244960478236197,0.342859631124957,0.560496197521748,-1.28581554837104,2.20348558322756,5.65151297625945
106,-0.00304313474252399,0.74062872427301,0.101499641744443,-0.00502721606595014,-0.0046932580744915,-0.000532680647918338,0.0329952775843471,0.0198962784303993,0.0181641625090404,4.51457663657985,5.43640370440388,0.532656790363966,2.71792309326616,0.26525596177308,3.3822513733118,2.27390088485581,1.17901581521293,-0.0706653267569355,6.82801013169473,9.31686078170098,0.740701650531072,0.225292089644006,0.185370856209996,0.0134542251509615,0.935870245169142,2.82319814258526,0.627033064263325,0.278144433220298,0.561522147101485,0.233967561292285,0.185759479384937,0.42518037687134,-0.00246891637493782,4.43992592579606e-05,1.00935582594506,1.00194164958376,1.00739980852615,0.542850334671262,0.055099114489984,0.402050550838754,1.0437543026731,1.03996225688927,0.672303928323717,0.348589056542674,-0.0208929848663915,-0.000403319607663147,0.965571111871347,0.0197963100292335,1.00916191061625,-0.000722432710357505,0.67,0.1,1.015,0.5,0.6,0.25,0.4,0.005,0.975,0.8,0.1,1.15507539411031,0.783236832908687,0.462030157644126,0.244182239143012,0.341476912457377,0.560357619642614,-1.28251292985446,2.17189847718692,5.65575866047696
107,-0.00309571991226521,0.743624790577404,0.101472953577251,-0.00496177435702794,-0.00470007165111141,-0.00067378360642445,0.0330428240951605,0.0199288792744733,0.0181950169690406,4.51229412513331,5.40558548641163,0.529328526038349,2.70006086080324,0.26339551696176,3.37108450017493,2.28117101082393,1.16026219117119,-0.0703487018201868,6.8331590781266,9.2496744241716,0.735762553322816,0.225786873432789,0.184335644927503,0.0133872121428937,0.933772808532566,2.813264104257,0.625627781716819,0.277175943023346,0.560263685119539,0.233443202133141,0.18609293126343,0.425058022574852,-0.00244328920160741,4.43727299798163e-05,1.00949576763549,1.00188880148817,1.00759262518556,0.541976707287211,0.0549959772585063,0.403027315454283,1.0437271876742,1.03993346081102,0.676687579532805,0.344180690549578,-0.0208682700823834,-0.000400439857086832,0.965571111871347,0.0197963100292335,1.00930401761272,-0.000722432710357505,0.67,0.1,1.015,0.5,0.6,0.25,0.4,0.005,0.975,0.8,0.1,1.15434440872618,0.784273598587698,0.461737763490473,0.243421661187466,0.340117282623029,0.56022722226231,-1.27916086461225,2.1407971515579,5.66009032974017
108,-0.00314664343048601,0.74653537031565,0.101452046291591,-0.00491047780369713,-0.00470540928454988,-0.00080978301438106,0.0330897620228067,0.0199610620904902,0.0182254748971196,4.50981267213479,5.37551059044737,0.526109619000564,2.68269621156707,0.261600326551585,3.36014435383293,2.28830299674006,1.14188104303922,-0.0700396859463511,6.8379707889217,9.18408796826064,0.730992954239726,0.226266830731843,0.183324158022975,0.0133226946339281,0.931725558229629,2.80352678038002,0.624256124013851,0.276233300066413,0.559035334937777,0.232931389557407,0.186411710684997,0.424932089197848,-0.00241776148485951,4.45443011006273e-05,1.00963511603546,1.00183762335236,1.00778319011119,0.541129225780076,0.0548986672635731,0.40397210695635,1.04370051552961,1.03990515321774,0.681013300555757,0.339830948551423,-0.0208442491071798,-0.000397359084037888,0.965571111871347,0.0197963100292335,1.00944552202383,-0.000722432710357505,0.67,0.1,1.015,0.5,0.6,0.25,0.4,0.005,0.975,0.8,0.1,1.15361746191761,0.785269153750249,0.461446984767043,0.242677924583573,0.338780737186576,0.560105083582643,-1.27579938525802,2.11018179879884,5.66450741854639
109,-0.00319594855807486,0.749362176736696,0.101435667543244,-0.0048702736627374,-0.00470959074168187,-0.000940856624626951,0.0331360674680336,0.0199928109476326,0.0182555213664367,4.50715302013845,5.34617424514042,0.522992484358557,2.6658189063381,0.259865870229693,3.34943145640219,2.29530244736788,1.12386785594402,-0.069738846909711,6.84247163031341,9.12008242244613,0.726379953161335,0.226732605338689,0.182336090065054,0.0132604454827958,0.929728194727702,2.79398673224625,0.62291789046756,0.275316193414169,0.557836916836621,0.232432048681925,0.186716442531601,0.42480321542609,-0.00239219268068642,4.4841799290843e-05,1.00977374635554,1.00178807169913,1.00797142118379,0.540307523639382,0.0548064543389979,0.404886022021621,1.04367429570946,1.03987734341458,0.685281211826709,0.335539888057933,-0.0208210998846418,-0.000394030054222326,0.965571111871347,0.0197963100292335,1.00958632132501,-0.000722432710357505,0.67,0.1,1.015,0.5,0.6,0.25,0.4,0.005,0.975,0.8,0.1,1.15289508884077,0.786224875353795,0.461158035536307,0.241950435267626,0.337467242426835,0.559991190129506,-1.27245682558392,2.08005220503672,5.66900886305556
110,-0.00324368030794503,0.752107050301259,0.101422836350724,-0.00483876619835077,-0.00471286649135116,-0.00106718296644481,0.0331817289156573,0.0200241182561717,0.0182851493281872,4.50433303401565,5.31756589643338,0.519970462765698,2.64941835297361,0.258188369223925,3.33894588874139,2.3021745626139,1.10621778588232,-0.0694464597548272,6.84668469206552,9.05763232786858,0.72191265349578,0.22718483846814,0.181371106013818,0.0132002812609839,0.927780274977381,2.78464422442284,0.621612784234845,0.274424202500831,0.556668164986428,0.231945068744345,0.187007743032169,0.424671970800291,-0.00236650066787722,4.52056921772127e-05,1.00991153133647,1.00174010129052,1.0081572356297,0.539511128038131,0.0547187488484059,0.405770123113463,1.04364852678705,1.03985002805681,0.689491426135794,0.331307491267934,-0.0207989174037278,-0.000390427702914364,0.965571111871347,0.0197963100292335,1.00972630305251,-0.000722432710357505,0.67,0.1,1.015,0.5,0.6,0.25,0.4,0.005,0.975,0.8,0.1,1.15217787350424,0.787142189901737,0.460871149401694,0.241238726008782,0.336176765571736,0.559885574435488,-1.2691529177179,2.05040772727886,5.67359308011485
111,-0.00328988461975876,0.754771917006694,0.101412784271995,-0.00481407598603267,-0.0047154327298552,-0.00118893912141205,0.0332267321110342,0.0200549745816907,0.018314349986561,4.50137028911842,5.28967546066115,0.517038184911548,2.63348367249025,0.256564632579003,3.32868730334382,2.30892416461382,1.08892573742926,-0.0691625986992589,6.85063236865461,8.99671214516444,0.7175822721451,0.2276241289746,0.18042883756641,0.013142053353808,0.925881237980815,2.77549920466135,0.620340429447146,0.273556857261319,0.555528742788489,0.231470309495204,0.187286214052231,0.424538866464514,-0.00234064410601352,4.55944877481664e-05,1.01004834576179,1.00169366595714,1.0083405536928,0.538739490370285,0.054635071715726,0.406625437913989,1.0436232104134,1.03982320752482,0.693644056712098,0.327133683098506,-0.0207777398106042,-0.000386543158273057,0.965571111871347,0.0197963100292335,1.00986535055887,-0.000722432710357505,0.67,0.1,1.015,0.5,0.6,0.25,0.4,0.005,0.975,0.8,0.1,1.15146641472444,0.788022549029627,0.460586565889778,0.240542438054954,0.334909247960267,0.559788217240722,-1.26590112408238,2.02124729464481,5.67825804617323
112,-0.00333460773584378,0.757358755985607,0.101404909341332,-0.00479472907342049,-0.00471744314560107,-0.00130629912302827,0.0332710642466029,0.0200853714544165,0.0183431154498468,4.49828133323768,5.26249194420154,0.51419113949111,2.61800381640728,0.254991926854247,3.31865493784611,2.31555571684909,1.07198642383756,-0.0688872028405405,6.85433565420792,8.93729505050923,0.713381503163333,0.228051043920113,0.179508894263619,0.0130856396585162,0.9240304294793,2.76655129114213,0.619100387751131,0.2727136450193,0.55441825768758,0.231007607369825,0.187552439798961,0.424404359550365,-0.00231461098360654,4.59784538902231e-05,1.01018406882578,1.00164871922548,1.00852130036856,0.53799200977178,0.0545550309772682,0.407452959250952,1.04359834761997,1.0397968816084,0.697739222733046,0.323018344453381,-0.0207575671864279,-0.000382379205964459,0.965571111871347,0.0197963100292335,1.0100033472274,-0.000722432710357505,0.67,0.1,1.015,0.5,0.6,0.25,0.4,0.005,0.975,0.8,0.1,1.15076130594162,0.788867402938568,0.460304522376648,0.239861281793949,0.33366461026023,0.559699073825246,-1.26271036064931,1.99256941435302,5.68300134844014
113,-0.00337789573304697,0.759869574401879,0.10139873999487,-0.00477956976818006,-0.0047190181317337,-0.00141943283099044,0.0333147140664726,0.0201153014369741,0.0183714387934013,4.49508167250347,5.23600360977118,0.51142547928579,2.60296764651804,0.253467877561644,3.30884763572945,2.32207334486636,1.055394413874,-0.0686201230109143,6.85781415214675,8.87935322819007,0.709304172336469,0.22846611921909,0.178610869477121,0.0130309384999496,0.922227121094693,2.75779977299579,0.617892171133444,0.271894023639026,0.553336272656816,0.230556780273673,0.187806984442169,0.424268859683171,-0.00228840992315715,4.63368028776349e-05,1.01031858596064,1.00160521478829,1.00869940675598,0.537268051180524,0.0544783034292042,0.408253645390272,1.04357393880105,1.03977104949203,0.701777053677075,0.318961321299829,-0.0207383749769038,-0.000377946817043973,0.965571111871347,0.0197963100292335,1.01014017950143,-0.000722432710357505,0.67,0.1,1.015,0.5,0.6,0.25,0.4,0.005,0.975,0.8,0.1,1.15006311984449,0.789678185313527,0.460025247937797,0.239195013054759,0.332442751964619,0.559618075181391,-1.2595862699742,1.96437218173501,5.6878202340277
114,-0.0034197941752846,0.762306388086188,0.101393906816672,-0.00476769208142924,-0.0047202520010261,-0.00152850516532843,0.0333576719118971,0.0201447581536525,0.018399314086776,4.49178577845463,5.21019811978157,0.508737871857227,2.58836400035658,0.251990393022501,3.29926387215493,2.32848085773382,1.03914416929051,-0.0683611548694031,6.86108610616622,8.82285811614783,0.705344973977811,0.228869860597611,0.177734345173549,0.0129778639674871,0.920470525999317,2.74924362016554,0.616715252419542,0.271097431761242,0.55228231559959,0.230117631499829,0.188050390619841,0.424132733965167,-0.00226206361020702,4.66555182977501e-05,1.01045179003942,1.00156310685384,1.00887481090783,0.536566959148398,0.0544046202567979,0.409028420594804,1.04354998371524,1.03974570975823,0.705757692613618,0.314962430880163,-0.0207201234937811,-0.000373262518698978,0.965571111871347,0.0197963100292335,1.01027573900535,-0.000722432710357505,0.67,0.1,1.015,0.5,0.6,0.25,0.4,0.005,0.975,0.8,0.1,1.14937239780539,0.790456301368838,0.459748959122157,0.238543416096457,0.331243551514311,0.559545129565302,-1.25653215750295,1.93665329475331,5.69271165643642
115,-0.00346034785935331,0.764671206682924,0.101390120408618,-0.00475838587592203,-0.00472121863666553,-0.00163367561211603,0.0333999297231402,0.0201737362912553,0.0184267363943768,4.48840711036344,5.18506266017033,0.506125384727657,2.57418174444375,0.250557605554212,3.28990178284918,2.33478176962456,1.02323007522252,-0.0681100619979082,6.86416844613856,8.76778061296081,0.701499270627611,0.229262744765612,0.176878895718402,0.0129263423436503,0.918759811794607,2.74088149963348,0.615569073902387,0.270323296756199,0.551255887076764,0.229689952948652,0.188283178615051,0.423996311308192,-0.00223560386106482,4.69256753334221e-05,1.01058358210575,1.00152235040135,1.00904745830262,0.53588806835122,0.054333755775672,0.409778175873108,1.04352648150056,1.03972086040374,0.70968129863253,0.311021465915987,-0.0207027645485172,-0.000368346413240771,0.965571111871347,0.0197963100292335,1.01040992397313,-0.000722432710357505,0.67,0.1,1.015,0.5,0.6,0.25,0.4,0.005,0.975,0.8,0.1,1.1486896429628,0.791203119361683,0.45947585718512,0.237906291569818,0.330066866878767,0.559480124282181,-1.25354967691014,1.90941007208972,5.69767231905378
116,-0.00349960063265085,0.766966022340464,0.101387154056003,-0.00475109458938217,-0.00472197591827639,-0.00173509793293214,0.0334414810096418,0.0202022315792711,0.0184537017568559,4.48495814828092,5.16058404755057,0.503585397202976,2.56040981756193,0.249167826049174,3.28075919450085,2.34097932109204,1.00764646518847,-0.0678665917796645,6.86707684405951,8.71409125298909,0.697762940843259,0.229645220724797,0.176044090923454,0.0128763093707736,0.917094111137209,2.73271179577049,0.61445305446193,0.269571040885954,0.550256466682325,0.229273527784302,0.188505846038246,0.423859886226596,-0.00220906795196466,4.71421451176029e-05,1.01071387174868,1.00148290136419,1.00921730203473,0.535230711534273,0.0542655186058295,0.410503769859898,1.04350343069927,1.03969649886475,0.713548048578806,0.307138197425944,-0.0206862460047498,-0.000363220697188809,0.965571111871347,0.0197963100292335,1.01054264015168,-0.000722432710357505,0.67,0.1,1.015,0.5,0.6,0.25,0.4,0.005,0.975,0.8,0.1,1.14801531605046,0.791919964778505,0.459206126420183,0.237283448156162,0.328912536462664,0.559422927597408,-1.25063932904852,1.88263947391955,5.70269871550998
117,-0.00353759526619694,0.769192801181935,0.10138483014911,-0.00474538205995412,-0.00472256918879943,-0.00183292002603674,0.0334823207976504,0.020230240755323,0.0184802071587843,4.48145043333388,5.13674882203843,0.501115532761951,2.54703726586209,0.247819508898506,3.27183365554478,2.34707649973401,0.992387641912933,-0.0676304861021673,6.8698257763363,8.66176035502634,0.694132263718964,0.230017711154209,0.175229498495752,0.0128277081606753,0.915472530539665,2.72473263313781,0.613366595461576,0.26884008606168,0.549283518323799,0.228868132634916,0.188718867885806,0.423723722178714,-0.00218249591682574,4.7302597699751e-05,1.01084257721418,1.00144471675747,1.0093843027972,0.534594225468435,0.0541997447478122,0.411206029783752,1.04348082928908,1.03967262204818,0.71735813822845,0.303312376602782,-0.0206705148312316,-0.000357908565266739,0.965571111871347,0.0197963100292335,1.01067380130926,-0.000722432710357505,0.67,0.1,1.015,0.5,0.6,0.25,0.4,0.005,0.975,0.8,0.1,1.1473498332761,0.792608116571832,0.458939933310441,0.236674696907923,0.32778038023551,0.559373390694616,-1.24780082298999,1.8563381245717,5.70778716685723
118,-0.00357437337004118,0.771353476955352,0.101383009546609,-0.0047409065032864,-0.00472303397017804,-0.00192728389940711,0.0335224455623524,0.0202577615204686,0.018506250486862,4.47789461263601,5.11354332773005,0.498713607305538,2.5340532712541,0.246511224902762,3.26312246652949,2.35307606003978,0.97744789486927,-0.0674014883795555,6.87242858963122,8.61075814874301,0.690603831426088,0.230380613830172,0.174434686011105,0.0127804875973438,0.913894157685342,2.7169419005046,0.612309085649179,0.268129857498073,0.548336494611205,0.228473539421336,0.188922696874739,0.42358805452767,-0.00215592858631059,4.74067371975927e-05,1.01096962532404,1.00140775476311,1.00954842871493,0.533977955365133,0.0541362921464619,0.411885752488405,1.04345867471863,1.03964922636669,0.721111783016525,0.299543736067106,-0.0206555190836311,-0.000352433409884264,0.965571111871347,0.0197963100292335,1.01080332944936,-0.000722432710357505,0.67,0.1,1.015,0.5,0.6,0.25,0.4,0.005,0.975,0.8,0.1,1.14669356571187,0.79326880496035,0.458677426284749,0.236079847558955,0.326670201004509,0.559331349623844,-1.24503333544169,1.83050233637621,5.71293385562303
119,-0.00360997534102489,0.773449946389621,0.101381583243242,-0.00473740010516754,-0.00472339809067823,-0.00201832572517624,0.033561853149859,0.0202847924878455,0.0185318304819183,4.47430048682117,5.09095378248428,0.496377589623013,2.52144717425264,0.245241640345647,3.25462270950559,2.358980542289,0.962821515200462,-0.0671793479838693,6.8748975681828,8.56105488237985,0.687174483102141,0.230734303048641,0.173659222507948,0.0127346011173503,0.912358067528327,2.70933727518071,0.611279905243979,0.267439786501923,0.547414840516996,0.228089516882082,0.189117763976003,0.423453093178503,-0.00212940619211396,4.7455717130142e-05,1.01109495125644,1.00137197478227,1.00970965507226,0.533381258099401,0.0540750364183893,0.41254370548221,1.0434369639453,1.03962630777594,0.724809218407928,0.295831990721387,-0.0206412091293145,-0.000346818246746164,0.965571111871347,0.0197963100292335,1.0109311548081,-0.000722432710357505,0.67,0.1,1.015,0.5,0.6,0.25,0.4,0.005,0.975,0.8,0.1,1.1460468397824,0.793903210411619,0.45841873591296,0.235498706257359,0.325581785769429,0.559296627199637,-1.24233569560803,1.80512813410671,5.718134856843
120,-0.00364444033510854,0.775484065883513,0.101380465842479,-0.00473465302137954,-0.00472368335135176,-0.00210617595225748,0.0336005426931192,0.0203113331273115,0.0185569466871734,4.47067705870858,5.06896633841045,0.49410557125566,2.50920849222958,0.244009500820061,3.24633127605623,2.36479229042466,0.948502808506407,-0.0669638228748364,6.87724400107324,8.51262091450623,0.683841254980295,0.231079131026746,0.172902679776544,0.0126900057794108,0.910863327394878,2.70191624701943,0.610278429354568,0.266769312580651,0.546517996436927,0.22771583184872,0.189304479086754,0.423319024937819,-0.00210296740011965,4.74516955732905e-05,1.01121849823004,1.00133733746322,1.00986796396892,0.532803504513129,0.0540158674900464,0.413180627996825,1.04341569347401,1.03960386181257,0.728450699984579,0.292176838359636,-0.020627538344215,-0.000341085312765984,0.965571111871347,0.0197963100292335,1.01105721569481,-0.000722432710357505,0.67,0.1,1.015,0.5,0.6,0.25,0.4,0.005,0.975,0.8,0.1,1.14540993853304,0.794512463510622,0.458163975413214,0.234931074313473,0.324514907112972,0.559269034821548,-1.23970651563036,1.78021127952816,5.72338616621405
121,-0.0036778062582252,0.777457649234078,0.101379590443086,-0.00473250083510002,-0.00472390683150414,-0.00219095945952219,0.0336385145248178,0.0203373837080775,0.0185815993946223,4.46703258199829,5.04756713425129,0.491895743577741,2.49732693384714,0.242813618715791,3.23824489372866,2.3705134688629,0.934486105862769,-0.0667546809970083,6.87947824833256,8.46542679215292,0.680601342851599,0.231415429267011,0.172164633402353,0.0126466615550754,0.909409001260204,2.69467614163967,0.609304030844336,0.266117885016854,0.545645400756122,0.227352250315051,0.189483231795634,0.423186015633707,-0.00207664866713182,4.73974985127876e-05,1.01134021712351,1.00130380471048,1.01002334392999,0.532244081010353,0.0539586869485862,0.413797232041061,1.04339485939616,1.03958188363224,0.732036503308936,0.288577960138939,-0.0206144634478745,-0.000335255794653242,0.965571111871347,0.0197963100292335,1.01118145822209,-0.000722432710357505,0.67,0.1,1.015,0.5,0.6,0.25,0.4,0.005,0.975,0.8,0.1,1.14478310343574,0.795097645483212,0.457913241374297,0.234376747661142,0.323469324591707,0.559248374199004,-1.23714428152439,1.75574729565587,5.72868372552978
122,-0.00371010977098246,0.779372466173513,0.101378904633276,-0.00473081472599735,-0.00472408191138285,-0.00227279573618733,0.0336757700895343,0.0203629452408221,0.0186057895909281,4.46337460919538,5.02674234067769,0.489746380409743,2.48579241030576,0.241652863525969,3.23036015072843,2.37614607823115,0.920765773348248,-0.0665517008509662,6.88160980509322,8.4194433172304,0.677452073873081,0.231743509872816,0.171444663609928,0.012604530788335,0.907994153340588,2.68761414256399,0.608356082738194,0.265484964023446,0.544796492004353,0.226998538335147,0.18965439220613,0.423054212026963,-0.00205048383990842,4.7296366903443e-05,1.01146006605445,1.00127133968016,1.01017578948933,0.531702390609466,0.053903405950882,0.414394203439652,1.04337445742783,1.03956036804684,0.735566923612378,0.285035020983793,-0.020601944596171,-0.000329349655986556,0.965571111871347,0.0197963100292335,1.01130383596034,-0.000722432710357505,0.67,0.1,1.015,0.5,0.6,0.25,0.4,0.005,0.975,0.8,0.1,1.14416653654851,0.795659789195297,0.457666614619403,0.233835516809838,0.32244478610188,0.55923443896957,-1.23464741563102,1.73173149041669,5.73402344556972
123,-0.00374138630359636,0.781230241532796,0.101378367352526,-0.00472949376555387,-0.00472421907334475,-0.00235179907937877,0.0337123118568371,0.0203880194203829,0.0186295189038472,4.45971003819262,5.00647819936917,0.487655824862753,2.47459504392732,0.240526154321163,3.22267351881419,2.38169197004741,0.907336220293625,-0.0663546715268474,6.88364736325616,8.374641602827,0.674390885441169,0.232063666807561,0.170742355944002,0.0125635777841005,0.906617851114134,2.68072731207963,0.60743396024647,0.264870021569538,0.54397071066848,0.226654462778534,0.189818311791429,0.422923743539363,-0.00202450393391418,4.71517683470273e-05,1.01157800993623,1.00123990676489,1.01032530076108,0.531177853580566,0.0538499435698167,0.414972202849617,1.04335448294694,1.03953930956055,0.739042275347801,0.281547669969178,-0.0205899453169791,-0.000323385537948955,0.965571111871347,0.0197963100292335,1.01142430954356,-0.000722432710357505,0.67,0.1,1.015,0.5,0.6,0.25,0.4,0.005,0.975,0.8,0.1,1.14356040288931,0.796199880489212,0.457424161155723,0.233307167124729,0.32144102920154,0.559227016204889,-1.23221431868017,1.70815897947825,5.73940122661787
124,-0.00377167007826642,0.783032654889297,0.101377946433094,-0.00472845887924755,-0.00472432652949484,-0.00242807880136753,0.0337481432365161,0.0204126085698166,0.0186527895499256,4.45604515711827,4.98676105663443,0.485622479410238,2.463725174504,0.239432453888445,3.21518137438558,2.38715286036751,0.894191906420331,-0.0661633924022599,6.88559887031788,8.33099312072857,0.671415309391282,0.232376177092954,0.170057301816938,0.0125237684948588,0.90527916786215,2.67401261071215,0.60653704246764,0.264272541947984,0.54316750071729,0.226319791965537,0.189975324260855,0.422794723820523,-0.00199873704386351,4.69672583997275e-05,1.01169402002605,1.00120947157134,1.01047188300991,0.530669907767578,0.0537982254833163,0.415531866749105,1.04333493102875,1.03951870240427,0.742462891638201,0.278115540710709,-0.02057843234891,-0.000317380714521709,0.965571111871347,0.0197963100292335,1.01154284624672,-0.000722432710357505,0.67,0.1,1.015,0.5,0.6,0.25,0.4,0.005,0.975,0.8,0.1,1.14296483292075,0.796718859750565,0.4571859331683,0.232791479316407,0.320457782376119,0.559225887802392,-1.22984339739567,1.68502470807515,5.74481297678392
125,-0.00380099413684348,0.784781340586159,0.10137761667402,-0.00472764811527882,-0.00472441071338126,-0.00250173944092091,0.0337832684968018,0.0204367155863847,0.0186756042839855,4.45238568719126,4.96757739222661,0.483644798413857,2.4531733637696,0.238370764147685,3.2078800177967,2.39253034243765,0.881327348003387,-0.0659776726443321,6.88747158514986,8.28846974129668,0.66852296019921,0.232681301943987,0.169389098945832,0.0124850702819994,0.903977184806353,2.66746691526213,0.605664713820257,0.263692022140376,0.542386310883812,0.225994296201588,0.190125746423037,0.422667252171508,-0.00197320834923781,4.67463801124277e-05,1.01180807347448,1.00118000089247,1.01061554622799,0.5301780086725,0.053748182932196,0.416073808395304,1.04331579647969,1.03949854056844,0.745829123646899,0.274738251778088,-0.0205673754249868,-0.000311351087542056,0.965571111871347,0.0197963100292335,1.0116594195497,-0.000722432710357505,0.67,0.1,1.015,0.5,0.6,0.25,0.4,0.005,0.975,0.8,0.1,1.1423799250685,0.797217623623837,0.4569519700274,0.232288230055134,0.319494766238912,0.559230831763678,-1.22753308195672,1.66232347171495,5.75025462829553
126,-0.00382939037214199,0.78647788803538,0.10137735833227,-0.00472701293729827,-0.00472447666519604,-0.00257288097470165,0.0338176926861392,0.020460343889842,0.0186979663507566,4.44873682342806,4.94891384392354,0.481721282508261,2.44293039829078,0.237340122546171,3.20076569095469,2.39782589839588,0.868737123169661,-0.0657973306108576,6.88927213062886,8.24704376667725,0.665711526177399,0.23297928783988,0.168737351698034,0.012447451733824,0.902710992903556,2.66108703539944,0.604816365245383,0.263127972023575,0.541626595742134,0.225677748225889,0.190269879034969,0.42254141484062,-0.0019479401868907,4.64925926357835e-05,1.01192015288359,1.001151462676,1.01075630472417,0.529701629361712,0.0536997518889894,0.416598618749299,1.04329707386938,1.03947881783388,0.74914133989006,0.271415407139816,-0.0205567470298759,-0.000305311210281858,0.965571111871347,0.0197963100292335,1.01177400869909,-0.000722432710357505,0.67,0.1,1.015,0.5,0.6,0.25,0.4,0.005,0.975,0.8,0.1,1.14180574821751,0.797697026814474,0.456722299287003,0.231797192649156,0.318551694661316,0.559241623362374,-1.22528183643896,1.64004993569018,5.75572215192305
127,-0.00385688956163629,0.788123842235536,0.101377155940665,-0.00472651531962376,-0.00472452833354609,-0.00264159902577665,0.0338514215588799,0.0204834973732702,0.0187198794388762,4.44510327312292,4.93075722837142,0.479850474387802,2.43298729102726,0.236339599201429,3.19383459328135,2.4030409100701,0.856415876424833,-0.0656221932135791,6.89100654309522,8.20668795817466,0.662978762902146,0.233270367531399,0.168101671360214,0.0124108825264943,0.901479694348745,2.65486972884155,0.603991395213659,0.262579914452403,0.540887816609247,0.225369923587186,0.190408007629196,0.422417286204604,-0.0019229521694454,4.62092220995072e-05,1.01203024587887,1.00112382599056,1.01089417672936,0.529240260240788,0.0536528723925085,0.417106867366704,1.04327875756053,1.03945952780071,0.752399925508114,0.268146596641663,-0.0205465221497776,-0.000299274331051474,0.965571111871347,0.0197963100292335,1.01188659827599,-0.000722432710357505,0.67,0.1,1.015,0.5,0.6,0.25,0.4,0.005,0.975,0.8,0.1,1.14124234414604,0.798157883930481,0.456496937658418,0.231318137744797,0.317628275830212,0.559258036205663,-1.223088164479,1.61819865335867,5.76121156968974
128,-0.00388352140258222,0.789720704450015,0.101376997381837,-0.00472612547130424,-0.004724568811867,-0.00270798506716585,0.0338844615050916,0.0205061803565913,0.0187413476373883,4.44148929208036,4.91309455862997,0.478030955644812,2.42333528177072,0.235368294615256,3.18708289612741,2.4081766689221,0.844358322489426,-0.0654520952841158,6.89268031867463,8.16737555851492,0.660322488293376,0.233554760985873,0.16748167634335,0.012375333317424,0.900282403828771,2.64881171516371,0.603189210565276,0.262047385245952,0.540169442297262,0.225070600957193,0.190540403313703,0.422294929846729,-0.00189826133356253,4.58994292223649e-05,1.01213834469849,1.0010970609904,1.01102918402054,0.528793408733631,0.0536074880127217,0.417599103253647,1.04326084173706,1.03944066391538,0.755605281509391,0.26493139651792,-0.0205366780273105,-0.000293252450244416,0.965571111871347,0.0197963100292335,1.0119971777756,-0.000722432710357505,0.67,0.1,1.015,0.5,0.6,0.25,0.4,0.005,0.975,0.8,0.1,1.14068972986976,0.798600971328392,0.456275891947905,0.230850834019441,0.316724213231856,0.559279843194523,-1.22095061176124,1.59676408318235,5.76671896601124
129,-0.0039093145478394,0.791269933003427,0.101376873162732,-0.0047258200529392,-0.00472460052363277,-0.00277212661901149,0.033916819484572,0.020528397542821,0.0187623753947956,4.4378987186207,4.89591305880393,0.476261344391463,2.41396583663915,0.234425337823045,3.18050675573508,2.41323438518814,0.832559249514261,-0.0652868789673191,6.89429845653976,8.12908030962628,0.657740578910305,0.233832676271847,0.166876992333727,0.0123407756631172,0.899118249561916,2.64290968830401,0.602409227206483,0.261529933099141,0.539470949737149,0.224779562390479,0.190667323540928,0.422174399541701,-0.00187388230607443,4.55661895943519e-05,1.01224444580209,1.00107113887942,1.01116135156506,0.528360598893594,0.0535635454182208,0.418075855688185,1.04324332043015,1.03942221949574,0.758757823996636,0.261769369932317,-0.020527193928953,-0.000287256385990591,0.965571111871347,0.0197963100292335,1.0121057412027,-0.000722432710357505,0.67,0.1,1.015,0.5,0.6,0.25,0.4,0.005,0.975,0.8,0.1,1.14014789987737,0.799027028937716,0.45605915995095,0.230395048848264,0.315839206563044,0.559306817388297,-1.21886776645503,1.57574060453726,5.77224049739915
130,-0.00393429664185022,0.792772944163109,0.101376775846253,-0.00472558077959118,-0.00472462536745366,-0.00283410743844326,0.0339485029650565,0.0205501539770618,0.0187829674806671,4.43433500541002,4.87920017610137,0.474540293460965,2.40487064677691,0.233509884874204,3.17410232484775,2.41821519626586,0.821013521737922,-0.0651263931560289,6.89586549921786,8.09177646648823,0.655230967134508,0.23410431038567,0.166287252398315,0.0123071819553682,0.897986374152896,2.63716032783523,0.60165087068244,0.261027119436709,0.538791824491738,0.224496593538224,0.190789012843687,0.422055740156147,-0.00184982747921684,4.52122832764652e-05,1.01234854950053,1.00104603187494,1.01129070718598,0.527941370967791,0.0535209940245651,0.418537635007644,1.04322618754242,1.03940418775427,0.76185798338491,0.258660067544388,-0.0205180509292977,-0.00028129584466685,0.965571111871347,0.0197963100292335,1.01221228668565,-0.000722432710357505,0.67,0.1,1.015,0.5,0.6,0.25,0.4,0.005,0.975,0.8,0.1,1.13961682824653,0.799436762045111,0.455846731298613,0.22995054893262,0.314972952571394,0.559338732779419,-1.21683825838767,1.55512253232378,5.77777240085397
131,-0.00395849435637212,0.794231113079929,0.101376699605987,-0.0047253933262148,-0.00472464483074952,-0.00289400770158255,0.0339795198645554,0.0205714550081943,0.0188031289497628,4.43080124918671,4.8629435906194,0.472866489032803,2.39604162638833,0.232621117563937,3.16786576306496,2.42312017439631,0.809716081642576,-0.0649704929739239,6.89738557006882,8.05543880753102,0.652791638994017,0.234369850022662,0.165712097051463,0.0122745253712007,0.896885935288301,2.63156030908039,0.600913576643162,0.260538518223132,0.538131561172981,0.224221483822075,0.190905703536856,0.421938988472408,-0.00182610718840635,4.4840291402273e-05,1.01245065960718,1.00102171317185,1.0114172812487,0.527535280930861,0.0534797857064881,0.418984933362651,1.04320943687031,1.03938656181949,0.764906203617637,0.255603028096482,-0.0205092317141189,-0.000275379493633757,0.965571111871347,0.0197963100292335,1.01231681611058,-0.000722432710357505,0.67,0.1,1.015,0.5,0.6,0.25,0.4,0.005,0.975,0.8,0.1,1.13909647063381,0.79983084302509,0.455638588253526,0.229517100883065,0.314125145827319,0.559375364984317,-1.21486075749256,1.53490413041909,5.78331100106405
132,-0.00398193342566762,0.79564577476832,0.101376639877375,-0.00472524647010442,-0.00472466007880257,-0.0029519041774031,0.0340098784976997,0.0205923062531943,0.0188228651086076,4.42730021847154,4.84713122312431,0.471238649564575,2.38747091021391,0.231758242355521,3.16179324603947,2.42795033368863,0.798661951659219,-0.0648190393083721,6.89886240807132,8.02004264201187,0.650420632444768,0.2346294722956,0.165151174288719,0.0122427798330447,0.895816106293657,2.62610631215132,0.60019679121675,0.260063715739316,0.537489663776194,0.223954026573414,0.191017616384444,0.421824173942473,-0.00180272988803745,4.44525976708676e-05,1.0125507831109,1.0009981569072,1.01154110636866,0.52714190000057,0.0534398745606331,0.419418225438797,1.04319306212467,1.03936933475565,0.767902941386166,0.252597779016588,-0.020500720402754,-0.000269515034107596,0.965571111871347,0.0197963100292335,1.0124193347766,-0.000722432710357505,0.67,0.1,1.015,0.5,0.6,0.25,0.4,0.005,0.975,0.8,0.1,1.1385867661366,0.800209913008276,0.455434706454639,0.22909447175356,0.313295479430757,0.55941649185638,-1.21293397189449,1.51507962402221,5.7888527165182
133,-0.00400463868093996,0.79701822511,0.101376593084421,-0.00472513141904285,-0.00472467202452498,-0.0030078703933677,0.0340395875259511,0.0206127135639811,0.0188421814844291,4.42383437935677,4.83175124106287,0.469655524941985,2.37915085054266,0.230920489446753,3.15588097360939,2.43270663653257,0.787846235468986,-0.0646718983921669,6.90029940006043,7.98556381474333,0.648116035973076,0.234883345403363,0.164604139592666,0.0122119199765062,0.894776076570242,2.62079502998919,0.599499971302062,0.259602310334506,0.536865645942145,0.223694019142561,0.191124961232266,0.421711319378209,-0.00177970232195161,4.40513934844584e-05,1.01264892987042,1.00097533812566,1.01166221713976,0.526760814144609,0.0534012167083565,0.419837969147035,1.04317705694966,1.03935249958084,0.770848665357069,0.249643837032272,-0.0204925023893409,-0.000263709272844759,0.965571111871347,0.0197963100292335,1.01251985107229,-0.000722432710357505,0.67,0.1,1.015,0.5,0.6,0.25,0.4,0.005,0.975,0.8,0.1,1.13808763902754,0.800574583481524,0.455235055611016,0.228682429525904,0.312483645656069,0.559461894026795,-1.2110566458694,1.4956432109483,5.79439406463161
134,-0.00402663408386592,0.798349721869322,0.101376556425599,-0.00472504128494333,-0.00472468138311577,-0.00306197679290554,0.0340686559115048,0.02063268299669,0.0188610837963585,4.42040591947511,4.8167920630157,0.468115895780858,2.37107401384112,0.23010711194541,3.15012517695431,2.43738999944233,0.777264118943219,-0.0645289414312333,6.90169961056317,7.95197870850712,0.645875987418772,0.235131629252579,0.164070655914928,0.0121819211237362,0.893765051927188,2.61562317548443,0.598822584791216,0.259153912160233,0.536259031156313,0.223441262981797,0.191227937606854,0.42160044158336,-0.0017570296864337,4.36386854681875e-05,1.01274511232962,1.00095323274571,1.01178064988267,0.526391623585656,0.0533637701303939,0.42024460628395,1.04316141494014,1.03933604928348,0.773743855410503,0.246740708791362,-0.0204845642018651,-0.000257968191553446,0.965571111871347,0.0197963100292335,1.01261837617339,-0.000722432710357505,0.67,0.1,1.015,0.5,0.6,0.25,0.4,0.005,0.975,0.8,0.1,1.13759900036436,0.800925437816651,0.455039600145744,0.228280743545101,0.311689336538672,0.559511355378839,-1.20922755782729,1.47658907193218,5.79993166597703
135,-0.00404794275912661,0.799641485711031,0.101376527706119,-0.00472497067147726,-0.0047246887148803,-0.00311429088489978,0.0340970928747027,0.0206522207832511,0.0188795779287852,4.4170167702514,4.80224236178011,0.466618572832083,2.36323317706801,0.229317385127159,3.14452212485976,2.44200129837276,0.766910870761417,-0.0643900442744197,6.90306580937767,7.91926424444877,0.643698672945726,0.235374476035075,0.163550393637869,0.0121527592609045,0.89278225482228,2.61058748775074,0.598164110730928,0.258718142891686,0.535669352893368,0.22319556370557,0.191326735281559,0.421491551932287,-0.00173471578434856,4.32163045664576e-05,1.0128393452529,1.00093181752708,1.01189644241228,0.526033942309922,0.053327494526941,0.420638563163137,1.04314612965752,1.03931997683739,0.776589001892193,0.243887891485459,-0.0204768933776513,-0.000252297013390755,0.965571111871347,0.0197963100292335,1.01271492376119,-0.000722432710357505,0.67,0.1,1.015,0.5,0.6,0.25,0.4,0.005,0.975,0.8,0.1,1.13712074947914,0.801263032726428,0.454848299791658,0.227889184907513,0.310912244407054,0.559564663460943,-1.20744551840683,1.45791138000289,5.8054622477057
136,-0.00406858702587375,0.800894701213342,0.101376505206528,-0.00472491535100694,-0.0047246944587761,-0.00316487738542537,0.0341249078547705,0.0206713333051538,0.0188976699067535,4.41366862753934,4.7880910662497,0.465162396453382,2.35562132373434,0.228550605755896,3.13906812916876,2.44654137354686,0.756781842742978,-0.0642550871210815,6.9044004970391,7.8873978807155,0.641582326106858,0.235612030763879,0.16304303051904,0.0121244110186618,0.891826924523098,2.60568473762445,0.597524039430476,0.258294635440722,0.535096154713859,0.222956731130775,0.191421534810984,0.421384656899916,-0.00171276316955415,4.27859161520517e-05,1.01293164547992,1.000911070039,1.01200963382336,0.525687397583034,0.0532923511980828,0.421020251218883,1.0431311946442,1.03930427521554,0.779384604881039,0.241084873472747,-0.0204694783537864,-0.00024670026613073,0.965571111871347,0.0197963100292335,1.0128095097609,-0.000722432710357505,0.67,0.1,1.015,0.5,0.6,0.25,0.4,0.005,0.975,0.8,0.1,1.13665277535229,0.801587899647826,0.454661110140914,0.227507526804296,0.310152062363805,0.559621609843625,-1.20570936872819,1.43960430899134,5.81098264623602
137,-0.00408858842809756,0.80211051787098,0.10137648757976,-0.00472487201148231,-0.00472469895869432,-0.00321379835202484,0.0341521104736831,0.0206900270692722,0.0189153658732857,4.41036297074464,4.77432736223992,0.463746236121787,2.34823163976055,0.227806091451596,3.13375954949464,2.45101103383113,0.746872469925614,-0.0641239542621132,6.90570592831113,7.85635760957094,0.639525226966031,0.235844431770403,0.162548251620962,0.0120968536547609,0.890898317198611,2.60091173245673,0.59690187252307,0.257883033663977,0.534538990319167,0.222724579299653,0.191512508035055,0.421279758546972,-0.0016911732812593,4.23490305820246e-05,1.01302203169854,1.00089096862976,1.01212026429351,0.525351629476032,0.0532583029405839,0.421390067583384,1.04311660343675,1.03928893740249,0.782131173473852,0.23833113489708,-0.0204623083709321,-0.000241181841726874,0.965571111871347,0.0197963100292335,1.01290215209929,-0.000722432710357505,0.67,0.1,1.015,0.5,0.6,0.25,0.4,0.005,0.975,0.8,0.1,1.13619495787688,0.801900546053586,0.454477983150751,0.227135544823056,0.309408484719239,0.559681990425022,-1.20401797882391,1.4216620412323,5.81648980928136
138,-0.00410796776388322,0.803290051084153,0.101376473770489,-0.00472483805815183,-0.00472470248404799,-0.00326111331084233,0.0341787105029739,0.0207083086856304,0.018932672068518,4.40710108053208,4.76094069239236,0.462368989968106,2.34105750917519,0.227083180094518,3.12859279726359,2.45541106069331,0.737178270420545,-0.0639965338502585,6.90698413383667,7.82612195319425,0.63752570125059,0.236071811165367,0.162065749228523,0.0120700650382248,0.889995705950086,2.5962653202618,0.596297122986558,0.257482992068695,0.533997423570052,0.222498926487522,0.191599818554082,0.421176854964195,-0.00166994656825504,4.19070139121146e-05,1.01311052423527,1.0008714923973,1.01222837490222,0.525026290403417,0.0532253139578992,0.421748395638684,1.0431023495779,1.03927395640565,0.784829225088325,0.235626148300705,-0.0204553733890304,-0.000235745052156231,0.965571111871347,0.0197963100292335,1.01299287048056,-0.000722432710357505,0.67,0.1,1.015,0.5,0.6,0.25,0.4,0.005,0.975,0.8,0.1,1.13574716901963,0.80220145669386,0.454298867607851,0.226773017210797,0.308681207381055,0.559745605689539,-1.20237024624935,1.40407877452026,5.82198079728294
139,-0.00412674511355863,0.804434383130478,0.101376462951945,-0.00472481145821635,-0.00472470524590218,-0.00330687937694596,0.0342047178332969,0.0207261848469859,0.0189495948105365,4.40388405521105,4.74792075527665,0.461029584320394,2.33409250969386,0.226381229257574,3.12356433915067,2.45974221177455,0.727694845071961,-0.0638727176958336,6.90823694007521,7.79666995834863,0.63558211951675,0.236294295265866,0.161595222755936,0.0120440236346152,0.889118380789082,2.5917423932804,0.595709315128685,0.257094175518445,0.533471028473449,0.222279595197271,0.191683622176249,0.42107594067891,-0.00164908260317934,4.14610985152884e-05,1.01319714486198,1.00085262116087,1.01233400746534,0.524711044674552,0.053193349780926,0.422095605544522,1.04308842662726,1.03925932526544,0.787479284785076,0.232969379228421,-0.020448664013497,-0.000230392681565806,0.965571111871347,0.0197963100292335,1.01308168617957,-0.000722432710357505,0.67,0.1,1.015,0.5,0.6,0.25,0.4,0.005,0.975,0.8,0.1,1.13530927388458,0.802491094770226,0.454123709553832,0.226419725101312,0.307969928203367,0.559812260923769,-1.20076509486411,1.38684872837641,5.82745278430789
140,-0.00414493986674788,0.805544564117695,0.101376454476414,-0.0047247906191259,-0.00472470740961106,-0.00335115136818276,0.0342301424465655,0.0207436623101138,0.0189661404778052,4.40071282588969,4.73525750379595,0.459726973247655,2.32733040821154,0.225699615660875,3.11867069996787,2.46400522410646,0.718417876945772,-0.0637524010843658,6.90946598764811,7.76798119008381,0.633692896316241,0.236512004990898,0.161136378644981,0.0120187084920771,0.888265648569364,2.58733989101341,0.595137984541474,0.256716258940417,0.532959389141618,0.222066412142341,0.191764067338938,0.420977007027038,-0.00162858018716393,4.10123933968255e-05,1.01328191661797,1.00083433543392,1.01243720438374,0.524405568059267,0.0531623771975384,0.422432054743195,1.04307482817118,1.03924503706448,0.790081884609313,0.230360286821298,-0.0204421714306105,-0.000225127034747589,0.965571111871347,0.0197963100292335,1.01316862185142,-0.000722432710357505,0.67,0.1,1.015,0.5,0.6,0.25,0.4,0.005,0.975,0.8,0.1,1.13488113168587,0.802769903044699,0.453952452674349,0.226075452710072,0.307274347298254,0.559881766393601,-1.19920147376927,1.36996614968165,5.83290305846791
141,-0.00416257074835282,0.806621612915647,0.101376447836462,-0.00472477429323404,-0.00472470910471723,-0.00339398191290263,0.0342549943904924,0.0207607478786818,0.0189823154930801,4.397588170483,4.72294114299015,0.458460138098109,2.32076515623752,0.225037734644126,3.11390846505838,2.468200817001,0.709343130670425,-0.0636354826130404,6.9106727482062,7.74003572461871,0.631856489357123,0.236725056227515,0.160688930256018,0.0119940992279278,0.887436832878772,2.58305480277639,0.594582678028778,0.256348927035549,0.532462099727263,0.221859208219693,0.191841295505311,0.420880042493366,-0.00160843744526882,4.05618941332416e-05,1.01336486364649,1.00081661639791,1.01253800850524,0.5241095473681,0.0531323641893537,0.422758088442546,1.04306154783149,1.03923108493575,0.792637562952487,0.227798324398443,-0.0204358873509298,-0.000219949982062669,0.965571111871347,0.0197963100292335,1.01325370135628,-0.000722432710357505,0.67,0.1,1.015,0.5,0.6,0.25,0.4,0.005,0.975,0.8,0.1,1.1344625966357,0.803038304886608,0.453785038654281,0.225739987499579,0.306594167312813,0.559953937486133,-1.19767835638285,1.353425317727,5.83832902190926
142,-0.00417965584349139,0.807666518066478,0.101376442634549,-0.00472476150310119,-0.00472471043270772,-0.00343542155188448,0.0342792837553647,0.0207774483876039,0.0189981263087091,4.39451072665615,4.71096212732177,0.457228087028769,2.31439088529753,0.224394999653798,3.10927428224669,2.47232969463955,0.700466451650377,-0.0635218640432354,6.91185853992782,7.71281414153481,0.630071398654961,0.236933560169655,0.160252597753066,0.0119701760156294,0.886631273896401,2.5788841698221,0.594042953510588,0.255991873992644,0.53197876433784,0.2216578184741,0.19191544153753,0.420785033022663,-0.00158865191325213,4.01104922801459e-05,1.01344601104461,1.00079944587729,1.01263646299907,0.523822680047381,0.0531032798744991,0.423074040078119,1.04304857927342,1.03921746206997,0.795146863934145,0.225282940025554,-0.0204298039596994,-0.000214863000974199,0.965571111871347,0.0197963100292335,1.01333694959866,-0.000722432710357505,0.67,0.1,1.015,0.5,0.6,0.25,0.4,0.005,0.975,0.8,0.1,1.13405351875344,0.803296705260265,0.453621407501375,0.225413120317972,0.305929093674544,0.56002859481973,-1.19619473963489,1.33722054873038,5.84372819042038
143,-0.0041962126214248,0.808680238672426,0.101376438559235,-0.00472475148297524,-0.00472471147309017,-0.00347551883478991,0.0343030206528989,0.0207937706887734,0.0190135793932231,4.39148100377895,4.69931115751906,0.456029854524644,2.30820190232479,0.223770841742932,3.10476486338981,2.47639254838573,0.691783765170868,-0.0634114501667892,6.91302454174833,7.68629751539558,0.62833616567282,0.237137623631599,0.159827107984116,0.0119469195720327,0.885848328219804,2.5748250870741,0.593518379907268,0.255644803207128,0.531508996931882,0.221462082054951,0.191986634047953,0.420691962304016,-0.00156922061616877,3.96589842931784e-05,1.01352538472566,1.00078280631547,1.0127326112417,0.52354467378913,0.0530750944553983,0.423380231755471,1.04303591621266,1.03920416172211,0.797610336804051,0.222813577069271,-0.0204239138733217,-0.000209867214315933,0.965571111871347,0.0197963100292335,1.01341839238006,-0.000722432710357505,0.67,0.1,1.015,0.5,0.6,0.25,0.4,0.005,0.975,0.8,0.1,1.1336537446016,0.803545491656475,0.453461497840638,0.225094645513488,0.305278834807687,0.560105564325357,-1.19474964326398,1.32134619986507,5.84909819269976
144,-0.00421225795850867,0.809663705260838,0.101376435366526,-0.00472474363294562,-0.00472471228815308,-0.00351432041145294,0.0343262151970235,0.0208097216380767,0.0190286812191246,4.38849939396334,4.68797917704382,0.454864500907171,2.3021926850585,0.223164709082132,3.10037698557146,2.48039005884468,0.683291075410759,-0.0633041486839793,6.91417180641625,7.66046740689477,0.626649372450142,0.237337349337832,0.159412194357653,0.0119243111448194,0.885087368666449,2.57087470451096,0.593008537006521,0.255307427005198,0.531052421199869,0.221271842166612,0.192054995729603,0.420600812030558,-0.00155014013936808,3.92080798767025e-05,1.01360301129332,1.0007666807517,1.01282649671348,0.523275246155591,0.0530477791707955,0.423676974673613,1.04302355242164,1.03919117721717,0.800028535364545,0.220389674736544,-0.0204182101010889,-0.000204963425542333,0.965571111871347,0.0197963100292335,1.01349805626406,-0.000722432710357505,0.67,0.1,1.015,0.5,0.6,0.25,0.4,0.005,0.975,0.8,0.1,1.13326311795417,0.803785034970862,0.453305247181668,0.224784361027201,0.304643102322966,0.560184677302014,-1.19334210919861,1.3057966728424,5.85443676932289
145,-0.00422780816020433,0.810617820626305,0.101376432865275,-0.00472473748302638,-0.00472471292669474,-0.00355187111830513,0.0343488774864511,0.0208253080835958,0.0190434382517923,4.38556618225068,4.67695736824326,0.453731111832262,2.29635787746551,0.22257606648077,3.09610749197692,2.4843228976899,0.67498446437851,-0.0631998700914924,6.91530127246448,7.63530585362455,0.625009640721636,0.237532836191048,0.159007596716287,0.0119023325000963,0.884347784053155,2.5670302282375,0.592513015315614,0.254979466373747,0.530608670431893,0.221086946013289,0.192120643667145,0.4205115621366,-0.00153140669246925,3.87584097448683e-05,1.01367891792647,1.00075105279899,1.01291816290507,0.523014124218132,0.0530213062513903,0.423964569530478,1.04301148173515,1.03917850195533,0.802402017413038,0.218010668598435,-0.0204126860114724,-0.000200152151056421,0.965571111871347,0.0197963100292335,1.01357596845307,-0.000722432710357505,0.67,0.1,1.015,0.5,0.6,0.25,0.4,0.005,0.975,0.8,0.1,1.13288148040242,0.804015690331946,0.453152592160969,0.224482068466283,0.304021611183048,0.560265770448943,-1.19197120100818,1.2905664170878,5.85974177144374
146,-0.00424287898218707,0.811543460649952,0.10137643090573,-0.00472473266501849,-0.00472471342694492,-0.00358821406021892,0.0343710175889066,0.0208405368549122,0.019057856939416,4.38268155601169,4.66623714823917,0.452628797778955,2.29069228519897,0.222004394917845,3.09195329248332,2.48819172927747,0.666860090784777,-0.0630985275789312,6.91641377517947,7.61079536054408,0.623415631027986,0.237724179519853,0.158613061208259,0.0118809659101167,0.883628978956839,2.56328892127604,0.592031415901082,0.254660650696429,0.530177387374103,0.22090724473921,0.192183689629542,0.420424191013987,-0.00151301616682514,3.83105328585751e-05,1.01375313227415,1.0007359066229,1.01300765323308,0.522761044210142,0.0529956488785767,0.424243306911281,1.04299969805526,1.0391661294164,0.804731344204448,0.215675991097908,-0.0204073353023561,-0.000195433649887242,0.965571111871347,0.0197963100292335,1.01365215667581,-0.000722432710357505,0.67,0.1,1.015,0.5,0.6,0.25,0.4,0.005,0.975,0.8,0.1,1.13250867190305,0.804237797881861,0.453003468761222,0.224187573159795,0.303414079845817,0.56034868587701,-1.19063600341043,1.27564993254683,5.8650111592634
147,-0.00425748565058839,0.812441475096091,0.101376429370571,-0.00472472889046471,-0.00472471381885409,-0.00362339068803763,0.0343926455268866,0.0208554147534327,0.0190719437038897,4.3798456136174,4.65581016460152,0.451556693529989,2.28519087110536,0.221449191082126,3.08791136399677,2.49199721206574,0.658914188863659,-0.0630000369326324,6.91751005664528,7.58691889021953,0.621866041820597,0.237911471307671,0.158228340157486,0.0118601941411135,0.88293037345954,2.55964810410806,0.591563350217892,0.254350717496122,0.529758224075724,0.220732593364885,0.192244240345524,0.420338675709395,-0.00149496418701418,3.78649431044643e-05,1.01382568235975,1.00072122692116,1.01309501096415,0.522515751193517,0.0529707811458802,0.424513467660603,1.04298819535566,1.03915405316376,0.807017079933369,0.21338507204132,-0.0204021519746893,-0.000190807950842292,0.965571111871347,0.0197963100292335,1.0137266490848,-0.000722432710357505,0.67,0.1,1.015,0.5,0.6,0.25,0.4,0.005,0.975,0.8,0.1,1.13214453127328,0.804451683512446,0.452857812509313,0.223900684198914,0.302820230387438,0.560433271101495,-1.18933562182389,1.2610417721544,5.8702430002953
148,-0.00427164288140867,0.813312688386512,0.101376428167887,-0.00472472593338047,-0.00472471412588593,-0.00365744087204489,0.0344137712648352,0.0208699485436583,0.0190857049325894,4.37705837243558,4.64566829084829,0.450513957645844,2.27984875078987,0.220909966921443,3.08397875056499,2.49573999985747,0.651143067153296,-0.0629043164457709,6.91859077493435,7.56365985289848,0.620359608562761,0.238094800404221,0.15785319193276,0.0118400004412447,0.882251402880359,2.55610515499365,0.591108439929841,0.254049412183934,0.529350841728216,0.22056285072009,0.192302397762918,0.420254992104104,-0.00147724615687054,3.74220754428292e-05,1.01389659649381,1.00070699890418,1.01318027914672,0.522277998738282,0.052946678022759,0.424775323238959,1.04297696768549,1.03914226684771,0.809259791235669,0.211137339073431,-0.0203971303091004,-0.000186274877333181,0.965571111871347,0.0197963100292335,1.01379947416305,-0.000722432710357505,0.67,0.1,1.015,0.5,0.6,0.25,0.4,0.005,0.975,0.8,0.1,1.13178889663712,0.804657659559382,0.452715558654846,0.223621214463263,0.302239788607028,0.560519379018351,-1.1880691819557,1.24673654399827,5.87543546745411
149,-0.00428536489913581,0.814157900352773,0.101376427225672,-0.00472472361672316,-0.00472471436642274,-0.00369040297161405,0.0344344046976258,0.020884144945327,0.0190991469709698,4.37431977620321,4.63580362180869,0.449499771933885,2.27466118824818,0.220386249201062,3.08015256329144,2.49942074288004,0.643543107245297,-0.0628112868338952,6.91965651251128,7.54100209647367,0.618895102829704,0.238274252720875,0.157487380816591,0.0118203685286525,0.881591517496672,2.55265751009395,0.59066631672277,0.253756487814866,0.528954910498003,0.220397879374168,0.192358259292847,0.420173115077689,-0.00145985730051412,3.69823115707199e-05,1.01396590319483,1.00069320827637,1.01326350055011,0.52204754861489,0.0529233153204982,0.425029136064611,1.0429660091726,1.03913076420838,0.811460046709234,0.208932218135848,-0.0203922648450813,-0.000181834070051289,0.965571111871347,0.0197963100292335,1.01387066063931,-0.000722432710357505,0.67,0.1,1.015,0.5,0.6,0.25,0.4,0.005,0.975,0.8,0.1,1.13144160582679,0.804856025456883,0.452576642330716,0.223348980634898,0.301672484114599,0.560606867865769,-1.18683582941689,1.23272891320486,5.88058683699296
150,-0.00429866545460473,0.814977886966915,0.101376426487517,-0.00472472180179317,-0.00472471455486556,-0.00372231390126077,0.0344545556402492,0.0208980106263619,0.0191122761159175,4.37162970182204,4.62620846888248,0.448513340914275,2.2696235915717,0.219877579071191,3.07642998007443,2.50304008871826,0.636110762511357,-0.0627208711551806,6.92070778391165,7.51892989638467,0.617471331409931,0.238449911411086,0.157130676874167,0.0118012825796447,0.880950182256698,2.54930266341923,0.590236622111988,0.253471704850151,0.528570109354019,0.220237545564175,0.192411918039727,0.420093018656953,-0.00144279269882071,3.65459851198061e-05,1.01403363111729,1.00067984121812,1.01334471761009,0.521824170498719,0.052900669659973,0.425275159841308,1.04295531402641,1.03911953907819,0.813618416453508,0.206769133908898,-0.0203875503624051,-0.000177485007644066,0.965571111871347,0.0197963100292335,1.01394023741119,-0.000722432710357505,0.67,0.1,1.015,0.5,0.6,0.25,0.4,0.005,0.975,0.8,0.1,1.13110249674308,0.805047068355344,0.452440998697233,0.223083803201343,0.301118050403824,0.560695601172812,-1.18563472935841,1.21901360357343,5.88569548631118
151,-0.00431155784213111,0.815773401051056,0.101376425909227,-0.00472472037992944,-0.00472471470249658,-0.00375320919331135,0.0344742338186107,0.0209115521965635,0.019125098609801,4.36898796562106,4.61687535522467,0.447553891284285,2.26473150873179,0.219383511643673,3.07280824519269,2.50659868311307,0.62884255681443,-0.06263299473481,6.92174504275315,7.49742794549983,0.616087135410157,0.238621857036996,0.156782855822808,0.0117827272170084,0.880326876485305,2.54603816662329,0.589819007245154,0.25319483092634,0.528196125891183,0.220081719121326,0.192463463017975,0.420014676151293,-0.0014260473217849,3.61133863756474e-05,1.01409980898656,1.00066688436866,1.01342397238056,0.521607641686273,0.0528787184410952,0.425513639872632,1.04294487654032,1.03910858538391,0.81573547162748,0.204647510237007,-0.0203829818644874,-0.000173227025548277,0.965571111871347,0.0197963100292335,1.01400823347553,-0.000722432710357505,0.67,0.1,1.015,0.5,0.6,0.25,0.4,0.005,0.975,0.8,0.1,1.13077140767793,0.80523106370423,0.452308563071173,0.222825506448949,0.300576224911034,0.560785447696628,-1.1844650661226,1.20558539898205,5.89075989165321
152,-0.00432405491595188,0.816545172966346,0.10137642545618,-0.00472471926600415,-0.00472471481815462,-0.00378312305738471,0.0344934488613519,0.0209247762019872,0.0191376206351661,4.36639432912604,4.60779701088056,0.446620671382538,2.25998062344765,0.218903615577943,3.0692846687566,2.5100971706387,0.621735083210893,-0.0625475850929933,6.9227686881318,7.47648134401527,0.614741389365955,0.238790167723291,0.156443698902259,0.0117646874984675,0.879721093584691,2.54286162866288,0.589413132701743,0.252925640630982,0.527832656150815,0.219930273396173,0.192512979356232,0.419938060275649,-0.00140961605709137,3.56847666552418e-05,1.01416446554,1.00065432480947,1.01350130649074,0.52139774682265,0.0528574398137864,0.425744813363564,1.0429346910937,1.03909789714834,0.817811784025744,0.202566770537698,-0.0203785545634422,-0.000169059333136477,0.965571111871347,0.0197963100292335,1.01407467786552,-0.000722432710357505,0.67,0.1,1.015,0.5,0.6,0.25,0.4,0.005,0.975,0.8,0.1,1.13044817760255,0.805408275802328,0.452179271041022,0.222573918447693,0.300046749061753,0.560876281349731,-1.18332604290606,1.1924391445872,5.89577862571684
153,-0.00433616910600332,0.817293911281771,0.10137642510125,-0.00472471839332589,-0.00472471490876414,-0.00381208843687331,0.0345122102926114,0.0209376891199537,0.0191498483100231,4.36384850437398,4.5989663678942,0.445712950654653,2.25536675114145,0.218437472676365,3.0658566260426,2.51353619526952,0.614785002649303,-0.0624645718762185,6.92377907045284,7.45607558940304,0.613433000360094,0.238954919299247,0.156112992746119,0.0117471489052953,0.879132340731433,2.53977071533907,0.58901866829006,0.252663915284986,0.52747940443886,0.219783085182858,0.192560548489905,0.419863143262034,-0.00139349373533064,3.52603422212061e-05,1.01422762947381,1.00064215004847,1.01357676110754,0.521194277639769,0.0528368126503482,0.425968909709884,1.04292475215363,1.03908746849165,0.819847925672239,0.200526338194381,-0.0203742638666204,-0.000164981029292814,0.965571111871347,0.0197963100292335,1.01413959959386,-0.000722432710357505,0.67,0.1,1.015,0.5,0.6,0.25,0.4,0.005,0.975,0.8,0.1,1.13013264642397,0.805578958317399,0.452053058569587,0.222328871028482,0.299529368305956,0.560967981118605,-1.18221688143043,1.17956974783637,5.90075035518772
154,-0.00434791243306652,0.818020303423346,0.101376424823189,-0.004724717709647,-0.00472471497975002,-0.00384013706259834,0.0345305275256515,0.0209502973546388,0.0191617876836809,4.36135015880699,4.5903765554094,0.444830019121627,2.25088583498367,0.217984677488999,3.06252155672645,2.51691640084722,0.607989042670629,-0.0623838867914005,6.92477649674133,7.43619656643624,0.612160907150319,0.239116185429867,0.155790529254638,0.0117300973310934,0.87856013857119,2.53676314873587,0.588635292842697,0.252409442731465,0.527136083142714,0.219640034642797,0.192606248342749,0.419789896960605,-0.00137767515213576,3.48402978934561e-05,1.01428932939514,1.00063034800477,1.01365037690253,0.520997032704932,0.0528168165191163,0.426186150775952,1.04291505427622,1.03907729363244,0.821844468431291,0.198525636933153,-0.0203701053644445,-0.000160991116564334,0.965571111871347,0.0197963100292335,1.01420302760176,-0.000722432710357505,0.67,0.1,1.015,0.5,0.6,0.25,0.4,0.005,0.975,0.8,0.1,1.12982465521271,0.805743354777135,0.451929862085085,0.222090199753857,0.299023832143149,0.561060430974847,-1.18113682161858,1.16697217931175,5.9056738382153
155,-0.00435929652330884,0.818725016304176,0.101376424605349,-0.004724717174035,-0.0047247150353622,-0.00386729950380182,0.0345484098572779,0.0209626072331994,0.0191734447330833,4.35889891977799,4.58202089478082,0.44397118685218,2.24653394203062,0.217544836927874,3.05927696402958,2.52023843145808,0.601343996114146,-0.0623054635426483,6.92576123547485,7.41683053731467,0.610924079308154,0.239274037736955,0.155476105469128,0.0117135190707479,0.878004020912229,2.53383670656979,0.588262694011194,0.252162017131008,0.526802412547337,0.219501005228057,0.192650153498181,0.419718292931147,-0.00136215508754966,3.44247903246952e-05,1.01434959377916,1.00061890699407,1.01372219402323,0.520805817179281,0.0527974316593026,0.426396751161417,1.04290559210768,1.03906736688847,0.823801983635541,0.196564091183845,-0.0203660748193853,-0.000157088513991801,0.965571111871347,0.0197963100292335,1.014264990713,-0.000722432710357505,0.67,0.1,1.015,0.5,0.6,0.25,0.4,0.005,0.975,0.8,0.1,1.12952404640421,0.805901699033181,0.451809618561685,0.221857743882966,0.298529894138275,0.561153519779928,-1.18008512127446,1.15464147342106,5.91054792184385
156,-0.00437033262224807,0.81940869693593,0.101376424434687,-0.00472471675442243,-0.00472471507893024,-0.00389360521662807,0.0345658664629883,0.0209746250023902,0.0191848253596064,4.35649437869767,4.57389289470975,0.443135783440139,2.24230725945585,0.217117569890803,3.05612041379139,2.52350293172923,0.594846719832575,-0.0622292377704212,6.92673352097682,7.39796413191148,0.609721516370094,0.239428545910887,0.155169523448136,0.011697400809573,0.877463534418791,2.53098922146303,0.58790056806059,0.251921438763275,0.526478120651275,0.219365883604698,0.192692335360969,0.419648302525765,-0.00134692832292058,3.40139509526687e-05,1.01440845093048,1.00060781571464,1.01379225206829,0.520620442585701,0.0527786389569428,0.426600918457356,1.04289636038514,1.03905768267725,0.825721041730357,0.194641126425583,-0.02036216815594,-0.000153272068730196,0.965571111871347,0.0197963100292335,1.01432551759285,-0.000722432710357505,0.67,0.1,1.015,0.5,0.6,0.25,0.4,0.005,0.975,0.8,0.1,1.12923066397612,0.806054215699925,0.451692265590446,0.221631346331532,0.298047311929348,0.561247141184531,-1.17906105576516,1.14257272895053,5.91537153941099
157,-0.00438103160816557,0.820071973022215,0.101376424300986,-0.00472471642568706,-0.00472471511306261,-0.00391908259023932,0.0345829063927891,0.0209863568256309,0.0191959353862813,4.35413609485064,4.56598624641792,0.442323157487876,2.23820209087611,0.216702506894758,3.05304953347878,2.52671054705212,0.588494133419539,-0.0621551469928808,6.92769355740667,7.37958433815817,0.608552247002402,0.2395797778138,0.154870590145551,0.0116817296126489,0.876938238305191,2.52821858015122,0.587548619664478,0.251687513834777,0.526162942983115,0.219234559576298,0.192732862309891,0.419579896963527,-0.00133198965555468,3.36078886984728e-05,1.01446592894873,1.00059706323379,1.01386059006621,0.520440726585796,0.0527604199218753,0.426798853492329,1.04288735393719,1.03904823551624,0.827602211934333,0.192756169517166,-0.0203583814514986,-0.000149540566581359,0.965571111871347,0.0197963100292335,1.01438463671137,-0.000722432710357505,0.67,0.1,1.015,0.5,0.6,0.25,0.4,0.005,0.975,0.8,0.1,1.12894435360377,0.806201120569603,0.451577741441508,0.221410853627522,0.297575847227667,0.561341193523393,-1.17806391770416,1.13076110949308,5.92014370792478
158,-0.0043914040049927,0.820715453534374,0.101376424196242,-0.00472471616814718,-0.00472471513980277,-0.00394375899069743,0.034599538567623,0.0209978087804877,0.0192067805554046,4.35182359890586,4.55829481887011,0.441532676096617,2.23421485277268,0.216299289718798,3.05006201114348,2.52986192374087,0.582283217951894,-0.0620831305492807,6.92864152237965,7.36167849258212,0.607415328180497,0.239727799574869,0.154579117290768,0.0116664929143634,0.876427704031449,2.52552272263598,0.587206561701071,0.251460054292688,0.52585662241887,0.219106926007862,0.192771799841942,0.419513047397727,-0.00131733391137358,3.32066923927168e-05,1.01452205569797,1.00058663897498,1.0139272464574,0.52026649276552,0.0527427566656883,0.426990750568792,1.04287856768423,1.03903902002299,0.829446061915446,0.190908649012547,-0.0203547109279937,-0.000145892741494034,0.965571111871347,0.0197963100292335,1.01444237631071,-0.000722432710357505,0.67,0.1,1.015,0.5,0.6,0.25,0.4,0.005,0.975,0.8,0.1,1.12866496279575,0.806342621005189,0.4514659851183,0.221196115863109,0.297115265811353,0.561435579706421,-1.17709301663538,1.11920184376418,5.92486352542965
159,-0.00440145999469422,0.821339729270193,0.101376424114182,-0.00472471596638369,-0.00472471516075168,-0.00396766080274014,0.0346157717763567,0.0210089868565333,0.0192173665265065,4.34955639614505,4.55081265405528,0.440763724364386,2.23034207100782,0.215907571056521,3.04715559433621,2.53295770913237,0.576211014749097,-0.0620131295452559,6.92957757024711,7.34423427100884,0.606309844383813,0.239872675678282,0.154294921271005,0.0116516785081619,0.875931515001142,2.52289964129131,0.586874115050765,0.251238877644583,0.525558909000685,0.218982878750285,0.192809210708592,0.419447724976404,-0.0013029559557822,3.28104329729998e-05,1.01457685877941,1.00057653270533,1.0139922590791,0.520097570429101,0.0527256318805761,0.427176797690323,1.04286999663862,1.039030030915,0.831253157482477,0.189097995461771,-0.0203511529442476,-0.00014232728414809,0.965571111871347,0.0197963100292335,1.01449876437612,-0.000722432710357505,0.67,0.1,1.015,0.5,0.6,0.25,0.4,0.005,0.975,0.8,0.1,1.12839234101127,0.806478916312459,0.451356936404506,0.22098698664348,0.296665337512931,0.561530207106836,-1.17614767871755,1.10789022581609,5.92953016836979
160,-0.00441120942917068,0.821945373396015,0.101376424049894,-0.00472471580831679,-0.00472471517716366,-0.00399081346956631,0.0346316146732795,0.0210198969535538,0.0192276988746449,4.34733396943087,4.5435339623344,0.440015704892238,2.22658037743616,0.215527014177978,3.04432808898612,2.53599855163466,0.570274624151361,-0.0619450867999022,6.9305018350654,7.32723967943888,0.605234906806826,0.24001446904448,0.154017823015858,0.0116372745365126,0.875449266262072,2.52034737993179,0.586551008395588,0.251023806783926,0.525269559757243,0.218862316565518,0.192845155044608,0.419383900896686,-0.00128885070291753,3.24191654883165e-05,1.01463036550743,1.00056673452368,1.01405566515305,0.519933794400895,0.0527090288190555,0.42735717678005,1.04286163590465,1.03902126300947,0.833024062291278,0.187323641697661,-0.0203477039889391,-0.000138842849709785,0.965571111871347,0.0197963100292335,1.01455382861033,-0.000722432710357505,0.67,0.1,1.015,0.5,0.6,0.25,0.4,0.005,0.975,0.8,0.1,1.12812633976111,0.806610198092491,0.451250535904445,0.220783323032988,0.296225836201565,0.561624987446997,-1.17522724640883,1.09682161516058,5.93414288895836
161,-0.00442066184170138,0.822532941972732,0.101376423999529,-0.00472471568448318,-0.00472471519002127,-0.00401324153074323,0.0346470757760696,0.0210305448800735,0.0192377830889989,4.34515578193473,4.53645311786178,0.439288037299291,2.22292650661047,0.21515729260098,3.04157735825277,2.53898510072927,0.564471204318053,-0.0618789467945452,6.9314144332793,7.31068304510705,0.604189652586814,0.240153241105201,0.153747647884165,0.0116232694810884,0.874980564210286,2.51786403285011,0.586236978020892,0.250814669821182,0.524988338526172,0.218745141052572,0.192879690489891,0.419321546453475,-0.00127501312350363,3.20329308564814e-05,1.01468260288845,1.00055723484909,1.01411750127567,0.519775004834827,0.0526929312744928,0.427532063890681,1.04285348067836,1.03901271122285,0.834759337565486,0.185585023108639,-0.0203443606741245,-0.000135438064778121,0.965571111871347,0.0197963100292335,1.01460759641102,-0.000722432710357505,0.67,0.1,1.015,0.5,0.6,0.25,0.4,0.005,0.975,0.8,0.1,1.12786681269367,0.806736650575812,0.451146725077467,0.220584985499088,0.29579653976055,0.561719836682489,-1.17433107815164,1.08599143680914,5.93870101255957
162,-0.00442982645794771,0.823102974466124,0.101376423960072,-0.00472471558746856,-0.00472471520009421,-0.0040349686583383,0.0346621634641849,0.0210409363521687,0.0192476245717349,4.34302127964303,4.52956465408554,0.43858015774704,2.21937729258084,0.214798089771709,3.03890132135741,2.54191800693308,0.558797970047452,-0.0618146556231182,6.93231546614417,7.29455300773044,0.603173244048802,0.24028905187281,0.153484225553216,0.0116096521531712,0.874525026297884,2.51544774383009,0.585931767619582,0.250611299920371,0.52471501577873,0.218631256574471,0.192912872304748,0.419260633082978,-0.00126143825140173,3.16517575124713e-05,1.01473359760239,1.00054802440976,1.01417780341029,0.5196210470311,0.0526773235624014,0.427701629406499,1.04284552624716,1.03900437057032,0.836459541831275,0.183881577897978,-0.0203411197292536,-0.000132111533668022,0.965571111871347,0.0197963100292335,1.01466009485108,-0.000722432710357505,0.67,0.1,1.015,0.5,0.6,0.25,0.4,0.005,0.975,0.8,0.1,1.12761361566733,0.806858450939314,0.451045446266932,0.220391837854451,0.295377230060563,0.56181467488503,-1.17345854805802,1.0753951812387,5.94320393508993
163,-0.00443871220653631,0.823655994242012,0.101376423929161,-0.00472471551146481,-0.00472471520798556,-0.00405601769137198,0.0346768859776427,0.021051076992547,0.0192572286371219,4.34092989365878,4.52286325933213,0.437891518473307,2.21592966578612,0.214449098754495,3.03629795239922,2.54479792172453,0.553252191618764,-0.0617521609440751,6.93320502190865,7.27883851094973,0.602184867968006,0.240421960004365,0.153227389910349,0.0115964116842785,0.874082280745007,2.51309670514126,0.585635128099155,0.250413535140949,0.524449368447004,0.218520570186252,0.192944753479023,0.419201132401513,-0.00124812118904879,3.12756628435596e-05,1.01478337598669,1.00053909423243,1.0142366068816,0.519471771259845,0.0526621905024699,0.427866038237686,1.04283776798942,1.03899623616506,0.838125230665747,0.182212747329884,-0.0203379779956311,-0.000128861844029643,0.965571111871347,0.0197963100292335,1.01471135066152,-0.000722432710357505,0.67,0.1,1.015,0.5,0.6,0.25,0.4,0.005,0.975,0.8,0.1,1.1273666068107,0.806975769606978,0.45094664272428,0.220203747197614,0.294967692929176,0.561909426124648,-1.1726090455956,1.06502840429037,5.94765112044451
164,-0.00444732772924022,0.824192509046656,0.101376423904944,-0.00472471545192155,-0.00472471521416795,-0.00407641066868258,0.0346912514161515,0.021060972329866,0.0192666005108749,4.33888104231452,4.5163437724785,0.43722158733612,2.21258065003654,0.214110021930665,3.0337652791619,2.54762549743865,0.547831193657029,-0.0616914119337751,6.93408317777857,7.26352879396729,0.601223734850024,0.240552022860838,0.152976978946954,0.0115835375170144,0.873651966256342,2.51080915652001,0.585346817391749,0.25022121828484,0.524191179753805,0.218412991564085,0.192975384835432,0.419143016240009,-0.00123505711190969,3.09046544808309e-05,1.01483196402237,1.00053043563211,1.01429394637177,0.51932703259143,0.0526475174012853,0.428025450007285,1.04283020137383,1.03898830321749,0.839756956458559,0.180577975962719,-0.0203349324212774,-0.000125687571871642,0.965571111871347,0.0197963100292335,1.01476139021661,-0.000722432710357505,0.67,0.1,1.015,0.5,0.6,0.25,0.4,0.005,0.975,0.8,0.1,1.12712564657164,0.807088770535388,0.450850258628657,0.22002058385248,0.294567718117046,0.562004018351582,-1.17178197527447,1.05488672700777,5.95204209795303
165,-0.00445568139077527,0.824713011472837,0.101376423885971,-0.00472471540527364,-0.0047247152190113,-0.00409616886028963,0.034705267738564,0.0210706277982737,0.0192757453297048,4.33687413311097,4.51000117871501,0.43656984736775,2.20932735958566,0.213780570706279,3.03130138191526,2.55040138713516,0.542532354021393,-0.0616323592412833,6.93495000168053,7.24861338338412,0.60028907822889,0.240679296561889,0.152732834654891,0.0115710193961455,0.8732337317424,2.50858338414184,0.585066600267408,0.250034196748461,0.52394023904544,0.2183084329356,0.193004815127483,0.419086256674567,-0.00122224127201886,3.05387314976309e-05,1.01487938732227,1.00052204020227,1.01434985591832,0.519186690733139,0.0526332900357174,0.428180019231144,1.04282282195879,1.03898056703439,0.841355268186411,0.17897671186974,-0.0203319800561507,-0.000122587286084192,0.965571111871347,0.0197963100292335,1.01481023952133,-0.000722432710357505,0.67,0.1,1.015,0.5,0.6,0.25,0.4,0.005,0.975,0.8,0.1,1.12689059775635,0.807197611484954,0.45075623910254,0.219842221306958,0.29417709926119,0.562098383278282,-1.17097675633537,1.04496583542095,5.95637645987021
166,-0.00446378128822844,0.825217979412056,0.101376423871108,-0.00472471536872865,-0.00472471522280582,-0.00411531279733468,0.0347189427626197,0.0210800487371462,0.0192846681410558,4.3349085644952,4.50383060540158,0.435935796339079,2.20616699629046,0.213460465228639,3.02890439221566,2.55312624444319,0.537353102717003,-0.0615749549445356,6.93580555384264,7.23408208523712,0.599380153983082,0.240803836036532,0.152494802925329,0.0115588473599004,0.872827236045816,2.50641771958892,0.584794248150697,0.249852322379606,0.52369634162749,0.218206809011454,0.193033091132284,0.41903082605344,-0.00120966900075624,3.01778854458807e-05,1.01492567112105,1.00051389980533,1.01440436891334,0.519050609871944,0.0526194946369353,0.428329895491121,1.04281562539153,1.03897302301792,0.842920711199988,0.177408406847707,-0.0203291180476955,-0.000119559552450529,0.965571111871347,0.0197963100292335,1.01485792420059,-0.000722432710357505,0.67,0.1,1.015,0.5,0.6,0.25,0.4,0.005,0.975,0.8,0.1,1.12666132555932,0.807302444277678,0.450664530223727,0.219668536150989,0.293795633845708,0.562192456261843,-1.1701928224395,1.03526148028142,5.96065385890422
167,-0.0044716352601336,0.825707876493238,0.101376423859464,-0.00472471534009822,-0.00472471522577844,-0.00413386230067481,0.0347322841649514,0.0210892403910073,0.0192933739030155,4.33298372749043,4.49782731801841,0.435318946334391,2.20309684685756,0.21314943411137,3.02657249170912,2.55580072338626,0.53229092083068,-0.0615191525078219,6.93664988820817,7.21992497723657,0.598496239669432,0.240925695070032,0.152262733449992,0.0115470117314925,0.872432147672837,2.50431053881637,0.584529538940801,0.24967545133905,0.523459288603702,0.218108036918209,0.193060257738552,0.418976697020734,-0.00119733571095319,2.98221012815789e-05,1.01497084026682,1.00050600656357,1.0144575181042,0.518918658523126,0.0526061178750247,0.42847522360185,1.04280860740736,1.03896566666457,0.844453827022986,0.1758725166137,-0.0203263436366864,-0.000116602937219824,0.965571111871347,0.0197963100292335,1.01490446949038,-0.000722432710357505,0.67,0.1,1.015,0.5,0.6,0.25,0.4,0.005,0.975,0.8,0.1,1.12643769758522,0.807403415042286,0.450575079034088,0.219499408014187,0.293423123160267,0.562286176187182,-1.16942962136023,1.02576947675309,5.96487400578658
168,-0.00447925089520982,0.826183152508367,0.101376423850341,-0.00472471531766838,-0.00472471522810736,-0.00415183650820017,0.0347452994813294,0.0210982079096124,0.0193018674843778,4.33109900718907,4.49198671621276,0.434718823336667,2.20011428017392,0.212847214167923,3.02430391094026,2.55842547819044,0.527343339490363,-0.061464906740545,6.93748305369674,7.20613240120377,0.597636633874908,0.241044926347347,0.152036479624801,0.0115355031108642,0.87204814453017,2.50226026112053,0.584272256835214,0.249503443966683,0.523228886718102,0.218012036132542,0.193086358030118,0.418923842537129,-0.00118523689837031,2.94713582334359e-05,1.01501491921444,1.00049835285031,1.01450933559538,0.51879070938449,0.0525931468441812,0.428616143771329,1.04280176382865,1.03895849356408,0.845955153162839,0.174368500990501,-0.0203236541533405,-0.000113716010300722,0.965571111871347,0.0197963100292335,1.01494990023039,-0.000722432710357505,0.67,0.1,1.015,0.5,0.6,0.25,0.4,0.005,0.975,0.8,0.1,1.12621958386343,0.80750066444743,0.450487833545372,0.219334719503297,0.29305937225665,0.562379485351225,-1.16868661467716,1.01648570406363,5.96903666688622
169,-0.00448663554077632,0.826644243825416,0.101376423843194,-0.00472471530009633,-0.00472471522993179,-0.00416925390094214,0.0347579961071206,0.02110695634818,0.0193101536648481,4.32925378411974,4.48630432994226,0.434134966823378,2.19721674472006,0.212553550153292,3.02209692816959,2.56100116307859,0.522507938848218,-0.0614121737572154,6.93830509532652,7.19269495570724,0.596800655586106,0.241161581493378,0.151815898455894,0.0115243123666506,0.871674913667285,2.50026534811189,0.584022192157081,0.249336164652062,0.523004948200371,0.217918728416821,0.193111433365181,0.418872235897896,-0.00117336814266863,2.91256305358736e-05,1.01505793202004,1.00049093128152,1.0145598528513,0.518666639195945,0.0525805690484533,0.428752791755602,1.0427950905639,1.03895149939825,0.847425222932781,0.172895824080893,-0.0203210470136745,-0.000110897348056888,0.965571111871347,0.0197963100292335,1.01499424085824,-0.000722432710357505,0.67,0.1,1.015,0.5,0.6,0.25,0.4,0.005,0.975,0.8,0.1,1.12600685685598,0.807594327923705,0.450402742742392,0.21917435613964,0.292704189903643,0.562472329348343,-1.16796327747278,1.00740610512029,5.97314166187031
170,-0.00449379631085766,0.827091573788967,0.101376423837595,-0.00472471528632989,-0.0047247152313612,-0.004186132328033,0.0347703812979398,0.0211154906677572,0.0193182371353733,4.32744743549775,4.48077581571498,0.433566929372788,2.19440176606388,0.212268194513791,3.01994986820188,2.56352843205331,0.517782347087215,-0.0613609109386445,6.9391160552098,7.17960348889624,0.595987643576295,0.241275711110304,0.151600850467991,0.0115134306283599,0.871312151024275,2.49832430269525,0.583779141186265,0.249173481709263,0.522787290614565,0.217828037756069,0.193135523451568,0.41882185074843,-0.00116172510793529,2.8784888088053e-05,1.01509990233689,1.00048373470759,1.01460910070025,0.518546328604228,0.0525683723880112,0.428885299007761,1.04278858360663,1.03894467993972,0.848864565284877,0.171453954431207,-0.0203185197160838,-0.000108145535799335,0.965571111871347,0.0197963100292335,1.01503751540493,-0.000722432710357505,0.67,0.1,1.015,0.5,0.6,0.25,0.4,0.005,0.975,0.8,0.1,1.12579939145963,0.807684535875075,0.450319756583852,0.219018206296713,0.292357388540491,0.562564656957239,-1.16725909803208,0.998526686093663,5.97718886141378
171,-0.00450074009399193,0.827525553108877,0.101376423833209,-0.00472471527554497,-0.00472471523248097,-0.00420248903057807,0.0347824621704763,0.0211238157357063,0.0193261224985873,4.32567933636834,4.47539695292631,0.433014276280678,2.19166694443326,0.211990907144662,3.01786110122741,2.5660079386708,0.513164239450907,-0.0613110768943009,6.93991597343313,7.16684909152894,0.595196955809807,0.241387364812225,0.151391199615076,0.0115028492787671,0.870959561185316,2.496435668059,0.583542905994162,0.249015267255806,0.52257573671119,0.217739890296329,0.193158666418232,0.418772661097551,-0.00115030354278138,2.84490970828583e-05,1.01514085341244,1.00047675620554,1.01465710933907,0.518429662032549,0.0525565451459189,0.429013792821532,1.04278223903434,1.03893803105074,0.85027370465366,0.170042365184467,-0.0203160698381264,-0.000105459169969964,0.965571111871347,0.0197963100292335,1.01507974749152,-0.000722432710357505,0.67,0.1,1.015,0.5,0.6,0.25,0.4,0.005,0.975,0.8,0.1,1.12559706500267,0.807771413880364,0.450238826001067,0.218866161138073,0.292018784229154,0.562656420029462,-1.1665735775454,0.989843515972836,5.9811781849593
172,-0.00450747356075449,0.827946580237344,0.101376423829773,-0.00472471526709572,-0.00472471523335827,-0.00421834066449389,0.0347942457034735,0.0211319363262991,0.0193338142693581,4.32394886065088,4.47016364029199,0.43247658518744,2.18900995236515,0.211721455155352,3.01582904167804,2.56844033580779,0.508651337296052,-0.0612626314257965,6.94070488883281,7.15442309019301,0.594427968863514,0.241496591257351,0.151186813193366,0.0114925599465194,0.870616857137777,2.49459802667551,0.583313294282311,0.248861397095649,0.522370114282666,0.217654214284444,0.193180898883207,0.41872464132876,-0.00113909928013174,2.81182205042866e-05,1.01518080808628,1.00046998907144,1.01470390833861,0.518316527554975,0.0525450759753891,0.429138396469636,1.04277605300735,1.03893154868185,0.85165316081003,0.168660534223463,-0.0203136950334921,-0.000102836860057081,0.965571111871347,0.0197963100292335,1.01512096032692,-0.000722432710357505,0.67,0.1,1.015,0.5,0.6,0.25,0.4,0.005,0.975,0.8,0.1,1.12539975723703,0.807855082885329,0.450159902894813,0.218718114555629,0.29168819660556,0.562747573379718,-1.16590622981477,0.981352726094774,5.98510959852906
173,-0.00451400317100852,0.828355041734734,0.10137642382708,-0.00472471526047635,-0.0047247152340455,-0.00423370332236561,0.03480573873885,0.0211398571214085,0.019341316875428,4.32225538209162,4.46507189237662,0.431953445715398,2.18642853242943,0.211459612642232,3.01385214709965,2.57082627542343,0.504241407167695,-0.0612155354914691,6.94148283967476,7.14231704071514,0.593680077365109,0.241603438177932,0.150987561756522,0.0114825544989475,0.870283760036986,2.49280999931417,0.583090119224781,0.248711750605981,0.522170256022192,0.217570940009247,0.193202256018222,0.418677766209646,-0.00112810823671127,2.77922186096101e-05,1.01521978878913,1.00046342681314,1.01474952664986,0.51820681677534,0.0525339538874991,0.429259229337161,1.0427700217676,1.03892522887058,0.853003448725059,0.167307944304085,-0.0203113930291435,-0.000100277230252518,0.965571111871347,0.0197963100292335,1.01516117670661,-0.000722432710357505,0.67,0.1,1.015,0.5,0.6,0.25,0.4,0.005,0.975,0.8,0.1,1.12520735032625,0.807935659385887,0.4500829401305,0.218573963108455,0.291365448830019,0.562838074678099,-1.16525658096403,0.973050509650667,5.98898311258948
174,-0.00452033518089398,0.828751312624482,0.101376423824971,-0.0047247152552905,-0.00472471523458395,-0.00424859255437193,0.0348169479829418,0.021147582711287,0.019348634658135,4.32059827513237,4.46011783621679,0.43144445911627,2.18392049502534,0.211205160468587,3.01192891704208,2.57316640831784,0.49993225989627,-0.0611697511720305,6.94224986424816,7.13052272175673,0.592952693447907,0.241707952408115,0.150793319033064,0.0114728250350809,0.869959998976651,2.49107024406837,0.582873199314356,0.248566210627778,0.52197599938599,0.217489999744163,0.193222771610161,0.418632010899619,-0.00111732641227907,2.74710493501182e-05,1.01525781754262,1.0004570631432,1.01479399261065,0.518100424710512,0.0525231682393505,0.429376407050138,1.04276414163748,1.0389190677401,0.854325078443374,0.16598408317924,-0.0203091616226134,-9.77789209001232e-05,0.965571111871347,0.0197963100292335,1.0152004190123,-0.000722432710357505,0.67,0.1,1.015,0.5,0.6,0.25,0.4,0.005,0.975,0.8,0.1,1.12501972882967,0.808013255602965,0.450007891531867,0.218433605962206,0.291050367536988,0.562927884344355,-1.16462416915288,0.964933121171647,5.9927987799697
175,-0.00452647564956524,0.829135756737405,0.101376423823319,-0.00472471525122786,-0.00472471523500584,-0.00426302338832396,0.0348278799827728,0.0211551175782154,0.0193557718569313,4.31897692196219,4.45529771683697,0.430949238840576,2.18148371936945,0.210957886352208,3.01005789006223,2.57546138205142,0.495721749627402,-0.0611252416165925,6.94300600578313,7.11903214017074,0.592245247469564,0.241810179889087,0.150603961968408,0.0114633638933729,0.869645310764913,2.48937745881848,0.582662358212492,0.248424666780927,0.521787186458948,0.217411327691228,0.193242478119566,0.418587350580995,-0.00110675521519884,2.71493413906118e-05,1.01529491524086,1.00045089197219,1.01483733323423,0.517997249677828,0.052512708722653,0.42949004159952,1.04275840903123,1.03891306151101,0.855618554897021,0.16468844378842,-0.0203069986854402,-9.53387995004108e-05,0.965571111871347,0.0197963100292335,1.01523870849339,-0.000722432710357505,0.67,0.1,1.015,0.5,0.6,0.25,0.4,0.005,0.975,0.8,0.1,1.12483677968345,0.808087978925252,0.44993471187338,0.218296945105553,0.290742783020716,0.563016965395821,-1.16400854390176,0.956996875824572,5.99655668955631
176,-0.00453243044568775,0.829508727045744,0.101376423822024,-0.00472471524804507,-0.00472471523533624,-0.00427701034886263,0.03483853773171,0.0211624633822092,0.019362729928434,4.31739092778612,4.45060822452051,0.43046744335591,2.17911626845875,0.210717604659858,3.00823766303323,2.57771185693206,0.491607777253142,-0.0610819711519759,6.94375153307163,7.10783797374498,0.591557240525402,0.241910155177409,0.150419366452884,0.0114541636616101,0.869339440100241,2.48773038049043,0.582457424867162,0.248287012484771,0.521603664060145,0.21733486002506,0.19326140682396,0.418543761926851,-0.00109638151734509,2.68417474267719e-05,1.01533110455203,1.00044490740208,1.01487957711594,0.517897193186547,0.0525025653527163,0.429600241460736,1.04275282347932,1.03890721001461,0.856884377390552,0.163420524679829,-0.0203049020703817,-9.29594489209628e-05,0.965571111871347,0.0197963100292335,1.01527606755557,-0.000722432710357505,0.67,0.1,1.015,0.5,0.6,0.25,0.4,0.005,0.975,0.8,0.1,1.12465839268868,0.80815993489289,0.449863357075472,0.218163885605592,0.290442521086812,0.563105258867781,-1.16340926851141,0.949238157149202,6.00025700210798
177,-0.00453820525370319,0.829870565987237,0.10137642382101,-0.00472471524555163,-0.00472471523559514,-0.00429056747585344,0.0348489348137795,0.0211696302467307,0.0193695186873819,4.3158391908687,4.44604505867526,0.429998631621969,2.17681588481372,0.21048407205869,3.00646683873935,2.57991846628287,0.487588277406967,-0.0610399049504869,6.94448601459609,7.09693163200739,0.590888015715958,0.242007945320896,0.150239423624022,0.011445216985787,0.869042139382367,2.4861277603639,0.582258233386186,0.24815312091203,0.52142528362942,0.217260534845592,0.193279587876369,0.418501220873603,-0.00108620525397745,2.65350975781073e-05,1.01536640518991,1.00043910372003,1.01492074971318,0.51780015983315,0.0524927284578323,0.429707111709018,1.04274737509087,1.03890150213891,0.858123040985796,0.162179828869373,-0.0203028698551694,-9.06374035373942e-05,0.965571111871347,0.0197963100292335,1.01531251732675,-0.000722432710357505,0.67,0.1,1.015,0.5,0.6,0.25,0.4,0.005,0.975,0.8,0.1,1.12448446051814,0.808229223043221,0.449793784207256,0.218034332030979,0.290149434624418,0.563192785798657,-1.16282591406009,0.941653393007994,6.00389985639776
178,-0.00454380557987258,0.830221605779516,0.101376423820216,-0.00472471524359808,-0.00472471523579798,-0.00430370834202021,0.0348590735749266,0.0211766193458876,0.019376139118104,4.31432134484224,4.44160515444179,0.429542487516,2.17458076054192,0.210257116785862,3.0047440734649,2.58208185412672,0.483661228594438,-0.0609990092562515,6.94520973063677,7.08630624208689,0.590237111913817,0.242103581414201,0.150064014473485,0.0114365168682063,0.868753165764939,2.48456839678616,0.582064621062509,0.248022899895144,0.521251899458963,0.217188291441235,0.193297049746384,0.41845970509777,-0.00107622278021793,2.62330573914507e-05,1.01540083796069,1.00043347539223,1.01496087739627,0.517706057200329,0.0524831886690334,0.429810754130638,1.04274206391225,1.03889593830258,0.859335035195995,0.160965864902365,-0.0203009000983589,-8.83713847236341e-05,0.965571111871347,0.0197963100292335,1.01534807852891,-0.000722432710357505,0.67,0.1,1.015,0.5,0.6,0.25,0.4,0.005,0.975,0.8,0.1,1.12431487514406,0.808295941833738,0.449725950057622,0.217908194190079,0.289863354670809,0.563279487745472,-1.16225806402351,0.934239076146801,6.00748545566151
179,-0.00454923675810584,0.830562168725128,0.101376423819593,-0.00472471524206775,-0.00472471523595686,-0.00431644606985215,0.034868960068086,0.0211834348280131,0.0193825951451458,4.31283677826176,4.43728515374462,0.429098665483308,2.17240901560756,0.21003655048471,3.00306806113236,2.58420266205872,0.479824650353847,-0.0609592512802092,6.945922726374,7.07595460718134,0.589604021157141,0.242197106183242,0.149893027454767,0.0114280564693307,0.868472284828285,2.48305112076157,0.581876430834951,0.247896248067046,0.521083370896971,0.217118071207071,0.193313820129725,0.418419190855494,-0.00106643052618512,2.59355801782836e-05,1.01543442285186,1.0004280170581,1.01499998554407,0.517614795759536,0.0524739369102109,0.429911267330253,1.04273688664619,1.03889051503247,0.860520843834488,0.159778147077325,-0.020298990911813,-8.61601333506593e-05,0.965571111871347,0.0197963100292335,1.01538277148072,-0.000722432710357505,0.67,0.1,1.015,0.5,0.6,0.25,0.4,0.005,0.975,0.8,0.1,1.12414953282222,0.808360182675063,0.449659813128888,0.217785383415875,0.28958412449323,0.563365337427151,-1.16170531257294,0.926991759672873,6.01101403577209
180,-0.0045545039555865,0.830892567507448,0.101376423819106,-0.0047247152408687,-0.00472471523608131,-0.00432879334782044,0.0348786002198017,0.021190080755686,0.0193888906121074,4.31138488412164,4.43308179260046,0.428666829683921,2.17029882503015,0.209822190385654,3.00143753138547,2.58628152904085,0.47607660151555,-0.060920599170935,6.94662504909995,7.06586971853657,0.588988250041957,0.242288561585501,0.149726353742676,0.0114198291433162,0.868199268825222,2.48157479508355,0.581693510112899,0.247773066937997,0.520919561295133,0.217049817206305,0.19332992564805,0.418379655760637,-0.00105682499321768,2.56426207674481e-05,1.01546717945528,1.00042272352464,1.01503809897244,0.517526288776944,0.0524649643885804,0.430008746834476,1.04273184006854,1.038885228933,0.861680945212411,0.1586161952525,-0.0202971404649107,-8.4002411341395e-05,0.965571111871347,0.0197963100292335,1.01541661610065,-0.000722432710357505,0.67,0.1,1.015,0.5,0.6,0.25,0.4,0.005,0.975,0.8,0.1,1.12398833204705,0.808422035428156,0.449595332818821,0.217665813298482,0.289311590521363,0.563450309718388,-1.16116726430477,0.919908054604625,6.01448586355476
181,-0.00455961217819933,0.831213105477767,0.101376423818724,-0.00472471523992946,-0.0047247152361789,-0.00434076244593518,0.0348879998319441,0.0211965611068493,0.0193950292826894,4.30996506030734,4.42899189839202,0.428246653709391,2.16824841808268,0.209613859131424,2.99985124862835,2.58831909117533,0.472415179439793,-0.060883021986772,6.94731674841748,7.05604475026712,0.588389319286408,0.242377988827673,0.149563887165167,0.0114118284323649,0.867933896490138,2.48013831348697,0.581515710648392,0.247653260811151,0.520760337894083,0.216983474122534,0.193345391892864,0.418341077835858,-0.00104740275270169,2.53541329802409e-05,1.01549912697067,1.00041758976091,1.01507524194308,0.517440452222684,0.0524562625854789,0.430103285191837,1.04272692102698,1.03888007668483,0.862815812070104,0.157479534912464,-0.0202953469825681,-8.18970017334795e-05,0.965571111871347,0.0197963100292335,1.01544963191041,-0.000722432710357505,0.67,0.1,1.015,0.5,0.6,0.25,0.4,0.005,0.975,0.8,0.1,1.12383117352049,0.808481586700187,0.449532469408196,0.217549399631151,0.289045602296284,0.563534381560388,-1.16064353398341,0.912984629266066,6.01790123509722
182,-0.00456456627576877,0.831524076933806,0.101376423818424,-0.0047247152391936,-0.00472471523625528,-0.0043523652306765,0.034897164583545,0.0212028797760169,0.0194010148418239,4.30857670998961,4.42501238719346,0.427837820304713,2.16625607660047,0.209411384608244,2.99830801108616,2.59031598148261,0.468838519272397,-0.0608464896688469,6.94799787638719,7.04647305430311,0.587806763305338,0.242465428382456,0.14940552413694,0.0114040480612281,0.867675952853493,2.47874059981882,0.581342888411841,0.247536736698649,0.520605571712096,0.216918988213373,0.193360243467475,0.418303435511692,-0.00103816044476167,2.50700698793464e-05,1.0155302842095,1.00041261089285,1.01511143817265,0.517357204683236,0.0524478232474831,0.430194972069281,1.04272212643977,1.03887505504343,0.863925911515599,0.156367697227759,-0.0202936087433581,-7.98427090319306e-05,0.965571111871347,0.0197963100292335,1.01548183803893,-0.000722432710357505,0.67,0.1,1.015,0.5,0.6,0.25,0.4,0.005,0.975,0.8,0.1,1.12367796011999,0.808538919966927,0.449471184047997,0.217436060356907,0.288786012419441,0.563617531874379,-1.16013374628978,0.906218208673549,6.0212604741123
183,-0.00456937094711524,0.831825767389917,0.10137642381819,-0.00472471523861706,-0.00472471523631512,-0.00436361317932599,0.0349061000326646,0.0212090405755027,0.0194068508968272,4.30721924197788,4.42114026117542,0.427440021098646,2.16432013334475,0.209214599782529,2.99680664988732,2.59227282968466,0.465344793217595,-0.0608109730149342,6.94866848763988,7.03714815548661,0.587240129798112,0.242550920004385,0.149251163594802,0.011396481931872,0.867425229061328,2.47738060722743,0.58117490347109,0.247423404240505,0.520455137436797,0.216856307265332,0.19337450402704,0.418266707625138,-0.00102909477691405,2.47903839120458e-05,1.01556066959921,1.00040778219815,1.01514671084202,0.517276467276853,0.0524396383778343,0.430283894345313,1.04271745329435,1.03887016083761,0.865011704969926,0.155280219107797,-0.020291924077723,-7.78383594806223e-05,0.965571111871347,0.0197963100292335,1.01551325322647,-0.000722432710357505,0.67,0.1,1.015,0.5,0.6,0.25,0.4,0.005,0.975,0.8,0.1,1.12352859686547,0.808594115690316,0.449411438746188,0.217325715516168,0.28853267650183,0.563699741477501,-1.15963753557535,0.899605573915538,6.02456393035314
184,-0.0045740307449366,0.832118453839231,0.101376423818006,-0.00472471523816542,-0.00472471523636209,-0.00437451739372774,0.0349148116182829,0.0212150472366691,0.0194125409785715,4.30589207103603,4.4173726060878,0.427052956342239,2.16243897041953,0.209023342542902,2.9953460281673,2.59419026199395,0.461932209827489,-0.0607764436541391,6.94932863945797,7.02806374681339,0.586688979349304,0.242634502744791,0.149100706934753,0.0113891241183021,0.867181522199711,2.47605731737015,0.581011619873806,0.247313175626109,0.520308913319826,0.216795380549928,0.193388196316807,0.418230873417623,-0.00102020252267245,2.4515027058881e-05,1.01559030118766,1.00040309910134,1.01518108260556,0.517198163571901,0.0524317002281596,0.43037013619994,1.04271289864609,1.03886539096817,0.866073648118992,0.154216643247279,-0.0202902913662712,-7.58828012307998e-05,0.965571111871347,0.0197963100292335,1.0155438958292,-0.000722432710357505,0.67,0.1,1.015,0.5,0.6,0.25,0.4,0.005,0.975,0.8,0.1,1.12338299088534,0.808647251431087,0.449353196354135,0.217218287195373,0.288285453113417,0.563780993001032,-1.15915454562158,0.893143561526337,6.02781197808008
185,-0.00457855008052121,0.832402405007969,0.101376423817862,-0.00472471523781159,-0.00472471523639872,-0.00438508861350573,0.03492330466221,0.0212209034111898,0.0194180885426701,4.30459461816335,4.41370658881825,0.426676334655324,2.16061101773999,0.208837455547398,2.99392504019396,2.59606890090872,0.458599013307603,-0.0607428740223688,6.94997839182938,7.01921368481594,0.586152885041895,0.24271621496595,0.148954057950746,0.0113819688615418,0.866944635124031,2.47476973963964,0.580852905533101,0.247205965518261,0.520166781074418,0.216736158781008,0.193401342208648,0.418195912532449,-0.00101148052010459,2.42439509770121e-05,1.01561919664788,1.00039855716908,1.01521457560063,0.517122219508003,0.052424001290477,0.43045377920152,1.04270845961699,1.03886074240641,0.867112190871761,0.153176518166391,-0.020288709038152,-7.39749044527476e-05,0.965571111871347,0.0197963100292335,1.01557378382386,-0.000722432710357505,0.67,0.1,1.015,0.5,0.6,0.25,0.4,0.005,0.975,0.8,0.1,1.12324105138188,0.808698401956748,0.449296420552752,0.217113699476606,0.288044203732848,0.563861270810962,-1.15868442940472,0.886829062854658,6.03100501457871
186,-0.00458293322829918,0.83267788160217,0.10137642381775,-0.00472471523753437,-0.00472471523642759,-0.00439533722875995,0.0349315843710113,0.0212266126723257,0.0194234969706745,4.3033263108436,4.41013945502435,0.426309872780773,2.15883475155077,0.208656786075647,2.99254261051422,2.59790936501474,0.455343482838046,-0.0607102373385668,6.9506178074769,7.01059198508366,0.585631432082615,0.242796094354515,0.14881112277508,0.0113750105647614,0.866714376293027,2.47351691040878,0.580698632116328,0.247101690979687,0.520028625775816,0.216678594073257,0.19341396273596,0.418161805011738,-0.00100292567037143,2.3977107107777e-05,1.015647373283,1.00039415210556,1.01524721145694,0.517048563319881,0.0524165342894748,0.430534902390644,1.04270413339435,1.03885621219279,0.868127777324466,0.152159398245036,-0.0202871755695017,-7.21135613814747e-05,0.965571111871347,0.0197963100292335,1.01560293481279,-0.000722432710357505,0.67,0.1,1.015,0.5,0.6,0.25,0.4,0.005,0.975,0.8,0.1,1.12310268959604,0.808747639345117,0.449241075838416,0.217011878388257,0.287808792697516,0.563940560930911,-1.15822684886584,0.880659023427824,6.03414345872833
187,-0.00458718433023779,0.832945136547056,0.101376423817661,-0.00472471523731721,-0.00472471523645013,-0.00440527329226836,0.0349396558379421,0.0212321785162075,0.0194287695712803,4.30208658326457,4.40666852683751,0.425953295346286,2.15710869299251,0.208481185885906,2.99119769312213,2.59971226879405,0.452163931909762,-0.0606785075816819,6.95124695186585,7.00219281791614,0.585124217439063,0.242874177934276,0.148671809820379,0.0113682437885526,0.866490559607462,2.47229789229391,0.580548674937,0.247000271401914,0.519894335764477,0.216622639901866,0.193426078127045,0.418128531292975,-0.000994534936258686,2.37144467695304e-05,1.01567484803129,1.00038987974811,1.0152790113061,0.516977125463798,0.0524092921750543,0.430613582361148,1.04269991722954,1.03885179743557,0.869120845730628,0.151164843751328,-0.0202856894819563,-7.02976862941829e-05,0.965571111871347,0.0197963100292335,1.01563136602902,-0.000722432710357505,0.67,0.1,1.015,0.5,0.6,0.25,0.4,0.005,0.975,0.8,0.1,1.12296781877181,0.808795033083634,0.449187127508722,0.216912751856695,0.287579087154001,0.564018850967367,-1.15778147468596,0.874630442312337,6.03722774962011
188,-0.00459130740008707,0.833204415219251,0.101376423817592,-0.00472471523714713,-0.00472471523646778,-0.00441490653121335,0.0349475240448877,0.021237604363126,0.0194339095815384,4.30087487651052,4.40329120063662,0.425606334633507,2.15543140671514,0.208310511076763,2.98988927064784,2.60147822244079,0.449058707675406,-0.0606476594683494,6.95186589319262,6.99401050410569,0.584630849488266,0.242950502078323,0.14853602972311,0.0113616632463457,0.866273004253345,2.47111177343653,0.580402912849741,0.246901628436429,0.519763802552007,0.216568251063336,0.193437707837007,0.41809607220516,-0.000986305340691606,2.3455921255254e-05,1.01570163747146,1.00038573606291,1.01530999579105,0.516907838546496,0.052402268115125,0.430689893338379,1.04269580843668,1.03884749530937,0.87009182847661,0.150192420864615,-0.0202842493412255,-6.85262154545068e-05,0.965571111871347,0.0197963100292335,1.01565909434156,-0.000722432710357505,0.67,0.1,1.015,0.5,0.6,0.25,0.4,0.005,0.975,0.8,0.1,1.12283635412028,0.808840650164666,0.449134541648112,0.21681624965898,0.287354957008935,0.564096130037221,-1.15734798606636,0.868740371471487,6.04025834522401
189,-0.00459530632748107,0.833455955672068,0.101376423817538,-0.00472471523701379,-0.00472471523648166,-0.00442424635845584,0.034955193864306,0.0212428935588239,0.0194389201680695,4.29969063872959,4.40000494488945,0.425268730354254,2.15380149953629,0.208144621953372,2.98861635356753,2.60320783168443,0.446026190314363,-0.0606176684312603,6.95247470235638,6.98603951084514,0.584150947676331,0.243025102520653,0.148403695288615,0.0113552637999647,0.866061534549583,2.46995766680306,0.580261228148221,0.246805685928075,0.51963692072975,0.216515383637396,0.193448870578289,0.418064408964648,-0.000978233965280918,2.32014818778748e-05,1.01572775782799,1.00038171714088,1.01534018507552,0.516840637256543,0.0523954554886456,0.430763907254812,1.04269180439143,1.0388433030539,0.871041152062487,0.149241701693238,-0.0202828537557242,-6.67981069973471e-05,0.965571111871347,0.0197963100292335,1.01568613626085,-0.000722432710357505,0.67,0.1,1.015,0.5,0.6,0.25,0.4,0.005,0.975,0.8,0.1,1.12270821278358,0.808884555176985,0.449083285113433,0.216722303376587,0.287136274880321,0.564172388697587,-1.15692607051382,0.862985915120622,6.04323572110358
190,-0.00459918488190016,0.833699988854078,0.101376423817495,-0.00472471523690943,-0.00472471523649243,-0.00443330188337732,0.0349626700611682,0.0212480493757893,0.0194438044282798,4.29853332527829,4.39680729805995,0.424940229433653,2.15221761914339,0.207983382898057,2.98737797943377,2.6049016976205,0.443064792411469,-0.0605885105981947,6.95307345291619,6.97827444775711,0.58368414218883,0.243098014367275,0.148274721437587,0.0113490404553157,0.865855979799981,2.46883470950263,0.580123506465987,0.246712369850523,0.519513587879989,0.216463994949995,0.193459584349873,0.418033523170698,-0.000970317948849855,2.29510800622708e-05,1.01575322497661,1.00037781919369,1.01536959885347,0.516775458297999,0.0523888478788984,0.430835693823102,1.04268790252975,1.03883921797261,0.871969237087995,0.148312264287262,-0.0202815013752577,-6.51123407777874e-05,0.965571111871347,0.0197963100292335,1.01571250794425,-0.000722432710357505,0.67,0.1,1.015,0.5,0.6,0.25,0.4,0.005,0.975,0.8,0.1,1.12258331379866,0.808926810393613,0.449033325519462,0.216630846350164,0.286922916049322,0.564247618877858,-1.15651542363082,0.85736422908066,6.04616036917788
191,-0.00460294671649968,0.833936738821148,0.101376423817462,-0.0047247152368276,-0.00472471523650098,-0.00444208192230677,0.034969957294895,0.0212530750145474,0.0194485653915758,4.2974023988447,4.39369586657935,0.424620585799956,2.15067845283805,0.207826662245143,2.98617321212615,2.60656041654887,0.440172958348976,-0.0605601627717008,6.95366222103521,6.97071006304098,0.583230073631604,0.243169272106868,0.148149025153973,0.0113429883582063,0.865656174149462,2.46774206212246,0.57998963668014,0.246621608243855,0.519393704489677,0.216414043537365,0.193469866465239,0.418003396800775,-0.000962554485989261,2.27046673861613e-05,1.01577805444982,1.00037403854992,1.01539825635842,0.516712240326314,0.0523824390669908,0.430905320606695,1.04268410034664,1.03883523743133,0.872876498243341,0.147403692646416,-0.0202801908897571,-6.34679181927705e-05,0.965571111871347,0.0197963100292335,1.01573822520168,-0.000722432710357505,0.67,0.1,1.015,0.5,0.6,0.25,0.4,0.005,0.975,0.8,0.1,1.12246157806106,0.80896747585619,0.448984631224424,0.216541813635292,0.286714758412563,0.564321813813988,-1.15611574891066,0.851872520130349,6.04903279652931
192,-0.00460659537180965,0.834166422942159,0.101376423817436,-0.00472471523676354,-0.00472471523650764,-0.00445059500855349,0.0349770601212859,0.0212579736049494,0.0194532060205763,4.29629732955229,4.39066832287939,0.424309560180868,2.14918272632113,0.207674332159877,2.98500114112182,2.60818457981987,0.437349163711347,-0.060532602409395,6.95424108541404,6.963341239734,0.582788392721641,0.243238909621015,0.148026525434252,0.0113371027902907,0.865461956444425,2.46667890808081,0.579859510817765,0.246533331154121,0.519277173866655,0.216365489111106,0.193479733579138,0.417974012205642,-0.000954940825648164,2.24621956103913e-05,1.01580226144254,1.00037037165133,1.01542617637279,0.516650923886371,0.0523762230255746,0.430972853088055,1.04268039539498,1.03883135885705,0.873763344304635,0.146515576723426,-0.0202789210280617,-6.18638619697564e-05,0.965571111871347,0.0197963100292335,1.01576330350126,-0.000722432710357505,0.67,0.1,1.015,0.5,0.6,0.25,0.4,0.005,0.975,0.8,0.1,1.12234292828884,0.809006609456038,0.448937171315537,0.216455141959261,0.286511682434943,0.564394967984948,-1.15572675753725,0.846508045357789,6.0518535242566
193,-0.00461013427931044,0.834389252098578,0.101376423817416,-0.00472471523671336,-0.00472471523651286,-0.00445884940205976,0.0349839829944384,0.0212627482074557,0.01945772921232,4.29521759504572,4.38772240348568,0.424006919906163,2.14772920251747,0.207526268521304,2.98386088078556,2.60977477368795,0.434591914702475,-0.0605058076048661,6.9548101272145,6.95616299208287,0.582358759987739,0.243306960194062,0.147907143238047,0.0113313791651373,0.865273170097123,2.46564445299701,0.579733023965073,0.246447470574778,0.519163902058274,0.216318292524281,0.193489201713225,0.417945352104268,-0.000947474269730392,2.22236167356278e-05,1.01582586081773,1.00036681504929,1.01545337723711,0.516591451352606,0.0523701939127756,0.431038354734619,1.0426767852843,1.0388275797366,0.874630178133767,0.145647512422978,-0.0202776905567453,-6.02992159175823e-05,0.965571111871347,0.0197963100292335,1.01578775797504,-0.000722432710357505,0.67,0.1,1.015,0.5,0.6,0.25,0.4,0.005,0.975,0.8,0.1,1.12222728898657,0.809044267012065,0.448890915594628,0.216370769678838,0.286313571103002,0.564467077051323,-1.15534816818973,0.841268111511661,6.05462308637182
194,-0.00461356676488887,0.834605430878075,0.1013764238174,-0.00472471523667395,-0.00472471523651685,-0.00446685309869232,0.034990730268656,0.0212674018144136,0.0194621377994674,4.2941626805602,4.3848559071694,0.423712438716394,2.14631668043852,0.207382350808944,2.98275156967901,2.61133157917326,0.431899747574908,-0.0604797570691631,6.95536942997548,6.9491704620223,0.581940845480591,0.243373456522641,0.147790801440046,0.0113258130244157,0.865089662953963,2.46463792407836,0.579610074179155,0.24636396039003,0.519053797772378,0.216272415738491,0.193498286280626,0.417917399578585,-0.000940152171731533,2.19888830214871e-05,1.01584886711209,1.00036336540129,1.01547987685914,0.516533766871125,0.0523643460663251,0.43110188706255,1.04267326767962,1.0388238976154,0.875477396682487,0.144799101596498,-0.0202764982789852,-5.87730446823157e-05,0.965571111871347,0.0197963100292335,1.01581160342478,-0.000722432710357505,0.67,0.1,1.015,0.5,0.6,0.25,0.4,0.005,0.975,0.8,0.1,1.12211458640954,0.809080502345658,0.448845834563817,0.216288636739019,0.286120309878831,0.564538137796019,-1.15497970685166,0.836150074352577,6.05734202874036
195,-0.00461689605217903,0.834815157762365,0.101376423817387,-0.0047247152366432,-0.00472471523652007,-0.00447461383918646,0.0349973062003412,0.021271937351326,0.0194664345514946,4.29313207897579,4.38206669315564,0.423425896577527,2.144943994082,0.207242461993171,2.98167236988876,2.61285557193087,0.429271228070733,-0.060454430112847,6.95591907952206,6.94235891575735,0.581534328492049,0.243438430724874,0.147677424783174,0.0113204000341982,0.864911287167625,2.46365856952358,0.579490562402309,0.246282736319904,0.518946772300575,0.216227821791906,0.193507002109474,0.41789013806812,-0.000932971935398071,2.17579470211431e-05,1.01587129454175,1.00036001946756,1.01550569272295,0.516477816303743,0.0523586739978868,0.43116350969837,1.04266984030029,1.03882031009623,0.876305391000516,0.143969952032954,-0.0202753430334702,-5.72844334525774e-05,0.965571111871347,0.0197963100292335,1.01583485432768,-0.000722432710357505,0.67,0.1,1.015,0.5,0.6,0.25,0.4,0.005,0.975,0.8,0.1,1.12200474852827,0.809115367352694,0.448801899411307,0.216208684632753,0.285931786654558,0.564608148067022,-1.1546211066248,0.831151338004954,6.06001090806304
196,-0.0046201252657921,0.835018625309441,0.101376423817377,-0.00472471523661899,-0.00472471523652263,-0.00448213911775808,0.0350037149498742,0.0212763576781113,0.0194706221758805,4.29212529085756,4.37935267938648,0.423147079501287,2.14361001136708,0.207106488429142,2.98062246637276,2.61434732212764,0.426704950873718,-0.060429806628591,6.95645916386902,6.93572374044595,0.581138897283212,0.243501914349292,0.147566939832997,0.0113151359813737,0.864737899072903,2.46270565794245,0.579374392378845,0.246203735867092,0.518842739443741,0.216184474768226,0.19351536346547,0.417863551364519,-0.000925931013432955,2.15307615888961e-05,1.01589315700797,1.00035677410788,1.01553084189783,0.516423547173875,0.052353172387572,0.431223280438554,1.04266650091885,1.03881681483801,0.877114546247476,0.14315967744587,-0.0202742236933455,-5.58324876663424e-05,0.965571111871347,0.0197963100292335,1.01585752484219,-0.000722432710357505,0.67,0.1,1.015,0.5,0.6,0.25,0.4,0.005,0.975,0.8,0.1,1.12189770499325,0.809148912072804,0.448759081997301,0.216130856361624,0.28574789170741,0.564677106722185,-1.15427210754732,0.826269354309769,6.06263029089906
197,-0.00462325743443912,0.835216020330365,0.10137642381737,-0.00472471523660012,-0.00472471523652462,-0.00448943619039743,0.0350099605834734,0.0212806655903533,0.0194747033192827,4.29114182448327,4.37671184083732,0.422875779371062,2.14231363310398,0.206974319754175,2.97960106632484,2.61580739432676,0.424199539072389,-0.0604058670743085,6.95698977312001,6.92926044097867,0.580754248821097,0.243563938383502,0.147459274933314,0.0113100167701691,0.864569359066152,2.46177847779136,0.579261470574322,0.246126898265428,0.518741615439691,0.216142339766538,0.19352338407352,0.41783762360599,-0.000919026906217484,2.13072799155484e-05,1.0159144681029,1.00035362627839,1.01555534104714,0.516370908614221,0.0523478360786355,0.431281255307144,1.0426632473599,1.03881340955459,0.877905241708465,0.142367897456729,-0.0202731391651943,-5.44163327147513e-05,0.965571111871347,0.0197963100292335,1.01587962881375,-0.000722432710357505,0.67,0.1,1.015,0.5,0.6,0.25,0.4,0.005,0.975,0.8,0.1,1.12179338710014,0.809181184756005,0.448717354840055,0.216055096397481,0.285568517655359,0.564745013575989,-1.15393245641651,0.82150162217854,6.06520075272891
198,-0.00462629549395048,0.835407524060791,0.101376423817364,-0.00472471523658524,-0.00472471523652607,-0.00449651208285873,0.0350160470750381,0.0212848638205392,0.0194786805687039,4.29018119585901,4.37414220788452,0.422611793773155,2.14105379199679,0.206845848788443,2.9786073985567,2.61723634737981,0.42175364363369,-0.0603825924567952,6.95751099936296,6.92296463685244,0.580380088523579,0.243624533262618,0.147354360162906,0.0113050384187768,0.864405531488273,2.46087633682434,0.579151706097143,0.246052164430001,0.518643318892964,0.216101382872068,0.193531077138479,0.417812339271679,-0.000912257160602958,2.10874555076578e-05,1.01593524111518,1.00035057302858,1.01557920643701,0.516319851316174,0.0523426600723466,0.43133748861148,1.042660077499,1.0388100920136,0.878677850813088,0.141594237574964,-0.0202720883880518,-5.30351136033448e-05,0.965571111871347,0.0197963100292335,1.0159011797806,-0.000722432710357505,0.67,0.1,1.015,0.5,0.6,0.25,0.4,0.005,0.975,0.8,0.1,1.12169172775519,0.809212231926809,0.448676691102077,0.215981350644986,0.285393559413372,0.564811869348222,-1.15360190661568,0.816845686948854,6.06772287705611
199,-0.00462924229019598,0.835593312327361,0.101376423817359,-0.0047247152365737,-0.00472471523652729,-0.00450337359835651,0.0350219783079703,0.021288955039286,0.0194825564526469,4.28924292872437,4.37164186472308,0.422354925833259,2.13982945167847,0.206720971438883,2.97764071289725,2.6186347343262,0.419365942886907,-0.0603599643158666,6.95802293656299,6.91683205913542,0.580016130012358,0.243683728877469,0.147252127293402,0.0113001970560827,0.864246284511107,2.45999856155927,0.579045010622442,0.245979476908766,0.518547770706664,0.216061571127777,0.193538455365055,0.417787683176004,-0.000905619368692702,2.08712422444959e-05,1.01595548903568,1.00034761149835,1.01560245394493,0.516270327480886,0.052337639523029,0.431392032996085,1.04265698926159,1.03880686003527,0.87943274115776,0.140838329174692,-0.0202710703324523,-5.16879946339025e-05,0.965571111871347,0.0197963100292335,1.01592219097944,-0.000722432710357505,0.67,0.1,1.015,0.5,0.6,0.25,0.4,0.005,0.975,0.8,0.1,1.12159266144127,0.809242098445938,0.448637064576507,0.215909566405083,0.285222914150249,0.564877675614562,-1.1532802179454,0.812299139741734,6.07019725454682
200,-0.00463210058190876,0.835773555709138,0.101376423817355,-0.00472471523656459,-0.00472471523652829,-0.00451002732498251,0.0350277580769774,0.0212929418565531,0.0194863334422576,4.28832655454754,4.36920894783241,0.422104984057935,2.13863960577672,0.206599586606197,2.97670027960858,2.6200031023,0.417035142017549,-0.0603379647089764,6.95852568045327,6.91085854751968,0.579662094873649,0.243741554582629,0.147152509748239,0.011295488918494,0.864091490027156,2.45914449675898,0.578941298318194,0.245908779835724,0.518454894016293,0.216022872506789,0.193545530976905,0.417763640462954,-0.000899111166695948,2.06585943506651e-05,1.01597522456309,1.00034473891518,1.01562509906821,0.516222290771949,0.052332769733263,0.431444939494788,1.04265398062191,1.03880371149128,0.880170274531131,0.140099809468375,-0.0202700839995061,-5.03741590696327e-05,0.965571111871347,0.0197963100292335,1.01594267535121,-0.000722432710357505,0.67,0.1,1.015,0.5,0.6,0.25,0.4,0.005,0.975,0.8,0.1,1.12149612418413,0.809270827569725,0.448598449673652,0.215839692339359,0.285056481246074,0.564942434758985,-1.15296715645886,0.807859616821123,6.07262448220616
