Time,n_B,psi_o_B,psi_y_B,n_y_B,n_m_B,n_o_B,mu_o_B,mu_m_B,mu_y_B,s_o_B,s_m_B,s_y_B,h_m_B,h_y_B,a_B,a_o_B,a_m_B,a_y_B,z_o_B,z_m_B,z_y_B,c_o_B,c_m_B,c_y_B,y_B,k_B,w_B,inv_B,b_B,gov_B,e_B,t_B,f_B,nx_B,tilde_R_B,g_B,q_B,tilde_s_m_B,tilde_s_y_B,tilde_s_o_B,Omega_m_B,Omega_y_B,eta_o_B,eta_m_B,eta_y_B,walras_B,gamma_B,phi_B,R_star,fy_target_B,alpha,delta,beta,sigma,b_y,g_y,repl,x,omega,nu,Lambda_B,w_indiv_B,t_indiv_B,e_indiv_B,c_y_indiv_B,c_m_indiv_B,c_o_indiv_B,a_y_indiv_B,a_m_indiv_B,a_o_indiv_B
0,0.00539697250294302,0.27911856236707,0.151984862514716,0.00539697250294302,0.00539697250294302,0.00539697250294302,0.0741089628159723,0.0391500418817468,0.0328426422765236,0.864878043764145,2.83681820326997,0.409558544415586,2.035040910608,0.293803949866808,4.76247925033134,1.54812327437129,3.3203917615409,-0.106035785580843,2.51376274646631,8.12303558057289,0.6176106751724,0.186292349906048,0.318017183186348,0.0202839664708493,1.14340381754472,3.13997015166694,0.766080557754964,0.343150939394316,0.686042290526833,0.285850954386181,0.0855309215751713,0.378848079722639,0.936466808137572,-0.0101915757990201,1.02142040941389,1.01042395736546,1.01088300803665,0.698761516892187,0.106201173075433,0.19503731003238,1.18476596419913,1.159206179264,0.325066670739527,0.697198158146282,-0.022264828885809,2.63677968348475e-16,0.915829299941193,0.0312172306267986,1.02142040941389,0.819016688389658,0.67,0.1,1.025,0.7,0.6,0.25,0.4,0.005,0.975,0.8,0.1,1.09634050993848,0.542170784400957,0.438536203975391,0.190995691322938,0.45511548002924,0.955162629525193,-0.9984426961605,4.75182402189044,7.93757499072495
1,0.00555843257544442,0.279296859374682,0.15203639120686,0.0057378406013926,0.00539697250294302,0.00603920593285023,0.0734028619427011,0.0388346416229763,0.0325974984780233,0.872953962270789,2.8646290263232,0.414047643219488,2.04417528371082,0.295399147171342,4.76381557027246,1.54905509859194,3.32082737326355,-0.106066901583032,2.52152434933175,8.15936102714055,0.623711317565063,0.185087103727739,0.316865861542289,0.0203314287572646,1.14322022397393,3.14136514068821,0.765957550062532,0.344995006876036,0.685932134384357,0.285805055993482,0.0855718152587163,0.378821032363224,0.936518295199893,-0.00995963370763572,1.02138970507142,1.01058622473832,1.01069031030568,0.698649318454459,0.106220121096948,0.195130560448592,1.18373037172364,1.1584925120597,0.325171089380128,0.69709402563494,-0.0222651150150681,9.54007847532965e-05,0.916471533371101,0.0312690374178771,1.02142040941389,0.818709597817418,0.67,0.1,1.025,0.7,0.6,0.25,0.4,0.005,0.975,0.8,0.1,1.09634050993848,0.542219139641109,0.438536203975391,0.191408450181562,0.453540643599645,0.948529555299978,-0.998557528344593,4.75321063879349,7.93855711289284
2,0.00562443379435312,0.279581195997004,0.152061204886367,0.00557136957357729,0.00540727824137188,0.00643082755801538,0.0728970418040544,0.0386061677735758,0.0324187013222404,0.879622679028539,2.88645048790388,0.417559293260904,2.0511827557464,0.296583326229195,4.76569744064865,1.55042996684674,3.32137864074946,-0.106111166947548,2.52873252991516,8.18779831995162,0.628403477186423,0.18433712094349,0.316099515674974,0.0203720246438721,1.14319761195202,3.14420272428826,0.765942400007854,0.346773865144324,0.685918567171212,0.285799402988005,0.0856572369036046,0.378629319884762,0.935576149189173,-0.0107166408328571,1.0212007942902,1.01065255596332,1.01043705699316,0.698498451417034,0.106214516133736,0.19528703244923,1.18302588534179,1.15801420934767,0.325331178942049,0.696934432391471,-0.0222656113335206,0.000532323390212273,0.916920333039844,0.0312543291654183,1.02134115816149,0.817788629162018,0.67,0.1,1.025,0.7,0.6,0.25,0.4,0.005,0.975,0.8,0.1,1.09655561648562,0.542061788564659,0.438622246594246,0.19180075742398,0.452541469538991,0.943929141794978,-0.999026976820592,4.75502649148531,7.93923665796814
3,0.0056194875059736,0.279902165604074,0.152035341013871,0.00524123184956138,0.00541224097727344,0.00656649160839606,0.0726285822610042,0.0384826381112047,0.0323209381393901,0.884079437616385,2.8998387764106,0.419623555046317,2.05530452610579,0.297214605909014,4.76757466071816,1.55189398797486,3.3218356364452,-0.1061549637019,2.53426400344385,8.20519568637471,0.631080304740464,0.18406000162734,0.315757576202014,0.0203971074870324,1.14338223374542,3.14785112151679,0.766066096609433,0.347881583156266,0.686029340247253,0.285845558436356,0.085769423774736,0.378525267820543,0.933694198954118,-0.0114585025585972,1.02099256807102,1.0106475849435,1.01023599450653,0.698354498976616,0.106174564400481,0.195470936622903,1.1826900902969,1.15779389389561,0.3255101594449,0.696755871242554,-0.0222660306874541,0.000898909395010764,0.917147030078273,0.0312092290074065,1.02120540462067,0.81625469130833,0.67,0.1,1.025,0.7,0.6,0.25,0.4,0.005,0.975,0.8,0.1,1.09695877628345,0.542024528194838,0.438783510513381,0.192109170423307,0.452145116362438,0.941623367684697,-0.999815391768339,4.75666103864598,7.9392569288637
4,0.00556585688673825,0.280196458170541,0.1519672010968,0.00495646011524831,0.00540706820277426,0.00646416551321005,0.0726068046090575,0.0384692637228687,0.0323087537199286,0.885851938428394,2.90361782175488,0.420064485620809,2.05633057700546,0.297273252371248,4.76883345809996,1.55308616898561,3.32193237643521,-0.106185087320858,2.53727677536831,8.20994951946873,0.631557485943426,0.184223559059158,0.315830713200891,0.0204048352722268,1.14371899515672,3.15175131089964,0.766291726755005,0.348383302438475,0.686231397094035,0.285929748789181,0.0858848911048561,0.378529757827292,0.930850750106286,-0.0122578070776766,1.02078341531064,1.01059368617117,1.01008291391377,0.698244221970815,0.106110220094917,0.195645557934267,1.18272312206115,1.15782901841059,0.325674230948046,0.696592239091876,-0.022266470039922,0.00120464347446932,0.917147243130541,0.0311606253066177,1.02103289679982,0.814109298067821,0.67,0.1,1.025,0.7,0.6,0.25,0.4,0.005,0.975,0.8,0.1,1.09745516345574,0.542116563111515,0.438982065382295,0.192298491643636,0.452321269926802,0.941618920481971,-1.00070556093347,4.75755082807411,7.93826440724719
5,0.00548558855403755,0.280413000397697,0.151881922403806,0.00482924848649113,0.00539344021935984,0.00617043124963512,0.0728060609939069,0.0385551345802927,0.0323739423150822,0.884949141792923,2.89832027915882,0.419028193193437,2.05456780507833,0.296850171161648,4.76895072577466,1.55369424865977,3.32144986624568,-0.106193389130794,2.53739796289422,8.2026191692846,0.630083254147438,0.184737950851986,0.316253085981053,0.0203982789231474,1.14414631659923,3.15542511663467,0.766578032121485,0.348359662254512,0.686487789959539,0.286036579149808,0.0859833784104591,0.378606164942208,0.927037819180446,-0.0130946973970102,1.02058911713284,1.01051301649681,1.00997127248392,0.698180230956936,0.106040955662073,0.195778813380991,1.18307714542729,1.1580844361969,0.325793730738827,0.696473932576884,-0.0222676633157105,0.00145545683573535,0.91694731914026,0.0311273275952529,1.02084140588532,0.811354566684604,0.67,0.1,1.025,0.7,0.6,0.25,0.4,0.005,0.975,0.8,0.1,1.09796582333877,0.542275687788073,0.439186329335508,0.192362269802168,0.452967689370969,0.943605427276139,-1.00143749618032,4.75729577976342,7.93596723684415
6,0.00538072351364023,0.280501997731102,0.151799106610826,0.00482818861118917,0.00537638448076128,0.00569547031900708,0.0732344585788276,0.0387439235045952,0.0325193966972504,0.881103002941554,2.88353147011605,0.416506309397564,2.04989672139674,0.295958648970418,4.76745997491513,1.55341910070399,3.3202164818865,-0.106175607675362,2.53405586001932,8.182489980809,0.626668223245704,0.185580208917246,0.317021765905755,0.0203788725530846,1.14462233913186,3.15843070519542,0.766896967218343,0.347800095612312,0.686773403479113,0.286155584782964,0.0860464525434674,0.378720508722302,0.922255866240595,-0.0139702358689679,1.02042222519801,1.01040762713121,1.00991144345895,0.698177217743228,0.105982677909454,0.195840104347318,1.18375950767321,1.15856430859775,0.32583789038143,0.696433006119865,-0.0222708965012954,0.00165604722946169,0.916541258622175,0.0311096990487568,1.02064706193866,0.807993215745971,0.67,0.1,1.025,0.7,0.6,0.25,0.4,0.005,0.975,0.8,0.1,1.09842737306331,0.54244180287989,0.439370949225323,0.192284937077125,0.454070625407241,0.947610855987513,-1.00182038961191,4.7555497336603,7.93207859994314
7,0.00524950192082759,0.280417324484657,0.151726611650411,0.00487968990323417,0.00535982132216506,0.00505634013270773,0.0738910105738412,0.0390348420874388,0.0327443667661018,0.874240604078674,2.85954481847085,0.412572746454382,2.0423494116786,0.294616715327777,4.76398401723507,1.55199514274222,3.31811924832682,-0.106130373833972,2.52689287278255,8.14976170319625,0.621406655407186,0.186714667987506,0.318124661238875,0.0203475674589986,1.14511552390663,3.16040102879268,0.76722740101744,0.346726013552088,0.687069314343976,0.286278880976657,0.086057542025851,0.378850964498544,0.916513674098405,-0.0148878282570614,1.02029424290734,1.01027574943043,1.00991659305151,0.698253838017639,0.105943688914311,0.195802473068049,1.18476705128465,1.15926598273134,0.325776731644647,0.696500919466266,-0.0222776511109126,0.00181156094956357,0.91593041517596,0.031100553890014,1.02046418172238,0.804028562499477,0.67,0.1,1.025,0.7,0.6,0.25,0.4,0.005,0.975,0.8,0.1,1.09878007000379,0.542569111505512,0.439512028001518,0.19206021300104,0.455600304528277,0.953586872841056,-1.00176211458723,4.75202436086431,7.92633064549105
8,0.00508190517737921,0.280124011662152,0.151644679002988,0.00480243401973968,0.00534532233008211,0.00429374438415264,0.0747454833164322,0.0394134960844644,0.0330372613219406,0.864747235419379,2.82829219874954,0.407490795584364,2.0323695073934,0.29285950141835,4.75835160768949,1.54924863168879,3.31516140474457,-0.106058428743866,2.51605452769735,8.10676034305424,0.614596451885865,0.188063711676476,0.319515767216701,0.0203045836270174,1.14561535737154,3.16113043117609,0.767562289438933,0.34523069011839,0.687369214422925,0.286403839342885,0.086005051087288,0.378983754388963,0.909851962090473,-0.0158322791039214,1.0202143727488,1.01010731470327,1.01000592501253,0.698436840056505,0.10591423041423,0.195648929529265,1.18606035178188,1.16016352862567,0.325585152047861,0.6967037491263,-0.022288901174161,0.00192904449399335,0.91514090746174,0.0310739793715719,1.02030466711669,0.799464519579219,0.67,0.1,1.025,0.7,0.6,0.25,0.4,0.005,0.975,0.8,0.1,1.09897165415392,0.542617073804844,0.439588661661567,0.19170779552102,0.457472671674723,0.961230465860256,-1.00136146322428,4.74654430381474,7.91851320329892
9,0.00487867254146191,0.279610396616275,0.151517038421945,0.00448274211712363,0.00532893580059746,0.00348563766839294,0.075722851555334,0.0398455592747633,0.0333710252853013,0.853566409595189,2.79344438960056,0.401751129512985,2.02100639525274,0.290790566948949,4.75066710288585,1.54515130884785,3.31147713743625,-0.105961343398244,2.50231472445649,8.0582211629996,0.606830923114353,0.189482406058098,0.321084328726522,0.0202505700506631,1.14612301435319,3.16063722239169,0.767902419616637,0.343517952126549,0.687673808611914,0.286530753588298,0.0858854000446422,0.379111331600173,0.902356071882244,-0.0167612985170256,1.02018733702494,1.00990306590417,1.01018342400176,0.698749793706032,0.105872499340283,0.195377706953684,1.187534833534,1.16118628605424,0.325249333490234,0.697055185234624,-0.0223045187248581,0.00201830232008537,0.91423945041133,0.031008719790002,1.02017714795788,0.794305591144534,0.67,0.1,1.025,0.7,0.6,0.25,0.4,0.005,0.975,0.8,0.1,1.0989662201456,0.54255662758688,0.439586488058241,0.191273184035979,0.459512591801357,0.969826133249769,-1.00083916086344,4.73914578188684,7.90853436115992
10,0.00466379151613906,0.278904964686779,0.151311927087309,0.00394251041625271,0.00530340768438897,0.00276711743483427,0.0766784009249442,0.0402663416641671,0.0336953229831961,0.84237906053175,2.76085463375104,0.3961924573264,2.01016020326908,0.288660839623888,4.74138094480525,1.53989036988697,3.30733336492973,-0.105842790011459,2.48728345453218,8.01194089606386,0.599200770198575,0.190720916936739,0.322611547960321,0.0201902632597466,1.1466337261225,3.15923627203915,0.768244596502078,0.341954095565765,0.687980235673502,0.286658431530626,0.0857068928232883,0.379225742655759,0.8941644370926,-0.017595870270109,1.02020993582434,1.00968711047372,1.01042186756814,0.699194650651599,0.105796489999231,0.195008859349169,1.18898151234156,1.16219170326213,0.324776766057636,0.697546432842641,-0.0223231989002773,0.00209434113941458,0.913356994268674,0.0309007651866073,1.02008534256584,0.788556868434944,0.67,0.1,1.025,0.7,0.6,0.25,0.4,0.005,0.975,0.8,0.1,1.09875639893144,0.542375062941839,0.439502559572576,0.190840577602275,0.461404485374238,0.978011550722666,-1.00043763278185,4.73020404525054,7.89651493284084
11,0.00446482703941593,0.278083460868111,0.150998720723835,0.00318155423558464,0.00526238541746182,0.00230142382500209,0.077422054827473,0.0405916793218048,0.0339449560513288,0.833322057377967,2.7376097447509,0.391846766714273,2.00219330443978,0.286799070278777,4.73134431331055,1.5339109858456,3.30314337857841,-0.10571005111345,2.47322198946426,7.97749205924855,0.593067433484106,0.191481927088752,0.323819796996725,0.0201316476045069,1.14715078302377,3.15758428919749,0.768591024625924,0.340993071045952,0.68829046981426,0.286787695755942,0.0854929808480577,0.379316859108662,0.8854695542988,-0.0182429833987099,1.02026669515885,1.00948715117461,1.01067823792675,0.699749820465913,0.105661327717086,0.194588851817,1.19012898285972,1.16299659876152,0.324201935919843,0.698140562101009,-0.022342498020852,0.00217962793059904,0.912665156402958,0.0307437925199809,1.02002569967634,0.782224024745711,0.67,0.1,1.025,0.7,0.6,0.25,0.4,0.005,0.975,0.8,0.1,1.0983797382244,0.542074964529612,0.439351895289762,0.190529951113338,0.462765101934741,0.984033387836779,-1.00046112799656,4.72046334556982,7.88283075583463
12,0.00430486952382943,0.277257401000013,0.150552546508121,0.00222955866683305,0.00519974414476709,0.00221375150260106,0.0777884423691108,0.0407488738260489,0.0340638077708224,0.82826990342219,2.72952104161124,0.389549585145246,1.99910130350128,0.28548245627204,4.72167079090306,1.52784536215603,3.29939737020978,-0.105571941462754,2.46238033382101,7.96292106135243,0.589542150218437,0.191544729776591,0.32448006401149,0.0200820502639055,1.14769773915001,3.15658045368394,0.768957485230508,0.341013678126407,0.688618643490007,0.286924434787503,0.0852796615338066,0.379378767249151,0.876471693729113,-0.0186500942682081,1.02032875322354,1.00932639387145,1.01090069517541,0.700373324716806,0.105442987542474,0.19418368774072,1.1907437499437,1.1634444596192,0.323581509564674,0.698777512494093,-0.0223590220587666,0.00230287645232269,0.912312683952751,0.0305364046512376,1.01998542768552,0.775313309828982,0.67,0.1,1.025,0.7,0.6,0.25,0.4,0.005,0.975,0.8,0.1,1.09792514662296,0.54168077775171,0.439170058649183,0.190454109201109,0.463295863163682,0.986409991514568,-1.00122297293813,4.7109123859677,7.86804174919193
13,0.00419900513639078,0.276566987423434,0.149948122649143,0.00107528846463389,0.00511050930162416,0.00260762952607685,0.0776212307124851,0.0406688734777945,0.0339984350611358,0.829137533578268,2.74239615778768,0.390119013596396,2.00278176836215,0.284968736725501,4.71367962332908,1.52248297444767,3.29663519677605,-0.105438547894642,2.45724156399851,7.97624902575001,0.589698012020093,0.190734114239602,0.324385062301947,0.0200488095928381,1.14831506561408,3.15732828556941,0.769371093961431,0.342359886350892,0.688989039368445,0.287078766403519,0.085113058267034,0.379421934483611,0.867362298391225,-0.0187832956303079,1.02035908625525,1.00922000016207,1.01103732198271,0.701009048512022,0.105114990784439,0.193875960703538,1.1906095272283,1.16339089997635,0.32299245941977,0.699376168980451,-0.0223686284002205,0.00249172235558563,0.912438711005489,0.0302723967182055,1.01994288381263,0.76783154372604,0.67,0.1,1.025,0.7,0.6,0.25,0.4,0.005,0.975,0.8,0.1,1.09751949078905,0.541251122633838,0.43900779631562,0.190732163350063,0.462740192855562,0.983794553731493,-1.00307812527773,4.70269992059812,7.85287133548109
14,0.00415671724098151,0.276169753333195,0.149163100919193,-0.000271786414778319,0.00498962452982843,0.003546154566477,0.0767960381295706,0.0402956284948963,0.0337050492372138,0.837808508977287,2.78181326536352,0.394316444672385,2.01489166401462,0.285473956921527,4.70879310730013,1.51870979152394,3.29540320502001,-0.105319889243823,2.46042318741446,8.02508421447128,0.594508448769945,0.188950752855005,0.323375812128693,0.0200379364198572,1.14905892788113,3.16103094269334,0.769869481680356,0.345277069184156,0.689435356728677,0.287264731970282,0.0850458659417674,0.379469749624785,0.858326807878108,-0.0186099492614294,1.02031739977059,1.00917750082719,1.01103859225386,0.701590507099142,0.104651415614377,0.193758077286481,1.18955712777636,1.16272143584654,0.322526336771187,0.699840305120786,-0.0223666418919731,0.00276257458456495,0.913152141047705,0.0299488706671709,1.01987127378537,0.759786110036744,0.67,0.1,1.025,0.7,0.6,0.25,0.4,0.005,0.975,0.8,0.1,1.09732026572527,0.540870701335134,0.438928106290108,0.191473152104254,0.460918169297574,0.975189037284013,-1.00638762147193,4.69704645612364,7.83817538237876
15,0.00416482696632055,0.27620068884742,0.148184915491245,-0.00175689572548621,0.00483262018383868,0.00494517781710813,0.0753424773305463,0.0396396054872556,0.0331907695844452,0.854964638179211,2.84901419913273,0.402222484501911,2.03543992899965,0.286955704940849,4.70817302229292,1.51728255857107,3.29611048144504,-0.105220017723189,2.47347927634841,8.11113644584923,0.604005581453575,0.186358056729621,0.32152225234344,0.0200474097340037,1.15001249400736,3.16866886331689,0.770508370984928,0.349635670246987,0.690007496404413,0.287503123501839,0.0851259771314963,0.37955795491329,0.849496662571622,-0.0181686628847697,1.02016549916841,1.00918565110115,1.010879909019,0.702057081280525,0.104034269259584,0.19390864945989,1.18763850381811,1.16146811604397,0.322265675317012,0.700082699943386,-0.0223483752603979,0.00311464433623413,0.914421144325874,0.0295705561694335,1.0197443610612,0.751184948632808,0.67,0.1,1.025,0.7,0.6,0.25,0.4,0.005,0.975,0.8,0.1,1.09750103165337,0.540636886990714,0.439000412661347,0.192700058131631,0.45797166771254,0.961061083395196,-1.01139767186374,4.69493232008011,7.82472861730141
16,0.00418438004034307,0.276728956637662,0.147014941999335,-0.00329498916303161,0.00463698309824889,0.00655847489926753,0.0734777684741329,0.0387940593567823,0.0325267337923737,0.879417224389041,2.93867181274521,0.412918573858709,2.0621798113686,0.28903138512601,4.71231823910765,1.51858321960932,3.29886647465832,-0.105131455159982,2.49602049446772,8.22728030775793,0.61688371643323,0.183402018831892,0.319169615045614,0.0200652126084917,1.15126887355588,3.18067527671047,0.771350145282437,0.354885547404026,0.690761324133525,0.287817218388969,0.0853819683625269,0.379742739222632,0.840881638263657,-0.0175991297820797,1.01987845379287,1.00920530194054,1.01057579843447,0.702373510402634,0.103259400893713,0.194367088703653,1.18517243894396,1.15984258488507,0.322258205520561,0.700051717053655,-0.0223099225742156,0.00352839105896407,0.916044580439683,0.0291487154075805,1.01954270911959,0.742036547822107,0.67,0.1,1.025,0.7,0.6,0.25,0.4,0.005,0.975,0.8,0.1,1.09820506305863,0.540656408019922,0.439282025223452,0.194318506933284,0.454415792051511,0.943585768841354,-1.01812962548752,4.69674101571292,7.8129647860532
17,0.00416429612330541,0.277749669712286,0.145655881989933,-0.00488208096991594,0.00440298839986708,0.00810772271791094,0.0714820589166186,0.0378819414181225,0.0318077346267775,0.908873047460436,3.04188332027868,0.424946635065185,2.09179833180697,0.291156850752211,4.72102398357886,1.52258397036718,3.30347613614175,-0.105036122930072,2.52621814209676,8.36156201025089,0.631142579053488,0.180579274581324,0.316752215446617,0.0200752161661652,1.15289778421161,3.19691376727214,0.772441515421778,0.36036009728142,0.691738670526965,0.288224446052902,0.0858181503121827,0.380093521998654,0.832371545779753,-0.0170657899292516,1.01945324826544,1.00918511760392,1.01017467507438,0.702540466281111,0.102329151249794,0.195130382469094,1.18256593514985,1.15811976346624,0.322511382237227,0.699737206917681,-0.0222485891549081,0.00397232461243089,0.917766616735518,0.0286852495492388,1.01925761648819,0.732349935971741,0.67,0.1,1.025,0.7,0.6,0.25,0.4,0.005,0.975,0.8,0.1,1.09949754141663,0.541027229378935,0.439799016566654,0.196182768262779,0.450866861980693,0.925428794308468,-1.02645357307489,4.70218627209996,7.80290568337475
18,0.00407014209244907,0.279214335524267,0.14410469703445,-0.00656247464363768,0.00413117639798655,0.0094262919829573,0.0695440187112728,0.0369877786187565,0.0310995853449823,0.941414864038713,3.15154922681136,0.43712599038502,2.12179112030617,0.292912936125663,4.73368884500055,1.52902090936642,3.30957941592878,-0.104911480294649,2.56219941022309,8.50434795667379,0.645192669844929,0.178185626476367,0.314556915092449,0.0200652236288958,1.1549196070474,3.2169295861001,0.773796136721758,0.365626941722804,0.69295176422844,0.28872990176185,0.0864219896584042,0.380667415256789,0.823807494672009,-0.016660619970675,1.01890602614897,1.00909049280291,1.00972710913051,0.702583171534135,0.101245535075429,0.196171293390436,1.18009030157421,1.15648574272361,0.323008326096201,0.69915440642138,-0.0221627325175803,0.00441561833570772,0.919417184048115,0.028175313365731,1.01889076620263,0.722134672598128,0.67,0.1,1.025,0.7,0.6,0.25,0.4,0.005,0.975,0.8,0.1,1.10135876871648,0.541811177209921,0.440543507486594,0.198183787699348,0.44771484407404,0.90831651969449,-1.03620846308421,4.71058737245599,7.79431527896
19,0.00390231139502958,0.281067174549944,0.142367235457967,-0.00828206866835446,0.00382093940688999,0.0104821969953752,0.0677234858390196,0.0361397580534515,0.0304247853867875,0.976186410825329,3.26457758842399,0.448916860630532,2.15118058902082,0.294141039640271,4.74962866679734,1.53758003583828,3.31678495199406,-0.104736321035001,2.60286673536136,8.65129216257495,0.658351791190695,0.176275208490752,0.312655605597381,0.0200302119548928,1.15730181579296,3.24019331240266,0.77539221658128,0.37055905370567,0.694381089475773,0.289325453948239,0.0871749197930075,0.381485644119987,0.815054264918911,-0.0163791457617462,1.01826132657498,1.008921822952,1.00925691506568,0.702526223174865,0.100016716230132,0.197457060595003,1.17782440894476,1.15499512298851,0.323726367618298,0.698325108061637,-0.0220514756799348,0.00483542785776684,0.920945246992222,0.0276274544106182,1.01845135101421,0.711400838932914,0.67,0.1,1.025,0.7,0.6,0.25,0.4,0.005,0.975,0.8,0.1,1.1037199623341,0.543019792764422,0.441487984933641,0.200268642181819,0.445044747489174,0.892726793154813,-1.04718815996728,4.72122583126478,7.78690835974693
20,0.00367745148563175,0.283257018666683,0.140466773063393,-0.00992193523788587,0.00347344709159336,0.0112916863717094,0.0660320612071297,0.0353448491935325,0.029789509293155,1.01277426091952,3.37951657707457,0.460090431364805,2.17960827975213,0.294811873563671,4.76816793788327,1.54795148312601,3.32471064990534,-0.104494195148081,2.64748698194584,8.80022274881186,0.670378351921528,0.174819022429442,0.311042545901826,0.0199702421411326,1.15998475312818,3.26615656975324,0.777189784595878,0.375122554190876,0.695990851876906,0.289996188282044,0.0880577845291321,0.382534480773872,0.806020516253128,-0.0161824180488945,1.01754289760731,1.00869583874306,1.00877078949317,0.70238342985392,0.0986615338447784,0.198955036301301,1.17577166117414,1.15364914114646,0.324642819483505,0.697272137478612,-0.0219149569621176,0.00521661823174967,0.922344978026877,0.0270608886013825,1.01795326413175,0.700159027974015,0.67,0.1,1.025,0.7,0.6,0.25,0.4,0.005,0.975,0.8,0.1,1.10650358701873,0.544623441434874,0.44260143480749,0.202411632608016,0.442838672840724,0.878686087466987,-1.05911788592786,4.7334696528886,7.78040863857183
21,0.00340759178920511,0.285729849801815,0.138439949214034,-0.0113804849290429,0.00309335461267857,0.011850350257149,0.0645022459131417,0.0346195708273484,0.029207409972819,1.05029878824529,3.4932221156653,0.470233239437059,2.20637535658973,0.294879877905711,4.78859155887128,1.55979366162326,3.33297028494937,-0.104172387701352,2.69486745975226,8.94694734923938,0.680825890539158,0.173825003575315,0.309739477391203,0.01988516089774,1.16290298719113,3.2942209409162,0.779145001418058,0.379237682809893,0.697741792314679,0.290725746797783,0.0890499936916066,0.383785116061833,0.796628825640396,-0.016062658875915,1.01677078045426,1.00842462974815,1.00827642489076,0.702163464420489,0.0972074743543225,0.200629061225188,1.17396828893691,1.15247266233483,0.325731197251935,0.696023088202982,-0.0217542854549168,0.00555257459511259,0.92359128392341,0.0264947746187994,1.01741212218903,0.688420334031607,0.67,0.1,1.025,0.7,0.6,0.25,0.4,0.005,0.975,0.8,0.1,1.10963478007376,0.546575171607056,0.443853912029504,0.204564114331974,0.441121609263504,0.866399924885319,-1.07164997746616,4.74671562084214,7.77451507821456
22,0.00308947799684828,0.288417572762292,0.136322480718994,-0.0126483364192349,0.00268798984280672,0.0121197924156382,0.0632041008749106,0.0339977993786506,0.0287058089173454,1.08706362224247,3.59986760858874,0.478591187167937,2.23013902797585,0.294214125637071,4.81008230744108,1.57268526143889,3.34115766710732,-0.103760621105127,2.74299005667119,9.08398758151592,0.688817762765003,0.173368220212737,0.308835587266271,0.0197730710651218,1.16600021664237,3.32369989389079,0.781220145150389,0.382737329218349,0.699600129985423,0.291500054160593,0.0901270472229124,0.385207835728128,0.786782283564866,-0.0160564632811976,1.01596335575265,1.00810492538683,1.00779525044261,0.701882422380522,0.0956823529919695,0.202435224627508,1.17250958560644,1.15153350111405,0.326955998030099,0.694615487543106,-0.0215714855732044,0.0058424180004978,0.924624558657806,0.0259369547912859,1.0168432909782,0.676196341779381,0.67,0.1,1.025,0.7,0.6,0.25,0.4,0.005,0.975,0.8,0.1,1.11303563138222,0.548821032476704,0.44521425255289,0.206653269352409,0.440010431118672,0.856413307178848,-1.08442798343217,4.7602811533239,7.76883205150051
23,0.00271818047439548,0.291248595479452,0.134136379816311,-0.0138080643626651,0.00226449614379876,0.0121024319186893,0.0621649085834781,0.0334936793520585,0.028296418466262,1.12181945050754,3.69567447308598,0.484722154069901,2.25014085793283,0.292758737397873,4.83185843256505,1.58619916849728,3.34891177381792,-0.10325250975016,2.79020853102144,9.20648630357326,0.69386219678126,0.173453058223969,0.308359100099717,0.0196338150636463,1.16922152733061,3.35394534755234,0.783378423311508,0.385566271426806,0.701532916398365,0.292305381832652,0.0912631462073536,0.386778521948316,0.776380168614346,-0.0161857737458831,1.0151396360995,1.00773177137677,1.0073510282529,0.701564852535718,0.0941053695255052,0.204329777938776,1.17143316397031,1.15086061888519,0.328279313359774,0.693089795687179,-0.0213691090469533,0.00608967442970192,0.925422553988351,0.0253821465559528,1.01626042368504,0.663499114821871,0.67,0.1,1.025,0.7,0.6,0.25,0.4,0.005,0.975,0.8,0.1,1.11661583455911,0.551308293952233,0.446646333823643,0.208636501430717,0.439530428277859,0.848887812504453,-1.09720104464576,4.77348852599115,7.76293687830738
24,0.00229908343685973,0.294162549978369,0.131893705986461,-0.0149226304894821,0.00182727596326204,0.0118506001723473,0.0613554188737409,0.0330949185712779,0.0279699629693345,1.15426295184585,3.78045051115283,0.488691450016262,2.2665655850504,0.290581543646973,4.85330461878587,1.59998042414493,3.35597049295646,-0.102646298315514,2.83579923342961,9.31412036116544,0.696096488334592,0.173991649770322,0.308250054797553,0.0194697929868716,1.1725138801797,3.38445087151521,0.785584299720399,0.387807258151077,0.70350832810782,0.293128470044925,0.0924357923314895,0.388468016928597,0.76534541916284,-0.0164344788674185,1.01431643086248,1.00731057885404,1.00695500688219,0.701234608254236,0.0924884312486151,0.206276960497149,1.17069453771669,1.15042472982897,0.329668246651668,0.691481527857177,-0.0211497745088455,0.00630113329636973,0.926013276360209,0.0248256083320665,1.015674467153,0.650341183789128,0.67,0.1,1.025,0.7,0.6,0.25,0.4,0.005,0.975,0.8,0.1,1.12028740520402,0.553977245783277,0.44811496208161,0.210510576555629,0.439581919045551,0.84348561929061,-1.10982851508849,4.78580271631393,7.75646693789173
25,0.00185600513061357,0.297121938095355,0.129613986000881,-0.0159296141360302,0.00137874119729209,0.0114529955424485,0.06070094162431,0.032767841561284,0.027700185097761,1.18507156517806,3.85730510361341,0.491047768942637,2.2804504572342,0.287886379935929,4.87402107063231,1.61379187129413,3.36217477395503,-0.101945574616848,2.88005670273894,9.4107419619815,0.696275535458794,0.174822153749644,0.308369701469189,0.0192869611970765,1.1758186645459,3.41489089474644,0.78779850524575,0.389654222800846,0.705491198727537,0.293954666136474,0.0936288874828964,0.390240430955419,0.753638977158338,-0.0167540152913271,1.01350571990578,1.00686528515627,1.00659515711526,0.700900554272823,0.0908465146295271,0.20825293109765,1.1701785042477,1.15014441927943,0.331100717026971,0.689815395795336,-0.0209161128223073,0.00648497448399297,0.92646597050531,0.0242777253539568,1.01509331905742,0.636735533970506,0.67,0.1,1.025,0.7,0.6,0.25,0.4,0.005,0.975,0.8,0.1,1.12398042838343,0.556770041878894,0.449592171353371,0.212302709418505,0.439962130988924,0.839470315390998,-1.12217375683132,4.79693553309178,7.74919163340576
26,0.00141990307492905,0.300106742315011,0.127337766710625,-0.0166549337942885,0.000922797200176184,0.0109777887897715,0.0601415006920465,0.0324853775284593,0.0274660100762596,1.21486631693413,3.92874104901018,0.492314089448084,2.29270870564933,0.284898005881902,4.89372193264729,1.62746969831581,3.36741099019931,-0.101158755867832,2.92331732823855,9.4995288781954,0.695146232886445,0.175812691084204,0.308595781845587,0.0190928934242916,1.17907522836798,3.44503682702283,0.78998040300655,0.391261642770434,0.707445137020791,0.294768807091996,0.0948313780955981,0.392052754497543,0.741239968603664,-0.0171062478354862,1.01271315930917,1.0064270025903,1.00624601357345,0.700552626513372,0.0892068069234752,0.210240566563153,1.16978752977012,1.14994877133712,0.332562765255552,0.688108363438607,-0.020671128694159,0.00664965998695673,0.926837249857312,0.0237640848445176,1.01452187313475,0.622695592499745,0.67,0.1,1.025,0.7,0.6,0.25,0.4,0.005,0.975,0.8,0.1,1.12765318850956,0.559633551655894,0.451061275403824,0.214029557639812,0.440503354303957,0.836245325810579,-1.13398023487838,4.80679232759259,7.74098797829746
27,0.00102088787574269,0.303104442994154,0.125129551246698,-0.0168819571724365,0.000467553342125004,0.0104610051419036,0.0596468481443119,0.032234160397849,0.0272571871700726,1.24381604832037,3.99538833268539,0.492847900942226,2.30381384222114,0.281829948098263,4.91211755488991,1.64086572268139,3.37155127651541,-0.100299444306887,2.96553256465569,9.58137684759585,0.693275134833709,0.176884670521142,0.308847638049448,0.0188967301001076,1.18221744922337,3.47467626452794,0.792085690979657,0.392714995132272,0.709330469534021,0.295554362305842,0.0960338768672113,0.393861449104114,0.72811082082795,-0.0174863448352978,1.01193966896674,1.00602599231512,1.00587825433617,0.70016538188585,0.0876113800338497,0.2122232380803,1.16946605257262,1.14979565970862,0.334044473558163,0.68637430575285,-0.0204187793110128,0.00680539794985389,0.927157311905454,0.0233178426180825,1.01396164084971,0.608235215104014,0.67,0.1,1.025,0.7,0.6,0.25,0.4,0.005,0.975,0.8,0.1,1.1312837102089,0.562526310631459,0.452513484083561,0.215688077197353,0.441106695703217,0.833483986584985,-1.14482210265533,4.81536414644545,7.73179100236201
28,0.000678187095440883,0.306105602275778,0.123059971792866,-0.0165140122272565,2.59102493396224e-05,0.00992756993061161,0.059195115534891,0.0320044291433842,0.0270661832395373,1.27203006731871,4.05769505676279,0.493026621194983,2.31408524523805,0.278890811208051,4.9289191173389,1.65384462135465,3.37446230620449,-0.0993878102202386,3.00662434665065,9.65686052771466,0.691238818704303,0.177977475546853,0.309062308439584,0.0187091965215077,1.1851804127999,3.50361674191165,0.794070876575936,0.394075206709131,0.711108247679943,0.296295103199976,0.0972278175695728,0.395626487645681,0.714194127747315,-0.0179008012379792,1.01118450981563,1.00568157803092,1.00547184308127,0.69970898973807,0.0861061685403819,0.214184841721548,1.16917469567231,1.14965538455622,0.335539006013507,0.684625214143347,-0.0201642201568546,0.00696192362083198,0.927447749598574,0.0229595193100606,1.01341105091856,0.59336867242998,0.67,0.1,1.025,0.7,0.6,0.25,0.4,0.005,0.975,0.8,0.1,1.13485876017284,0.565415756332901,0.453943504069136,0.217280560018572,0.441701211464038,0.830952714096518,-1.1542472729306,4.82266535901975,7.72157641064413
29,0.000404138562173488,0.309111072481359,0.121187046246486,-0.0156017165941111,-0.000388005641426714,0.00942659443073723,0.0587347225333531,0.0317722036055773,0.0268740278628217,1.3004082723681,4.1189245005484,0.493558835482703,2.324321206435,0.27632716589854,4.94395579760466,1.66634520054667,3.3760619503811,-0.098451353323114,3.04732930631683,9.72986483146068,0.689977112190256,0.178984041257237,0.309139246431405,0.0185424641321269,1.18790570160478,3.53176772952728,0.795896820075205,0.395467997628808,0.71274342096287,0.296976425401196,0.0984082078551798,0.397314747739975,0.699444647114509,-0.0183302400950827,1.01044697025904,1.00540615925498,1.00501370611037,0.699154943229201,0.0847285224385767,0.216116534332222,1.16883489213968,1.1494716162572,0.337046945555774,0.682866532102895,-0.0199134776586691,0.00712576684909301,0.927755433190516,0.0226920475545817,1.01286652668184,0.578110635960404,0.67,0.1,1.025,0.7,0.6,0.25,0.4,0.005,0.975,0.8,0.1,1.13836972445504,0.568278536235315,0.455347889782016,0.218845597662454,0.442161282595783,0.82818300696094,-1.16196235328529,4.82877505633876,7.71040126890573
30,0.000203717915971072,0.312136654718069,0.119544628266098,-0.0143050075226191,-0.00076259075070273,0.00901795490045232,0.0581974765844903,0.0315053695374955,0.0266551360283371,1.33049409507815,4.18442842044407,0.495313126489675,2.3356222977876,0.274368164438173,4.95724940847635,1.67841674656256,3.37635502901733,-0.0975223671035456,3.0891131456923,9.806733390997,0.690566055978931,0.179778589950482,0.30896475940349,0.0184071321546282,1.19035460903655,3.55918450696679,0.797537588054486,0.397051618870317,0.714212765421928,0.297588652259137,0.099576285898898,0.398900472399005,0.683852136087628,-0.0187375912695836,1.00972467896232,1.00520473650555,1.00449653915528,0.698479481351897,0.0834994699497096,0.218021048698393,1.16834751569895,1.14917427889682,0.338578233262131,0.681094443875172,-0.0196726771373028,0.00730144766807616,0.928140877934833,0.0225038276410973,1.01232319052518,0.562476163535156,0.67,0.1,1.025,0.7,0.6,0.25,0.4,0.005,0.975,0.8,0.1,1.14181963729395,0.571098340107198,0.456727854917578,0.220446095834076,0.442339063139684,0.824592813509419,-1.16793995413722,4.83386429975358,7.69841607763506
31,7.69425512133007e-05,0.315209134796066,0.118146202637032,-0.0127762488543872,-0.00109107434678035,0.00874156698967288,0.0575327392737661,0.0311797728878816,0.0263901460788147,1.36373185760904,4.2588846238994,0.498965812552573,2.34885473792346,0.273162143947255,4.96896707189809,1.69019098259466,3.3754091049957,-0.0966330156922614,3.13346072025872,9.89299595157656,0.693804544072689,0.180276578632995,0.308461366923186,0.0183096032651228,1.19251197012079,3.58602168903989,0.798983019980931,0.398937502204164,0.715507182072475,0.298127992530198,0.100738698577975,0.400369137815751,0.667438200785728,-0.0190919061733241,1.0090132187585,1.00507732726397,1.00391600863711,0.697663708282437,0.0824263178512401,0.219909973866322,1.16764024629341,1.14871222524705,0.340149362661875,0.679297941836801,-0.0194473044986755,0.00749083273845022,0.92864844232099,0.0223815937332868,1.01177572221757,0.546480684490946,0.67,0.1,1.025,0.7,0.6,0.25,0.4,0.005,0.975,0.8,0.1,1.14522657620808,0.573871240631695,0.458090630483233,0.222132975758632,0.442134746671258,0.819774453443302,-1.17235633243573,4.83816065666587,7.68583140127187
32,7.13877613850965e-06,0.318343804839248,0.116989261393597,-0.0111497902791612,-0.00137075947259357,0.00856033965799385,0.0567725345641096,0.0308098328828996,0.0260902597813212,1.39980869597097,4.34081060683286,0.50434925647279,2.36351814149476,0.272644889091456,4.97922213704285,1.70175573728775,3.37327506801934,-0.0958086682642411,3.1802119163234,9.98676898928112,0.69943388916587,0.180548690932579,0.307690683578665,0.0182484118658651,1.19439543596196,3.61236990130274,0.800244942094515,0.401030119735658,0.716637261577178,0.298598858990491,0.101901207867893,0.401719431450009,0.650214974162928,-0.0194148310955294,1.00830722264841,1.00500717447002,1.00328360658732,0.696702405543116,0.0815066998356314,0.221790894621252,1.16676520591489,1.14812332785157,0.341771403333678,0.677470290574811,-0.0192416939084885,0.00769350195423419,0.929247917395313,0.0223119351457242,1.01121908669105,0.530139984434434,0.67,0.1,1.025,0.7,0.6,0.25,0.4,0.005,0.975,0.8,0.1,1.14861802647385,0.576601183308457,0.459447210589539,0.22388848895447,0.441638612312246,0.814049157612619,-1.17546985042274,4.84177324662701,7.67279351207723
33,-2.26339610588759e-05,0.321545560795833,0.116058271868892,-0.00954730380558133,-0.00160214772128064,0.00843927988617477,0.0559503447331621,0.0304107399901398,0.0257673196137245,1.43828154678821,4.4284658148204,0.51122483966337,2.37906747374642,0.272722271846678,4.98807162110069,1.71315726628189,3.36998170191245,-0.0950673470936494,3.22903776154697,10.0858615297806,0.707099831778996,0.180665775908868,0.306718512543292,0.0182200673625976,1.19602868516256,3.63827632338397,0.801339219058915,0.403244981240926,0.717617211097536,0.29900717129064,0.103066827431998,0.402967245816911,0.63217808661919,-0.0197364649362164,1.00760413272703,1.00497725286914,1.00261386996611,0.695601929598651,0.0807303578578863,0.223667712543462,1.16577696595983,1.14744745995477,0.343450815548537,0.675608122316517,-0.019058937865054,0.00790864175245193,0.929907831747506,0.0222809202582041,1.01064864203774,0.513470189663738,0.67,0.1,1.025,0.7,0.6,0.25,0.4,0.005,0.975,0.8,0.1,1.15200833258365,0.57930725702474,0.460803333033462,0.225690407500376,0.44093970918146,0.807741867855703,-1.17759105268679,4.84469861067933,7.65938564310663
34,-3.05228887137812e-05,0.32482106141297,0.115314351296442,-0.00818677094645448,-0.00178834562622154,0.00838017569263094,0.0550608570161592,0.0299793136934214,0.0254184867837756,1.47970557747264,4.52369813838532,0.519704462615299,2.3956129311893,0.273330731927088,4.9956534917753,1.72447435683051,3.3656002222851,-0.0944210873403055,3.28057111369463,10.1923158653488,0.716834967344478,0.180631057017843,0.305558634578389,0.0182208601423959,1.19744318786039,3.66385291673731,0.802286935866458,0.405595563772844,0.718465912716231,0.299360796965096,0.104239877626361,0.404132874777107,0.613334662321757,-0.0200599166654807,1.00690317437119,1.00496932449684,1.0019242874655,0.694379147387703,0.0800718809347893,0.225548971677507,1.1646753714781,1.14668626979472,0.345194949903829,0.673705697928386,-0.0189006478322148,0.00813619204929831,0.930630696153481,0.0222615118855465,1.01005993144651,0.49648775125373,0.67,0.1,1.025,0.7,0.6,0.25,0.4,0.005,0.975,0.8,0.1,1.15540182749541,0.582006064406571,0.462160730998165,0.227556289794604,0.440045810315473,0.800850722902482,-1.17920406312426,4.84692006513544,7.64567598781247
35,-4.67875462286313e-05,0.328159937848067,0.114703107375824,-0.00722753683212418,-0.0019371297407117,0.00832208369747556,0.0541682391246018,0.0295452909866342,0.0250671894713308,1.52277769381159,4.62216856052761,0.529061153737396,2.41204670305342,0.274213530236941,5.00202389283973,1.73570880223835,3.3601859189508,-0.0938708283494203,3.33364208177697,10.3008501045713,0.727643841670974,0.18057752143843,0.304341613741972,0.0182399860460572,1.19870034818531,3.68913192958763,0.80312923328416,0.40791609605403,0.719220208911188,0.299675087046328,0.105421935711398,0.405236541581686,0.593671754340914,-0.020425933370221,1.00620320075986,1.00495297851604,1.00124406043919,0.693066471769556,0.0794968779299669,0.227436650300477,1.1635651784715,1.14591714578822,0.347001301757639,0.671765267607107,-0.0187665693647462,0.00837597722871749,0.931356631114906,0.0222294315380208,1.00944877685528,0.479209428820804,0.67,0.1,1.025,0.7,0.6,0.25,0.4,0.005,0.975,0.8,0.1,1.15880549124471,0.58470083042255,0.463522196497885,0.22944279726464,0.439123267592095,0.793968435605522,-1.18081150849869,4.84828808753579,7.63161434159898
36,-7.59056899656552e-05,0.331563016198153,0.114167814536271,-0.006716536305438,-0.00205937852483518,0.00828944755638417,0.0532473092475602,0.0290964562945837,0.024703548973184,1.56845330257762,4.72712766215607,0.539464846748303,2.42885697079783,0.275306714845112,5.00733610777973,1.74691827635251,3.35382957426113,-0.0934117428339114,3.38922231058345,10.4152812563372,0.739631337732803,0.18046696847827,0.303047775866065,0.0182715189732996,1.19983761687044,3.71423441003556,0.803891203303197,0.410283385901856,0.719902570122266,0.299959404217611,0.106616236824948,0.406310476559316,0.573199127621901,-0.0208169967884992,1.00550663901026,1.00492371478158,1.00058006813861,0.6916916888962,0.0789689284541815,0.229339382649619,1.16241250582221,1.14511658180767,0.348871783070101,0.669783194511402,-0.0186549775815029,0.00862556022184078,0.932107083054674,0.0221702138901285,1.00881184089456,0.461652273983165,0.67,0.1,1.025,0.7,0.6,0.25,0.4,0.005,0.975,0.8,0.1,1.16221029717163,0.587415582812199,0.464884118868651,0.231376052973809,0.438125512755066,0.786899163995677,-1.18289236871322,4.84873481653822,7.61717528045076
37,-0.000110344106479976,0.335056870877348,0.113652970717806,-0.00666620301894927,-0.00216643709274578,0.00834826235351938,0.0522237454086157,0.0285970383944816,0.0242988075569384,1.61943521472442,4.8471978029848,0.551710707284061,2.44750128269309,0.276662243780811,5.01194719714158,1.75828542445829,3.34669835419116,-0.0930365815078793,3.45006232500014,10.5457574380919,0.753649145098772,0.180175176502731,0.301577430351765,0.0183127755417799,1.20088201791013,3.73943399430599,0.80459095199979,0.412886860746313,0.720529210746081,0.300220504477534,0.10783349068531,0.407373519870881,0.551983992089506,-0.0211722714198074,1.0048139580717,1.00488910417299,0.999925219508331,0.690269349519234,0.0784511621683088,0.231279488312457,1.16110721020161,1.14420485009035,0.350818824560043,0.667744136670019,-0.018562961230062,0.00888154170982064,0.93294781423762,0.0220724970773257,1.00814684873185,0.443833613532937,0.67,0.1,1.025,0.7,0.6,0.25,0.4,0.005,0.975,0.8,0.1,1.16561883062051,0.590166027442204,0.466247532248204,0.233428989904468,0.436898191353579,0.779036557964516,-1.18591718639271,4.84839484256705,7.60242699120323
38,-0.000146620563793724,0.338688721709144,0.113103414809208,-0.0070938177458767,-0.00226940585643876,0.00854550051680114,0.0510376178813766,0.0280175884919797,0.0238290740825798,1.67865412631007,4.99114002196118,0.56657133436104,2.46925714553946,0.278302676644761,5.0163656655237,1.77008888385895,3.33901214676163,-0.0927353650968713,3.5192662784876,10.7024591770574,0.770498921796334,0.179614967541323,0.299857097068684,0.0183602758874039,1.20186635425932,3.76510818464026,0.805250457353742,0.415870256914489,0.721119812555589,0.300466588564829,0.109091699222737,0.408443223080227,0.530137668327851,-0.021444542515691,1.004121228477,1.00485264633339,0.999272114315411,0.688803841022429,0.0779060665533356,0.233290092424235,1.15956052676628,1.1431167701744,0.352862809827487,0.665623754207087,-0.0184865640345743,0.00914171079827761,0.933931301636064,0.0219243606830117,1.00745226375782,0.425771032336712,0.67,0.1,1.025,0.7,0.6,0.25,0.4,0.005,0.975,0.8,0.1,1.16905628191397,0.592974659482085,0.467622512765588,0.235671966249691,0.435330175603536,0.769921112700729,-1.19034844396082,4.84755157840779,7.58750131848747
39,-0.00018855014411138,0.342516412458626,0.112463847766504,-0.00802057297210401,-0.00237931703815841,0.00889529358481789,0.049660767497889,0.0273433300117429,0.0232820254232623,1.74873591011076,5.16618649383877,0.584582870424404,2.49487413185913,0.280177044140633,5.02115522938372,1.78264946916904,3.33100000147753,-0.0924942412628458,3.59973800454013,10.8935760596754,0.790674169414635,0.178765752090162,0.297866645193666,0.0184084961124445,1.20283076731565,3.79166837187624,0.805896614101489,0.419293837359586,0.721698460389393,0.300707691828914,0.110413126829838,0.409545401407753,0.507788397118088,-0.0216164872735954,1.00342160561318,1.00481050710517,0.998617747841842,0.687294547793569,0.0772957893938044,0.235409662812626,1.15773149994248,1.14182105647522,0.355027755114352,0.663393153428944,-0.0184209085432967,0.00940483200447723,0.93508120295363,0.0217135287699702,1.00672704166988,0.407482355981407,0.67,0.1,1.025,0.7,0.6,0.25,0.4,0.005,0.975,0.8,0.1,1.17256366529994,0.595880474714258,0.469025466119974,0.238156518703204,0.433390088936267,0.759381539204064,-1.19662716414744,4.84653924895968,7.5725416190241
40,-0.00024463904812573,0.346599514250883,0.111681046409862,-0.00945024999257571,-0.0025072304466992,0.00938377496787735,0.0480947770392779,0.0265734471622307,0.0226564328712895,1.83192105475733,5.37789417183743,0.606021561301273,2.52457681163698,0.282165176365714,5.02684645990209,1.79628064478961,3.32286057763118,-0.0922947625186957,3.69404493539183,11.1251197214376,0.814342061392914,0.177664267523145,0.295632781054133,0.0184500862446217,1.20381777342554,3.81949572459178,0.806557908195115,0.423140928474304,0.722290664055326,0.300954443356386,0.111821031678254,0.410713287472955,0.485060071254992,-0.0216940424231531,1.00270761489043,1.00475413775663,0.997963160549132,0.685739100538309,0.0765840603122758,0.237676839149415,1.1556231487835,1.1403176985169,0.357337479693772,0.661022890620553,-0.0183603703143249,0.00966930919610717,0.936394571850436,0.0214299580767804,1.00597073753109,0.388985633182567,0.67,0.1,1.025,0.7,0.6,0.25,0.4,0.005,0.975,0.8,0.1,1.17618771856813,0.598935203126878,0.470475087427252,0.240912876248535,0.431115537705317,0.747503493226183,-1.20514323923749,4.84566298614548,7.55765959871413
41,-0.000334126865944258,0.350970451267596,0.110716486777975,-0.011277519527137,-0.00266379071802769,0.00991353145358942,0.0464364283035576,0.025753482149926,0.0219885221034604,1.92697189925704,5.62037836232858,0.629794430736516,2.55665065259037,0.283936830096426,5.0336836557394,1.81113044492035,3.31466364614204,-0.0921104353229948,3.80128985449056,11.389730177147,0.840093234150116,0.176518323749298,0.293325212727149,0.018472408640169,1.20487684365021,3.84873593274901,0.807267485245639,0.427148756078868,0.722926106190125,0.301219210912552,0.113330813436128,0.411979788604525,0.46202161680026,-0.0217391283347612,1.00197301739201,1.00466420249973,0.997321308850244,0.684141024983848,0.0757456907468947,0.240113284269257,1.15338137497515,1.13871132907958,0.359802198307371,0.658496614573816,-0.0182988128811873,0.00993205987693313,0.937784174740458,0.0210767241002741,1.0051839056404,0.370299117972458,0.67,0.1,1.025,0.7,0.6,0.25,0.4,0.005,0.975,0.8,0.1,1.17997233869245,0.60218547574201,0.471988935476979,0.243874053533881,0.428749632042712,0.735146013626446,-1.2160485225593,4.84500055558033,7.54281651026603
42,-0.000486778327872793,0.355604781287946,0.109556168393484,-0.0133068508884856,-0.00285670264440496,0.0103099075384048,0.0448780289321189,0.024977061060015,0.0213539179329136,2.02717672774923,5.87080589152417,0.652904702086666,2.58710362595827,0.284949785592311,5.04139672148739,1.82703221826933,3.30626979843813,-0.0919052952200677,3.91496541255703,11.6607513324138,0.864407683175252,0.17569593099727,0.291251297921916,0.0184584907163422,1.20605408390057,3.87911704380177,0.808056236213382,0.430809288812231,0.723632450340342,0.301513520975143,0.114939464458808,0.413376954784697,0.438647227345277,-0.0218599243136363,1.00121809212106,1.00451078778049,0.996722090295612,0.682518872904325,0.0747741525716374,0.242706974524038,1.15129830528196,1.13721681049599,0.362405959935695,0.655824165621251,-0.0182301255569457,0.0101854787913049,0.939078839767008,0.0206700095751436,1.00436921289521,0.351441251685543,0.67,0.1,1.025,0.7,0.6,0.25,0.4,0.005,0.975,0.8,0.1,1.1839324424464,0.605663771648765,0.47357297697856,0.246856568500165,0.426730028259224,0.72390145088257,-1.22910513939985,4.84421739778264,7.52772853706511
43,-0.000709487755110186,0.360449019570974,0.108208757035293,-0.015349595985796,-0.00308876632130317,0.010491691020907,0.043522409351545,0.0242960143480121,0.0207951315493873,2.12703391406707,6.11148737967174,0.673154848436131,2.61345229276309,0.284917548417341,5.04945037101987,1.84366027263689,3.29743386970638,-0.0916437713234013,4.02943480985639,11.917939336166,0.884828755899748,0.175370711207497,0.289558425025816,0.0184001303696769,1.2073465929962,3.91015311857446,0.808922217307452,0.433850565851794,0.724407955797718,0.301836648249049,0.11663008805506,0.414929586306403,0.414889296647687,-0.0220838933876838,1.00045424059374,1.00428696480611,0.996183636404047,0.680893817422035,0.0736786736562544,0.24542750892171,1.14952848631753,1.13594991853835,0.365120980932173,0.653028275835411,-0.0181492567675835,0.0104140056800471,0.940188924254235,0.0202295907561051,1.00353322360531,0.332430644759108,0.67,0.1,1.025,0.7,0.6,0.25,0.4,0.005,0.975,0.8,0.1,1.18802990511818,0.609389563672921,0.47521196204727,0.249734820899765,0.425262232696028,0.714551974951754,-1.24383036197099,4.84280189558918,7.51203596017838
44,-0.000987962616737845,0.365444780305341,0.106705865154571,-0.0172004258548976,-0.00335824859294132,0.0104550327799329,0.0423923896535166,0.0237235453758791,0.0203236081851836,2.22325350493223,6.3326081045142,0.689498661409661,2.63486026391447,0.283823118914283,5.05726188412132,1.86065724072054,3.28790269630779,-0.0912980529070112,4.14108077883061,12.1504141453617,0.900321509008344,0.1755503099699,0.288250901328861,0.0182977815914113,1.20871188896869,3.94129865573286,0.809836965609025,0.436206096891625,0.725227133381217,0.302177972242174,0.118380276792054,0.41662914490542,0.390736095007243,-0.0223720571531662,0.999696835238818,1.00400709757018,0.995706940377422,0.679278308292689,0.0724829795671048,0.248238712140206,1.14810157803454,1.13493401825109,0.367917913557477,0.650134948840465,-0.0180528623979422,0.0106008840978894,0.941097096865011,0.0197805147048225,1.00268635983778,0.313286058367011,0.67,0.1,1.025,0.7,0.6,0.25,0.4,0.005,0.975,0.8,0.1,1.19220201163862,0.613340864589925,0.47688080465545,0.252442458915079,0.424348750445684,0.707183454411208,-1.25957919296747,4.84028807657891,7.4954354406642
45,-0.00129793585109395,0.370539066171341,0.105099929943236,-0.0186538731172536,-0.00365882696908582,0.0102301298009204,0.0414724186266238,0.0232537389145895,0.0199352004612049,2.31406346245438,6.52957661600396,0.701723133176664,2.65141455080022,0.281823626532126,5.06429074042693,1.87768789005069,3.27745462636523,-0.0908517759889935,4.24774899410369,12.3533935799479,0.910853021306729,0.176164424587266,0.287262589183353,0.0181580375869327,1.21008433266516,3.97202872833125,0.810756502885658,0.437920498319489,0.726050599599096,0.30252108316629,0.120166782988638,0.418441700480812,0.366211412496585,-0.0226806088979151,0.998958647045345,1.00369557446965,0.995280513788448,0.677672521960346,0.0712233345824886,0.251104143457164,1.14698685202313,1.13414677864482,0.370770160382287,0.647169523700853,-0.0179396840831398,0.0107383087197449,0.941820341654236,0.0193506953614541,1.00184032554084,0.294026385904668,0.67,0.1,1.025,0.7,0.6,0.25,0.4,0.005,0.975,0.8,0.1,1.19638391201156,0.617468890829982,0.478553564804623,0.254945063908832,0.423895878723797,0.701559210301594,-1.27559003691089,4.83633985466067,7.47772563287472
46,-0.00159768849785551,0.375705171016864,0.103463324985877,-0.0194899315496275,-0.00398001401135273,0.00990662884393512,0.0406780856102361,0.0228460290996401,0.0195973889336454,2.4018553616399,6.71060790382984,0.71126682169705,2.6649192746585,0.279331414457459,5.07017108189767,1.89453703980563,3.26593875544621,-0.0903047133541773,4.35142862543197,12.5365783383192,0.918289601305154,0.177007786320646,0.2864110338626,0.0179960785048226,1.21136945938745,4.00197047493727,0.811617537789591,0.439237685501719,0.72682167563247,0.302842364846862,0.12197156233421,0.420318908311652,0.341378931327923,-0.0229541680499917,0.998247873069598,1.00339432305966,0.994870959629945,0.676055501927176,0.0699469501043816,0.253997547968441,1.14604325114663,1.13348147078296,0.373663335852646,0.644147643677535,-0.0178109795301814,0.0108286784007918,0.942437359656433,0.0189715955481829,1.00100537363858,0.274670634343551,0.67,0.1,1.025,0.7,0.6,0.25,0.4,0.005,0.975,0.8,0.1,1.20051909270168,0.62172248744886,0.480207637080671,0.257281818263228,0.423650178197132,0.696887776029391,-1.29104575995688,4.83087371693044,7.45887924886985
47,-0.00184456221347145,0.380945644403699,0.101881466401466,-0.0195305553060153,-0.00430733500282465,0.00958095111860979,0.0399104724919925,0.0224518945591207,0.0192709097687512,2.49111148481637,6.88953697257075,0.720288839298631,2.67765635747183,0.276841218348443,5.07472674716792,1.91112474621785,3.25327506675417,-0.0896730658041022,4.45630464918611,12.7158108237301,0.925288136081105,0.177853224389838,0.285494044393048,0.017831144238134,1.21246590465288,4.03091714312208,0.812352156117428,0.440440128231834,0.727479542791727,0.30311647616322,0.123784806237955,0.422200538657684,0.316330061254111,-0.0231499821703722,0.997566309368549,1.00314621497546,0.994437594915265,0.674387454014788,0.0687075827377779,0.256904963247433,1.14510598440516,1.13281220821415,0.376596581733853,0.641073939315041,-0.0176705210488936,0.0108808694071771,0.943039412889747,0.0186719688063945,1.00018875908369,0.255237905473601,0.67,0.1,1.025,0.7,0.6,0.25,0.4,0.005,0.975,0.8,0.1,1.20457780061195,0.626050404918158,0.481831120244781,0.259522217601316,0.423338308999425,0.692291897134512,-1.30514074620175,4.82404446788957,7.43903396049686
48,-0.00201869369213148,0.386285099374775,0.100422738716509,-0.0188753955424443,-0.0046237067197068,0.00932780309625802,0.0390862820270589,0.0220297104511733,0.0189217755631587,2.58701899255521,7.08159840600741,0.730970720970191,2.69155205616586,0.27475394642654,5.07797448628948,1.92749884794266,3.23946148951937,-0.0889858511725524,4.56743614812961,12.9081008660241,0.934419696088524,0.178524097853241,0.284361725414252,0.0176808798643448,1.21329640330578,4.0588274017864,0.81290859021487,0.44174908251987,0.727977841983465,0.303324100826444,0.125605790221504,0.424035779132135,0.291169242519621,-0.0232493866921105,0.996910735039084,1.00297121283941,0.993957475825087,0.672627112320773,0.0675470567542289,0.259825830924998,1.1440409462924,1.13203688839003,0.379580254517659,0.637943632498677,-0.0175238870163372,0.0109059035197353,0.943701642599967,0.0184532403035213,0.999394443724679,0.235747377052073,0.67,0.1,1.025,0.7,0.6,0.25,0.4,0.005,0.975,0.8,0.1,1.20855757272418,0.630417316466891,0.483423029089673,0.261756480799407,0.42276280602653,0.687091415113282,-1.3173905044646,4.81613278766332,7.41842657090958
49,-0.00211842299970066,0.391763677518216,0.0991230671083764,-0.0177938416625514,-0.00491545225669821,0.00919756546768769,0.0381435826441695,0.0215478138058288,0.0185238559666271,2.69499660296267,7.30188971877805,0.745219239725501,2.70805827898123,0.273324844065842,5.08009796171654,1.94381402528106,3.22456176833953,-0.0882778319040506,4.69027248792465,13.1299700239089,0.947823599887697,0.178903796961376,0.282922150765457,0.017557348000405,1.21381752318271,4.08580387290504,0.813257740532418,0.443316736809916,0.728290513909628,0.303454380795678,0.127441937280454,0.425795847577054,0.266003574901868,-0.0232506921838659,0.996275256288437,1.0028709848853,0.993423153430231,0.670741760636191,0.0664859805519317,0.262772258811877,1.14275194543352,1.13108237099829,0.382633177534071,0.634744013331784,-0.0173771908658556,0.0109138020337477,0.944478527533105,0.0182976414312605,0.99862361010813,0.216218283877398,0.67,0.1,1.025,0.7,0.6,0.25,0.4,0.005,0.975,0.8,0.1,1.21247518532476,0.634813385069675,0.484990074129902,0.264075942847697,0.421804884337466,0.680832131101996,-1.32776611206174,4.80745639764709,7.39733347070197
50,-0.00214703870505423,0.397432512792066,0.0979926435720973,-0.0165206081325781,-0.00517538657832473,0.0092197633130191,0.0370411680100658,0.0209844231970658,0.0180589178673779,2.82051907855605,7.56465298851159,0.764625673988666,2.72823831044401,0.272694284239297,5.08138513256357,1.96029664871925,3.20867111701161,-0.0875826331672862,4.83043405525808,13.396771117718,0.967203982613084,0.178924920611207,0.281123517083327,0.0174666575524071,1.21401060657409,4.11204319699912,0.813387106404644,0.445241590618972,0.728406363944457,0.303502651643524,0.129306592628426,0.427472291072117,0.240935571619989,-0.0231610278643809,0.995652866058008,1.00284222610142,0.992831015830515,0.668706150718573,0.0655282834818343,0.265765565799592,1.14117491304204,1.12989902947098,0.385779978799164,0.631455997390815,-0.0172359761899792,0.0109122969290398,0.945405781990471,0.0181870400730786,0.997875431376435,0.196669898806763,0.67,0.1,1.025,0.7,0.6,0.25,0.4,0.005,0.975,0.8,0.1,1.21635954077976,0.639252817717867,0.486543816311904,0.266551428243183,0.420399179491978,0.673243428180345,-1.33656229819549,4.79832750687826,7.37603700773433
51,-0.00210130395479458,0.403355395091355,0.0970317163774956,-0.0151546194721516,-0.00540147128558055,0.00942089435138249,0.035740752532051,0.020318751206793,0.0175093821080711,2.97046814602968,7.88704121493416,0.790983258998146,2.75325335052569,0.272985074221226,5.0821875979683,1.97723016251301,3.1918871992253,-0.086929763770011,4.99500596903325,13.7268761993316,0.994450788801397,0.178525274517802,0.278912987011335,0.0174122193520361,1.21386243681532,4.13780384262593,0.813287832666266,0.447622907251215,0.728317462089193,0.30346560920383,0.131217614027237,0.429069280301379,0.216066293253172,-0.0229829437105924,0.995036369491138,1.00288818952543,0.992170792201662,0.666494661515066,0.0646711209632449,0.268834217521688,1.13924630254813,1.12843590776183,0.389050999079602,0.628053793311121,-0.0171047923907224,0.0109063831896952,0.946517132843879,0.0181134874900141,0.997147856687413,0.177121513736128,0.67,0.1,1.025,0.7,0.6,0.25,0.4,0.005,0.975,0.8,0.1,1.2202465820469,0.643770018091405,0.48809863281876,0.269242578336197,0.418477450933087,0.664071992633895,-1.34418210903467,4.78906641498005,7.35483072333787
52,-0.00197248158665605,0.409608551046074,0.0962422871396605,-0.0136839335018005,-0.00559365672450085,0.00982247015154081,0.0342090518883661,0.0195318749664797,0.0168589663655447,3.15365325185177,8.29030778954677,0.826511042839416,2.78434412113944,0.274333498995742,5.08288418407178,1.99493872244304,3.17428976121751,-0.0863442995887776,5.19304482709674,14.1428237675899,1.03189695939842,0.177649144676037,0.276235875113435,0.0173967171520369,1.21335623441758,4.16337155652647,0.812948677059779,0.450552110062759,0.728013740650549,0.303339058604395,0.133196291874112,0.430594897632527,0.19149888689476,-0.0227149784511701,0.994418360532407,1.00301765600541,0.991426576170901,0.664076397636309,0.063912231343985,0.272011371019705,1.13690627127007,1.12664295253464,0.392481640379125,0.62450562441737,-0.0169872647964957,0.0108983072600887,0.947842389299175,0.0180785677210239,0.996438337428013,0.157592420561452,0.67,0.1,1.025,0.7,0.6,0.25,0.4,0.005,0.975,0.8,0.1,1.22417944675245,0.648411687518442,0.489671778700981,0.272196992441168,0.415970024076535,0.653094552665475,-1.35098239840915,4.78000689757379,7.33402693778755
53,-0.00175418173693146,0.416270700990167,0.0956343876388558,-0.0120315589651661,-0.00575154257206789,0.0104195854186715,0.0324416759277219,0.0186188384445899,0.0161026112958443,3.37940143418861,8.79550553756761,0.873493507926093,2.8222091558379,0.276845327308265,5.08380746726095,2.01373792401017,3.15591630200781,-0.0858467587570248,5.43416868762766,14.6664033098511,1.08191371475544,0.176293550289754,0.273071415513079,0.0174216382781022,1.21247361588891,4.18898689156188,0.812357322645571,0.45404268196052,0.727484169533347,0.303118403972228,0.135264220860867,0.432058221570282,0.167336406165722,-0.0223595910426362,0.993791949500182,1.00323704735438,0.99058537772393,0.661417179901675,0.0632542269737156,0.275328593124609,1.13413864084621,1.12450213700769,0.396108219467956,0.620778092469234,-0.01688631193719,0.0108855169178657,0.94938570334723,0.0180905126752688,0.995745013373997,0.138101892139924,0.67,0.1,1.025,0.7,0.6,0.25,0.4,0.005,0.975,0.8,0.1,1.22820716989289,0.653231023776115,0.491282867957155,0.275422515009812,0.412858062673355,0.640302368486538,-1.35717030883481,4.7714459162929,7.31394404466659
54,-0.00145069379462966,0.423409627974999,0.0952212544866872,-0.0101676736343017,-0.00587312247222882,0.0111758775545527,0.0304699814609859,0.017592541735458,0.0152498087278227,3.65673982668595,9.42132157247969,0.934086232737219,2.86668497063488,0.28055463027002,5.08518687810455,2.03388700814625,3.1367528231139,-0.085452953155597,5.72771050611358,15.3161768322162,1.14667447628811,0.174523232935184,0.269450480148434,0.0174865664364715,1.21120104832772,4.21478631656724,0.811504702379575,0.458004832297945,0.726720628996634,0.302800262081931,0.137439561653799,0.433471688218828,0.143679932540679,-0.0219240323486575,0.993152337105555,1.0035420527364,0.989646955399116,0.658487860051292,0.0627020400983381,0.27881009985037,1.13098589961451,1.12204060994166,0.399963080394079,0.61684120924246,-0.0168042896365391,0.0108597067764155,0.951118804259378,0.018154498286043,0.995068073793031,0.118669163269975,0.67,0.1,1.025,0.7,0.6,0.25,0.4,0.005,0.975,0.8,0.1,1.2323761022965,0.658283492401916,0.4929504409186,0.278883532482302,0.409195820447541,0.625957356024211,-1.36284167184318,4.76356970782965,7.29488282252966
55,-0.00107547388663481,0.431077204144751,0.0950094194987605,-0.0081671603366622,-0.00595574910266261,0.0120455184790695,0.0283385372647313,0.0164727398454934,0.01431571307545,3.99623515716831,10.1893563359832,1.01082622688005,2.91720677410652,0.285445084492643,5.08715658538105,2.05558290008232,3.11674779065464,-0.0851741053559007,6.08450850087577,16.1132051703652,1.22868673274235,0.172426070889694,0.26542863684857,0.0175895267255595,1.2095318176362,4.24081049351883,0.810386317816254,0.462311308941504,0.72571909058172,0.30238295440905,0.139735627264556,0.43485195058856,0.1206270012805,-0.021418231502682,0.992497189114782,1.00391914874393,0.988622629976287,0.655270798201817,0.0622568981516441,0.282472303646539,1.12751479510503,1.1193053362201,0.404073054481837,0.612669914586712,-0.0167429690685489,0.0108115513245038,0.953001041574836,0.0182665636444865,0.994409918370965,0.0993134117088574,0.67,0.1,1.025,0.7,0.6,0.25,0.4,0.005,0.975,0.8,0.1,1.2367197196031,0.663621745058491,0.494687887841242,0.282531369981126,0.405067092226535,0.6104176185197,-1.3681071155912,4.75642711258851,7.27711309585415
56,-0.000657769888921935,0.439297306618846,0.0949883265544616,-0.0062187934444603,-0.00599811610024792,0.0129562551041185,0.0261242913420027,0.0152968135215076,0.0133303751823667,4.40645609039037,11.1143044058141,1.10553271717311,2.97204193997271,0.291337172248849,5.08972344223952,2.07892143507349,3.09581612750808,-0.0850141203420482,6.51337604394754,17.0704915972031,1.32957956349616,0.170157333392369,0.261124126683301,0.0177237944162487,1.20748142822501,4.2669858097377,0.809012556910756,0.466745385551376,0.724488856935006,0.301870357056252,0.142158814908689,0.436217554135741,0.0982487755668157,-0.0208753144030712,0.991825720021876,1.00433894126163,0.987540838330894,0.651769121980068,0.0619104581967574,0.286320419823174,1.1238510247536,1.1163918789892,0.408454694771931,0.608248397509374,-0.0167030922813045,0.0107357455285331,0.954962003124129,0.0184110399446112,0.993774146543625,0.0800537392465145,0.67,0.1,1.025,0.7,0.6,0.25,0.4,0.005,0.975,0.8,0.1,1.24125634312498,0.669282326248467,0.496502537249991,0.286281105526966,0.400638996045115,0.594289899048958,-1.37317866509508,4.74986620738188,7.26082141244899
57,-0.000232802375290241,0.448055714811249,0.0951354830813186,-0.00446242710849276,-0.00600233468910771,0.0138153085422945,0.0239323219462725,0.0141189243247774,0.0123385479662835,4.88966966518034,12.1927650106901,1.21816151114032,3.0281355458532,0.297882342910763,5.09271071936814,2.1038518595712,3.07382580991056,-0.0849669501136312,7.01674327834766,18.181614262634,1.44895490351559,0.167926959152818,0.256704835877965,0.0178779995781376,1.20508405317587,4.2930892353827,0.807406315627835,0.471018125996742,0.723050431905524,0.301271013293968,0.144705205556699,0.437589375929993,0.0765710520799116,-0.0203453074856388,0.991139743280052,1.00476603361283,0.986438344970933,0.648007843335053,0.0616485392161637,0.290343617448783,1.12017241293968,1.11344055291827,0.413110419087819,0.60357361320769,-0.0166840322955091,0.0106304267618803,0.956906241212885,0.0185737868274853,0.993164714112461,0.0609091528544181,0.67,0.1,1.025,0.7,0.6,0.25,0.4,0.005,0.975,0.8,0.1,1.24598231939974,0.675284073226467,0.498392927759898,0.289998754316796,0.396144643183333,0.578373172547664,-1.37824758208307,4.74350093370898,7.24607579824731
58,0.000174317964405356,0.457312959705737,0.0954215775064945,-0.00298363374842392,-0.00597290338373635,0.0145646145207283,0.0218351072712905,0.0129781357418035,0.011373120279165,5.447863693737,13.4206396154785,1.34856720143694,3.08292446621178,0.304756149483476,5.09583676192676,2.13023004187069,3.05062585097108,-0.0850191309150153,7.59660372982094,19.4398800427622,1.5863459229921,0.165872657340655,0.252293402001933,0.0180417029866992,1.20237284258262,4.3188217849032,0.805589804530355,0.474934319318291,0.721423705549572,0.300593210645655,0.147362663127417,0.438986512629309,0.055591271473988,-0.019857654773503,0.99044464823778,1.00517518955423,0.985345299536312,0.644025089952203,0.0614538900370013,0.294521020010796,1.11660656911804,1.11055528849048,0.418033414607504,0.598650622752212,-0.0166840373597162,0.0104952050628894,0.958767982152069,0.0187432471782697,0.992585544959686,0.0418985459279828,0.67,0.1,1.025,0.7,0.6,0.25,0.4,0.005,0.975,0.8,0.1,1.25086711232033,0.681629519529882,0.500346844928134,0.293581138245868,0.391744678799172,0.563194631522649,-1.38346215127839,4.73681211891526,7.23286250262413
59,0.000549634852641414,0.46702246909736,0.0958107332827991,-0.00186153172089032,-0.00591568449870117,0.0151903672598928,0.0198587105068688,0.0118898364127333,0.0104474993563061,6.08831527853083,14.8077823141206,1.49793512832662,3.13506079217357,0.311725804650989,5.09883169251262,2.15789558290119,3.02608938293775,-0.0851532733263224,8.26013000586536,20.853716746946,1.7427146700437,0.164035530535596,0.247947280711306,0.0182070103924063,1.19937648850361,4.34390464501333,0.803582247297417,0.478427647472484,0.719625893102165,0.299844122125902,0.150116386102258,0.440419224300118,0.0353011543971248,-0.0194163520757573,0.989747447184078,1.0055523830269,0.984282334655455,0.639863549403111,0.0613057958692466,0.298830654727642,1.11320504401475,1.10778096010824,0.423213730719913,0.593486815299551,-0.0167005460194643,0.0103312493416715,0.960523208874339,0.0189066852079132,0.992040151657824,0.0230406796410673,0.67,0.1,1.025,0.7,0.6,0.25,0.4,0.005,0.975,0.8,0.1,1.25586501691967,0.688301786702739,0.502346006767867,0.296986771548295,0.387500242735502,0.548924710167704,-1.38899221711334,4.72927296102521,7.22113193128704
60,0.000882859914583074,0.477139008196373,0.0962592251082078,-0.00118416183488834,-0.00583785334344022,0.0156974707424602,0.0180079608522961,0.010858296102204,0.00956584328585069,6.82305605408136,16.3754206449969,1.66842409484995,3.18379355144766,0.318579591467181,5.10149016950723,2.18670610293312,3.00013333278792,-0.0853492662138119,9.01922738995441,22.4435326818261,1.92002104047561,0.162417893735209,0.243698523382742,0.0183666203722914,1.19612706938769,4.36812001039757,0.80140513648975,0.481487501236654,0.717676241632612,0.299031767346922,0.152952660795279,0.44189176570062,0.0156939174770576,-0.019016502780634,0.989054624873143,1.00588727421416,0.98326586907647,0.635567003211715,0.0611791872335056,0.303253809554779,1.10998417803623,1.10513455476018,0.42864065797942,0.588089603841717,-0.0167302618211368,0.0101412660945034,0.962166855720192,0.0190486912428336,0.991531314652288,0.00435416443095882,0.67,0.1,1.025,0.7,0.6,0.25,0.4,0.005,0.975,0.8,0.1,1.26092942591419,0.695271723465197,0.504371770365676,0.300210270891482,0.383434826149341,0.535584017802323,-1.39507028571752,4.72040448548671,7.2108116502923
61,0.00115289220933591,0.487598004067327,0.0967210995453531,-0.000977500417366328,-0.00574815497835846,0.0160460722031048,0.0163359634418399,0.00991534125256476,0.00875609644060715,7.64237640459656,18.088130022106,1.85603839837122,3.22624029390782,0.324864154959667,5.10353260496337,2.21644084427966,2.97267300128956,-0.0855812406058597,9.86410234389654,24.1710204923592,2.11383021393733,0.161139615276461,0.239663916604477,0.0185089012123045,1.19267657480686,4.39119353353019,0.799093305120594,0.483948902382809,0.715605944884114,0.298169143701714,0.155854520256146,0.443406563571921,-0.00326687345093372,-0.0186833469329476,0.988371340166231,1.00615865667038,0.982321558944775,0.631185976183539,0.061049001634079,0.307765022182381,1.1070475351692,1.10270558033846,0.434295421591722,0.582473598463647,-0.0167690200553689,0.00992944256203855,0.963650439964814,0.0191577515889229,0.991060828488457,-0.0141425583678813,0.67,0.1,1.025,0.7,0.6,0.25,0.4,0.005,0.975,0.8,0.1,1.26601878887155,0.702497489334244,0.506407515548622,0.303181063029414,0.379704121523109,0.523580016123371,-1.40184504766883,4.7096626247367,7.20173081581118
62,0.00132062782677235,0.498281058717714,0.0971537693265116,-0.00120770518228364,-0.00565578009092937,0.0161298579838289,0.0149706231465429,0.00913695748155907,0.00808480585545093,8.47328154979461,19.7561442748112,2.04019056559117,3.25578825236107,0.329735962221089,5.10438195089296,2.24664613430877,2.94355087899014,-0.0858150624059397,10.721645439658,25.8398509487658,2.30272857890456,0.160509713387971,0.236097619448698,0.0186171134982419,1.18910260581286,4.41261432290954,0.796698745894617,0.485388606892857,0.713461563487716,0.297275651453215,0.158791957833378,0.444968669049324,-0.0216939355042945,-0.0184875202652531,0.987703692014513,1.00632723096591,0.981493555596704,0.626788372938966,0.0608948530010519,0.312316774059981,1.10463857713497,1.1007022589938,0.440140678327517,0.576671359492444,-0.0168120378199612,0.00970142139713091,0.964858114064738,0.0192274093359135,0.990629256350167,-0.0324312347231859,0.67,0.1,1.025,0.7,0.6,0.25,0.4,0.005,0.975,0.8,0.1,1.27108092665943,0.709918511989777,0.508432370663771,0.305725567609471,0.376678364886785,0.513932413239976,-1.40923342740408,4.69624359046106,7.19348533574854
63,0.00135082620965937,0.509016347217774,0.0975208370114943,-0.00181207441375131,-0.00556924613469767,0.0158554113940241,0.0140303806654824,0.00859607077272231,0.00761668116497027,9.18753286388271,21.0704661456095,2.1871073666818,3.26572037176712,0.332347928190857,5.10316297109202,2.27663312594059,2.91254262010925,-0.0860127749578123,11.4632811671085,27.1342879860031,2.45211953257285,0.160834198449991,0.233248259895117,0.0186770126580039,1.18548095115023,4.43164545977481,0.794272237270653,0.485381260846571,0.711288570690137,0.296370237787557,0.161719021164799,0.446582825892718,-0.0397710593729255,-0.0184930686054876,0.98706236583914,1.00635758034071,0.980826681411755,0.622456803251489,0.0607025084565843,0.316840688291926,1.10298868628983,1.09932570628625,0.446121971576661,0.570732825231721,-0.0168547968083815,0.00946305011847601,0.965682924275338,0.0192547040057063,0.990235903715351,-0.0504938159194119,0.67,0.1,1.025,0.7,0.6,0.25,0.4,0.005,0.975,0.8,0.1,1.27602788357628,0.717451915634837,0.510411153430511,0.307681068425073,0.374722002678278,0.507618511110556,-1.41695585808172,4.67910801985806,7.18541907674111
64,0.00122942331522469,0.519611674000793,0.0977895910958234,-0.00275511517707283,-0.00549583259770114,0.0152050676745514,0.0135539638326703,0.0083199890176706,0.00737704512403771,9.66627011478207,21.7706920067195,2.26761063639384,3.25334336575009,0.332280280409714,5.09893575534506,2.30562596160592,2.87944973820929,-0.0861399444701478,11.9695492897929,27.7910981584252,2.53243284369493,0.162234838167223,0.231221631467112,0.0186818713615335,1.18186440160136,4.44751579379638,0.791849149072908,0.483751213216331,0.709118640960813,0.295466100400339,0.164581624762351,0.44824056535208,-0.0576986794121334,-0.0187091364038165,0.986462660749665,1.0062355704318,0.980349621636164,0.618275762224202,0.0604609339723633,0.321263303803434,1.10217992758814,1.09865127455472,0.452177880293746,0.564715830198654,-0.0168937104924003,0.00921788339263421,0.966090731491348,0.0192354862641676,0.989879329801011,-0.0683124763696399,0.67,0.1,1.025,0.7,0.6,0.25,0.4,0.005,0.975,0.8,0.1,1.2807378154762,0.724984857468076,0.512295126190481,0.308990783537565,0.37397815925261,0.504990256423705,-1.42472070493523,4.65722564936182,7.17674858693673
65,0.00096349685167358,0.529891475704694,0.0979268709857689,-0.00404589226794827,-0.00544208178083538,0.0142338775824693,0.0134989549878872,0.00828705849887319,0.00734808699123957,9.865127294869,21.7940647053303,2.27343483674761,3.22079386776888,0.329626127138578,5.09096659377215,2.33293442700435,2.84420204486057,-0.0861698780927598,12.1953571107241,27.7494887012472,2.53552232440136,0.164624576698878,0.229961636181061,0.0186312386079317,1.17828398804498,4.45963324391109,0.789450271990137,0.480617048893977,0.706970392826988,0.294570997011245,0.167329187848131,0.44991671909648,-0.0756370429659266,-0.0190882151901372,0.985920813697534,1.00596831433593,0.980071439276264,0.614319160386115,0.0601583531632169,0.325522486450667,1.10213715556932,1.09861873210524,0.458249800707445,0.558676234163452,-0.0169260348708971,0.00896670584202562,0.966121024752373,0.0191622720686643,0.989557978047827,-0.0858696312072785,0.67,0.1,1.025,0.7,0.6,0.25,0.4,0.005,0.975,0.8,0.1,1.28508163654532,0.732382689828031,0.514032654618129,0.309703268594851,0.374335770410489,0.505724131361433,-1.43238425857454,4.62984427031856,7.16673816436304
66,0.000579390290562644,0.539733202615061,0.0978954324833586,-0.00573392809821327,-0.00541462580284624,0.0130579069528001,0.0137495008594965,0.00843073494652402,0.00747225398873077,9.84210219660179,21.3192298709867,2.22240656449421,3.174302537193,0.324912860199496,5.07896027784064,2.3581185805482,2.80692687752973,-0.0860851802372918,12.1980110805121,27.1942210725321,2.47976366841887,0.16771656383565,0.229267269939697,0.0185294239624527,1.17475302177087,4.46777029813211,0.787084524586482,0.476381457614475,0.704851813062521,0.293688255442717,0.169926260473526,0.451579041469387,-0.0936618333539954,-0.0195390982252654,0.985449808779013,1.00558228724202,0.979979282930471,0.610639053670371,0.0597787742502898,0.329582172079339,1.10264730925069,1.09904923541264,0.464291597403628,0.552657773240769,-0.0169493706443972,0.00870914920114183,0.965878435030266,0.0190238685600384,0.989270449596389,-0.103147953640204,0.67,0.1,1.025,0.7,0.6,0.25,0.4,0.005,0.975,0.8,0.1,1.28895215570565,0.739518769320565,0.51558086228226,0.309966609299669,0.375454646344088,0.508876322944059,-1.44006265295536,4.59670383127008,7.15487298864133
67,0.000125965840489586,0.549098440891519,0.0976634331541104,-0.0077779354306875,-0.0054209135033283,0.0118366316776874,0.0141330741901834,0.00865074896085142,0.00766242388266542,9.72394202767023,20.6643742781402,2.14790579643177,3.12250261277387,0.31895915797715,5.06317431356767,2.38110074860181,2.76795152854691,-0.0858779635810587,12.1037447057561,26.4521087942497,2.39937199611429,0.171063121905491,0.228830552664185,0.0183850052864248,1.17126316484821,4.47215464331243,0.784746320448303,0.471670241007054,0.702757898908927,0.292815791212053,0.172361192421408,0.453196142572837,-0.111738228653686,-0.0199466712256963,0.985055836779417,1.00512659566969,0.980031610966475,0.607252339127382,0.0593063482300442,0.333441312642573,1.10339549136457,1.09967817510869,0.470278248611989,0.546683040544288,-0.0169612891562776,0.00844512399870206,0.965517450499148,0.0188176621438569,0.989015454563338,-0.120130392050213,0.67,0.1,1.025,0.7,0.6,0.25,0.4,0.005,0.975,0.8,0.1,1.29229032131186,0.746306129053495,0.516916128524744,0.310000629529758,0.37682942974417,0.513023178051301,-1.44803998465637,4.55815704641738,7.14098900862411
68,-0.000361150079664049,0.558008606850553,0.0972081275941939,-0.0101038108495313,-0.00546731336917794,0.0106708699321205,0.0145330419353533,0.00887947610621089,0.00785988790759155,9.59599314346328,20.0286856839836,2.0710509791285,3.07082451088937,0.312289243227741,5.04419484065144,2.40203977916737,2.72769998084278,-0.0855449193587109,11.99775408261,25.7279673086613,2.31599879397544,0.174363863585969,0.228450871591449,0.0182034909779132,1.16781689588468,4.47327588659496,0.782437320242739,0.466914382867299,0.700690137530811,0.291954223971171,0.174642703606612,0.454743581596915,-0.129771183474335,-0.0202464053981605,0.984735937159377,1.00463704416994,0.980190749359632,0.604150489292543,0.0587283378492442,0.337121172858212,1.10417266520629,1.10033086257026,0.476198849380129,0.540760233696784,-0.0169590830769122,0.0081764682890436,0.965141693124753,0.0185459137753171,0.988791450289545,-0.136800186820908,0.67,0.1,1.025,0.7,0.6,0.25,0.4,0.005,0.975,0.8,0.1,1.29510334611989,0.752699186140554,0.518041338447954,0.309960942954688,0.378135705656655,0.517214217391513,-1.45662081529201,4.51493465483558,7.12515253433113
69,-0.000863324675596895,0.566512833544649,0.0965186632831256,-0.0126116119748229,-0.00555837448116125,0.00959722870064161,0.0149001093339668,0.00908861630008254,0.00804017074449383,9.49062738269513,19.4794613873295,1.9990958678401,3.02136851927305,0.305121871549701,5.02268537881279,2.42118143270242,2.68658742092857,-0.0850834748181951,11.9125170326456,25.0915164696558,2.23712110023139,0.177497806458534,0.228047165949262,0.0179868356597835,1.16442665946403,4.4716864305231,0.7801658618409,0.462306329334492,0.698655995678418,0.291106664866007,0.176789589210517,0.456217838016332,-0.147657047388723,-0.0204254955910201,0.984481414035085,1.00413235870102,0.980429925900046,0.601311521704487,0.0580377842916592,0.340650694003854,1.10489097068302,1.10093427367655,0.482049192831333,0.534890644805544,-0.0169398376368774,0.00790735278697024,0.964795052366656,0.0182156743328217,0.988596162037979,-0.15314088687742,0.67,0.1,1.025,0.7,0.6,0.25,0.4,0.005,0.975,0.8,0.1,1.2974404009912,0.758704634035833,0.518976160396481,0.309915960426636,0.379249619735934,0.521055173474932,-1.46600143090615,4.46787949998551,7.10751944827985
70,-0.00136762295259001,0.574670536149859,0.0956008731151436,-0.0151510417753743,-0.00569626734337492,0.00862156213898735,0.0152186567128496,0.00926944869060969,0.00819581540047436,9.41541562601216,19.0256110170463,1.93328777636035,2.97471740211945,0.297571102057308,4.99925539143327,2.43877952149938,2.64496733312425,-0.0844914631903622,11.8558015597889,24.5525758933226,2.16410401224454,0.180429374152578,0.227588842716333,0.0177365970172417,1.16109982288952,4.46790122197469,0.777936881335976,0.457921771122087,0.69665989373371,0.290274955722379,0.178822961875238,0.457628179652258,-0.165305724275134,-0.0204946070309673,0.984281740410278,1.00362553893265,0.980726079825608,0.598705093347701,0.0572367296625238,0.344058176989775,1.10552130120304,1.10146422749502,0.487828552563749,0.529072256971836,-0.0169008095355857,0.0076428891898636,0.964491935200837,0.0178413743571192,0.98842637231418,-0.16913636592163,0.67,0.1,1.025,0.7,0.6,0.25,0.4,0.005,0.975,0.8,0.1,1.29936573110826,0.764363264547156,0.519746292443305,0.309881384240841,0.380135137056801,0.524415305955483,-1.47617559019421,4.41781331495734,7.08827658983922
71,-0.00186203008042682,0.582541476227267,0.0944804334132482,-0.017530887504419,-0.00587982537697129,0.00773608118511482,0.0154888301420398,0.00942231565825616,0.00832720853291533,9.36775033385536,18.6540966017956,1.87282863985546,2.9308286889747,0.289744928821241,4.97440428494899,2.45505733570354,2.60311571899369,-0.0837687697482409,11.8252042328689,24.0983398248888,2.09626079976655,0.183158579879673,0.227062164859902,0.0174560008380875,1.15783195528363,4.46235172922995,0.775747410040032,0.453782080046043,0.694699173170178,0.289457988820908,0.18076201656968,0.458984060304917,-0.182646617451137,-0.0204722409007395,0.984126627866405,1.00312865976917,0.981057233568485,0.596295131418026,0.0563382224585849,0.347366646123389,1.10606193242583,1.10191917215801,0.493537958531401,0.523302001582356,-0.0168399601137562,0.00738738173975597,0.96423289383277,0.0174442064711229,0.98827808203222,-0.184770838346879,0.67,0.1,1.025,0.7,0.6,0.25,0.4,0.005,0.975,0.8,0.1,1.30094540298402,0.76972632530711,0.520378161193607,0.309842946339312,0.380788225320463,0.527277393853793,-1.48689053528128,4.36548209408204,7.06762541280798
72,-0.00233375723876849,0.590181233472496,0.0932021403404456,-0.0195510413288729,-0.00610391331735038,0.00693056601005115,0.0157145773395805,0.00954969817975475,0.00843657221820891,9.34313174287965,18.3491664613321,1.81692295105719,2.8895482994521,0.28179123941439,4.94851351942056,2.47019768434233,2.5612355807563,-0.0829197456780701,11.8163968682748,23.7131073630943,2.03294553664447,0.18568968256274,0.22645301837688,0.0171510918509587,1.15460512067027,4.45537661172856,0.773585430849078,0.449892908218383,0.69276307240216,0.288651280167567,0.182622241509944,0.460289434025966,-0.199626164710163,-0.0203764545864025,0.984006954234282,1.00265457397504,0.98140175068785,0.594041746851137,0.0553659622581031,0.35059229089076,1.10651749792831,1.10230271899291,0.499179738450348,0.517576757283704,-0.0167564957340518,0.00714359408014053,0.964015166814944,0.0170488958242174,0.988146826627692,-0.200028874816455,0.67,0.1,1.025,0.7,0.6,0.25,0.4,0.005,0.975,0.8,0.1,1.30224085251526,0.774843580381079,0.520896341006104,0.309776822283055,0.381207246085397,0.529645652193187,-1.49766647767301,4.31154139306328,7.04578437268608
73,-0.00276582580195042,0.597642177269934,0.0918295684670866,-0.0209927434322309,-0.00635957193191095,0.00620181594052172,0.0158934154407177,0.00965039780738228,0.00852295175068645,9.34102290316509,18.10459114759,1.76603302238046,2.85101088882187,0.273932863033028,4.92186833751758,2.48435436183461,2.51946965135644,-0.081955675673481,11.8289646326343,23.3909150633889,1.97484169019376,0.188002649227876,0.225731635573483,0.0168314804537541,1.1513858099948,4.44723490942359,0.771428492696516,0.446279460570198,0.69083148599688,0.2878464524987,0.184415281593284,0.461540232743624,-0.216198057902895,-0.0202179988825773,0.983915122865626,1.00222034506904,0.981735331662866,0.591900990663657,0.0543540125478846,0.353744996788458,1.10688034466019,1.10260814721106,0.504758394875649,0.511892939547249,-0.0166513344228983,0.00691213055336545,0.963841946493461,0.0166838594485874,0.988028125679629,-0.214895417490488,0.67,0.1,1.025,0.7,0.6,0.25,0.4,0.005,0.975,0.8,0.1,1.30330664226726,0.779759182741241,0.521322656906905,0.309663991024139,0.381367220420406,0.531463768914598,-1.5078127967329,4.25657279020861,7.02300918568262
74,-0.00313923796820143,0.604971797774271,0.090443827697235,-0.0216243303964173,-0.00663408630658269,0.00554878071022813,0.0160214494545779,0.00972239793718031,0.00858468251929873,9.36173632089625,17.9165928420044,1.72112053321707,2.81543079634361,0.266439178791061,4.8946693685762,2.49765450280203,2.47791123962732,-0.0808963738531495,11.8633093586682,23.1282742961027,1.92317316925383,0.190067411331684,0.22486228642322,0.0165098310988496,1.14812849477306,4.43810889749254,0.769246091497949,0.442968775584076,0.688877096863835,0.287032123693265,0.186148876361738,0.462723223202159,-0.23231662578018,-0.0200029973436769,0.98384492036302,1.00184506584196,0.98203300481017,0.589825872179215,0.0533461095547483,0.356828018266037,1.107140124796,1.10282647600661,0.510280534746028,0.506246909246921,-0.0165274439929495,0.00669106398564122,0.963717730374722,0.0163801607647246,0.987918021883994,-0.229355794886219,0.67,0.1,1.025,0.7,0.6,0.25,0.4,0.005,0.975,0.8,0.1,1.30419184335851,0.78450818288548,0.521676737343403,0.309485194640217,0.381235033981176,0.532658316057393,-1.51644373935323,4.20108943419562,6.99960309994457
75,-0.00343998024314472,0.612205901653077,0.0891358996492285,-0.021272509117761,-0.00691123446055297,0.00496387660614106,0.0161026422687291,0.00976808721856412,0.00862387208934898,9.40146483909562,17.7737941502546,1.6825469240217,2.78272745225035,0.25956520876678,4.86703122616713,2.51018774350225,2.43661383859109,-0.0797703559262155,11.9157005760109,22.9137718652369,1.87854208351439,0.191874263824374,0.223823722185703,0.0162003066521348,1.14478526046115,4.42809869765633,0.767006124508969,0.439953679234638,0.686871156276689,0.286196315115287,0.187826270411378,0.463818826464145,-0.247938627765894,-0.0197395960199954,0.983791413875693,1.00154281985564,0.982275939053205,0.58777136918316,0.0523915297801998,0.35983710103664,1.10730169117857,1.1029614728924,0.515753367269661,0.500636573994191,-0.0163899412638525,0.0064765694690063,0.963639636216793,0.0161647983901124,0.987813490497524,-0.24339573635698,0.67,0.1,1.025,0.7,0.6,0.25,0.4,0.005,0.975,0.8,0.1,1.30493958148199,0.78911435769443,0.521975832592796,0.309216140855221,0.380800654677611,0.53322534911384,-1.52258115502409,4.1455129772267,6.97590030675202
76,-0.00366364728618788,0.61936741121032,0.0879878257291687,-0.0199604734947511,-0.0071728200701543,0.00444115052137328,0.0161399377647743,0.0097892011559335,0.00864203771580458,9.45795198546628,17.6691969377811,1.65095694601005,2.75274781202411,0.253516381130691,4.83902085168468,2.52202385660758,2.39561040969858,-0.0786134146214799,11.9839484399372,22.7402905471544,1.84177661550223,0.193420182053422,0.222609278593019,0.0159167029829682,1.14131605580784,4.41725439745678,0.764681757391254,0.437211403453635,0.684789633484705,0.28532901395196,0.189447584190071,0.4648078664489,-0.263023179256809,-0.0194343098611243,0.983751221508564,1.00131803447738,0.982456310219174,0.585701193497696,0.0515345745428414,0.362764231959462,1.10736973062262,1.10301699046933,0.521184746647575,0.495060980955379,-0.0162457276029532,0.00626378463396081,0.963605216185401,0.0160479851674665,0.987712668486159,-0.257001386175602,0.67,0.1,1.025,0.7,0.6,0.25,0.4,0.005,0.975,0.8,0.1,1.30558340307405,0.793592144952201,0.52223336122962,0.3088548440375,0.380073117597113,0.53318426959755,-1.52544995896158,4.09015797866562,6.9522395937023
77,-0.00380642039605504,0.626481926472725,0.0870587720604199,-0.0178831621803358,-0.00740243485416625,0.00399927986126669,0.0161101822770051,0.00977265570148426,0.00862793588690909,9.54497806444075,17.6281970409288,1.62966370162729,2.72610815967018,0.248488967339696,4.81075059377267,2.53327980052924,2.35493664985296,-0.077465856609533,12.0818848186451,22.6338609782953,1.81635823476091,0.194641366725272,0.221192930604113,0.0156714224034539,1.13768700593659,4.40565589612566,0.762250293977516,0.434790907967035,0.682612203561954,0.284421751484148,0.191014413050174,0.465676491216827,-0.277517505914942,-0.0190792892391063,0.983722291581821,1.00117454750196,0.98256821853523,0.583586955860481,0.0508063637676919,0.365606680371827,1.1073019344776,1.10295790791157,0.526587223999618,0.489515430897896,-0.0161026548975142,0.00604791599167427,0.963635515886105,0.0160240645884239,0.98761483456963,-0.270159317208346,0.67,0.1,1.025,0.7,0.6,0.25,0.4,0.005,0.975,0.8,0.1,1.30614690119933,0.797955620050146,0.522458760479731,0.308453926659861,0.379023088817965,0.532379130838964,-1.5247274330385,4.03527979199035,6.92897569035899
78,-0.00385850736598728,0.633599750524603,0.086380873986581,-0.0153158300788168,-0.00758824558791604,0.00368711920144316,0.0159569648605468,0.00968645526576283,0.00855403081310403,9.69783355062548,17.7167838494333,1.62523618539052,2.70441198455196,0.244682044886,4.78247038518216,2.54419357942464,2.31464559017863,-0.0763687844211077,12.2448823702814,22.6620831579647,1.80902389197459,0.195391157746957,0.219515254799705,0.0154744461191816,1.13386661228235,4.39349181651091,0.759690630229176,0.432846146953103,0.680319967369412,0.283466653070588,0.192535917515634,0.46641710923029,-0.291341398698162,-0.0186527970753847,0.983702314194516,1.00112220009718,0.982599640782138,0.581401898224405,0.0502220041060813,0.368376097669513,1.10699517222869,1.10269846478233,0.531983133091111,0.483985347269525,-0.0159684803606366,0.00582575066820277,0.963781738146387,0.0160783770523361,0.987520050356862,-0.282856544165856,0.67,0.1,1.025,0.7,0.6,0.25,0.4,0.005,0.975,0.8,0.1,1.30665316461687,0.802228390816616,0.52266126584675,0.308120840548213,0.377561985040129,0.530412149385031,-1.52062399301704,3.9811455677175,6.90651102370693
79,-0.00381859750717301,0.640787694032083,0.0859621305679327,-0.0125340233229579,-0.00772382520268378,0.00353316327048936,0.015644177313264,0.00950979770441641,0.00840230683649126,9.94553116458874,17.9854748749606,1.6423323820214,2.6884995238834,0.242157852899422,4.754518873627,2.55508316433407,2.27479400661111,-0.0753582973181806,12.5021718080705,22.876354504289,1.82446162398459,0.195586192611913,0.217549503614449,0.0153296863819503,1.12984026308496,4.38101996418391,0.756992976266926,0.431467931193679,0.677904157850978,0.282460065771241,0.194028713464226,0.467029571486376,-0.304405248407894,-0.0181492276292765,0.983686973952609,1.00116230950529,0.982544952614809,0.579122688042919,0.0497826201243976,0.371094691832683,1.10638471566846,1.10218469687471,0.537400993086172,0.478448833010048,-0.0158498260962194,0.00559611114100798,0.964076077027478,0.0161934749081109,0.987428723679649,-0.295080536418081,0.67,0.1,1.025,0.7,0.6,0.25,0.4,0.005,0.975,0.8,0.1,1.30713748899236,0.806443230647121,0.522854995596943,0.307932494184603,0.37565356720807,0.527051981385112,-1.51374710953088,3.9280001519169,6.88525926284629
80,-0.00369818609496779,0.648109035126087,0.0857925117218869,-0.00976534916793514,-0.00780757388641351,0.00352875365251926,0.0151752614815981,0.00924391407823011,0.00817357134393785,10.3006586705418,18.4511407946989,1.68232106110116,2.6779447380202,0.240824991900528,4.72722365384762,2.56626534256019,2.23541938977392,-0.0744610784864843,12.866667460049,23.2931898783432,1.86391985644844,0.1952550431601,0.215320245922583,0.0152348819332324,1.12561442882868,4.36848904622523,0.754161667315218,0.430624630335312,0.67536865729721,0.281403607207171,0.195511596213099,0.467526377242834,-0.316634049674818,-0.0175832862611097,0.98367076026141,1.00128332297456,0.982410010923956,0.57673401457994,0.0494794597062604,0.373786525713799,1.10547909981324,1.10142328828447,0.542869457947363,0.472882087555647,-0.0157515455030099,0.00535930653139564,0.964514271581725,0.016352975893371,0.987341297767832,-0.306819230360489,0.67,0.1,1.025,0.7,0.6,0.25,0.4,0.005,0.975,0.8,0.1,1.3076420815313,0.81064470869358,0.523056832612521,0.307903158677879,0.373344107472852,0.522370470115884,-1.50488867357343,3.87599713778295,6.86559082797201
81,-0.00352186003226472,0.655601523094796,0.085849045748419,-0.00718770265685376,-0.0078414976556227,0.00362838663695042,0.0145944812986837,0.00891308483588523,0.00788843109079069,10.7541843489326,19.0893835255104,1.74275202415469,2.67105917764958,0.240455765888861,4.70080443319596,2.57797267792267,2.19652398320491,-0.0736922279316242,13.3296978712504,23.8865842979892,1.92469841292264,0.194540026378654,0.212903152396473,0.015182850810722,1.1212170025101,4.35606270225094,0.751215391681764,0.430156467102681,0.672730201506057,0.280304250627524,0.196999181983527,0.46792985090959,-0.327988470561032,-0.0169860415352276,0.983648656646216,1.00146053066757,0.982214102826914,0.574233927675745,0.0492974347273294,0.376468637596925,1.10436260598354,1.10048399357214,0.548410961263922,0.46726555303887,-0.0156765143027926,0.00511629672926965,0.965054630301126,0.0165418512799358,0.987258122877107,-0.318061041319388,0.67,0.1,1.025,0.7,0.6,0.25,0.4,0.005,0.975,0.8,0.1,1.30820447116799,0.814876705045227,0.523281788467195,0.307984601931122,0.370760315849351,0.516749622546095,-1.4948491405126,3.82513794002996,6.84777540668033
82,-0.00332159286625434,0.663264022348264,0.0861000109559976,-0.00492974973375238,-0.00783019085031622,0.00376603056484393,0.0139707759268926,0.00855600553515817,0.0075800426100551,11.2757523932645,19.8374933178821,1.81761900696635,2.66539793327973,0.240739096741122,4.67531838386511,2.59030255269356,2.15807124298055,-0.0730554118090003,13.8612095004301,24.5914503173954,2.00046631179559,0.193651852119021,0.210404585185459,0.0151636198971163,1.11669189557742,4.34377642371193,0.74818357003687,0.429824194250139,0.670015137346451,0.279172973894354,0.198497297647015,0.468266808104458,-0.338473177193271,-0.0163930742407323,0.983617914520802,1.00166179916941,0.981986050917012,0.571636309517101,0.0492178925122685,0.37914579797063,1.10316562990053,1.09947554361532,0.554037680435398,0.461588081450921,-0.0156257618863191,0.00486774447205974,0.96563311122386,0.0167465948392626,0.987179530680929,-0.328794874984602,0.67,0.1,1.025,0.7,0.6,0.25,0.4,0.005,0.975,0.8,0.1,1.30884542773168,0.819169112088128,0.523538171092672,0.308091613092464,0.368074213765745,0.510758270711529,-1.48432629029758,3.7752522137784,6.83194319060927
83,-0.00312889243535265,0.671055763515441,0.0865085443624529,-0.00307204233995162,-0.00777999780880045,0.00387617707401278,0.01337567802801,0.00821358001087697,0.00728371747558767,11.8187927436612,20.6060282056833,1.89829371003889,2.65845905744709,0.241346225644268,4.65065978044124,2.60320999525111,2.11999454417563,-0.072544758985502,14.4148089809398,25.3158775594249,2.08226178325498,0.192807843913111,0.207933986077948,0.0151666065573279,1.11209034252522,4.33153717934503,0.745100529491901,0.429378709065889,0.667254205515135,0.278022585631306,0.200001601885579,0.468562295532813,-0.348131604418931,-0.0158330608726743,0.983579006151838,1.00185546310247,0.981757391536264,0.568969223781867,0.049220699336404,0.381810076881729,1.10202359170464,1.09851168080521,0.559750684451094,0.455848125698512,-0.0155988101496059,0.00461367215231779,0.966183796426728,0.0169554993120724,0.987105974211392,-0.339010138358216,0.67,0.1,1.025,0.7,0.6,0.25,0.4,0.005,0.975,0.8,0.1,1.30956209641589,0.823528366645806,0.523824838566354,0.30813472302923,0.365457352325381,0.504983643930476,-1.47386688859675,3.72602674373894,6.81807566869823
84,-0.00297163502970125,0.678899810364124,0.0870363485131607,-0.00164408036073316,-0.00769829112750942,0.00390083597281943,0.0128755561624239,0.00792451426210052,0.0070331289504026,12.3210911295391,21.2813703843518,1.97359913541984,2.64795744885979,0.241960830056935,4.62657821756357,2.6165148909542,2.08221058037749,-0.0721472537681203,14.9283183818147,25.9439641049376,2.15859438438574,0.192210401904365,0.205593313786638,0.0151816726770894,1.10746585712103,4.31913618081464,0.742002124271088,0.428586367889308,0.664479514272616,0.276866464280257,0.201498040582967,0.468834501832963,-0.35703747752369,-0.0153256947014769,0.983535586751481,1.00201350679515,0.981559210611074,0.566271886428648,0.0492862372604087,0.384441876310943,1.10106208790302,1.0976986735837,0.565539966669393,0.450054118283984,-0.015594084953377,0.00435333128484716,0.966646107887283,0.0171594818736687,0.987038193720081,-0.348696750208581,0.67,0.1,1.025,0.7,0.6,0.25,0.4,0.005,0.975,0.8,0.1,1.31032838121407,0.827931799316048,0.524131352485628,0.308030669837414,0.363064666839228,0.499972593383406,-1.46384178988798,3.67705095428546,6.80600905411751
85,-0.0028705850694746,0.686689992100134,0.0876489740317827,-0.000607441637263784,-0.00759273029736784,0.0037948601380664,0.0125254230752468,0.00772149887669507,0.00685692226716995,12.7119185008544,21.740095521583,2.0310859008377,2.6321248535257,0.242319547806724,4.602710714161,2.62992185135641,2.04463432787646,-0.0718454650718729,15.3309023176751,26.3504908017164,2.21676013552499,0.192026037807948,0.203465285325279,0.0152001519524338,1.10286830572824,4.30627220264683,0.738921764837918,0.427254003923164,0.661720983436941,0.275717076432059,0.202964072343666,0.469092578243807,-0.365282471922773,-0.0148793267333777,0.983494147459581,1.00211506200518,0.981418386718649,0.56359017024803,0.0493981001966376,0.387011729555332,1.10038415193378,1.09712414869222,0.571385432342087,0.444223948636569,-0.0156093809786559,0.00408507702072921,0.966970575290216,0.0173544002005898,0.986977409520371,-0.357845151019283,0.67,0.1,1.025,0.7,0.6,0.25,0.4,0.005,0.975,0.8,0.1,1.31109768027488,0.832329240301271,0.524439072109953,0.307707217320645,0.361016384007791,0.496176273594037,-1.45441757447918,3.62787435944214,6.7954577355527
86,-0.00283802636324692,0.694300895513858,0.0883189861531608,0.000116957128507789,-0.0074702051936435,0.00353046248816158,0.0123632445601623,0.00762746704506644,0.00677531774777962,12.9284287079477,21.879089703897,2.05990376296865,2.60997648070166,0.242244867660438,4.57863316769556,2.64305646054264,2.00719709070682,-0.071620383553912,15.5594798736691,26.4313153577664,2.24574387542387,0.192365655013821,0.201603986986001,0.015215628348688,1.0983396045631,4.29259204124554,0.735887535057278,0.425253265294381,0.659003762737861,0.274584901140775,0.204370949835101,0.469335630532204,-0.372962636287841,-0.0144906647279535,0.983463262982231,1.00214778350494,0.981355523775787,0.560972089610517,0.0495444862146209,0.389483424174862,1.10005865192219,1.09684670801941,0.577258837679044,0.438383468863273,-0.0156423065423175,0.00380683250738884,0.967123932194133,0.0175400459786759,0.986925409283906,-0.366446312423219,0.67,0.1,1.025,0.7,0.6,0.25,0.4,0.005,0.975,0.8,0.1,1.31180775066404,0.836647026161433,0.524723100265616,0.307110427642255,0.359383275424584,0.493899465481378,-1.4455772786433,3.57806944031819,6.78605634153001
87,-0.00287808809522246,0.70159996182638,0.0890257762797008,0.000607785283661233,-0.00733620276936786,0.00309950158999972,0.0124062877798951,0.00765301434578145,0.00679771466249447,12.935414416035,21.6494866691162,2.05416689032874,2.58144041217926,0.241657531656749,4.55392683884931,2.65551503353015,1.96986561967478,-0.071453814355616,15.5785139662986,26.1374553188731,2.23959473359487,0.19327152750343,0.200030320586666,0.0152241259649983,1.09391232599119,4.27774603135702,0.732921258414099,0.422538127642458,0.656347395594715,0.273478081497798,0.20568701077003,0.469553555730241,-0.380166588102419,-0.0141469617899419,0.983452455672284,1.0021075214643,0.981384167474606,0.55846399318357,0.0497176905174289,0.391818316299001,1.10011357114326,1.09688982751284,0.583126415399584,0.43256417799029,-0.0156905933898739,0.0035171045857823,0.967092058474868,0.0177174762106839,0.986884405275227,-0.374491746112515,0.67,0.1,1.025,0.7,0.6,0.25,0.4,0.005,0.975,0.8,0.1,1.31238766932138,0.840794682309797,0.524955067728554,0.306211447204319,0.358179440444096,0.493268230359969,-1.4371909397233,3.52729207919994,6.77741423273256
88,-0.00298268257096391,0.70846660941572,0.0897561943988663,0.000950693598920527,-0.00719484474405985,0.00252186491521122,0.012640596916094,0.00779001456500721,0.00691705343168551,12.7465965127445,21.0906563218171,2.01653625586184,2.54765498836154,0.240609322242471,4.52826750624664,2.66693861955366,1.93265944443898,-0.0713305577459938,15.4013349198746,25.5093829025652,2.20103972977683,0.194682066712218,0.198718464380925,0.0152247094185202,1.08960506040227,4.26146466751381,0.73003539046952,0.419187031462206,0.653763036241361,0.272401265100567,0.206882279135769,0.469729074036242,-0.386960197508531,-0.0138246076943121,0.983470851249865,1.00200240401618,0.98150548073334,0.556104615000261,0.0499138339300701,0.393981551069669,1.10051753033923,1.09722622550227,0.588953416704,0.426798867728754,-0.015752284432754,0.00321613102214301,0.966889023751821,0.0178897914915882,0.98685662725638,-0.381973512215457,0.67,0.1,1.025,0.7,0.6,0.25,0.4,0.005,0.975,0.8,0.1,1.31276628673398,0.84467753254668,0.525106514693591,0.305019835580056,0.357340074188797,0.494140058547544,-1.42907390856669,3.4753522849978,6.76919671064002
89,-0.00312876566490066,0.714821588537199,0.0905002801081733,0.00118288051562265,-0.00704876112022679,0.00185805863368071,0.0130053776405402,0.00800267293014478,0.00710208270285116,12.4351117141195,20.3428483226269,1.9597581972588,2.51121055067122,0.239296343465904,4.50154715285707,2.67712223878292,1.89566530738927,-0.0712403933151231,15.1006881523717,24.6899205461461,2.14303415320135,0.196390152059567,0.197585358809504,0.0152200057917726,1.08541828136558,4.24366238898744,0.727230248514941,0.415447786898545,0.65125096881935,0.271354570341396,0.207935952590301,0.46984125516416,-0.393366204949723,-0.0134858825195137,0.983525507792907,1.00185559050677,0.981703867416066,0.553917845547593,0.0501297201789731,0.395952434273433,1.10115360767624,1.09775642171619,0.594711584234721,0.421114173198455,-0.0158257574331768,0.00290628998431251,0.966570580483345,0.0180574097332841,0.986843822098305,-0.388884227132186,0.67,0.1,1.025,0.7,0.6,0.25,0.4,0.005,0.975,0.8,0.1,1.31288467118443,0.848214692739649,0.525153868473773,0.303612422679285,0.356705169182941,0.495994304012652,-1.42112090513932,3.4222860350622,6.76122182124073
90,-0.0032836396329963,0.720648855582303,0.0912469662904271,0.00129377750559567,-0.00689994397836535,0.00119586527214666,0.0134059257567333,0.00823560318433576,0.00730456280667296,12.101224751815,19.585425862568,1.90088855945253,2.47541693367668,0.237985963945598,4.47394022285742,2.68608648415497,1.85903210405175,-0.0711783653493104,14.7765615495519,23.8617645006507,2.08291091162366,0.198093487074649,0.196516023707366,0.0152147535748444,1.08133880557422,4.22449216882251,0.72449699973473,0.411677583030168,0.648803283344535,0.270334701393556,0.208843173492658,0.469870576381608,-0.39935522930963,-0.0130892263689924,0.983619405883835,1.00169994216884,0.981950147420537,0.551908110791063,0.0503599407807655,0.397731948428171,1.10184635697439,1.09833253136473,0.600384973950194,0.415524573742388,-0.0159095476925819,0.00259148316263251,0.966222103425978,0.0182171432482887,0.986846902380563,-0.395217070821419,0.67,0.1,1.025,0.7,0.6,0.25,0.4,0.005,0.975,0.8,0.1,1.31271308677869,0.851356534166767,0.525085234711475,0.302120164141566,0.356066562286419,0.498057769453802,-1.41339255459364,3.36837250205865,6.75350947986537
91,-0.00342739223291567,0.725975398997507,0.0919826651729916,0.00125768655741587,-0.00675060674191463,0.000590813388474887,0.0137789405325746,0.00845206379170716,0.00749258144837789,11.8021132938114,18.9152437372824,1.84930013659647,2.44217920471806,0.236819289581931,4.44578699211685,2.69399432134856,1.82293442461927,-0.0711417538509764,14.4860976286257,23.1237740399937,2.03018902898273,0.199603077774305,0.195443613291548,0.0152113566553045,1.0773619887655,4.20424698596335,0.721832532472883,0.408108816121508,0.646417193259298,0.269340497191374,0.209613064308553,0.469805592555348,-0.404877187105795,-0.0126214699394726,0.983750382239844,1.00155547080592,0.982222563717067,0.550067693919156,0.0505966925122454,0.399335613568598,1.10248239305282,1.09885989591665,0.605965676296566,0.410036384525764,-0.0160020608223298,0.00227609767093017,0.965899854253045,0.0183641533409939,0.986865844537228,-0.400965793531009,0.67,0.1,1.025,0.7,0.6,0.25,0.4,0.005,0.975,0.8,0.1,1.31226127338969,0.854086865578395,0.524904509355877,0.30063934814757,0.35530829287399,0.49983790824611,-1.40605542217525,3.3140183376906,6.74619099777783
92,-0.00355358192644097,0.730846219355538,0.0926932646377521,0.00107088171042435,-0.00660346696540171,6.15743891454468e-05,0.0141001062622615,0.00863815830462896,0.00765413940238565,11.5535735450303,18.3546810405842,1.80719945761753,2.4120296090957,0.23581605135097,4.41746175998223,2.7010540152902,1.78753523055121,-0.0711274858591898,14.2452250611309,22.4990054463754,1.98709754472277,0.200859187091883,0.194349970742634,0.0152095216134594,1.07349331517819,4.18325100991647,0.719240521169385,0.404826768960683,0.644095989106912,0.268373328794547,0.210261686281581,0.469650116571087,-0.409885239041155,-0.0120895205113859,0.983913251067325,1.00142865016393,0.982509588582537,0.548384067785658,0.050831509518383,0.400784422695959,1.10301988466454,1.09930407705845,0.611449325890955,0.404652111930993,-0.0161014378219487,0.00196405848636731,0.965625145779413,0.0184950355884082,0.986899795225176,-0.406124721965693,0.67,0.1,1.025,0.7,0.6,0.25,0.4,0.005,0.975,0.8,0.1,1.31156348884029,0.856425531229429,0.524625395536114,0.299214439184792,0.354404845362134,0.501165154425819,-1.39927943382179,3.25964107193918,6.73941865584748
93,-0.00365409015234245,0.735326442219904,0.0933654772830105,0.000743806922945067,-0.00646134707244961,-0.000370770872434423,0.0143422100681417,0.00877845235639689,0.00777595114225321,11.3715262515769,17.9255669632097,1.77683609187185,2.38552826478599,0.235005316906408,4.3893627450449,2.70752217802219,1.75297280905898,-0.0711322420362642,14.0700342774136,22.0099795080249,1.95591829181741,0.201795387272652,0.19321355647651,0.0152091250754156,1.06973272550552,4.16185084893332,0.716720926088695,0.401916776612641,0.641839635303309,0.267433181376379,0.210809539458142,0.46941884058242,-0.41432773919173,-0.011493660942387,0.984102032036187,1.0013276393969,0.982797231712206,0.546838966878481,0.0510558811395577,0.402105151981961,1.10341046485119,1.09962504100145,0.616837189197607,0.399368407415835,-0.0162055966134411,0.00165835963430506,0.965422306606922,0.0186075988194984,0.986947272404758,-0.410688764885952,0.67,0.1,1.025,0.7,0.6,0.25,0.4,0.005,0.975,0.8,0.1,1.31066176607704,0.858422440635499,0.524264706430817,0.297891736190832,0.353328069467013,0.501847306054175,-1.39322327709572,3.20564721103448,6.73336853476488
94,-0.00373525439570726,0.739474653227107,0.0939867721675639,0.0002854325761803,-0.0063269045433979,-0.000721277660607034,0.0145170405869648,0.00887991603712345,0.00786411040290048,11.2422015060903,17.5997415651215,1.7554419117491,2.36204894237918,0.234306684437278,4.36181348553155,2.7136149552312,1.71934941820409,-0.071150887903739,13.9470088269242,21.6280428483465,1.93380536718793,0.202469293207226,0.192055204540639,0.0152076589052888,1.06609028633084,4.14033249239015,0.714280491841663,0.39932827897256,0.639654171798504,0.26652257158271,0.211276927604601,0.469128209942774,-0.418173178657106,-0.0108538159728075,0.984309936974495,1.00124606933231,0.983084944973504,0.545416438082268,0.0512619305024824,0.403321631415249,1.10367794429648,1.09984318847308,0.622129984290355,0.39418224183755,-0.0163122261279057,0.00136109509522384,0.965280216961936,0.0186997450053093,0.987006364740912,-0.414653418132445,0.67,0.1,1.025,0.7,0.6,0.25,0.4,0.005,0.975,0.8,0.1,1.30960572870362,0.86012847649453,0.523842291481449,0.296665747002102,0.352125809071546,0.502004547826419,-1.38798689800209,3.15236083505196,6.72816616780303
95,-0.00382427417838838,0.743305703311775,0.0945435906718873,-0.000314957929873128,-0.0062026455664872,-0.0010540073782408,0.0146913658874088,0.00898094312543611,0.00795184042251455,11.1141371807594,17.2879823688038,1.73388361862764,2.33946835798383,0.233490797267676,4.33493740812018,2.71939007442768,1.68672194776382,-0.0711746140713161,13.8249592947652,21.2619845089837,1.91139894118809,0.203107535377932,0.190952673609091,0.0151991393640914,1.06259636651872,4.11882043596313,0.711939565567543,0.39682606806346,0.637557819911232,0.26564909162968,0.211675495799865,0.468798726390683,-0.421440847754176,-0.0102119285727879,0.984531216711936,1.00115660445072,0.983393819044019,0.544114255327449,0.0514425154344172,0.404443229238133,1.10394587043593,1.10006197430994,0.627319340144043,0.389099493017883,-0.0164188331619257,0.00107378704725354,0.965138207742455,0.0187677525543154,0.987074852975902,-0.418014769071079,0.67,0.1,1.025,0.7,0.6,0.25,0.4,0.005,0.975,0.8,0.1,1.30843762793735,0.861581408317557,0.523375051174938,0.295458712229351,0.35094223637676,0.502190469996332,-1.38357569551697,3.09994074084449,6.72378687003937
96,-0.00396191223502581,0.746767235588067,0.0950195029524445,-0.00108815726086187,-0.00609128186562258,-0.0014627056389358,0.0149676961278554,0.00914020152211458,0.00808981778780418,10.9152418569036,16.8704360800993,1.69961468381955,2.31487805354499,0.232240008124044,4.30859555171799,2.72467818658946,1.65510766550624,-0.0711903003777136,13.631957572648,20.7891598566025,1.87583959206483,0.204038998575213,0.190017110564803,0.0151752004989535,1.05929963358401,4.09723082593994,0.709730754501287,0.394063288361658,0.635579780150407,0.264824908396003,0.212001469420304,0.468451701388492,-0.424215054372359,-0.0096175976814539,0.984763661273012,1.0010182782038,0.983761917954232,0.542951026345444,0.0515909366508637,0.405458037003691,1.10440090000558,1.10043701147396,0.632381980133418,0.384140875057603,-0.016522855191021,0.000797724868835128,0.964903757192422,0.0188058398397199,0.987150247213808,-0.420769500454296,0.67,0.1,1.025,0.7,0.6,0.25,0.4,0.005,0.975,0.8,0.1,1.30717269157482,0.862788131264066,0.522869076629929,0.294144698353706,0.34997099433404,0.503230864735222,-1.37989935828238,3.04835534918615,6.72000043882384
97,-0.00416921874747688,0.74977590496545,0.0953958550767195,-0.00205906050801208,-0.00599609940951118,-0.00199133198777113,0.0153973790633146,0.00938668088646152,0.00830295235784746,10.6186738713148,16.305595412934,1.6479737491614,2.28710735389247,0.230397053916458,4.28254193882301,2.72921052270255,1.62451516262345,-0.0711837465029906,13.341061694218,20.1669433102725,1.82231767461212,0.205417394536828,0.189300673504627,0.0151306180372476,1.05623646380654,4.07540138837745,0.707678430750385,0.390877870172265,0.633741878283927,0.264059115951636,0.21224009433616,0.468103138068349,-0.426601327838365,-0.00908340731979895,0.985010028887468,1.00080993515879,0.984212880272007,0.541954966824956,0.0517002574733418,0.406344775701702,1.10513351582443,1.10104287428696,0.637287517949496,0.379334326627967,-0.0166218445774635,0.000534198923739644,0.964531034274973,0.0188082496844686,0.987229763442349,-0.422914893694804,0.67,0.1,1.025,0.7,0.6,0.25,0.4,0.005,0.975,0.8,0.1,1.30578825561157,0.863730691150839,0.522315302244628,0.292660400096641,0.3492922569077,0.505524881382074,-1.37685477755493,2.9975095018331,6.7164897542723
98,-0.00443420814331198,0.752277394680065,0.095653774143939,-0.00323316532962181,-0.00592082898465618,-0.00260426625525989,0.0159447851144148,0.0096993687248526,0.00857288633728842,10.2620884756058,15.6584055951535,1.58539394129318,2.25748456202012,0.228050337434567,4.25665237068757,2.73281734772601,1.59497870061907,-0.0711436776575028,12.9896438622778,19.4616023063619,1.75736630318747,0.207117084847139,0.188765262231699,0.0150657021172313,1.05341345107672,4.05327606954124,0.705787012221404,0.387407662376288,0.632048070646034,0.263353362769181,0.212379045901178,0.467755198558861,-0.428671769499703,-0.00858045647148461,0.985275140938718,1.00054362081597,0.984739815876492,0.541145696804489,0.0517626282611011,0.407091674934409,1.10607625054109,1.10182231101685,0.642010930125253,0.374702597656992,-0.0167135277822444,0.000284833206668488,0.964052437655288,0.0187707404441202,0.987310222023701,-0.424448831548492,0.67,0.1,1.025,0.7,0.6,0.25,0.4,0.005,0.975,0.8,0.1,1.3042458184351,0.864379410796381,0.521698327374041,0.291053654409449,0.348825211669194,0.508772587600839,-1.37442166380424,2.94741085448438,6.71302685854807
99,-0.00472312952436296,0.754285626135416,0.0957759896309058,-0.00459905823507301,-0.00586924517121223,-0.00321537750657419,0.0165162005035168,0.0100244683429363,0.00885309426241418,9.91256181043937,15.0390992014397,1.52322562018476,2.22868060200183,0.225429129249492,4.23105043610454,2.73554716289584,1.56656678390985,-0.071063510701146,12.6445284336323,18.7860229802437,1.69257577181652,0.208839568853708,0.188319894930528,0.0149845330834079,1.05081194430461,4.03100126689327,0.704044002684087,0.383976430953742,0.630487166582764,0.262702986076152,0.212420108556581,0.4674005006459,-0.430437997371491,-0.00806254253693122,0.985561573020788,1.00025325482802,0.985312037990066,0.540522537994382,0.0517690809942208,0.407708381011397,1.1070594040793,1.1026338684772,0.646540901415244,0.370254812030673,-0.0167957134459168,5.10729440002958e-05,0.963552200282159,0.0186908375510953,0.987388074783938,-0.425369800203893,0.67,0.1,1.025,0.7,0.6,0.25,0.4,0.005,0.975,0.8,0.1,1.30252478517631,0.864719725434942,0.521009914070525,0.289449470526253,0.348403409096117,0.512227804431301,-1.37270180069604,2.8982450754461,6.7095681381624
100,-0.00499518736545874,0.755892245332987,0.0957504510970044,-0.00610989216918945,-0.00584480207381888,-0.00372726360959486,0.017001972553915,0.0102999769105093,0.00909026888737442,9.63088972446528,14.5440201893161,1.47155242443691,2.20340560229348,0.222784092661601,4.20610400975745,2.73768185464157,1.53936311839248,-0.0709409632765954,12.3664421097324,18.2392603565752,1.63828803265268,0.210253910186012,0.187863961515126,0.0148924788307643,1.04839717798414,4.00891388572722,0.702426109249375,0.380939593580943,0.629038306790485,0.262099294496036,0.21238337956041,0.467033594307442,-0.43184818276026,-0.00748487093334771,0.985867320851176,0.999979836697714,0.985887199592801,0.540060996610211,0.0517110840453255,0.408227919344463,1.10788731908546,1.10331582303242,0.650883061447756,0.365983131853954,-0.0168661933017094,-0.000167189691391006,0.963128793123068,0.0185700169571389,0.987459774589115,-0.425676890776133,0.67,0.1,1.025,0.7,0.6,0.25,0.4,0.005,0.975,0.8,0.1,1.30064217497334,0.864779343886823,0.520256869989337,0.287993939900987,0.347856932261889,0.51504049630814,-1.3718715162578,2.85035047532513,6.70625825650966
101,-0.00502291420214821,0.757452615442061,0.0957303919911521,-0.00605817785311835,-0.00584990978059918,-0.00379770975567628,0.0170219755885812,0.0103125898102904,0.00910160320212426,9.60512359936173,14.4700677992992,1.46357549581553,2.19216206695638,0.221572774327425,4.18267403776842,2.74008017776158,1.51339173113811,-0.0707978711312754,12.3429858825969,18.1284083648717,1.62917853565175,0.210102004927392,0.186950840009395,0.014828136640075,1.04592474122658,3.9879793815473,0.700769576621808,0.37978358717548,0.627554844735947,0.261481185306645,0.212319899453766,0.466605504090434,-0.432860188514825,-0.00697035326412004,0.98615531403275,0.999951971226841,0.986202680137563,0.539612113854351,0.0516572791824512,0.408730606963197,1.10786606516028,1.10329329898892,0.655102490181892,0.361823971333354,-0.0169264615152453,-0.000250659568287869,0.963128793123068,0.0185700169571389,0.987522297141901,-0.425676890776133,0.67,0.1,1.025,0.7,0.6,0.25,0.4,0.005,0.975,0.8,0.1,1.2986542715217,0.864705391355202,0.519461708608681,0.287048347778881,0.346454119930776,0.514035409504603,-1.3705303928459,2.80459183973509,6.70387813166217
102,-0.00504978466172112,0.758967358775196,0.09571463652844,-0.00601753977090935,-0.00585392160176956,-0.00386584193352923,0.0170398008831966,0.0103238181901447,0.00911168664254696,9.58170165324429,14.4012973226352,1.4562117764851,2.18155380021106,0.220427675403789,4.16068537102594,2.74266564416936,1.48866038757855,-0.0706406607219704,12.3220687862455,18.0244954299279,1.62076670958921,0.209965598965005,0.186081614224597,0.0147679184222971,1.04356301036307,3.96829904781928,0.699187216943259,0.378848275066944,0.626137806217843,0.260890752590768,0.212264110133122,0.466089522221742,-0.433751483011186,-0.00674207265951102,0.986409426493494,0.99992496641497,0.986483445883011,0.539175989486158,0.0516070338585296,0.409216976655312,1.10784765759369,1.10327403935678,0.659186023357704,0.357792107508376,-0.0169781308660807,-0.000249076247027382,0.963128793123068,0.0185700169571389,0.987584749209553,-0.425676890776133,0.67,0.1,1.025,0.7,0.6,0.25,0.4,0.005,0.975,0.8,0.1,1.29676994261112,0.864447845064339,0.518707977044448,0.286160961367793,0.345122219559398,0.513091125107112,-1.36881846214254,2.76099161796367,6.70222840358733
103,-0.00507581653617052,0.760437252544573,0.0957022612812251,-0.00598560856864183,-0.00585707269431202,-0.00393171387904534,0.0170567091880028,0.0103344706070544,0.00912125363019223,9.55980380513348,14.3361631807069,1.44927807758023,2.17146441258683,0.219345140285257,4.14004716870204,2.745418230334,1.46510392105723,-0.0704749826891982,12.3028497749316,17.9258974858574,1.61285953610566,0.209846131060004,0.185254660978472,0.0147113009293714,1.0413215127008,3.94978923446322,0.697685413509538,0.377958637818201,0.624792907620482,0.260330378175201,0.212218391595847,0.465596724037498,-0.43453497338166,-0.00653112591053661,0.986649157683392,0.999898804381149,0.986749012360348,0.538752605906676,0.0515598426564216,0.409687551436902,1.10783016442221,1.10325572132685,0.663136944692012,0.35388580403943,-0.0170227487314421,-0.000248470349908185,0.963128793123068,0.0185700169571389,0.987647356690221,-0.425676890776133,0.67,0.1,1.025,0.7,0.6,0.25,0.4,0.005,0.975,0.8,0.1,1.29500146423495,0.864212476993847,0.518000585693979,0.285324783231067,0.343858496362544,0.512210171688175,-1.36685798594889,2.71943727973544,6.70124884367359
104,-0.00510102943654394,0.761863187007557,0.0956925409947992,-0.00596052059240104,-0.00585954774375497,-0.00399538455714799,0.0170727574213376,0.0103445827635321,0.00913033616487773,9.53931820828736,14.2744334383781,1.44273852910405,2.16185523933442,0.218320200759158,4.12066613478347,2.74831915711269,1.44265197749719,-0.0703049998264133,12.2851976958464,17.8322831765856,1.60541167836478,0.20974220032073,0.184467529397341,0.0146579483279918,1.03919366174307,3.93236821353358,0.696259753367858,0.377108039150485,0.623516197045843,0.259798415435768,0.212181869874373,0.465134745346393,-0.435218275795958,-0.00633221724423464,0.98687520200172,0.999873465416273,0.987000091647454,0.538341856949516,0.0515153002153579,0.410142842835125,1.10781352765935,1.10323828468884,0.666959920366623,0.350101641411681,-0.0170615617783039,-0.000248253645009826,0.963128793123068,0.0185700169571389,0.987710201114995,-0.425676890776133,0.67,0.1,1.025,0.7,0.6,0.25,0.4,0.005,0.975,0.8,0.1,1.29334129304597,0.86401371051111,0.517336517218389,0.284535822691797,0.342658715862474,0.511388176058079,-1.36474017490931,2.67980644431383,6.70088288781258
105,-0.00512544419497669,0.76324613277693,0.0956849060452458,-0.00594081039035022,-0.00586149180104023,-0.00405691629781246,0.0170879957645917,0.010354186099064,0.00913896240400845,9.52014396048832,14.2158961986049,1.43656197342653,2.15269897134558,0.217348496908185,4.10245582885209,2.75135087855848,1.42123870975775,-0.0701337594641453,12.2689936852972,17.7433477456633,1.59838428477135,0.209652512261315,0.183717924729614,0.0146075739007807,1.03717283686314,3.91596084753496,0.694905800698306,0.376294712979793,0.622303702117886,0.259293209215786,0.212153666010895,0.464701741923834,-0.435808720800754,-0.00614492018033203,0.987088352197523,0.999848928584048,0.987237495563858,0.537943570318564,0.0514730799835759,0.410583349697859,1.10779769781623,1.10322167883715,0.670659476503931,0.346436078546505,-0.0170955550504353,-0.000248176043813856,0.963128793123068,0.0185700169571389,0.987773302670618,-0.425676890776133,0.67,0.1,1.025,0.7,0.6,0.25,0.4,0.005,0.975,0.8,0.1,1.29178196197566,0.863848491856949,0.516712784790263,0.28379055431386,0.341518952667876,0.510621077098218,-1.36253279357916,2.64198475114427,6.7010775779952
106,-0.00514908240413384,0.764587115341862,0.0956789090349049,-0.00592532589875927,-0.00586301879095086,-0.00411637337513326,0.0171024709689793,0.0103633099078003,0.00914715858461538,9.50218846852421,14.1603549646568,1.43072088450846,2.14397029515132,0.216426172659599,4.08533634707865,2.75449702129399,1.40080279399062,-0.0699634682059544,12.2541283846373,17.6588081109185,1.59174351937044,0.209575875040875,0.183003701161822,0.0145599304083369,1.03525282481766,3.90049806535609,0.693619392627832,0.375517037839596,0.621151694890596,0.258813206204415,0.212132980221795,0.464295748585796,-0.436313413168031,-0.00596886298445603,0.987289362165806,0.999825172183845,0.98746199799045,0.537557525050764,0.0514329175403607,0.411009557408875,1.10778262890542,1.10320585679246,0.674239961481668,0.342885548454856,-0.0171255099365242,-0.000248062852928875,0.963128793123068,0.0185700169571389,0.987836638208009,-0.425676890776133,0.67,0.1,1.025,0.7,0.6,0.25,0.4,0.005,0.975,0.8,0.1,1.29031658995441,0.863713606356734,0.516126635981762,0.283085834998789,0.340435567606537,0.509905113550408,-1.36028581600591,2.60586584451279,6.7017833810463
107,-0.00517196606398851,0.765887195260905,0.095674198560866,-0.00591316158962119,-0.00586421819301908,-0.00417382093050245,0.0171162266765614,0.0103719815394975,0.00915494920339728,9.48536656896682,14.1076273023618,1.42519077796181,2.1356455071796,0.215549793273096,4.06923378360979,2.75774232767454,1.38128715615212,-0.0697957002168682,12.2405010011521,17.5784011261732,1.58545967380323,0.209511189835719,0.182322852049298,0.014514802785191,1.03342780665923,3.88591626696661,0.692396630461683,0.374773413171031,0.620056683995537,0.258356951664807,0.21211908532496,0.463914938892096,-0.436739167352356,-0.00580360805429272,0.98747894536932,0.999802174105691,0.987674332927517,0.537183465084118,0.0513945975020719,0.411421937413809,1.10776827808788,1.10319077482448,0.677705552033472,0.339446497695886,-0.0171520497293581,-0.000247794792525026,0.963128793123068,0.0185700169571389,0.987900154653388,-0.425676890776133,0.67,0.1,1.025,0.7,0.6,0.25,0.4,0.005,0.975,0.8,0.1,1.28893883647975,0.863606140258712,0.5155755345919,0.282418843432052,0.339405182586452,0.509236797514257,-1.35803573934117,2.57135084367465,6.70295401603924
108,-0.00519411731238598,0.767147452815206,0.0956704986150251,-0.00590360581567817,-0.0058651602878268,-0.00422932416275024,0.0171293036903988,0.0103802265684576,0.00916235716800396,9.46959977714179,14.0575436546835,1.41994973749239,2.12770239867132,0.214716279282755,4.05407973523456,2.76107260055038,1.3626386898622,-0.0696315551780222,12.2280185013774,17.5018820016715,1.57950646397451,0.209457442488145,0.181673500604578,0.0144720023773945,1.03169233226634,3.87215679969048,0.691233862618451,0.374062271145427,0.619015399359807,0.257923083066586,0.212111318802944,0.463557620468393,-0.43709246381573,-0.00564867346001249,0.987657776181034,0.999779912101052,0.987875195557247,0.536821109777378,0.0513579432394729,0.411820946983148,1.10775460538082,1.10317639214225,0.681060260495993,0.336115414311989,-0.0171756748079815,-0.000247293955773151,0.963128793123068,0.0185700169571389,0.987963779166218,-0.425676890776133,0.67,0.1,1.025,0.7,0.6,0.25,0.4,0.005,0.975,0.8,0.1,1.28764284792211,0.863523456930806,0.515057139168844,0.28178703165573,0.338424658225378,0.508612891166791,-1.35580887367982,2.53834781278868,6.70454628589683
109,-0.00521555822095361,0.768368976167481,0.0956675924059526,-0.00589609936220736,-0.00586590027699496,-0.00428294772511262,0.0171417402086027,0.0103880689398396,0.00916940392802777,9.4548156403069,14.0099462815005,1.41497803230469,2.12012015537792,0.213922853219792,4.03981085192745,2.76447464950988,1.3448079804166,-0.0694717779990336,12.216594910043,17.4290228637137,1.5738604699041,0.209413696214488,0.181053891099695,0.01443136237865,1.03004129607524,3.85916549854165,0.690127668370414,0.373382088017999,0.618024777645146,0.257510324018811,0.21210907598825,0.463222223689315,-0.437379424259353,-0.00550355254698135,0.987826491401264,0.999758363987941,0.988065243546368,0.536470162044787,0.0513228088004561,0.412207029154756,1.10774157340659,1.10316267062881,0.684307941841117,0.332888847945683,-0.0171967897868002,-0.000246513107418274,0.963128793123068,0.0185700169571389,0.988027426780128,-0.425676890776133,0.67,0.1,1.025,0.7,0.6,0.25,0.4,0.005,0.975,0.8,0.1,1.28642321082677,0.863463164332786,0.514569284330708,0.281188086076104,0.337491073892345,0.508030386196708,-1.35362384917671,2.50677125320593,6.70651991349718
110,-0.00523631064191974,0.769552852275012,0.0956653096529713,-0.00589020283546438,-0.00586648151880953,-0.00433475528215699,0.0171535720290323,0.0103955310975821,0.00917610958950818,9.4409471763682,13.9646883072378,1.41025780621535,2.11287926391581,0.21316699639845,4.02636842855792,2.76793623861498,1.32774903941494,-0.0693168494720019,12.2061506959385,17.3596114399769,1.56850068734273,0.209379085183308,0.180462380592757,0.0143927342009313,1.02846991435978,3.84689228069129,0.689074842621055,0.372731391885864,0.61708194861587,0.257117478589946,0.212111804227995,0.462907291436675,-0.437605800749243,-0.00536772855771096,0.98798569183471,0.999737507804871,0.98824509845993,0.536130314625689,0.0512890725630115,0.412580612811299,1.10772914717479,1.10314957461188,0.687452300435988,0.329763424031836,-0.0172157244678244,-0.000245427535311674,0.963128793123068,0.0185700169571389,0.988091006098661,-0.425676890776133,0.67,0.1,1.025,0.7,0.6,0.25,0.4,0.005,0.975,0.8,0.1,1.28527491138446,0.863423087276577,0.514109964553784,0.28061989585109,0.336601709826371,0.507486485505491,-1.35149352499681,2.47654162279919,6.70883738272244
111,-0.00525639609454146,0.77070015996464,0.0956635166069505,-0.00588557101312692,-0.00586693806940575,-0.00438480919015438,0.017164832729965,0.0104026340972819,0.00918249301595153,9.42793238322001,13.9216328619994,1.40577282347168,2.10596142426296,0.212446413651911,4.01369803342474,2.77144603566652,1.3114190526058,-0.0691670548475827,12.1966122298521,17.2934498583425,1.56340816685109,0.209352808814252,0.179897431174895,0.0143559845750792,1.02697370398782,3.83529078587678,0.688072381671841,0.372108767628276,0.616184222392693,0.256743425996955,0.212118997848696,0.462611469971248,-0.437776974844731,-0.00524068534179626,0.988135943894918,0.999717321924986,0.988415347242591,0.535801254896337,0.0512566322458007,0.412942112857862,1.10771729389146,1.10313707066391,0.690496896524563,0.326735853490904,-0.0172327500154674,-0.000244028859839355,0.963128793123068,0.0185700169571389,0.988154423491309,-0.425676890776133,0.67,0.1,1.025,0.7,0.6,0.25,0.4,0.005,0.975,0.8,0.1,1.28419330000443,0.863401243919727,0.513677320001772,0.280080527066922,0.335754031053363,0.50697858681784,-1.34942644136066,2.44758488454739,6.7114637848053
112,-0.00527583568229831,0.771811964703516,0.0956621082124833,-0.00588193267620585,-0.00586729667860997,-0.00443317027246692,0.0171755538309479,0.0104093977066686,0.00918857191823633,9.415713806815,13.8806523042838,1.4015082595643,2.09934946809238,0.211759004369065,4.00174916979905,2.77499356304709,1.29577814239202,-0.0690225356400685,12.1879113027643,17.2303535483255,1.55856572151609,0.20933412667929,0.179357602724473,0.014320993222793,1.02554846257011,3.82431805605787,0.687117469921976,0.371512859727298,0.615329077542068,0.256387115642528,0.212130193777036,0.462333500754885,-0.437897963800882,-0.00512191508184306,0.988277781213153,0.99969778513929,0.988576543735619,0.53548266854304,0.0512254009840736,0.413291930472886,1.10770598279077,1.10312512742623,0.693445152432291,0.323802939017562,-0.0172480914498531,-0.000242320344426862,0.963128793123068,0.0185700169571389,0.988217586136632,-0.425676890776133,0.67,0.1,1.025,0.7,0.6,0.25,0.4,0.005,0.975,0.8,0.1,1.28317406012693,0.863395825700238,0.513269624050772,0.279568201471874,0.334945672868321,0.506504267914866,-1.34742792275122,2.41983208516836,6.71436667024195
113,-0.00529465003393407,0.772889314698512,0.0956610019518352,-0.00587907475453631,-0.0058675783575034,-0.00447989766782486,0.0171857649371552,0.0104158404957639,0.00919436293527683,9.40423815844454,13.8416275153092,1.39745052787583,2.09302728262939,0.211102838542758,3.99047496711966,2.77856915018936,1.28078914562704,-0.0688833286967354,12.179984694844,17.170150235354,1.55395768869877,0.209322353912206,0.178841546149349,0.0142876509769202,1.02419024991927,3.81393424881828,0.686207467445913,0.370942373508057,0.614514149951564,0.256047562479818,0.212144967702109,0.462072213084865,-0.437973431650179,-0.00501092375083933,0.988411706234192,0.999678876715896,0.988729210205263,0.53517424234668,0.0511953042416977,0.413630453411621,1.1076951849851,1.10311371545313,0.696300358499665,0.320961578804619,-0.0172619373042842,-0.000240313356237346,0.963128793123068,0.0185700169571389,0.988280404182229,-0.425676890776133,0.67,0.1,1.025,0.7,0.6,0.25,0.4,0.005,0.975,0.8,0.1,1.2822131805839,0.863405180075052,0.512885272233558,0.279081278811567,0.334174427687603,0.506061273259056,-1.3455009149185,2.39321896362374,6.71751590646129
114,-0.0053128592629372,0.773933238035319,0.0956601330097391,-0.00587682986543658,-0.00586779960963302,-0.00452504873428505,0.0171954938698905,0.0104219799183792,0.00919988170693037,9.39345597357248,13.8044472565573,1.39358713498936,2.08697973971377,0.210476136819652,3.97983189888114,2.78216388771357,1.26641740676761,-0.0687493956000399,12.1727737876493,17.1126790191658,1.54956973446337,0.209316857051156,0.178347997094284,0.0142558582543891,1.0228953707391,3.804102379964,0.685339898395194,0.370396075212165,0.613737222443457,0.255723842684774,0.212162930687916,0.461826517428014,-0.438007703526323,-0.00490723485001994,0.98853819178585,0.999660576440748,0.988873838863888,0.534875666274439,0.0511662773794856,0.413958056346075,1.10768487333068,1.10310280707255,0.699065678752846,0.31820876834613,-0.0172744470989761,-0.000238024707652792,0.963128793123068,0.0185700169571389,0.988342792231141,-0.425676890776133,0.67,0.1,1.025,0.7,0.6,0.25,0.4,0.005,0.975,0.8,0.1,1.28130693095235,0.863427795556241,0.512522772380939,0.278618242024086,0.333438233106637,0.505647501823624,-1.34364661884908,2.36768558866879,6.72088354136932
115,-0.00533048294123146,0.774944740629761,0.0956594504755933,-0.00587506652067571,-0.00586797339805223,-0.00456867899550351,0.0172047667853308,0.010427832386268,0.00920514294032727,9.38332130603518,13.7690075834171,1.3899065590214,2.08119262975014,0.209877253759132,3.96977952459811,2.78576958326911,1.25263058606518,-0.0686206447361725,12.166224213395,17.0577895285101,1.54538869185172,0.209317050253862,0.177875770088465,0.0142255238073526,1.02166035846769,3.79478809153335,0.684512440173353,0.36987279122092,0.612996215080615,0.255415089616923,0.212183726163194,0.461595399362566,-0.438004782015858,-0.00481039184846258,0.988657682612308,0.999642864644062,0.989010893369737,0.534586635032124,0.0511382637387695,0.414275101229106,1.10767502230629,1.10309237626076,0.701744156320906,0.315541600812702,-0.0172857571336079,-0.000235474671368773,0.963128793123068,0.0185700169571389,0.988404670317356,-0.425676890776133,0.67,0.1,1.025,0.7,0.6,0.25,0.4,0.005,0.975,0.8,0.1,1.28045183945203,0.863462288642567,0.512180735780811,0.278177684718064,0.332735161023575,0.505260995973069,-1.3418649699706,2.34317602420028,6.72444367282526
116,-0.0053475400837739,0.775924804812373,0.0956589143604624,-0.00587368143122557,-0.0058681099048814,-0.00461084211894447,0.017213608283189,0.0104334133369816,0.0092101604705663,9.37379145257732,13.7352113088554,1.38639814654302,2.07565260023693,0.209304663677886,3.96028025352697,2.7893787191051,1.23939848222625,-0.0684969478043813,12.1602855362889,17.0053411451428,1.54140242611109,0.209322391836541,0.177423753107194,0.0141965636945569,1.02048196020147,3.78595944204973,0.683722913334986,0.369371406670325,0.612289176120883,0.255120490050368,0.212207027230079,0.461377914051969,-0.437968364643635,-0.00471995964752862,0.98877059686394,0.999625722215807,0.989140810294671,0.534306849197192,0.0511112131295626,0.414581937673245,1.10766560790311,1.10308239852898,0.704338718609855,0.312957266375899,-0.0172959849857542,-0.000232685509984557,0.963128793123068,0.0185700169571389,0.988465964496467,-0.425676890776133,0.67,0.1,1.025,0.7,0.6,0.25,0.4,0.005,0.975,0.8,0.1,1.27964467302318,0.86350739232559,0.511857869209272,0.277758300484276,0.332063407709966,0.504899931268882,-1.3401549994665,2.31963802090218,6.7281723240523
117,-0.00536404914148219,0.776874388405467,0.0956584932540521,-0.00587259346093671,-0.00586821712790753,-0.00465158991798531,0.017222041506639,0.0104387372962728,0.00921494731653015,9.36482670361163,13.7029675118943,1.38305202458839,2.0703470985748,0.208756948588718,3.95129912808423,2.79298441138433,1.22669286881604,-0.0683781521161351,12.1549109618483,16.9552022908321,1.53759972148866,0.209332381096713,0.176990902521708,0.014168900427684,1.01935712263057,3.77758671634626,0.682969272162483,0.368890863642442,0.611614273578343,0.254839280657643,0.212232534244382,0.461173181187716,-0.43790186184037,-0.00463552531778931,0.988877327538337,0.99960913061281,0.989264000552001,0.534036016026462,0.0510850806364881,0.41487890333705,1.10765660752414,1.10307285082003,0.706852182243792,0.310453050769353,-0.0173052330131452,-0.000229680397829391,0.963128793123068,0.0185700169571389,0.988526607148959,-0.425676890776133,0.67,0.1,1.025,0.7,0.6,0.25,0.4,0.005,0.975,0.8,0.1,1.27888241928732,0.863561945913522,0.511552967714928,0.277358873689703,0.331421284726494,0.504562607095619,-1.33851510586234,2.29702273255528,6.73204732494025
118,-0.00538002800048068,0.777794424181998,0.0956581624843485,-0.00587173887612646,-0.00586830134918959,-0.00469097237169547,0.0172300882345907,0.0104438179357255,0.00921951573243133,9.35639011681658,13.672191086378,1.37985902497951,2.0652643188683,0.208232787845065,3.94280362512615,2.79658037124395,1.21448734359178,-0.0682640897095729,12.1500570708184,16.9072497717218,1.53397018537231,0.209346555387147,0.176576238411537,0.0141424622573042,1.01828297892003,3.76964225269749,0.682249595876422,0.368430159073213,0.610969787352019,0.254570744730008,0.212259972629241,0.460980380348555,-0.437808414923361,-0.00455669829816805,0.988978243868843,0.999593071859517,0.98938085077868,0.533773850012087,0.0510598256743525,0.41516632431356,1.10764799989193,1.10306371141396,0.709287257783342,0.308026333305636,-0.0173135910889777,-0.000226482641009487,0.963128793123068,0.0185700169571389,0.988586537071381,-0.425676890776133,0.67,0.1,1.025,0.7,0.6,0.25,0.4,0.005,0.975,0.8,0.1,1.27816227014675,0.863624885966437,0.511264908058701,0.276978271479059,0.330807210595908,0.50424743801965,-1.33694325838371,2.27528445532556,6.73604819915932
119,-0.00539549398609888,0.778685819619262,0.0956579026720761,-0.00587106761352085,-0.00586836750313036,-0.004729037657485,0.0172377689671999,0.010448668126165,0.00922387725558396,9.34844731076683,13.6428023260994,1.37681061876705,2.06039315244863,0.207730949183191,3.93476347345084,2.8001608675965,1.20275718991276,-0.0681545840584277,12.1456835748862,16.861368174969,1.53050416646256,0.209364487413785,0.176178840214662,0.0141171825707432,1.01725683647473,3.76210028532503,0.68156208043807,0.367988342482872,0.610354101884839,0.254314209118683,0.212289090890931,0.46079874673167,-0.437690913759035,-0.00448311020242437,0.989073692658193,0.999577528543971,0.989491724667842,0.533520073243303,0.0510354112399068,0.41544451551679,1.10763976496365,1.10305495984122,0.711646554231308,0.305674584515224,-0.0173211387465319,-0.000223115123588304,0.963128793123068,0.0185700169571389,0.988645699413287,-0.425676890776133,0.67,0.1,1.025,0.7,0.6,0.25,0.4,0.005,0.975,0.8,0.1,1.27748160682092,0.863695238176222,0.510992642728369,0.276615436767646,0.33021970315692,0.503952945806366,-1.33543714849377,2.25438038835376,6.74015605697251
120,-0.00541046387040417,0.779549456879082,0.0956576985952694,-0.00587054034836409,-0.00586841946558481,-0.00476583219292426,0.0172451030053383,0.0104532999873034,0.0092280427508082,9.34096627625368,13.6147265428426,1.37389885903432,2.05572314186035,0.207250280917037,3.92715048605609,2.80372069165544,1.19147924936788,-0.0680494549672318,12.1417530918328,16.8174493130759,1.52719268436426,0.209385782734899,0.175797842691815,0.0140929993801311,1.01627616552959,3.75493680061744,0.680905030904823,0.367564513608614,0.609765699317752,0.254069041382396,0.212319658811236,0.460627567218064,-0.437552013879103,-0.00441441434377538,0.989163999555843,0.999562483810244,0.989596964249036,0.533274415618919,0.0510118033178429,0.415713781063238,1.10763188385257,1.10304657680267,0.71393258333503,0.303395363533534,-0.0173279468685631,-0.000219599924494609,0.963128793123068,0.0185700169571389,0.988704045504386,-0.425676890776133,0.67,0.1,1.025,0.7,0.6,0.25,0.4,0.005,0.975,0.8,0.1,1.27683798615121,0.863772110056057,0.510735194460484,0.276269382054988,0.329657372532647,0.503677752032587,-1.33399430212712,2.23427041401386,6.74435349360945
121,-0.00542495388232256,0.780386192960883,0.0956575382974259,-0.00587012619120986,-0.00586846028094612,-0.00480140068389412,0.0172521085246273,0.0104577249339938,0.0092320224518039,9.33391720332494,13.5878937143115,1.37111633066227,2.05124443806974,0.206789705090103,3.91993840583766,2.80725512316103,1.18063180477866,-0.0679485221020258,12.1382309381331,16.7753917117804,1.52402736853388,0.209410077442284,0.175432432182497,0.0140698548835382,1.01533858851011,3.74812940563075,0.680276854301771,0.367157819999067,0.609203153106064,0.253834647127527,0.212351465795186,0.460466176739722,-0.437394152899155,-0.00435028506209172,0.989249470278398,0.999547921348266,0.989696891114559,0.533036614945684,0.050988970408097,0.415974414646218,1.10762433875529,1.10303854409563,0.716147763694552,0.301186315330984,-0.0173340790255366,-0.000215958062715349,0.963128793123068,0.0185700169571389,0.988761532605806,-0.425676890776133,0.67,0.1,1.025,0.7,0.6,0.25,0.4,0.005,0.975,0.8,0.1,1.27622912803296,0.863854684329037,0.510491651213184,0.275939183924057,0.329118914655373,0.503420571239663,-1.33261216216352,2.21491689627919,6.7486244930438
122,-0.0054389797196141,0.78119685998558,0.0956574123869862,-0.00586980087863476,-0.00586849234051479,-0.00483578617689762,0.017258802644538,0.0104619537194104,0.00923582599977523,9.32727232237384,13.5622381592584,1.36845610592946,2.04694776066771,0.20634821142755,3.91310276354564,2.81075989827543,1.17019447276753,-0.0678516074973246,12.1350849373008,16.7351001377709,1.5210004049454,0.209437036008034,0.175081843131567,0.0140476950857141,1.01444187011169,3.7416572076243,0.679676052974829,0.366767454614505,0.608665122067011,0.253610467527921,0.212384319356532,0.460313954920536,-0.437219566145675,-0.00429041691780966,0.989330391773161,0.999533825381788,0.989791807591174,0.532806416949932,0.0509668831486121,0.416226699901455,1.10761711288418,1.10303084454517,0.718294424685289,0.299045167857342,-0.017339592542631,-0.000212209338245652,0.963128793123068,0.0185700169571389,0.988818123611261,-0.425676890776133,0.67,0.1,1.025,0.7,0.6,0.25,0.4,0.005,0.975,0.8,0.1,1.27565290385513,0.863942212925322,0.510261161542053,0.275623978118361,0.328603105296345,0.503180204579907,-1.33128814841353,2.19628449572051,6.75295433700168
123,-0.00545255656213653,0.781982265577348,0.095657313487092,-0.00586954535197837,-0.00586851752260276,-0.00486903011387951,0.0172652014929861,0.0104659964754198,0.00923946247954444,9.32100575784959,13.5376982374271,1.36591170503835,2.0428243608546,0.205924851962287,3.90662074693438,2.81423117910963,1.16014810512233,-0.0677585372975756,12.1322852425158,16.6964851628442,1.51810448917082,0.209466349282749,0.174745354866598,0.0140264694677588,1.01358390804926,3.73550070354428,0.679101218393006,0.366392653464761,0.608150344829558,0.253395977012316,0.21241804372612,0.460170322966538,-0.437030301439457,-0.00423452380093969,0.989407033325365,0.999520180655053,0.989881997857151,0.532583575223879,0.0509455140132668,0.416470910762853,1.1076101904045,1.10302346194047,0.720374810203428,0.296969729153444,-0.0173445393568719,-0.000208372243980583,0.963128793123068,0.0185700169571389,0.988873786717577,-0.425676890776133,0.67,0.1,1.025,0.7,0.6,0.25,0.4,0.005,0.975,0.8,0.1,1.27510732584559,0.864034011512839,0.510042930338237,0.275322955110555,0.328108794555186,0.502955533914885,-1.33001970065373,2.17833999975429,6.75732951901677
124,-0.0054656990859603,0.782743193317479,0.0956572358033865,-0.00586934464091171,-0.00586853730258163,-0.00490117238830812,0.0172713202667875,0.0104698627503715,0.00924294045335938,9.31509339336045,13.5142160721787,1.36347706083104,2.03886598700837,0.205518736232878,3.90047108014534,2.81766552483974,1.15047469823421,-0.067669142928608,12.1298041722624,16.6594627614433,1.51533278483257,0.209497732632801,0.174422288607508,0.0140061306972577,1.01276272443204,3.72964167850024,0.678551025369467,0.366032693307675,0.607657634659224,0.25319068110801,0.212452478570618,0.460034740783986,-0.43682823301412,-0.00418233799168947,0.989479647610008,0.99950697241861,0.989967729005093,0.532367851123214,0.0509248370690355,0.416707311807749,1.10760355637568,1.10301638097538,0.722391082241981,0.294957884469519,-0.0173489667114995,-0.000204463929521617,0.963128793123068,0.0185700169571389,0.988928495079155,-0.425676890776133,0.67,0.1,1.025,0.7,0.6,0.25,0.4,0.005,0.975,0.8,0.1,1.27459053723441,0.864129454499147,0.509836214893764,0.275035356092951,0.327634901768586,0.502745516328866,-1.32880430892441,2.16105216685584,6.76173766334028
125,-0.00547842147799999,0.783480403250208,0.0956571747845315,-0.00586918698646421,-0.00586855283932275,-0.00493225140158216,0.017277173288292,0.0104735615445061,0.0092462679925711,9.30951274710396,13.4917372938845,1.36114648709369,2.03506485265113,0.205129026970227,3.89463391245464,2.82105986436608,1.14115730993543,-0.0675832618468719,12.127616057865,16.6239539387955,1.51267888658918,0.209530924205783,0.174112004691208,0.0139866343721274,1.01197645772087,3.72406311239255,0.678024226672984,0.365686889423906,0.607185874632522,0.252994114430218,0.212487477810864,0.459906704306274,-0.43661507457043,-0.00413360919984624,0.989548471689552,0.99949418641461,0.990049252051445,0.532159013628917,0.0509048277798652,0.416936158591217,1.10759719669669,1.10300958719307,0.724345324304967,0.293007593418762,-0.0173529177237295,-0.000200500202524421,0.963128793123068,0.0185700169571389,0.988982226457146,-0.425676890776133,0.67,0.1,1.025,0.7,0.6,0.25,0.4,0.005,0.975,0.8,0.1,1.27410080315915,0.86422797045203,0.509640321263659,0.274760469333316,0.32718041080221,0.502549179024832,-1.32763953429194,2.14439158354871,6.76616744850852
126,-0.00549073745090673,0.784194632424777,0.0956571268555514,-0.00586906315215741,-0.00586856504309374,-0.00496230411907161,0.0172827740584749,0.0104771013431546,0.00924945270733728,9.30424285669192,13.4702108023676,1.35891464995701,2.03141360664173,0.204754936205054,3.8890907155993,2.82441147046526,1.13217998311208,-0.0675007379780331,12.1256971019411,16.5898843871262,1.5101367869768,0.209565683314481,0.173813899995286,0.0139679387927667,1.01122335522869,3.71874909394477,0.677519648003224,0.365354593478573,0.606734013137216,0.252805838807173,0.212522908530581,0.459785743012761,-0.436392391482681,-0.00408810360298928,0.989613727958963,0.999481808861839,0.990126802893878,0.531956839183337,0.0508854628474386,0.417157697969223,1.10759109805476,1.10300306693442,0.726239544666939,0.291116887186729,-0.0173564318536683,-0.000196495556597201,0.963128793123068,0.0185700169571389,0.989034962871222,-0.425676890776133,0.67,0.1,1.025,0.7,0.6,0.25,0.4,0.005,0.975,0.8,0.1,1.27363650224585,0.864329037894553,0.50945460089834,0.274497626849625,0.326744365693513,0.502365614573754,-1.32652302250663,2.12833053307521,6.77060853536888
127,-0.00550266025802732,0.784886595461545,0.0956570892083818,-0.00586896588289876,-0.00586857462888979,-0.00499136612528261,0.0172881353067328,0.0104804901478828,0.00925250177448859,9.29926417255091,13.4495885468364,1.35677654198622,2.02790530543441,0.204395721740272,3.88382418896942,2.82771793538303,1.12352767551537,-0.0674214219289724,12.1240252468972,16.5571841676513,1.50770084655568,0.209601788930699,0.173527405545857,0.013950004758165,1.01050176612697,3.71368474147728,0.67703618330507,0.365035191476165,0.606301059676182,0.252625441531743,0.212558649967438,0.459671417624354,-0.436161612184045,-0.00404560289814379,0.989675625039763,0.999469826440682,0.99020060321801,0.531761111508303,0.050866720081098,0.417372168410599,1.10758524787762,1.10299680728968,0.7280756794847,0.289283865811006,-0.0173595452957058,-0.000192463217513115,0.963128793123068,0.0185700169571389,0.989086690259584,-0.425676890776133,0.67,0.1,1.025,0.7,0.6,0.25,0.4,0.005,0.975,0.8,0.1,1.27319611880738,0.864432181436751,0.509278447522953,0.274246201365534,0.326325866616418,0.502193976490781,-1.3254525123987,2.11284287474231,6.77505149936399
128,-0.00551420270828462,0.785556985132647,0.0956570596373498,-0.00586888947994713,-0.00586858215832364,-0.00501947167778638,0.0172932690376064,0.0104837355057182,0.00925542196368164,9.29455845917249,13.4298253219016,1.35472745862296,2.02453338725452,0.204050683941926,3.87881817201898,2.83097714781387,1.11518619524147,-0.0673451710363591,12.1225800526881,16.5257874162567,1.50536576691098,0.209639038281127,0.17325198429584,0.0139327953824501,1.00981013492359,3.70885612982973,0.676572790398805,0.364728101812173,0.605886080954154,0.252452533730897,0.212594592579387,0.459563317962148,-0.435924038764902,-0.00400590337739797,0.989734358624885,0.999458226278174,0.990270861355057,0.531571621411248,0.0508485782908585,0.417579800297893,1.10757963428868,1.10299079605334,0.729855595767797,0.287506695540976,-0.0173622913087738,-0.00018841520150014,0.963128793123068,0.0185700169571389,0.989137398151127,-0.425676890776133,0.67,0.1,1.025,0.7,0.6,0.25,0.4,0.005,0.975,0.8,0.1,1.27277823560746,0.864536968211493,0.509111294242984,0.27400560351468,0.325924066141605,0.502033475114397,-1.32442584040676,2.09790393302187,6.77948776687549
129,-0.00552537718087082,0.786206472949902,0.0956570364099478,-0.00586882946705003,-0.0058685880725301,-0.00504665375965729,0.0172981865746306,0.0104868445365853,0.00925821966194968,9.29010870356593,13.4108785783997,1.35276297669687,2.02129164805341,0.203719162810105,3.87405756330662,2.83418727121231,1.10714214139345,-0.0672718492991423,12.1213425831363,16.4956320709597,1.50312656613684,0.209677245538159,0.172987129060924,0.0139162759290128,1.00914699537995,3.70425022290109,0.676128486904564,0.364432773422482,0.605488197227968,0.252286748844987,0.212630637180077,0.459461060956798,-0.435680856822434,-0.00396881503463813,0.989790112276209,0.999446995933225,0.99033777309221,0.531388166583966,0.0508310171987378,0.417780816217295,1.10757424606509,1.10298502168185,0.731581094214111,0.28578360628397,-0.0173647004980803,-0.000184362380978971,0.963128793123068,0.0185700169571389,0.989187079352388,-0.425676890776133,0.67,0.1,1.025,0.7,0.6,0.25,0.4,0.005,0.975,0.8,0.1,1.27238152714439,0.864643004586361,0.508952610857756,0.273775279267052,0.325538165768676,0.501883373766741,-1.32344094229168,2.08349039556287,6.7839095554311
130,-0.00553619563967415,0.786835709754318,0.0956570181653288,-0.00586878232819943,-0.00586859271801043,-0.00507294413025383,0.0173028903900654,0.0104898186792015,0.00926089609495751,9.28590370360207,13.392716483004,1.35087983341027,2.01817407468693,0.20340052307433,3.86952826389036,2.83734674120654,1.09938285095858,-0.0672013282747552,12.1202999734436,16.4666677101294,1.50097944291416,0.20971622277281,0.172732359123441,0.0139004147043075,1.00851096483715,3.69985482695822,0.675702346440891,0.364148699657958,0.605106578902291,0.252127741209288,0.212666694137791,0.459364288797332,-0.43543314197015,-0.00393415807631749,0.989843058176737,0.999436123382127,0.990401522437545,0.531210551397511,0.050814017364646,0.417975431237843,1.10756908529157,1.1029794885521,0.733253913020271,0.284112888212155,-0.0173668012324269,-0.00018031455433637,0.963128793123068,0.0185700169571389,0.989235729650918,-0.425676890776133,0.67,0.1,1.025,0.7,0.6,0.25,0.4,0.005,0.975,0.8,0.1,1.27200475341322,0.864749933126959,0.508801901365288,0.273554728108916,0.325167409926283,0.501742942525907,-1.32249587338298,2.06958022212909,6.78830986023192
131,-0.00554666964738245,0.78744532630291,0.0956570038345774,-0.00586874530164172,-0.00586859636693426,-0.00509837337423535,0.0173074081185766,0.0104926755610476,0.00926346721652068,9.28191868886365,13.3752837345092,1.34907219563163,2.01517542594793,0.203094202580855,3.86521704976501,2.84045418898185,1.09189634415737,-0.0671334833742062,12.1194260482315,16.4388219006378,1.49891809348471,0.20975585331544,0.172487225188201,0.0138851786464313,1.00790074032819,3.69565848298774,0.675293496019884,0.363875352514444,0.604740444196911,0.251975185082046,0.212702682929444,0.459272666854951,-0.435181877419637,-0.00390177393120275,0.989893357576783,0.99942559700438,0.990462282078657,0.531038586695917,0.0507975601238799,0.418163853180203,1.10756411479665,1.10297415361538,0.734875726839233,0.282492892429666,-0.0173686192688989,-0.000176280487174374,0.963128793123068,0.0185700169571389,0.989283347535969,-0.425676890776133,0.67,0.1,1.025,0.7,0.6,0.25,0.4,0.005,0.975,0.8,0.1,1.27164675588173,0.864857429123016,0.508658702352694,0.273343416742253,0.32481109567085,0.501611633143834,-1.32158873793324,2.05615254995135,6.79268226409275
132,-0.00555681037922396,0.788035933849555,0.0956569925780837,-0.00586871621807605,-0.00586859923308458,-0.00512297094876135,0.0173117397921455,0.0104954150696974,0.00926593285129693,9.27814518160926,13.3585541946212,1.34733740384062,2.01229026972981,0.202799630558583,3.86111156937355,2.84350848544536,1.08467128155733,-0.0670681976291315,12.1187111102194,16.4120518164178,1.4969393765314,0.209795973668387,0.172251296180833,0.0138705397613238,1.00731508914311,3.69165046658177,0.674901109725883,0.363612279301968,0.604389053485866,0.251828772285777,0.212738530503575,0.45918588405451,-0.434927950694087,-0.00387150394721288,0.989941162308997,0.99941540556888,0.990520214910545,0.530872089590774,0.0507816275338964,0.41834628287533,1.10755933976613,1.10296902477407,0.736448153395712,0.280922025213528,-0.0173701786092401,-0.000172268107966205,0.963128793123068,0.0185700169571389,0.98932993393684,-0.425676890776133,0.67,0.1,1.025,0.7,0.6,0.25,0.4,0.005,0.975,0.8,0.1,1.27130644642881,0.864965201708902,0.508522578571524,0.27314090616858,0.324468548183827,0.501488795899993,-1.3207177651871,2.04318762056874,6.79702103697845
133,-0.00556662863631932,0.788608124717445,0.0956569837363527,-0.00586869337356155,-0.00586860148438328,-0.00514676522885238,0.0173158944002478,0.0104980428607934,0.00926829807435401,9.27457026858665,13.3424943047683,1.34567197932284,2.00951362488888,0.202516280822459,3.85720026359588,2.84650870143954,1.07769692196797,-0.0670053598116333,12.118141252786,16.3863082568062,1.49503937086365,0.20983645440894,0.172024166519222,0.0138564705299823,1.00675284899859,3.68782072047487,0.674524408829055,0.363359035141929,0.604051709399154,0.251688212249648,0.21277417164913,0.459103647490844,-0.434672166278146,-0.00384320546853242,0.989986614499652,0.999405538220499,0.990575473758513,0.530710883258135,0.0507662023285287,0.418522914413336,1.10755475121843,1.10296409275525,0.7379727540195,0.279398747380231,-0.0173715013997305,-0.00016828438259781,0.963128793123068,0.0185700169571389,0.989375491978834,-0.425676890776133,0.67,0.1,1.025,0.7,0.6,0.25,0.4,0.005,0.975,0.8,0.1,1.27098280835701,0.865072984130869,0.508393123342806,0.272946761711886,0.324139134783016,0.501373872690047,-1.31988127412042,2.03066670755231,6.80132103502534
134,-0.00557613485862886,0.789162472861325,0.0956569767913652,-0.00586867542968827,-0.00586860325272953,-0.00516978355092013,0.0173198804518518,0.0105005642886894,0.00927056769091368,9.27118188045165,13.3270723828654,1.34407263913847,2.00684076964094,0.20224365542724,3.85347230977889,2.8494540920642,1.07096308194194,-0.0669448642272392,12.1177036022278,16.3615447130933,1.49321437528394,0.209877177772202,0.17180545215115,0.0138429449454718,1.00621292210946,3.68415980816755,0.674162657813336,0.363115197209621,0.603727753265674,0.251553230527364,0.212809548060294,0.459025684307242,-0.434415251654329,-0.00381674497937403,0.990029847489928,0.999395984467078,0.990628202311475,0.530554796738895,0.0507512678782,0.418693935382904,1.10755034062386,1.10295934873916,0.73945103607945,0.277921572004024,-0.0173726080834744,-0.000164335516977735,0.963128793123068,0.0185700169571389,0.989420026756462,-0.425676890776133,0.67,0.1,1.025,0.7,0.6,0.25,0.4,0.005,0.975,0.8,0.1,1.27067488967613,0.865180537672425,0.508269955870451,0.272760573759341,0.323822257770862,0.501266342872307,-1.31907767088505,2.01857204670416,6.80557765771866
135,-0.00558533913748714,0.7896995344182,0.0956569713362284,-0.00586866133516351,-0.005868604641727,-0.00519205225449315,0.0173237059837651,0.0105029844113152,0.00927274624050871,9.26796874501827,13.3122585230325,1.34253628544852,2.00426722635039,0.201981282848098,3.84991757078809,2.85234408183406,1.06446009940012,-0.0668866104460868,12.1173862558135,16.3377172157908,1.49146089626785,0.209918036735229,0.171594789207657,0.0138299384173207,1.00569427111248,3.68065887161021,0.673815161645359,0.362880364058698,0.603416562667486,0.251423567778119,0.212844607774106,0.458951739445485,-0.434157863489608,-0.00379199809922759,0.990070986392558,0.999386734166825,0.990678535690156,0.530403664743421,0.0507368081549919,0.418859527101587,1.10754609990974,1.10295478437104,0.740884455135953,0.276489062398195,-0.0173735175341481,-0.000160426985319754,0.963128793123068,0.0185700169571389,0.989463545123355,-0.425676890776133,0.67,0.1,1.025,0.7,0.6,0.25,0.4,0.005,0.975,0.8,0.1,1.27038179868405,0.865287647790857,0.50815271947362,0.272581956182042,0.323517352186216,0.501165720612383,-1.31830544487072,2.00688677352002,6.809786807457
136,-0.00559425122772252,0.790219848245601,0.095656967051337,-0.00586865026421912,-0.00586860573275438,-0.00521359672218058,0.0173273785892732,0.0105053080081241,0.00927483801305547,9.26492033246365,13.2980244821694,1.34105999344626,2.00178874687806,0.201728716328351,3.84652654781818,2.85517825078576,1.05817880006843,-0.0668305030360075,12.1171782128065,16.3147841730171,1.48977563441977,0.20995893421835,0.171391832760431,0.013817427681175,1.00519591532026,3.67730959200025,0.673481263264572,0.362654154411538,0.603117549192154,0.251298978830064,0.212879304661274,0.458881574405406,-0.433900593374226,-0.00376884899069463,0.990110148612896,0.999377777516139,0.990726600979385,0.530257327460991,0.0507228077016661,0.419019864837342,1.10754202143295,1.10295039173338,0.742274416988896,0.275099830188038,-0.0173742471769337,-0.000156563590607399,0.963128793123068,0.0185700169571389,0.989506055498177,-0.425676890776133,0.67,0.1,1.025,0.7,0.6,0.25,0.4,0.005,0.975,0.8,0.1,1.27010269992755,0.865394122138113,0.50804107997102,0.272410544827178,0.323223883734147,0.501071552538095,-1.31756316466315,1.99559486548778,6.81394485174134
137,-0.00560288055936392,0.79072393644677,0.095656963685648,-0.00586864156823208,-0.00586860658973265,-0.00523444141792251,0.0173309054450115,0.0105075395969349,0.00927684706393745,9.26202680436645,13.2843435743916,1.33964100017731,1.99940129887294,0.201485532346759,3.84329033663941,2.85795632148487,1.0521104664558,-0.0667764513012641,12.117069310238,16.2927062202676,1.48815547193797,0.20999978234111,0.171196255664169,0.0138053907151672,1.0047169272257,3.6741041534277,0.673160341241222,0.362436206003097,0.602830156335423,0.251179231806426,0.212913597954444,0.458814966124363,-0.433643973123721,-0.00374718978276285,0.990147444337694,0.999369105037839,0.990772517727776,0.53011563037444,0.0507092516039221,0.419175118021638,1.10753809795419,1.10294616331986,0.743622279632779,0.27375253346578,-0.0173748130985594,-0.000152749521501931,0.963128793123068,0.0185700169571389,0.989547567685769,-0.425676890776133,0.67,0.1,1.025,0.7,0.6,0.25,0.4,0.005,0.975,0.8,0.1,1.26983681044406,0.865499788791901,0.507934724177625,0.272245996115222,0.322941346859075,0.500983415552518,-1.31684947399419,1.98468108875163,6.81804858783947
138,-0.00561123624894042,0.791212304882405,0.0956569610419723,-0.00586863473772259,-0.00586860726287042,-0.00525460992358673,0.0173342933361365,0.0105096834497096,0.00927877722813607,9.25927896632482,13.2711905727897,1.33827669417647,1.99710105297263,0.201251329194061,3.84020058701566,2.86067814688514,1.04624680916003,-0.0667243690295031,12.1170501631283,16.2714460807456,1.48659746100342,0.210040501729154,0.171007747477696,0.0137938066623856,1.00425642923795,3.67103520914799,0.672851807589425,0.362226174494278,0.602553857542769,0.251064107309487,0.212947451810849,0.45875170593493,-0.433388479675101,-0.00372692002945878,0.990182976993694,0.999360707569815,0.990816398416905,0.529978424080218,0.0506961254653273,0.419325450454454,1.10753432261388,1.10294209201105,0.744929355123571,0.272445875024294,-0.017375230147865,-0.000148988405593375,0.963128793123068,0.0185700169571389,0.989588092712692,-0.425676890776133,0.67,0.1,1.025,0.7,0.6,0.25,0.4,0.005,0.975,0.8,0.1,1.26958339626215,0.865604494618998,0.50783335850486,0.27208798573413,0.322669262950621,0.500900914794267,-1.3161630877519,1.9741309487755,6.8220952097823
139,-0.00561932711038142,0.791685443668727,0.0956569589654225,-0.00586862937250554,-0.00586860779160558,-0.00527412497397073,0.0173375486799072,0.0105117436073357,0.00928063213347041,9.2566682238954,13.2585416179699,1.33696460585216,1.99488437084962,0.201025725649635,3.83724946505299,2.86334369899351,1.04057994030806,-0.0666741742485752,12.1171121088508,16.2509684354553,1.48509881301213,0.21008102086879,0.170826013458136,0.0137826557589066,1.0038135906338,3.66809585027961,0.672555105724649,0.362023732451562,0.602288154380282,0.250953397658451,0.212980834906914,0.458691598594232,-0.433134539606895,-0.00370794620302693,0.990216843677717,0.999352576254067,0.990858348901653,0.52984556411402,0.0506834153844659,0.419471020501514,1.10753068890969,1.10293817105164,0.746196911361495,0.271178600666541,-0.0173755120280358,-0.000145283359014609,0.963128793123068,0.0185700169571389,0.989627642676304,-0.425676890776133,0.67,0.1,1.025,0.7,0.6,0.25,0.4,0.005,0.975,0.8,0.1,1.26934176914222,0.865708103758937,0.507736707656889,0.271936207423205,0.322407178672492,0.500823681735201,-1.31550278809763,1.96393064467391,6.82608227755551
140,-0.00562716166552689,0.792143827661835,0.0956569573343378,-0.00586862515824393,-0.00586860820691548,-0.00529300849027436,0.0173406775477794,0.0105137238934778,0.00928241521300361,9.25418654161332,13.2463741328744,1.33570239855664,1.99274779404381,0.200808359750097,3.83442961825673,2.86595305829642,1.03510234895452,-0.0666257889942119,12.1172471553533,16.2312398023197,1.48365688857944,0.210121275506122,0.170650773622849,0.0137719192669096,1.00338762471007,3.66527957674151,0.67226970855575,0.361828568389086,0.602032574826045,0.250846906177519,0.213013720062583,0.458634461379914,-0.432882533310825,-0.00369018121985015,0.990249135559873,0.999344702526145,0.990898468823339,0.529716910781996,0.0506711079339506,0.419611981284053,1.10752719067541,1.10293439402918,0.747426173793754,0.269949497587691,-0.0173756713814446,-0.000141637032559804,0.963128793123068,0.0185700169571389,0.989666230606524,-0.425676890776133,0.67,0.1,1.025,0.7,0.6,0.25,0.4,0.005,0.975,0.8,0.1,1.26911128354069,0.865810496219299,0.507644513416278,0.271790371839928,0.322154664405418,0.500751372406314,-1.31486742072145,1.95406702690773,6.8300076883561
141,-0.00563474815425869,0.792587916928374,0.0956569560531562,-0.00586862184803283,-0.00586860853313242,-0.00531128161210681,0.0173436856861082,0.0105156279275576,0.00928412971666946,9.25182640487343,13.2346667434239,1.33448786028655,1.99068803352585,0.200598887642494,3.83173414309305,2.86850640390432,1.02980687827779,-0.06657913908906,12.1174479329724,16.2122284236475,1.48226918825243,0.21016120808787,0.170481761874248,0.0137615794124536,1.00297778612293,3.6625802702603,0.671995116702364,0.361640385869407,0.601786671673759,0.250744446530733,0.213046083893267,0.458580123248125,-0.432632798841015,-0.003673543997417,0.99027993826141,0.99933707810497,0.990936851997191,0.529592328997565,0.0506591901410087,0.419748480861426,1.10752382206123,1.10293075485408,0.748618327041014,0.268757392826864,-0.0173757198678776,-0.000138051654363146,0.963128793123068,0.0185700169571389,0.989703870339438,-0.425676890776133,0.67,0.1,1.025,0.7,0.6,0.25,0.4,0.005,0.975,0.8,0.1,1.26889133378186,0.865911566574511,0.507556533512746,0.271650205503652,0.321911312795908,0.500683665743275,-1.31425589125563,1.94452755806915,6.83386964978991
142,-0.00564209454426406,0.79301815720264,0.0956569550468159,-0.00586861924793391,-0.00586860878936879,-0.00532896472809119,0.0173465785355479,0.0105174591369191,0.00928577872216894,9.24958078446819,13.2233992045561,1.33331889596354,1.98870195994025,0.200396982515458,3.82915655486717,2.87100400437345,1.02468670442695,-0.066534153933232,12.1177076495953,16.1939041613264,1.4809333438733,0.21020076724115,0.170318725182988,0.0137516193275363,1.00258336840162,3.65999216929108,0.671730856829082,0.361458902659486,0.601550021040969,0.250645842100404,0.2130779064875,0.458528424049237,-0.432385635464875,-0.00365795904062259,0.990309332208697,0.999329694983014,0.990973586775613,0.529471688123733,0.0506476494694136,0.419880662406853,1.10752057751527,1.10292724774101,0.749774516451328,0.267601151785469,-0.0173756682367975,-0.000134529069325295,0.963128793123068,0.0185700169571389,0.989740576401928,-0.425676890776133,0.67,0.1,1.025,0.7,0.6,0.25,0.4,0.005,0.975,0.8,0.1,1.26868135142309,0.86601122276076,0.507472540569236,0.271515449810577,0.321676737403164,0.500620262043577,-1.31366716185738,1.93530027650411,6.83766665489234
143,-0.00564920854044361,0.79343498033031,0.0956569542563574,-0.0058686172056126,-0.00586860899063679,-0.0053460775051315,0.0173493612492333,0.0105192207682297,0.0092873651451835,9.24744310359394,13.2125523312694,1.33219352024978,1.98678659448063,0.200202333602327,3.82669075974506,2.87344620916531,1.01973531688603,-0.0664907663062777,12.1180200489404,16.1762383991703,1.47964711054193,0.210239907289672,0.170161422825328,0.0137420229960969,1.00220370162457,3.65750984570834,0.67147648008846,0.361283849938454,0.601322220974741,0.250550925406142,0.213109171108501,0.458479213797302,-0.432141306938019,-0.00364335605564042,0.990337392964734,0.999322545416854,0.991008756388687,0.529354861820846,0.050636473802577,0.420008664376577,1.10751745176622,1.10292386719141,0.750895849584996,0.2664796768092,-0.0173755263941966,-0.000131070775485131,0.963128793123068,0.0185700169571389,0.989776363906533,-0.425676890776133,0.67,0.1,1.025,0.7,0.6,0.25,0.4,0.005,0.975,0.8,0.1,1.26848080279976,0.866109384960121,0.507392321119903,0.27138586011488,0.321450571437119,0.500560881527845,-1.3131002479658,1.92637376254258,6.84139745886051
144,-0.00565609759397559,0.79383880469903,0.0956569536354695,-0.00586861560141361,-0.00586860914872855,-0.0053626389164011,0.0173520387098188,0.010520915898167,0.00928889174894842,9.24540720715047,13.2021079343112,1.331109850857,1.98493910035313,0.200014645250761,3.82433102875927,2.8758334407064,1.01494650023319,-0.0664489121803193,12.1183793717429,16.1592039518925,1.4784083591311,0.210278587803952,0.170009625670828,0.0137327752036576,1.00183815024692,3.65512818313518,0.671231560665434,0.361114971554024,0.601102890148149,0.250459537561729,0.213139863917965,0.45843235198954,-0.431900044524057,-0.00362966958979809,0.99036419153953,0.999315621918054,0.99104243926324,0.529241727899645,0.0506256514276521,0.420132620672703,1.10751443980718,1.10292060797705,0.751983397633704,0.265391905830813,-0.0173753034645168,-0.000127677957476977,0.963128793123068,0.0185700169571389,0.989811248455792,-0.425676890776133,0.67,0.1,1.025,0.7,0.6,0.25,0.4,0.005,0.975,0.8,0.1,1.26828918673758,0.866205984567545,0.507315674695033,0.271261204871265,0.321232466581066,0.50050526299829,-1.31255421523375,1.91773710712706,6.84506105739113
145,-0.00566276891104888,0.794230035656107,0.0956569531477755,-0.00586861434135011,-0.00586860927290611,-0.00537866726811509,0.0173546155454496,0.0105225474434368,0.00929036115322726,9.24346733317219,13.1920487601753,1.33006610231166,1.98315677478713,0.199833636053894,3.82207197365174,2.87816618701215,1.01031431718356,-0.066408530543973,12.1187803196471,16.142774980219,1.47721506931191,0.2103167731833,0.169863115516774,0.0137238614903255,1.00148611106901,3.65284235678886,0.670995694416237,0.360952023324402,0.600891666641406,0.250371527767253,0.213169973720521,0.458387706972417,-0.431662049778528,-0.00361683869579142,0.990389794680636,0.999308917244396,0.991074709321764,0.529132168179486,0.050615171020526,0.420252660799987,1.10751153688038,1.10291746512475,0.753038196777148,0.264336811070903,-0.0173750078480507,-0.00012435151725229,0.963128793123068,0.0185700169571389,0.989845246055357,-0.425676890776133,0.67,0.1,1.025,0.7,0.6,0.25,0.4,0.005,0.975,0.8,0.1,1.26810603242067,0.866300963234818,0.50724241296827,0.271141264834609,0.321022091892843,0.50045316258782,-1.31202817663191,1.90937988264749,6.8486566665237
146,-0.00566922946127667,0.794609065913619,0.0956569527647025,-0.0058686133515975,-0.00586860937044498,-0.00539418022514115,0.0173570961447309,0.0105241181701629,0.00929177584272482,9.24161808624104,13.1823584351029,1.32906058014204,1.98143704155537,0.199659038038475,3.81990852441813,2.88044499484107,1.00583309281367,-0.0663695632366092,12.1192180216222,16.1269269116936,1.47606532305081,0.210354432267476,0.169721684466041,0.0137152681069061,1.00114701133644,3.65064781473113,0.670768497595415,0.360794772382989,0.600688206801864,0.25028675283411,0.21319949172743,0.458345155351081,-0.431427497114859,-0.00360480661877913,0.990414265145014,0.999302424391417,0.9911056362624,0.529026068351587,0.050605021631604,0.420368910016809,1.10750873846295,1.10291443390191,0.754061249480184,0.263313397794004,-0.017374647274188,-0.000121092102303307,0.963128793123068,0.0185700169571389,0.9898783730352,-0.425676890776133,0.67,0.1,1.025,0.7,0.6,0.25,0.4,0.005,0.975,0.8,0.1,1.26793089740452,0.866394271985985,0.50717235896181,0.27102583231267,0.320819132779001,0.500404352593689,-1.31152128972038,1.9012921158078,6.85218370389451
147,-0.00567548598580263,0.794976275941209,0.0956569524638069,-0.00586861257416849,-0.00586860944705958,-0.00540919483550661,0.0173594846707616,0.0105256307026916,0.00929313817497513,9.23985441274122,13.1730214127991,1.32809167545583,1.97977744396836,0.199490595905838,3.81783590842841,2.88267046334651,1.00149739987437,-0.0663319547924622,12.1196880027256,16.1116363667614,1.4749572985431,0.210391537976044,0.169585134345313,0.0137069819738967,1.00082030696257,3.64854026041975,0.670549605664922,0.360642996563021,0.600492184177542,0.250205076740643,0.213228411338139,0.458304581439196,-0.431196536168882,-0.00359352050484483,0.990437661953416,0.999296136584268,0.991135285821146,0.528923317847123,0.0505951926723013,0.420481489480575,1.1075060402536,1.10291150980308,0.755053525733407,0.262320703117424,-0.0173742288508313,-0.000117900131502416,0.963128793123068,0.0185700169571389,0.989910645978287,-0.425676890776133,0.67,0.1,1.025,0.7,0.6,0.25,0.4,0.005,0.975,0.8,0.1,1.26776336576398,0.866485870399197,0.507105346305593,0.270914710468149,0.320623290036778,0.500358620390028,-1.31103275408172,1.89346426236371,6.85564177131198
148,-0.00568154500511148,0.795332034346908,0.09565695222746,-0.00586861196351474,-0.00586860950723866,-0.00542372755385223,0.0173617850742893,0.0105270875318459,0.00929445038773722,9.23817157782725,13.1640229256036,1.32715785987967,1.9781756383105,0.199328066321889,3.81584963100814,2.88484323819521,0.997302045107007,-0.066295652294076,12.1201861550576,16.0968810897485,1.47388926455064,0.210428066973568,0.169453276160842,0.0136989906431514,1.00050548086534,3.64651563646619,0.670338672179779,0.360496483819708,0.600303288519205,0.250126370216335,0.213256727938459,0.458265876746363,-0.430969293977251,-0.00358293112949473,0.990460040628338,0.999290047269863,0.991163720017378,0.528823809710048,0.0505856739021774,0.420590516387774,1.10750343815999,1.10290868853722,0.756015964239928,0.261357794870344,-0.017373759110272,-0.000114775818768747,0.963128793123068,0.0185700169571389,0.989942081656121,-0.425676890776133,0.67,0.1,1.025,0.7,0.6,0.25,0.4,0.005,0.975,0.8,0.1,1.26760304636685,0.866575725850219,0.507041218546739,0.270807712666684,0.320434278959097,0.500315767413925,-1.31056180890816,1.88588718358544,6.85903063856878
149,-0.00568741282655486,0.79567669824628,0.0956569520418146,-0.00586861148385953,-0.00586860955450808,-0.00543779426388546,0.0173640011060446,0.0105284910226651,0.00929571460592995,9.23656514398482,13.1553489388704,1.32625768083416,1.97662938768765,0.199171217252608,3.81394545737386,2.88696400612353,0.993242056484904,-0.0662606052345723,12.1207087107531,16.0826398843876,1.47285957511422,0.210463999358915,0.169325929589089,0.013691282262026,1.00020204141055,3.64457010951147,0.670135367745068,0.360355031687444,0.600121224846329,0.250050510352637,0.213284438714181,0.458228939500557,-0.430745876983938,-0.00357299264487483,0.990481453416577,0.999284150109312,0.991190997383704,0.528727440474438,0.0505764554166547,0.420696104108907,1.10750092828705,1.10290596601584,0.756949473550972,0.260423770500815,-0.0173732440517868,-0.000111719194687575,0.963128793123068,0.0185700169571389,0.989972696970605,-0.425676890776133,0.67,0.1,1.025,0.7,0.6,0.25,0.4,0.005,0.975,0.8,0.1,1.26744957126443,0.866663812813231,0.506979828505774,0.270704661867576,0.320251828498157,0.500275608220112,-1.31010773073577,1.87855212431125,6.86235022841136
150,-0.00569309555160382,0.796010613620224,0.0956569518959942,-0.0058686111071008,-0.00586860959163715,-0.00545141029987795,0.017366136328306,0.0105298434216622,0.00929693284813579,9.23503095107322,13.1469861083312,1.32538975712014,1.97513655625803,0.199019827341831,3.81211939582386,2.8890334899034,0.989312671308694,-0.066226765388228,12.1212522168746,16.0688925535614,1.47186666461357,0.210499318377052,0.169202922499843,0.0136838455398258,0.999909520954449,3.64270005613909,0.669939379039481,0.360218446769852,0.599945712572669,0.249977380238612,0.213311542479027,0.458193674203163,-0.430526372887896,-0.00356366234443829,0.990501949497357,0.999278438970638,0.991217173181159,0.528634110046238,0.0505675276352747,0.420798362318487,1.10749850692591,1.10290333834188,0.75785493315282,0.259517756028375,-0.0173726891811958,-0.000108730126297914,0.963128793123068,0.0185700169571389,0.990002508901714,-0.425676890776133,0.67,0.1,1.025,0.7,0.6,0.25,0.4,0.005,0.975,0.8,0.1,1.26730259419106,0.866750112214829,0.506921037676424,0.270605390054314,0.320075680483507,0.500237969599637,-1.3096698313174,1.87145069246886,6.86560060259169
151,-0.00569859908283839,0.796334115661743,0.0956569517814555,-0.00586861081116508,-0.00586860962080116,-0.00546459046725734,0.0173681941257445,0.0105311468636312,0.00929810703270013,9.23356509774567,13.1389217402326,1.32455277479401,1.97369510382049,0.198873685328349,3.81036768209331,2.89105244369203,0.985509325090149,-0.0661940866888672,12.1218135120736,16.0556198429662,1.47090904314988,0.210534010151804,0.169084090509533,0.013676669716394,0.999627474478974,3.64090204974998,0.669750407900913,0.360086544260544,0.599776484687384,0.249906868619743,0.213338039515946,0.458159991214367,-0.430310852344047,-0.00355490044393719,0.990521575176946,0.999272907921747,0.991242299600615,0.528543721589225,0.0505588812904516,0.420897397120322,1.10749617054357,1.10290080179917,0.758733194507458,0.258638905040141,-0.0173720995475986,-0.00010580833510783,0.963128793123068,0.0185700169571389,0.990031534460491,-0.425676890776133,0.67,0.1,1.025,0.7,0.6,0.25,0.4,0.005,0.975,0.8,0.1,1.26716178916497,0.866834610837438,0.506864715665986,0.270509737702147,0.319905588890795,0.500202689758185,-1.30924745562692,1.86457483995254,6.8687819489308
152,-0.00570392913068435,0.796647529112004,0.0956569516914878,-0.00586861057871391,-0.00586860964370894,-0.00547734906233188,0.0173701777147451,0.0105324033774915,0.00929923898296683,9.2321639255536,13.1311437563228,1.32374548355028,1.9723030809626,0.198732589519338,3.80868676449038,2.89302164848485,0.981827641118391,-0.0661625251128536,12.1223897060556,16.0428033908296,1.46998529249119,0.210568063447947,0.16896927657946,0.0136697445344242,0.999355478313324,3.63917284879256,0.669568170469927,0.359959147955056,0.599613286987995,0.249838869578331,0.213363931430765,0.458127806316238,-0.430099371290174,-0.00354667067530828,0.990540373986348,0.999267551223662,0.991266425866999,0.528456181415049,0.0505505074166874,0.420993311168263,1.10749391577414,1.10289835284375,0.759585082041714,0.257786397736421,-0.0173714797781353,-0.000102953106585406,0.963128793123068,0.0185700169571389,0.990059790562672,-0.425676890776133,0.67,0.1,1.025,0.7,0.6,0.25,0.4,0.005,0.975,0.8,0.1,1.26702684918364,0.866917300672892,0.506810739673456,0.270417553314443,0.319741319189437,0.500169617573298,-1.30883997993287,1.85791684466506,6.87189456872049
153,-0.00570909121990727,0.796951168585988,0.0956569516208201,-0.00586861039612852,-0.00586860966170244,-0.00548969989119297,0.0173720901556304,0.0105336148939802,0.00930033043418099,9.23082399840893,13.1236406517903,1.32296669235865,1.97095862353888,0.198596347214449,3.80707329126481,2.89494190893922,0.978263420907657,-0.0661320385820678,12.122978155732,16.0304256709431,1.46909406119741,0.21060146941012,0.168858330570118,0.0136630602063817,0.999093128978029,3.63750938389849,0.66939239641528,0.359836087950126,0.599455877386818,0.249773282244507,0.213389221026293,0.458097040551448,-0.429891970020496,-0.00353893682878673,0.99055838719203,0.999262363323993,0.991289598756617,0.52837139887719,0.0505423973402204,0.421086203782589,1.10749173940661,1.10289598809113,0.760411394121136,0.256959439987006,-0.0173708341081421,-0.000100164574436354,0.963128793123068,0.0185700169571389,0.990087294255123,-0.425676890776133,0.67,0.1,1.025,0.7,0.6,0.25,0.4,0.005,0.975,0.8,0.1,1.26689748506025,0.866998178790377,0.506758994024102,0.270328692847914,0.319582647601571,0.500138611805139,-1.3084468102474,1.85146929411112,6.87493886746741
154,-0.00571409069587313,0.797245338888055,0.0956569515653121,-0.00586861025271168,-0.00586860967583602,-0.0055016562878325,0.0173739343588031,0.0105347832494898,0.00930138303691907,9.22954209221135,13.116401470139,1.32221526688082,1.96965994902976,0.198464774293622,3.80552409699337,2.89681404894961,0.974812634893541,-0.0661025868497833,12.1235764503952,16.0184699545209,1.46823406171913,0.210634221384076,0.168751108929109,0.0136566073944751,0.998840041929972,3.63590874876022,0.669222828093081,0.359717203072757,0.599304025157983,0.249710010482493,0.213413912149876,0.458067619622585,-0.429688676924838,-0.00353166755809798,0.990575653441622,0.999257338850647,0.991311862248606,0.528289286268701,0.0505345426690785,0.421176171062219,1.10748963837952,1.10289370431122,0.761212903955065,0.256157262456519,-0.0173701664115837,-9.74417748405687e-05,0.963128793123068,0.0185700169571389,0.990114062408713,-0.425676890776133,0.67,0.1,1.025,0.7,0.6,0.25,0.4,0.005,0.975,0.8,0.1,1.26677342412107,0.867077246366112,0.50670936964843,0.270243019391792,0.319429360608457,0.500109540510922,-1.3080673804184,1.84522506935287,6.87791534275017
155,-0.00571893273058455,0.797530335317716,0.0956569515217119,-0.0058686101400609,-0.00586860968693759,-0.00551323113151281,0.0173757130940732,0.0105359101919307,0.00930239836234714,9.22831517936106,13.1094157701137,1.32149012604716,1.96840535204947,0.198337694741546,3.80403619117653,2.89863890854541,0.97147141404241,-0.0660741314112901,12.1241823930065,16.0069202642849,1.46740406656187,0.21066631470841,0.168647474327201,0.013650377184455,0.998595850646808,3.63436818973417,0.669059219933361,0.359602338666587,0.599157510388085,0.249648962661702,0.213438009608345,0.458039473685422,-0.429489508945729,-0.00352483291617432,0.990592209251303,0.999252472605762,0.991333258018491,0.528209758723578,0.0505269352835164,0.421263305992905,1.1074876097719,1.10289149841902,0.761990360465886,0.25537911976226,-0.0173694802281458,-9.47839853718314e-05,0.963128793123068,0.0185700169571389,0.990140111778866,-0.425676890776133,0.67,0.1,1.025,0.7,0.6,0.25,0.4,0.005,0.975,0.8,0.1,1.26665440932055,0.867154508451863,0.506661763728218,0.270160402721046,0.319281254353835,0.50008228039676,-1.30770115069389,1.83917733059301,6.8808245752936
156,-0.00572362232850156,0.797806443965904,0.0956569514874648,-0.00586861005157613,-0.00586860969565761,-0.0055244368634243,0.0173774289985761,0.0105369973857042,0.00930337790667789,9.22714041568055,13.1026735969696,1.32079023908749,1.96719320033598,0.198214940223867,3.80260674725573,2.90041734082399,0.968236041846494,-0.0660466354147604,12.1247939839829,15.9957613338331,1.4666029049594,0.210697746532071,0.168547295333402,0.0136443610628073,0.99836020559671,3.63288509654845,0.668901337749796,0.359491346632498,0.599016123358026,0.249590051399178,0.21346151905368,0.458012537097424,-0.429294472650752,-0.00351840494363235,0.990608089065817,0.999247759559856,0.991353825503853,0.528132734121623,0.0505195673268143,0.421347698551562,1.10748565079556,1.10288936746684,0.762744489135598,0.254624289653089,-0.0173687787886868,-9.21904196132309e-05,0.963128793123068,0.0185700169571389,0.990165458982671,-0.425676890776133,0.67,0.1,1.025,0.7,0.6,0.25,0.4,0.005,0.975,0.8,0.1,1.26654019819903,0.867229973652701,0.506616079279612,0.27008071891315,0.319138134116466,0.500056716237852,-1.30734760627502,1.83331950339499,6.883667220195
157,-0.00572816433215511,0.798073942002039,0.0956569514605645,-0.00586860998207328,-0.00586860970250702,-0.0055352855026638,0.017379084584164,0.0105380464163442,0.00930432309533235,9.22601512830263,13.09616545565,1.32011462275948,1.96602193105784,0.198096349689338,3.80123309238816,2.90215020912841,0.965102946836963,-0.0660200635772136,12.1254094061914,15.9849785696574,1.46582945976702,0.210728515646028,0.16845044611058,0.0136385508954155,0.998132773309125,3.63145699366273,0.668748958117114,0.359384085128286,0.598879663985475,0.249533193327281,0.213484446885712,0.457986748119103,-0.429103565260047,-0.00351235757376969,0.990623325385451,0.999243194846184,0.99137360203683,0.528058132996681,0.0505124311964198,0.421429435806898,1.1074837587881,1.10288730863712,0.763475992812864,0.253892072225893,-0.0173680650387566,-8.96602246961258e-05,0.963128793123068,0.0185700169571389,0.990190120475626,-0.425676890776133,0.67,0.1,1.025,0.7,0.6,0.25,0.4,0.005,0.975,0.8,0.1,1.26643056195731,0.867303653709622,0.506572224782923,0.270003849990537,0.318999813817162,0.500032740338968,-1.30700625595493,1.82764526579695,6.88644399879604
158,-0.00573256342756135,0.798333097952163,0.0956569514394349,-0.00586860992748039,-0.00586860970788716,-0.00554578866156541,0.0173806822443452,0.0105390587948758,0.00930523528684694,9.22493680439042,13.0898822856458,1.31946233875131,1.96489004731658,0.197981768995851,3.7999126979149,2.90383838446221,0.962068695558121,-0.0659943821054317,12.1260270110169,15.9745580155199,1.46508266454925,0.210758622327687,0.168356806129479,0.0136329389075269,0.997913235505775,3.63008153220273,0.66860186778887,0.35928041825714,0.598747941303465,0.249478308876444,0.213506800163396,0.457962048658812,-0.428916775591291,-0.00350666650200747,0.990637948887403,0.999238773755301,0.991392622970809,0.527985878448109,0.0505055195354181,0.421508602016473,1.10748193120613,1.10288531923567,0.764185552487005,0.253181789173409,-0.0173673416604141,-8.71924904940366e-05,0.963128793123068,0.0185700169571389,0.990214112531202,-0.425676890776133,0.67,0.1,1.025,0.7,0.6,0.25,0.4,0.005,0.975,0.8,0.1,1.26632528459676,0.86737556315878,0.506530113838703,0.269929683585702,0.318866115556583,0.500010252031465,-1.30667663084134,1.82214853621824,6.88915569117788
159,-0.00573682414944445,0.79858417196842,0.095656951422838,-0.00586860988459881,-0.005868609712113,-0.00555595756041405,0.0173822242607974,0.0105400359619075,0.00930611577654185,9.2239030806306,13.0838154374234,1.31883249124625,1.96379611485292,0.197871050558821,3.79864317047144,2.90548274312514,0.959129985967801,-0.0659695586215047,12.1266453054295,15.9644863190296,1.4643615008485,0.210788068197141,0.168266259899922,0.0136275176649338,0.997701288285058,3.62875648242771,0.668459863150989,0.359180215773104,0.598620772971035,0.249425322071265,0.213528586523422,0.457938384036586,-0.428734084927301,-0.00350130906327657,0.990651988539224,0.999234491729808,0.991410921799019,0.527915896055355,0.0504988252243111,0.421585278720333,1.10748016561906,1.10288339668525,0.764873828030887,0.25249278306158,-0.0173666110924669,-8.47862580300374e-05,0.963128793123068,0.0185700169571389,0.990237451223003,-0.425676890776133,0.67,0.1,1.025,0.7,0.6,0.25,0.4,0.005,0.975,0.8,0.1,1.2662241621171,0.86744571902144,0.506489664846839,0.269858112627406,0.318736869181674,0.499989157204351,-1.30635828315756,1.81682346209789,6.89180312923724
160,-0.00574095088627525,0.79882741609015,0.0956569514098015,-0.0058686098509162,-0.00586860971543246,-0.00556580304156939,0.0173837128094844,0.0105409792914729,0.00930696579996614,9.22291173344617,13.0779566503122,1.31822422463853,1.96273875894512,0.197764053020405,3.79742224369515,2.90708416455443,0.956283641233417,-0.0659455620927058,12.1272629399794,15.9547507002642,1.46366499562252,0.210816856084452,0.168178696718022,0.0136222800562901,0.997496641356186,3.62747972669364,0.668322749708644,0.359083352803471,0.598497984813711,0.249374160339046,0.213549814105608,0.457915702764031,-0.428555467812203,-0.00349626411799201,0.990665471704852,0.999230344359293,0.991428530265528,0.527848113795547,0.050492341373096,0.421659544831356,1.10747845970318,1.10288153851957,0.765541458914187,0.251824416635058,-0.0173658755492448,-8.24405271031059e-05,0.963128793123068,0.0185700169571389,0.990260152409276,-0.425676890776133,0.67,0.1,1.025,0.7,0.6,0.25,0.4,0.005,0.975,0.8,0.1,1.26612700176761,0.867514140519212,0.506450800707044,0.26978903504658,0.318611911878808,0.499969367867075,-1.30605078511657,1.81166440921264,6.89438719030333
161,-0.00574494788513278,0.799063074496844,0.0956569513995617,-0.00586860982445925,-0.00586860971803971,-0.00557533558302692,0.0173851499663999,0.0105418900946405,0.00930778653613389,9.2219606698785,13.0722980317566,1.31763672138993,1.96171666148703,0.19766064093821,3.79624777048748,2.90864352935725,0.953526603895652,-0.0659223627654189,12.1278786976584,15.9453389223024,1.46299221883921,0.21084498990717,0.168094010428354,0.0136172192764873,0.997299017319807,3.62624925287724,0.668190341604271,0.358989709587,0.598379410391884,0.249324754329952,0.213570491484562,0.457893956339085,-0.428380892781646,-0.00349151194600407,0.990678424243721,0.999226327375441,0.991445478469155,0.527782461963948,0.0504860613136263,0.421731476722425,1.10747681123609,1.10287974237766,0.766189064888468,0.251176072149542,-0.0173651370380094,-8.01542631515624e-05,0.963128793123068,0.0185700169571389,0.990282231719573,-0.425676890776133,0.67,0.1,1.025,0.7,0.6,0.25,0.4,0.005,0.975,0.8,0.1,1.26603362134817,0.867580848812598,0.506413448539269,0.269722353500608,0.318491087791841,0.499950801741894,-1.30575372786362,1.80666595162608,6.89690879125832
162,-0.00574881925639551,0.79929138375323,0.0956569513915185,-0.00586860980367798,-0.00586860972008774,-0.00558456531144336,0.0173865377129629,0.0105427696229036,0.00930857911056427,9.22104791909255,13.066832037837,1.31706920001777,1.9607285582341,0.197560684492186,3.79511771579196,2.91016171752087,0.950855930373946,-0.0658999321028567,12.1284914835636,15.9362392635351,1.46234228121812,0.210872474557368,0.168012099200091,0.0136123288110207,0.99710815099204,3.62506314822896,0.668062461164667,0.358899171227083,0.598264890595224,0.24927703774801,0.213590627607158,0.457873099054634,-0.428210323032223,-0.00348703414804626,0.990690870603403,0.999222436647322,0.991461794960745,0.527718873097199,0.0504799785922456,0.421801148310555,1.1074752180915,1.10287800599853,0.766817246645372,0.250547150729723,-0.0173643973750949,-7.79264034871499e-05,0.963128793123068,0.0185700169571389,0.990303704543357,-0.425676890776133,0.67,0.1,1.025,0.7,0.6,0.25,0.4,0.005,0.975,0.8,0.1,1.26594384855669,0.867645866761146,0.506377539422676,0.269657975114746,0.318374247663387,0.499933381883805,-1.30546672048272,1.80182286222462,6.89936888312649
163,-0.00575256897826869,0.799512573046716,0.0956569513852008,-0.00586860978735471,-0.00586860972169634,-0.00559350201464803,0.0173878779410882,0.0105436190713671,0.00930934459813875,9.22017162446141,13.0615514549787,1.31652091320537,1.95977323620667,0.19746405920853,3.79403014985156,2.91163960678793,0.948268785789957,-0.0658782427263274,12.1291003153115,15.9274404916362,1.46171433210885,0.21089931579753,0.167932865316189,0.0136076024212801,0.996923788769081,3.62391959362487,0.667938938475284,0.358811627458789,0.598154273261448,0.24923094719227,0.213610231735387,0.457853087820029,-0.428043717034758,-0.00348281355407912,0.990702833906217,0.99921866817684,0.991477506834254,0.527657281899229,0.0504740869626817,0.421868631138089,1.10747367823429,1.10287632721617,0.767426586449217,0.249937071751653,-0.0173636582008699,-7.57558628984326e-05,0.963128793123068,0.0185700169571389,0.990324586020372,-0.425676890776133,0.67,0.1,1.025,0.7,0.6,0.25,0.4,0.005,0.975,0.8,0.1,1.26585752037976,0.867709218703569,0.506343008151906,0.269595811239556,0.318261248497771,0.499917036326167,-1.30518938906284,1.79713010379918,6.90176844609922
164,-0.00575620090115404,0.799726864417435,0.0956569513802383,-0.00586860977453307,-0.00586860972295988,-0.00560215515366491,0.0173891724579497,0.0105444395817415,0.00931008402578654,9.21933003619039,13.0564493827658,1.31599114602695,1.95884953124035,0.197370645699482,3.79298324191215,2.91307807118493,0.945762439087039,-0.065857268359824,12.1297043141458,15.9189318390826,1.46110755749731,0.210925520164646,0.167856214974753,0.0136030341307052,0.996745688029738,3.62281685819016,0.667819610979925,0.358726972429007,0.598047412817843,0.249186422007435,0.213629313394178,0.45783388199461,-0.427881029095856,-0.00347883413810946,0.990714336030183,0.99921501809434,0.991492639812031,0.527597625169733,0.0504683803791903,0.421933994451076,1.1074721897159,1.10287470395479,0.768017648745178,0.249345272248424,-0.0173629209936022,-7.36415386973668e-05,0.963128793123068,0.0185700169571389,0.990344891032625,-0.425676890776133,0.67,0.1,1.025,0.7,0.6,0.25,0.4,0.005,0.975,0.8,0.1,1.26577448252365,0.867770930256407,0.506309793009459,0.269535777223279,0.318151953244201,0.49990169775027,-1.30492137582008,1.79258282063491,6.9041084849652
165,-0.00575971875186768,0.799934472981121,0.0956569513763404,-0.00586860976446202,-0.00586860972395242,-0.00561053387426691,0.0173904229904596,0.0105452322451581,0.00931079837500931,9.21852150444301,13.0515192177902,1.31547921427912,1.95795632567412,0.197280329418003,3.79197525434057,2.91447797969284,0.943334258425453,-0.0658369837777246,12.130302696694,15.9107029801198,1.46052117813115,0.210951094881934,0.16778205810181,0.0135986182117491,0.996573616573414,3.62175329426827,0.667704323104188,0.358645104488827,0.597944169944049,0.249143404143354,0.213647882323826,0.457815443232427,-0.427722209871751,-0.00347508093901374,0.990725397684726,0.999211482654373,0.991507218324689,0.527539841735127,0.0504628529899393,0.421997305274933,1.10747075066997,1.10287313422443,0.768590980744198,0.248771206338108,-0.0173621870823055,-7.15823152462016e-05,0.963128793123068,0.0185700169571389,0.990364634197802,-0.425676890776133,0.67,0.1,1.025,0.7,0.6,0.25,0.4,0.005,0.975,0.8,0.1,1.2656945888827,0.8678310281298,0.506277835553081,0.269477792198158,0.318046230498837,0.499887303177206,-1.30466233827188,1.7881763305739,6.90639002491745
166,-0.00576312613771215,0.800135607145041,0.0956569513732787,-0.00586860975655146,-0.00586860972473191,-0.00561864701808201,0.0173916311894791,0.0105459981048164,0.00931148858425566,9.2177444729341,13.046754638464,1.31498446291217,1.95709254616744,0.197193000426357,3.7910045371287,2.91584019504951,0.940981706834602,-0.0658173647554074,12.1308947673246,15.902744009077,1.45995444775671,0.210976047777656,0.167710308174731,0.0135943491735977,0.996407352091249,3.62072733271208,0.667592925901137,0.358565925997392,0.59784441125475,0.249101838022812,0.213665948436656,0.457797735337366,-0.427567206838127,-0.00347153998688092,0.990736038481447,0.999208058231599,0.991521265585922,0.527483872381882,0.0504574991306224,0.422058628487494,1.1074693593082,1.10287161611669,0.769147112985691,0.248214344672947,-0.0173614576586383,-6.95770680591959e-05,0.963128793123068,0.0185700169571389,0.990383829864011,-0.425676890776133,0.67,0.1,1.025,0.7,0.6,0.25,0.4,0.005,0.975,0.8,0.1,1.26561770104285,0.867889539959118,0.50624708041714,0.269421778879788,0.31794395422447,0.499873793680555,-1.30441194846027,1.78390611751891,6.90861410771016
167,-0.0057664265504077,0.800330468817186,0.0956569513708738,-0.00586860975033787,-0.00586860972534431,-0.00562650313327229,0.0173927986337787,0.0105467381584741,0.00931215555115444,9.21699747295763,13.0421495907349,1.31450626455429,1.95625716163817,0.197108553177727,3.79006952275653,2.91716557267414,0.938702338104985,-0.0657983880225977,12.1314799110646,15.8950454199439,1.45940665146002,0.211000387210482,0.167640882055622,0.0135902217505961,0.996246681668269,3.61973747847498,0.66748527671774,0.358489343136547,0.597748009000961,0.249061670417067,0.213683521777631,0.457780724127984,-0.427415964719414,-0.00346819823461578,0.990746277000309,0.99920474131684,0.991534803662577,0.527429659792158,0.0504523133182949,0.422118026889546,1.10746801391652,1.10287014780081,0.769686559879073,0.247674173908851,-0.0173607337879235,-6.7624667429587e-05,0.963128793123068,0.0185700169571389,0.990402492105693,-0.425676890776133,0.67,0.1,1.025,0.7,0.6,0.25,0.4,0.005,0.975,0.8,0.1,1.26554368781758,0.867946494151239,0.506217475127033,0.269367663378638,0.31784500348669,0.499861114118429,-1.30416989222054,1.77976782434817,6.91078178814065
168,-0.0057696233698884,0.800519253608956,0.0956569513689848,-0.00586860974545722,-0.00586860972582526,-0.00563411048480322,0.0173939268337639,0.0105474533607899,0.00931280013461652,9.21627911781893,13.0376982746427,1.31404401812289,1.95544918131378,0.197026886310015,3.7891687213894,2.91845495970478,0.9364937929039,-0.0657800312192755,12.1320575870361,15.8875980871251,1.45887710410497,0.211024122000972,0.167573699834044,0.013586230891337,0.996091401314545,3.61878230648137,0.667381238880745,0.358415265735552,0.597654840788727,0.249022850328636,0.213700612488574,0.457764377311386,-0.427268425880697,-0.00346504349429648,0.990756130851532,0.999201528513262,0.99154785354032,0.527377148481637,0.0504472902454218,0.42217556127294,1.10746671285142,1.10286872751992,0.770209820225064,0.247150196194287,-0.0173600164193515,-6.57239816999497e-05,0.963128793123068,0.0185700169571389,0.990420634720609,-0.425676890776133,0.67,0.1,1.025,0.7,0.6,0.25,0.4,0.005,0.975,0.8,0.1,1.26547242481437,0.868001919744395,0.506188969925748,0.269315375022943,0.317749262205431,0.499849212883602,-1.30393586849286,1.77575724621392,6.91289413083287
169,-0.00577271986796783,0.800702151031508,0.095656951367501,-0.00586860974162351,-0.00586860972620307,-0.00564147706432172,0.0173950172349813,0.0105481446255284,0.0093134231568126,9.21558809764368,13.0333951316637,1.31359714751712,1.95466765288869,0.19694790245108,3.78830071638636,2.91970919414025,0.934353795100095,-0.0657622728539839,12.1326273223769,15.8803932472957,1.45836514886259,0.211047261368693,0.167508684678468,0.0135823717483688,0.995941315523505,3.61786045775745,0.667280681400748,0.358343607105319,0.597564789314103,0.248985328880876,0.21371723077574,0.457748664365507,-0.427124530685187,-0.00346206437804048,0.990765616733489,0.999198416532692,0.99156043518517,0.527326284739498,0.0504424247741311,0.42223129048637,1.1074654545365,1.10286735358753,0.770717377717695,0.246641928677728,-0.0173593063954238,-6.38738801795809e-05,0.963128793123068,0.0185700169571389,0.990438271227781,-0.425676890776133,0.67,0.1,1.025,0.7,0.6,0.25,0.4,0.005,0.975,0.8,0.1,1.26540379402932,0.868055846280519,0.50616151761173,0.269264846192216,0.317656618920899,0.499838041670447,-1.30370958867365,1.77187032419913,6.91495220730096
170,-0.00577571921187932,0.800879344685998,0.0956569513663355,-0.00586860973861225,-0.00586860972649983,-0.00564861059965993,0.0173960712214193,0.0105488128276361,0.00931402540503562,9.21492317453705,13.0292348327911,1.31316510038641,1.95391166078118,0.196871508034671,3.78746416009813,2.9209291040788,0.932280148283715,-0.0657450922643915,12.13318870661,15.8734224822878,1.45787015582517,0.211069814874586,0.167445762695907,0.013578639668483,0.995796236855654,3.6169706358047,0.667183478693288,0.358274283881502,0.597477742113392,0.248949059213913,0.213733386880482,0.457733556429239,-0.426984217819968,-0.00345925024301271,0.990774750486864,0.999195402192061,0.991572567601168,0.527277016570425,0.0504377119306636,0.42228527149891,1.10746423745927,1.10286602438418,0.771209701427867,0.246148903032825,-0.0173586044606919,-6.20732357251061e-05,0.963128793123068,0.0185700169571389,0.990455414866296,-0.425676890776133,0.67,0.1,1.025,0.7,0.6,0.25,0.4,0.005,0.975,0.8,0.1,1.26533768346828,0.868108303689172,0.506135073387312,0.269216012160692,0.317566966572955,0.499827555257585,-1.30349077600449,1.76810313930912,6.91695709327229
171,-0.00577862446769526,0.80105101244788,0.0956569513654201,-0.00586860973624703,-0.00586860972673287,-0.00565551856397906,0.017397090118615,0.0105494588051956,0.0093146076334545,9.2142831780692,13.0252122673042,1.31274734697006,1.95318032448382,0.196797613126404,3.78665776993475,2.92211550704586,0.930270732468857,-0.065728469579968,12.1337413864305,15.86667770294,1.45739152070004,0.211091792368184,0.167384862799212,0.0135750301835462,0.995655985546084,3.61611160319964,0.667089510315876,0.358207215875996,0.59739359132765,0.248913996386521,0.213749091052757,0.457719026199863,-0.426847424592537,-0.00345659114032991,0.990783547145316,0.999192482409966,0.991584268884441,0.527229293638603,0.0504331469000126,0.422337559461383,1.10746306016801,1.10286473835428,0.771687246269295,0.245670665000549,-0.0173579112698437,-6.03209270444497e-05,0.963128793123068,0.0185700169571389,0.990472078594879,-0.425676890776133,0.67,0.1,1.025,0.7,0.6,0.25,0.4,0.005,0.975,0.8,0.1,1.26527398679244,0.868159322182149,0.506109594716976,0.269168810950063,0.317480202293062,0.499817711305132,-1.30327916499598,1.76445190677612,6.9189098662513
172,-0.00578143860362997,0.801217326645464,0.095656951364701,-0.00586860973438907,-0.00586860972691605,-0.0056622081845713,0.0173980751965816,0.0105500833612676,0.00931517056476625,9.21366700106432,13.0213225321811,1.31234337900343,1.95247279700147,0.196726131259138,3.78588032468458,2.9232692094042,0.928323500967029,-0.065712385686645,12.1342850608806,15.8601511338485,1.45692866357776,0.211113203939329,0.167325916581544,0.0135715390018405,0.995520389134271,3.61528217840447,0.666998660719962,0.358142325936247,0.597312233480563,0.248880097283568,0.213764353527261,0.457705047837272,-0.426714087200446,-0.00345407776752656,0.990792020982901,0.999189654203352,0.991595556273902,0.527183067213609,0.0504287250207461,0.422388207765644,1.10746192126894,1.10286349400318,0.772150453447613,0.245206773947568,-0.0173572273951806,-5.86158407305859e-05,0.963128793123068,0.0185700169571389,0.990488275092159,-0.425676890776133,0.67,0.1,1.025,0.7,0.6,0.25,0.4,0.005,0.975,0.8,0.1,1.26521260298693,0.868208932157934,0.50608504119477,0.269123183190875,0.317396227208007,0.499808470165583,-1.30307450088439,1.7609129706567,6.92081160330625
173,-0.00578416449323032,0.801378454232904,0.0956569513641362,-0.0058686097329298,-0.00586860972705983,-0.00566868645133156,0.0173990276725659,0.0105506872656258,0.00931571489175323,9.21307359567215,13.0175609221151,1.31195270868617,1.95178826337176,0.196656979277199,3.78513066106719,2.92439100583991,0.926436477420628,-0.0656968221933418,12.1348194768841,15.8538352989628,1.45648102776991,0.211134059874056,0.167268858197594,0.0135681619998816,0.995389282114742,3.61448123277451,0.666910819016877,0.358079539811935,0.597233569268845,0.248847320528686,0.213779184501978,0.457691596874543,-0.426584140976163,-0.00345170142436684,0.990800185558439,0.999186914684303,0.991606446198793,0.527138290118142,0.050424441780005,0.422437268101852,1.10746081942349,1.10286228989431,0.772599750893372,0.244756802440162,-0.0173565533335336,-5.69568730428591e-05,0.963128793123068,0.0185700169571389,0.99050401675755,-0.425676890776133,0.67,0.1,1.025,0.7,0.6,0.25,0.4,0.005,0.975,0.8,0.1,1.26515343605074,0.868257164115257,0.506061374420295,0.269079071992064,0.317314946254626,0.499799794707388,-1.30287653911903,1.75748279870354,6.92266337906252
174,-0.00578680491845824,0.801534556957794,0.0956569513636925,-0.00586860973178349,-0.00586860972717285,-0.00567496012491442,0.0173999487136481,0.0105512712563924,0.00931624127875074,9.21250196970267,13.0139229200945,1.31157486770887,1.95112593926277,0.196590077188877,3.78440767050447,2.92548167891834,0.924607752986372,-0.065681761400241,12.1353444251164,15.8477230079722,1.45604807871219,0.21115437061433,0.167213624251099,0.0135648952146845,0.995262505607298,3.61370768774929,0.66682587875689,0.358018786028637,0.597157503364379,0.248815626401824,0.213793594118958,0.457678650134402,-0.426457520609193,-0.00344945397179395,0.990808053757057,0.999184261056949,0.991616954323287,0.527094916677513,0.0504202928086704,0.422484790513816,1.10745975334567,1.10286112464657,0.773035553679633,0.244320335833022,-0.0173558895126556,-5.53429314823559e-05,0.963128793123068,0.0185700169571389,0.990519315712677,-0.425676890776133,0.67,0.1,1.025,0.7,0.6,0.25,0.4,0.005,0.975,0.8,0.1,1.26509639470659,0.86830404857503,0.506038557882634,0.269036422818072,0.317236268004845,0.499791650150361,-1.30268504487832,1.75415797749396,6.92446626388714
175,-0.005789362572669,0.801685791523536,0.095656951363344,-0.0058686097308831,-0.00586860972726155,-0.00568103574458934,0.0174008394391921,0.0105518360415811,0.0093167503630314,9.21195118320558,13.0104041885112,1.31120940633417,1.95048506964352,0.196525348026708,3.78371029609497,2.92654199870434,0.922835483659337,-0.0656671862687124,12.1358597361841,15.8418073434331,1.45562930292862,0.211174146721356,0.167160153688307,0.0135617348364488,0.995139907045577,3.61296051221481,0.666743737720537,0.357959995767925,0.597083944227346,0.248784976761394,0.21380759244714,0.457666185651192,-0.426334160347188,-0.00344732779368848,0.990815637829073,0.999181690614467,0.991627095588342,0.527052902670848,0.0504162738766946,0.422530823452456,1.10745872179967,1.10285999693177,0.773458264424819,0.24389697187231,-0.017355236297129,-5.37729361654615e-05,0.963128793123068,0.0185700169571389,0.990534183803289,-0.425676890776133,0.67,0.1,1.025,0.7,0.6,0.25,0.4,0.005,0.975,0.8,0.1,1.26504139212933,0.868349616010009,0.506016556851734,0.268995183373077,0.317160104500366,0.499784003912126,-1.30249979261295,1.75093520779955,6.92622132225021
176,-0.00579184006348896,0.801832309746642,0.0956569513630703,-0.00586860973017589,-0.00586860972733128,-0.00568691963580514,0.0174017009231571,0.010552382300551,0.00931724275611081,9.21142034527773,13.0070005607652,1.31085589252902,1.94986492752275,0.196462717715066,3.7830375297777,2.92757272244157,0.921117887728913,-0.0656530803927831,12.1363652770944,15.8360816485903,1.45522420705294,0.211193398842186,0.167108387696992,0.0135586772016383,0.995021339882801,3.61223872002586,0.666664297721477,0.3579031027537,0.59701280392968,0.2487553349707,0.213821189467054,0.457654182597963,-0.426213994177842,-0.00344531576140111,0.990822949426419,0.999179200736193,0.991636884250976,0.527012205283927,0.050412380888589,0.422575413827483,1.10745772359754,1.10285890547229,0.773868273681451,0.243486320312373,-0.0173545939938242,-5.22458210149398e-05,0.963128793123068,0.0185700169571389,0.990548632601601,-0.425676890776133,0.67,0.1,1.025,0.7,0.6,0.25,0.4,0.005,0.975,0.8,0.1,1.26498834569175,0.868393896781579,0.505995338276701,0.268955303491873,0.317086371096402,0.499776825464829,-1.30232056561415,1.74781130018168,6.92792961124983
177,-0.00579423991559653,0.801974258709139,0.0956569513628553,-0.00586860972962044,-0.00586860972738601,-0.0056926179174781,0.0174025341962789,0.0105529106853805,0.00931771904497982,9.21090861108295,13.0037080333316,1.3105139111448,1.94926481275194,0.196402114944623,3.78238840967274,2.92857459428617,0.919453243358636,-0.065639427972065,12.1368609479912,15.8305395158511,1.45483231690379,0.211212137679374,0.167058269610699,0.0135557187864304,0.994906663313644,3.61154136767758,0.666587464420141,0.35784804314418,0.596943997988186,0.248726665828411,0.213834395057259,0.457642621218338,-0.426096955993026,-0.00344341120067769,0.990829999636745,0.999176788884825,0.991646333921151,0.526972783063607,0.050408609879064,0.422618607057328,1.10745675759705,1.10285784903878,0.774265960311368,0.243088002545573,-0.017353962856941,-5.07605347735991e-05,0.963128793123068,0.0185700169571389,0.990562673409014,-0.425676890776133,0.67,0.1,1.025,0.7,0.6,0.25,0.4,0.005,0.975,0.8,0.1,1.26493717672642,0.868436921083076,0.505974870690567,0.268916735036973,0.317014986313885,0.499770086201442,-1.30214715560579,1.74478317079927,6.92959217928829
178,-0.00579656457340967,0.802111780906212,0.0956569513626865,-0.00586860972918413,-0.00586860972742898,-0.00569813650901252,0.0174033402481277,0.0105534218221625,0.00931817979326793,9.21041517906923,13.0005227582637,1.31018306314236,1.94868405088886,0.196343471053265,3.78176201758651,2.92954834509016,0.917839886282402,-0.0656262137860514,12.1373466791405,15.8251747758681,1.45445317661009,0.21123037396346,0.167009744817901,0.0135528562005119,0.994795742011226,3.61086755211645,0.666513147147522,0.357794755429427,0.596877445206736,0.248698935502807,0.213847218982361,0.45763148276283,-0.425982979736677,-0.0034416078609812,0.990836799015375,0.999174452603723,0.991655457596397,0.526934595873775,0.0504049570088146,0.422660447117409,1.10745582269953,1.10285682644808,0.774651691847996,0.242701651244667,-0.0173533430926632,-4.93160418983912e-05,0.963128793123068,0.0185700169571389,0.990576317259161,-0.425676890776133,0.67,0.1,1.025,0.7,0.6,0.25,0.4,0.005,0.975,0.8,0.1,1.26488781030271,0.868478718889152,0.505955124121083,0.268879431801556,0.316945871699621,0.499763759310988,-1.30197936235865,1.74184783741598,6.9312100648878
179,-0.00579881640368337,0.802245014389248,0.0956569513625538,-0.0058686097288414,-0.00586860972746273,-0.00570348113706631,0.0174041200290528,0.0105539163122288,0.00931862554234201,9.20993928837001,12.9974410361032,1.30986296485915,1.94812199211798,0.196286719913077,3.78115747667086,2.93049469223047,0.916276207610098,-0.0656134231697044,12.137822428146,15.8199814871979,1.45408634778373,0.211248118428047,0.166962760675775,0.0135500861812024,0.994688445878305,3.6102164086816,0.666441258738464,0.357743180333896,0.596813067526983,0.248672111469576,0.213859670882491,0.457620749429294,-0.425871999537718,-0.00343989988689056,0.990843357615253,0.999172189514298,0.991664267694346,0.526897604852776,0.050401418560448,0.422700976586775,1.10745491784804,1.10285583656114,0.775025824846203,0.242326910017252,-0.0173527348634557,-4.79113233002868e-05,0.963128793123068,0.0185700169571389,0.990589574921249,-0.425676890776133,0.67,0.1,1.025,0.7,0.6,0.25,0.4,0.005,0.975,0.8,0.1,1.26484017501784,0.868519319910671,0.505936070007135,0.268843349417862,0.316878951693901,0.499757819662099,-1.30181699332554,1.73900241559481,6.93278429563522
180,-0.00580099769802022,0.802374092904419,0.0956569513624496,-0.00586860972857217,-0.00586860972748926,-0.00570865734207116,0.0174048744520176,0.010554394733306,0.00931905681234412,9.20948021637694,12.9944593091737,1.30955324731586,1.94757801022451,0.19623179782304,3.78057394922556,2.93141433947962,0.914760651736193,-0.0656010419902568,12.1382881773797,15.8149539264961,1.45373140873653,0.211265381787294,0.166917266428307,0.0135474055878829,0.994584649811784,3.60958710916773,0.666371715373895,0.357693260723842,0.59675078988707,0.248646162452946,0.213871760264116,0.457610404307262,-0.425763949829244,-0.00343828179153191,0.990849685015006,0.99916999731349,0.991672776083294,0.526861772372252,0.0503979909345465,0.4227402366932,1.10745404202542,1.10285487828116,0.775388705220248,0.24196343307178,-0.0173521382920286,-4.65453769567588e-05,0.963128793123068,0.0185700169571389,0.990602456903642,-0.425676890776133,0.67,0.1,1.025,0.7,0.6,0.25,0.4,0.005,0.975,0.8,0.1,1.26479420280102,0.868558753554697,0.505917681120408,0.268808445270713,0.316814153505091,0.499752243694318,-1.30165986329604,1.73624411506909,6.9343158872456
181,-0.00580311067529716,0.802499146026942,0.0956569513623678,-0.00586860972836067,-0.00586860972751013,-0.00571367048451743,0.0174056043943353,0.0105548576406084,0.00931947410317275,9.20903727647194,12.9915741552323,1.30925355556009,1.94705150161891,0.196178643407115,3.78001063463469,2.93230797691461,0.913291714345242,-0.0655890566251588,12.1387439316101,15.8100865792194,1.45338795373876,0.211282174715621,0.166873213128497,0.0135448113967132,0.994484233479737,3.60897886000201,0.666304436431424,0.357644941519305,0.596690540087842,0.248621058369934,0.213883496492072,0.457600431325856,-0.42565876545516,-0.00343674843189966,0.990855790345253,0.999167873771326,0.99168099411093,0.526827061997367,0.0503946706458613,0.42277826735677,1.10745319425259,1.10285395055172,0.775740668570316,0.241610884894678,-0.0173515534649944,-4.52172184346085e-05,0.963128793123068,0.0185700169571389,0.99061497345766,-0.425676890776133,0.67,0.1,1.025,0.7,0.6,0.25,0.4,0.005,0.975,0.8,0.1,1.26474982872986,0.868597048889153,0.505899931491942,0.268774678415834,0.316751406990802,0.499747009316651,-1.3015077940696,1.73357023627956,6.93580584273534
182,-0.00580515748401151,0.802620299291152,0.0956569513623035,-0.00586860972819458,-0.00586860972752645,-0.00571852575101239,0.0174063106993088,0.010555305567871,0.00931987789541037,9.20860981590797,12.9887822814593,1.30896354804488,1.94654188440906,0.196127197517372,3.77946676742802,2.93317628086041,0.911867940508709,-0.0655774539411029,12.1391897158151,15.8053741308027,1.45305559231677,0.211298507829464,0.166830553564395,0.01354230069562,0.994387081110199,3.6083909005271,0.666239344343833,0.357598169610266,0.596632248666119,0.24859677027755,0.213894888782715,0.457590815205082,-0.425556381765198,-0.00343529498579197,0.990861682313285,0.999165816728568,0.99168893263135,0.526793438448342,0.0503914543196337,0.422815107232023,1.10745237358687,1.10285305235509,0.776082040498087,0.241268939938152,-0.0173509804362395,-4.39258813041682e-05,0.963128793123068,0.0185700169571389,0.990627134581569,-0.425676890776133,0.67,0.1,1.025,0.7,0.6,0.25,0.4,0.005,0.975,0.8,0.1,1.26470699085817,0.868634234611777,0.505882796343269,0.268742009502663,0.316690644545214,0.499742095812845,-1.30136061414589,1.7309781670679,6.93725515169639
183,-0.00580714020454885,0.802737674316519,0.095656951362253,-0.00586860972806413,-0.00586860972753933,-0.0057232281601225,0.0174069941777818,0.0105557390283265,0.00932026865120084,9.20819721382833,12.9860805187634,1.30868289603987,1.9460485975172,0.196077403141909,3.77894161545903,2.93401991386522,0.910487922867877,-0.0655662212740675,12.1396255731664,15.8008114582825,1.45273394858726,0.211314391670912,0.166789242188764,0.0135398706795399,0.994293081290983,3.60782250138383,0.666176364464959,0.357552893776947,0.59657584877459,0.248573270322746,0.213905946198094,0.457581541410234,-0.425456734699393,-0.00343391693046817,0.990867369226207,0.999163824094428,0.991696602030462,0.52676086756327,0.0503883386880379,0.422850793748691,1.10745157912042,1.10285218271056,0.776413136911795,0.240937282318237,-0.0173504192300326,-4.26704174573981e-05,0.963128793123068,0.0185700169571389,0.990638950024708,-0.425676890776133,0.67,0.1,1.025,0.7,0.6,0.25,0.4,0.005,0.975,0.8,0.1,1.2646656300545,0.868670339022997,0.505866252021801,0.268710400701388,0.316631800992185,0.499737483752958,-1.30121815843142,1.72846537951781,6.93866478966329
184,-0.00580906085137573,0.802851388929737,0.0956569513622133,-0.00586860972796166,-0.00586860972754943,-0.00572778256800566,0.0174076556096061,0.0105561585156302,0.00932064681507982,9.20779887941457,12.9834658163851,1.30841128307318,1.94557109983928,0.196029205317246,3.77843447819199,2.93483952470434,0.909150299897968,-0.0655553464103185,12.1400515631709,15.7963936223412,1.45242266062601,0.21132983669309,0.166749235052148,0.0135375186459026,0.994202126779904,3.60727296298689,0.666115424942536,0.35750906461386,0.596521276067942,0.248550531694976,0.213916677641055,0.457572596109229,-0.425359760862835,-0.00343261002271276,0.990872859012651,0.999161893844367,0.991704012249883,0.526729316262166,0.0503853205867419,0.422885363151091,1.10745080997872,1.10285134067292,0.776734264321173,0.240615605522714,-0.017349869843887,-4.14498973601911e-05,0.963128793123068,0.0185700169571389,0.99065042929176,-0.425676890776133,0.67,0.1,1.025,0.7,0.6,0.25,0.4,0.005,0.975,0.8,0.1,1.26462568985052,0.868705390002412,0.505850275940209,0.268679815633936,0.316574813483807,0.499733154910791,-1.30108026796139,1.72602942693522,6.94003571756577
185,-0.00581092137515973,0.802961557283002,0.0956569513621821,-0.00586860972788117,-0.00586860972755732,-0.0057321936738447,0.017408295745031,0.0105565645047351,0.00932101281476078,9.20741425015475,12.9809352367793,1.30814840440215,1.9451088694442,0.195982551044974,3.77794468509088,2.93563574841027,0.907853754248931,-0.0655448175683183,12.140467759961,15.7921158597467,1.45212137986914,0.211344853247138,0.166710489739163,0.0135352419903391,0.994114114324748,3.60674161408758,0.666056456597582,0.357466634457468,0.596468468594849,0.248528528581187,0.213927091851197,0.457563966132657,-0.42526539759155,-0.00343137028032494,0.990878159243163,0.999160024017964,0.991711172809439,0.526698752512203,0.0503823969515819,0.422918850536214,1.10745006531919,1.10285052533095,0.777045720122696,0.240303612128502,-0.0173493322511982,-4.02634102216133e-05,0.963128793123068,0.0185700169571389,0.990661581647115,-0.425676890776133,0.67,0.1,1.025,0.7,0.6,0.25,0.4,0.005,0.975,0.8,0.1,1.2645871162988,0.868739414988563,0.505834846519519,0.268650219308673,0.316519621404078,0.499729092186779,-1.30094678963583,1.72366794096004,6.94136888125988
186,-0.00581272366481944,0.803068289968605,0.0956569513621577,-0.00586860972781789,-0.00586860972756365,-0.00573646602508704,0.0174089153060183,0.0105569574527209,0.00932136706187954,9.20704279022348,12.9784859507602,1.30789396651121,1.94466140281086,0.195937389212392,3.77747159410341,2.93640920632624,0.906597011158656,-0.0655346233814887,12.1408742507188,15.787973576164,1.45182977054471,0.211359451570658,0.166672965307804,0.0135330382026038,0.994028944492449,3.60622781041817,0.665999392809941,0.357425557317234,0.596417366695469,0.248507236123112,0.213937197401603,0.457555638936372,-0.425173583010231,-0.00343019396485296,0.990883277149335,0.999158212716856,0.991718092828342,0.526669145294096,0.0503795648153465,0.422951289890557,1.10744934432981,1.10284973580603,0.777347792875489,0.240001013528181,-0.0173488064036703,-3.91100641104961e-05,0.963128793123068,0.0185700169571389,0.990672416119322,-0.425676890776133,0.67,0.1,1.025,0.7,0.6,0.25,0.4,0.005,0.975,0.8,0.1,1.2645498578392,0.868772440961715,0.505819943135679,0.268621578058598,0.316466166277374,0.499725279535972,-1.30081757596933,1.72137862880197,6.94266521113122
187,-0.00581446954950668,0.803171694129947,0.0956569513621385,-0.00586860972776826,-0.00586860972756853,-0.00574060402250043,0.0174095149874885,0.010557337799579,0.00932170995269959,9.20668398896623,12.9761152328943,1.30764768663529,1.9442282141007,0.195893670516919,3.77701459023403,2.93716050618115,0.905378836934653,-0.0655247528817822,12.1412711342286,15.7839623393181,1.45154750913313,0.211373641777526,0.166636622231629,0.013530904862696,0.993946521506892,3.60573093341245,0.665944169409618,0.357385788809881,0.596367912904135,0.248486630376723,0.213947002696273,0.457547602566443,-0.425084256082559,-0.00342907756556087,0.99088821964178,0.999156458102746,0.991724781045137,0.526640464569591,0.0503768213046673,0.422982714125741,1.10744864622784,1.10284897125081,0.77764076256827,0.23970752966528,-0.0173482922335496,-3.79889860023576e-05,0.963128793123068,0.0185700169571389,0.990682941505602,-0.425676890776133,0.67,0.1,1.025,0.7,0.6,0.25,0.4,0.005,0.975,0.8,0.1,1.26451386517342,0.868804494429391,0.505805546069367,0.268593859482801,0.316414391681461,0.499721701900779,-1.30069248485338,1.71915927059383,6.94392562176434
188,-0.00581616080052352,0.803271873569099,0.0956569513621234,-0.00586860972772929,-0.0058686097275723,-0.00574461192504949,0.0174100954585012,0.0105577059689573,0.00932204186878077,9.20633735948076,12.9738204571251,1.30740929230726,1.94380883446404,0.195851347394071,3.77657308420014,2.93789024218366,0.904198037500492,-0.0655151954840164,12.1416585195452,15.780077872487,1.45127428385448,0.211387433848934,0.16660142234463,0.0135288396371708,0.993866753094876,3.60525038899792,0.665890724573567,0.357347286096673,0.596320051856926,0.248466688273719,0.213956515968198,0.457539845626322,-0.424997356654708,-0.00342801778446955,0.990892993327011,0.999154758395474,0.9917312458365,0.526612681250029,0.0503741636370114,0.423013155112958,1.10744797025865,1.10284823084792,0.777924900877648,0.23942288877803,-0.0173477896556775,-3.68993217814229e-05,0.963128793123068,0.0185700169571389,0.990693166376407,-0.425676890776133,0.67,0.1,1.025,0.7,0.6,0.25,0.4,0.005,0.975,0.8,0.1,1.26447909114709,0.868835601414406,0.505791636458834,0.268567032391,0.316364243164759,0.499718345148124,-1.30057137933066,1.71700771685593,6.94515101167279
189,-0.00581779913317612,0.803368928850999,0.0956569513621115,-0.00586860972769865,-0.0058686097275753,-0.00574849385460241,0.0174106573633749,0.0105580623688657,0.00932236317761341,9.20600243728911,12.9715990926171,1.30717852092787,1.94340281137815,0.195810373948796,3.77614651116605,2.93859899513344,0.903053457003542,-0.0655059409709299,12.1420365247701,15.7763160483059,1.45100979418137,0.211400837625589,0.166567328788655,0.0135268402756281,0.993789550339729,3.60478560645489,0.665838998727618,0.357310007823578,0.596273730203837,0.248447387584932,0.213965745278011,0.457532357246067,-0.424912825492678,-0.00342701152246504,0.990897604523304,0.999153111871158,0.991737495234946,0.526585767165942,0.0503715891177727,0.423042643716284,1.1074473156945,1.10284751380877,0.778200471418136,0.239146827151242,-0.0173472985693781,-3.58402361885862e-05,0.963128793123068,0.0185700169571389,0.990703099080011,-0.425676890776133,0.67,0.1,1.025,0.7,0.6,0.25,0.4,0.005,0.975,0.8,0.1,1.26444549063893,0.868865787445193,0.505778196255573,0.268541066750968,0.316315668167622,0.49971519601075,-1.30045412738065,1.71492188606565,6.94634226308453
190,-0.00581938620856777,0.803462957404406,0.0956569513621022,-0.00586860972767456,-0.00586860972757774,-0.00575225380047206,0.0174112013227491,0.0105584073923458,0.0093226742332198,9.20567877909392,12.969448699806,1.30695511935719,1.94300970801551,0.195770705889996,3.77573432954975,2.93928733254789,0.901943976480778,-0.0654969794789212,12.1424052759296,15.7726728828657,1.45075375037564,0.211413862800945,0.166534305963242,0.01352490460737,0.993714827542152,3.6043360373384,0.665788934453242,0.35727391406413,0.596228896525291,0.248428706885538,0.213974698513172,0.457525127053482,-0.424830604313944,-0.00342605586631302,0.990902059275622,0.999151516860389,0.991743536945538,0.526559695037638,0.0503690951374587,0.423071209824903,1.10744668183349,1.10284681937241,0.778467729984153,0.238879088876038,-0.0173468188601916,-3.48109127597862e-05,0.963128793123068,0.0185700169571389,0.990712747747115,-0.425676890776133,0.67,0.1,1.025,0.7,0.6,0.25,0.4,0.005,0.975,0.8,0.1,1.26441302045659,0.868895077548195,0.505765208182637,0.268515933638676,0.316268615947406,0.49971224203236,-1.30034060171576,1.71289976232668,6.94750024177816
191,-0.00582092363533303,0.803554053619706,0.0956569513620949,-0.00586860972765568,-0.00586860972757963,-0.00575589562379997,0.0174117279345916,0.0105587414181063,0.00932297537672531,9.20536596161343,12.9673669266427,1.30673884352589,1.94262910264047,0.195732300468046,3.77533601989774,2.93995580880255,0.900868512579621,-0.0654883014844323,12.1427649059438,15.7691445300887,1.45050587304772,0.211426518915405,0.166502319477725,0.013523030538216,0.993642502087875,3.60390115445898,0.665740476398876,0.357238966264858,0.596185501252725,0.248410625521969,0.213983383387612,0.457518145147059,-0.424750635813967,-0.00342514807661444,0.99090636336963,0.99914997174649,0.991749378361638,0.52653443844676,0.0503666791689697,0.423098882384269,1.10744606799851,1.10284614680441,0.778726924784335,0.23861942561713,-0.0173463504014652,-3.38105536832991e-05,0.963128793123068,0.0185700169571389,0.990722120295462,-0.425676890776133,0.67,0.1,1.025,0.7,0.6,0.25,0.4,0.005,0.975,0.8,0.1,1.26438163923857,0.868923496242157,0.505752655695429,0.268491605190985,0.316223037507091,0.499709471516359,-1.30023067958745,1.7109393931328,6.94862579696538
192,-0.00582241297131513,0.803642308943659,0.0956569513620891,-0.00586860972764081,-0.00586860972758108,-0.00575942306178656,0.0174122377751557,0.0105590648111266,0.0093232669369005,9.20506358048992,12.9653515050213,1.30652945806558,1.94226058803297,0.195695116415165,3.77495108382371,2.94060496528368,0.899826016330972,-0.0654798977909449,12.1431155536832,15.7657272763657,1.45026589273727,0.211438815351399,0.166471336105493,0.0135212160474691,0.993572494321725,3.60348045091869,0.665693571195556,0.357205127193148,0.596143496593035,0.248393123580431,0.213991807441819,0.45751140207059,-0.42467286368802,-0.00342428557656098,0.990910522344898,0.999148474963828,0.991755026579779,0.526509971808771,0.0503643387649665,0.423125689426261,1.10744547353621,1.10284549539584,0.778978296668429,0.238367596387384,-0.0173458930558136,-3.28383796545136e-05,0.963128793123068,0.0185700169571389,0.990731224434437,-0.425676890776133,0.67,0.1,1.025,0.7,0.6,0.25,0.4,0.005,0.975,0.8,0.1,1.26435130736201,0.868951067534118,0.505740522944805,0.268468054560749,0.316178885527272,0.49970687347795,-1.30012424260185,1.70903888722129,6.94971976121564
193,-0.00582385572518851,0.803727811971204,0.0956569513620846,-0.00586860972762915,-0.00586860972758219,-0.00576283973177616,0.0174127313998883,0.0105593779232297,0.00932354923067614,9.20477124926637,12.9634002473783,1.30632673595694,1.94190377093776,0.19565911388847,3.77457904300681,2.94123533055157,0.898815471971791,-0.0654717595165546,12.1434573631039,15.7624175354409,1.45003354951387,0.211450761329263,0.166441323740288,0.0135194591850224,0.993504727427762,3.60307343919887,0.665648167376601,0.357172360887396,0.596102836456657,0.248376181856941,0.213999978043295,0.457504888789336,-0.424597232648725,-0.00342346594145012,0.990914541507311,0.999147024996185,0.991760488413698,0.526486270346335,0.0503620715553247,0.42315165809834,1.10744489781609,1.10284486446225,0.779222079347041,0.238123367329415,-0.0173454466764564,-3.18936296970037e-05,0.963128793123068,0.0185700169571389,0.990740067669656,-0.425676890776133,0.67,0.1,1.025,0.7,0.6,0.25,0.4,0.005,0.975,0.8,0.1,1.26432198685584,0.868977814916957,0.505728794742338,0.26844525587417,0.316136114301326,0.499704437599349,-1.30002117654416,1.70719641251144,6.95078295041924
194,-0.00582525335802838,0.803810648534394,0.0956569513620811,-0.00586860972761993,-0.00586860972758307,-0.00576614913520013,0.0174132093442939,0.0105596810936271,0.00932382256363288,9.20448859842692,12.9615110434559,1.30613045819463,1.94155827153781,0.195624254415576,3.77421943824595,2.94184742051335,0.897835895814702,-0.0654638780820934,12.1437904824568,15.7592118435294,1.44980859259672,0.211462365903857,0.166412251354428,0.0135177580686002,0.993439127315121,3.6026796502966,0.665604215301131,0.357140632609352,0.596063476389073,0.24835978182878,0.214007902387372,0.457498596667668,-0.424523688439723,-0.00342268688892712,0.990918425940766,0.999145620375181,0.991765770407594,0.526463310063568,0.0503598752446709,0.42317681469176,1.10744434022958,1.10284425334274,0.779458499604495,0.23788651150395,-0.0173450111084448,-3.09755609687161e-05,0.963128793123068,0.0185700169571389,0.990748657307533,-0.425676890776133,0.67,0.1,1.025,0.7,0.6,0.25,0.4,0.005,0.975,0.8,0.1,1.26429364131902,0.869003761368342,0.505717456527607,0.268423184190287,0.316094679673564,0.499702154187925,-1.29992137121151,1.70541019412405,6.95181616378528
195,-0.00582660728482903,0.803890901788554,0.0956569513620783,-0.00586860972761283,-0.00586860972758385,-0.00576935466138451,0.0174136721247551,0.0105599746494366,0.00932408723046662,9.20421527449697,12.9596818572182,1.30594041346816,1.94122372295072,0.195590500842617,3.77387182856648,2.94244173860394,0.896886335162314,-0.065456245199773,12.1441150635644,15.756106854657,1.44959077999213,0.211473637961853,0.166384088958858,0.0135161108811252,0.993375622509254,3.60229863290679,0.6655616670812,0.35710990879855,0.596025373505552,0.248343905627314,0.21401558749832,0.457492517448053,-0.424452177845865,-0.00342194626993086,0.990922180518174,0.999144259678747,0.991770878848649,0.52644106772113,0.0503577476100007,0.423201184668868,1.10744380018918,1.10284366139901,0.779687777505047,0.237656808684736,-0.017344586189783,-3.00834485154509e-05,0.963128793123068,0.0185700169571389,0.990757000459803,-0.425676890776133,0.67,0.1,1.025,0.7,0.6,0.25,0.4,0.005,0.975,0.8,0.1,1.26426623584345,0.869028929350928,0.50570649433738,0.268401815462473,0.316054538980223,0.499700014137058,-1.29982472025365,1.70367851247771,6.95282018387126
196,-0.00582791887597281,0.803968652295761,0.0956569513620761,-0.00586860972760705,-0.00586860972758441,-0.00577245959122652,0.0174141202393133,0.010560258906175,0.00932434351543124,9.20395093919855,12.9579107239129,1.30575639785766,1.94089977074684,0.195557817284539,3.77353579037591,2.94301877597418,0.89596586726405,-0.0654488528623206,12.1444312611616,15.7530993362078,1.44937987814809,0.211484586219629,0.16635680756493,0.0135145158682053,0.99331414404827,3.6019299526471,0.665520476512341,0.357080157028629,0.595988486428962,0.248328536012068,0.214023040230744,0.457486643231328,-0.424382648700151,-0.00342124206013954,0.990925809911841,0.999142941529647,0.991775819778874,0.526419520812124,0.0503556864983727,0.423224792689503,1.10744327712765,1.10284308801457,0.779910126592698,0.237434045159756,-0.0173441717524545,-2.92165850504138e-05,0.963128793123068,0.0185700169571389,0.990765104048014,-0.425676890776133,0.67,0.1,1.025,0.7,0.6,0.25,0.4,0.005,0.975,0.8,0.1,1.26423973694141,0.869053340813709,0.505695894776563,0.268381126501811,0.316015650993121,0.49969800888953,-1.29973112102117,1.70199970145829,6.95379577664136
197,-0.0058291894586512,0.804043978105713,0.0956569513620744,-0.00586860972760261,-0.00586860972758485,-0.00577546710074583,0.0174145541684114,0.0105605341682267,0.00932459169276011,9.20369526865757,12.9561957472694,1.30557821454386,1.94058607248811,0.19552616907757,3.77321091666583,2.94357901168502,0.895073598313399,-0.065441693332582,12.1447392322931,15.7501861646696,1.44917566162458,0.211495219221722,0.166330379147822,0.0135129713357336,0.99325462538409,3.60157319132324,0.66548059900734,0.357051345965621,0.595952775230454,0.248313656346022,0.214030267271214,0.457480966458153,-0.424315049887859,-0.00342057235214594,0.990929318603239,0.999141664594055,0.991780599006295,0.526398647538776,0.0503536898246784,0.423247662636545,1.10744277049721,1.10284253259384,0.780125754084816,0.237218013538544,-0.0173437676233596,-2.83742806852283e-05,0.963128793123068,0.0185700169571389,0.990772974807971,-0.425676890776133,0.67,0.1,1.025,0.7,0.6,0.25,0.4,0.005,0.975,0.8,0.1,1.26421411247702,0.869077017194376,0.50568564499081,0.268361094942259,0.315977975865846,0.499696130403299,-1.29964047442078,1.70037214665804,6.95474369155054
198,-0.00583042031823985,0.804116954834081,0.095656951362073,-0.00586860972759917,-0.00586860972758518,-0.00577838026451361,0.0174149743756012,0.0105608007292901,0.00932483202706711,9.20344795265943,12.9545350968272,1.30540567353145,1.94028229728641,0.195495522733741,3.77289681625695,2.94412291290682,0.894208662483691,-0.0654347591335689,12.1450391357659,15.7473643215673,1.44897791277922,0.211505545339793,0.166304776611515,0.0135114756475956,0.993197002288156,3.60122794623209,0.665441991533064,0.357023445327905,0.595918201372893,0.248299250572039,0.214037275140118,0.457475479891578,-0.424249331348036,-0.00341993534803465,0.990932710892225,0.999140427580169,0.991785222115551,0.526378426789881,0.0503517555694842,0.423269817640634,1.1074422797688,1.10284199456139,0.780334861059794,0.237008512565377,-0.0173433736251713,-2.7555862656681e-05,0.963128793123068,0.0185700169571389,0.990780619294127,-0.425676890776133,0.67,0.1,1.025,0.7,0.6,0.25,0.4,0.005,0.975,0.8,0.1,1.26418933160172,0.869099979422584,0.505675732640687,0.26834169920749,0.315941475082336,0.49969437111948,-1.29955268477721,1.69879428368108,6.95566466165196
199,-0.00583161269962884,0.804187655738416,0.095656951362072,-0.0058686097275964,-0.00586860972758541,-0.0057812020589656,0.0174153813082161,0.0105610588728025,0.00932506477372886,9.20320869394972,12.952927005386,1.30523859138509,1.93998812538066,0.195465845897356,3.77259311308464,2.94465093512304,0.893370221000533,-0.0654280430389283,12.1453311316511,15.7446308895729,1.448786421467,0.211515572772037,0.166279973755245,0.0135100272234778,0.993141212761445,3.60089382950044,0.665404612550168,0.356996425847914,0.595884727656867,0.248285303190361,0.214044070193699,0.457470176600645,-0.424185444072666,-0.00341932935253642,0.990935990905739,0.999139229236873,0.991789694477916,0.526358838118968,0.0503498817769428,0.423291280104089,1.10744180443137,1.10284147336119,0.780537642638949,0.236805346938167,-0.0173429895771152,-2.67606750531493e-05,0.963128793123068,0.0185700169571389,0.99078804388392,-0.425676890776133,0.67,0.1,1.025,0.7,0.6,0.25,0.4,0.005,0.975,0.8,0.1,1.26416536469323,0.869122247924043,0.505666145877291,0.268322918479316,0.315906111407713,0.499692723932381,-1.29946765970144,1.69726459651203,6.95655940372535
200,-0.00583276780851002,0.804256151791685,0.0956569513620711,-0.00586860972759429,-0.00586860972758563,-0.00578393536560207,0.0174157753980131,0.0105613088723453,0.00932529017924879,9.20297720757689,12.951369766572,1.30507679097738,1.9397032477315,0.195437107303315,3.77229944552268,2.94516352233728,0.892557461249207,-0.0654215380638113,12.1456153808309,15.7419830487835,1.44860098475366,0.211525309543015,0.166255945241357,0.0135086245367728,0.99308719694856,3.60057046745725,0.665368421955535,0.356970259235381,0.595852318169136,0.24827179923714,0.214050658626266,0.457465049944966,-0.424123340103714,-0.00341875276659037,0.990939162606013,0.999138068352447,0.991794021260791,0.526339861723177,0.0503480665527731,0.423312071724049,1.10744134399119,1.10284096845589,0.780734288162851,0.236608327132829,-0.0173426152956801,-2.59880785164564e-05,0.963128793123068,0.0185700169571389,0.990795254782047,-0.425676890776133,0.67,0.1,1.025,0.7,0.6,0.25,0.4,0.005,0.975,0.8,0.1,1.26414218329806,0.869143842625329,0.505656873319224,0.268304732667609,0.315871848841269,0.49969118216148,-1.29938530996496,1.69578161594502,6.95742861842406
