Time,n_MM,psi_o_MM,psi_y_MM,n_y_MM,n_m_MM,n_o_MM,mu_o_MM,mu_m_MM,mu_y_MM,s_o_MM,s_m_MM,s_y_MM,h_m_MM,h_y_MM,a_MM,a_o_MM,a_m_MM,a_y_MM,z_o_MM,z_m_MM,z_y_MM,c_o_MM,c_m_MM,c_y_MM,y_MM,k_MM,w_MM,inv_MM,b_MM,gov_MM,e_MM,t_MM,f_MM,nx_MM,tilde_R_MM,g_MM,q_MM,tilde_s_m_MM,tilde_s_y_MM,tilde_s_o_MM,Omega_m_MM,Omega_y_MM,eta_o_MM,eta_m_MM,eta_y_MM,walras_MM,gamma_MM,phi_MM,R_star,fy_target_MM,alpha,delta,beta,sigma,b_y,g_y,repl,x,omega,nu,Lambda_MM,w_indiv_MM,t_indiv_MM,e_indiv_MM,c_y_indiv_MM,c_m_indiv_MM,c_o_indiv_MM,a_y_indiv_MM,a_m_indiv_MM,a_o_indiv_MM
0,0.010574708476305,0.239211285055436,0.177873542381526,0.010574708476305,0.010574708476305,0.010574708476305,0.0839809536055204,0.0433222440960077,0.0359693057961633,0.682269741212674,2.62511181248037,0.444070115904239,2.01542728364928,0.340934440655713,3.88019213495469,1.07078997626947,2.93524445602751,-0.125842297342283,1.83296682890371,7.49341361655346,0.68375650607479,0.15393430221862,0.324631493808677,0.0245942468571203,1.15471500903071,3.18736312953628,0.773659056050579,0.362876213888618,0.692829005418429,0.288678752257679,0.0740271907970539,0.366657626638201,-1.38777878078145e-14,7.91546338650828e-17,1.02142040941389,1.01562758201869,1.00570369247327,0.705674057500615,0.125520744374379,0.168805198125006,1.20207685174703,1.17178593747761,0.27596313250142,0.7564688432785,-0.032431975779919,1.98401122291206e-16,0.906064588921509,0.0374556693326375,1.02142040941389,-1.20183661763119e-14,0.67,0.1,1.025,0.7,0.6,0.25,0.4,0.005,0.975,0.8,0.1,1.09634050993848,0.519584959573042,0.438536203975391,0.195937707186992,0.460030364384472,0.911904988284937,-1.00256175160135,4.15949038345504,6.34334717273642
1,0.010853141779287,0.239505321306997,0.177969941004101,0.0111223897593218,0.010574708476305,0.0118168973602186,0.0826422763936448,0.0427460112571738,0.0355303346858052,0.692979377372323,2.66708122200807,0.451955779540893,2.03079552483774,0.344028471279646,3.88238924496841,1.07213846775734,2.936156139513,-0.125905362301926,1.84335950183161,7.54996543376275,0.694764089438106,0.152339425622892,0.322730908829018,0.0246852009194938,1.15439694985804,3.18902177571345,0.773445956404889,0.36531284767709,0.692638169914826,0.288599237464511,0.0740977689209402,0.366647594979809,0.000729299340142568,0.000729299340156521,1.02142039985044,1.01590740748818,1.00542666814084,0.705479683906136,0.125554177724367,0.168966138369498,1.20005858862283,1.17041137851264,0.276154295745506,0.756275570080052,-0.0324298658255577,3.00048819365906e-08,0.907306777805423,0.0375530873425437,1.02142040941389,-9.56344945542804e-08,0.67,0.1,1.025,0.7,0.6,0.25,0.4,0.005,0.975,0.8,0.1,1.09634050993848,0.519713895869738,0.438536203975391,0.196609952507403,0.457463079648311,0.901597367927968,-1.00279707600276,4.16192869404254,6.34528597329228
2,0.0109690016315083,0.240010564124261,0.177990698011931,0.0107118558991979,0.0105939882008201,0.0127258629788918,0.0815055254870442,0.0422515091361225,0.0351511350560609,0.70340963755944,2.70593565729565,0.459155117174439,2.04435257843153,0.346634701997787,3.88642922406022,1.07452918923342,2.93791074016919,-0.126010705342399,1.85487589946879,7.60253320076362,0.704544658439364,0.151182634962437,0.321218501813563,0.0247655446095373,1.15426452658196,3.19264625841639,0.77335723280991,0.367791696552943,0.692558715949173,0.288566131645489,0.0742455622865135,0.366472955863594,0.00122424969465801,0.000491178962323185,1.02127796410756,1.01602384663967,1.00517125408549,0.705217990069712,0.125522242303079,0.169259767627209,1.19840321976255,1.16929455417281,0.276482376827503,0.755940883205673,-0.0324232600331755,0.000248838035662954,0.908344048564192,0.0375003765632448,1.02134115816149,-3.82443562473885e-07,0.67,0.1,1.025,0.7,0.6,0.25,0.4,0.005,0.975,0.8,0.1,1.09662153220661,0.519659113953358,0.438648612882642,0.19730004941865,0.455488240993129,0.893198880524362,-1.0038914460924,4.16596113760339,6.34840283841138
3,0.0109620488228521,0.240656048704053,0.177855825626742,0.00983235923813774,0.0105981396023862,0.0133160429490999,0.0806009531433941,0.0418538566750993,0.0348442101254799,0.71298689105628,2.73977429922735,0.46507783831987,2.05547153890786,0.348512749187949,3.89195206903987,1.07771655906052,2.94036710744434,-0.126131597464996,1.86670640957307,7.64870959131079,0.712277745431553,0.150458315549336,0.320127994662179,0.0248187553887286,1.15442140091904,3.19777549725001,0.77346233861576,0.369690897144613,0.692652840551427,0.288605350229761,0.074455356093066,0.366430989684812,0.00152373123842511,0.000293357441514515,1.0210993117418,1.01601685906697,1.0050023310435,0.704964137485113,0.125381978709659,0.169653883805228,1.19713772749754,1.16845081772757,0.276909000925638,0.755499311193512,-0.0324083121191498,0.000426730502912099,0.909153961203995,0.0373482080862865,1.02120540462067,-8.60144169853998e-07,0.67,0.1,1.025,0.7,0.6,0.25,0.4,0.005,0.975,0.8,0.1,1.09716551167412,0.519786709990691,0.438866204669648,0.197945156426349,0.454105361734006,0.886854530970069,-1.00597868021427,4.17094565680149,6.35244260189056
4,0.0108684409243029,0.241378246447015,0.177550906018483,0.00883862157384163,0.0105711651253484,0.0136038427517198,0.0799508903929202,0.0415646043616233,0.0346192649406426,0.721154955132709,2.76676690288454,0.469313998991294,2.0637718515306,0.349555331669402,3.89845627893269,1.08142319825667,2.94327106845542,-0.126237987779405,1.87802173832793,7.68609445900389,0.717469613340463,0.150149509418482,0.319469473742817,0.0248382704591722,1.15484080962193,3.20389795860323,0.773743342446691,0.371007511298649,0.692904485773156,0.288710202405482,0.0747059244799337,0.366558504837207,0.00165383455630249,0.000122636981452176,1.02090084034111,1.01592278312892,1.00490003501728,0.704756821905043,0.125130212251947,0.17011296584301,1.19627831433559,1.16788834044418,0.277397800803424,0.754983731432114,-0.0323815322355385,0.000543205315872014,0.909721143211748,0.0371431654627662,1.02103289679982,-1.52826488386862e-06,0.67,0.1,1.025,0.7,0.6,0.25,0.4,0.005,0.975,0.8,0.1,1.0978869851237,0.520120548597678,0.439154794049482,0.198499387255581,0.453304549616494,0.882645885775975,-1.00885298208579,4.17629312263967,6.35708861401354
5,0.0107126042348007,0.242118760930935,0.177094628096754,0.00791332886593499,0.0105101812036965,0.0136102842011478,0.0795675962427782,0.0413904971242923,0.0344821118638761,0.727449469333477,2.78552713388655,0.471636268572789,2.06900720670536,0.349739737595384,3.90541086319052,1.08536051557589,2.94635458996528,-0.126304242350658,1.88806239060292,7.71278677702201,0.719895272970329,0.150228585009235,0.319236076762935,0.0248235091528139,1.15547371068043,3.21049129396177,0.774167386155889,0.371739368868108,0.693284226408258,0.288868427670108,0.0749761793156817,0.36682915585777,0.00163534282049225,-2.65216711887212e-05,1.02069806123027,1.01576616725597,1.00485534381168,0.704615674944489,0.124783650905437,0.170600674150074,1.19583029850697,1.16760884181941,0.277911992783915,0.754428840648603,-0.0323408334325188,0.000604264888420647,0.910038399128697,0.0369151999134656,1.02084140588532,-2.38614635003624e-06,0.67,0.1,1.025,0.7,0.6,0.25,0.4,0.005,0.975,0.8,0.1,1.09870871978101,0.520608849479071,0.439483487912402,0.198932383951688,0.453064114402628,0.880586115838453,-1.01218582269541,4.18150588290191,6.36199429447227
6,0.0105078894247479,0.242824121940486,0.176514223796303,0.0071074107756266,0.0104189256193508,0.013362564149072,0.0794522686491795,0.0413329401098584,0.0344342220823817,0.731547869046491,2.7953208642329,0.471977737802203,2.07106880174463,0.349091687461876,3.91231614289399,1.08925074869778,2.9493773727201,-0.126311978523899,1.89621062498454,7.72768897371692,0.71953404160285,0.150658235122262,0.319408103583381,0.0247765948626691,1.15626695065816,3.21706673283133,0.774698856940969,0.371896635198333,0.693760170394897,0.28906673766454,0.0752462278819955,0.367212688376869,0.00148923966775856,-0.000154065792417718,1.02050528916118,1.01556042887187,1.00486909508162,0.704553641493349,0.124363739151057,0.171082619355594,1.1957869258687,1.16760668744721,0.278415830663236,0.753869898248155,-0.0322857289113914,0.000614710019394523,0.910107451228965,0.0366776098873912,1.02064706193866,-3.43294194292302e-06,0.67,0.1,1.025,0.7,0.6,0.25,0.4,0.005,0.975,0.8,0.1,1.09955979405478,0.521199049654385,0.43982391762191,0.199226840812292,0.453348169354961,0.880616836998032,-1.0156656545239,4.18616440115007,6.36681126814979
7,0.010260271525641,0.243447627787879,0.175830908335098,0.00639179702907633,0.0103028447592606,0.0128970257916536,0.0795920114640313,0.041386684771224,0.0344717315174608,0.733325253682259,2.79624626869404,0.470422566442147,2.07005351923368,0.347668863518977,3.91875691261671,1.09284874201762,2.95215815297026,-0.126249982371173,1.90206450565284,7.73078307772837,0.716541887072982,0.151389139370206,0.319951480984334,0.024700439483031,1.15717415838268,3.22321125138215,0.775306686116392,0.371515144613671,0.694304495029605,0.289293539595669,0.0754986294172471,0.367680341962461,0.0012411662049549,-0.00025544173181087,1.02033500125219,1.01531157288327,1.00494767173258,0.704583331987593,0.123887527261148,0.171529140751259,1.19612413391422,1.16786499479535,0.278876380039046,0.753340464514741,-0.0322168445537868,0.000579856067575618,0.909941850662359,0.0364310878505116,1.02046418172238,-4.66761860165994e-06,0.67,0.1,1.025,0.7,0.6,0.25,0.4,0.005,0.975,0.8,0.1,1.10037613851763,0.521840817501677,0.440150455407052,0.199377936012588,0.454100269561825,0.882585540317845,-1.01906935397172,4.18993470175114,6.37121329490248
8,0.00997164061495977,0.243952608452026,0.175052598445924,0.005694713389087,0.0101661816670195,0.0122615579660308,0.0799566522421501,0.041538517847068,0.0345844737678117,0.732898863436349,2.78934203980192,0.467199871448453,2.06631594183548,0.34555481552289,3.924447982843,1.09596358167908,2.95459721408802,-0.126112812924096,1.9055000507869,7.72330950076418,0.71123972563273,0.152357404629595,0.32081482888206,0.0245978515854829,1.15816168176839,3.22862701593568,0.775968326784823,0.370667721849846,0.694897009061036,0.289540420442098,0.0757197989581248,0.36820780294152,0.000923957846291773,-0.000323536777247434,1.02019685800115,1.01502149881803,1.00509876804496,0.704719049048505,0.123362900710281,0.171918050241214,1.19679514097053,1.16835175461011,0.279265666529912,0.752869505969183,-0.0321351724990951,0.000506991156558301,0.909570066464692,0.0361674882949308,1.02030466711669,-6.08895784944917e-06,0.67,0.1,1.025,0.7,0.6,0.25,0.4,0.005,0.975,0.8,0.1,1.10110309609555,0.522488789594471,0.440441238438222,0.199394238007188,0.455237912633718,0.886221106020139,-1.02229124151574,4.19258883107708,6.37491863211199
9,0.00964422973730842,0.244319033608416,0.174171557511962,0.00492712978535659,0.0100105196891849,0.0115275900127214,0.0804846273785113,0.0417612689957608,0.0347514532102307,0.730753785783631,2.77700313233713,0.462745436336983,2.0606321464434,0.342883294359104,3.92929295976759,1.09849194643815,2.95670061128577,-0.125899597956329,1.90681272376254,7.70835324764069,0.704201145870416,0.153469111438832,0.321910613197422,0.0244720131306577,1.15920917461238,3.23318261407358,0.776670146990293,0.369492919915618,0.695525504767426,0.289802293653094,0.0759021198980698,0.368776891367261,0.000584840926586957,-0.000344037855441237,1.02009663286581,1.01469245088599,1.00532593100018,0.70497471485529,0.122786544092897,0.172238741051813,1.19770886816308,1.16900511368022,0.279564786257962,0.752476499346347,-0.0320412856043094,0.000406261132194684,0.909048669378773,0.0358730265609918,1.02017714795788,-7.69555699605346e-06,0.67,0.1,1.025,0.7,0.6,0.25,0.4,0.005,0.975,0.8,0.1,1.10169929590981,0.523106550627081,0.440679718363924,0.199305333588857,0.456627176002334,0.891025506234196,-1.02535337961036,4.19405199786874,6.37772860931271
10,0.00928597473829198,0.244553329598292,0.173167025720249,0.00401010756946008,0.00983431150239222,0.010802717959024,0.0810668090402475,0.0420070567270224,0.0349357886207439,0.727869743898307,2.76336707225537,0.457768374004483,2.05436818146275,0.339872000157268,3.93345261805627,1.10046259123032,2.95860354473878,-0.125613517912838,1.90686930581712,7.69140098493793,0.696354551642456,0.154583809824241,0.323093117334768,0.0243276953935427,1.16030668203515,3.23697695042236,0.777405476963553,0.368228658998756,0.696184009221092,0.290076670508788,0.0760468391357541,0.369374546109814,0.000291658412815039,-0.000296469897940994,1.02003395547396,1.01433240461198,1.00562098857934,0.705357721816242,0.12214469875573,0.172497579428028,1.19870520713539,1.16971664418428,0.279770140405536,0.752164531270388,-0.031934671675924,0.00029319987299813,0.908477493310056,0.0355327581835557,1.02008534256584,-9.48583052208223e-06,0.67,0.1,1.025,0.7,0.6,0.25,0.4,0.005,0.975,0.8,0.1,1.10214356902735,0.52366981275643,0.440857427610939,0.199171111324236,0.458055689108823,0.896150603021878,-1.02839926081479,4.19447246869376,6.3795828027226
11,0.00891340424209582,0.244697220950451,0.172012114002334,0.0028998053403364,0.00963340514404987,0.0102274576400443,0.0815460653799531,0.0422074219452146,0.0350849515761197,0.725703051869384,2.75412002347645,0.453221074900775,2.04944884271505,0.336825895943821,3.93738950953904,1.10207315666213,2.96057795717265,-0.125261604295737,1.90712830559095,7.68012242621022,0.688957403686519,0.155518809449714,0.324158167703413,0.0241720371376593,1.16145230258881,3.2403896027959,0.778173042734502,0.36721404922693,0.696871381553285,0.290363075647202,0.0761667123902758,0.369990477877158,0.000128525189850733,-0.000164871006672755,1.01999942100757,1.01395797126331,1.00595828418483,0.705861093258997,0.121416658843479,0.172722247897524,1.19955391205783,1.17033078072795,0.279899449621029,0.751913914027997,-0.0318133636490268,0.000191034430562933,0.908000266372334,0.0351355558100036,1.02002569967634,-1.14580116437076e-05,0.67,0.1,1.025,0.7,0.6,0.25,0.4,0.005,0.975,0.8,0.1,1.10244501385058,0.524168963852212,0.440978005540233,0.199083366054572,0.459237902186615,0.900398248301999,-1.03166736334933,4.19427842878194,6.38060915763433
12,0.00854727950031337,0.244827784930045,0.170681345358392,0.0015931990072886,0.00940242280046677,0.00994101329536634,0.0817504574962477,0.0422877882595038,0.0351418582611304,0.725904515848738,2.75532467635182,0.450096105125634,2.04795066520399,0.334071987752107,3.94183702398842,1.10368600506891,2.96300476769196,-0.124853748772458,1.90939842002516,7.68280662042867,0.683327751117275,0.156094194300203,0.324888899335286,0.0240134070119914,1.16265543666927,3.24407039131649,0.77897914256841,0.366821605540837,0.697593262001561,0.290663859167317,0.0762862951926918,0.370616754414026,0.000173370670364678,4.40361054920347e-05,1.01997300153883,1.01359001589781,1.00629740382294,0.706459590123753,0.12057947328366,0.172960936592586,1.20000426152049,1.17067857977544,0.279992804967108,0.751681195762349,-0.0316740007294569,0.000129435208141389,0.907773935537412,0.0346764723297369,1.01998542768552,-1.36101540562668e-05,0.67,0.1,1.025,0.7,0.6,0.25,0.4,0.005,0.975,0.8,0.1,1.10265208860984,0.524611399710921,0.441060835443937,0.199150040699717,0.459883203338458,0.902482360325599,-1.03544778702708,4.19416030175614,6.3811287497169
13,0.00820418282506561,0.245044729157131,0.169156969585405,0.000123550798426075,0.0091362690716783,0.010030474310601,0.0815480971982744,0.0421908545478264,0.0350626152224167,0.729894026263041,2.77179339005042,0.449145941238382,2.05149217571344,0.331857037166087,3.94767085971222,1.10576653539051,2.96630469096588,-0.124400366644166,1.91542111783903,7.70612894858463,0.68046136696474,0.156198947227872,0.325128164666448,0.0238587552044369,1.16394210152951,3.24883798274246,0.77984120802477,0.367340649806292,0.698365260917704,0.290985525382377,0.0764383910423999,0.371251735213219,0.000467616052057899,0.000293102203393719,1.01992637954911,1.01324520373919,1.00659383906804,0.707112713051588,0.119613043695121,0.173274243253291,1.19986664579281,1.17063240021301,0.280106061189697,0.751406283954741,-0.0315123451444383,0.000136957038687855,0.907917881137635,0.0341573568881738,1.01994288381263,-1.59401338550301e-05,0.67,0.1,1.025,0.7,0.6,0.25,0.4,0.005,0.975,0.8,0.1,1.10285276113806,0.525024834599649,0.441141104455225,0.199466165790831,0.459796802780334,0.901455082389494,-1.04002341886096,4.1949531329519,6.38159783375371
14,0.0078905013200933,0.245449659834757,0.16743307528609,-0.00144969998762867,0.00883139391708099,0.0104984641754557,0.0808880267059295,0.0418938045110809,0.0348294890751777,0.738551697381247,2.80601069471609,0.45070660269361,2.06080565070275,0.330278996628894,3.95572707599102,1.10878669130852,2.97085001384167,-0.123909629159173,1.92651259663218,7.75361298948031,0.680787449401216,0.155831801287235,0.324828343534301,0.0237114792378845,1.16535421664607,3.25551546688119,0.780787325152864,0.368885277476712,0.699212529987639,0.291338554161516,0.0766575933448242,0.371905611838371,0.000999079122190832,0.000528278024973047,1.01982926284858,1.01292995382669,1.00681124000314,0.707772821581309,0.118504580121272,0.173722598297419,1.19907228238901,1.17014537057763,0.280299087879851,0.751025021888485,-0.0313241097683363,0.00023048292344408,0.908476273834976,0.0335861670603658,1.01987127378537,-1.84456516312377e-05,0.67,0.1,1.025,0.7,0.6,0.25,0.4,0.005,0.975,0.8,0.1,1.10316093150967,0.525459018060989,0.441264372603868,0.200089137598051,0.458944358457517,0.89701514261516,-1.0456104652864,4.19746269319042,6.38251270804875
15,0.00760037571209953,0.246122955126546,0.165518164834311,-0.00304731607528397,0.00848661505721804,0.0112530042638976,0.0798214707237268,0.0414175164513222,0.034457952942518,0.751989164069052,2.85738388495284,0.454588996899577,2.07548387300199,0.329252105550637,3.96660791935397,1.11311705552101,2.97687572947791,-0.12338486564494,1.94324639105949,7.8245678318687,0.684026386019037,0.155112780795816,0.324074155759835,0.0235701492137632,1.16694206227996,3.2647438643191,0.781851181727571,0.371347776404436,0.700165237367974,0.291735515569989,0.0769726093263888,0.372601370403699,0.00169881766690133,0.000692814340481402,1.01965655541153,1.01263837759066,1.00693058645236,0.708395346281588,0.117252297693695,0.174352356024717,1.19770275065236,1.16927104873686,0.280621901177697,0.750483987769806,-0.0311058889475023,0.000408870195635873,0.909399125074044,0.0329763935553646,1.0197443610612,-2.11242347413396e-05,0.67,0.1,1.025,0.7,0.6,0.25,0.4,0.005,0.975,0.8,0.1,1.10369327781663,0.525979415815627,0.441477311126652,0.201020787458997,0.457476404187183,0.889651188733156,-1.05230232645219,4.20228018874449,6.38429603648834
16,0.00732120742446616,0.247108754955601,0.1634367394834,-0.00457347990533019,0.00810363296686223,0.0121414050167625,0.0784771918509843,0.040816587433466,0.0339893305535514,0.769597928170397,2.92257793113471,0.460168589105275,2.09417923599301,0.328555271756763,3.980557733632,1.1189557435852,2.98442587306831,-0.122823883021515,1.96539161271417,7.91453782663323,0.689329837274375,0.154238401660844,0.323044391857865,0.0234298594338519,1.16874729606192,3.27684547543865,0.78306068836149,0.37444334171059,0.701248377637155,0.292186824015481,0.0774004607022736,0.373371082940816,0.00246388055619395,0.000753254189498519,1.01939484264741,1.01235781346159,1.00695112843725,0.708945584486601,0.115867754799643,0.175186660713755,1.19595095353099,1.16813766917857,0.281105266829408,0.749750681074047,-0.0308559479034556,0.000651223193793345,0.910566157851596,0.0323466389660253,1.01954270911959,-2.39732397471953e-05,0.67,0.1,1.025,0.7,0.6,0.25,0.4,0.005,0.975,0.8,0.1,1.1045427258406,0.526656898795979,0.441817090336241,0.202212077677404,0.455668811438899,0.880423207066325,-1.06003506526816,4.2096684687437,6.38722000308865
17,0.00704253828580259,0.248415235588586,0.161227664118734,-0.00593295132466154,0.00768734789667991,0.0130150587840052,0.0769990938662377,0.040152997876,0.0334709226889284,0.79042503271391,2.99712040090723,0.46668640507208,2.11524224058645,0.327951017295034,3.99747257199417,1.12632939315216,2.99336443009858,-0.122221251256574,1.99220727074156,8.01747354996948,0.695701955673149,0.153398122366581,0.32192551767782,0.0232857845626088,1.17078401799407,3.29180467743401,0.784425292056029,0.377837914458373,0.702470410796444,0.292696004498518,0.0779452774910975,0.37424625275542,0.00319748376371862,0.000716643223737215,1.01904433148174,1.01207775097723,1.00688344398223,0.709399522536968,0.11437482794558,0.176225649517451,1.19402757184846,1.16688583657539,0.281760380773515,0.748814250122451,-0.0305746308959656,0.000924031206434482,0.911845029399608,0.0317176856766636,1.01925761648819,-2.69898550248285e-05,0.67,0.1,1.025,0.7,0.6,0.25,0.4,0.005,0.975,0.8,0.1,1.10575954329762,0.527553572938748,0.442303817319049,0.203591865280778,0.453800020229143,0.870464218952362,-1.06860271138267,4.21957491512492,6.39140440813428
18,0.00675705892678518,0.250023157216418,0.158936121925602,-0.00707053166757488,0.00724553282374663,0.0137651485507266,0.0755066277339484,0.0394789931537772,0.0329429060841935,0.813458851727294,3.07657973660681,0.47344687249167,2.13716779862101,0.327253515845209,4.01699913473943,1.13513657663728,3.00343364316949,-0.121571085067336,2.02272378908424,8.12735321150183,0.702263917550795,0.152729052149451,0.320859721789239,0.0231346142812532,1.1730359912125,3.30934595505443,0.785934114112373,0.381246509787777,0.703821594727498,0.293258997803124,0.0786006914297857,0.375246425427661,0.00383158495750311,0.000612535270945283,1.01861502376018,1.01179084422142,1.00674465436976,0.709743719924216,0.112803914405806,0.177452365669978,1.19210510176597,1.16563171743936,0.282583226573364,0.74768092858055,-0.0302641551539139,0.00119456013070725,0.913127198785826,0.0311055675189061,1.01889076620263,-3.01711035391606e-05,0.67,0.1,1.025,0.7,0.6,0.25,0.4,0.005,0.975,0.8,0.1,1.10734916287289,0.528706933071177,0.442939665149157,0.205086981272899,0.452078282317875,0.860676337409294,-1.07772044709363,4.23171570083097,6.39685231781234
19,0.00645785486038207,0.251895295641479,0.156603043753883,-0.00799175265496266,0.00678722438512036,0.0143259062800944,0.0740867198502657,0.0388334169802099,0.0324354736946392,0.837771014334769,3.1572091820729,0.479907994236848,2.15872463042726,0.326325284507987,4.03863644838745,1.14519360271975,3.01431267424641,-0.120869828578709,2.05592816669896,8.23900748109268,0.708338753158795,0.152316974114634,0.319948813001636,0.0229753029926696,1.17546803195371,3.32903012465768,0.787563581408984,0.38445238772187,0.705280819172225,0.293867007988427,0.0793534244701912,0.376375762753468,0.00432550455754632,0.000468798093885708,1.01812190518552,1.01149014413468,1.00655642676233,0.709975987922909,0.111184400700898,0.178839611376192,1.19030587400769,1.16445831800668,0.283559467992353,0.746368907617164,-0.0299283756095171,0.00143874804058603,0.91433516830873,0.030517046210752,1.01845135101421,-3.35138457819847e-05,0.67,0.1,1.025,0.7,0.6,0.25,0.4,0.005,0.975,0.8,0.1,1.10928199658282,0.530124636826922,0.443712798633128,0.206641424946621,0.450647371804321,0.851695957861553,-1.08711139167685,4.24565439609446,6.40346729624019
20,0.00613703507120887,0.253984973707364,0.154256426477394,-0.00875859577537264,0.00632060875077656,0.0146688635206771,0.072793430176785,0.0382409766819878,0.0319680138568813,0.862562647702231,3.23602449657896,0.485656361234667,2.17902019542706,0.325074532193557,4.06184578220977,1.15628029587593,3.02568143157328,-0.120115945239438,2.09085688674734,8.34831609696454,0.71342162043231,0.152200644787733,0.319247761170415,0.0228066722435247,1.17803863019753,3.35035593855011,0.789285882232348,0.387319191825909,0.706823178118521,0.294509657549384,0.0801867016185506,0.377628094447169,0.00466666554113603,0.000313721253999247,1.01758227106833,1.01116772024656,1.00634370608686,0.710105525848624,0.109538340839259,0.180356133312116,1.18870632301711,1.16341908620321,0.284668684601313,0.744903079487696,-0.0295717640890089,0.0016409813665713,0.915421277588852,0.0299489859933434,1.01795326413175,-3.70147828702813e-05,0.67,0.1,1.025,0.7,0.6,0.25,0.4,0.005,0.975,0.8,0.1,1.11150505594094,0.531791516473383,0.444602022376378,0.208207209172468,0.449577914196474,0.843889486831816,-1.09656531511374,4.26088985571178,6.4110949522017
21,0.00578594563961928,0.256242592037183,0.151907329407326,-0.00946634108268096,0.00585128529547863,0.0147920831135897,0.0716552457572631,0.0377152086844876,0.0315513247245936,0.887205525436899,3.31095698194536,0.490409216233877,2.19747082460767,0.323433496028182,4.08612054973026,1.16817100457512,3.03725886891667,-0.119309323761532,2.12668142487831,8.45238496716695,0.717160760529408,0.15238788013575,0.318783462876848,0.0226273720288809,1.18071102111735,3.37283308529583,0.791076384148627,0.38977415118796,0.708426612670412,0.295177755279338,0.0810829852694587,0.378991212969027,0.00486085176401266,0.000165572426737224,1.01701271631517,1.01081487536782,1.00613152922299,0.710151656987048,0.10787724168709,0.181971101325862,1.18734641072473,1.16254316175274,0.285887552840536,0.743311126519633,-0.0291986793601689,0.00179482718183899,0.916361063218671,0.0293910413482482,1.01741212218903,-4.06704598018175e-05,0.67,0.1,1.025,0.7,0.6,0.25,0.4,0.005,0.975,0.8,0.1,1.1139541481955,0.533676446770496,0.445581659278199,0.209751117798452,0.448894908207843,0.837429014966851,-1.10597306619687,4.27691583767166,6.41954132312049
22,0.00540024844457167,0.258621003153653,0.149555225384891,-0.0101856683655021,0.00538146588146526,0.014713288650406,0.0706792848011644,0.0372601519740398,0.0311888533204738,0.911263134837277,3.38081466445071,0.494004966511691,2.21379821025616,0.321364726639783,4.11102243741991,1.18065480561838,3.0488178079958,-0.118450176194271,2.16275414151217,8.54952355634914,0.719355386586774,0.152861915908063,0.318556546961866,0.0224358696295716,1.18345415283419,3.39602271152031,0.792914282398905,0.391798728341716,0.710072491700511,0.295863538208546,0.0820257148515454,0.380450609083514,0.00492723419908811,3.75145953221748e-05,1.0164280193754,1.01042724968679,1.00593884388061,0.710138390162882,0.106204906995273,0.183656702841845,1.18623461609052,1.16183789011603,0.287192498603269,0.741620327887864,-0.0288128264911332,0.00190003918910036,0.91714949255685,0.0288341882018332,1.0168432909782,-4.44772688648172e-05,0.67,0.1,1.025,0.7,0.6,0.25,0.4,0.005,0.975,0.8,0.1,1.11656304374284,0.535741503844415,0.446625217497134,0.211250781760678,0.448583756877022,0.832324187153132,-1.11529852570318,4.29327276236468,6.42859632863546
23,0.00498587740963322,0.261080116454889,0.147200974212982,-0.0109079475356054,0.00491104507697804,0.0144663019485156,0.0698530680523702,0.036871073133844,0.0308772555554225,0.93452349826115,3.44527630605319,0.496427866148972,2.22803986922572,0.318885624740428,4.13618602478759,1.19354696372342,3.06017793657888,-0.117538875514709,2.19865285267075,8.63924323428889,0.720006438158327,0.153582647324051,0.318538169051656,0.0222318227836349,1.1862352995189,3.41955106320316,0.79477765067766,0.393424590297461,0.711741179711338,0.296558824879724,0.0830002566378667,0.381988604057106,0.00489378187309579,-6.18900466683431e-05,1.01584012280702,1.01001080679668,1.00577153825594,0.710085512492222,0.104525279213379,0.185389208294399,1.18534831363444,1.16128806465298,0.288562205995765,0.739855006094344,-0.028417212090108,0.00196113522903747,0.917799752460472,0.0282797045248041,1.01626042368504,-4.84314531983368e-05,0.67,0.1,1.025,0.7,0.6,0.25,0.4,0.005,0.975,0.8,0.1,1.11927033673478,0.537947327944239,0.447708134693914,0.212693263782157,0.448591280131413,0.828433589727406,-1.1245019042213,4.30959072216306,6.43806063310902
24,0.00455862150400134,0.263589490932852,0.144857640509516,-0.0115497710817086,0.00444019484259628,0.0140943830810683,0.0691499211373635,0.0365368033798167,0.030608183705334,0.956980518212553,3.50472480778856,0.497810097891966,2.24048205059667,0.316078015121629,4.16130753561982,1.20669342499747,3.07119121197383,-0.116577101351483,2.23417248291167,8.72201537713624,0.719328345805842,0.154492850982529,0.318674560846596,0.0220173341437312,1.18901405419413,3.44310818596101,0.796639416310065,0.394720099233928,0.713408432516476,0.297253513548532,0.0839943112808857,0.383582162240642,0.00479091714233108,-0.000130378819063406,1.01525753849825,1.00958141461152,1.00562225473308,0.710001801044471,0.102849185656809,0.18714901329872,1.18464144550965,1.16086100837858,0.289979391012692,0.738035145367842,-0.0280145363805333,0.00198607425787453,0.91833833570578,0.0277400572874319,1.015674467153,-5.25291104998335e-05,0.67,0.1,1.025,0.7,0.6,0.25,0.4,0.005,0.975,0.8,0.1,1.12202450069583,0.540255196080293,0.448809800278334,0.214073976406575,0.448836271088044,0.82550716276518,-1.13347617297119,4.32561045261555,6.44776803108972
25,0.00413965228263206,0.266129455709005,0.142553533039517,-0.0119976557770392,0.00397152810190327,0.0136458603699126,0.0685326178210331,0.0362412850382984,0.0303694444783357,0.978829353940784,3.56019508097587,0.498432550867219,2.25159841611135,0.313084002652288,4.18613923258021,1.2199753692987,3.08173365030125,-0.115569787019738,2.26932962682905,8.79915637905067,0.717744260974274,0.155523100007509,0.318892734367517,0.0217974944745048,1.19174124666401,3.46644662734237,0.798466635264884,0.395777664085604,0.715044747998403,0.297935311666001,0.0849981964179377,0.385203132559565,0.00464785723944257,-0.000169290367579747,1.01468554418784,1.00916035054405,1.0054750403549,0.709882924680167,0.101196318957583,0.18892075636225,1.18405109747568,1.16051150673361,0.29143210522047,0.736175621277533,-0.0276077264980038,0.00198423243044888,0.918801411482651,0.027233575994396,1.01509331905742,-5.6766196876267e-05,0.67,0.1,1.025,0.7,0.6,0.25,0.4,0.005,0.975,0.8,0.1,1.12478636618091,0.542629100049301,0.449914546472365,0.215398096482554,0.449218770139023,0.823218702921653,-1.14203548320942,4.34118576903326,6.45760366827789
26,0.00375339103346624,0.268694046948662,0.140329611231361,-0.012144670691829,0.00351070660790342,0.0131811685273167,0.0679453038146065,0.0359598723970542,0.0301420857722766,1.00062289919861,3.61395257815124,0.498799714527501,2.26215919682801,0.310116203369608,4.21051175103263,1.23332713823997,3.0917119906784,-0.114527377885747,2.30452594929822,8.87351379190514,0.715969349547513,0.15658171575648,0.319090423611313,0.0215808095361518,1.19435909490349,3.48939928212092,0.800220593585338,0.396726729749302,0.716615456942093,0.298589773725872,0.0860058038968418,0.386820196221513,0.00449701196961776,-0.000175515251170442,1.01412653722997,1.00877215798863,1.00530781822133,0.709711291357349,0.0995935096026838,0.190695199039967,1.18348637829383,1.16017436386467,0.292916208566756,0.734284137769729,-0.0272003463364851,0.00196515777554025,0.919241924059257,0.0267794408931817,1.01452187313475,-6.11385308349332e-05,0.67,0.1,1.025,0.7,0.6,0.25,0.4,0.005,0.975,0.8,0.1,1.1275297481246,0.545038807937951,0.451011899249841,0.216688914993013,0.449605955967025,0.821109899697385,-1.14994820789668,4.35629533914472,6.46753114105136
27,0.00342124843666741,0.271291024828405,0.138231766058187,-0.0119293234819466,0.00306592224627211,0.0127607407269186,0.067325622333249,0.0356646928814502,0.0299045208163046,1.02316086113414,3.66902004984006,0.499535615778243,2.2730563661768,0.307412500439242,4.23434559664331,1.24674353651847,3.10106856300116,-0.113466502876308,2.34046222932596,8.94884061660637,0.714859133161779,0.157573076120153,0.319157652179901,0.0213775198206023,1.19680976597441,3.51189226681164,0.801862543202855,0.39771147495854,0.718085859584646,0.299202441493602,0.0870152444468053,0.38840052861131,0.00436747024702284,-0.00015246711130013,1.01357928857506,1.00843835467885,1.00509791587394,0.709459972173276,0.0980699049011041,0.192470122925619,1.18284821638748,1.15977871384129,0.294435942476019,0.732360760882979,-0.0267967033589978,0.00194006851291009,0.919718113679894,0.0263918849197974,1.01396164084971,-6.56417974100934e-05,0.67,0.1,1.025,0.7,0.6,0.25,0.4,0.005,0.975,0.8,0.1,1.13024352980271,0.547459397070041,0.452097411921083,0.217982467120365,0.449859984633427,0.818688499414779,-1.15699615484211,4.37102681565206,6.47759515901735
28,0.00315483063857174,0.273938063152878,0.136299546592446,-0.0113687524053578,0.00264635321163742,0.0124293651064222,0.0666219720794022,0.0353323556250225,0.0296384924697848,1.04726908069789,3.72834216162083,0.501220811127197,2.28504843879517,0.30517382920613,4.25764506675297,1.2602719568247,3.1097816683697,-0.112408558441428,2.3779351885721,9.0287324132883,0.715183028694826,0.158422731722983,0.319006384413886,0.0211969468029268,1.19904787775288,3.53393881708945,0.803362078094428,0.398851337740336,0.719428726651726,0.299761969438219,0.0880285806734635,0.389915838183137,0.00427752301180053,-0.000111040902751672,1.01303978863219,1.00817060479176,1.00482972208998,0.709100362300358,0.0966500578700782,0.194249579829564,1.18205687045624,1.15926778181051,0.296002117852504,0.730399462522464,-0.026401580374968,0.00191954853727853,0.92027740388392,0.0260748304887665,1.01341105091856,-7.02715524213238e-05,0.67,0.1,1.025,0.7,0.6,0.25,0.4,0.005,0.975,0.8,0.1,1.13293141677192,0.549873979641232,0.453172566708769,0.219316441914818,0.449874801049337,0.815562802565564,-1.1630469853679,4.38553106683152,6.48790055520567
29,0.0029559268645432,0.276660050215075,0.134556896438133,-0.0105544281411848,0.00225990931848918,0.012218870387005,0.0657924543103046,0.0349434707934303,0.0293286941985585,1.07381446072584,3.79488090027198,0.5043754781834,2.29877925438452,0.303548809444792,4.28050005150994,1.2740081176101,3.11786919591906,-0.11137726201922,2.41784721351154,9.11674772755373,0.717593094014499,0.159076102306485,0.318570807890725,0.0210460684055279,1.2010465317043,3.55563349320977,0.804701176241884,0.400239278998958,0.720627919022583,0.300261632926076,0.089051467130884,0.391348745329327,0.00423863927759136,-5.81171786710273e-05,1.01250294362515,1.00797070649887,1.00449639766024,0.70860827059338,0.0953481296814378,0.196043599725182,1.18105041906272,1.15859786777951,0.297630674518767,0.7283890102553,-0.026019684774067,0.00191075835520405,0.920957365095394,0.0258213455483032,1.01286652668184,-7.50232268593854e-05,0.67,0.1,1.025,0.7,0.6,0.25,0.4,0.005,0.975,0.8,0.1,1.13560793690432,0.552277981460217,0.454243174761727,0.220728696785597,0.449572522804395,0.811432265728035,-1.16811165978123,4.39998984672899,6.49859581948112
30,0.00281698608686277,0.279485392203665,0.133007124014383,-0.00962823456913831,0.00191137928762641,0.0121432226150122,0.0648117224544884,0.0344857779621646,0.0289652257305562,1.10359203400167,3.87120302194529,0.509382643684374,2.31468451383784,0.302609903876863,4.30307093640417,1.2880824207428,3.12538373408631,-0.110395218424952,2.46108957605563,9.21590618716467,0.722525441640751,0.159507454518474,0.317817694425022,0.0209281125044668,1.20280140498503,3.57713603262151,0.805876941339968,0.401931143712239,0.721680842991016,0.300700351246257,0.0900923332073164,0.392694164210175,0.00425406079163867,-1.95590270304462e-06,1.01196293961664,1.0078310710173,1.00409976306364,0.707968352765154,0.0941648344944935,0.197866812740352,1.17979458140229,1.1577451021338,0.299340271117505,0.72631471343947,-0.0256549845569748,0.00191860448127088,0.92177961579659,0.025615833925825,1.01232319052518,-7.98921313952844e-05,0.67,0.1,1.025,0.7,0.6,0.25,0.4,0.005,0.975,0.8,0.1,1.1382951486354,0.554677568109373,0.455318059454158,0.22224976677138,0.448915114897018,0.806135462078654,-1.17236141302206,4.41458113470654,6.50984570329675
31,0.00272394392287827,0.282442665392395,0.13163286560284,-0.008747338041591,0.00160142480287662,0.0121995065702596,0.0636718064052995,0.0339546247420279,0.028544014767038,1.13727757524526,3.95932667282864,0.516466256774316,2.33297777782713,0.302351874437871,4.32556502013419,1.30264344278731,3.13240222765181,-0.109480650304931,2.5084791187225,9.3285116297227,0.730179742241821,0.159719396793329,0.316746111708134,0.020842261334566,1.20432969808409,3.59864701218364,0.806900897716337,0.40394380223017,0.722597818850451,0.301082424521021,0.0911612961034076,0.393959737423326,0.00432018910010219,5.06077207393672e-05,1.01141421050428,1.00773756364249,1.00364841700303,0.707175803612268,0.0930875775144737,0.199736618873258,1.17828287565269,1.15670532125807,0.301149892955454,0.724160245671661,-0.0253101386271152,0.00194509377612452,0.922749393264223,0.025437966527183,1.01177572221757,-8.48734610080739e-05,0.67,0.1,1.025,0.7,0.6,0.25,0.4,0.005,0.975,0.8,0.1,1.14101881539876,0.557088824887633,0.456407526159505,0.22389949218869,0.447902926104356,0.799650047619353,-1.1761037640915,4.42945334335739,6.52180581675861
32,0.00266322322457002,0.285560160199684,0.130402990934984,-0.00802904016712702,0.00132657312056783,0.012378835312493,0.0623720457196898,0.0333485520938844,0.0280634416540138,1.17555097322386,4.06117270984653,0.525775783818275,2.35380229725842,0.302728180377143,4.34821638494985,1.3178488452784,3.13901307009769,-0.108645530426249,2.56085628941806,9.45672645001612,0.740643437654254,0.159725845529934,0.315368134547777,0.0207850038850842,1.20566087022097,3.62038707901428,0.807792783048047,0.406278002817705,0.723396522132579,0.301415217555241,0.0922693746141394,0.395163021313735,0.00443278380298594,9.89804316643519e-05,1.01085204425266,1.00767653934069,1.00315131372816,0.706233067716953,0.09209490432748,0.201672027955567,1.17651932262758,1.15548136111237,0.303078027541853,0.721908201477498,-0.024986229019351,0.00198968545355914,0.923865295882224,0.0252696875553287,1.01121908669105,-8.99622997268293e-05,0.67,0.1,1.025,0.7,0.6,0.25,0.4,0.005,0.975,0.8,0.1,1.14380481454856,0.559536276871292,0.457521925819422,0.225691139340076,0.446549657561733,0.79200793064433,-1.1797127237346,4.44472683818844,6.53461394045561
33,0.00262630417735504,0.288867130001821,0.129282321345636,-0.00752258318814913,0.0010805981869968,0.0126737535676198,0.0609115325000761,0.0326659277699254,0.0275217426401056,1.21922054378687,4.17898152074729,0.537474920913674,2.37734872746794,0.303687859590195,4.3712689194246,1.33386152068586,3.14530284039182,-0.107895441653085,2.61919299953755,9.60307861487781,0.754019262930827,0.159539059462807,0.313693472244741,0.0207519240800428,1.20682614345184,3.64258323013584,0.808573516112736,0.40893808319398,0.724095686071106,0.301706535862961,0.093428124397987,0.396325570138749,0.00459000321765849,0.000145637538974876,1.01027217286996,1.00763943569824,1.00261277702961,0.705144298472808,0.0911626917902043,0.203693009736988,1.17450560646107,1.1540736074423,0.305142864753729,0.71954000048131,-0.0246828652350387,0.00205143106833728,0.925126527152989,0.025099630839705,1.01064864203774,-9.5153625482118e-05,0.67,0.1,1.025,0.7,0.6,0.25,0.4,0.005,0.975,0.8,0.1,1.14667808824936,0.562048889847235,0.458671235299744,0.227636148873268,0.444864225555159,0.78323286434231,-1.18354822059652,4.46050949742327,6.5483912403679
34,0.00260946194079647,0.292393757606988,0.128239579067729,-0.00721606520394458,0.000856464269127111,0.0130753970209387,0.0592919074287462,0.0319062358124564,0.0269180249968706,1.26919097786711,4.31514842860859,0.551746615816601,2.40380621982753,0.305185652368918,4.3949523839718,1.35084145567254,3.1513414397051,-0.107230511405842,2.6845556967135,9.77023440151716,0.770440493203444,0.159172427772611,0.31173140251039,0.0207387364237672,1.20785247781165,3.66545170546031,0.809261160133802,0.411926821860035,0.724711486686987,0.301963119452911,0.0946491645987653,0.397468070999353,0.00478919182449809,0.000189860293217898,1.00967031147042,1.0076225092505,1.0020323109112,0.703911399362699,0.0902693015552484,0.205819299082053,1.17224508006838,1.15248279546422,0.307362022986507,0.717036537458298,-0.0243985604448049,0.00213010949871308,0.926530416981699,0.0249235546085797,1.01005993144651,-0.000100442315062176,0.67,0.1,1.025,0.7,0.6,0.25,0.4,0.005,0.975,0.8,0.1,1.14966338216214,0.564656391925475,0.459865352864855,0.229742958751866,0.442856022494624,0.773360071103705,-1.1878956584173,4.47690070448957,6.56323999594424
35,0.00261156761992224,0.296168729712735,0.127252429905172,-0.00705476661329052,0.00064791581354573,0.0135668577252508,0.0575247398467168,0.0310735301839135,0.0262550005012109,1.32630881799669,4.47164484393374,0.568736184982187,2.43322314705658,0.307174636967243,4.41944820624167,1.36892978332886,3.15716514465855,-0.106646721745732,2.75794552472051,9.96027320335312,0.79000570020871,0.158650098679148,0.309500849617841,0.0207416000050127,1.20876003030233,3.68917015763198,0.809869220302563,0.415226219020174,0.7252560181814,0.302190007575583,0.0959431752841813,0.39860843838898,0.00502203042829162,0.000226099431355931,1.00904251731789,1.00762462545802,1.00140716277079,0.702532762874224,0.0893990011637388,0.208068235962037,1.16975423135438,1.15071839332151,0.30975129007884,0.714379940053818,-0.0241312301326579,0.00222515597321915,0.928065716371874,0.0247432155126363,1.00944877685528,-0.000105823149168899,0.67,0.1,1.025,0.7,0.6,0.25,0.4,0.005,0.975,0.8,0.1,1.15278498470192,0.567387685605125,0.46111399388077,0.23201154078918,0.440550058265754,0.762490718228101,-1.19292967882721,4.49397567131511,6.57923482168909
36,0.00263321654868876,0.300218077681371,0.126308627807401,-0.00696962590278627,0.000450485981034365,0.0141290811084063,0.0556258050503048,0.0301738645696362,0.0255369809957884,1.39145152772359,4.65037660456496,0.588611259630045,2.46557696295986,0.309620297820267,4.44487694038245,1.38824308486125,3.16277164339243,-0.10613778787123,2.84037339193556,10.175104481295,0.81285154392617,0.157998056325304,0.307022223916889,0.0207577743470876,1.20955950856351,3.71386322884956,0.81040487073755,0.418805360236904,0.725735705138105,0.302389877140877,0.0973192769745791,0.399761917198426,0.00527800639478638,0.000252289019770072,1.00838615085529,1.00764638263143,1.0007341545969,0.701003350412124,0.0885427712789463,0.210453878308929,1.16705454258388,1.14879314446165,0.312324301317407,0.711554377273595,-0.0238786785910022,0.00233392757667644,0.929717738883829,0.0245635841493747,1.00881184089456,-0.00011129081756866,0.67,0.1,1.025,0.7,0.6,0.25,0.4,0.005,0.975,0.8,0.1,1.15606419036529,0.570271050720947,0.462425676146117,0.234437820809697,0.437975401595997,0.75074908381292,-1.19871770826838,4.51177821266192,6.59642433779921
37,0.00267612192582066,0.304566516630942,0.125403488549652,-0.00690624207102486,0.000261725561480297,0.0147497839781774,0.0536053674336015,0.029210740771695,0.0247662614196861,1.46578338861912,4.85411263320914,0.611681895473796,2.50093776016754,0.312518339367975,4.47131488620825,1.40888227440243,3.16812976455315,-0.105697152747333,2.933110772275,10.4175565112013,0.839289136108061,0.157230480244164,0.304304541561283,0.0207860540136243,1.21025165418631,3.73961387350748,0.810868608304826,0.422642824831681,0.726150992511784,0.302562913546577,0.0987853709907122,0.400940420015016,0.00555002018898505,0.000271959810555713,1.00769980922064,1.00768950253545,1.00001022803667,0.699315367718994,0.0876965867083446,0.212988045572661,1.1641584281664,1.14671320930343,0.315093503864902,0.708545438007652,-0.0236389418725542,0.00245288017842167,0.931476983775476,0.0243894076021833,1.00814684873185,-0.000116839924332867,0.67,0.1,1.025,0.7,0.6,0.25,0.4,0.005,0.975,0.8,0.1,1.15951778801843,0.573332774485982,0.463807115207373,0.237022383582079,0.435146366872867,0.738212700254697,-1.2052595969197,4.53033053583087,6.61484202371251
38,0.00274036720923202,0.309238444726489,0.124534501173193,-0.00684939260734097,8.06977099303552e-05,0.0154215341259922,0.0514694777766525,0.0281856032512078,0.0239434629160857,1.55084423758583,5.08674990959075,0.63841358717836,2.53945816785007,0.315880643089704,4.49881544736452,1.43094157622043,3.17319291014537,-0.105319039001283,3.03779048875947,10.691646492097,0.869801244886476,0.156353489299964,0.301350504142654,0.0208260536196947,1.21083222611397,3.76648250773051,0.811257591496362,0.426726718557389,0.726499335668383,0.302708056528493,0.100348814346757,0.402152591864558,0.00583360396563261,0.000287832831246134,1.0069825399489,1.00775406904528,0.999234407361795,0.6974605029756,0.0868578958260708,0.215681601198329,1.16107217419226,1.14448044146935,0.318070743937569,0.705339649339596,-0.0234103932771641,0.00257957113453161,0.933337658733039,0.0242217599825236,1.00745226375782,-0.000122464993163097,0.67,0.1,1.025,0.7,0.6,0.25,0.4,0.005,0.975,0.8,0.1,1.16315918684322,0.576595506338841,0.465263674737288,0.239771565056077,0.432068200072968,0.724927339333827,-1.21254421373711,4.54963814668712,6.63450924079805
39,0.00282214620804996,0.314257198587995,0.123695937293714,-0.00682605972007,-9.30997653614263e-05,0.0161347874921154,0.0492271877019691,0.0271012197721305,0.0230702117532894,1.6484644655854,5.35293427092855,0.669347575362374,2.58124403489258,0.319704143341165,4.52741766404514,1.45450909407948,3.17790676102334,-0.104998191057688,3.15633433039901,11.0020914223206,0.904930464700094,0.155377461209158,0.298170094198216,0.0208769370542429,1.21129856222108,3.79451520390786,0.81157003668812,0.431038018384933,0.726779137332645,0.302824640555269,0.102016690475026,0.403406297966079,0.00612332280463144,0.000298995051852893,1.00623366209438,1.00783625693909,0.998409865855017,0.695432956086451,0.0860222313280519,0.218544812585496,1.15780748147964,1.14210087522408,0.321266824036443,0.701924804986459,-0.0231916290229012,0.00271241576740342,0.935291022991515,0.0240568202924213,1.00672704166988,-0.000128160472795536,0.67,0.1,1.025,0.7,0.6,0.25,0.4,0.005,0.975,0.8,0.1,1.16699967924332,0.580079351194755,0.466799871697327,0.2426923451291,0.42875462197847,0.710963849340387,-1.22059367022543,4.56968099255321,6.65542721820711
40,0.00291379585902947,0.31964268409411,0.122876580795698,-0.00688304135077022,-0.000260812541257205,0.0168719084533495,0.0468975571088021,0.02596517848461,0.0221519963083151,1.76055640836208,5.65725527115857,0.704973898668748,2.62619778132104,0.323943140063403,4.557135142802,1.47965717705286,3.18220664093366,-0.104728675184529,3.2907461989156,11.353355119085,0.94512476317001,0.15432795548901,0.294791886352487,0.0209363996223884,1.21165310976208,3.82373354236284,0.811807583540597,0.435532750866244,0.726991865857251,0.302913277440521,0.103795341988348,0.404711122859822,0.00640973458191158,0.000301448960251042,1.00545317224646,1.00792836483832,0.997544277273847,0.693231642959297,0.0851819339862223,0.22158642305448,1.15439198443989,1.13959253368399,0.324690212289021,0.698291040545889,-0.0229812528349098,0.00284939103118358,0.937319235953471,0.0238877832074279,1.00597073753109,-0.000133920742479411,0.67,0.1,1.025,0.7,0.6,0.25,0.4,0.005,0.975,0.8,0.1,1.17104807864095,0.58380359144048,0.468419231456382,0.245784506674558,0.42524297519667,0.696468463011681,-1.22947050253013,4.5903943844071,6.67756244564257
41,0.00300290147465121,0.325404719747908,0.122061003672587,-0.0070592333653241,-0.000424683840860474,0.0175941506170216,0.0445250870556606,0.0247977467313598,0.0212046404904597,1.88831919673672,6.00148268616228,0.745365390232838,2.67362368763629,0.328458979576514,4.58790611494092,1.50641033251124,3.18599758165567,-0.104501799225987,3.44231025068802,11.7464924952091,0.990321991367337,0.153269159747122,0.291286536696107,0.0209994207839724,1.21190572999327,3.85409084164273,0.811976839095488,0.440103715457643,0.72714343799596,0.302976432498317,0.105688438307064,0.406078842154215,0.00667183530222997,0.000283564812048836,1.00464239571077,1.00801791598202,0.996651329090752,0.690862646223433,0.0843273879979314,0.224809965778634,1.15089298824891,1.13700344996908,0.328343757392611,0.694433909846523,-0.0227776672391346,0.00298689999805638,0.939381817771514,0.0237079017001696,1.0051839056404,-0.000139740117523989,0.67,0.1,1.025,0.7,0.6,0.25,0.4,0.005,0.975,0.8,0.1,1.17530864280204,0.587785205024508,0.470123457120815,0.249022545136671,0.421627277561481,0.681772087888859,-1.23923913341832,4.61162229434718,6.70081651982709
42,0.00307134521224539,0.331531400221653,0.121233924509153,-0.00735976559410279,-0.000587799265482691,0.0182290120586024,0.0421959482127659,0.0236406229202681,0.0202616839995217,2.03070379791025,6.3795489623597,0.789548500011653,2.72169350042347,0.332961897514835,4.61950546315399,1.53468950868432,3.18911960533371,-0.104303650864042,3.61002864328129,12.1735869619897,1.03926398366765,0.15232857597775,0.287791165810976,0.021057237005208,1.21207356180176,3.88539157395513,0.812089286407179,0.444534998018736,0.727244137081056,0.30301839045044,0.10769323929103,0.407523014469009,0.00686975211779789,0.000226249696197319,1.00380572093439,1.00808670193831,0.995753360305532,0.688342420469938,0.0834504530397004,0.228207126490361,1.14744321742419,1.13443207064588,0.332219437922902,0.690359526668252,-0.0225789645911539,0.00311694484245204,0.941401607651661,0.0235138603593062,1.00436921289521,-0.000145612854908684,0.67,0.1,1.025,0.7,0.6,0.25,0.4,0.005,0.975,0.8,0.1,1.17977515587774,0.592035304450348,0.471910062351094,0.252332207174361,0.41809302645404,0.667501398052022,-1.2498871733437,4.63304237904802,6.7249850269209
43,0.00310272739340249,0.337985833846374,0.120385492955745,-0.00774624535257118,-0.00075321509816928,0.0187006648165298,0.0400069913586735,0.0225425540085693,0.019363039542953,2.18437245553586,6.77807629995439,0.835628847606002,2.767948012528,0.337096335675426,4.65152502783457,1.56429703081335,3.19134347609347,-0.104115479072249,3.79051822369752,12.618730607379,1.08970979641859,0.151647222772701,0.284458400592587,0.0211000922094151,1.21216867722921,3.91726026722092,0.812153013743574,0.448567534327223,0.727301206337529,0.303042169307304,0.109798485424387,0.409057431954076,0.00696355427612016,0.000129000449704645,1.00295298339265,1.00811824103037,0.994876337489503,0.685696421495597,0.082547901719738,0.231755676784664,1.14419307334749,1.13199275980659,0.336297670372585,0.686085414263676,-0.0223830846362602,0.00322425757028002,0.943293026254132,0.0233076771775277,1.00353322360531,-0.000151533158950721,0.67,0.1,1.025,0.7,0.6,0.25,0.4,0.005,0.975,0.8,0.1,1.18442066821956,0.596557629777134,0.473768267287823,0.2556102792419,0.41484597509222,0.654340920044016,-1.26127347761953,4.65416381951173,6.74976791298543
44,0.00309174366264988,0.344717243661867,0.119514334834361,-0.00815262740787071,-0.000922901408850985,0.018974966236537,0.038014903713535,0.0215338855659028,0.0185342014906734,2.3456981408688,7.18370027349331,0.881792338437843,2.81053942166027,0.340616085132102,4.68346497595457,1.59496841551229,3.19241424446764,-0.103917684025367,3.97997839800913,13.0665526142645,1.13961254653847,0.151298488647858,0.281373633913541,0.0211218069938894,1.21218369806355,3.94921493198081,0.812163077702578,0.452033052740023,0.72731021883813,0.303045924515887,0.111986647019829,0.410688118432332,0.00693982513562735,1.77805884685932e-05,1.00209787796478,1.00810720238096,0.994039002596167,0.682952078541431,0.0816225633906232,0.235425358067945,1.14123085917267,1.12975525726962,0.340553078424401,0.681635127080741,-0.0221882055051427,0.0032930106638824,0.945007369087589,0.023095640521768,1.00268635983778,-0.000157495187024777,0.67,0.1,1.025,0.7,0.6,0.25,0.4,0.005,0.975,0.8,0.1,1.1891948252608,0.60134251192182,0.475677930104321,0.258774119759094,0.411996160132444,0.642660119069213,-1.27314898857128,4.6744337483907,6.77483695300137
45,0.00304471383687979,0.351675279969405,0.118627582513399,-0.00850862418961429,-0.00109713303312786,0.0190654858780308,0.036224760348983,0.0206196454646313,0.0177801688858607,2.5124266388282,7.58857549262704,0.927031820322316,2.84878312743385,0.343455657773035,4.71484658958365,1.62643769088366,3.19210302008882,-0.103694121388829,4.17589677862414,13.5083020305861,1.1879146792388,0.151270855024595,0.278536388355351,0.021121322532274,1.21209176093179,3.98077806078567,0.812101479824299,0.454902954659915,0.727255056559074,0.303022940232948,0.114238406112312,0.412405481905317,0.00681347223890449,-7.94930207256758e-05,1.00125320052993,1.00805993740606,0.99324768634924,0.680131981999521,0.0806824128146498,0.239185605185828,1.13856401548867,1.12772861858576,0.344960893166871,0.677032212842587,-0.0219931060094576,0.00331679314743334,0.946542278931869,0.0228859644064948,1.00184032554084,-0.000163493055328948,0.67,0.1,1.025,0.7,0.6,0.25,0.4,0.005,0.975,0.8,0.1,1.19403513041219,0.606360960548988,0.477614052164876,0.261783476664185,0.409532849104495,0.632441299747407,-1.28521344084049,4.6933582077766,6.79989788524291
46,0.00297474303762212,0.358820010384301,0.117738474723968,-0.00875988122196314,-0.00127448349732018,0.0190158950999759,0.0346051693863714,0.0197860958756342,0.0170904255875483,2.68434059913568,7.99204835922709,0.971340826603125,2.88302125268579,0.345703023398349,4.74528900608314,1.65848331402229,3.19024041585922,-0.103434723798378,4.37778114377403,13.9434392298853,1.23471085998098,0.151493856507756,0.275886222537736,0.0211017337778863,1.21185592700529,4.01155998602918,0.811943471093541,0.457257248022218,0.727113556203171,0.302963981751321,0.1165366258917,0.414186450668987,0.00661546385078207,-0.000146895687801887,1.00042796985666,1.00798961675281,0.992498288900527,0.677250518747094,0.0797384430832992,0.243011038169606,1.13614230663728,1.12587729335841,0.349501012852663,0.672296336754702,-0.0217973496073659,0.0032997800961686,0.947927588858562,0.0226863529702138,1.00100537363858,-0.000169520844691349,0.67,0.1,1.025,0.7,0.6,0.25,0.4,0.005,0.975,0.8,0.1,1.19888202167143,0.611570518152172,0.479552808668572,0.264636892343663,0.407362142812563,0.623403190442829,-1.29717511151207,4.71057655557227,6.82472420394657
47,0.00289566448311905,0.366126071430103,0.116861782397666,-0.00888758994111727,-0.00145230505520633,0.0188794774688466,0.0331088079588672,0.0190106230373512,0.0164468760624161,2.86314465245422,8.39963202396952,1.01553102209805,2.91419529811666,0.347528417712078,4.77454132517266,1.69094936114705,3.18672801309364,-0.103136049068035,4.58709870129196,14.3782320721994,1.28099170251027,0.151873369989445,0.273339149868137,0.0210683117681698,1.2114402495054,4.04129734820989,0.811664967168619,0.459228040546569,0.726864149703241,0.30286006237635,0.118868682298756,0.416002554320087,0.00637982725952076,-0.000181269093030096,0.999626890997013,1.00791014280553,0.991781755677679,0.674314356263188,0.0788015775692507,0.24688406616756,1.1338902775799,1.1241453263034,0.35415954035876,0.667441707183967,-0.021601247542727,0.00325258404976094,0.949206663031255,0.0225012836611544,1.00018875908369,-0.000175572606411623,0.67,0.1,1.025,0.7,0.6,0.25,0.4,0.005,0.975,0.8,0.1,1.20368928768858,0.616926735218017,0.481475715075431,0.267359010035745,0.405358639230055,0.615160679856789,-1.30880690779824,4.72587893687057,6.84916360701627
48,0.00281831594822171,0.373582308648057,0.116009598114356,-0.00890801537195618,-0.00162764352046685,0.018704427049328,0.0316886498603367,0.0182699591793428,0.0158305972086472,3.0519141576568,8.8206785999472,1.06088083556634,2.94341455055566,0.349114598869225,4.80247800926091,1.72374633082214,3.18153178726805,-0.102800108829279,4.80675289617389,14.8230210710943,1.3282218710506,0.152319509492018,0.270815989883439,0.0210265454443188,1.21081732621535,4.06985241938053,0.811247608564283,0.460951191139375,0.726490395729209,0.302704331553837,0.121227101797064,0.417827752004215,0.00613519415117015,-0.000187779405429965,0.998851129201675,1.00783240752796,0.991088520016619,0.671324807459159,0.0778801211175344,0.250795071423305,1.1317330331058,1.12247614192051,0.358928521379615,0.662477117257572,-0.0214056386371875,0.00318753810778975,0.950421936533564,0.0223313499255405,0.999394443724679,-0.000181642368131589,0.67,0.1,1.025,0.7,0.6,0.25,0.4,0.005,0.975,0.8,0.1,1.20842787209772,0.622392837806212,0.483371148839088,0.269986039346114,0.403405306752223,0.607346502575103,-1.31997880016308,4.73918400142185,6.87312681640664
49,0.00275006985560953,0.381189376798175,0.115189621477733,-0.00885355049362868,-0.00179808037712881,0.0185278019100412,0.0303057973040923,0.0175443663616749,0.0152253525455325,3.25460796645923,9.26647048708107,1.10886078738925,2.97170340102351,0.350618710287585,4.82907445535983,1.75684106724482,3.1746657685038,-0.102432380388792,5.04059936462953,15.2900568771151,1.37802808063333,0.152759382635613,0.268254359542984,0.0209809633452896,1.20997024828627,4.09719019548538,0.810680066351801,0.462541774888392,0.725982148971762,0.302492562071568,0.123609051710138,0.419642927315581,0.00590211090269233,-0.000174247662741071,0.998099517301817,1.00776382020489,0.990410150960662,0.668279895101559,0.0769789081579276,0.254741196740513,1.12960852263751,1.12082221241003,0.363804924418776,0.65740667240701,-0.0212115968257854,0.00311545346516485,0.951608144792252,0.0221748227882202,0.99862361010813,-0.000187724139729243,0.67,0.1,1.025,0.7,0.6,0.25,0.4,0.005,0.975,0.8,0.1,1.21308462560976,0.627944863210059,0.485233850243902,0.272554701636527,0.401410189816076,0.599665011353535,-1.33065514749371,4.75050318253454,6.8965722455736
50,0.0026959598259745,0.388956480393278,0.114406407343419,-0.00874808123917004,-0.0019620757044535,0.0183739158568998,0.0289327097288969,0.0168195259770218,0.0146192365036914,3.47565224356139,9.74872379448738,1.16094545823852,2.99986690071825,0.352159062122379,4.85437213983691,1.7902405496988,3.16617140327933,-0.102039813141213,5.29301901272362,15.7918533355893,1.43199944579087,0.153141382684704,0.265611487403345,0.0209347385711816,1.20889059989382,4.12334490077025,0.809956701928858,0.464084571415111,0.725334359936291,0.302222649973455,0.126015163221278,0.421436451629882,0.00569287913037256,-0.000148671449953403,0.997369544370427,1.0077094396251,0.989739209688733,0.665175393218262,0.0761003269913472,0.25872427979039,1.12747238791142,1.11914903007257,0.368789309539615,0.652230878077201,-0.0210201876168151,0.00304444129597591,0.952789716711611,0.0220302361289501,0.997875431376435,-0.000193811919230277,0.67,0.1,1.025,0.7,0.6,0.25,0.4,0.005,0.975,0.8,0.1,1.21765884635346,0.633571920919806,0.487063538541384,0.275093937159586,0.399310452718733,0.591909591201779,-1.34085906296848,4.75990458390337,6.91949186658938
51,0.00265980553278683,0.396897524173937,0.113664472183733,-0.00859006244557192,-0.00211871853131629,0.0182543034994023,0.0275545689575646,0.0160874734175338,0.0140055303064348,3.71948723677921,10.278152303068,1.21846462899593,3.02840547027656,0.35381484920809,4.87843972396311,1.82397213472221,3.15609692369095,-0.101629334450054,5.56844757229187,16.3396455874725,1.4915399517515,0.153436172617402,0.262863614040595,0.0208898079975382,1.20757487203726,4.14838272603416,0.809075164264967,0.465630458559507,0.724544923222359,0.301893718009316,0.128447971826955,0.423202440661329,0.00551207470658983,-0.000118575122482268,0.996658152055749,1.00767310456045,0.98906892279366,0.662005268510157,0.0752464794280576,0.262748252061784,1.12530010125617,1.117437047595,0.373884323252531,0.646948020734594,-0.0208323439871247,0.00297967593538874,0.953979760561534,0.0218985232854302,0.997147856687413,-0.000199899698731311,0.67,0.1,1.025,0.7,0.6,0.25,0.4,0.005,0.975,0.8,0.1,1.2221581953355,0.639273523628816,0.4888632781342,0.277618410274075,0.397071785594954,0.583966482796324,-1.35061912826395,4.76748006974891,6.94190016645026
52,0.00264160726574256,0.40502310149897,0.112970658501914,-0.00835731756759728,-0.00226710556325338,0.0181592143044476,0.0261798450328668,0.0153524576603494,0.0133876977474721,3.98846824387545,10.8584023179404,1.28190003734156,3.0571003872403,0.35558404244778,4.9013142990742,1.85804741955466,3.14447324198029,-0.101206362460738,5.86926265421993,16.9369007347176,1.55712402310532,0.153656386744924,0.260023051427788,0.0208463057767185,1.20602477623393,4.17234784641323,0.808036600076732,0.467165876621801,0.723614865740357,0.301506194058482,0.130909395955105,0.424938336205573,0.00535158692061915,-9.65280142204016e-05,0.995962417172428,1.00765481530207,0.988396425093113,0.65876423629002,0.0744210295711944,0.266814734138785,1.12310528374174,1.11569668933543,0.379091669331554,0.641557151838688,-0.0206488211702424,0.00292348961843568,0.955170663161347,0.0217829643465538,0.996438337428013,-0.000205981470328965,0.67,0.1,1.025,0.7,0.6,0.25,0.4,0.005,0.975,0.8,0.1,1.22659451676881,0.645053742745219,0.490637806707524,0.280113106427479,0.394713369523771,0.575891684696089,-1.35991618288376,4.77329075981583,6.96381114615727
53,0.00263519453121538,0.41332973288953,0.112334783862834,-0.00802099719110083,-0.00240586829961709,0.0180538207866392,0.0248460363088419,0.014634473956344,0.0127825145916844,4.28001439635417,11.4785415370526,1.35001988957778,3.08468730776632,0.357348861422956,4.92293775040939,1.89241826223818,3.13129309595811,-0.100773607786895,6.19290435078847,17.5714690223435,1.62739737389221,0.153869126357457,0.257149205783288,0.0208022306783689,1.20424828024171,4.19520001022517,0.806846347761943,0.46858944676624,0.722548968145024,0.301062070060427,0.133397434161335,0.426644223545113,0.00518877203919417,-9.7132983871105e-05,0.995281149710583,1.00764837050387,0.987726650332294,0.655452092527307,0.0736300691464971,0.270917838326195,1.12095086506691,1.11397812538958,0.384408326528363,0.636061891235108,-0.0204702177634704,0.002873333579796,0.956328946557302,0.0216879943658622,0.995745013373997,-0.000212051232048931,0.67,0.1,1.025,0.7,0.6,0.25,0.4,0.005,0.975,0.8,0.1,1.23097684325164,0.650915953140143,0.492390737300654,0.282523579286337,0.392323418774615,0.567954946444661,-1.36864746909843,4.77730276805494,6.9852109921224
54,0.00263278507073539,0.421796303147697,0.111769548962835,-0.00755199743000945,-0.00253304322743331,0.0178988865315908,0.0235981752503579,0.0139581993539044,0.0122109205681547,4.58731733068714,12.1165469773219,1.42035678883835,3.10947596757732,0.35895439141197,4.94314881675395,1.92696665288816,3.11651392010335,-0.100331756237557,6.53253544626464,18.2196621387927,1.69973475003258,0.154155916291306,0.254313676296175,0.0207553260198126,1.20225370960402,4.21679716947696,0.805509985434691,0.469766763644103,0.72135222576241,0.300563427401004,0.135904453601963,0.428321582928605,0.00499942151457557,-0.00012225623866497,0.994616414275491,1.00764594899609,0.987069332503564,0.652075030637761,0.0728821320643091,0.275042837297929,1.1189141266513,1.11234409330878,0.38982574151056,0.630471392959171,-0.0202971344697308,0.00282085619027949,0.957414488699312,0.021618604773534,0.995068073793031,-0.000218102993769205,0.67,0.1,1.025,0.7,0.6,0.25,0.4,0.005,0.975,0.8,0.1,1.23530260719669,0.656859353301239,0.494121042878678,0.284779347584107,0.390006769692506,0.560479661298445,-1.37663036735845,4.77937932549763,7.00606011710405
55,0.00262961786607921,0.430389171708815,0.111288791526769,-0.00693603601979187,-0.00264609020743312,0.017672084683644,0.0224649258637926,0.0133400637261778,0.0116871029172311,4.90269000516584,12.7498455229464,1.49048770153089,3.13020818220188,0.360306358002589,4.96173303465426,1.96153167918152,3.10008292042687,-0.0998815649541326,6.88037040054742,18.8576376135866,1.77161757146742,0.15456701096572,0.251562087493804,0.0207050768880753,1.20004453747775,4.2369358980593,0.804029840110095,0.470603641477398,0.720026722486652,0.300011134369438,0.138418294765662,0.429968740627732,0.00477041410830983,-0.000161182984299602,0.993972626730294,1.00764276595541,0.986433546007593,0.648643895707802,0.0721867952845366,0.27916930900766,1.11704642031926,1.11083752921728,0.3953319667708,0.624798411920781,-0.0201303786915805,0.00275676926761738,0.958401769099,0.0215786721750448,0.994409918370965,-0.000224130783131606,0.67,0.1,1.025,0.7,0.6,0.25,0.4,0.005,0.975,0.8,0.1,1.23955508628156,0.662873332305931,0.495822034512626,0.286826376021581,0.38782772667474,0.553667634580413,-1.38365423427418,4.77932952262512,7.026315629587
56,0.00262107584333972,0.439067478419144,0.11090172987248,-0.0062106973440067,-0.00274224169464632,0.0173663234476125,0.021458852144024,0.0127880101423711,0.0112181601072478,5.21880367142775,13.3589138496874,1.55837761615266,3.14613194554147,0.361357330989813,4.97847522128483,1.99593739997956,3.08196290354544,-0.0994250822401673,7.22894126388348,19.4650989299243,1.84096207217982,0.155124781742205,0.248919882542385,0.0206522072775164,1.19762461465523,4.25540246694432,0.802408491819007,0.471050586754247,0.718574768793141,0.299406153663809,0.140924589266032,0.431578840426697,0.00449798554736886,-0.000204824653975435,0.993354496923451,1.00763418122256,0.985828503473572,0.645174107105133,0.0715509245468921,0.283274968347974,1.11537347780026,1.10948133080573,0.400913394415659,0.619057596263388,-0.0199709906790471,0.00267582732904838,0.959279360198188,0.0215665773034007,0.993774146543625,-0.000230128651435777,0.67,0.1,1.025,0.7,0.6,0.25,0.4,0.005,0.975,0.8,0.1,1.24370845479118,0.668933913611586,0.497483381916474,0.288636483851185,0.385818153272265,0.547612034507934,-1.389570894713,4.77694760159249,7.04593636218417
57,0.00259870622217181,0.447786272563255,0.110604974507244,-0.00548794980516276,-0.00281965402550399,0.0169818812474063,0.0205839763687712,0.0123053243043192,0.0108072451905994,5.52859403254326,13.9268361769408,1.62217077028852,3.15677863713982,0.362049968180475,4.99319627308973,2.03001146002809,3.06215001265209,-0.0989651995904375,7.57103871928455,20.0246645134595,1.90585255473507,0.155842082087634,0.246409990927223,0.0205970158565138,1.19500686397657,4.27200922501209,0.800654598864304,0.47107854785972,0.717004118385944,0.298751715994143,0.14340885537443,0.433144294663843,0.00418292969170309,-0.000248786001492526,0.992766325151097,1.00761169975328,0.985266770318546,0.641687382343697,0.0709738165657451,0.287338801090556,1.11390803813786,1.10828817002901,0.40655551053913,0.613264499365904,-0.0198200099050341,0.00257629725283096,0.960043025083401,0.0215717228476501,0.993164714112461,-0.000236090679509833,0.67,0.1,1.025,0.7,0.6,0.25,0.4,0.005,0.975,0.8,0.1,1.24773311879687,0.675008277522659,0.49909324751875,0.290205837210885,0.384003173051706,0.5423635147643,-1.39439027488064,4.77202777693383,7.06487064163784
58,0.00255154039138336,0.456500142867861,0.110378453883976,-0.00492112364019481,-0.0028790050985511,0.0165248568774632,0.0198371595708523,0.0118912511512093,0.0104540421991669,5.82608095335663,14.4411973780885,1.68029234322273,3.16196714472783,0.362302171607753,5.0057797898646,2.06360109925998,3.04068281297409,-0.0985041223694748,7.90054836356043,20.5237777085706,1.96462870383674,0.156724438587311,0.244053395306282,0.02053831137573,1.19221593561683,4.28661972533442,0.798784676863276,0.470676355976667,0.715329561370098,0.298053983904207,0.145858127643497,0.434661654337114,0.00383050316007952,-0.0002886911007966,0.992212009301054,1.00756429809334,0.984762968654866,0.638211538579322,0.070444802879299,0.291343658541378,1.11265113352929,1.10726116448526,0.412243683479292,0.607434393964087,-0.0196780774433797,0.0024581415674282,0.960694650522782,0.0215766941466781,0.992585544959686,-0.00024201098355187,0.67,0.1,1.025,0.7,0.6,0.25,0.4,0.005,0.975,0.8,0.1,1.2515986135904,0.68106204300957,0.50063944543616,0.291551832587573,0.382402041570029,0.537936673727369,-1.39831638876544,4.76438081916027,7.08304793586884
59,0.00246973316729391,0.465166606727986,0.11018858778852,-0.00463941630814801,-0.00292430922320486,0.0160047548196676,0.0192106816790747,0.0115423494882663,0.0101558970459375,6.10659817394219,14.8940813978639,1.73143505974089,3.16176944818539,0.362013785959121,5.01617858975015,2.0965804850326,3.01763961561245,-0.0980415108948988,8.21268816813811,20.9546676702834,2.01588040869251,0.157771338128382,0.241866097660199,0.0204730738874028,1.18928524042552,4.29915782093126,0.796821111085096,0.469851253233938,0.713571144255309,0.297321310106379,0.148261828965071,0.436132222046588,0.00344962456357846,-0.000320853969863128,0.991694668723364,1.00748208183313,0.984329832366804,0.634777479695244,0.069945234047575,0.29527728625718,1.11159512327452,1.10639600416659,0.417963684410413,0.601581375467484,-0.0195450598778968,0.00232302137907878,0.961240259363121,0.0215635991777777,0.992040151657824,-0.000247883720936565,0.67,0.1,1.025,0.7,0.6,0.25,0.4,0.005,0.975,0.8,0.1,1.25527627644832,0.687063161497119,0.502110510579328,0.292701485185931,0.381025013326431,0.534315863330464,-1.40168965376845,4.75385424363386,7.10037846665431
60,0.00234739689915241,0.473749053108445,0.109995624357872,-0.00470830553168522,-0.00296228244229602,0.0154333259837351,0.0186934346167321,0.0112531262490411,0.00990834927447138,6.36708490534751,15.2822135366572,1.77466389890645,3.1564994614087,0.361091606034621,5.02440892968469,2.12885270815134,2.99312967347778,-0.0975734519444266,8.50430012235528,21.3144693302041,2.05857917446591,0.158974578297605,0.239854414300745,0.0203971214692612,1.18625109654216,4.3096063583018,0.794788234683251,0.468630574500507,0.711750657925299,0.296562774135541,0.150612069441169,0.437560479042873,0.00305191345759715,-0.000342431484967557,0.99121638265971,1.00735913388365,0.983975177589641,0.631414908114991,0.0694528770469765,0.299132214838032,1.11072495786566,1.10568181890479,0.423702118586302,0.595717768072993,-0.0194198866592944,0.00217406532347365,0.96168914134449,0.0215189160202908,0.991531314652288,-0.000253703095981143,0.67,0.1,1.025,0.7,0.6,0.25,0.4,0.005,0.975,0.8,0.1,1.25874163639245,0.692984079753762,0.503496654556979,0.293682887398099,0.379868152015605,0.531452549781987,-1.40488711329309,4.74035318933694,7.11676176136369
61,0.0021838363800293,0.482219747594127,0.109760904258598,-0.00512837551702583,-0.00300087512842573,0.0148255984737209,0.0182696219046653,0.0110152966293,0.00970449351536213,6.60706621896343,15.6088858651098,1.80976983582806,3.14676470836777,0.359481886407636,5.03054528848382,2.16035316599893,2.9672848828628,-0.0970927603779052,8.77482832465511,21.6071886104157,2.09246527757445,0.16031279576794,0.238009591863834,0.0203063157166583,1.18314685212801,4.31800578771595,0.792708390925764,0.467066631159622,0.709888111276804,0.295786713032002,0.152903856075187,0.438951953137221,0.00265138949106325,-0.000350779377013925,0.990778009026286,1.00719475556193,0.983700524208465,0.62814833762974,0.0689461295467754,0.302905532823484,1.11001578681284,1.10509920131486,0.42944711599049,0.589853527341391,-0.0193006433318818,0.00201558396496403,0.962055044451574,0.0214350260046375,0.991060828488457,-0.000259463365665018,0.67,0.1,1.025,0.7,0.6,0.25,0.4,0.005,0.975,0.8,0.1,1.26197642091512,0.698803016487421,0.50479056836605,0.294524375046779,0.378906665202588,0.529250140377467,-1.40824091237833,4.72386012205266,7.13210203148669
62,0.00198270599892802,0.49056118720578,0.109452446425642,-0.00584952446716092,-0.00304781914828045,0.0141974646746466,0.0179212795344778,0.010819191879366,0.00953618283580694,6.82824200171261,15.882260998916,1.83718290821193,3.13334337095979,0.35717573291312,5.03470880189568,2.19104842461277,2.94025040385123,-0.0965900265683144,9.02591126654251,21.8418776876602,2.11796592485543,0.161755878858652,0.236311465702678,0.0201973102986992,1.17999976268091,4.32444696216707,0.790599840996211,0.465227804471203,0.707999857608547,0.294999940670228,0.155135038641521,0.440311289226747,0.00226198212007251,-0.00034566396397487,0.990378957837002,1.00699261952892,0.983501704610614,0.624994674408105,0.0684071961169645,0.30659812947493,1.10943756720979,1.10462404142171,0.435188709183695,0.583996119645322,-0.0191848288290171,0.00185302664342604,0.962353880655682,0.0213101317567212,0.990629256350167,-0.000265158845297457,0.67,0.1,1.025,0.7,0.6,0.25,0.4,0.005,0.975,0.8,0.1,1.26497052434077,0.704504065804625,0.505988209736309,0.295251251990584,0.378101566907709,0.527582732274558,-1.41198634136622,4.70444073245226,7.14632026087403
63,0.0017484006421575,0.498762871612209,0.109047731180583,-0.00679564831931345,-0.00310951071487164,0.0135574849507629,0.017637439196592,0.0106589310228261,0.00939847079804346,7.03105238368777,16.106516131027,1.85699475116606,3.11677776363959,0.354170577835515,5.03703619968858,2.22091973895156,2.91217105722527,-0.0960545964882517,9.2579533715346,22.0233746890637,2.13517814192818,0.163286589672811,0.234745631695147,0.020067409414863,1.17683223870409,4.32904508526463,0.788477599931742,0.463165121678096,0.706099343222455,0.294208059676023,0.157305340777543,0.44164170540842,0.00189177120149992,-0.000332599996817383,0.990017371016531,1.00675714264537,0.983372582205028,0.621963804855487,0.0678237417959338,0.310212453348578,1.10897165879035,1.10424130855442,0.440917962648129,0.578151703060089,-0.0190696657082176,0.00169202656396935,0.962595442595967,0.0211466889515312,0.990235903715351,-0.000270783914127687,0.67,0.1,1.025,0.7,0.6,0.25,0.4,0.005,0.975,0.8,0.1,1.26772264523487,0.710076216591148,0.507089058093947,0.295875881859207,0.377426515598749,0.526370195361983,-1.41623853159353,4.68221950295309,7.15935068040601
64,0.00148350919701626,0.506816506797522,0.108532995711842,-0.00789567067644736,-0.00319045376388338,0.0129052520144421,0.017416435717086,0.0105337796784779,0.00929079716286866,7.21308358093801,16.2784278140009,1.86857686833911,3.09724796480382,0.350452946715102,5.03765133637253,2.24994548601084,2.88318142788825,-0.0954755775265564,9.46852199137692,22.1487591187308,2.14346877110439,0.164907904596452,0.233310148703923,0.0199145335767369,1.173663461185,4.33191139988021,0.786354518993951,0.46089729213653,0.704198076711,0.29341586529625,0.159414980168384,0.442946282327866,0.00154185978131933,-0.000318334994953316,0.98969112269427,1.006490926743,0.983308539001842,0.619061075294572,0.067188553030314,0.313750371675113,1.10861550089461,1.10394908148175,0.446625884917029,0.572326513959251,-0.0189523988762798,0.00153605187006186,0.962781232319092,0.020948541262701,0.989879329801011,-0.000276333020891894,0.67,0.1,1.025,0.7,0.6,0.25,0.4,0.005,0.975,0.8,0.1,1.27023738105287,0.715513056796691,0.508094952421148,0.29639771476775,0.376877432639269,0.525602260536008,-1.42100958006165,4.65734568518352,7.17113249618918
65,0.00118895922793625,0.514713699204969,0.107900306359276,-0.0091036675767413,-0.00329340085763163,0.0122372373154149,0.0172599456269493,0.0104448343682227,0.00921415549967052,7.37090958511896,16.3924822004299,1.87116746705335,3.07479952583272,0.346015462225135,5.036659208846,2.27809701152373,2.85340507994187,-0.0948428826196014,9.65417318428513,22.2126817035387,2.14207748166693,0.166630504232318,0.232007781264365,0.0197374350080508,1.1705095505309,4.33314312864877,0.784241398855706,0.458426367214148,0.702305730318542,0.292627387632726,0.16146391658988,0.444228514925575,0.00121034987868707,-0.000305771731025447,0.989398553653283,1.00619490402408,0.983307060785521,0.616289515911248,0.0664978275728334,0.317212656515918,1.10837248039851,1.10375030992542,0.452303186906642,0.566527327266925,-0.0188305141735669,0.00138584691032139,0.962909720029188,0.0207185508282999,0.989557978047827,-0.000281800689291655,0.67,0.1,1.025,0.7,0.6,0.25,0.4,0.005,0.975,0.8,0.1,1.27252107752656,0.720811409989243,0.509008431010626,0.296813230273318,0.376459075279445,0.525295888450644,-1.42625535421774,4.62997504626184,7.18160818847848
66,0.000865595218979606,0.522446188346644,0.10714544769021,-0.0103919031650594,-0.00341993872814483,0.0115515775040773,0.0171679230090451,0.0103921759914112,0.00916865177139564,7.5021569852442,16.4459356013853,1.86444557903692,3.04955541129699,0.340874483826667,5.0341535132168,2.30534341842674,2.82295803585559,-0.0941479410655216,9.81250897816973,22.2126313237368,2.13070784000949,0.168460398661865,0.230837573946837,0.0195357182114264,1.16738312937112,4.3328277876658,0.782146696678652,0.455757079162697,0.700429877622673,0.291845782342781,0.163451824163072,0.44549139793072,0.000895847928325964,-0.000294369149457206,0.989138415012601,1.00586992319507,0.983366131348945,0.613650670441576,0.0657498758098602,0.320599453748564,1.10824294475467,1.10364540309774,0.457940627431052,0.560761214063917,-0.0187018414949688,0.00124094619497371,0.962980886577033,0.0204587717366893,0.989270449596389,-0.000287181523398378,0.67,0.1,1.025,0.7,0.6,0.25,0.4,0.005,0.975,0.8,0.1,1.27457971506139,0.725969055994267,0.509831886024554,0.297121750737919,0.376170979786805,0.525454415758246,-1.43191055353146,4.60026880411329,7.19072784270789
67,0.000517275528444848,0.530008831838328,0.106268752818926,-0.0117239798758058,-0.00357091046195801,0.0108528486485586,0.0171333427031877,0.0103719080145064,0.00915096217891005,7.60791701256196,16.444126151374,1.84915442862748,3.02193997908183,0.335098032552097,5.03023259998512,2.3316638447408,2.7919530744306,-0.0933843191862806,9.94458623553465,22.1544646178514,2.11017830384246,0.170384004014539,0.22978406912644,0.0193101618491596,1.16429083345978,4.3310573597432,0.780074858418053,0.452919138279172,0.698574500075869,0.291072708364945,0.165378625782641,0.446736202256606,0.000600740166054537,-0.000280309111841642,0.98890952384976,1.00551986190609,0.983480845395893,0.611143249395222,0.0649454309069362,0.323911319697842,1.10821449813914,1.10362415272518,0.463530025380475,0.555034587155843,-0.0185646125363181,0.00110106093736803,0.963001030494586,0.0201729184655378,0.989015454563338,-0.000292470212978436,0.67,0.1,1.025,0.7,0.6,0.25,0.4,0.005,0.975,0.8,0.1,1.27641900518414,0.730984434007394,0.510567602073657,0.2973290280702,0.375990521622926,0.526020529858234,-1.43788897667175,4.5684102331057,7.19846360082714
68,0.000153260963862074,0.537403952539827,0.105278307086202,-0.0130315308550902,-0.00374624943621482,0.0101543052190471,0.0171395116645067,0.0103746527729002,0.00915304663960254,7.69407250809693,16.4027961499103,1.8273813563513,2.99277890893608,0.328825054897998,5.0250152440961,2.35706187284975,2.76050188702806,-0.0925485157817086,10.0562482365267,22.0548246627359,2.08272113919195,0.172359183951358,0.228811147843465,0.0190632437243585,1.16123026222586,4.32794478937849,0.778024275691329,0.449980300333128,0.696738157335519,0.290307565556466,0.167245328371383,0.447960844709281,0.000332297382093947,-0.000258614921531613,0.98871012013857,1.00515402726868,0.983640410639557,0.608760455127614,0.0640892701368609,0.327150274735524,1.10825686363192,1.10366143891129,0.469065616391725,0.549351942816766,-0.0184175592084906,0.000967435738620822,0.962985279915662,0.0198689060324934,0.988791450289545,-0.000297661538733725,0.67,0.1,1.025,0.7,0.6,0.25,0.4,0.005,0.975,0.8,0.1,1.27804667523654,0.735857332611026,0.511218670094615,0.297448288670623,0.375864013367129,0.526850188619578,-1.44405632306428,4.53462747748517,7.20482926311235
69,-0.000212592289686847,0.544643718978646,0.104192888913757,-0.0142136613482102,-0.00394433858275967,0.00947426452695588,0.0171637391913689,0.0103876455033186,0.00916395559220608,7.76967951569861,16.343628006006,1.80203179266779,2.96312166289537,0.322250292862914,5.01864320687665,2.38157149320512,2.72871250687509,-0.0916407932035629,10.1565203013712,21.9365028056875,2.0514406029124,0.174323865545187,0.227868614729068,0.0187993105852583,1.15818951698401,4.32362978360982,0.775986976379284,0.447034196102915,0.694913710190403,0.289547379246001,0.169054573077683,0.449158991561223,9.97130764258843e-05,-0.000227210507618892,0.988537288360818,1.00478634474886,0.983828346719712,0.606488232498811,0.0631917610362496,0.330320006464939,1.1083283886319,1.10372262374401,0.474544890926266,0.543715182449342,-0.0182600733756076,0.00084336128319507,0.962954323834582,0.0195592712130042,0.988596162037979,-0.00030275037745248,0.67,0.1,1.025,0.7,0.6,0.25,0.4,0.005,0.975,0.8,0.1,1.2794757339019,0.74058978805018,0.511790293560761,0.29749622857439,0.375718113755018,0.527742377492627,-1.45020160382923,4.4992010737495,7.20989176130302
70,-0.000564409163478699,0.551749308089285,0.10304297066629,-0.0151519318773866,-0.00416142221724858,0.00883059349444704,0.017183294541248,0.0103981129018462,0.00917273773750563,7.84418927410646,16.2876849726687,1.77605235581528,2.93397888874223,0.315593832731681,5.01126994344192,2.40525253518293,2.69668326372314,-0.0906658554641535,10.2548432987373,21.8216218975648,2.0195047202414,0.176211992877407,0.226903688193728,0.0185243871585943,1.15514893338809,4.31827041659714,0.773949785370018,0.444176573627679,0.693089360032852,0.288787233347021,0.170810503429503,0.450320869606988,-8.98331880765997e-05,-0.000187953352295509,0.988386997505317,1.0044327687907,0.984025042009825,0.604305454429611,0.0622694292142694,0.333425116356119,1.10838685350997,1.10377253309521,0.479968663099182,0.538123727948881,-0.0180923910480624,0.000733011535952637,0.962929026784228,0.0192598542278221,0.98842637231418,-0.00030773170706527,0.67,0.1,1.025,0.7,0.6,0.25,0.4,0.005,0.975,0.8,0.1,1.28072612897484,0.745187497988141,0.512290451589936,0.297487665975736,0.375478471244144,0.528490459276622,-1.4560251572593,4.46245064305844,7.2137713003419
71,-0.000886444698785445,0.558748479179801,0.101869364674598,-0.0157308713722389,-0.00439140586674203,0.00823830619154542,0.0171781677577928,0.0103948275560228,0.0091697736834808,7.92615379901987,16.2527325180223,1.75209410801852,2.90620264182826,0.309081102140484,5.00304743952079,2.42818323002582,2.66449753261054,-0.0896333231155672,10.359780852676,21.7288393206176,1.98978779076308,0.177962053422269,0.225867537732062,0.0182459037196425,1.15208320383208,4.3120302363892,0.771895746567495,0.441491381981629,0.691249922299249,0.288020800958021,0.172518229791978,0.451434836991863,-0.000232719167656917,-0.000144304413281264,0.988254601490584,1.00410912307772,0.98421035998703,0.602185508063033,0.0613442551226314,0.336470236814336,1.10839468034196,1.10377980718066,0.48534083663584,0.532574908557284,-0.0179157451931241,0.00063983043174037,0.96292787329481,0.0189876384158932,0.98827808203222,-0.000312600611601169,0.67,0.1,1.025,0.7,0.6,0.25,0.4,0.005,0.975,0.8,0.1,1.2818238503453,0.74966074564619,0.512729540138119,0.297434595679215,0.37507966350532,0.528908753140231,-1.46115268555114,4.42471214755909,7.21663601813818
72,-0.00116623551152931,0.56567168798666,0.100718416731576,-0.015872133312904,-0.00462612706508037,0.00770711663937873,0.0171338988921907,0.0103696760247844,0.00914811229270548,8.02210495482344,16.2511963163767,1.73222441689324,2.88036948479676,0.302914409507585,4.9941145713069,2.45045095937796,2.63222124732965,-0.0885576354007125,10.4778999812591,21.6711922565187,1.96455314376447,0.179527278882533,0.224723242772806,0.0179719527643528,1.14896568337815,4.30506527162879,0.769807007863362,0.43903695744332,0.689379410026891,0.287241420844538,0.174183211824811,0.452488973106137,-0.000330110348787881,-0.000101029233352029,0.988135291922077,1.00382793331091,0.984367199927305,0.600099578825263,0.0604410794605663,0.339459341714171,1.10832452574545,1.10372159112575,0.490667749886384,0.52706464974848,-0.0177323996348641,0.000565859903953558,0.962964265550642,0.0187569887983036,0.988146826627692,-0.00031735228603923,0.67,0.1,1.025,0.7,0.6,0.25,0.4,0.005,0.975,0.8,0.1,1.28279878044626,0.754023147278184,0.513119512178504,0.297346654374005,0.374476588056798,0.528862390340984,-1.46518950672432,4.38630743997923,7.21868765491589
73,-0.00139696984898194,0.572546961370756,0.0996358960731583,-0.0155521122219139,-0.0048563166536848,0.00723883504785028,0.0170447165596844,0.0103194014679628,0.00910495718619015,8.13522260034699,16.2878033061623,1.71761395538412,2.85667732009282,0.29724514253792,4.9845847617571,2.4721397208309,2.59990209332657,-0.0874570524003757,10.6124378820695,21.6536401612344,1.94511220890631,0.180885995708379,0.223452606068597,0.0177101633846462,1.14577341143642,4.29750939855874,0.767668185662398,0.436833818374612,0.687464046861849,0.286443352859104,0.175810434816803,0.453473021246477,-0.000388683663486495,-6.36951721544001e-05,0.988024658624255,1.00359604530177,0.984484408093861,0.598020722164675,0.0595843305231946,0.34239494731213,1.10816525507308,1.10358851042327,0.495957003238813,0.521588500866437,-0.0175455041052499,0.000511170213231733,0.963043587997428,0.0185772992264923,0.988028125679629,-0.000321982041050461,0.67,0.1,1.025,0.7,0.6,0.25,0.4,0.005,0.975,0.8,0.1,1.28368158026974,0.758289812441658,0.513472632107894,0.297228536917975,0.373653617319077,0.52829633476887,-1.46778610470971,4.34751171149324,7.22014077671911
74,-0.00157720361563634,0.579395479509737,0.0986624924445951,-0.0147928691271081,-0.00507282078536841,0.00682799660348477,0.0169132667853553,0.0102454488816461,0.00904153316494914,8.2652585160464,16.3600012052489,1.7085690436386,2.83499084917248,0.292169034798574,4.97453727063439,2.49331895379995,2.56757040003506,-0.0863520832006183,10.7632150885818,21.6735290818288,1.93185290736856,0.182041128262668,0.222055034294857,0.0174669121320017,1.14248974520564,4.28946251888098,0.765468129287778,0.434867157834388,0.685493847123383,0.28562243630141,0.177403509527245,0.454379722365275,-0.000419095369970544,-3.64141007649607e-05,0.987919296618748,1.00341491036629,0.98455712229562,0.595926968384388,0.0587956400157551,0.345277391599856,1.10792143989637,1.10338425132569,0.501216257543886,0.516142559669198,-0.0173588172130843,0.000473490481079223,0.963163456073662,0.0184532784436593,0.987918021883994,-0.000326485307625621,0.67,0.1,1.025,0.7,0.6,0.25,0.4,0.005,0.975,0.8,0.1,1.28449989662833,0.762475515409447,0.51379995865133,0.29707835695506,0.372621220511077,0.527231532360613,-1.46868174540627,4.30853197833281,7.22120536837658
75,-0.00171023632511525,0.586228601669269,0.0978302772753677,-0.0136580403476187,-0.00526750151108102,0.00646391324552509,0.0167486549052894,0.0101528787369661,0.00896215947055719,8.40908742267473,16.4596252673261,1.70470001058646,2.8149334471839,0.287728632358768,4.96401527915881,2.51403653184694,2.53524250532681,-0.0852637580149351,10.9271753559378,21.7223496461492,1.92441177010119,0.183015489127559,0.220544381841493,0.0172468851708924,1.13910587914482,4.28098573170195,0.763200939027031,0.433095211157774,0.683463527486894,0.284776469786206,0.178964087711396,0.455204983497985,-0.000433980030032324,-2.13444074702738e-05,0.987817087435402,1.00328121249326,0.984586450074723,0.593803466436208,0.0580919577685287,0.348104575795263,1.10760985269373,1.10312268195988,0.506452214682336,0.510724154289152,-0.0171763689714878,0.000448786468368372,0.963315492375631,0.0183849621863141,0.987813490497524,-0.000330857641584287,0.67,0.1,1.025,0.7,0.6,0.25,0.4,0.005,0.975,0.8,0.1,1.28527531778736,0.766591994199628,0.514110127114943,0.296889377349164,0.371409724441522,0.525748587789893,-1.4677377263592,4.26949765137346,7.22207263752132
76,-0.00180277879488162,0.593047265774472,0.0971601207416248,-0.0122469165497592,-0.00543394454492652,0.00613425912728327,0.0165626545395159,0.0100482558493442,0.00887244626013761,8.56212192425346,16.5761883048723,1.70524692921046,2.79603220594916,0.283922936990219,4.95303342052832,2.53431904850117,2.50292638065567,-0.0842120086285192,11.0997911463412,21.7891716773051,1.92201079506299,0.183842006219015,0.218943171761002,0.0170529374908262,1.13562109852224,4.27210607350092,0.760866136009899,0.431463679130383,0.681372659113342,0.283905274630559,0.180491832632423,0.455947750076921,-0.000445312085939655,-1.80248013442787e-05,0.987717257423469,1.00318820731114,0.984578217950606,0.591643373456809,0.0574841416010457,0.350872484942145,1.10725259587711,1.10282218292111,0.511670088474962,0.505332019421079,-0.0170021078960408,0.000432054091796026,0.963488779311366,0.0183679362132423,0.987712668486159,-0.00033509472796072,0.67,0.1,1.025,0.7,0.6,0.25,0.4,0.005,0.975,0.8,0.1,1.28602156323389,0.770646255045407,0.514408625293557,0.296654642756569,0.370059366137708,0.523956748131242,-1.46496070538848,4.23046465649022,7.22290620456902
77,-0.00186182828368679,0.599844806435697,0.0966618120468057,-0.0106681560517126,-0.00556797585167512,0.00583025917794688,0.0163639981838745,0.00993644582501095,0.00877654966977412,8.72087946502706,16.7022191841275,1.70963158327157,2.77793555320246,0.280731589522213,4.94159487865717,2.5541813314028,2.47062798557119,-0.0832144383168265,11.2776227828796,21.8661972053803,1.92403512431209,0.184546998738822,0.217272283932351,0.0168863898351313,1.13204039783621,4.26283160267729,0.758467066550257,0.429928762775434,0.679224238701723,0.283010099459051,0.181985012289076,0.456609265097092,-0.000460962721838033,-2.25353213590785e-05,0.98762012855793,1.00312886257489,0.984539639326939,0.589446565728393,0.056976973148073,0.353576461123534,1.10686651254328,1.10249684017072,0.516873882647555,0.499965708690908,-0.0168395913384626,0.000418398416774875,0.963675103184854,0.0183955048182501,0.98761483456963,-0.000339192385262217,0.67,0.1,1.025,0.7,0.6,0.25,0.4,0.005,0.975,0.8,0.1,1.28674439830352,0.774640640297648,0.514697759321408,0.296372181639881,0.368603867704043,0.521943678468869,-1.46049243613849,4.19143672932962,7.22384437947755
78,-0.00189346842121064,0.606610918916629,0.0963350987217981,-0.00902844394639091,-0.00566763759063893,0.00554820446602533,0.0161564021536207,0.00981949261637937,0.00867620514079434,8.88416638394407,16.8354009032521,1.7176691257496,2.76047863149993,0.278124707556616,4.92970911377031,2.5736380185189,2.43835658064208,-0.0822854853906744,11.4595072871817,21.9509656250943,1.93025564183851,0.185144408215345,0.215547344879964,0.0167472939229681,1.12837285858884,4.25316943439497,0.756009815254523,0.428466343145257,0.677023715153304,0.28209321464721,0.183441523496615,0.457191980074796,-0.00048403577796255,-3.02283658360382e-05,0.98752645554036,1.00309706423668,0.984477465589861,0.587217674337532,0.0565696726284909,0.356212653033976,1.10645951678226,1.1021533744758,0.522066912899562,0.494624839796519,-0.0166917526960817,0.000404482143931537,0.963870757680162,0.01845965665754,0.987520050356862,-0.000343146569595737,0.67,0.1,1.025,0.7,0.6,0.25,0.4,0.005,0.975,0.8,0.1,1.28744390418325,0.778573261764602,0.514977561673301,0.296047213017341,0.367065492575872,0.519758090113901,-1.45458655790827,4.15238962858689,7.22500449267709
79,-0.00190335281089979,0.613334797978771,0.0961704725329303,-0.00743207427588111,-0.0057329802556404,0.00528780916268556,0.0159400017234749,0.00969741461754505,0.00857140650154498,9.05269140075644,16.9774198419501,1.72943753805615,2.74361896491856,0.276058637777001,4.91740336393034,2.59271153125895,2.40612764828331,-0.0814358156119238,11.6461832485796,22.0451438880839,1.94069484463018,0.185640181055459,0.213780900587977,0.0166344844089618,1.12463146726156,4.2431387787166,0.753503083065247,0.427066999056272,0.674778880356937,0.281157866815391,0.184859864491282,0.457699615409194,-0.000514295143196425,-3.78113105235876e-05,0.987436925471869,1.00308713042505,0.984397960577417,0.584964560946146,0.0562563182412089,0.358779120812645,1.10603319797827,1.1017932834434,0.527252157160171,0.489308578168003,-0.0165607353281741,0.000388846648025291,0.964075230851948,0.0185510501352849,0.987428723679649,-0.000346953378658736,0.67,0.1,1.025,0.7,0.6,0.25,0.4,0.005,0.975,0.8,0.1,1.28811749184686,0.782439904853196,0.515246996738742,0.295690953994509,0.365459576289884,0.517421918630546,-1.4475852341199,4.11328789626425,7.2264838750549
80,-0.00189660825430605,0.62000658069064,0.0961516340924145,-0.00596066194365052,-0.00576590549341394,0.0050492542939311,0.0157144277941444,0.00956994480106587,0.00846190235057264,9.22755147454692,17.1306479405961,1.74496396315788,2.72733686400388,0.274474024103413,4.90472204370608,2.61143205563644,2.37396189451652,-0.0806719064468732,11.8387837635717,22.1511114136523,1.95531173780481,0.186039712624228,0.211984913512524,0.0165456569903981,1.12083234537686,4.23277278546569,0.750957671402498,0.425726538143482,0.672499407226117,0.280208086344216,0.186239479235867,0.458137472425782,-0.000550148985726209,-4.39248753785204e-05,0.987351967535772,1.00309390870442,0.984306612738799,0.582696858241834,0.0560272551004683,0.361275886657698,1.10558816078145,1.10141722968795,0.532432221921224,0.484015581996715,-0.0164478039179395,0.00037136263739322,0.964288482065799,0.0186608548308561,0.987341297767832,-0.000350609055590273,0.67,0.1,1.025,0.7,0.6,0.25,0.4,0.005,0.975,0.8,0.1,1.28876217673175,0.786236386803451,0.5155048706927,0.295314431533873,0.363799650734594,0.514951923155883,-1.43986897630826,4.07409420685647,7.22835968875698
81,-0.00187798541328658,0.626616677265203,0.0962590472866302,-0.00465899569592132,-0.00576967318151711,0.00483014734024123,0.0154821429290869,0.00943843513928277,0.00834883971774556,9.4082312644077,17.2941281124113,1.76386653461679,2.71153137414141,0.273296387441037,4.89171500002805,2.6298293669095,2.34188164472565,-0.0799960116071034,12.0368362620366,22.2678411290423,1.97364455247932,0.186356019423849,0.210173574189752,0.0164776420285983,1.11699360856289,4.22210962642175,0.748385717737138,0.424434855643468,0.670196165137736,0.279248402140723,0.187580388704472,0.458512141311274,-0.000590791531436264,-4.93303193225715e-05,0.987271796780275,1.00311262465965,0.984208325675547,0.580424917334143,0.0558711495640057,0.363703933101851,1.10512985062892,1.1010298552246,0.537608868647177,0.478744498547487,-0.0163533671946637,0.00035244545582435,0.9645079946751,0.0187823567690905,0.987258122877107,-0.000354109992678569,0.67,0.1,1.025,0.7,0.6,0.25,0.4,0.005,0.975,0.8,0.1,1.28937558569062,0.789959437677475,0.515750234276247,0.294922194320015,0.362102948913818,0.512383844283758,-1.43179462444137,4.03477103547134,7.23068718141426
82,-0.00185212231294433,0.63315432344789,0.0964726499428693,-0.0035419062145301,-0.00574819054267395,0.00462508355385527,0.0152490120948796,0.00930619839710761,0.00823506450389536,9.59193743224586,17.4624735224355,1.78528389117051,2.69600155959581,0.272441901024151,4.87842523914834,2.64792396811175,2.30990790137336,-0.0794066303367597,12.2375900013932,22.3897778533319,1.99474602403484,0.186611157944291,0.208363714771524,0.0164268621769439,1.11313408754608,4.21118166706187,0.745799838655873,0.423172114745324,0.667880452527648,0.27828352188652,0.188882556908682,0.458830993811607,-0.000636880441181082,-5.54778041442604e-05,0.987196678096055,1.00313861707549,0.984107940111096,0.578159346139012,0.0557765642112671,0.366064089649721,1.10466955342541,1.10064062656709,0.542782524750551,0.473494578298921,-0.0162771030494714,0.0003321938256213,0.964728283952048,0.0189108689395368,0.987179530680929,-0.000357452734921393,0.67,0.1,1.025,0.7,0.6,0.25,0.4,0.005,0.975,0.8,0.1,1.28995551768968,0.793606463124245,0.51598220707587,0.294511904941353,0.360391501344727,0.509777285509909,-1.42365582139459,3.9952790122638,7.23349829437105
83,-0.00182388561237413,0.639605745973463,0.0967734450687104,-0.00260532765555421,-0.00570547001142618,0.00442573164078852,0.0150243204266905,0.00917853611086127,0.00812515166369356,9.77319074972863,17.6253459713227,1.80783946544768,2.68044460819661,0.271821114820601,4.86487834562315,2.66571883897333,2.27805874805629,-0.0788992414064688,12.4356008114268,22.5063130821344,2.01715099663818,0.186836451290032,0.206575007347781,0.0163896577763646,1.10927258858847,4.20000556889913,0.743212634354272,0.421907286759714,0.665563553153079,0.277318147147116,0.190145228565227,0.45910138156532,-0.000690776429057142,-6.40792151162306e-05,0.987127128119615,1.00316699495956,0.984010770967803,0.57591107124464,0.0557328984175553,0.368356030337804,1.10422446120151,1.10026391611137,0.547951798501115,0.468266333957933,-0.0162181324590476,0.000310117482573573,0.964940887150016,0.0190431871256731,0.987105974211392,-0.000360633983435726,0.67,0.1,1.025,0.7,0.6,0.25,0.4,0.005,0.975,0.8,0.1,1.29049895281239,0.797174085528734,0.516199581124957,0.294075101810998,0.358692544148071,0.507217028912739,-1.41566729250916,3.95557380609652,7.23679977908523
84,-0.00179878299132804,0.645951921556639,0.0971442199278178,-0.00183557041682691,-0.00564531098625798,0.00422068769834016,0.0148210647409073,0.00906292150415132,0.00802556865472243,9.94324468510352,17.7666320364569,1.82955334034185,2.66444653068806,0.271339256662478,4.85107294064631,2.68319114952897,2.24634885930326,-0.0784670681859293,12.622143173764,22.600951395835,2.03878796157654,0.187073601147966,0.204830648420449,0.0163624327581422,1.10542780762755,4.18857302860914,0.740636631110459,0.420596239123902,0.66325668457653,0.276356951906888,0.191366262016415,0.459329952076804,-0.000756772539362735,-7.71015830272606e-05,0.98706410493635,1.00319222309372,0.983923202566674,0.573691821237341,0.0557308444530706,0.370577334309588,1.10381822031008,1.09991948136931,0.553112926224418,0.46306227236484,-0.0161751985892579,0.000285035853231884,0.965134109509536,0.0191770545408395,0.987038193720081,-0.000363650598713359,0.67,0.1,1.025,0.7,0.6,0.25,0.4,0.005,0.975,0.8,0.1,1.29100085393069,0.800656267133318,0.516400341572275,0.293597430986724,0.357039512919444,0.504816630235891,-1.40796481653897,3.91560202907953,7.24057005409666
85,-0.0017826368476399,0.652167302262487,0.0975695890167123,-0.00121681263043705,-0.00557115601443647,0.00399728653365905,0.0146540809124005,0.00896793450747128,0.00794375778925637,10.0910376432401,17.8665641039877,1.84804883593321,2.64754955181261,0.27090240935534,4.83697783257679,2.70028880479927,2.21479087872313,-0.0781018509456011,12.7861540882903,22.653497873593,2.05719122314588,0.187369336568689,0.203155085296168,0.0163418288029215,1.10161788680952,4.17684708471459,0.73808398416238,0.419187621351805,0.660970732085713,0.27540447170238,0.192541696317731,0.459522237935856,-0.000839984223514112,-9.54316062736682e-05,0.987009224317891,1.00320844996812,0.983852582530834,0.571514497399045,0.0557624346283177,0.372723067972637,1.10347753612678,1.09962964268599,0.558259495549672,0.457887332831386,-0.0161468283810584,0.000254974693831459,0.965294715698737,0.0193106376717814,0.986977409520371,-0.000366499603719214,0.67,0.1,1.025,0.7,0.6,0.25,0.4,0.005,0.975,0.8,0.1,1.29145277595125,0.804043012079546,0.516581110380499,0.293061608802544,0.355467947393677,0.502703891089575,-1.40061766431444,3.87530130697053,7.24475900965032
86,-0.00178050503002712,0.658220901830133,0.0980355413184414,-0.00073669200477311,-0.00548608219665758,0.00374527454561879,0.0145359879967772,0.00890091969027226,0.00788610595881035,10.2061056663599,17.9073660068829,1.86113035705286,2.62939288818788,0.270430079952952,4.82254086762208,2.71693637780652,2.18339910993443,-0.0777946201188706,12.9171395178089,22.6458432412198,2.0700907720598,0.187763384983888,0.201568832009037,0.0163249551728652,1.09785938965718,4.1647692619023,0.735565791070313,0.417637398908244,0.65871563379431,0.274464847414296,0.193665911341479,0.459682195275901,-0.000944028074525609,-0.000117646430649679,0.986964749254448,1.00321059244482,0.98380614866637,0.569392928863636,0.0558207440040394,0.374786327132324,1.10322486554659,1.09941317795129,0.563382758671406,0.452748700294795,-0.0161314589662005,0.000217617599502817,0.965411552641331,0.0194420390672048,0.986925409283906,-0.000369178186829316,0.67,0.1,1.025,0.7,0.6,0.25,0.4,0.005,0.975,0.8,0.1,1.29184215992692,0.807319817253983,0.516736863970766,0.292453199328261,0.354006559953804,0.500987819968138,-1.3936507208367,3.8346087547872,7.24929428081101
87,-0.00179525372338859,0.664080290627976,0.0985287865283555,-0.00038873523041727,-0.00539289173631174,0.00346095920067802,0.0144723947002592,0.0088651953133616,0.00785551736653629,10.282588388178,17.880557180302,1.86755540796038,2.60987188557325,0.269869788476704,4.80770991206999,2.73305154164875,2.15219479309438,-0.077536422673145,13.0091813666641,22.5694268700148,2.07619838624348,0.188274007465823,0.20008237731359,0.0163096124795391,1.09416599131731,4.15227874690652,0.733091214182595,0.415926932263012,0.656499594790384,0.273541497829327,0.194732570628478,0.459811847914171,-0.00106842962692278,-0.000139704934133995,0.986933236891156,1.00319577000799,0.983789272639468,0.567340775081749,0.0558993981168614,0.376759826801389,1.10306987213311,1.09927817444553,0.568472639080675,0.44765487778104,-0.0161275168617154,0.000171268900150678,0.965479789155045,0.0195689983949448,0.986884405275227,-0.000371683704605524,0.67,0.1,1.025,0.7,0.6,0.25,0.4,0.005,0.975,0.8,0.1,1.2921532285018,0.810468536917545,0.51686129140072,0.291767228789168,0.352667014431951,0.499718903324244,-1.38707079655938,3.79347807811676,7.25409490935319
88,-0.00182692284436472,0.669716922975003,0.0990362117541987,-0.00017148810318135,-0.00529424269432888,0.00314869820683983,0.0144598660334612,0.00885884671276896,0.0078503562660275,10.3214648781586,17.7905324515423,1.86743832422443,2.58919208910458,0.269201937849421,4.79245685271509,2.74856516180001,2.12121054003801,-0.0773188491229303,13.0631858981594,22.4288732119925,2.07561573594952,0.1888919180577,0.198693949725328,0.0162943229985929,1.09054797220537,4.13933587341859,0.730667141377599,0.41407152355725,0.654328783323223,0.272636993051343,0.195736059856939,0.459911322959874,-0.00120780402671473,-0.000156678480933846,0.986916891895353,1.00316394254141,0.98380419195999,0.565370022738137,0.0559921052913703,0.378637871970493,1.10300598715121,1.09921915883598,0.573519020884424,0.442614426217792,-0.0161334471022157,0.000115943296090717,0.96550264794331,0.0196888607909606,0.98685662725638,-0.000374013684404287,0.67,0.1,1.025,0.7,0.6,0.25,0.4,0.005,0.975,0.8,0.1,1.29236979675525,0.813469594182731,0.516947918702101,0.291011079397728,0.351440546428401,0.498872226052498,-1.38088840776,3.75189779211286,7.25908675615577
89,-0.00187340756999511,0.675110330893868,0.0995445610882391,-8.64476420407989e-05,-0.00519275764916027,0.00281868879123315,0.0144879887283771,0.00887590173371772,0.00786545975000769,10.3294548505697,17.6518432726757,1.86199479303899,2.56777774365017,0.268430567926697,4.77679305640911,2.76343574746659,2.09049154852266,-0.0771342395801286,13.0858047948918,22.2391863603756,2.06956923490254,0.189586992370197,0.197392832772611,0.0162781135169888,1.08701301257727,4.12593870288896,0.728298718426774,0.412113247822799,0.652207807546365,0.271753253144319,0.196672795514672,0.459979681181216,-0.00135345402621492,-0.000165155911604195,0.986916984296972,1.00311722539215,0.983850101777637,0.563489839358627,0.0560923487366369,0.380417811904736,1.10301436960387,1.09922042623312,0.578512762607296,0.437634941232759,-0.0161477038400556,5.37288619648369e-05,0.965489484253672,0.0197986809038569,0.986843822098305,-0.000376165826816846,0.67,0.1,1.025,0.7,0.6,0.25,0.4,0.005,0.975,0.8,0.1,1.29247888348037,0.816305191420615,0.51699155339215,0.290202030822729,0.35030415632212,0.498365182799782,-1.37512943061605,3.70990105323298,7.26421229760558
90,-0.00193173784147395,0.680249985617726,0.100040352744659,-0.000135844299603005,-0.00509108778235223,0.0024832123823586,0.0145433318184596,0.00890862228212383,0.00789412562048744,10.316038862597,17.4832671152547,1.85293311364511,2.54612167948577,0.267568386490673,4.76077204467928,2.77765447590826,2.06009317521944,-0.0769756064484105,13.0864723101132,22.0196730466803,2.05978610394323,0.19032090913909,0.196164949948778,0.0162602102558665,1.08356750814647,4.11212745110331,0.725990230458132,0.410105635272635,0.650140504887879,0.270891877036616,0.197541937531102,0.460016357229814,-0.00149591131190539,-0.000164215137201627,0.986933637472278,1.00305860346932,0.983924203489937,0.56170613211318,0.0561932795954408,0.382100588291379,1.10307112763187,1.09926208955306,0.583446224654383,0.432722498764004,-0.0161687234183875,-1.18583693184453e-05,0.965452228177304,0.0198953896564675,0.986846902380563,-0.000378138007938472,0.67,0.1,1.025,0.7,0.6,0.25,0.4,0.005,0.975,0.8,0.1,1.29247339303009,0.818962676264897,0.516989357212038,0.289362186598303,0.349230565119151,0.498091117813084,-1.3698365178646,3.66756397596945,7.26943260759938
91,-0.00199914494627463,0.685135011758651,0.100510082506111,-0.000319965680464329,-0.00499192945106819,0.00215344436419063,0.0146129926035141,0.00894956455801667,0.00792990271555796,10.2905934603702,17.3024676728025,1.84189140889877,2.52466223926215,0.266624827835282,4.74448187522092,2.79124217146,2.030076113682,-0.0768364099210735,13.0745484936808,21.7884801134246,2.04791963025015,0.191058280432457,0.194997409396176,0.0162398034371672,1.08021752319322,4.0979783599294,0.723745740539455,0.408099562360983,0.64813051391593,0.270054380798304,0.198345418581909,0.460022418821255,-0.00162699862440465,-0.000154987663972865,0.986965956066351,1.00299085932899,0.984022882049629,0.560021699279357,0.0562878271997807,0.383690473520862,1.10315361840232,1.09932533801694,0.588313380653399,0.427881519430921,-0.0161949000843207,-7.692556789753e-05,0.965402249173355,0.019976061069392,0.986865844537228,-0.0003799282814645,0.67,0.1,1.025,0.7,0.6,0.25,0.4,0.005,0.975,0.8,0.1,1.2923530310893,0.821436775419985,0.516941212435718,0.288513596013001,0.348196167482618,0.497948981321449,-1.36506263864761,3.62499545338033,7.27472367465031
92,-0.00207354323341975,0.689772750344067,0.100940616138264,-0.000635476943762314,-0.00489798349877779,0.00183794874690735,0.0146864035718704,0.00899263170740414,0.00796750676517339,10.2608716634139,17.1233831719288,1.83015496641199,2.50372839285046,0.265601204936306,4.72803321395477,2.80424249753739,2.00050105825103,-0.0767103418336466,13.0577987473082,21.5599249986945,2.03526179160819,0.19177210216324,0.193880465152525,0.0162159620935381,1.07696899388717,4.08359253894964,0.721569225904406,0.406135806324557,0.646181396332304,0.269242248471793,0.199087515806289,0.460001136416102,-0.00174072132717756,-0.000139522873175243,0.987012322686622,1.00291608905041,0.984142475589509,0.558436664804929,0.056368941019607,0.385194394175464,1.10324354409833,1.09939500485739,0.593109728853147,0.423114848759217,-0.0162245776123646,-0.000138067445305023,0.965348790302314,0.0200381446611739,0.986899795225176,-0.000381534880611105,0.67,0.1,1.025,0.7,0.6,0.25,0.4,0.005,0.975,0.8,0.1,1.29212365766933,0.823730183577377,0.516849463067731,0.287675478733895,0.347184340448438,0.497857977849707,-1.36086185842952,3.58232398467216,7.28007089391856
93,-0.0021535166568171,0.694177108908818,0.101319635590891,-0.00107506921007072,-0.00481187677234718,0.00154262959498963,0.0147555517838738,0.00903320409826988,0.00800293472470863,10.2327631708552,16.956029186553,1.81862872304306,2.48354096823611,0.264491576138925,4.71154802831611,2.81671501999213,1.97142421497348,-0.0765912066494991,13.0421480139376,21.3442952398982,2.02271676275136,0.192444090392606,0.192807375235735,0.0161876702188736,1.07382735754947,4.06908480619683,0.719464329558143,0.404243968064371,0.64429641452968,0.268456839387367,0.199774267302277,0.459957824457993,-0.0018331924103993,-0.000119836010395336,0.987070684390207,1.0028357157599,0.984279547365596,0.556948935197672,0.056429863156963,0.386621201645365,1.10332721848939,1.09945977221414,0.597832178100244,0.418423881731725,-0.0162560598319683,-0.00019274973909067,0.965298808731481,0.0200796050791971,0.986947272404758,-0.000382956219858894,0.67,0.1,1.025,0.7,0.6,0.25,0.4,0.005,0.975,0.8,0.1,1.29179586150531,0.825852776421495,0.516718344602125,0.286863538439685,0.346185014551296,0.497758761220573,-1.3572814528445,3.53968576001278,7.28546444945306
94,-0.00223784091315708,0.698367522082341,0.101636134849863,-0.00162709707888598,-0.00473607288182176,0.00127185653245121,0.0148138625944113,0.00906749687908495,0.00803290867728711,10.2110573153784,16.8080657224453,1.80800328009984,2.46425655586813,0.263288197238861,4.69515235969685,2.82873101489417,1.94289428583078,-0.0764729410281014,13.0324360592427,21.1494546165921,2.01097249471317,0.193060717052074,0.1917726137303,0.0161539584025674,1.07079672719108,4.05457614225896,0.717433807218024,0.402446714743084,0.642478036314648,0.26769918179777,0.200412988081981,0.459899245935607,-0.00190181887675396,-9.71681539535974e-05,0.987138748950335,1.00275096988228,0.984430609991058,0.555554426875069,0.0564644046463129,0.387981168478618,1.10339348868287,1.09951042677773,0.602479067383622,0.413808570411596,-0.0162876377952171,-0.000239290380761375,0.965257992521151,0.0200990702350745,0.987006364740912,-0.000384190896517631,0.67,0.1,1.025,0.7,0.6,0.25,0.4,0.005,0.975,0.8,0.1,1.29138347659924,0.827820324504456,0.516553390639695,0.286091007312555,0.345191406013986,0.497603318761885,-1.35435663418608,3.4972168195281,7.29089771543917
95,-0.00232492633277225,0.702368660602894,0.101880969438919,-0.00227509691856076,-0.00467277303002744,0.00102972885108765,0.0148548626927943,0.00909178931821034,0.00805420823414554,10.2003786153947,16.6865726439049,1.79894829210711,2.44601494749415,0.261987540448795,4.67897320534931,2.84037220825363,1.91495074639865,-0.076349749302969,13.0333474157756,20.9826621724701,2.0007001387848,0.193608586288834,0.190769943807281,0.0161140555318568,1.06787901625653,4.04019025041115,0.715478940891875,0.400765145663335,0.640727409753918,0.266969754064132,0.201011994161521,0.459832831756923,-0.00194445481576134,-7.19398789718683e-05,0.987214033807718,1.00266344903556,0.984591624195829,0.554247030648872,0.0564672247911493,0.389285744559979,1.10343131727683,1.09953784058107,0.607050325701017,0.409267303392409,-0.0163176290934261,-0.000276529219937298,0.965231958752248,0.0200959949127613,0.987074852975902,-0.000385237692110518,0.67,0.1,1.025,0.7,0.6,0.25,0.4,0.005,0.975,0.8,0.1,1.29090261440687,0.829653216578507,0.516361045762749,0.285370063633489,0.344196600537384,0.497343118761452,-1.35210734342546,3.45504917573806,7.29636840790095
96,-0.00241238007643609,0.706210722760732,0.102047406410778,-0.00299771833072038,-0.00462380611221624,0.000821051299370046,0.0148711054225198,0.00910180386529133,0.00806313209779153,10.2059676814946,16.599461479569,1.79226853842197,2.42897442924753,0.260595043931866,4.66313836699742,2.85173172970974,1.88762295347063,-0.0762163161829506,13.0501896446896,20.8520168165334,1.99271479015602,0.194070756687836,0.189790980600971,0.0160675239851349,1.0650732240545,4.02605323183021,0.713599060116513,0.399223117858928,0.639043934432698,0.266268306013624,0.201580523202505,0.459766033761829,-0.00195879926548977,-4.39827513718473e-05,0.98729382631713,1.00257555802318,0.984757526169716,0.553018390387754,0.0564340924365336,0.390547517175713,1.1034278664402,1.09953137365696,0.611547740011983,0.404796685175974,-0.0163444251879568,-0.000303478340624567,0.965227208062485,0.0200707834381452,0.987150247213808,-0.000386095573576685,0.67,0.1,1.025,0.7,0.6,0.25,0.4,0.005,0.975,0.8,0.1,1.29037130142484,0.83137566806677,0.516148520569934,0.28471307487056,0.343191083515138,0.49691970414069,-1.35053675699072,3.41330955042401,7.30188160030397
97,-0.00249643240128303,0.709930536424089,0.102131704197346,-0.00376824582574309,-0.00459051871784433,0.00065258743980956,0.014852753973039,0.00909188723406756,0.00805478791300783,10.2347497018375,16.5573171601452,1.7891088946843,2.41335568435334,0.259130863033544,4.64777973426065,2.86291802530672,1.86092980302844,-0.0760680940745028,13.0899608400984,20.7683409945664,1.98818608201631,0.194421976704765,0.188823425318886,0.0160144183729675,1.06237461199024,4.0122966216542,0.71179099003346,0.39785260186651,0.637424767194144,0.26559365299756,0.202128863750515,0.459705911754036,-0.00194165458768896,-1.23909183525041e-05,0.987375104759968,1.00249108543671,0.984921580953353,0.551857423869202,0.0563621391737189,0.391780436957079,1.10336594596777,1.09947673922856,0.615975409547825,0.400391135000701,-0.0163665445485261,-0.000319072352097115,0.965252388612086,0.0200249415689203,0.987229763442349,-0.0003867636942907,0.67,0.1,1.025,0.7,0.6,0.25,0.4,0.005,0.975,0.8,0.1,1.28980957625418,0.833015724479938,0.515923830501673,0.284134325058316,0.342159799165155,0.496252386195754,-1.34963106776424,3.37212062851492,7.30745528679974
98,-0.0025725822181892,0.713571302522194,0.102133674702672,-0.00455445363643225,-0.00457365916053076,0.000531226865563728,0.014789562742841,0.00905613542883741,0.00802406113656554,10.2942703683681,16.5714865440357,1.79074322673713,2.39938109782488,0.257624313210336,4.63303097889324,2.87405370784854,1.83487875963231,-0.075901488587616,13.160290693586,20.7432091512353,1.98842126615743,0.194634952572445,0.187853320748017,0.0159552147975822,1.05977514605998,3.99905606346922,0.710049347860186,0.396687221214637,0.635865087635988,0.264943786514995,0.202668335203051,0.45965877685464,-0.00189017221197118,2.25048265832724e-05,0.987454367203413,1.00241455487072,0.985075847517761,0.550750266449347,0.0562501485559476,0.392999584994706,1.10322757315267,1.09935895787332,0.620339842521042,0.396042842794804,-0.0163826853158462,-0.000321854614280328,0.965316513992492,0.0199611867278926,0.987310222023701,-0.00038724139489808,0.67,0.1,1.025,0.7,0.6,0.25,0.4,0.005,0.975,0.8,0.1,1.28924013498501,0.834604728960065,0.515696053994004,0.283647513956569,0.341086209470393,0.495254855231126,-1.34935623347062,3.33159849646858,7.3131214830348
99,-0.00263764872346235,0.717178577024091,0.102057055036451,-0.00532002428848932,-0.00457326505946565,0.000458856421268194,0.0146766841987379,0.00899171810390938,0.0079684876406159,10.3891144448721,16.6479298684545,1.79789092068285,2.38710713267693,0.25609637487089,4.61901110471684,2.88526137120451,1.80946353313382,-0.0757137996214944,13.2658641987335,20.7826345401421,1.99416396776447,0.194698906442447,0.186871599822648,0.0158904718322227,1.05726557843774,3.98645686689598,0.708367937553285,0.395741585374771,0.634359347062643,0.264316394609435,0.203210523785582,0.459630343607482,-0.00180510924178563,5.71136526826873e-05,0.987527775421303,1.00234916303292,0.985213348643131,0.549681405958039,0.0560988655003736,0.394219728541588,1.10300420185367,1.09917083871659,0.624649152337199,0.391742624582811,-0.0163917769200096,-0.000310493296466521,0.965423815197448,0.0198833813104435,0.987388074783938,-0.000387528203966,0.67,0.1,1.025,0.7,0.6,0.25,0.4,0.005,0.975,0.8,0.1,1.28868819260617,0.836175898666962,0.515475277042469,0.283258345609804,0.33996347301752,0.493884228378761,-1.34964939034267,3.2918405343912,7.31891674188532
100,-0.0026908834024159,0.720794345025051,0.101909575213471,-0.00602703044720543,-0.00458858899270975,0.000429933371198343,0.0145176682452905,0.00890060696147741,0.00788975109123454,10.5188295770202,16.7838841641141,1.81034726919145,2.37634914875677,0.254551601021775,4.6058032528859,2.89664423430121,1.78466213123102,-0.0755031126463332,13.406336687843,20.8836581679779,2.00521641683953,0.194628755101195,0.185877241460275,0.0158206592726361,1.05483685840384,3.97459332285682,0.706740695130574,0.394999680397246,0.632902115042305,0.26370921460096,0.203765878579677,0.459626177546309,-0.00169218501322758,8.64430027124087e-05,0.987591833082642,1.00229566218057,0.985329848613791,0.548635457956956,0.0559112064674414,0.395453335575603,1.10270193705784,1.09891730982001,0.628911847782104,0.387481191281566,-0.0163930390636702,-0.000285135431183132,0.965571111871347,0.0197963100292335,0.987459774589115,-0.000387623838448536,0.67,0.1,1.025,0.7,0.6,0.25,0.4,0.005,0.975,0.8,0.1,1.28817903560659,0.837762435657905,0.515271614242638,0.282960434449735,0.338799176692765,0.492166173836674,-1.35041107886486,3.25291066289601,7.32486989921326
101,-0.00275406103188863,0.724323183152764,0.101794063834949,-0.00574631983534457,-0.00461808495730587,0.000255068776046752,0.0145262040658403,0.0089060511466023,0.00789466544987594,10.529024347171,16.7137526287829,1.80055765339236,2.36173730321898,0.252718675099767,4.59280843336733,2.90770879606927,1.76036294394393,-0.075263306645868,13.4274731788724,20.7753271963235,1.99375303574426,0.195050220930736,0.185026133213323,0.0157400138980103,1.05250177740156,3.9629760109694,0.705176190859044,0.393809003145964,0.631501066440935,0.26312544435039,0.204310185298626,0.459624378023391,-0.00166864404300246,-1.08987870232622e-06,0.987644030283517,1.00223216866295,0.985444352281272,0.547609964064223,0.0557434436386079,0.396646592297169,1.10269185373304,1.09890614335218,0.633100386887124,0.383286821013273,-0.0163872079003972,-0.000247948258161364,0.965571111871347,0.0197963100292335,0.987522297141901,-0.000387623838448536,0.67,0.1,1.025,0.7,0.6,0.25,0.4,0.005,0.975,0.8,0.1,1.2877344042928,0.839328003844515,0.51509376171712,0.282365294832785,0.337879413004295,0.491748132263301,-1.35017325326742,3.21462913289408,7.33072930043176
102,-0.0028154445290978,0.727763226707457,0.101703586484335,-0.00552588939438015,-0.0046411872330101,8.60916227649611e-05,0.0145357630069142,0.00891215509532094,0.0079001794429628,10.5375286567678,16.6434707743104,1.7912028680372,2.34749870969305,0.25099301995699,4.58003273473966,2.9184888108099,1.73655036151761,-0.075006437587852,13.4466398100557,20.6677131772722,1.98285435619195,0.195457173977202,0.184193870690536,0.0156649057856146,1.05021667035322,3.95155118754727,0.703645169136658,0.392597409436754,0.630130002211933,0.262554167588305,0.204834831499203,0.459644630197262,-0.00164845501954216,-3.89710082694964e-06,0.987704599322599,1.00217047824826,0.985565450949081,0.546607346353194,0.0555919275228051,0.397800726124001,1.10268023258303,1.09889312605634,0.637220076762439,0.379156757625169,-0.0163768343876074,-0.000246960024363881,0.965571111871347,0.0197963100292335,0.987584749209553,-0.000387623838448536,0.67,0.1,1.025,0.7,0.6,0.25,0.4,0.005,0.975,0.8,0.1,1.28729548519824,0.840904596807704,0.514918194079297,0.281783821566331,0.336976573621676,0.491344437406267,-1.34923254022956,3.17696125583268,7.33655978772689
103,-0.00287502820455563,0.731113613002084,0.101632714766687,-0.00535288170705228,-0.00465928270313298,-7.70562655549867e-05,0.0145452046242843,0.0089181837370874,0.00790562515221305,10.5452275190545,16.574694429564,1.78237283872146,2.33364043987834,0.249358008445003,4.56747789890805,2.92899575460812,1.71322285058831,-0.0747407062883808,13.4647311749529,20.5624480860678,1.97258465620671,0.195847273783403,0.183379694485033,0.0155945153286335,1.04797896630716,3.94032056821458,0.702145907425795,0.391414808046303,0.628787379784294,0.261994741576789,0.20533937249308,0.45965657897785,-0.00163004909082429,-5.19130342175812e-06,0.98776562751756,1.00211059665442,0.985685243540231,0.545629247675222,0.0554537816973376,0.39891697062744,1.10266878893219,1.09888031972216,0.641272014760009,0.375091656382295,-0.0163636711423041,-0.000246875609584058,0.965571111871347,0.0197963100292335,0.987647356690221,-0.000387623838448536,0.67,0.1,1.025,0.7,0.6,0.25,0.4,0.005,0.975,0.8,0.1,1.2868553333925,0.842433907156411,0.514742133356999,0.281216444601508,0.336088461654804,0.490947460759473,-1.34780179098172,3.13990288806527,7.34236939080637
104,-0.00293282200635709,0.734374250727651,0.101577198516771,-0.00521714809371265,-0.00467345704666267,-0.000234476267894856,0.0145545185687428,0.00892413043432431,0.00791099656832093,10.5521730462534,16.5074650019316,1.77399302819111,2.32016282521255,0.247802121171899,4.55514830107844,2.93924041448369,1.69037972805097,-0.0744718414562161,13.4818103549318,20.4595707395216,1.96285141911587,0.196221262103158,0.182583881443454,0.0155281112090706,1.0457901703818,3.92928690441013,0.700679414155804,0.39026229017217,0.627474102229078,0.261447542595449,0.205824367908383,0.459658717038784,-0.00161270556076171,-5.79717924339046e-06,0.987827049102442,1.00205251388361,0.985803673376323,0.544676712672084,0.0553267345705546,0.399996552757361,1.10265753602393,1.09886773934501,0.64525679960521,0.371092139338864,-0.0163489389440738,-0.000247119962261644,0.965571111871347,0.0197963100292335,0.987710201114995,-0.000387623838448536,0.67,0.1,1.025,0.7,0.6,0.25,0.4,0.005,0.975,0.8,0.1,1.28641338587508,0.843911087705188,0.514565354350032,0.280661986101287,0.335215141744781,0.490557382933712,-1.34603717414855,3.10345511148856,7.34816436347301
105,-0.00298884749696966,0.737545638821372,0.101533709627543,-0.00511069099858141,-0.00468456029664577,-0.000386300203995882,0.0145637015795891,0.00892999313079407,0.00791629185101961,10.5584123174118,16.441801203921,1.76600381124932,2.30706190263584,0.246316196822287,4.5430480729643,2.94923306116575,1.66801879699417,-0.0742037851956134,13.4979348326868,20.3590943176711,1.95358134324093,0.196579897237477,0.181806575257939,0.0154651203649435,1.04365129277111,3.91845320559287,0.699246366156647,0.389140235346658,0.626190775662669,0.260912823192779,0.206290443128211,0.45965220501879,-0.00159590829123685,-5.9084746501078e-06,0.987888816238932,1.00199620826555,0.985920713162145,0.543750328577939,0.0552089879717135,0.401040683450347,1.102646475849,1.09885538629314,0.649174962227362,0.367158517851065,-0.0163334800784276,-0.000247450154031775,0.965571111871347,0.0197963100292335,0.987773302670618,-0.000387623838448536,0.67,0.1,1.025,0.7,0.6,0.25,0.4,0.005,0.975,0.8,0.1,1.28596955147664,0.845336877719064,0.514387820590655,0.280119613365619,0.334356717969099,0.490174451993761,-1.34405262479421,3.06761892237658,7.35394981823806
106,-0.00304313474252399,0.74062872427301,0.101499641744443,-0.00502721606595014,-0.0046932580744915,-0.000532680647918338,0.0145727501614213,0.00893576962592836,0.00792150903226282,10.5639920509857,16.3777119895422,1.75835809628051,2.29433243860039,0.244892895979625,4.53118091089547,2.95898342870536,1.64613667666032,-0.0739391944702105,13.5131611428916,20.261019840815,1.94471689044205,0.196923923163125,0.181047807981359,0.01540509265213,1.04156292146014,3.90782245159569,0.697847157378296,0.388048733736325,0.624937752876086,0.260390730365036,0.206738259962654,0.459638085409051,-0.0015792935763006,-5.67003799382885e-06,0.987950856858432,1.00194164958376,0.986036319848423,0.542850334671262,0.055099114489984,0.402050550838754,1.1026356104126,1.09884326191065,0.653026989407721,0.363290874726116,-0.016317864133837,-0.000247696399838364,0.965571111871347,0.0197963100292335,0.987836638208009,-0.000387623838448536,0.67,0.1,1.025,0.7,0.6,0.25,0.4,0.005,0.975,0.8,0.1,1.2855240437512,0.846712355233965,0.514209617500482,0.279588751919603,0.333513302687743,0.489798913973143,-1.34193072165708,3.03239506641768,7.3597298213679
107,-0.00309571991226521,0.743624790577404,0.101472953577251,-0.00496177435702794,-0.00470007165111141,-0.00067378360642445,0.0145816607656677,0.00894145768806442,0.00792664611716184,10.5689579466948,16.3151983966012,1.7510185212495,2.28196824676051,0.24352629624304,4.51954996607042,2.96850070977565,1.6247290646039,-0.0736798083091339,13.5275442196149,20.1653385586723,1.9362126821145,0.197254062367343,0.180307523335613,0.0153476729310979,1.03952530623017,3.89739739521794,0.696481955174215,0.386987655921507,0.623715183738102,0.259881326557543,0.207168499222946,0.459617282545201,-0.00156261288562719,-5.19182912614338e-06,0.988013083270646,1.00188880148817,0.986150440850405,0.541976707287211,0.0549959772585063,0.403027315454283,1.10262494164267,1.09883136744793,0.656813340279426,0.359489125422244,-0.0163024657016706,-0.000247743053806772,0.965571111871347,0.0197963100292335,0.987900154653388,-0.000387623838448536,0.67,0.1,1.025,0.7,0.6,0.25,0.4,0.005,0.975,0.8,0.1,1.28507728433637,0.848038811198643,0.514030913734547,0.279069010065169,0.332685004560653,0.489431000836762,-1.33973086727426,2.99778393196316,7.36550748782282
108,-0.00314664343048601,0.74653537031565,0.101452046291591,-0.00491047780369713,-0.00470540928454988,-0.00080978301438106,0.0145904299572482,0.00894705515913724,0.00793170117769959,10.5733541974102,16.2542549896127,1.74395527100786,2.26996242533505,0.24221157843556,4.5081577823636,2.97779356307975,1.60379093492236,-0.0734267156385103,13.5411369239217,20.0720338183018,1.92803271330215,0.197571011091509,0.179585595212286,0.0152925794972413,1.03753842598437,3.88718043091668,0.695150745409527,0.385956705699835,0.622523055590621,0.259384606496092,0.207581847659801,0.459590618628893,-0.00154570414370506,-4.55684171347366e-06,0.988075398881302,1.00183762335236,0.986263018926153,0.541129225780076,0.0548986672635731,0.40397210695635,1.10261447127228,1.09881970394919,0.66053445927033,0.35575306197073,-0.0162875212410605,-0.000247515170882133,0.965571111871347,0.0197963100292335,0.987963779166218,-0.000387623838448536,0.67,0.1,1.025,0.7,0.6,0.25,0.4,0.005,0.975,0.8,0.1,1.28462983016195,0.849317680016931,0.51385193206478,0.278560122849984,0.331871920156227,0.489070922693326,-1.33749541288466,2.96378546660528,7.3712850758815
109,-0.00319594855807486,0.749362176736696,0.101435667543244,-0.0048702736627374,-0.00470959074168187,-0.000940856624626951,0.0145990545308924,0.00895256002771476,0.00793667241809092,10.5772231597136,16.1948710404255,1.73714438375361,2.25830754549722,0.240944783346791,4.49700626893403,2.98687012909799,1.58331668957426,-0.0731805497382211,13.5539897368479,19.9810825763401,1.92014820478161,0.197875436295228,0.178881842373481,0.0152395874194331,1.03560204272027,3.87717351292399,0.69385336862258,0.384955461364174,0.621361225632161,0.258900510680067,0.207978988258842,0.459558827092239,-0.0015284696221202,-3.82724965626195e-06,0.98813770317024,1.00178807169913,0.986373995743688,0.540307523639382,0.0548064543389979,0.404886022021621,1.10260420076036,1.09880827217748,0.664190786152794,0.352082384343678,-0.0162731704964717,-0.000246968162457505,0.965571111871347,0.0197963100292335,0.988027426780128,-0.000387623838448536,0.67,0.1,1.025,0.7,0.6,0.25,0.4,0.005,0.975,0.8,0.1,1.28418231889305,0.850550486502134,0.513672927557218,0.278061910832084,0.331074128245663,0.488718862921529,-1.33525422545259,2.93039911587649,7.37706407888415
110,-0.00324368030794503,0.752107050301259,0.101422836350724,-0.00483876619835077,-0.00471286649135116,-0.00106718296644481,0.0146075315889334,0.00895797047780335,0.00794155821843961,10.5806051451676,16.1370314986654,1.73056643757583,2.24699580113381,0.239722623152474,4.48609669797358,2.99573805136965,1.56330027528337,-0.0729416286794416,13.5661505773145,19.8924566298937,1.91253594772179,0.19816797391524,0.178196040174865,0.0151885156729303,1.03371574492912,3.86737810998232,0.69258954910251,0.383983407967079,0.620229446957471,0.25842893623228,0.208360593137987,0.459522563738835,-0.00151085896621246,-3.04918736265806e-06,0.988199895328406,1.00174010129052,0.986483314439878,0.539511128038131,0.0547187488484059,0.405770123113463,1.10259413124208,1.09879707256854,0.667782763738099,0.34847672275765,-0.0162594864957493,-0.000246079845913594,0.965571111871347,0.0197963100292335,0.988091006098661,-0.000387623838448536,0.67,0.1,1.025,0.7,0.6,0.25,0.4,0.005,0.975,0.8,0.1,1.28373542844432,0.85173880548087,0.513494171377729,0.277574250007231,0.33029168614715,0.48837497545335,-1.33302807930643,2.897623782049,7.38284531247256
111,-0.00328988461975876,0.754771917006694,0.101412784271995,-0.00481407598603267,-0.0047154327298552,-0.00118893912141205,0.0146158585900096,0.00896328491935701,0.00794635716200726,10.5835383025969,16.0807177927925,1.72420553227002,2.23601912799648,0.238542335220878,4.4754297202355,3.00440450123969,1.54373527511933,-0.0727100561235155,13.5776647134716,19.8061236236141,1.90517702857268,0.198449228090775,0.177527929949252,0.0151392172052947,1.03187898260567,3.85779518687619,0.6913589183458,0.38303996252499,0.619127389563403,0.257969745651418,0.208727318455814,0.459482416102303,-0.0014928562040913,-2.25646449741404e-06,0.988261876865745,1.00169366595714,0.98659092140853,0.538739490370285,0.054635071715726,0.406625437913989,1.10258426350119,1.09878610520597,0.671310843661562,0.344935653472484,-0.0162464971340462,-0.000244844351559587,0.965571111871347,0.0197963100292335,0.988154423491309,-0.000387623838448536,0.67,0.1,1.025,0.7,0.6,0.25,0.4,0.005,0.975,0.8,0.1,1.28328984732606,0.852884231275663,0.513315938930423,0.277097050115834,0.329524627621476,0.488039383637261,-1.33083116467452,2.86545780050075,7.38862899638657
112,-0.00333460773584378,0.757358755985607,0.101404909341332,-0.00479472907342049,-0.00471744314560107,-0.00130629912302827,0.0146240333759789,0.00896850200508376,0.00795106805020876,10.5860585683406,16.0259084940997,1.71804850049502,2.22536929855225,0.237401568778606,4.46500539276417,3.01287620455486,1.52461498135208,-0.0724857931427648,13.5885747431286,19.7220478778773,1.89805584740011,0.198719771101877,0.176877226546847,0.015091571269247,1.03009109558487,3.84842520525417,0.690161034041864,0.382124493690039,0.618054657350923,0.257522773896218,0.209079800868675,0.459438911368289,-0.00147446984092158,-1.47344999900896e-06,0.988323553432552,1.00164871922548,0.986696767502255,0.53799200977178,0.0545550309772682,0.407452959250952,1.10257459795863,1.09877536981235,0.674775490626987,0.341458709954309,-0.0162342005812963,-0.000243267469357159,0.965571111871347,0.0197963100292335,0.988217586136632,-0.000387623838448536,0.67,0.1,1.025,0.7,0.6,0.25,0.4,0.005,0.975,0.8,0.1,1.28284625330149,0.853988354888739,0.513138501320594,0.276630239208099,0.328772961929081,0.487712180240873,-1.32867293527829,2.83389893095035,7.39441483034908
113,-0.00337789573304697,0.759869574401879,0.10139873999487,-0.00477956976818006,-0.0047190181317337,-0.00141943283099044,0.0146320541826849,0.00897362063709782,0.00795568990851351,10.5881996666463,15.9725798693346,1.71208429701907,2.21503799749976,0.236298297048983,4.45482321462227,3.02115946920937,1.50593245435953,-0.0722687089466249,13.5989206245061,19.6401910732509,1.89115936262877,0.198980143825668,0.17624362441843,0.0150454775073472,1.02835133655658,3.83926813802879,0.688995395492909,0.381236337085282,0.617010801933948,0.257087834139145,0.20941865517522,0.459392523131525,-0.00145572534047122,-7.17308911458708e-07,0.988384836042646,1.00160521478829,0.98680080879128,0.537268051180524,0.0544783034292042,0.408253645390272,1.10256513467319,1.0987648657518,0.678177185413931,0.338045390761342,-0.0162225761752721,-0.000241363110380757,0.965571111871347,0.0197963100292335,0.988280404182229,-0.000387623838448536,0.67,0.1,1.025,0.7,0.6,0.25,0.4,0.005,0.975,0.8,0.1,1.28240529839621,0.855052747175483,0.512962119358483,0.276173752857395,0.328036673744465,0.487393428258189,-1.32655946308129,2.80294436092112,7.40020206389407
114,-0.0034197941752846,0.762306388086188,0.101393906816672,-0.00476769208142924,-0.0047202520010261,-0.00152850516532843,0.0146399196389244,0.00897863996615272,0.0079602219857024,10.5899931464498,15.9207063424116,1.70630352621181,2.20501688186796,0.235230749135139,4.44488216747249,3.02926021275291,1.48768057104627,-0.0720586163266965,13.6087397428972,19.5605128188887,1.88447651041041,0.199230856560824,0.175626802542689,0.0150008513901581,1.02665888982361,3.83032349302928,0.687861456181816,0.380374807239518,0.615995333894164,0.256664722455902,0.209744472866266,0.459343677201998,-0.00143665945096035,2.6490240951687e-10,0.988445641844412,1.00156310685384,0.986903006990111,0.536566959148398,0.0544046202567979,0.409028420594804,1.10255587335059,1.09875459204075,0.681516426896713,0.334695165134677,-0.0162115920313899,-0.00023915063038713,0.965571111871347,0.0197963100292335,0.988342792231141,-0.000387623838448536,0.67,0.1,1.025,0.7,0.6,0.25,0.4,0.005,0.975,0.8,0.1,1.28196759873836,0.856078946663127,0.512787039495345,0.275727526804742,0.327315723691656,0.487083162268053,-1.32449442688083,2.77259071898019,7.40598956020659
115,-0.00346034785935331,0.764671206682924,0.101390120408618,-0.00475838587592203,-0.00472121863666553,-0.00163367561211603,0.0146476287569515,0.00898355938555434,0.0079646637483613,10.5914684439595,15.8702608815738,1.70069807681017,2.19529762879135,0.234197357206065,4.43518075868633,3.03718398950692,1.46985206527407,-0.0718552960946553,13.6180670022123,19.4829711266502,1.87799775862143,0.199472390105898,0.175026428433123,0.0149576206998482,1.02501288664425,3.82159034265307,0.686758634051646,0.379539206854767,0.615007731986548,0.256253221661062,0.210057821360075,0.459292756629466,-0.00141731595328556,6.71708367888472e-07,0.98850589455279,1.00152235040135,0.987003329637783,0.53588806835122,0.054333755775672,0.409778175873108,1.10254681335857,1.09874454736438,0.684793733278732,0.331407476999767,-0.0162012102784994,-0.000236652818818187,0.965571111871347,0.0197963100292335,0.988404670317356,-0.000387623838448536,0.67,0.1,1.025,0.7,0.6,0.25,0.4,0.005,0.975,0.8,0.1,1.28153372804999,0.857068450959515,0.512613491219996,0.275291492117787,0.326610049318006,0.486781390153063,-1.32247982987454,2.74283409555357,7.41177585418168
116,-0.00349960063265085,0.766966022340464,0.101387154056003,-0.00475109458938217,-0.00472197591827639,-0.00173509793293214,0.0146551809170749,0.00898837852136161,0.00796901487205094,10.5926529629494,15.8212153251244,1.6952608398841,2.18587197341083,0.23319671554111,4.42571706527869,3.04493601680898,1.45243956211381,-0.0716585136440939,13.626934933011,19.407522808196,1.87171476460216,0.199705197004451,0.174442161408875,0.0149157228210499,1.02341241782489,3.81306735708755,0.685686319942678,0.378728833980778,0.614047450694935,0.255853104456223,0.210359243751882,0.459240106080757,-0.00139774250379327,1.29255413641207e-06,0.988565524629587,1.00148290136419,0.987101750097777,0.535230711534273,0.0542655186058295,0.410503769859898,1.10253795374588,1.0987347300968,0.688009642707957,0.328181747881889,-0.0161913905898466,-0.000233894400621305,0.965571111871347,0.0197963100292335,0.988465964496467,-0.000387623838448536,0.67,0.1,1.025,0.7,0.6,0.25,0.4,0.005,0.975,0.8,0.1,1.28110421387651,0.858022710924632,0.512441685550602,0.274865572176575,0.325919566365737,0.486488095036519,-1.32051651739667,2.71367006939923,7.4175592049939
117,-0.00353759526619694,0.769192801181935,0.10138483014911,-0.00474538205995412,-0.00472256918879943,-0.00183292002603674,0.014662575848291,0.00899309722009764,0.00797327523024896,10.5935721665902,15.7735406562926,1.68998549129303,2.17673173884197,0.232227548761798,4.41648877744499,3.05252120013423,1.43543560723179,-0.0714680299210199,13.6353738106709,19.3341238087771,1.86562011278863,0.199929702891248,0.173873655274284,0.0148751026548137,1.02185654409032,3.80475283930803,0.684643884540517,0.377942987546744,0.613113926454194,0.255464136022581,0.21064925894472,0.45918603567703,-0.00137798831723074,1.86063287016879e-06,0.988624469279417,1.00144471675747,0.98719824742841,0.534594225468435,0.0541997447478122,0.411206029783752,1.10252929326389,1.0987251383235,0.691164713408398,0.325017379091417,-0.0161820924998146,-0.00023090093221817,0.965571111871347,0.0197963100292335,0.988526607148959,-0.000387623838448536,0.67,0.1,1.025,0.7,0.6,0.25,0.4,0.005,0.975,0.8,0.1,1.28067953584908,0.858943126957032,0.512271814339634,0.274449680972237,0.325244170233841,0.486203237331875,-1.31860454792833,2.68509373810387,7.42333764351536
118,-0.00357437337004118,0.771353476955352,0.101383009546609,-0.0047409065032864,-0.00472303397017804,-0.00192728389940711,0.0146698136064263,0.00899771553489761,0.00797744488189384,10.5942496761545,15.7272072357693,1.68486632409616,2.16786885975435,0.231288687179623,4.40749324084222,3.05994415693781,1.41883269236701,-0.0712836084625973,13.643411778924,19.2627294886727,1.85970711382648,0.200146307890192,0.173320560521157,0.0148357110132993,1.02034430465099,3.79664476054419,0.683630684116161,0.377180971603117,0.612206582790592,0.255086076162747,0.210928362058547,0.459130824377016,-0.00135810249255514,2.3754600228379e-06,0.988682672313031,1.00140775476311,0.987292806162573,0.533977955365133,0.0541362921464619,0.411885752488405,1.10252083038942,1.09871576986506,0.694259523436739,0.321913753427769,-0.016173276864508,-0.000227697999547915,0.965571111871347,0.0197963100292335,0.988586537071381,-0.000387623838448536,0.67,0.1,1.025,0.7,0.6,0.25,0.4,0.005,0.975,0.8,0.1,1.28026012543663,0.859831046888561,0.512104050174653,0.274043722336252,0.324583737548943,0.485926756827613,-1.31674345686152,2.65709975123751,7.42910901494207
119,-0.00360997534102489,0.773449946389621,0.101381583243242,-0.00473740010516754,-0.00472339809067823,-0.00201832572517624,0.0146768945508918,0.0090022337107885,0.00798152405815339,10.5947073730973,15.6821849988429,1.67989811962432,2.15927540079151,0.230379047653768,4.39872749703078,3.06720923913205,1.40262327760206,-0.071105019703332,13.6510749752186,19.193294861074,1.85396965095993,0.200355388027386,0.17278252614384,0.0147975033851723,1.01887472430122,3.78874079527881,0.682646065281816,0.376442098550523,0.611324834580731,0.254718681075304,0.211197025038122,0.459074722975515,-0.00133813282875995,2.83776585816522e-06,0.988740083917617,1.00137197478227,0.987385416026447,0.533381258099401,0.0540750364183893,0.41254370548221,1.10251256334824,1.09870662230123,0.697294670152321,0.318870236573845,-0.0161649067261664,-0.000224310646866951,0.965571111871347,0.0197963100292335,0.988645699413287,-0.000387623838448536,0.67,0.1,1.025,0.7,0.6,0.25,0.4,0.005,0.975,0.8,0.1,1.27984636677016,0.860687765091967,0.511938546708064,0.273647589817251,0.323938127784085,0.485658574751969,-1.31493244226741,2.62968234504533,7.43487101699172
120,-0.00364444033510854,0.775484065883513,0.101380465842479,-0.00473465302137954,-0.00472368335135176,-0.00210617595225748,0.014683819320874,0.00900665216961773,0.00798551314888109,10.5949655019137,15.6384436227831,1.67507604844501,2.15094357081368,0.229497618713624,4.3901883217018,3.0743205541627,1.38679981094904,-0.0709320434099476,13.6583876553105,19.1257747935165,1.84840206273537,0.200557296632537,0.172259201138503,0.0147604389866852,1.01744681931525,3.78103835512509,0.681689368941218,0.375725691573096,0.61046809158915,0.254361704828813,0.211455697398441,0.459017956773414,-0.00131812501244397,3.24913660519437e-06,0.988796660364254,1.00133733746322,0.987476071619647,0.532803504513129,0.0540158674900464,0.413180627996825,1.10250449013847,1.09869769299483,0.700270769471448,0.315886178297583,-0.0161569477690304,-0.000220762980987932,0.965571111871347,0.0197963100292335,0.988704045504386,-0.000387623838448536,0.67,0.1,1.025,0.7,0.6,0.25,0.4,0.005,0.975,0.8,0.1,1.27943859822045,0.861514522493354,0.511775439288178,0.273261166996997,0.32330718488031,0.485398595778498,-1.31317049426297,2.60283537777457,7.44062123402921
121,-0.0036778062582252,0.777457649234078,0.101379590443086,-0.00473250083510002,-0.00472390683150414,-0.00219095945952219,0.0146905888115631,0.00901097149501024,0.00798941268910019,10.5950427718794,15.5959526691024,1.67039559441403,2.14286573375005,0.228643448980942,4.38187226046957,3.08128198468466,1.37135474564395,-0.0707644698590446,13.6653723152126,19.0601241786273,1.84299905356869,0.200752365709406,0.1717502357435,0.0147244800327587,1.01605960235486,3.77353462114241,0.680759933577758,0.375031086446957,0.609635761412917,0.254014900588716,0.211704807060844,0.458960727965104,-0.00129812208575933,3.61174171944078e-06,0.988852363675364,1.00130380471048,0.987564772073627,0.532244081010353,0.0539586869485862,0.413797232041061,1.10249660855347,1.09868897911506,0.70318845496296,0.312960913538133,-0.0161493685010933,-0.000217077908194877,0.965571111871347,0.0197963100292335,0.988761532605806,-0.000387623838448536,0.67,0.1,1.025,0.7,0.6,0.25,0.4,0.005,0.975,0.8,0.1,1.27903711448604,0.862312507250177,0.511614845794417,0.272884328093246,0.32269073883822,0.485146709945815,-1.31145648385535,2.57655236492385,7.44635716746145
122,-0.00371010977098246,0.779372466173513,0.101378904633276,-0.00473081472599735,-0.00472408191138285,-0.00227279573618733,0.0146972041508554,0.00901519241762783,0.00799322334576088,10.5949564563114,15.5546817045041,1.6658524965333,2.13503441669233,0.227815638143691,4.3737756621231,3.0880972068633,1.35628055545145,-0.0706021001916448,13.6720498091924,18.9962980788996,1.83775562566269,0.200940907261852,0.171255282466255,0.0146895911773439,1.01471208656057,3.76622657431101,0.679857097995581,0.374357632858028,0.608827251936341,0.253678021640142,0.211944761244153,0.458903217781078,-0.00127816412425519,3.92812780044489e-06,0.988907161269349,1.00127133968016,0.987651520700908,0.531702390609466,0.053903405950882,0.414394203439652,1.10248891620394,1.09868047765994,0.706048376830621,0.310093763426607,-0.0161421402572283,-0.000213276970852449,0.965571111871347,0.0197963100292335,0.988818123611261,-0.000387623838448536,0.67,0.1,1.025,0.7,0.6,0.25,0.4,0.005,0.975,0.8,0.1,1.27864216900791,0.863082855909409,0.511456867603166,0.272516938739074,0.322088607256312,0.484902794474333,-1.30978922289213,2.5508265138639,7.4520762627246
123,-0.00374138630359636,0.781230241532796,0.101378367352526,-0.00472949376555387,-0.00472421907334475,-0.00235179907937877,0.0147036666768341,0.0090193158009228,0.00799694590494248,10.5947224884042,15.5146004036706,1.66144270452035,2.12744231573921,0.227013329902144,4.36589470931452,3.09476970734484,1.34156974821796,-0.0704447462482814,13.6784394629315,18.9342518493713,1.83266702725812,0.201123214566349,0.170773996933181,0.0146557390839091,1.0134032889652,3.75911102400576,0.678980203606683,0.373704695334653,0.608041973379119,0.2533508222413,0.212175947383854,0.458845588416956,-0.00125828807036158,4.20106402250981e-06,0.988961025595199,1.00123990676489,0.987736324644349,0.531177853580566,0.0538499435698167,0.414972202849617,1.102481410539,1.09867218547764,0.708851200818523,0.307284036272282,-0.0161352370908048,-0.000209380258216827,0.965571111871347,0.0197963100292335,0.988873786717577,-0.000387623838448536,0.67,0.1,1.025,0.7,0.6,0.25,0.4,0.005,0.975,0.8,0.1,1.27825397657265,0.863826654902812,0.51130159062906,0.272158856859485,0.321500596800162,0.484666715469698,-1.30816750359171,2.52565075741525,7.45777593316619
124,-0.00377167007826642,0.783032654889297,0.101377946433094,-0.00472845887924755,-0.00472432652949484,-0.00242807880136753,0.0147099779162378,0.00902334262751713,0.00800058125961824,10.5943555530074,15.475678636515,1.65716234491711,2.12008230000322,0.226235706438445,4.35822544672155,3.10130279895104,1.3272148778648,-0.0702922300942911,13.6845591812845,18.8739412414109,1.82772871335711,0.201299563385256,0.170306038592144,0.0146228920958403,1.0121322333423,3.75218463439709,0.678128596339342,0.373071653878195,0.607279340005381,0.253033058335575,0.212398734059179,0.458787984775041,-0.00123852768091658,4.43342723857728e-06,0.989013933766496,1.00120947157134,0.987819194533082,0.530669907767578,0.0537982254833163,0.415531866749105,1.10247408886621,1.09866409928661,0.711597607068256,0.304531028532081,-0.0161286356003375,-0.000205406371948126,0.965571111871347,0.0197963100292335,0.988928495079155,-0.000387623838448536,0.67,0.1,1.025,0.7,0.6,0.25,0.4,0.005,0.975,0.8,0.1,1.27787271600173,0.864544942269422,0.511149086400691,0.271809933589262,0.320926504592257,0.484438329507949,-1.30659012379674,2.50101778608123,7.46345358110304
125,-0.00380099413684348,0.784781340586159,0.10137761667402,-0.00472764811527882,-0.00472441071338126,-0.00250173944092091,0.0147161395640483,0.00902727398629007,0.00800413039805688,10.5938691739533,15.4378865420902,1.65300769528189,2.11294741411449,0.225481984062264,4.35076380676328,3.10769963516056,1.31320855498039,-0.0701443833776693,13.6904255503182,18.8153224902875,1.82293631594994,0.201470213117608,0.169851071291373,0.01459101998346,1.01089795258098,3.74544394877155,0.677301628229257,0.372457904356882,0.606538771548588,0.252724488145245,0.212613471913178,0.458730536040359,-0.00121891355686498,4.62811764605341e-06,0.989065867201592,1.00118000089247,0.987900144149822,0.5301780086725,0.053748182932196,0.416073808395304,1.10246694837024,1.09865621569446,0.714288288950465,0.301834025772442,-0.0161223147229066,-0.000201372431232289,0.965571111871347,0.0197963100292335,0.988982226457146,-0.000387623838448536,0.67,0.1,1.025,0.7,0.6,0.25,0.4,0.005,0.975,0.8,0.1,1.27749853285152,0.865238709521286,0.510999413140607,0.271470014193163,0.32036611951646,0.484217485101092,-1.30505590237641,2.47692007872696,7.46910661631454
126,-0.00382939037214199,0.78647788803538,0.10137735833227,-0.00472701293729827,-0.00472447666519604,-0.00257288097470165,0.0147221534642759,0.00903111106022306,0.00800759439290461,10.5932757967203,15.4011945909998,1.64897516456497,2.10603087949335,0.22475140976377,4.34350563297625,3.11396322344336,1.29954345614694,-0.0700010466140489,13.6960539334947,18.7583523887607,1.8182856214644,0.201635407886087,0.169408763754386,0.0145600937497086,1.00969949066201,3.73888541180988,0.676498658743546,0.371862858714613,0.605819694397205,0.252424872665502,0.212820494554956,0.458673357109793,-0.00119947323083375,4.78799789513611e-06,0.989116811274798,1.001151462676,0.987979190112722,0.529701629361712,0.0536997518889894,0.416598618749299,1.1024599861304,1.09864853121556,0.716923951888514,0.299192303626983,-0.0161162555154976,-0.000197294106182653,0.965571111871347,0.0197963100292335,0.989034962871222,-0.000387623838448536,0.67,0.1,1.025,0.7,0.6,0.25,0.4,0.005,0.975,0.8,0.1,1.27713154206968,0.865908903588784,0.510852616827872,0.2711389389621,0.319819223434375,0.484004024044609,-1.30356368794326,2.45334993156975,7.47473247221035
127,-0.00385688956163629,0.788123842235536,0.101377155940665,-0.00472651531962376,-0.00472452833354609,-0.00264159902577665,0.0147280215919748,0.00903485511502312,0.00801097439096658,10.5925868663544,15.3655736378709,1.64506127820056,2.09932609461432,0.224043258466081,4.33644670117598,3.12009643751644,1.28621233211927,-0.0698620684597269,13.7014585619947,18.7029883485828,1.81377255368758,0.20179537756022,0.168978789966976,0.014530085480667,1.00853590429677,3.73250538989212,0.675719055878838,0.371285945035313,0.605121542578063,0.252133976074193,0.213020119436399,0.458616549890189,-0.00118023129420352,4.91585006451438e-06,0.989166754981838,1.00112382599056,0.988056351573806,0.529240260240788,0.0536528723925085,0.417106867366704,1.10245319913691,1.09864104228727,0.719505312188044,0.296605128749874,-0.0161104409379184,-0.000193185670661275,0.965571111871347,0.0197963100292335,0.989086690259584,-0.000387623838448536,0.67,0.1,1.025,0.7,0.6,0.25,0.4,0.005,0.975,0.8,0.1,1.27677183056974,0.866556428797638,0.510708732227897,0.27081654406812,0.319285592313208,0.48379778265029,-1.3021123631301,2.43029948540589,7.48032861989148
128,-0.00388352140258222,0.789720704450015,0.101376997381837,-0.00472612547130424,-0.004724568811867,-0.00270798506716585,0.0147337460364946,0.00903850748852715,0.00801427160368976,10.5918129006686,15.3309949652132,1.64126266678304,2.09282663444409,0.223356830816652,4.32958273853886,3.12610202858887,1.27320801496027,-0.0697273050102778,13.7066526192762,18.6491884515187,1.80939316081969,0.201950338716852,0.168560829489506,0.0145009682302822,1.00740626427989,3.72630018952071,0.674962197067524,0.370726607495076,0.604443758567932,0.251851566069972,0.213212648698118,0.458560204479143,-0.0011612095497802,5.01434626626832e-06,0.989215690621711,1.0010970609904,0.988131649935183,0.528793408733631,0.0536074880127217,0.417599103253647,1.10244658430589,1.098633745285,0.722033095883013,0.294071759762686,-0.0161048556456988,-0.000189060068067722,0.965571111871347,0.0197963100292335,0.989137398151127,-0.000387623838448536,0.67,0.1,1.025,0.7,0.6,0.25,0.4,0.005,0.975,0.8,0.1,1.27641945969777,0.86718214884205,0.510567783879109,0.270502662367633,0.318764997266475,0.483598592869077,-1.30070084600365,2.40776075104526,7.48589258030588
129,-0.0039093145478394,0.791269933003427,0.101376873162732,-0.0047258200529392,-0.00472460052363277,-0.00277212661901149,0.0147393289859471,0.0090420695808753,0.0080174872983367,10.590963558811,15.2974303197959,1.63757605745579,2.08652624920372,0.222691451393611,4.3229094407443,3.13198263566332,1.26052342422724,-0.0695966191462615,13.7116483200328,18.5969114912523,1.80514360563426,0.202100495539669,0.168154567705559,0.0144727159311251,1.00630965659767,3.72026607396535,0.674227469920442,0.370184306227376,0.603785793958604,0.251577414149419,0.213398369981207,0.4585044002403,-0.00114242717965426,5.08602957454616e-06,0.989263613496207,1.00107113887942,0.98820510858356,0.528360598893594,0.0535635454182208,0.418075855688185,1.10244013849322,1.098626636536,0.724508037606282,0.291591448191477,-0.0160994857977591,-0.000184928985047538,0.965571111871347,0.0197963100292335,0.989187079352388,-0.000387623838448536,0.67,0.1,1.025,0.7,0.6,0.25,0.4,0.005,0.975,0.8,0.1,1.27607446757441,0.867786888727933,0.510429787029765,0.270197124147087,0.318257205510177,0.483406283309511,-1.29932808970832,2.38572563296131,7.49142193468178
130,-0.00393429664185022,0.792772944163109,0.101376775846253,-0.00472558077959118,-0.00472462536745366,-0.00283410743844326,0.0147447727128551,0.00904554284543107,0.00802062278982994,10.5900477053455,15.2648519425134,1.63399826734256,2.08041886257946,0.222046467231467,4.31642248731692,3.13774079495897,1.2481515722947,-0.069469879936754,13.7164569837617,18.5461170073577,1.80102015796218,0.202246040660025,0.167759696016152,0.0144453033249071,1.00524518332777,3.71439927824086,0.673514272829605,0.369658517121593,0.603147109996661,0.251311295831942,0.213577557202801,0.458449206783551,-0.00112390092060602,5.1333026339551e-06,0.989310521627667,1.00104603187494,0.98827675264314,0.527941370967791,0.0535209940245651,0.418537635007644,1.10243385850725,1.09861971233202,0.726930879490758,0.289163439390417,-0.0160943188811752,-0.000180802929484016,0.965571111871347,0.0197963100292335,0.989235729650918,-0.000387623838448536,0.67,0.1,1.025,0.7,0.6,0.25,0.4,0.005,0.975,0.8,0.1,1.27573687130251,0.868371436667577,0.510294748521002,0.269899757808627,0.317761981237849,0.483220680157785,-1.29799308108644,2.36418595119125,7.49691433340676
131,-0.00395849435637212,0.794231113079929,0.101376699605987,-0.0047253933262148,-0.00472464483074952,-0.00289400770158255,0.0147500795609365,0.00904892878041947,0.00802367943324136,10.58907347002,15.2332325925755,1.63052619850762,2.0744985694853,0.221421246592543,4.3101175553065,3.14337894851839,1.23608556889248,-0.0693469621043688,13.7210891031856,18.4967653123489,1.79701918890374,0.202387155941669,0.167375911987272,0.0144187059079485,1.00421196335942,3.70869602253222,0.672822015450809,0.369148731570619,0.60252717801565,0.251052990839854,0.213750471294471,0.458394684859197,-0.00110564524136836,5.15842207980127e-06,0.989356415495121,1.00102171317185,0.988346608746615,0.527535280930861,0.0534797857064881,0.418984933362651,1.10242774112037,1.09861296894081,0.729302370105509,0.28678697344824,-0.0160893435537485,-0.000176691310025636,0.965571111871347,0.0197963100292335,0.989283347535969,-0.000387623838448536,0.67,0.1,1.025,0.7,0.6,0.25,0.4,0.005,0.975,0.8,0.1,1.27540666903564,0.868936545912791,0.510162667614255,0.269610390495623,0.317279086418504,0.48304160800573,-1.29669483877449,2.34313346154089,7.50236750350556
132,-0.00398193342566762,0.79564577476832,0.101376639877375,-0.00472524647010442,-0.00472466007880257,-0.0029519041774031,0.0147552519329701,0.00905222892124942,0.00802665861689622,10.5880483034215,15.2025455667471,1.62715683405177,2.06875963346305,0.220815177927514,4.30399033143858,3.14889945205802,1.22431862493154,-0.0692277455509742,13.7255544077883,18.4488175126903,1.79313716631623,0.202524013212141,0.167002919457317,0.0143928998879233,1.00320913295945,3.70315252418065,0.672150119082833,0.368654456180283,0.601925479775671,0.250802283239863,0.213917360903312,0.45834088717413,-0.00108767251773949,5.16349714740139e-06,0.989401297788554,1.0009981569072,0.988414704823752,0.52714190000057,0.0534398745606331,0.419418225438797,1.10242178307962,1.09860640261658,0.731623263429943,0.284461286074106,-0.0160845495040495,-0.000172602515222358,0.965571111871347,0.0197963100292335,0.98932993393684,-0.000387623838448536,0.67,0.1,1.025,0.7,0.6,0.25,0.4,0.005,0.975,0.8,0.1,1.27508384190691,0.869482936517918,0.510033536762762,0.269328848659498,0.316808281521799,0.482868890593056,-1.29543241110022,2.32255987416332,7.50777925485623
133,-0.00400463868093996,0.79701822511,0.101376593084421,-0.00472513141904285,-0.00472467202452498,-0.0030078703933677,0.014760292279688,0.00905544483348461,0.00802956175605942,10.5869790287288,15.1727647142655,1.62388723504488,2.06319648379177,0.220227668981509,4.29803652286276,3.15430458211882,1.21284405568459,-0.0691121149406455,13.7298619227352,18.4022355245316,1.78937065123481,0.202656774943719,0.166640428610004,0.0143678621490721,1.00223584620512,3.69776500834236,0.671498016957433,0.3681752124505,0.601341507723074,0.250558961551281,0.214078463056119,0.458287859137181,-0.00106999320266683,5.1504913765863e-06,0.989445173180828,1.00097533812566,0.98848106990686,0.526760814144609,0.0534012167083565,0.419837969147035,1.10241598111632,1.09860000960956,0.733894317868162,0.28218560945982,-0.016079927327982,-0.000168543990827773,0.965571111871347,0.0197963100292335,0.989375491978834,-0.000387623838448536,0.67,0.1,1.025,0.7,0.6,0.25,0.4,0.005,0.975,0.8,0.1,1.27476835581982,0.870011297027439,0.509907342327928,0.26905495857033,0.316349326174928,0.482702351470132,-1.29420487398428,2.30245687058954,7.51314748527216
134,-0.00402663408386592,0.798349721869322,0.101376556425599,-0.00472504128494333,-0.00472468138311577,-0.00306197679290554,0.0147652030896316,0.00905857810642432,0.0080323902871699,10.5858718897821,15.1438644479839,1.62071453806776,2.05780371236657,0.219658146012479,4.29225186661907,3.15959654257054,1.20165528338348,-0.0689999593349476,13.7340200234519,18.3569820848392,1.78571629496904,0.202785594886812,0.166288156017558,0.0143435702237473,1.00129127530186,3.69252971742734,0.670865154452248,0.367710536436124,0.600774765181117,0.250322818825466,0.214234003787509,0.458235639539982,-0.0010526159893862,5.12122646811301e-06,0.989488048116599,1.00095323274571,0.988545733952359,0.526391623585656,0.0533637701303939,0.42024460628395,1.10241033195475,1.09859378617451,0.736116295304753,0.279959173115813,-0.0160754684205653,-0.000164522314313045,0.965571111871347,0.0197963100292335,0.989420026756462,-0.000387623838448536,0.67,0.1,1.025,0.7,0.6,0.25,0.4,0.005,0.975,0.8,0.1,1.27446016310532,0.870522286085382,0.509784065242126,0.268788546774318,0.315901979755761,0.482541814587369,-1.2930113289662,2.28281611929552,7.51847018456597
135,-0.00404794275912661,0.799641485711031,0.101376527706119,-0.00472497067147726,-0.0047246887148803,-0.00311429088489978,0.0147699868799144,0.00906163034725729,0.00803514566258951,10.5847325956847,15.1158197522202,1.61763595319167,2.05257607039727,0.21910605309627,4.28663213793536,3.16477747051988,1.19074583929049,-0.0688911718750116,13.7380364861301,18.3130207585084,1.7821708366816,0.202910618658681,0.165945824658265,0.0143200022686696,1.00037461080144,3.68744291942087,0.670250989236965,0.367259978393813,0.600224766480864,0.25009365270036,0.214384198733094,0.458184261179092,-0.00103554796637392,5.07738762625157e-06,0.989529930617454,1.00093181752708,0.988608727677582,0.526033942309922,0.053327494526941,0.420638563163137,1.10240483232008,1.09858772857847,0.738289960202694,0.277781204678787,-0.0160711648814803,-0.000160543265976413,0.965571111871347,0.0197963100292335,0.989463545123355,-0.000387623838448536,0.67,0.1,1.025,0.7,0.6,0.25,0.4,0.005,0.975,0.8,0.1,1.27415920405013,0.871016533965683,0.509663681620054,0.268529440501563,0.315466001926727,0.482387104817078,-1.29185090141836,2.26362928989274,7.5237454377013
136,-0.00406858702587375,0.800894701213342,0.101376505206528,-0.00472491535100694,-0.0047246944587761,-0.00316487738542537,0.0147746461878295,0.00906460317575022,0.00803782934583228,10.5835663621549,15.0886061877319,1.6146487622667,2.04750846496951,0.218570851498971,4.28117315746144,3.16984944166958,1.18010936529662,-0.0687856495047631,13.7419185344257,18.2703159419728,1.77873110130557,0.203031984290297,0.165613163911949,0.0142971370446667,0.999485061733902,3.68250091518447,0.669654991361715,0.366823102419862,0.599691037040341,0.249871265433476,0.214529253689066,0.458133751424501,-0.00101879476337358,5.02052988281057e-06,0.989570830102442,1.000911070039,0.988670082411904,0.525687397583034,0.0532923511980828,0.421020251218883,1.10239947894538,1.09858183310771,0.740416078743512,0.275650930689377,-0.0160670094328888,-0.000156611896230714,0.965571111871347,0.0197963100292335,0.989506055498177,-0.000387623838448536,0.67,0.1,1.025,0.7,0.6,0.25,0.4,0.005,0.975,0.8,0.1,1.27386540830274,0.871494644023947,0.509546163321095,0.26827746802774,0.315041153113795,0.482238048413359,-1.29072273897418,2.2448880660302,7.52897142712883
137,-0.00408858842809756,0.80211051787098,0.10137648757976,-0.00472487201148231,-0.00472469895869432,-0.00321379835202484,0.0147791835632447,0.00906749821943416,0.00804044280724082,10.582377949836,15.0621998941868,1.61175031742314,2.04259595550407,0.218052019101696,4.27587079753816,3.17481447517263,1.1697396150954,-0.068683292729871,13.745672882603,18.2288328637665,1.77539399769393,0.203149822734032,0.165289909536449,0.014274953898973,0.998621855664775,3.67770004482744,0.669076643295399,0.366399486082975,0.599173113398865,0.249655463916194,0.21466936513962,0.458084132739165,-0.00100236068814883,4.95208500699957e-06,0.989610757223112,1.00089096862976,0.988729829961307,0.525351629476032,0.0532583029405839,0.421390067583384,1.10239426857806,1.09857609607385,0.742495418009481,0.273567577338604,-0.0160629953480857,-0.000152732588854286,0.965571111871347,0.0197963100292335,0.989547567685769,-0.000387623838448536,0.67,0.1,1.025,0.7,0.6,0.25,0.4,0.005,0.975,0.8,0.1,1.27357869616339,0.871957194072173,0.509431478465357,0.268032458993265,0.314627194934759,0.482094473415259,-1.28962601017339,2.22658415709505,7.53414643439455
138,-0.00410796776388322,0.803290051084153,0.101376473770489,-0.00472483805815183,-0.00472470248404799,-0.00326111331084233,0.0147836015617293,0.00907031710925374,0.00804298752007864,10.5811716997668,15.0365775904543,1.60893803971486,2.03783375014468,0.217549049866572,4.27072098759237,3.17967453802279,1.15963045497697,-0.0685840054073914,13.7493057753707,18.1885375824368,1.77215651692344,0.20326425833483,0.16497580362777,0.0142534327493964,0.997784238687575,3.6730366932337,0.668515439920675,0.365988720055123,0.598670543212545,0.249446059671894,0.21480472075377,0.458035423153781,-0.000986248853876907,4.8733687277302e-06,0.989649723712173,1.0008714923973,0.988788002485468,0.525026290403417,0.0532253139578992,0.421748395638684,1.1023891979855,1.09857051381944,0.744528745207338,0.271530371182294,-0.0160591163896324,-0.000148909120166258,0.965571111871347,0.0197963100292335,0.989588092712692,-0.000387623838448536,0.67,0.1,1.025,0.7,0.6,0.25,0.4,0.005,0.975,0.8,0.1,1.27329897976538,0.872404737678638,0.509319591906154,0.267794244683474,0.314223890580807,0.481956209998173,-1.28855990331294,2.20870930879659,7.53926884110034
139,-0.00412674511355863,0.804434383130478,0.101376462951945,-0.00472481145821635,-0.00472470524590218,-0.00330687937694596,0.0147879027383577,0.009073061475645,0.00804546495700728,10.579951566206,15.0117165730061,1.6062094178532,2.03321720210009,0.217061453335427,4.26571971874164,3.18443154901956,1.14977586428365,-0.068487694561572,13.7528230246398,18.1493969821652,1.7690157306969,0.203375409267301,0.164670594566247,0.0142325540698391,0.996971475360353,3.6685072948228,0.667970888491436,0.365590407743002,0.598182885216212,0.249242868840088,0.21493549985309,0.457987636700605,-0.000970461297369331,4.78558798419149e-06,0.989687742244895,1.00085262116087,0.988844632386506,0.524711044674552,0.053193349780926,0.422095605544522,1.10238426396017,1.09856508272283,0.746516826932771,0.269538539822965,-0.016055366755736,-0.00014514471411013,0.965571111871347,0.0197963100292335,0.989627642676304,-0.000387623838448536,0.67,0.1,1.025,0.7,0.6,0.25,0.4,0.005,0.975,0.8,0.1,1.27302616415429,0.87283780539567,0.509210465661717,0.26756265827317,0.313831005155196,0.481823090778067,-1.28752362548392,2.19125531271557,7.54433712928972
140,-0.00414493986674788,0.805544564117695,0.101376454476414,-0.0047247906191259,-0.00472470740961106,-0.00335115136818276,0.0147920896421401,0.00907573294500943,0.00804787658691959,10.578721146994,14.9875947126786,1.60356200699413,2.02874180596184,0.216588754154785,4.26086304768611,3.18908738234348,1.14016993556444,-0.0683942702218085,13.7562300434266,18.1113787664075,1.7659687898039,0.203483387941123,0.164374036950758,0.0142122988767904,0.996182848593911,3.66410833761807,0.66744250855792,0.365204164921928,0.597709709156347,0.249045712148478,0.215061873851964,0.457940783809796,-0.000954999088309172,4.68984818733626e-06,0.989724826312399,1.00083433543392,0.988899752208539,0.524405568059267,0.0531623771975384,0.422432054743195,1.1023794633241,1.09855979920246,0.748460428474775,0.267591312558993,-0.0160517410337679,-0.000141442093353345,0.965571111871347,0.0197963100292335,0.989666230606524,-0.000387623838448536,0.67,0.1,1.025,0.7,0.6,0.25,0.4,0.005,0.975,0.8,0.1,1.27276014827228,0.873256905918361,0.509104059308911,0.267337535038754,0.313448305972565,0.481694951072842,-1.28651640177173,2.17421401489691,7.54934988132516
141,-0.00416257074835282,0.806621612915647,0.101376447836462,-0.00472477429323404,-0.00472470910471723,-0.00339398191290263,0.0147961648110303,0.0090783331365537,0.00805022387210141,10.5774837116264,14.964190450023,1.60099342755281,2.02440319401625,0.216130491622376,4.25614709995814,3.19364387077467,1.13080687446274,-0.0683036452792655,13.7595318771062,18.0744514498323,1.76301292261243,0.203588301376965,0.164085891522778,0.0141926487165144,0.995417659498372,3.65983636668906,0.666929831863909,0.364829619373863,0.597250595699023,0.248854414874593,0.215184006671851,0.457894871671434,-0.000939862429937153,4.58716023572302e-06,0.989760990105992,1.00081661639791,0.988953394547241,0.5241095473681,0.0531323641893537,0.422758088442546,1.10237479293286,1.09855465972064,0.750360313158838,0.265687921001099,-0.0160482341599371,-0.000137803526577545,0.965571111871347,0.0197963100292335,0.989703870339438,-0.000387623838448536,0.67,0.1,1.025,0.7,0.6,0.25,0.4,0.005,0.975,0.8,0.1,1.27250082585407,0.873662527177431,0.509000330341628,0.267118712540901,0.313075562822242,0.481571629124804,-1.28553747459541,2.15757732356006,7.55430577931732
142,-0.00417965584349139,0.807666518066478,0.101376442634549,-0.00472476150310119,-0.00472471043270772,-0.00343542155188448,0.0148001307674662,0.00908086365946641,0.00805250826569612,10.5762422272029,14.9414827894421,1.59850136402769,2.02019713256597,0.215686219251583,4.25156807259502,3.19810280858556,1.12168099936862,-0.0682157353591616,13.7627332322125,18.0385843488047,1.76014543357284,0.203690251555033,0.16380592508186,0.014173585652733,0.994675227194005,3.65568798703019,0.666432402219983,0.364466410530627,0.596805136316403,0.248668806798501,0.215302055131077,0.457849904566108,-0.000925050751575609,4.4784473134646e-06,0.989796248411753,1.00079944587729,0.989005591968636,0.523822680047381,0.0531032798744991,0.423074040078119,1.10237024967907,1.09854966078686,0.752217241727836,0.263827599656422,-0.0160448413842578,-0.000134230872063022,0.965571111871347,0.0197963100292335,0.989740576401928,-0.000387623838448536,0.67,0.1,1.025,0.7,0.6,0.25,0.4,0.005,0.975,0.8,0.1,1.27224808624113,0.874055137369566,0.508899234496454,0.266906030780584,0.312712548198645,0.481452966287939,-1.28458610316309,2.14133721599677,7.5592036041612
143,-0.0041962126214248,0.808680238672426,0.101376438559235,-0.00472475148297524,-0.00472471147309017,-0.00347551883478991,0.0148039900144008,0.0090833261104049,0.00805473120944776,10.5749993824049,14.9194512922886,1.59608356382252,2.01611951827414,0.215255504351175,4.24712223629369,3.20246595413598,1.11278674086388,-0.0681304587061677,13.7658385029675,18.0037475706309,1.75736370172219,0.203789335738208,0.163533910393909,0.0141550922546601,0.993954888591476,3.65165986593228,0.665949775356289,0.364114189123298,0.596372933154886,0.248488722147869,0.215416169311589,0.457805884166707,-0.000910562793472612,4.36455136305155e-06,0.989830616514618,1.00078280631547,0.989056376936398,0.52354467378913,0.0530750944553983,0.423380231755471,1.10236583049543,1.09854479896066,0.75403197175946,0.262009586480602,-0.016041558240062,-0.000130725617831058,0.965571111871347,0.0197963100292335,0.989776363906533,-0.000387623838448536,0.67,0.1,1.025,0.7,0.6,0.25,0.4,0.005,0.975,0.8,0.1,1.2720018151202,0.874435185928562,0.508800726048082,0.266699332331012,0.31235903750169,0.481338807183396,-1.28366156302221,2.12548574472191,7.56404223422884
144,-0.00421225795850867,0.809663705260838,0.101376435366526,-0.00472474363294562,-0.00472471228815308,-0.00351432041145294,0.014807745031781,0.00908572207126636,0.00805689413169953,10.5737576096467,14.8980760690837,1.59373783605943,2.01216637454219,0.214837927618381,4.24280593710202,3.2067350321972,1.10411864098559,-0.0680477360807649,13.7688517957115,17.9699120017609,1.75466517918234,0.20388564677161,0.163269626093475,0.0141371515852894,0.993255998146119,3.64774873489878,0.6654815187579,0.36377261683848,0.595953598887672,0.24831399953653,0.215526492904052,0.457762809813814,-0.000896396684426204,4.24623924123926e-06,0.98986411011124,1.0007666807517,0.989105781746981,0.523275246155591,0.0530477791707955,0.423676974673613,1.10236153235741,1.09854007085403,0.75580525711895,0.26023312339846,-0.0160383805174092,-0.000127288918506627,0.965571111871347,0.0197963100292335,0.989811248455792,-0.000387623838448536,0.67,0.1,1.025,0.7,0.6,0.25,0.4,0.005,0.975,0.8,0.1,1.27176189519201,0.874803104440569,0.508704758076804,0.266498462447837,0.312014809209851,0.481228999826288,-1.2827631456856,2.11001504293839,7.56882064376418
145,-0.00422780816020433,0.810617820626305,0.101376432865275,-0.00472473748302638,-0.00472471292669474,-0.00355187111830513,0.0148113982734412,0.00908805310722079,0.00805899844562768,10.5725191055347,14.8773377709924,1.59146205037909,2.00833384793033,0.214433082743865,4.23861559769578,3.21091173602905,1.09567135233149,-0.0679674906647605,13.7717769513915,17.9370492951168,1.75204738964806,0.203979273360322,0.163012856581144,0.0141197471898695,0.992577927590248,3.64395139115432,0.665027211485466,0.363441365981962,0.595546756554149,0.248144481897562,0.215633163532615,0.457720678766931,-0.000882550012690084,4.12420850360949e-06,0.989896745230953,1.00075105279899,0.989153838471933,0.523014124218132,0.0530213062513903,0.423964569530478,1.10235735228547,1.09853547313353,0.757537847445893,0.258497456793942,-0.0160353042398347,-0.000123921629115948,0.965571111871347,0.0197963100292335,0.989845246055357,-0.000387623838448536,0.67,0.1,1.025,0.7,0.6,0.25,0.4,0.005,0.975,0.8,0.1,1.27152820677574,0.875159307506637,0.508611282710297,0.266303269159826,0.311679645028395,0.481123395726725,-1.28189015831684,2.09491732937316,7.57353790102083
146,-0.00424287898218707,0.811543460649952,0.10137643090573,-0.00472473266501849,-0.00472471342694492,-0.00358821406021892,0.014814952164373,0.00909032076498239,0.00806104554768958,10.57128584976,14.85721758068,1.58925413572704,2.00461820462845,0.214040576027573,4.23454771828634,3.21499772923275,1.08743963702805,-0.0678896479744627,13.774617566259,17.9051318567035,1.74950792686467,0.204070300326869,0.162763391916965,0.0141028630845236,0.99192006564711,3.6402646987887,0.664586443983564,0.363120119150168,0.595152039388266,0.247980016411778,0.215736313060587,0.457679486433532,-0.000869019890622854,3.99909284438428e-06,0.9899285381642,1.0007359066229,0.989200578906804,0.522761044210142,0.0529956488785767,0.424243306911281,1.10235328734707,1.09853100252201,0.759230487673856,0.256801837970105,-0.016032325643962,-0.000120624336037359,0.965571111871347,0.0197963100292335,0.9898783730352,-0.000387623838448536,0.67,0.1,1.025,0.7,0.6,0.25,0.4,0.005,0.975,0.8,0.1,1.27130062835442,0.875504193555692,0.508520251341766,0.266113603341965,0.311353330015035,0.481021849967676,-1.28104192346076,2.08018491253704,7.57819316618019
147,-0.00425748565058839,0.812441475096091,0.101376429370571,-0.00472472889046471,-0.00472471381885409,-0.00362339068803763,0.0148184090983415,0.0090925265713006,0.00806303681626912,10.5700596225411,14.8376972026576,1.58711207912629,2.00101582698373,0.213660026004704,4.23059887719984,3.21899464740007,1.07941836558005,-0.0678141357802756,13.7773770109129,17.8741328316311,1.74704445309571,0.204158808849957,0.16252102771074,0.014086483744988,0.991281817729631,3.6366855895756,0.664158817878853,0.36280856890964,0.594769090637779,0.247820454432408,0.215836067878229,0.457639226577815,-0.000855803013534345,3.87146718860962e-06,0.989959505397839,1.00072122692116,0.98924603452609,0.522515751193517,0.0529707811458802,0.424513467660603,1.10234933465827,1.09852665580006,0.760883917581584,0.255145523579985,-0.0160294411615692,-0.000117397385289902,0.965571111871347,0.0197963100292335,0.989910645978287,-0.000387623838448536,0.67,0.1,1.025,0.7,0.6,0.25,0.4,0.005,0.975,0.8,0.1,1.27107903706596,0.875838145610898,0.508431614826385,0.265929318772819,0.311035652685137,0.480924221262118,-1.28021777880747,2.06581019445724,7.58278568908359
148,-0.00427164288140867,0.813312688386512,0.101376428167887,-0.00472472593338047,-0.00472471412588593,-0.00365744087204489,0.0148217714358166,0.00909467203165051,0.00806497361050149,10.5688420207268,14.8187588532134,1.58503392443788,1.99752321009002,0.213291063081248,4.22676573116504,3.22290409957795,1.07160251561879,-0.0677408840316928,13.7800584478168,17.8440260896731,1.74465469758289,0.204244876685865,0.162285565009932,0.0140705940954581,0.990662605626765,3.63321106350217,0.663743945769933,0.362506417484772,0.594397563376059,0.247665651406691,0.215932549173766,0.457599891510845,-0.000842895713184046,3.74185242456844e-06,0.989989663556776,1.00070699890418,0.98929023644369,0.522277998738282,0.052946678022759,0.424775323238959,1.10234549138511,1.09852242980715,0.762498871374545,0.253527776029219,-0.0160266474037635,-0.000114240908378107,0.965571111871347,0.0197963100292335,0.989942081656121,-0.000387623838448536,0.67,0.1,1.025,0.7,0.6,0.25,0.4,0.005,0.975,0.8,0.1,1.27086330914456,0.876161532012289,0.508345323657826,0.265750272177792,0.310726405098399,0.480830371991657,-1.27941707698025,2.05178567392761,7.58731480680879
149,-0.00428536489913581,0.814157900352773,0.101376427225672,-0.00472472361672316,-0.00472471436642274,-0.00369040297161405,0.0148250415021935,0.00909675862910633,0.00806685726926218,10.5676344726586,14.8003852500154,1.58301777111159,1.99413695844335,0.212933329178726,4.22304501534326,3.22672766956624,1.06398717056389,-0.0676698247868573,13.7826648474099,17.8147862104616,1.742336455001,0.204328578373779,0.162056810185812,0.0140551794975369,0.990061867179933,3.62983818904165,0.663341451010555,0.362213376453853,0.59403712030796,0.247515466794983,0.216025873188686,0.457561472263639,-0.000830294006348792,3.61071980425849e-06,0.990019029351397,1.00069320827637,0.98933321537841,0.52204754861489,0.0529233153204982,0.425029136064611,1.10234175474469,1.09851832144254,0.764076077295604,0.251947863851364,-0.0160239411469681,-0.000111154845835128,0.965571111871347,0.0197963100292335,0.989972696970605,-0.000387623838448536,0.67,0.1,1.025,0.7,0.6,0.25,0.4,0.005,0.975,0.8,0.1,1.27065332031641,0.876474707098333,0.508261328126566,0.265576323259798,0.310425382928786,0.48074016822865,-1.27863918533931,2.03810394931818,7.59177994111849
150,-0.00429866545460473,0.814977886966915,0.101376426487517,-0.00472472180179317,-0.00472471455486556,-0.00372231390126077,0.014828221586275,0.00909878782338087,0.00806868911030539,10.5664382518874,14.7825596014607,1.58106177292973,1.99085378266658,0.212586477387837,4.21943354313105,3.23046691706462,1.05656751821243,-0.0676008921460054,13.78519900292,17.7863884684151,1.74008758391085,0.204409985426277,0.161834574818425,0.0140402257392882,0.989479055951738,3.62656410319883,0.662950967487665,0.361929166453467,0.593687433571043,0.247369763987935,0.216116151458307,0.457523958744636,-0.000817993638829776,3.47849505000364e-06,0.990047619530339,1.00067984121812,0.989375001624055,0.521824170498719,0.052900669659973,0.425275159841308,1.10233812200608,1.09851432766599,0.765616257263634,0.250405062056837,-0.0160213193204702,-0.000108138968702431,0.965571111871347,0.0197963100292335,0.990002508901714,-0.000387623838448536,0.67,0.1,1.025,0.7,0.6,0.25,0.4,0.005,0.975,0.8,0.1,1.27044894615377,0.87677801184903,0.50817957846151,0.265407334718707,0.310132385519352,0.480653479743685,-1.27788348579555,2.02475772098223,7.59618059580549
151,-0.00431155784213111,0.815773401051056,0.101376425909227,-0.00472472037992944,-0.00472471470249658,-0.00375320919331135,0.0148313139389931,0.00910076105001673,0.00807047042953872,10.5652544898309,14.765265595837,1.57916413674662,1.98767049630616,0.21225017163081,4.21592820576294,3.2341233786837,1.04933884926749,-0.0675340221882416,13.7876635439821,17.7588088174788,1.73790600521359,0.204489166506073,0.161618675580874,0.0140257190244013,0.988913640888916,3.62338601135491,0.662572139395574,0.361653516891267,0.59334818453335,0.247228410222229,0.216203491038561,0.457487339882856,-0.000805990125318482,3.34556210970019e-06,0.990075450838145,1.00066688436866,0.98941562502371,0.521607641686273,0.0528787184410952,0.425513639872632,1.10233459049098,1.09851044549817,0.767120126538879,0.248898652456438,-0.0160187789953174,-0.000105192898037085,0.965571111871347,0.0197963100292335,0.990031534460491,-0.000387623838448536,0.67,0.1,1.025,0.7,0.6,0.25,0.4,0.005,0.975,0.8,0.1,1.27025006239093,0.877071774492937,0.508100024956372,0.265243172260791,0.309847215923422,0.480570180000064,-1.27714937462926,2.01173979329586,7.60051635395698
152,-0.00432405491595188,0.816545172966346,0.10137642545618,-0.00472471926600415,-0.00472471481815462,-0.00378312305738471,0.0148343129323624,0.00910267463737281,0.00807219787029594,10.5640906792934,14.7484982998813,1.57732436914227,1.984583827939,0.21192406562846,4.21252597630674,3.23769858363147,1.0422965477046,-0.0674691550293319,13.7900674407228,17.732034600426,1.73579092782556,0.204566172517851,0.161408942200551,0.014011648084156,0.98836510598123,3.62030119144702,0.662204621007424,0.361386170177958,0.593019063588738,0.247091276495308,0.216287994719848,0.457451603707992,-0.000794278729018332,3.21232300762174e-06,0.990102539893146,1.00065432480947,0.989455114863635,0.52139774682265,0.0528574398137864,0.425744813363564,1.10233116930386,1.09850668611538,0.768588396029431,0.247427921813261,-0.0160163178426924,-0.000102315817601094,0.965571111871347,0.0197963100292335,0.990059790562672,-0.000387623838448536,0.67,0.1,1.025,0.7,0.6,0.25,0.4,0.005,0.975,0.8,0.1,1.27005654520534,0.87735631098458,0.508022618082136,0.265083744757942,0.30956969642497,0.48049011073486,-1.27643630238282,1.99904306080389,7.60478690991508
153,-0.00433616910600332,0.817293911281771,0.10137642510125,-0.00472471839332589,-0.00472471490876414,-0.00381208843687331,0.0148372372364967,0.00910454066610253,0.00807388242697275,10.5629340363091,14.7322193538903,1.57553815131074,1.98159117911241,0.211607887867496,4.20922389478056,3.24119400757743,1.03543611486507,-0.0674062276619422,13.7923993813543,17.7060204928008,1.73373780694768,0.204641098785503,0.161205184081577,0.0139979954313871,0.987832950324009,3.61730697939111,0.661848076717086,0.361126863308158,0.592699770194405,0.246958237581002,0.21636976131777,0.457416737568522,-0.000782854804959719,3.07883468193741e-06,0.990128903412057,1.00064215004847,0.989493500113002,0.521194277639769,0.0528368126503482,0.425968909709884,1.10232783118737,1.09850301699785,0.770021763716764,0.245992168847342,-0.0160139325641059,-9.95076983003871e-05,0.965571111871347,0.0197963100292335,0.990087294255123,-0.000387623838448536,0.67,0.1,1.025,0.7,0.6,0.25,0.4,0.005,0.975,0.8,0.1,1.26986827198923,0.87763192573782,0.507947308795691,0.264928838989966,0.309299604768487,0.480413227634098,-1.27574363934494,1.98666055881129,7.60899195620855
154,-0.00434791243306652,0.818020303423346,0.101376424823189,-0.004724717709647,-0.00472471497975002,-0.00384013706259834,0.0148400802833998,0.0091063548553997,0.00807552018805733,10.5617925464013,14.7164259553791,1.57380522987064,1.9786894449027,0.211301309421005,4.20601908160994,3.24461112324419,1.02875314036236,-0.067345181996615,13.7946687735671,17.6807563308322,1.73174610814112,0.204713989507357,0.161007241643704,0.013984750846092,0.987316686504715,3.614400782931,0.661502179958159,0.36087535474112,0.592390011902829,0.246829171626179,0.216448885585831,0.457382728502511,-0.000771713223892864,2.94572471889048e-06,0.990154557937818,1.00063034800477,0.989530809166604,0.520997032704932,0.0528168165191163,0.426186150775952,1.10232458664215,1.09849945099463,0.771420923223443,0.24459069741681,-0.0160116206402531,-9.67675844547969e-05,0.965571111871347,0.0197963100292335,0.990114062408713,-0.000387623838448536,0.67,0.1,1.025,0.7,0.6,0.25,0.4,0.005,0.975,0.8,0.1,1.26968511993964,0.877898912644192,0.507874047975856,0.264778374914559,0.309036772834924,0.480339375492697,-1.27507082847828,1.97458541178486,7.61313129799449
155,-0.00435929652330884,0.818725016304176,0.101376424605349,-0.004724717174035,-0.0047247150353622,-0.00386729950380182,0.0148428441202748,0.00910811851054502,0.00807711233162394,10.5606669106357,14.7011036524763,1.57212401720838,1.97587581970126,0.21100403428743,4.20290873231716,3.24795138298379,1.02224331091286,-0.0672859615794888,13.7968777382655,17.6562206824079,1.72981399200616,0.204784903326127,0.160814950735036,0.013971902089843,0.986815841560438,3.61158007628447,0.661166613845493,0.360631406515664,0.592089504936263,0.246703960390109,0.216525458680171,0.45734956242794,-0.000760848903569557,2.81309017150109e-06,0.990179519842176,1.00061890699407,0.989567069861533,0.520805817179281,0.0527974316593026,0.426396751161417,1.10232143326878,1.09849598544973,0.772786560369463,0.243222819280518,-0.0160093796499803,-9.40945865130285e-05,0.965571111871347,0.0197963100292335,0.990140111778866,-0.000387623838448536,0.67,0.1,1.025,0.7,0.6,0.25,0.4,0.005,0.975,0.8,0.1,1.269506967926,0.878157553817227,0.507802787170401,0.264632230219123,0.308781018626136,0.480268441934267,-1.27441732419258,1.96281085424391,7.61720480781582
156,-0.00437033262224807,0.81940869693593,0.101376424434687,-0.00472471675442243,-0.00472471507893024,-0.00389360521662807,0.0148455308055265,0.00910983294438077,0.00807866004278684,10.5595577002753,14.6862383543887,1.5704929651927,1.97314758652775,0.210715775808501,4.19989011607681,3.25121621949012,1.01590240821224,-0.0672285116255562,13.7990282484405,17.6323926553041,1.72793966665851,0.204853896913672,0.160628151751273,0.0139594372828664,0.98632995621865,3.60884239902434,0.660841070666495,0.360394787874559,0.59179797373119,0.246582489054662,0.216599568238631,0.457317225090606,-0.000750256678716488,2.68115345302004e-06,0.990203805356699,1.00060781571464,0.989602309521728,0.520620442585701,0.0527786389569428,0.426600918457356,1.10231836864257,1.09849261767336,0.77411935299834,0.241887854267495,-0.0160072072658353,-9.14878118350612e-05,0.965571111871347,0.0197963100292335,0.990165458982671,-0.000387623838448536,0.67,0.1,1.025,0.7,0.6,0.25,0.4,0.005,0.975,0.8,0.1,1.26933369612683,0.878408121700533,0.507733478450733,0.264490285440187,0.308532163957106,0.480200318495444,-1.27378259375733,1.95133023045865,7.62121242318685
157,-0.00438103160816557,0.820071973022215,0.101376424300986,-0.00472471642568706,-0.00472471511306261,-0.00391908259023932,0.0148481423552516,0.00911149944276194,0.00808016448228504,10.5584654028877,14.6718163851885,1.56891057140427,1.97050211364732,0.210436256304235,4.19696057454915,3.25440704624595,1.00972630727869,-0.0671727789754879,13.8011221755139,17.6092519458652,1.72612139363236,0.204921024915977,0.160446689494658,0.0139473448993379,0.985858584529974,3.60618535515342,0.660525251635083,0.360165275277372,0.591515150717984,0.246464646132493,0.216671298535751,0.45728570189104,-0.000739931322259537,2.55011258233704e-06,0.990227430536655,1.00059706323379,0.989636554934885,0.520440726585796,0.0527604199218753,0.426798853492329,1.10231539039316,1.09848934503748,0.775419970783411,0.240585130466333,-0.0160051012497439,-8.89463024467041e-05,0.965571111871347,0.0197963100292335,0.990190120475626,-0.000387623838448536,0.67,0.1,1.025,0.7,0.6,0.25,0.4,0.005,0.975,0.8,0.1,1.26916518614573,0.878650879017355,0.507666074458293,0.264352424032833,0.308290034385323,0.480134900174142,-1.27316611723246,1.94013699485571,7.62515414372931
158,-0.0043914040049927,0.820715453534374,0.101376424196242,-0.00472471616814718,-0.00472471513980277,-0.00394375899069743,0.0148506807428758,0.00911311926432558,0.00808162678627524,10.5573904296913,14.6578244732113,1.56737537795395,1.96793685191079,0.210165206792868,4.19411752066041,3.257525257909,1.00371097480391,-0.0671187120524981,13.8031612970237,17.5867788242655,1.72435748645186,0.204986340057917,0.160270413062652,0.0139356137575351,0.985401293528865,3.60360661210749,0.660218866664339,0.359942652170049,0.591240776117319,0.246350323382216,0.216740730634549,0.457254977941196,-0.000729867564396812,2.42014325204203e-06,0.99025041124297,1.00058663897498,0.989669832346951,0.52026649276552,0.0527427566656883,0.426990750568792,1.10231249620458,1.09848616497571,0.776689075050712,0.239313984398088,-0.0160030594488001,-8.6469044756318e-05,0.965571111871347,0.0197963100292335,0.990214112531202,-0.000387623838448536,0.67,0.1,1.025,0.7,0.6,0.25,0.4,0.005,0.975,0.8,0.1,1.26900132114004,0.878886079152663,0.507600528456015,0.264218532335472,0.308054459188254,0.480072085366851,-1.27256738736529,1.92922471225967,7.62903002833122
159,-0.00440145999469422,0.821339729270193,0.101376424114182,-0.00472471596638369,-0.00472471516075168,-0.00396766080274014,0.0148531478992314,0.00911469364054273,0.00808304806638118,10.5563331221033,14.6442497401747,1.56588597027096,1.96544933216062,0.209902366719083,4.19135843732553,3.26057223064384,0.997852467501131,-0.0670662608194436,13.8051473034588,17.5649541195623,1.72264630918075,0.205049893241772,0.160099175738352,0.0139242330101513,0.984957662897777,3.60110389969649,0.659921634141511,0.359726708760643,0.590974597738666,0.246239415724444,0.216807942530133,0.457225038129059,-0.000720060109623649,2.29140081752299e-06,0.990272763126565,1.00057653270533,0.989702167458487,0.520097570429101,0.0527256318805761,0.427176797690323,1.10230968381467,1.09848307498256,0.777927318620335,0.238073761170903,-0.0160010797912379,-8.4054978403066e-05,0.965571111871347,0.0197963100292335,0.990237451223003,-0.000387623838448536,0.67,0.1,1.025,0.7,0.6,0.25,0.4,0.005,0.975,0.8,0.1,1.2688419859317,0.879113966542528,0.507536794372678,0.264088499530737,0.307825271335653,0.480011775804408,-1.27198590945954,1.91858705795888,7.63284019233545
160,-0.00441120942917068,0.821945373396015,0.101376424049894,-0.00472471580831679,-0.00472471517716366,-0.00399081346956631,0.0148555457127209,0.00911622377582547,0.00808442940979229,10.5552937577782,14.6310796904509,1.56444097591037,1.96303716271096,0.209647483689935,4.18868087612396,3.26354932240604,0.992146930454262,-0.0670153767363413,13.8070818045376,17.5437592049699,1.72098627499877,0.205111733638995,0.159932834882599,0.0139131921348105,0.984527284635296,3.59867500899473,0.659633280705648,0.359517241802214,0.590716370781177,0.246131821158824,0.216873009285617,0.457195867176908,-0.000710503651949876,2.16402206782203e-06,0.990294501614837,1.00056673452368,0.989733585422729,0.519933794400895,0.0527090288190555,0.42735717678005,1.10230695101453,1.09848007261265,0.779135345665362,0.236863814617233,-0.0159991602825949,-8.17030042147223e-05,0.965571111871347,0.0197963100292335,0.990260152409276,-0.000387623838448536,0.67,0.1,1.025,0.7,0.6,0.25,0.4,0.005,0.975,0.8,0.1,1.26868706710193,0.879334777043532,0.507474826840771,0.26396221760361,0.30760230745702,0.479953876484357,-1.27142120122148,1.90821781761173,7.63658480476555
161,-0.00442066184170138,0.822532941972732,0.101376423999529,-0.00472471568448318,-0.00472471519002127,-0.00401324153074323,0.0148578760295572,0.00911771084768201,0.00808577187940548,10.5542725561758,14.6183022005103,1.56303906338131,1.96069802690089,0.20940031321834,4.1860824559379,3.26645787318456,0.986590595471782,-0.0669660127184444,13.8089663349753,17.5231759833763,1.71937584480599,0.205171908775713,0.159771251827899,0.013902480924784,0.984109762728724,3.59631779118911,0.659353541028245,0.359314054382635,0.590465857637234,0.246027440682181,0.21693600316084,0.457167449693692,-0.000701192888439834,2.03812688456497e-06,0.99031564190009,1.00055723484909,0.989764110845148,0.519775004834827,0.0526929312744928,0.427532063890681,1.10230429564782,1.09847715547987,0.780313791587537,0.235683507414534,-0.0159972990020705,-7.941199137253e-05,0.965571111871347,0.0197963100292335,0.990282231719573,-0.000387623838448536,0.67,0.1,1.025,0.7,0.6,0.25,0.4,0.005,0.975,0.8,0.1,1.26853645307122,0.879548738283345,0.507414581228486,0.263839581297194,0.307385407804807,0.479898295600527,-1.27087279258766,1.89811088700831,7.64026408559568
162,-0.00442982645794771,0.823102974466124,0.101376423960072,-0.00472471558746856,-0.00472471520009421,-0.0040349686583383,0.0148601406540709,0.00911915600691393,0.00808707651400483,10.5532696836978,14.6059055085487,1.56167894099694,1.95842968071958,0.209160618474027,4.18356086156167,3.26929920520806,0.9811797794486,-0.0669181230949858,13.810802359784,17.503186873116,1.7178135258559,0.205230464612449,0.159614291774221,0.013892089479913,0.983704712831569,3.59403015639397,0.659082157597151,0.359116955721204,0.590222827698941,0.245926178207892,0.216996993734306,0.457139770222047,-0.00069212253123886,1.91381975361281e-06,0.990336198929751,1.00054802440976,0.989793767784375,0.5196210470311,0.0526773235624014,0.427701629406499,1.10230171561011,1.09847432125645,0.781463282908832,0.234532211190247,-0.0159954940990787,-7.71807838638331e-05,0.965571111871347,0.0197963100292335,0.990303704543357,-0.000387623838448536,0.67,0.1,1.025,0.7,0.6,0.25,0.4,0.005,0.975,0.8,0.1,1.268390034166,0.879756069993614,0.507356013666401,0.263720488066492,0.307174416213876,0.479844944470371,-1.27034022553775,1.88826027170119,7.64387830307007
163,-0.00443871220653631,0.823655994242012,0.101376423929161,-0.00472471551146481,-0.00472471520798556,-0.00405601769137198,0.0148623413490774,0.00912056037785196,0.00808834432847568,10.5522852584216,14.5938782043065,1.56035935574695,1.95622995050227,0.208928170041797,4.18111384228949,3.27207462311967,0.975910882738494,-0.0668716635686706,13.812591279141,17.4837747940105,1.71629787041781,0.205287445618505,0.159461823686769,0.0138820081977371,0.983311761946277,3.59181007243994,0.658818880504005,0.358925760971791,0.589987057167766,0.245827940486569,0.217056048018774,0.457112813280429,-0.000683287318210748,1.79119116618482e-06,0.990356187398189,1.00053909423243,0.989822579754313,0.519471771259845,0.0526621905024699,0.427866038237686,1.10229920884805,1.0984715676721,0.782584437178118,0.233409306611871,-0.0159937437899886,-7.50082062605563e-05,0.965571111871347,0.0197963100292335,0.990324586020372,-0.000387623838448536,0.67,0.1,1.025,0.7,0.6,0.25,0.4,0.005,0.975,0.8,0.1,1.26824770267345,0.879956984326251,0.50729908106938,0.26360483803054,0.306969180057725,0.479793737460566,-1.26982305389546,1.87866008651765,7.64742777107722
164,-0.00444732772924022,0.824192509046656,0.101376423904944,-0.00472471545192155,-0.00472471521416795,-0.00407641066868258,0.0148644798362968,0.00912192505862448,0.00808957631404825,10.551319354466,14.5822092190899,1.55907909219328,1.95409673069569,0.208702745686977,4.1787392104886,3.27478541412508,0.97078038753949,-0.0668265911759753,13.8143344328616,17.4649231536862,1.71482747446911,0.205342894841406,0.159313720195763,0.0138722277648303,0.982930548112529,3.58965556364343,0.658563467235395,0.358740291032422,0.589758328867518,0.245732637028132,0.217113230570882,0.457086563400761,-0.000674682022353499,1.67031886486988e-06,0.990375621739981,1.00053043563211,0.98985056972733,0.51932703259143,0.0526475174012853,0.428025450007285,1.1022967733587,1.09846889251297,0.783677862892168,0.232314183462881,-0.0159920463550492,-7.28930688889939e-05,0.965571111871347,0.0197963100292335,0.990344891032625,-0.000387623838448536,0.67,0.1,1.025,0.7,0.6,0.25,0.4,0.005,0.975,0.8,0.1,1.26810935288536,0.880151686154116,0.507243741154145,0.263492533923198,0.306769550201906,0.479744591911324,-1.26932084312002,1.86930455496475,7.65091284658271
165,-0.00445568139077527,0.824713011472837,0.101376423885971,-0.00472471540527364,-0.0047247152190113,-0.00409616886028963,0.0148665577968208,0.00912325112145607,0.0080907734385681,10.5503720060145,14.5708878159985,1.5578369713896,1.9520279816914,0.208484130127911,4.17643484016351,3.27743284811769,0.965784856294122,-0.0667828642482996,13.8160331045088,17.4466158341764,1.71340097641756,0.205396853971784,0.159169857498295,0.0138627391483461,0.982560720101338,3.58756470956277,0.658315682467897,0.358560372361009,0.589536432060803,0.245640180025335,0.217168603595158,0.457061005162026,-0.000666301460065247,1.55126902767248e-06,0.990394516124514,1.00052204020227,0.989877760138388,0.519186690733139,0.0526332900357174,0.428180019231144,1.10229440718862,1.09846629362074,0.784744159430254,0.231246240705234,-0.0159904001354877,-7.08341724571587e-05,0.965571111871347,0.0197963100292335,0.990364634197802,-0.000387623838448536,0.67,0.1,1.025,0.7,0.6,0.25,0.4,0.005,0.975,0.8,0.1,1.26797488113244,0.880340373357056,0.507189952452976,0.263383481042867,0.306575380955033,0.47969742805982,-1.26883317009026,1.86018800853763,7.65433392712433
166,-0.00446378128822844,0.825217979412056,0.101376423871108,-0.00472471536872865,-0.00472471522280582,-0.00411531279733468,0.0148685768716197,0.00912453961299142,0.00809193664678937,10.5494432110231,14.5599035803653,1.55663184982487,1.95002172772576,0.208272114815345,4.1741986655168,3.28001817778455,0.960920930106255,-0.0667404423740007,13.8176885251689,17.4288371788125,1.71201705585398,0.205449363404039,0.159030115262259,0.0138535335877687,0.982201937115152,3.58553564374609,0.658075297867152,0.358385836797159,0.589321162269091,0.245550484278788,0.217222227042767,0.457036123220142,-0.000658140498381188,1.43409734010764e-06,0.990412884451756,1.00051389980533,0.989904172890012,0.519050609871944,0.0526194946369353,0.428329895491121,1.10229210843313,1.09846376889159,0.785783917001616,0.230204886529159,-0.0159888035307754,-6.88303122003532e-05,0.965571111871347,0.0197963100292335,0.990383829864011,-0.000387623838448536,0.67,0.1,1.025,0.7,0.6,0.25,0.4,0.005,0.975,0.8,0.1,1.26784418580976,0.880523237094158,0.507137674323902,0.263277587201389,0.306386530017744,0.479652168963064,-1.26835962288307,1.85130488594036,7.65769144837228
167,-0.0044716352601336,0.825707876493238,0.101376423859464,-0.00472471534009822,-0.00472471522577844,-0.00413386230067481,0.0148705386620853,0.00912579155464203,0.00809306686068846,10.5485329346368,14.5492464104124,1.55546261839127,1.94807605484478,0.208066497718553,4.1720286795109,3.28254263869636,0.956185327175874,-0.0666992863613298,13.819301876921,17.4115719794088,1.71067443233537,0.20550046229311,0.158894376532412,0.0138446025868732,0.981853868494125,3.58356655247573,0.657842091891064,0.358216521389769,0.589112321096475,0.245463467123531,0.217274158705296,0.457011902334444,-0.000650194061296066,1.31884996000362e-06,0.990430740349112,1.00050600656357,0.989929829357987,0.518918658523126,0.0526061178750247,0.42847522360185,1.10228987523539,1.09846131627521,0.786797716605134,0.229189538390915,-0.0159872549960496,-6.68802815303117e-05,0.965571111871347,0.0197963100292335,0.990402492105693,-0.000387623838448536,0.67,0.1,1.025,0.7,0.6,0.25,0.4,0.005,0.975,0.8,0.1,1.26771716739445,0.880700462063029,0.507086866957779,0.263174762672349,0.306202858429942,0.479608740420581,-1.26789980054765,1.84264973222824,7.6609858817568
168,-0.00447925089520982,0.826183152508367,0.101376423850341,-0.00472471531766838,-0.00472471522810736,-0.00415183650820017,0.0148724447306046,0.00912700794295187,0.00809416497979475,10.547641112337,14.5389065081246,1.55432820137684,1.94618910893259,0.207867083118057,4.16992293243514,3.28500744938442,0.951574841253,-0.0666593582022822,13.8208742960252,17.3948054637426,1.7093718641985,0.205550188607636,0.158762527638551,0.0138359379058903,0.981516193428671,3.58165567351317,0.65761584959721,0.358052268230322,0.588909716057203,0.245379048357168,0.217324454303876,0.456988327391109,-0.000642457135232768,1.20556442764235e-06,0.990448097169238,1.00049835285031,0.989954750397695,0.51879070938449,0.0525931468441812,0.428616143771329,1.10228770578556,1.09845893377373,0.787786130000525,0.228199623039159,-0.0159857530396842,-6.49828753246438e-05,0.965571111871347,0.0197963100292335,0.990420634720609,-0.000387623838448536,0.67,0.1,1.025,0.7,0.6,0.25,0.4,0.005,0.975,0.8,0.1,1.26759372845637,0.880872226746879,0.507037491382547,0.263074920138975,0.306024230516604,0.479567070897122,-1.26745331287697,1.83421719787924,7.66421773216504
169,-0.00448663554077632,0.826644243825416,0.101376423843194,-0.00472471530009633,-0.00472471522993179,-0.00416925390094214,0.0148742966011588,0.00912818974998004,0.00809523188153643,10.54676765284,14.5288743703422,1.55322755548251,1.9443590938015,0.207673681404766,4.16787953048146,3.28741381140711,0.947086340111719,-0.0666206210373672,13.822406875853,17.3785232833304,1.70810814740379,0.20559857917979,0.158634458105821,0.0138275315538764,0.981188600678395,3.5798012948482,0.657396362454524,0.357892924291638,0.588713160407037,0.245297150169599,0.21737316757392,0.456965383423758,-0.000634924773769797,1.09427046819609e-06,0.990464967988724,1.00049093128152,0.989978956351005,0.518666639195945,0.0525805690484533,0.428752791755602,1.10228559831992,1.09845661944073,0.788749719690441,0.227234576530558,-0.0159842962209993,-6.31368927977432e-05,0.965571111871347,0.0197963100292335,0.990438271227781,-0.000387623838448536,0.67,0.1,1.025,0.7,0.6,0.25,0.4,0.005,0.975,0.8,0.1,1.26747377366249,0.881038703650116,0.506989509464995,0.262977974641816,0.305850513832433,0.479527091445705,-1.26701978017727,1.82600203780202,7.66738753570847
170,-0.00449379631085766,0.827091573788967,0.101376423837595,-0.00472471528632989,-0.0047247152313612,-0.004186132328033,0.014876095759946,0.00912933792369719,0.00809626842159886,10.5459124407659,14.5191407800739,1.552159668864,1.94258426934263,0.207486108885393,4.16589663433207,3.28976290940826,0.942716764045103,-0.0665830391212977,13.8239006695805,17.362711501501,1.70688211440938,0.205645669752024,0.158510060567142,0.0138193757812859,0.980870788297448,3.57800175345526,0.657183428159291,0.357738341271937,0.588522472978469,0.245217697074362,0.217420350345718,0.456943055631526,-0.000627592101665234,9.84990760343063e-07,0.990481365607557,1.00048373470759,0.990002467053646,0.518546328604228,0.0525683723880112,0.428885299007761,1.10228355111998,1.09845437138019,0.789689038912857,0.226293844235245,-0.0159828831481015,-6.13411400626563e-05,0.965571111871347,0.0197963100292335,0.990455414866296,-0.000387623838448536,0.67,0.1,1.025,0.7,0.6,0.25,0.4,0.005,0.975,0.8,0.1,1.26735720977571,0.881200059523092,0.506942883910282,0.26288384352637,0.305681579105581,0.479488735631161,-1.26659883303678,1.81799911028705,7.67049585756198
171,-0.00450074009399193,0.827525553108877,0.101376423833209,-0.00472471527554497,-0.00472471523248097,-0.00420248903057807,0.0148778436560202,0.00913045338839366,0.00809727543429326,10.5450753390961,14.5096967980293,1.55112356019807,1.94086294973496,0.207304187593982,4.16397245776157,3.2920559111695,0.938463124381672,-0.0665465777895938,13.8253566926654,17.347356581763,1.7056926330752,0.205691495020969,0.15838923067776,0.0138114630727433,0.980562463366354,3.57625543406003,0.656976850455457,0.357588375444046,0.588337478019812,0.245140615841588,0.217466052621152,0.456921329394812,-0.000620454318266111,8.77741619280311e-07,0.990497302549271,1.00047675620554,0.990025301842977,0.518429662032549,0.0525565451459189,0.429013792821532,1.10228156251157,1.09845218774542,0.790604631643157,0.225376880832688,-0.0159815124758444,-5.95944323723304e-05,0.965571111871347,0.0197963100292335,0.990472078594879,-0.000387623838448536,0.67,0.1,1.025,0.7,0.6,0.25,0.4,0.005,0.975,0.8,0.1,1.26724394564872,0.881356455576658,0.506897578259486,0.262792446390775,0.305517300180667,0.479451939454394,-1.26619011209418,1.81020337590705,7.67354328987501
172,-0.00450747356075449,0.827946580237344,0.101376423829773,-0.00472471526709572,-0.00472471523335827,-0.00421834066449389,0.0148795417019482,0.00913153704509738,0.00809825373293423,10.5442561914338,14.5005337543698,1.55011827777321,1.93919350171155,0.207127745109381,4.16210526625608,3.29429396765829,0.934322502023882,-0.0665112034260938,13.8267759251241,17.3324453764667,1.70453860559652,0.205736088678696,0.158271867031889,0.0138037861400131,0.980263341730292,3.57456076791828,0.656776438959296,0.35744288750959,0.588158005038175,0.245065835432573,0.217510322646724,0.456900190288923,-0.000613506700379004,7.72533606273291e-07,0.990512791061723,1.00046998907144,0.990047479566118,0.518316527554975,0.0525450759753891,0.429138396469636,1.10227963086396,1.09845006673807,0.791497032605363,0.224483150298542,-0.0159801829039052,-5.78955960747431e-05,0.965571111871347,0.0197963100292335,0.990488275092159,-0.000387623838448536,0.67,0.1,1.025,0.7,0.6,0.25,0.4,0.005,0.975,0.8,0.1,1.26713389221345,0.881508047687061,0.506853556885381,0.262703705033721,0.305357553961275,0.479416641277525,-1.26579326780774,1.80260989637222,7.67653044975523
173,-0.00451400317100852,0.828355041734734,0.10137642382708,-0.00472471526047635,-0.0047247152340455,-0.00423370332236561,0.0148811912744761,0.00913258977199938,0.00809920411022406,10.5434548240849,14.4916432406765,1.54914289860458,1.93757434288123,0.206956614378505,4.16029337565114,3.29647821307346,0.930292046009036,-0.0664768834313624,13.8281593136268,17.3179651157556,1.70341896746689,0.20577948345153,0.158157871081439,0.013796337915164,0.97997314774385,3.57291623160944,0.656582008988379,0.357301742457968,0.58798388864631,0.244993286935962,0.217553206983138,0.45687962409582,-0.000606744604614124,6.69372127495487e-07,0.990527843118423,1.00046342681314,0.990069018588353,0.51820681677534,0.0525339538874991,0.429259229337161,1.10227775458892,1.09844800660704,0.792366767291964,0.223612125883001,-0.0159788931749654,-5.62434703412899e-05,0.965571111871347,0.0197963100292335,0.99050401675755,-0.000387623838448536,0.67,0.1,1.025,0.7,0.6,0.25,0.4,0.005,0.975,0.8,0.1,1.26702696246667,0.881654986591758,0.506810784986666,0.262617543402667,0.305202220352122,0.479382781750048,-1.26540796022553,1.79521383334551,7.67945797732459
174,-0.00452033518089398,0.828751312624482,0.101376423824971,-0.0047247152552905,-0.00472471523458395,-0.00424859255437193,0.0148827937152073,0.00913361242488538,0.00810012733864247,10.5426710479704,14.4830171021334,1.54819652757267,1.93600394010406,0.206790633545227,4.15853515079032,3.29860976488941,0.926368972092889,-0.0664435861919828,13.8295077734249,17.3039033968064,1.70233268646984,0.205821711136612,0.158047147056795,0.0137891115439245,0.979691614022189,3.57132034584629,0.656393381394867,0.357164809430009,0.587814968413313,0.244922903505547,0.217594750571607,0.456859616814132,-0.000600163469292494,5.68257944726028e-07,0.990542470420348,1.0004570631432,0.990089936801782,0.518100424710512,0.0525231682393505,0.429376407050138,1.10227593213985,1.09844600564747,0.793214351991819,0.222763290081173,-0.0159776420729918,-5.4636908643268e-05,0.965571111871347,0.0197963100292335,0.990519315712677,-0.000387623838448536,0.67,0.1,1.025,0.7,0.6,0.25,0.4,0.005,0.975,0.8,0.1,1.26692307145208,0.881797418076624,0.506769228580831,0.262533887542481,0.305051182201025,0.47935030373613,-1.26503385875727,1.78801044722265,7.68232653384757
175,-0.00452647564956524,0.829135756737405,0.101376423823319,-0.00472471525122786,-0.00472471523500584,-0.00426302338832396,0.0148843503312861,0.0091346058375716,0.0081010241708401,10.5419046603858,14.4746474299229,1.54727829658572,1.93448080791925,0.20662964578474,4.15682900420581,3.30068972390039,0.922550561356139,-0.0664112810507187,13.8308221901255,17.2902481733524,1.70127876169897,0.20586280263636,0.157939601889627,0.0137821003792259,0.979418481198604,3.5697716743026,0.656210382403065,0.357031961586125,0.587651088719162,0.244854620299651,0.217634996797083,0.456840154667599,-0.000593758815953566,4.69187649251406e-07,0.990556684398195,1.00045089197219,0.990110251634154,0.517997249677828,0.052512708722653,0.42949004159952,1.10227416201087,1.09844406219972,0.794040293825651,0.221936134595958,-0.0159764284216092,-5.30747800346131e-05,0.965571111871347,0.0197963100292335,0.990534183803289,-0.000387623838448536,0.67,0.1,1.025,0.7,0.6,0.25,0.4,0.005,0.975,0.8,0.1,1.26682213623953,0.881935483155044,0.506728854495811,0.262452665544571,0.304904325240837,0.479319152243158,-1.26467064194824,1.78099509588116,7.68513679993106
176,-0.00453243044568775,0.829508727045744,0.101376423822024,-0.00472471524804507,-0.00472471523533624,-0.00427701034886263,0.0148858623960867,0.00913557082234373,0.00810189534003487,10.541155446617,14.4665265538305,1.54638736376535,1.93300350702375,0.206473499143232,4.15517339482226,3.30271917426588,0.918834158833914,-0.0663799382775312,13.8321034213253,17.2769877454868,1.70025622260599,0.205902787990993,0.157835145137702,0.0137752979749309,0.979153497688389,3.56826882245971,0.656032843451221,0.356903075978783,0.587492098613033,0.244788374422097,0.217673987548569,0.456821224112114,-0.000587526250483979,3.72154115301426e-07,0.990570496215009,1.00044490740208,0.990129980057856,0.517897193186547,0.0525025653527163,0.429600241460736,1.10227244273594,1.0984421746483,0.794845090788644,0.221130160293916,-0.0159752510825596,-5.15559702328838e-05,0.965571111871347,0.0197963100292335,0.990548632601601,-0.000387623838448536,0.67,0.1,1.025,0.7,0.6,0.25,0.4,0.005,0.975,0.8,0.1,1.26672407590152,0.882069318239318,0.506689630360608,0.262373807496593,0.304761538031448,0.479289274351611,-1.26431799725567,1.77416323340248,7.68788947379522
177,-0.00453820525370319,0.829870565987237,0.10137642382101,-0.00472471524555163,-0.00472471523559514,-0.00429056747585344,0.0148873311499052,0.00913650817039779,0.00810274156040994,10.5404231814252,14.4586470350563,1.545522912655,1.93157064280004,0.206322046382716,4.15356682668483,3.30469918355797,0.915217172168298,-0.066349529041433,13.8333522981158,17.2641107497403,1.69926412807603,0.205941696409259,0.157733688911659,0.0137686980797411,0.978896419458955,3.5668104364734,0.6558606010375,0.356778033429239,0.587337851675373,0.244724104864739,0.217711763276688,0.456802811841471,-0.00058146146393394,2.77146887076794e-07,0.990583916769149,1.00043910372003,0.990149138599007,0.51780015983315,0.0524927284578323,0.429707111709018,1.10227077288792,1.09844034142093,0.795629231799688,0.220344877154553,-0.015974108954241,-5.00793825683055e-05,0.965571111871347,0.0197963100292335,0.990562673409014,-0.000387623838448536,0.67,0.1,1.025,0.7,0.6,0.25,0.4,0.005,0.975,0.8,0.1,1.2666288114875,0.882199055304784,0.506651524595,0.262297245432795,0.304622711901991,0.479260619146361,-1.26397562082779,1.76751040877084,7.69058526961451
178,-0.00454380557987258,0.830221605779516,0.101376423820216,-0.00472471524359808,-0.00472471523579798,-0.00430370834202021,0.0148887578006516,0.00913741865228111,0.0081035635275118,10.5397076304102,14.4510016592293,1.54468415145095,1.9301808638918,0.206175144830867,4.15200784771223,3.3066308028115,0.911697070283888,-0.0663200253831635,13.8345696264705,17.2516061494306,1.69830156552994,0.205979556297487,0.157635147803716,0.0137622946312831,0.978647009806117,3.56539520206161,0.655693496570099,0.356656718408311,0.58718820588367,0.244661752451529,0.217748363048645,0.456784904791964,-0.000575560233053067,1.8415253342821e-07,0.990596956697545,1.00043347539223,0.990167743346627,0.517706057200329,0.0524831886690334,0.429810754130638,1.10226915107773,1.09843856098748,0.796393196756841,0.21957980421348,-0.0159730009703217,-4.86439387420969e-05,0.965571111871347,0.0197963100292335,0.990576317259161,-0.000387623838448536,0.67,0.1,1.025,0.7,0.6,0.25,0.4,0.005,0.975,0.8,0.1,1.26653626599616,0.882324822047058,0.506614506398464,0.262222913285055,0.304487740893319,0.479233137649416,-1.26364321728596,1.7610322645522,7.6932249159277
179,-0.00454923675810584,0.830562168725128,0.101376423819593,-0.00472471524206775,-0.00472471523595686,-0.00431644606985215,0.0148901435245422,0.00913830301833328,0.00810436191864828,10.5390085512608,14.4435834296207,1.5438703122553,1.92883286082572,0.206032656235709,4.15049504847537,3.30851506657772,0.908271382086316,-0.066291400188666,13.8357561885249,17.2394632252755,1.69736765005271,0.206016395287109,0.157539438818281,0.0137560817503666,0.978405039136451,3.56402184341403,0.655531376221422,0.356539018921042,0.587043023481871,0.244601259784113,0.217783824600733,0.456767490145946,-0.000569818420534876,9.3155012610494e-08,0.990609626379213,1.0004280170581,0.990185809961857,0.517614795759536,0.0524739369102109,0.429911267330253,1.10226757595347,1.09843683185899,0.797137456598578,0.218834469499846,-0.0159719260984245,-4.72485794731068e-05,0.965571111871347,0.0197963100292335,0.990589574921249,-0.000387623838448536,0.67,0.1,1.025,0.7,0.6,0.25,0.4,0.005,0.975,0.8,0.1,1.26644636434612,0.882446742032744,0.506578545738447,0.262150746834659,0.304356521700875,0.479206782754195,-1.26332049951004,1.75472453555649,7.69580915411587
180,-0.0045545039555865,0.830892567507448,0.101376423819106,-0.0047247152408687,-0.00472471523608131,-0.00432879334782044,0.0148914894667891,0.00913916199912573,0.00810513739328534,10.5383256949022,14.4363855605521,1.54308065035061,1.92752536467816,0.205894446625008,4.14902706100217,3.3103529929819,0.904937695183625,-0.0662636271633487,13.8369127437564,17.2276715662664,1.69646152354769,0.206052240260729,0.157446481304415,0.0137500537354115,0.978170284755627,3.56268912212386,0.65537409078627,0.35642482639523,0.586902170853376,0.244542571188907,0.217818184388505,0.456750555334455,-0.000564231975060202,4.13594617268995e-09,0.990621935938972,1.00042272352464,0.990203353687195,0.517526288776944,0.0524649643885804,0.430008746834476,1.10226604619953,1.09843515258672,0.797862473370437,0.218108409968438,-0.0159708833388752,-4.58922650118035e-05,0.965571111871347,0.0197963100292335,0.990602456903642,-0.000387623838448536,0.67,0.1,1.025,0.7,0.6,0.25,0.4,0.005,0.975,0.8,0.1,1.26635903334514,0.88256493484395,0.506543613338057,0.262080683664857,0.304228953617997,0.479181509161359,-1.2630071884271,1.74858304748584,7.69833873694704
181,-0.00455961217819933,0.831213105477767,0.101376423818724,-0.00472471523992946,-0.0047247152361789,-0.00434076244593518,0.0148927967422867,0.00913999630589873,0.00810589059344147,10.5376588065477,14.4294014709962,1.54231444349571,1.92625714578534,0.205760386170233,4.1476025576087,3.31214558378545,0.901693654630364,-0.0662366808071122,13.8380400300752,17.216221060797,1.69558235391587,0.206087117376865,0.157356196890121,0.0137442050570409,0.977942530662616,3.56139583614227,0.655221495543953,0.356314035573595,0.58676551839757,0.244485632665654,0.21785147763475,0.456734088038984,-0.000558796931141433,-8.29251103707458e-08,0.990633895251363,1.00041758976091,0.990220389355724,0.517440452222684,0.0524562625854789,0.430103285191837,1.10226456053576,1.09843352176115,0.79856870029667,0.217401171426843,-0.0159698717235129,-4.45739755500532e-05,0.965571111871347,0.0197963100292335,0.99061497345766,-0.000387623838448536,0.67,0.1,1.025,0.7,0.6,0.25,0.4,0.005,0.975,0.8,0.1,1.26627420165823,0.882679516216922,0.506509680663292,0.262012663114235,0.304104938479764,0.479157273316211,-1.26270301280381,1.74260371557173,7.70081442718612
182,-0.00456456627576877,0.831524076933806,0.101376423818424,-0.0047247152391936,-0.00472471523625528,-0.0043523652306765,0.0148940664362934,0.00914080663099595,0.0081066221440799,10.537007626661,14.4226247783632,1.54157099124211,1.92502701249541,0.205630349054918,4.14622024975697,3.31389382445286,0.898536961694228,-0.0662105363901216,13.8391387648319,17.2051018880395,1.69472933425974,0.20612105209346,0.157268509418413,0.0137385303528341,0.977721567349664,3.56014081875592,0.655073450124275,0.356206544409454,0.586632940409798,0.244430391837416,0.217883738375372,0.456718076192516,-0.000553509408747563,-1.68050378155428e-07,0.990645513944718,1.00041261089285,0.990236931400317,0.517357204683236,0.0524478232474831,0.430194972069281,1.10226311771661,1.09843193801103,0.799256581856539,0.216712308458018,-0.015968890314557,-4.32927115356104e-05,0.965571111871347,0.0197963100292335,0.990627134581569,-0.000387623838448536,0.67,0.1,1.025,0.7,0.6,0.25,0.4,0.005,0.975,0.8,0.1,1.2661917997747,0.882790598175108,0.50647671990988,0.261946626230926,0.303984380607408,0.47913403334771,-1.26240770904251,1.73678254320316,7.70323699626869
183,-0.00456937094711524,0.831825767389917,0.10137642381819,-0.00472471523861706,-0.00472471523631512,-0.00436361317932599,0.0148952996051079,0.00914159364829522,0.00810733265349736,10.5363718918381,14.416049292471,1.5408496142707,1.92383380996134,0.205504213347327,4.1448788869395,3.31559868422377,0.895465372645043,-0.0661851699293083,13.8402096457488,17.1943045095651,1.69390168211095,0.206154069190227,0.157183344885136,0.0137330244222372,0.977507191607905,3.55892293758758,0.654929818377296,0.356102253965893,0.586504314964743,0.244376797901976,0.217914999503293,0.456702507979862,-0.000548365612817021,-2.51263673522722e-07,0.990656801405354,1.00040778219815,0.990252993862793,0.517276467276853,0.0524396383778343,0.430283894345313,1.10226171653028,1.0984304000025,0.799926553864899,0.216041384338628,-0.015967938203527,-4.20474938910812e-05,0.965571111871347,0.0197963100292335,0.990638950024708,-0.000387623838448536,0.67,0.1,1.025,0.7,0.6,0.25,0.4,0.005,0.975,0.8,0.1,1.26611175997452,0.882898289156907,0.506444703989807,0.261882515727683,0.303867186753365,0.479111749009094,-1.26212102098103,1.73111562054838,7.70560722303708
184,-0.0045740307449366,0.832118453839231,0.101376423818006,-0.00472471523816542,-0.00472471523636209,-0.00437451739372774,0.0148964972767385,0.00914235801363507,0.00810802271370902,10.5357513356132,14.4096690096932,1.54014965374814,1.92267641897319,0.205381860877239,4.1435772555906,3.3172611161903,0.892476697565872,-0.0661605581655786,13.8412533517829,17.1838196612013,1.69309863868143,0.206186192789933,0.157100631378477,0.0137276822216265,0.977299206338518,3.55774109362008,0.654790468246807,0.356001068318178,0.586379523803111,0.24432480158463,0.21794529281048,0.456687371837415,-0.000543361832594166,-3.32590164373948e-07,0.990667766781881,1.00040309910134,0.990268590403006,0.517198163571901,0.0524317002281596,0.43037013619994,1.10226035579794,1.09842890643806,0.800579043556745,0.215387970953468,-0.0159670145102129,-4.0837364161451e-05,0.965571111871347,0.0197963100292335,0.99065042929176,-0.000387623838448536,0.67,0.1,1.025,0.7,0.6,0.25,0.4,0.005,0.975,0.8,0.1,1.26603401629398,0.883002694138387,0.506413606517594,0.261820275937834,0.303753266047004,0.479090381620121,-1.2618426996965,1.72559912317206,7.70792589253726
185,-0.00457855008052121,0.832402405007969,0.101376423817862,-0.00472471523781159,-0.00472471523639872,-0.00438508861350573,0.0148976604515659,0.00914310036523681,0.00810869290082942,10.5351456891945,14.4034781072824,1.53947047070252,1.92155375482844,0.205263177116761,4.14231417802429,3.31888205737999,0.889568799186013,-0.0661366785417132,13.842270543925,17.1736383451219,1.69231946813709,0.206217446378679,0.157020299020155,0.0137224988595212,0.97709742036929,3.55659422024358,0.654655271647424,0.355902894459398,0.586258452221574,0.244274355092322,0.217974649028184,0.456672656452345,-0.000538494440857773,-4.12056196057996e-07,0.990678418989592,1.00039855716908,0.990283734307864,0.517122219508003,0.052424001290477,0.43045377920152,1.10225903437289,1.09842745605578,0.80121446967539,0.214751648706303,-0.0159661183816919,-3.96613845895502e-05,0.965571111871347,0.0197963100292335,0.990661581647115,-0.000387623838448536,0.67,0.1,1.025,0.7,0.6,0.25,0.4,0.005,0.975,0.8,0.1,1.26595850449101,0.883103914751196,0.506383401796405,0.26175985277213,0.303642529941077,0.479069894010935,-1.26157250331304,1.72022931064993,7.71019379487486
186,-0.00458293322829918,0.83267788160217,0.10137642381775,-0.00472471523753437,-0.00472471523642759,-0.00439533722875995,0.0148987901029974,0.00914382132412137,0.00810934377544862,10.534554682137,14.3974709378625,1.53881144541772,1.92046476623926,0.205148051065017,4.14108851139889,3.32046242884421,0.886739591735624,-0.0661135091809377,13.843261865941,17.1637518221617,1.69156345689374,0.206247852825254,0.156942279908223,0.0137174695919403,0.976901648276474,3.55548128232605,0.654524104345237,0.35580764220919,0.586140988965884,0.244225412069118,0.2180030978655,0.456658350761332,-0.000533759893045388,-4.89689122870298e-07,0.990688766714917,1.00039415210556,0.99029843850025,0.517048563319881,0.0524165342894748,0.430534902390644,1.10225775113976,1.09842604762834,0.801833242563976,0.214132006427413,-0.0159652489913884,-3.85186381286589e-05,0.965571111871347,0.0197963100292335,0.990672416119322,-0.000387623838448536,0.67,0.1,1.025,0.7,0.6,0.25,0.4,0.005,0.975,0.8,0.1,1.26588516201002,0.883202049395914,0.506354064804009,0.261701193676491,0.303534892158917,0.479050250467536,-1.26131019681347,1.71500252518258,7.7124117241287
187,-0.00458718433023779,0.832945136547056,0.101376423817661,-0.00472471523731721,-0.00472471523645013,-0.00440527329226836,0.0148998871781125,0.00914452149452081,0.00810997588300358,10.5339780429545,14.3916420240872,1.53817197684609,1.91940843427543,0.205036375136595,4.13989914670776,3.32200313575218,0.883987039821727,-0.0660910288661459,13.84422794506,17.1541516043528,1.69082991293444,0.206277434399621,0.156866508061463,0.0137125898179014,0.976711710211818,3.55440127530695,0.654396845841918,0.35571522412542,0.586027026127091,0.244177927552955,0.218030668046304,0.456644443948868,-0.000529154726274686,-5.6551714238393e-07,0.990698818419928,1.00038987974811,0.990312715547839,0.516977125463798,0.0524092921750543,0.430613582361148,1.10225650501376,1.09842467996216,0.802435764260037,0.213528641278139,-0.0159644055381765,-3.74082283988437e-05,0.965571111871347,0.0197963100292335,0.990682941505602,-0.000387623838448536,0.67,0.1,1.025,0.7,0.6,0.25,0.4,0.005,0.975,0.8,0.1,1.26581392794669,0.883297193351052,0.506325571178675,0.261644247590666,0.303430268642414,0.479031416678862,-1.26105555185506,1.70991519021015,7.71458047732011
188,-0.00459130740008707,0.833204415219251,0.101376423817592,-0.00472471523714713,-0.00472471523646778,-0.00441490653121335,0.0149009525982995,0.00914520146428381,0.00811058975414405,10.5334154996777,14.3859860534592,1.53755148203892,1.91838377134176,0.204928045053627,4.13874500779627,3.32350506749074,0.881309157325289,-0.066069217019757,13.8451693926144,17.1448294476745,1.69011816514784,0.206306212790589,0.156792919365323,0.0137078550750564,0.976527431734644,3.55335322431377,0.654273379262212,0.355625555418783,0.585916459040786,0.244131857933661,0.218057387344677,0.45663092544518,-0.000524675558286385,-6.39569155913593e-07,0.990708582346874,1.00038573606291,0.990326577671806,0.516907838546496,0.052402268115125,0.430689893338379,1.10225529493989,1.09842335189658,0.803022428592816,0.212941158652703,-0.0159635872455196,-3.63292796114969e-05,0.965571111871347,0.0197963100292335,0.990693166376407,-0.000387623838448536,0.67,0.1,1.025,0.7,0.6,0.25,0.4,0.005,0.975,0.8,0.1,1.26574474301256,0.883389438877906,0.506297897205024,0.261588964907797,0.303328577500802,0.479013359685458,-1.26080834658924,1.70496380902921,7.71670085343648
189,-0.00459530632748107,0.833455955672068,0.101376423817538,-0.00472471523701379,-0.00472471523648166,-0.00442424635845584,0.0149019872598828,0.00914586180527529,0.00811118590509326,10.5328667803617,14.3804978733066,1.53694939559415,1.91738982018885,0.204822959741389,4.13762505040443,3.32496909776948,0.878704006319136,-0.0660480536841902,13.8460868046351,17.135777345013,1.68942756268681,0.206334209122737,0.156721451519357,0.01370326103546,0.976348643648841,3.55233618330145,0.654153591244723,0.355538553870143,0.585809186189304,0.24408716091221,0.218083282618874,0.45661778492383,-0.000520319086331174,-7.11874653172345e-07,0.990718066522737,1.00038171714088,0.990340036755407,0.516840637256543,0.0523954554886456,0.430763907254812,1.10225411989216,1.09842206230297,0.803593621283091,0.212369172077557,-0.0159627933606476,-3.52809364128054e-05,0.965571111871347,0.0197963100292335,0.990703099080011,-0.000387623838448536,0.67,0.1,1.025,0.7,0.6,0.25,0.4,0.005,0.975,0.8,0.1,1.2656775494997,0.883478875321447,0.506271019799879,0.2615352974349,0.303229738960262,0.478996047829706,-1.2605683654855,1.7001449634135,7.71877365250716
190,-0.00459918488190016,0.833699988854078,0.101376423817495,-0.00472471523690943,-0.00472471523649243,-0.00443330188337732,0.0149029920347396,0.0091465030737695,0.00811176483800257,10.5323316135466,14.3751724859124,1.53636516912105,1.9164256529562,0.204721021227295,4.13653826123501,3.32639608473158,0.876169696006373,-0.0660275195029373,13.8469807624069,17.1269875193242,1.68875747434687,0.206361443972625,0.156652043986141,0.0136988035014685,0.976175181844671,3.55134923421419,0.65403737183593,0.355454139750591,0.585705109106803,0.244043795461168,0.218108379843906,0.456605012299024,-0.000516082085979497,-7.82463577594385e-07,0.990727278763793,1.00037781919369,0.990353104352438,0.516775458297999,0.0523888478788984,0.430835693823102,1.1022529788729,1.09842081008394,0.804149720045249,0.211812303108518,-0.0159620231537673,-3.42623637447802e-05,0.965571111871347,0.0197963100292335,0.990712747747115,-0.000387623838448536,0.67,0.1,1.025,0.7,0.6,0.25,0.4,0.005,0.975,0.8,0.1,1.26561229124541,0.883565589207454,0.506244916498166,0.261483198354248,0.303133675314371,0.478979450707618,-1.26033539915911,1.69545531223956,7.72079967473022
191,-0.00460294671649968,0.833936738821148,0.101376423817462,-0.0047247152368276,-0.00472471523650098,-0.00444208192230677,0.0149039677709069,0.00914712581083671,0.0081123270413005,10.5318097286748,14.3700050437918,1.53579827072107,1.9154903702464,0.204622134543192,4.13548365704671,3.32778687106987,0.873704381679049,-0.0660075957022173,13.8478518329862,17.1184524169942,1.68810728796381,0.206387937384347,0.156584637941609,0.0136944784017639,0.976006887145251,3.55039148616944,0.653924614387318,0.355372235744062,0.585604132287151,0.244001721786313,0.218132704142815,0.456592597722665,-0.000511961409889101,-8.51366228124497e-07,0.990736226680167,1.00037403854992,0.990365791695553,0.516712240326314,0.0523824390669908,0.430905320606695,1.10225187091203,1.09841959417254,0.804691094691381,0.211270181225925,-0.0159612759173064,-3.32727466151899e-05,0.965571111871347,0.0197963100292335,0.990722120295462,-0.000387623838448536,0.67,0.1,1.025,0.7,0.6,0.25,0.4,0.005,0.975,0.8,0.1,1.26554891359715,0.88364966433603,0.506219565438862,0.26143262218566,0.303040310875396,0.478963539122149,-1.26010924420304,1.69089159011849,7.72277971964816
192,-0.00460659537180965,0.834166422942159,0.101376423817436,-0.00472471523676354,-0.00472471523650764,-0.00445059500855349,0.0149049152931774,0.00914773054272305,0.0081128729900354,10.5313008564692,14.3649908451139,1.53524818448481,1.91458310022952,0.204526207630818,4.13446028377185,3.3291422841483,0.871306263696752,-0.0659882640731954,13.8487005696853,17.1101647013926,1.68747640982993,0.206413708884461,0.156519176226783,0.0136902817875004,0.975843605157582,3.54946207466384,0.65381521545558,0.355292766872499,0.585506163094549,0.243960901289396,0.218156279816695,0.456580531581198,-0.000507953986538976,-9.18613171388056e-07,0.990744917680373,1.00037037165133,0.990378109704439,0.516650923886371,0.0523762230255746,0.430972853088055,1.10225079506631,1.09841841353142,0.805218107237152,0.210742443728034,-0.0159605509651862,-3.23112898855373e-05,0.965571111871347,0.0197963100292335,0.990731224434437,-0.000387623838448536,0.67,0.1,1.025,0.7,0.6,0.25,0.4,0.005,0.975,0.8,0.1,1.26548736337763,0.883731181871681,0.506194945351052,0.261383524749686,0.302949571926455,0.478948285038007,-1.25988970302372,1.68645060603508,7.72471458537111
193,-0.00461013427931044,0.834389252098578,0.101376423817416,-0.00472471523671336,-0.00472471523651286,-0.00445884940205976,0.0149058354036854,0.00914831778122367,0.00811340314621231,10.5308047292743,14.3601253292641,1.53471441000423,1.9137029977767,0.204433151250353,4.13346721565844,3.33046313612834,0.868973586484854,-0.0659695069547494,13.8495275125255,17.102117246613,1.6868642641284,0.206438777496342,0.156455603300866,0.0136862098285691,0.975685186128031,3.54856016080055,0.65370907470578,0.355215660423412,0.585411111676818,0.243921296532008,0.218179130373523,0.456568804492252,-0.000504056818929198,-9.84235155157424e-07,0.990753358975835,1.00036681504929,0.990390068993858,0.516591451352606,0.0523701939127756,0.431038354734619,1.10224975041866,1.09841726715213,0.80573111200925,0.210228735622875,-0.0159598476321249,-3.13772180107885e-05,0.965571111871347,0.0197963100292335,0.990740067669656,-0.000387623838448536,0.67,0.1,1.025,0.7,0.6,0.25,0.4,0.005,0.975,0.8,0.1,1.26542758885025,0.883810220430101,0.506171035540101,0.261335863131689,0.302861386674546,0.478933661537943,-1.25967658368086,1.682129241995,7.72660506784561
194,-0.00461356676488887,0.834605430878075,0.1013764238174,-0.00472471523667395,-0.00472471523651685,-0.00446685309869232,0.0149067288824811,0.00914888802404886,0.00811391795912324,10.5303210813634,14.3554040725419,1.53419646190002,1.91284924362185,0.204342878891927,4.13250355443584,3.33175022410051,0.866704637552097,-0.0659513072167682,13.8503331886621,17.0943031313952,1.68627029238516,0.206463161753988,0.15639386519564,0.0136822588099787,0.975531484802115,3.5476849305378,0.653606094817417,0.35514084587975,0.585318890881269,0.243882871200529,0.21820127855585,0.456557407301141,-0.000500266983228325,-1.0482630051103e-06,0.990761557585368,1.00036336540129,0.990401679881523,0.516533766871125,0.0523643460663251,0.43110188706255,1.1022487360775,1.09841615405427,0.806230455754202,0.209728709518765,-0.0159591652729666,-3.04697747652756e-05,0.965571111871347,0.0197963100292335,0.990748657307533,-0.000387623838448536,0.67,0.1,1.025,0.7,0.6,0.25,0.4,0.005,0.975,0.8,0.1,1.26536953968489,0.883886856161819,0.506147815873955,0.26128959564679,0.302775685204449,0.478919642780483,-1.25946969973107,1.67792445168128,7.7284519601676
195,-0.00461689605217903,0.834815157762365,0.101376423817387,-0.0047247152366432,-0.00472471523652007,-0.00447461383918646,0.0149075964880939,0.00914944175518305,0.00811441786567122,10.529849649215,14.3508227839914,1.53369386936344,1.91202104355057,0.20425530669001,4.13156842850378,3.33300433022052,0.864497746527228,-0.0659336482439652,13.8511181127834,17.0867156332243,1.68569395293784,0.206486879715312,0.156333909471153,0.0136784251283462,0.975382360288499,3.54683559395814,0.653506181393294,0.355068254852114,0.585229416173099,0.243845590072125,0.218222746367409,0.45654633107721,-0.000496581627451954,-1.11072760662918e-06,0.990769520339625,1.00036001946756,0.990412952395839,0.516477816303743,0.0523586739978868,0.43116350969837,1.10224775117608,1.09841507328485,0.806716477748356,0.209242025513681,-0.0159585032620371,-2.95882229450196e-05,0.965571111871347,0.0197963100292335,0.990757000459803,-0.000387623838448536,0.67,0.1,1.025,0.7,0.6,0.25,0.4,0.005,0.975,0.8,0.1,1.26531316692403,0.883961162832817,0.50612526676961,0.261244681805698,0.302692399433498,0.478906203959061,-1.2592688700754,1.67383325912068,7.73025605193768
196,-0.0046201252657921,0.835018625309441,0.101376423817377,-0.00472471523661899,-0.00472471523652263,-0.00448213911775808,0.014908438958085,0.00914997944523684,0.00811490329068792,10.52939017176,14.3463773013603,1.53320617571233,1.91121762761553,0.204170353340587,4.13066099214417,3.33422622184997,0.862351284214391,-0.0659165139201924,13.8518827874862,17.0793482226018,1.68513472042122,0.206509948974954,0.156275685172658,0.013674705288498,0.975237675927066,3.546011384558,0.653409242871134,0.35499782101304,0.58514260555624,0.243809418981767,0.218243555098695,0.45653556711009,-0.00049299797007283,-1.17165978907303e-06,0.9907772538855,1.00035677410788,0.990423896283482,0.516423547173875,0.052353172387572,0.431223280438554,1.1022467948718,1.0984140239175,0.807189509908865,0.208768351083659,-0.0159578609925234,-2.87318440615391e-05,0.965571111871347,0.0197963100292335,0.990765104048014,-0.000387623838448536,0.67,0.1,1.025,0.7,0.6,0.25,0.4,0.005,0.975,0.8,0.1,1.26525842294937,0.884033211902281,0.506103369179747,0.261201082281391,0.302611463067236,0.478893321262558,-1.2590739188107,1.6698527573609,7.7320181286573
197,-0.00462325743443912,0.835216020330365,0.10137642381737,-0.00472471523660012,-0.00472471523652462,-0.00448943619039743,0.0149092570095882,0.00915050155179195,0.00811537464724497,10.528942390603,14.3420635871827,1.53273293796078,1.91043824937709,0.204087940020995,4.12978042475517,3.33541665170144,0.860263661666976,-0.0658998886132387,13.8526277036295,17.0721945574835,1.68459208526871,0.206532386676637,0.156219142788756,0.0136710959001741,0.975097299160965,3.54521155855725,0.653315190437847,0.354929480033492,0.585058379496579,0.243774324790241,0.218263725351549,0.456525106905842,-0.00048951329865857,-1.23109030722022e-06,0.990784764690479,1.00035362627839,0.990434521016824,0.516370908614221,0.0523478360786355,0.431281255307144,1.10224586634559,1.09841300505176,0.807649876905473,0.208307360970404,-0.0159572378758769,-2.78999380271727e-05,0.965571111871347,0.0197963100292335,0.990772974807971,-0.000387623838448536,0.67,0.1,1.025,0.7,0.6,0.25,0.4,0.005,0.975,0.8,0.1,1.26520526144887,0.88410307259759,0.506082104579549,0.261158758876637,0.30253281155594,0.478880971837163,-1.25888467508467,1.66598010715913,7.73373897116411
198,-0.00462629549395048,0.835407524060791,0.101376423817364,-0.00472471523658524,-0.00472471523652607,-0.00449651208285873,0.0149100513398403,0.00915100851973888,0.00811583233695864,10.5285060502186,14.3378777249833,1.53227372640217,1.90968218516866,0.204007990312386,4.12892593010718,3.33657635798764,0.858233329279636,-0.0658837571600986,13.8533533406685,17.065248477879,1.6840655532293,0.206554209525095,0.156164234210724,0.0136675936748352,0.974961101412517,3.54443539422816,0.653223937946386,0.354863169521317,0.58497666084751,0.243740275353129,0.218283277062812,0.45651494218304,-0.000486124968483885,-1.28904977149055e-06,0.990792059046935,1.00035057302858,0.990444835801207,0.516319851316174,0.0523426600723466,0.43133748861148,1.10224496480129,1.09841201581245,0.808097896272963,0.207858737068275,-0.015956633341238,-2.70918228120237e-05,0.965571111871347,0.0197963100292335,0.990780619294127,-0.000387623838448536,0.67,0.1,1.025,0.7,0.6,0.25,0.4,0.005,0.975,0.8,0.1,1.26515363738432,0.884170811986636,0.506061454953727,0.26111767449236,0.302456382052015,0.478869133749571,-1.25870097295468,1.66221253568282,7.73541935510505
199,-0.00462924229019598,0.835593312327361,0.101376423817359,-0.0047247152365737,-0.00472471523652729,-0.00450337359835651,0.0149108226266994,0.00915150078160752,0.00811627675028822,10.5280808981254,14.3338159155988,1.53182812420509,1.90894873338583,0.203930430124676,4.12809673561998,3.3377060645745,0.856258775898177,-0.0658681048526967,13.8540601669704,17.0585040006094,1.68355464489964,0.2065754337976,0.156110912692994,0.0136641954225686,0.974828957962864,3.5436821912434,0.653135401835119,0.3547988289617,0.584897374777718,0.243707239490716,0.218302229527067,0.456505064868798,-0.000482830401145676,-1.34556860788895e-06,0.990799143076368,1.00034761149835,0.990454849582054,0.516270327480886,0.052337639523029,0.431392032996085,1.10224408946503,1.09841105534891,0.808533878524096,0.207422168310786,-0.0159560468348823,-2.63068341069152e-05,0.965571111871347,0.0197963100292335,0.99078804388392,-0.000387623838448536,0.67,0.1,1.025,0.7,0.6,0.25,0.4,0.005,0.975,0.8,0.1,1.26510350695935,0.884236495047643,0.506041402783738,0.261077793096807,0.30238211336826,0.47885778595145,-1.25852265125014,1.65854733522309,7.73706005044555
200,-0.00463210058190876,0.835773555709138,0.101376423817355,-0.00472471523656459,-0.00472471523652829,-0.00451002732498251,0.0149115715291524,0.00915197875789068,0.00811670826682797,10.5276666850395,14.3298744736121,1.53139572702167,1.90823721379834,0.20385518762393,4.12729209166079,3.3388064811378,0.854338527947048,-0.0658529174240535,13.8547486401139,17.0519553142174,1.68305889527064,0.206596075355101,0.156059132814735,0.013660898049089,0.974700747835266,3.54295127004283,0.653049501049628,0.354736399659545,0.584820448701159,0.243675186958816,0.21832060141853,0.456495467094742,-0.000479627083191798,-1.40067703026256e-06,0.990806022733581,1.00034473891518,0.990464571051831,0.516222290771949,0.052332769733263,0.431444939494788,1.10224323958466,1.09841012283442,0.808958127262901,0.206997350556784,-0.0159554778196859,-2.55443249902794e-05,0.965571111871347,0.0197963100292335,0.990795254782047,-0.000387623838448536,0.67,0.1,1.025,0.7,0.6,0.25,0.4,0.005,0.975,0.8,0.1,1.26505482758807,0.884300184736516,0.506021931035229,0.261039079695528,0.302309945936985,0.478846908245164,-1.25834955343854,1.65498186192132,7.73866182101351
