Time,n_MM,psi_o_MM,psi_y_MM,n_y_MM,n_m_MM,n_o_MM,mu_o_MM,mu_m_MM,mu_y_MM,s_o_MM,s_m_MM,s_y_MM,h_m_MM,h_y_MM,a_MM,a_o_MM,a_m_MM,a_y_MM,z_o_MM,z_m_MM,z_y_MM,c_o_MM,c_m_MM,c_y_MM,y_MM,k_MM,w_MM,inv_MM,b_MM,gov_MM,e_MM,t_MM,f_MM,nx_MM,tilde_R_MM,g_MM,q_MM,tilde_s_m_MM,tilde_s_y_MM,tilde_s_o_MM,Omega_m_MM,Omega_y_MM,eta_o_MM,eta_m_MM,eta_y_MM,walras_MM,gamma_MM,phi_MM,R_star,fy_target_MM,alpha,delta,beta,sigma,b_y,g_y,repl,x,omega,nu,Lambda_MM,w_indiv_MM,t_indiv_MM,e_indiv_MM,c_y_indiv_MM,c_m_indiv_MM,c_o_indiv_MM,a_y_indiv_MM,a_m_indiv_MM,a_o_indiv_MM
0,0.010574708476305,0.239211285055436,0.177873542381526,0.010574708476305,0.010574708476305,0.010574708476305,0.0907181643269602,0.0412837685359114,0.0348229861400787,0.63379838720643,2.19893758632374,0.359885124730506,3.02628058988459,0.495290714176633,3.63253316179947,0.985264032163674,2.78344340912963,-0.136174279493837,1.70117554045226,7.94374604520366,0.744942688323959,0.154327522227753,0.32794777303825,0.0259411289106582,1.12643816377679,2.9566702635334,0.754713569730452,0.336612198655933,0.675862898266076,0.281609540944198,0.0722144011455988,0.361850256557906,-6.88338275267597e-15,8.17446773880825e-17,1.02768882458235,1.01562758201869,1.01187565479434,0.705674057500615,0.125520744374379,0.168805198125006,1.09571739282124,1.08109728086395,0.271233320737421,0.766254094635927,-0.0374874153733479,3.06833381230722e-16,0.906064588921509,0.0374556693326375,1.02768882458235,-6.11075065993585e-15,0.67,0.1,1.035,0.5,0.6,0.25,0.4,0.005,0.975,0.8,0.1,1.06949314872581,0.512772508372381,0.427797259490324,0.206668061442387,0.464729813364244,0.914234418974874,-1.08487469678863,3.94437542310702,5.83669248996736
1,0.010853141779287,0.239505321306997,0.177969941004101,0.0111223897593218,0.010574708476305,0.0118168973602186,0.0893301833741849,0.0407806128264558,0.0344279618243537,0.643314041672647,2.23494017876657,0.366562217541373,3.04647643826782,0.499489945901033,3.63458447881103,0.986576303099013,2.78423331674267,-0.136225141030648,1.71039718863869,7.99919567455029,0.755849376295817,0.152790094808168,0.326212103768653,0.02602235388406,1.12612789328785,2.95817162007685,0.754505688502863,0.338835234136568,0.675676735972713,0.281531973321964,0.0722832509411341,0.361839325507436,0.000736122761466537,0.0007361227614735,1.02768882093781,1.01590740748818,1.01159693625894,0.705479683906136,0.125554177724367,0.168966138369498,1.09495792963403,1.08061757363351,0.271441290978229,0.766038960703522,-0.0374802516817513,1.06069682622265e-08,0.907306777805423,0.0375530873425437,1.02768882458235,-3.64453891452784e-08,0.67,0.1,1.035,0.5,0.6,0.25,0.4,0.005,0.975,0.8,0.1,1.06949314872581,0.512898292838124,0.427797259490324,0.207259960247502,0.462397587358526,0.90426458391352,-1.08499090591559,3.94658185098511,5.83889951335428
2,0.0109690016315083,0.240010564124261,0.177990698011931,0.0107118558991979,0.0105939882008201,0.0127258629788918,0.0881332842945876,0.0403348946198268,0.0340736022395486,0.65269179211556,2.26936990477329,0.372883879215532,3.06469117887994,0.503157915240129,3.6384245134504,0.988915423294806,2.785818751833,-0.136309661677405,1.72084369823632,8.05189979210439,0.765826604037362,0.151663607050795,0.324772530529365,0.0260944712591059,1.12599403493592,2.96158542919213,0.754416003407066,0.341219315862729,0.675596420961551,0.28149850873398,0.0724271242248401,0.361663429495851,0.00124266329672471,0.000498198015608464,1.02753850064693,1.01602384663967,1.01133305487401,0.705217990069712,0.125522242303079,0.169259767627209,1.09435979487899,1.08025653627181,0.27179770245216,0.765666222158043,-0.0374639246102029,0.000247403484335591,0.908344048564192,0.0375003765632448,1.02760386145065,-1.45745571055924e-07,0.67,0.1,1.035,0.5,0.6,0.25,0.4,0.005,0.975,0.8,0.1,1.06976284500696,0.51283919949362,0.427905138002784,0.207887230026528,0.460527858197805,0.896040501395645,-1.08594030170588,3.95029450618187,5.84258998554737
3,0.0109620488228521,0.240656048704053,0.177855825626742,0.00983235923813774,0.0105981396023862,0.0133160429490999,0.087164197568752,0.0399641984792056,0.0337753133149234,0.661406983850793,2.30029969893527,0.378295089172708,3.0801587487204,0.505926063453866,3.64376837873432,0.992048075662276,2.78812462151936,-0.136404318447318,1.73177131828468,8.0993524004944,0.773957490795469,0.150948456901294,0.323684126036072,0.0261406566162118,1.12615355451248,2.96652258399356,0.754522881523363,0.343114455982137,0.675692132707489,0.281538388628121,0.0726321981296836,0.361608086806662,0.00155366203326724,0.000297142467454362,1.027345915807,1.01601685906697,1.01115046137171,0.704964137485113,0.125381978709659,0.169653883805228,1.09392524833247,1.08000993255962,0.272258819057561,0.765176139541189,-0.0374349585987499,0.00043032788119334,0.909153961203995,0.0373482080862865,1.02745624912007,-3.27792685759103e-07,0.67,0.1,1.035,0.5,0.6,0.25,0.4,0.005,0.975,0.8,0.1,1.07029966689518,0.512945364989291,0.428119866758071,0.208488148657667,0.459149776314553,0.889743597468071,-1.08791007967088,3.95498788273926,5.8474822586508
4,0.0108684409243029,0.241378246447015,0.177550906018483,0.00883862157384163,0.0105711651253484,0.0136038427517198,0.0864514804913935,0.0396829045368634,0.0335458743554713,0.668942123079594,2.32582367792016,0.382379782945827,3.09230017623037,0.507609658985567,3.65016504664613,0.995706618416685,2.79093993405277,-0.136481505823326,1.74240406835305,8.13894686108199,0.779662392670399,0.150633410081981,0.322977049016695,0.0261544565623312,1.12658514329881,2.97252261716792,0.754812046010203,0.344497761409384,0.675951085979287,0.281646285824703,0.0728780832252105,0.361718069872207,0.00169134349891985,0.000120545102577514,1.02712806542018,1.01592278312892,1.01102965941638,0.704756821905043,0.125130212251947,0.17011296584301,1.09365279468719,1.07987149427275,0.272783999026107,0.764606503589758,-0.0373905026158649,0.000555635301139489,0.909721143211748,0.0371431654627662,1.02726599028529,-5.82407074731416e-07,0.67,0.1,1.035,0.5,0.6,0.25,0.4,0.005,0.975,0.8,0.1,1.07102481671601,0.513252314315226,0.428409926686402,0.209017918947262,0.458281550427066,0.885490470026806,-1.09071585005005,3.96014603520761,5.85320826947182
5,0.0107126042348007,0.242118760930935,0.177094628096754,0.00791332886593499,0.0105101812036965,0.0136102842011478,0.0860122213578233,0.039500239986752,0.0333936183130716,0.674859816125279,2.34447398716868,0.3848861206031,3.10068196431316,0.508147767732215,3.65711601057808,0.999609771113907,2.79402397730796,-0.13651773784378,1.75202042737805,8.16855806344426,0.782651723673239,0.150695167076475,0.32266000132046,0.0261355731817051,1.12724264737444,2.97909566861031,0.755252573740876,0.345349397381176,0.676345588424665,0.28181066184361,0.073144326937616,0.361970707074879,0.00167475354311214,-3.51315765440136e-05,1.02690166459407,1.01576616725597,1.0109626582348,0.704615674944489,0.124783650905437,0.170600674150074,1.09353889163638,1.07983530321741,0.273332803327759,0.763996539608381,-0.0373293429361402,0.000626978147559096,0.910038399128697,0.0369151999134656,1.02705177286107,-9.09337464310924e-07,0.67,0.1,1.035,0.5,0.6,0.25,0.4,0.005,0.975,0.8,0.1,1.07186456475067,0.513713673916487,0.428745825900269,0.209447094968482,0.457923393977688,0.88332105267012,-1.09403545138485,3.96531623785985,5.85935416781865
6,0.0105078894247479,0.242824121940486,0.176514223796303,0.0071074107756266,0.0104189256193508,0.013362564149072,0.0858507057056811,0.0394196150185895,0.0333218631859943,0.67885052385897,2.35543251220293,0.385716949605551,3.10505400014968,0.507553925874876,3.66413999538428,1.00348497360233,2.79715166214982,-0.136496640367872,1.76002324897596,8.18689151375026,0.782860609848717,0.151099236326216,0.322724110034765,0.0260863747361619,1.12807347392176,2.98577073047502,0.755809227527577,0.345665793807041,0.676844084353054,0.282018368480439,0.0734114848115603,0.362338456740643,0.00152518055620709,-0.000167914299598108,1.02668249006186,1.01556042887187,1.01095164883722,0.704553641493349,0.124363739151057,0.171082619355594,1.09357768914181,1.07989567941799,0.273866439331713,0.763385587180192,-0.037252026511906,0.000647504836732147,0.910107451228965,0.0366776098873912,1.02683108119287,-1.30826121367389e-06,0.67,0.1,1.035,0.5,0.6,0.25,0.4,0.005,0.975,0.8,0.1,1.07274901869159,0.514280865787086,0.429099607476637,0.209758687815557,0.45805470446612,0.883194545976393,-1.09755979757152,3.97010461293064,5.86549923880106
7,0.010260271525641,0.243447627787879,0.175830908335098,0.00639179702907633,0.0103028447592606,0.0128970257916536,0.0859552853369281,0.0394375426029581,0.0333281063238871,0.680784368434757,2.35869053534017,0.384923982338786,3.10545310379168,0.505892375964413,3.67082979609544,1.00709050944306,2.80014808386602,-0.136408797213647,1.76601040302468,8.19377820710925,0.780417395723086,0.151797926958224,0.323142476622559,0.0260098346335332,1.12903013575817,2.99214160841958,0.756450190957973,0.345472616164861,0.677418081454901,0.282257533939542,0.0736624018113627,0.362794198446788,0.00127010622095329,-0.000271858024856312,1.0264844626895,1.01531157288327,1.01100439520698,0.704583331987593,0.123887527261148,0.171529140751259,1.09375871297815,1.08004537650711,0.274349551869694,0.762810655689353,-0.0371602075590473,0.000621605464304496,0.909941850662359,0.0364310878505116,1.02661975120605,-1.77878463324235e-06,0.67,0.1,1.035,0.5,0.6,0.25,0.4,0.005,0.975,0.8,0.1,1.07361351967278,0.514906018885466,0.429445407869111,0.209947161014085,0.458629181180019,0.88496873646882,-1.1010696575298,3.97419007339693,5.8712502437325
8,0.00997164061495977,0.243952608452026,0.175052598445924,0.005694713389087,0.0101661816670195,0.0122615579660308,0.0862951717125384,0.0395426125971863,0.0334032799078661,0.68075260011527,2.35513851861732,0.382701981693202,3.10228192076298,0.503268970274865,3.67690093139824,1.01023746468135,2.80291362690213,-0.136250160185231,1.76983460877634,8.1903652661817,0.775629356828661,0.152728180880176,0.323868440903537,0.0259085650458248,1.13007691971172,2.99790959966684,0.75715153620685,0.344835304478543,0.67804615182703,0.282519229927929,0.073883636900448,0.363314295202583,0.000945179904375116,-0.000339062290392193,1.02631844161797,1.01502149881803,1.01112975716583,0.704719049048505,0.123362900710281,0.171918050241214,1.09406449604737,1.08027379054895,0.274752429719542,0.762303276347018,-0.0370557060665599,0.000556260766098663,0.909570066464692,0.0361674882949308,1.02643110548276,-2.32044337320816e-06,0.67,0.1,1.035,0.5,0.6,0.25,0.4,0.005,0.975,0.8,0.1,1.0744019722883,0.515544876632924,0.429760788915321,0.21001909728656,0.45957100399204,0.888377809461465,-1.10446624877292,3.97734903105934,5.87627339458483
9,0.00964422973730842,0.244319033608416,0.174171557511962,0.00492712978535659,0.0100105196891849,0.0115275900127214,0.086805861825013,0.0397103433599304,0.0335277601912399,0.67918161988906,2.34692286125632,0.37944045453184,3.09653400323065,0.499864373189303,3.68225184276212,1.01282307998114,2.80544926097194,-0.136020498190969,1.77173402414819,8.17970742929156,0.7690695078825,0.153796898647744,0.324818990857888,0.0257851783523259,1.13119122187896,3.00293609232678,0.757898118658904,0.343885423974764,0.678714733127376,0.28279780546974,0.0740675743697519,0.363880431633662,0.000601017307955723,-0.000354873394753636,1.02619096684302,1.01469245088599,1.01133202079801,0.70497471485529,0.122786544092897,0.172238741051813,1.09446228782574,1.08056157796697,0.275055352880923,0.761884135233647,-0.0369394881145696,0.000461797971252177,0.909048669378773,0.0358730265609918,1.02627486344642,-2.93270288179023e-06,0.67,0.1,1.035,0.5,0.6,0.25,0.4,0.005,0.975,0.8,0.1,1.07507135034549,0.516160968565171,0.430028540138196,0.210000033332786,0.46075268234913,0.892928604264928,-1.1077801659444,3.97950338055432,5.88034418851484
10,0.00928597473829198,0.244553329598292,0.173167025720249,0.00401010756946008,0.00983431150239222,0.010802717959024,0.0873725326272404,0.039897464891904,0.0336669831165429,0.676948059082588,2.33776754196378,0.375776958068161,3.09002354976386,0.495980326296589,3.68703157872104,1.01487479866645,2.80787919289967,-0.135722412845085,1.7724730228177,8.16732239774677,0.761678281580526,0.154865456908777,0.325855458770101,0.0256434100608602,1.13236131849682,3.00730594222405,0.758682083392869,0.342851498290599,0.679416791098091,0.283090329624205,0.074215291840118,0.364478737742217,0.000308845398895195,-0.000299145554681526,1.02610177404282,1.01433240461198,1.0116030695434,0.705357721816242,0.12214469875573,0.172497579428028,1.09489449801657,1.08087442397165,0.275255249923894,0.761555504187303,-0.0368107541111968,0.000354310396957748,0.908477493310056,0.0355327581835557,1.02615525259628,-3.61495893277257e-06,0.67,0.1,1.035,0.5,0.6,0.25,0.4,0.005,0.975,0.8,0.1,1.07559903284155,0.516728925577949,0.43023961313662,0.209942881861316,0.461971916790034,0.897783362655201,-1.11116089545981,3.98078748704926,5.88341472403034
11,0.00891340424209582,0.244697220950451,0.172012114002334,0.0028998053403364,0.00963340514404987,0.0102274576400443,0.0878298558297858,0.0400423213835481,0.0337719195813245,0.675364678078084,2.33278566917366,0.372565560605137,3.0853489688503,0.492044453723833,3.69168320561371,1.0165865696462,2.81045738296828,-0.135360747000776,1.77336660313816,8.1609722133835,0.754738226283359,0.155754533003774,0.32678427215608,0.0254889589551645,1.13358455780448,3.01137715338545,0.759501653729003,0.342060056711828,0.680150734682689,0.283396139451121,0.0743391775899037,0.365097573964182,0.000155317545565029,-0.000157208177849835,1.02604069743279,1.01395797126331,1.0119163974365,0.705861093258997,0.121416658843479,0.172722247897524,1.09527790440085,1.08116224076848,0.275372103463882,0.761294300305333,-0.0366664037692144,0.000257805704365508,0.908000266372334,0.0351355558100036,1.02606840470426,-4.36653822180264e-06,0.67,0.1,1.035,0.5,0.6,0.25,0.4,0.005,0.975,0.8,0.1,1.07599308274996,0.517237141203672,0.430397233099983,0.209929668613456,0.46295832887927,0.901763003317228,-1.11484493388401,3.98160120993814,5.88567241348864
12,0.00854727950031337,0.244827784930045,0.170681345358392,0.0015931990072886,0.00940242280046677,0.00994101329536634,0.0879966015203342,0.0400777042953868,0.0337892587248664,0.675930013834071,2.33745150416152,0.370698734918649,3.08535518457945,0.488521371206059,3.69691515199913,1.01831505909547,2.8135417091739,-0.134941616270244,1.77606995095922,8.16911144711426,0.749607160711706,0.156288119579074,0.327399232368919,0.0253286708572418,1.13487084935437,3.0157733054762,0.76036346906743,0.34187222561381,0.680922509612624,0.283717712338593,0.0744632415494015,0.365727285897897,0.000219336910298588,6.2119862332454e-05,1.02598601830649,1.01359001589781,1.01222979924254,0.706459590123753,0.12057947328366,0.172960936592586,1.09552194514635,1.08137035524075,0.275449940619335,0.761051199043209,-0.0365011396625446,0.000202768734402215,0.907773935537412,0.0346764723297369,1.02600023741751,-5.18669903086143e-06,0.67,0.1,1.035,0.5,0.6,0.25,0.4,0.005,0.975,0.8,0.1,1.07630143280274,0.517690312384083,0.430520573121095,0.210057899304774,0.463436602667631,0.903603568863729,-1.1191093524915,3.98259397778299,5.88754362202685
13,0.00820418282506561,0.245044729157131,0.169156969585405,0.000123550798426075,0.0091362690716783,0.010030474310601,0.0877326585437669,0.0399513970744322,0.0336775359465216,0.679947168114774,2.35618101139869,0.370864188565778,3.09231637353499,0.485771091962734,3.70358068534991,1.02051979857883,2.81753152658911,-0.134470639818036,1.78220486846288,8.19865475520124,0.747332975077373,0.156357570509338,0.327547708666688,0.0251683343668964,1.13624806676756,3.02129031940838,0.761286204734264,0.342574481512133,0.681748840060535,0.28406201669189,0.0746196687400672,0.366364339746026,0.000541525880987854,0.000319448079617047,1.02590697931138,1.01324520373919,1.01249626006169,0.707112713051588,0.119613043695121,0.173274243253291,1.09555872351495,1.08145781870693,0.275549497973402,0.760758780764185,-0.0363082787375874,0.000218506940996243,0.907917881137635,0.0341573568881738,1.0259269118249,-6.07463196024962e-06,0.67,0.1,1.035,0.5,0.6,0.25,0.4,0.005,0.975,0.8,0.1,1.07661224396445,0.518113071627518,0.430644897585782,0.210414630289381,0.463218526015655,0.902370528785264,-1.12421384544636,3.98455787116297,5.88962202008897
14,0.0078905013200933,0.245449659834757,0.16743307528609,-0.00144969998762867,0.00883139391708099,0.0104984641754557,0.0869816924511672,0.0396413436848333,0.0334189860575147,0.688243720337718,2.39138642900585,0.373391024374176,3.10734789923795,0.483951401288474,3.71250690928012,1.02366938331263,2.82278859191972,-0.133951065952226,1.7930314888029,8.25341642068202,0.748402205184145,0.155960910695821,0.327176505666059,0.0250108454737214,1.1377614261116,3.02874251208735,0.76230015549477,0.344291057971525,0.682656855666958,0.284440356527899,0.0748425255432696,0.367017150347217,0.00110754152581371,0.000559150916764436,1.02577050110691,1.01292995382669,1.01267663892425,0.707772821581309,0.118504580121272,0.173722598297419,1.09536465323431,1.08141042568027,0.275735347641936,0.760345680424451,-0.0360810280663873,0.000322598859806133,0.908476273834976,0.0335861670603658,1.02581885148494,-7.02946072736733e-06,0.67,0.1,1.035,0.5,0.6,0.25,0.4,0.005,0.975,0.8,0.1,1.0770407286785,0.518552195218836,0.430816291471399,0.211053829718028,0.462262036192744,0.897758335555234,-1.13034505345824,3.98826926641946,5.89255165041959
15,0.00760037571209953,0.246122955126546,0.165518164834311,-0.00304731607528397,0.00848661505721804,0.0112530042638976,0.0857939918182618,0.0391641959413341,0.0330263394406047,0.700960378949755,2.44277833904518,0.37814723539625,3.13004229094683,0.482964232396402,3.72430940035669,1.02813593360541,2.82955565916017,-0.133382192408892,1.80915026718293,8.33299662072191,0.752584388390998,0.155214212932885,0.326355077064948,0.0248551130072378,1.13946594243885,3.03878469312875,0.763442181434029,0.346937019565164,0.683679565463309,0.284866485609712,0.07516025830512,0.367707435938807,0.00184514176463119,0.000723479851902983,1.02554881513434,1.01263837759066,1.01274930698795,0.708395346281588,0.117252297693695,0.174352356024717,1.09497072776335,1.08124675574344,0.27606082715195,0.759753112544673,-0.0358139396966227,0.000514554406998769,0.909399125074044,0.0329763935553646,1.02564691592423,-8.05024303149931e-06,0.67,0.1,1.035,0.5,0.6,0.25,0.4,0.005,0.975,0.8,0.1,1.07770637602489,0.519070936686592,0.431082550409957,0.211979752176527,0.460696246492875,0.890232953954927,-1.13756570261279,3.99431711968844,5.89688580669168
16,0.00732120742446616,0.247108754955601,0.1634367394834,-0.00457347990533019,0.00810363296686223,0.0121414050167625,0.0843020298055616,0.0385673238424118,0.0325367754584303,0.717585816532478,2.50758219797541,0.384603292797158,3.15870351951286,0.482516095830402,3.73926820822786,1.03412441060675,2.83790323801619,-0.132759440395084,1.83042908929728,8.43315589777326,0.759057234875763,0.154308856859649,0.32524416343492,0.0246972866432864,1.14140925151148,3.05177551481148,0.764744198512695,0.350254187619546,0.684845550906891,0.285352312877871,0.0755899947015965,0.368466977346567,0.00264714250949025,0.000778546056871752,1.02522649222731,1.01235781346159,1.01271159129174,0.708945584486601,0.115867754799643,0.175186660713755,1.09444747129445,1.08100879928758,0.276557966337922,0.758946156943622,-0.0355041232815437,0.00077389801934003,0.910566157851596,0.0323466389660253,1.0253892037061,-9.13597148375191e-06,0.67,0.1,1.035,0.5,0.6,0.25,0.4,0.005,0.975,0.8,0.1,1.07870648361045,0.519739434745758,0.431482593444179,0.213150644767326,0.458771689325709,0.880825379232388,-1.14578417977158,4.0029916260376,5.90298602869339
17,0.00704253828580259,0.248415235588586,0.161227664118734,-0.00593295132466154,0.00768734789667991,0.0130150587840052,0.0826559167641592,0.0379058687503494,0.0319939770451562,0.737283638147026,2.58186676917834,0.392080859016037,3.19118462815923,0.482283589709631,3.75733095304915,1.0416725214132,2.84773502136136,-0.132076589725417,1.85624991077883,8.5479107830453,0.766821529409612,0.153430038117851,0.324015984227916,0.0245336704093608,1.14361191287353,3.06775066049184,0.766219981625266,0.3539295526982,0.686167147724118,0.285902978218383,0.0761362868992489,0.369328361743711,0.00341314483318959,0.000732719297154484,1.02480279714701,1.01207775097723,1.01257319030824,0.709399522536968,0.11437482794558,0.176225649517451,1.09387074756049,1.08074139071496,0.277237361954439,0.757914343172304,-0.0351517051267432,0.00106696990466463,0.911845029399608,0.0317176856766636,1.02503547338133,-1.02855746012243e-05,0.67,0.1,1.035,0.5,0.6,0.25,0.4,0.005,0.975,0.8,0.1,1.08009655671193,0.520621102792559,0.432038622684772,0.214502359042095,0.456746831558562,0.870645326250634,-1.15476973472047,4.01428945310992,5.91101536164319
18,0.00675705892678518,0.250023157216418,0.158936121925602,-0.00707053166757488,0.00724553282374663,0.0137651485507266,0.0809826821752702,0.0372278542112885,0.0314363642141565,0.759166781744733,2.66174690944525,0.399959213583588,3.22545537557531,0.481994995536593,3.77818944852705,1.05068918733643,2.85882938222117,-0.131329121030553,1.88577795209989,8.67129608228696,0.774987889648998,0.152715356544589,0.322813746361057,0.0243628015593697,1.14606359554656,3.0864815117529,0.767862609016192,0.357680781630406,0.687638157327933,0.286515898886639,0.0767933735258658,0.370313277700368,0.00406977944621811,0.000614478043182991,1.02428771542909,1.01179084422142,1.01235123966484,0.709743719924216,0.112803914405806,0.177452365669978,1.09330097200935,1.08047966570226,0.278093304121028,0.756666498906021,-0.0347598030270496,0.00136053252131216,0.913127198785826,0.0311055675189061,1.02458686992679,-1.14979178644329e-05,0.67,0.1,1.035,0.5,0.6,0.25,0.4,0.005,0.975,0.8,0.1,1.08188714807957,0.52175632880543,0.432754859231826,0.215974788531947,0.45483142337001,0.860599158360087,-1.16422485622355,4.02797418556437,5.92096466772654
19,0.00645785486038207,0.251895295641479,0.156603043753883,-0.00799175265496266,0.00678722438512036,0.0143259062800944,0.0793753267996874,0.0365693302521886,0.0308929695521143,0.782390334797796,2.74372243716249,0.407713714736344,3.2598284787069,0.481453785764826,3.8013882618028,1.06100222305795,2.8709014490407,-0.130515410295846,1.91809327213347,8.79796655011616,0.782836225893041,0.152249280299098,0.32173574428668,0.0241841356877169,1.14873253285016,3.10757232498108,0.769650797009605,0.361294097076051,0.689239519710094,0.287183133212539,0.0775485660213737,0.371429237928991,0.00457641711162442,0.000457520703715893,1.02369751883797,1.01149014413468,1.01206870355986,0.709975987922909,0.111184400700898,0.178839611376192,1.09278149113812,1.08024940290593,0.279109143814201,0.755224473618443,-0.0343336174326439,0.00162862158435555,0.91433516830873,0.030517046210752,1.02405327110552,-1.27718048369449e-05,0.67,0.1,1.035,0.5,0.6,0.25,0.4,0.005,0.975,0.8,0.1,1.08405186950235,0.523157464825869,0.433620747800939,0.217513747749342,0.45316426155192,0.851317440960207,-1.17386440429671,4.04365992354157,5.93270257575159
20,0.00613703507120887,0.253984973707364,0.154256426477394,-0.00875859577537264,0.00632060875077656,0.0146688635206771,0.0778930518327131,0.035953978349935,0.0303830090008322,0.806233050900452,2.82505066703032,0.414952885164173,3.29303759807786,0.480517884329769,3.82642039697055,1.07240040038422,2.883656814098,-0.129636817511679,1.95231997152333,8.92370218714558,0.789831406715781,0.152072160718858,0.320842595177691,0.0239974547335178,1.15157888620631,3.13055333079181,0.771557853758228,0.36462732615136,0.690947331723786,0.287894721551578,0.0783856404801974,0.372672366519934,0.00491973445494696,0.000289536128258604,1.02305077795347,1.01116772024656,1.01175181670555,0.710105525848624,0.109538340839259,0.180356133312116,1.09233931347846,1.0800672559051,0.280262043666645,0.753617353801088,-0.0338793974677331,0.00185509174504749,0.915421277588852,0.0299489859933434,1.02344977881509,-1.41059783461165e-05,0.67,0.1,1.035,0.5,0.6,0.25,0.4,0.005,0.975,0.8,0.1,1.08653971230003,0.5248126552382,0.434615884920013,0.219078128714152,0.451823825471942,0.84317709592769,-1.18348348640695,4.06088490953769,5.94601570066026
21,0.00578594563961928,0.256242592037183,0.151907329407326,-0.00946634108268096,0.00585128529547863,0.0147920831135897,0.076567790493466,0.03539512343982,0.0299173809838279,0.830119170178906,2.90378863318209,0.421401674615392,3.32422212865401,0.479079160961762,3.85279933201417,1.08466486524529,2.89683090566119,-0.128696438892306,1.98768953933117,9.04548134971693,0.795586253734449,0.152192996186715,0.320165928854136,0.023801857049601,1.15456548202236,3.15495324647688,0.773558872954979,0.367600125375062,0.692739289213414,0.288641370505589,0.0792874922797384,0.37403262632048,0.00510679632387281,0.000130842170276243,1.02236584589359,1.01081487536782,1.01142738478356,0.710151656987048,0.10787724168709,0.181971101325862,1.09198909351332,1.07994306557723,0.281526436175936,0.75187692273163,-0.0334033589075658,0.00203236188097661,0.916361063218671,0.0293910413482482,1.02279369436672,-1.5499121723771e-05,0.67,0.1,1.035,0.5,0.6,0.25,0.4,0.005,0.975,0.8,0.1,1.08928686618426,0.526694013370868,0.435714746473703,0.220638354089929,0.450841627565161,0.836358053986705,-1.19298970644433,4.07917221224483,5.96064351615337
22,0.00540024844457167,0.258621003153653,0.149555225384891,-0.0101856683655021,0.00538146588146526,0.014713288650406,0.0754088832907704,0.0348974853876046,0.0295001157762058,0.853640748006442,2.97875866244361,0.426891925612753,3.35292558531139,0.477069408163359,3.88009528969277,1.0975891294486,2.91020373810621,-0.127697577862049,2.02358856135514,9.16146514595746,0.799859709951032,0.152596553615734,0.319712095940483,0.0235959540369696,1.15765940353459,3.18034102652884,0.775631800368174,0.370185300117707,0.694595642120753,0.289414850883647,0.0802378697156364,0.375496864523936,0.00515862104317629,-4.94247944781679e-06,1.02165916904856,1.01042724968679,1.01111600995049,0.710138390162882,0.106204906995273,0.183656702841845,1.09173383660875,1.07987932829601,0.282876849019987,0.7500340895833,-0.0329109386032869,0.00215959141949545,0.91714949255685,0.0288341882018332,1.02210219304398,-1.69498601055909e-05,0.67,0.1,1.035,0.5,0.6,0.25,0.4,0.005,0.975,0.8,0.1,1.09222626337702,0.528765758513365,0.436890505350807,0.22217385904796,0.450210973479622,0.830879304999514,-1.20236984782381,4.09807972420518,5.97630858261561
23,0.00498587740963322,0.261080116454889,0.147200974212982,-0.0109079475356054,0.00491104507697804,0.0144663019485156,0.0744053594623444,0.0344581925855122,0.0291292831135458,0.876585249710364,3.04949763861802,0.431374814493161,3.37910540954236,0.474493526478565,3.90793997113846,1.11099042221522,2.92359276837601,-0.126643219452762,2.05959850602484,9.27095123099955,0.802604412671095,0.153245167145985,0.319460222829587,0.0233792911521316,1.16082530912741,3.20634001855322,0.777752957115363,0.372403089745544,0.696495185476444,0.290206327281852,0.0812223330467253,0.377048148748935,0.00510476710879722,-0.000109696259311906,1.02094422314705,1.01001080679668,1.01082504887749,0.710085512492222,0.104525279213379,0.185389208294399,1.09156373611528,1.07986938301183,0.284290554721098,0.748116089285402,-0.0324066440065002,0.00224090723161962,0.917799752460472,0.0282797045248041,1.02139067707975,-1.84567617879431e-05,0.67,0.1,1.035,0.5,0.6,0.25,0.4,0.005,0.975,0.8,0.1,1.09529478271658,0.530989778154453,0.438117913086634,0.223671166707958,0.449889791031452,0.826613202331772,-1.21160374223188,4.11724041251727,5.99274592321986
24,0.00455862150400134,0.263589490932852,0.144857640509516,-0.0115497710817086,0.00444019484259628,0.0140943830810683,0.0735316413725186,0.0340688984875544,0.0287986745501791,0.898919816870989,3.11610850263643,0.434922960778172,3.40304384502457,0.471445600599195,3.93601590630888,1.12471426861311,2.93683863443687,-0.125536996741101,2.09549026004874,9.37412784024858,0.803985274898024,0.154084838254861,0.319366209650534,0.0231537102617583,1.16401974484095,3.23262733341751,0.779893229043434,0.374308058781997,0.698411846904567,0.291004936210236,0.0822286636902146,0.378663877543614,0.00497672598679741,-0.000181888461799849,1.02023092561364,1.00958141461152,1.01054844200576,0.710001801044471,0.102849185656809,0.18714901329872,1.0914588091497,1.07989889256678,0.285749421593194,0.746145011691509,-0.031894433284703,0.00228388014335901,0.91833833570578,0.0277400572874319,1.02067170640234,-2.00183396407975e-05,0.67,0.1,1.035,0.5,0.6,0.25,0.4,0.005,0.975,0.8,0.1,1.09843838127755,0.533328052107148,0.43937535251102,0.225122932319741,0.449810421861917,0.823327013800048,-1.22059300654064,4.13638195018173,6.00972587986816
25,0.00413965228263206,0.266129455709005,0.142553533039517,-0.0119976557770392,0.00397152810190327,0.0136458603699126,0.0727510227000285,0.0337168882071853,0.0284985992854235,0.920792589623575,3.17927097651063,0.437742314023023,3.42527414948096,0.46810780866518,3.96405268408621,1.13863944654322,2.9497983481349,-0.124385110591907,2.13123437059715,9.47200886330013,0.804388971038686,0.155049480026953,0.319366663793217,0.02292395894239,1.16719014350258,3.25893401308813,0.782017396146726,0.375978297965845,0.700314086101545,0.291797535875644,0.0832471455966006,0.380316121527157,0.00480458489653537,-0.000223259117701105,1.01952585722984,1.00916035054405,1.01027141690635,0.709882924680167,0.101196318957583,0.18892075636225,1.09139202984885,1.07994836661781,0.287241249620773,0.744137019159962,-0.0313782687807355,0.00229746601622825,0.918801411482651,0.027233575994396,1.01995464512991,-2.1633052575345e-05,0.67,0.1,1.035,0.5,0.6,0.25,0.4,0.005,0.975,0.8,0.1,1.10161460285731,0.535744850742122,0.440645841142923,0.226529573195233,0.449886386458873,0.820711725977058,-1.22914659221986,4.15533075325612,6.02707435894399
26,0.00375339103346624,0.268694046948662,0.140329611231361,-0.012144670691829,0.00351070660790342,0.0131811685273167,0.0720067466001954,0.0333814408585191,0.0282128960451775,0.942684862283012,3.24086578751202,0.440257543990654,3.44674044428706,0.464769002504128,3.99185259032628,1.15269678876728,2.96235428803309,-0.123198486474086,2.16716029757352,9.56721719376297,0.804526070398098,0.1560501623427,0.319367494790789,0.022698010377402,1.17027510702667,3.28506539291468,0.784084321707867,0.377530139733786,0.702165064216001,0.292568776756667,0.0842715158194733,0.381973500847884,0.00462213319560574,-0.000230367510552302,1.01883257646718,1.00877215798863,1.00997293432305,0.709711291357349,0.0995935096026838,0.190695199039967,1.09132584876702,1.07999147933193,0.288762363509395,0.742100120431883,-0.0308624839412774,0.00229089053587636,0.919241924059257,0.0267794408931817,1.01924568759987,-2.32993070648658e-05,0.67,0.1,1.035,0.5,0.6,0.25,0.4,0.005,0.975,0.8,0.1,1.10479335929442,0.538209699492515,0.441917343717768,0.227906521900403,0.449996355813906,0.818322449271489,-1.23701320463122,4.17402727574966,6.04470796627497
27,0.00342124843666741,0.271291024828405,0.138231766058187,-0.0119293234819466,0.00306592224627211,0.0127607407269186,0.0712343590324759,0.0330383392090516,0.0279224433868427,0.965318436633967,3.30360773524102,0.443028396342626,3.46857751673861,0.461763822856808,4.01930666889981,1.16687762403868,2.97442256335806,-0.121993518496927,2.20388905413314,9.66342105909073,0.80528420326635,0.156992624103837,0.31926338273103,0.0224855025638427,1.1732131724387,3.31091848357806,0.786052825533929,0.379099359577401,0.70392790346322,0.293303293109675,0.0852996306433451,0.383602686555941,0.0044602818585335,-0.000206367433098078,1.01815069673678,1.00843835467885,1.00963107165933,0.709459972173276,0.0980699049011041,0.192470122925619,1.09122047194372,1.08000099402455,0.290318136972289,0.740033744219588,-0.030351881191876,0.00227537778601367,0.919718113679894,0.0263918849197974,1.01854737069512,-2.50154587173481e-05,0.67,0.1,1.035,0.5,0.6,0.25,0.4,0.005,0.975,0.8,0.1,1.10795937243088,0.540696729345924,0.44318374897235,0.229280354523822,0.450009014254935,0.81567269619559,-1.24394449673371,4.1925163927805,6.06264289907282
28,0.00315483063857174,0.273938063152878,0.136299546592446,-0.0113687524053578,0.00264635321163742,0.0124293651064222,0.0703795917408566,0.0326665703144572,0.0276104362924051,0.989458190644903,3.37030561952212,0.446604553530517,3.49177712618022,0.459384911229277,4.04639362474071,1.18122701407845,2.9859575453212,-0.120790934658946,2.24215382134437,9.76429029958341,0.807493785818204,0.157801870519679,0.318965875503434,0.0222952557173561,1.17595562798731,3.33648092325958,0.787890270751498,0.380803956427436,0.705573376792387,0.293988906996828,0.0863332538986648,0.385174403807934,0.00433932468874235,-0.000162128496757669,1.01747668071351,1.00817060479176,1.00923065588058,0.709100362300358,0.0966500578700782,0.194249579829564,1.09104499524648,1.07995648818458,0.291920935929918,0.737930567866403,-0.0298515037963217,0.00226189131933535,0.92027740388392,0.0260748304887665,1.01785880333341,-2.67798138983044e-05,0.67,0.1,1.035,0.5,0.6,0.25,0.4,0.005,0.975,0.8,0.1,1.11111249216619,0.543187430561181,0.444444996866476,0.230680210738482,0.449817673860288,0.812366598981249,-1.24977612347961,4.21090963151479,6.08097590283012
29,0.0029559268645432,0.276660050215075,0.134556896438133,-0.0105544281411848,0.00225990931848918,0.012218870387005,0.0693972300060725,0.0322478753766837,0.0272620181137536,1.01592859261913,3.44396899188512,0.451511844361852,3.51721656526231,0.457858560813285,4.07318631286609,1.19584060289493,2.99695922176606,-0.119613511794898,2.28281229623197,9.87364184614384,0.811890671561175,0.158420849932018,0.318403971622448,0.0221337781809362,1.17847292159145,3.36182949999894,0.789576857466269,0.38274210036229,0.707083752954868,0.294618230397862,0.0873777492141118,0.386669953074169,0.00427305991228607,-0.000104298951062145,1.01680556828002,1.00797070649887,1.00876499855025,0.70860827059338,0.0953481296814378,0.196043599725182,1.09077693996644,1.07984413230396,0.293588486024872,0.735777593156969,-0.0293660791818413,0.0022582900469551,0.920957365095394,0.0258213455483032,1.0171767409059,-2.85906314021843e-05,0.67,0.1,1.035,0.5,0.6,0.25,0.4,0.005,0.975,0.8,0.1,1.11426424194158,0.545675190539868,0.445705696776634,0.232136469324424,0.449337080635286,0.808089884873035,-1.25449248133689,4.22935964218488,6.09987066433835
30,0.00281698608686277,0.279485392203665,0.133007124014383,-0.00962823456913831,0.00191137928762641,0.0121432226150122,0.0682585487083576,0.0317697298727521,0.0268667052104178,1.04550876718144,3.52739435818462,0.458174454822475,3.54552906731075,0.457307208072734,4.09983999428043,1.21085174265339,3.00747105042903,-0.118482798801985,2.3267390210208,9.99490402852647,0.819002770067468,0.158819828739578,0.317535400925085,0.022003905974244,1.18075908598595,3.38711757825754,0.791108587610584,0.384980973216205,0.708455451591567,0.295189771496486,0.0884413175536127,0.38808273928756,0.00426696443132232,-4.12872365732426e-05,1.01613129274948,1.0078310710173,1.00823572716786,0.707968352765154,0.0941648344944935,0.197866812740352,1.09040564818468,1.07965862607667,0.295341219252213,0.733558152176283,-0.028899371428496,0.00227049287091994,0.92177961579659,0.025615833925825,1.01649626268703,-3.04461241707341e-05,0.67,0.1,1.035,0.5,0.6,0.25,0.4,0.005,0.975,0.8,0.1,1.11743495951578,0.548163964917079,0.446973983806312,0.233674344487173,0.44851637744098,0.802660266974571,-1.25824889342224,4.24803035147344,6.11952922212533
31,0.00272394392287827,0.282442665392395,0.13163286560284,-0.008747338041591,0.00160142480287662,0.0121995065702596,0.0669525534539362,0.031226054822192,0.0264190395974622,1.07888624256789,3.62298041120116,0.466886115343879,3.57707653191423,0.457743462587528,4.12657043453255,1.2264153685429,3.01757101469651,-0.117415948706852,2.37476417928703,10.1308981198648,0.82911813401881,0.158996525580399,0.316347979886287,0.0219045047942539,1.18283096552857,3.41255257917464,0.792496746904141,0.387552886384331,0.709698579317141,0.295707741382142,0.0895339574041633,0.38941892907072,0.0043192760407782,1.96652732865497e-05,1.01544771445407,1.00773756364249,1.00765095109059,0.707175803612268,0.0930875775144737,0.199736618873258,1.0899317614032,1.07940243048391,0.297199669312711,0.731253970473097,-0.0284536397858078,0.00230166222786796,0.922749393264223,0.025437966527183,1.01581165969351,-3.23444610566076e-05,0.67,0.1,1.035,0.5,0.6,0.25,0.4,0.005,0.975,0.8,0.1,1.12065025819047,0.550667778905274,0.448260103276188,0.235310718993069,0.447339937636972,0.796030925512411,-1.26134927819553,4.26707333492279,6.14016285777379
32,0.00266322322457002,0.285560160199684,0.130402990934984,-0.00802904016712702,0.00132657312056783,0.012378835312493,0.0654759215753336,0.0306136604535289,0.0259158720548169,1.11676867799471,3.73310945034602,0.477880536310453,3.61214273405888,0.459118605061028,4.1536337111963,1.24269904008549,3.02735844805532,-0.116423776944512,2.42776089988074,10.2843864148147,0.842407078464907,0.158959882182526,0.314842713406117,0.0218317140379379,1.18471912635951,3.43837513995592,0.793761814660872,0.390475142932399,0.710831475815706,0.296179781589878,0.0906667003819801,0.390694883609188,0.00442709542466911,7.75028490726376e-05,1.01474931278746,1.00767653934069,1.00701889264128,0.706233067716953,0.09209490432748,0.201672027955567,1.08935962593445,1.07908009562873,0.299183588752759,0.728845791068355,-0.0280293798211131,0.00235238936157947,0.923865295882224,0.0252696875553287,1.01511722696381,-3.42837686304874e-05,0.67,0.1,1.035,0.5,0.6,0.25,0.4,0.005,0.975,0.8,0.1,1.12393748033758,0.553209558527458,0.449574992135032,0.237056699253485,0.445805680586315,0.788209866256458,-1.26417175624094,4.28662800772258,6.16198018477446
33,0.00262630417735504,0.288867130001821,0.129282321345636,-0.00752258318814913,0.0010805981869968,0.0126737535676198,0.0638253682360117,0.0299294610745376,0.0253542031388113,1.16000064449052,3.8605322164474,0.491411489203021,3.65108305974987,0.461374369718261,4.18130840877018,1.25987918827687,3.03693969912592,-0.115510478632617,2.48674606994671,10.4585796077983,0.859056062159865,0.158717483471088,0.313019650876363,0.0217806818712,1.18645735476125,3.46484454358962,0.79492642769004,0.393768207820789,0.711874412856753,0.296614338690314,0.091851246291769,0.391931409288745,0.00458945232380471,0.000134276098815854,1.01403083210467,1.00763943569824,1.00634293992473,0.705144298472808,0.0911626917902043,0.203693009736988,1.08869172945244,1.07869415333717,0.301312188698387,0.72631324987678,-0.0276254385751671,0.00242271593268392,0.925126527152989,0.025099630839705,1.01440743052323,-3.62621330299335e-05,0.67,0.1,1.035,0.5,0.6,0.25,0.4,0.005,0.975,0.8,0.1,1.12732447729023,0.55581731304867,0.45092979091609,0.238921004234107,0.443908646151287,0.77919946136604,-1.26708060462327,4.30683436809074,6.18518617749157
34,0.00260946194079647,0.292393757606988,0.128239579067729,-0.00721606520394458,0.000856464269127111,0.0130753970209387,0.0620007124156759,0.0291717082561946,0.0247321829146296,1.20953744581927,4.00821867211389,0.507756953347525,3.69425133977817,0.464458194200251,4.20987032376353,1.27813291288184,3.04641196202871,-0.114674551147025,2.55284934838627,10.656899622483,0.879287290447422,0.158278478042734,0.310879966096598,0.021746694046672,1.18807649462514,3.49222045523629,0.796011251398842,0.397450280292316,0.712845896775082,0.297019123656284,0.0930994883575794,0.393148933864429,0.00480397175215726,0.000188719797892777,1.01328686450413,1.0076225092505,1.00562150527765,0.703911399362699,0.0902693015552484,0.205819299082053,1.08793008222294,1.07824592897079,0.303603867714443,0.723635582029494,-0.0272394497439363,0.00251323269263969,0.926530416981699,0.0249235546085797,1.01367675005932,-3.82776018481346e-05,0.67,0.1,1.035,0.5,0.6,0.25,0.4,0.005,0.975,0.8,0.1,1.13084012010535,0.558520481725932,0.452336048042142,0.24090907619754,0.441646443541133,0.769016699350601,-1.2703604566702,4.32783439050262,6.20997602548583
35,0.00261156761992224,0.296168729712735,0.127252429905172,-0.00705476661329052,0.00064791581354573,0.0135668577252508,0.0600128039085195,0.0283431802456668,0.0240516843000475,1.26630232566205,4.17879090090326,0.527161712654741,3.74180310831423,0.468313151112923,4.23955557192667,1.29762146109386,3.05584440375756,-0.113910292924753,2.62716479873227,10.8822072918801,0.903290222006659,0.157663525480562,0.308436361756182,0.0217256511637482,1.18960165688183,3.52073282310177,0.797033110110829,0.401517263751985,0.7137609941291,0.297400414220458,0.0944225135042059,0.394365627259716,0.00506175469579341,0.000234480349548235,1.01251230358175,1.00762462545802,1.00485069340332,0.702532762874224,0.0893990011637388,0.208068235962037,1.08708066181082,1.077738549443,0.30607487956262,0.720793571843745,-0.026868451406365,0.00262396015935024,0.928065716371874,0.0247432155126363,1.01291985234788,-4.03281860606975e-05,0.67,0.1,1.035,0.5,0.6,0.25,0.4,0.005,0.975,0.8,0.1,1.13451379384782,0.561348378467469,0.453805517539129,0.243018947426007,0.439034843719313,0.757749133362807,-1.27417858635938,4.34975358480847,6.23651877997668
36,0.00263321654868876,0.300218077681371,0.126308627807401,-0.00696962590278627,0.000450485981034365,0.0141290811084063,0.0578773680981912,0.0274487565336118,0.0233163325906422,1.3312777809872,4.37491989956793,0.549902952056559,3.79378869677231,0.472899361829714,4.27054591239266,1.31848417119774,3.06527155226307,-0.113209811068149,2.71082755269867,11.1372792428726,0.931307170406196,0.156895563378798,0.305704464729108,0.0217146675880727,1.19104915687991,3.55056502326013,0.798002935109538,0.405950409037271,0.714629494127944,0.297762289219977,0.0958299628650711,0.395597564649765,0.00535139500459008,0.000269260189459692,1.01170346456481,1.00764638263143,1.00402629533863,0.701003350412124,0.0885427712789463,0.210453878308929,1.08615070049892,1.07717551406363,0.308739022648869,0.717770424456259,-0.0265094471051286,0.00275250273722116,0.929717738883829,0.0245635841493747,1.01213228365523,-4.24118619885746e-05,0.67,0.1,1.035,0.5,0.6,0.25,0.4,0.005,0.975,0.8,0.1,1.13837249799218,0.564330490599211,0.455348999196872,0.245244950823399,0.436095582923223,0.745510439814694,-1.27858897381348,4.37269172887829,6.26495544673363
37,0.00267612192582066,0.304566516630942,0.125403488549652,-0.00690624207102486,0.000261725561480297,0.0147497839781774,0.055604346584209,0.0264910149030346,0.0225278911373485,1.40576703037738,4.60036839278682,0.576428543215324,3.85038273807305,0.478221846617383,4.30298576820056,1.34084784891867,3.07470287610239,-0.112564956820505,2.80526972558019,11.4260750722613,0.963797763884521,0.155985188759757,0.302688322206383,0.0217123308723192,1.19242562742114,3.58186492254985,0.798925170372167,0.410740768835943,0.715455376452687,0.298106406855286,0.0973303424756132,0.39685791346484,0.00566546919802325,0.00029724752549841,1.01085803272729,1.00768950253545,1.00314435169154,0.699315367718994,0.0876965867083446,0.212988045572661,1.08514386046896,1.07655792637045,0.311608711044244,0.714551021458863,-0.0261597325031074,0.00289536236595802,0.931476983775476,0.0243894076021833,1.01131075841385,-4.45265732951901e-05,0.67,0.1,1.035,0.5,0.6,0.25,0.4,0.005,0.975,0.8,0.1,1.142439030016,0.567494912573277,0.456975612006398,0.247584674470041,0.432835221673567,0.732365933216393,-1.28357283955494,4.39673288766892,6.29541364781079
38,0.00274036720923202,0.309238444726489,0.124534501173193,-0.00684939260734097,8.06977099303552e-05,0.0154215341259922,0.0531988849862383,0.0254704129555448,0.0216863363476848,1.49150900986385,4.86042709515612,0.607396085955741,3.91188101822046,0.484312261634589,4.33700577677458,1.36483669859204,3.08413738266266,-0.111968304480128,2.91234765888961,11.7541850636738,1.0014579977069,0.154933645740005,0.299383942684942,0.0217179545967008,1.19373293686363,3.61476600649656,0.799801067698635,0.415891867145383,0.716239762118181,0.298433234215909,0.0989316953062845,0.398156692648198,0.0060000081598329,0.000322057928437573,1.00997415210053,1.00775406904528,1.00220300083468,0.6974605029756,0.0868578958260708,0.215681601198329,1.08406190739428,1.07588595179758,0.314695614614704,0.711121345280319,-0.025816959895023,0.00305023455225676,0.933337658733039,0.0242217599825236,1.01045279136631,-4.66702330157967e-05,0.67,0.1,1.035,0.5,0.6,0.25,0.4,0.005,0.975,0.8,0.1,1.14673313296798,0.570866294147882,0.458693253187194,0.25004007281261,0.429248597458451,0.718344285646954,-1.28909759343399,4.42195274069958,6.32801634914148
39,0.00282214620804996,0.314257198587995,0.123695937293714,-0.00682605972007,-9.30997653614263e-05,0.0161347874921154,0.0506689251786724,0.0243883365854474,0.0207923197040064,1.59063298148566,5.16169295498979,0.643615200578875,3.9785303391709,0.491183933462644,4.37273299334689,1.39057357702335,3.09357234665257,-0.111412930329025,3.03430987388247,12.1284584613004,1.04511660159679,0.153745215550853,0.295792918837818,0.0217303978842944,1.19497494396681,3.64939752999313,0.800633212457766,0.421403514648313,0.716984966380089,0.298743735991704,0.100641900177394,0.399503114107109,0.00635049697366601,0.000343262043535464,1.00905015547598,1.00783625693909,1.00120446007824,0.695432956086451,0.0860222313280519,0.218544812585496,1.08290933587828,1.07516200277399,0.318010173270305,0.707468841802031,-0.0254790150723361,0.00321589901029783,0.935291022991515,0.0240568202924213,1.0095563795627,-4.88407256170574e-05,0.67,0.1,1.035,0.5,0.6,0.25,0.4,0.005,0.975,0.8,0.1,1.15127303854469,0.574466755724826,0.460509215417877,0.252613743549897,0.425336355214444,0.703495149264671,-1.2951643849384,4.448412056946,6.36287615602564
40,0.00291379585902947,0.31964268409411,0.122876580795698,-0.00688304135077022,-0.000260812541257205,0.0168719084533495,0.0480330505346065,0.0232505807740475,0.0198500781145526,1.7054906366416,5.51133861271657,0.685927701793248,4.05031042537454,0.498789285214511,4.41027832391921,1.4181700216974,3.10299970043752,-0.110891398215713,3.17363161895064,12.556064715228,1.09557279330205,0.15243919980854,0.291935782410489,0.0217472045100031,1.19616119853146,3.6858735886977,0.80142800301608,0.427251357622123,0.717696719118877,0.299040299632865,0.102468239196897,0.400908197304924,0.00670801610263235,0.000356532334807198,1.00808498530872,1.00792836483832,1.00015538849373,0.693231642959297,0.0851819339862223,0.22158642305448,1.08169712418791,1.07439308148649,0.321560209420434,0.703583645280616,-0.02514385470105,0.00339082221263451,0.937319235953471,0.0238877832074279,1.00862008559392,-5.10359090848214e-05,0.67,0.1,1.035,0.5,0.6,0.25,0.4,0.005,0.975,0.8,0.1,1.15607533377286,0.578317798064597,0.462430133509145,0.255303014293155,0.42112299023781,0.687944675071815,-1.30181827326964,4.47613684682843,6.40007633206266
41,0.00300290147465121,0.325404719747908,0.122061003672587,-0.0070592333653241,-0.000424683840860474,0.0175941506170216,0.0453379627426538,0.0220752603479924,0.0188740722189651,1.83787987022609,5.9140766185003,0.734796073399806,4.12636882160763,0.506940803337264,4.44967582897066,1.44769068611236,3.112379439364,-0.1103942965057,3.33223165131048,13.0408944516111,1.15310639193151,0.151076579915464,0.287881115922433,0.0217638117001386,1.19730905792475,3.72424058833459,0.802197068809584,0.433340518769671,0.718385434754851,0.299327264481188,0.10441548494343,0.402385525026339,0.00704980588122065,0.000348038055085643,1.00707898343372,1.00801791598202,0.999068535852963,0.690862646223433,0.0843273879979314,0.224809965778634,1.08045138952195,1.07359642836408,0.325347450311065,0.699462063753935,-0.0248095140649998,0.00357172908077077,0.939381817771514,0.0237079017001696,1.00764350467876,-5.32536170380337e-05,0.67,0.1,1.035,0.5,0.6,0.25,0.4,0.005,0.975,0.8,0.1,1.16115276053027,0.582439255076186,0.464461104212106,0.258087108077776,0.416698047717764,0.672019051256055,-1.30911556881625,4.50506255675809,6.43961970768624
42,0.00307134521224539,0.331531400221653,0.121233924509153,-0.00735976559410279,-0.000587799265482691,0.0182290120586024,0.0426775049152338,0.0209019867696024,0.0178968102177244,1.98742142497197,6.3660688492643,0.789515549017088,4.20423397830312,0.515215789343321,4.49076878426012,1.47908883172843,3.12158891798297,-0.10990896545128,3.50981844044379,13.5766659437605,1.21659555262621,0.149790293743618,0.283779291931805,0.0217731797170808,1.19844245735211,3.76437383216039,0.802956446425915,0.439445011002046,0.719065474411268,0.299610614338028,0.106482110000235,0.403951352704247,0.00732947768846648,0.000294012447063518,1.00603606273759,1.00808670193831,0.997965810681981,0.688342420469938,0.0834504530397004,0.228207126490361,1.07922284252224,1.07280596819197,0.329362054201622,0.695112366711898,-0.0244744209135201,0.00375005417247099,0.941401607651661,0.0235138603593062,1.00662865330665,-5.54916608666917e-05,0.67,0.1,1.035,0.5,0.6,0.25,0.4,0.005,0.975,0.8,0.1,1.16650728263664,0.586846518086835,0.466602913054657,0.260911462118995,0.412264715195187,0.656378685658379,-1.31705654610398,4.53493613810962,6.48134374449919
43,0.00310272739340249,0.337985833846374,0.120385492955745,-0.00774624535257118,-0.00075321509816928,0.0187006648165298,0.0401599074397684,0.0197788088969545,0.0169583156127988,2.15132750651322,6.85448235171316,0.848207029933642,4.28045874905289,0.523074055080581,4.53316553221023,1.51218309761852,3.13040292590963,-0.109420491317914,3.70358843113187,14.1470629933658,1.28362877560265,0.148735768589258,0.27981205539899,0.0217681819063448,1.19957714186546,3.80592154060747,0.803716685049858,0.445267689644882,0.719746285119275,0.299894285466365,0.108657941589128,0.40562359634099,0.00749770648348346,0.000191140959724622,1.00496683349971,1.00811824103037,0.996873970331652,0.685696421495597,0.082547901719738,0.231755676784664,1.07806830794828,1.07206008970306,0.333582148473018,0.690555618070125,-0.0241377665431428,0.00390801989989476,0.943293026254132,0.0233076771775277,1.00558229015515,-5.77478318917387e-05,0.67,0.1,1.035,0.5,0.6,0.25,0.4,0.005,0.975,0.8,0.1,1.17211736834916,0.591549822378058,0.468846947339665,0.263703636953134,0.408069878487453,0.641778318670728,-1.32553934186494,4.56528986848406,6.52490208049389
44,0.00309174366264988,0.344717243661867,0.119514334834361,-0.00815262740787071,-0.000922901408850985,0.018974966236537,0.0378514328099184,0.0187373877246113,0.0160854909329364,2.32629293886689,7.3650949651674,0.90887196285104,4.35234901247196,0.530121628460767,4.57633129020875,1.54670937745514,3.1385366119445,-0.108914699190895,3.91007827086894,14.7350176047643,1.35182363900913,0.148002064951333,0.276095737989499,0.0217447468882184,1.20070406874529,3.84837450156685,0.804471726059344,0.450591628419298,0.720422441247173,0.300176017186322,0.110926110404433,0.407413003250255,0.00753434739472609,6.80274592099031e-05,1.00388711119263,1.00810720238096,0.995813846802831,0.682952078541431,0.0816225633906232,0.235425358067945,1.0770202935956,1.07138100243637,0.337980202780422,0.685819363353245,-0.0237995661336673,0.00402584585140786,0.945007369087589,0.023095640521768,1.0045161554855,-6.00199035447639e-05,0.67,0.1,1.035,0.5,0.6,0.25,0.4,0.005,0.975,0.8,0.1,1.17793290530346,0.59654698484901,0.471173162121384,0.266406076762794,0.404268098252446,0.628658128274437,-1.33436999117094,4.5955444174757,6.56985037698766
45,0.00304471383687979,0.351675279969405,0.118627582513399,-0.00850862418961429,-0.00109713303312786,0.0190654858780308,0.0357620054925267,0.0177852113780739,0.0152853002057826,2.51024557169275,7.88896944874133,0.970294609767855,4.41877728106836,0.536227824804088,4.61971953569281,1.58239185554416,3.14570860795923,-0.108380927810568,4.12695828849991,15.3302207199195,1.41984425240485,0.147588304980789,0.272651215976376,0.0217027456434732,1.20178966062565,3.89119301567437,0.805199072619186,0.455348654750232,0.721073796375391,0.300447415156413,0.113267443717783,0.409313238793381,0.00745272364305512,-4.2402598417859e-05,1.00281233317149,1.00805993740606,0.994794352954767,0.680131981999521,0.0806824128146498,0.239185605185828,1.07608010338357,1.07076973035433,0.342529853450691,0.680930646039201,-0.0234604994898924,0.00409372671678511,0.946542278931869,0.0228859644064948,1.00344405405215,-6.23056335653564e-05,0.67,0.1,1.035,0.5,0.6,0.25,0.4,0.005,0.975,0.8,0.1,1.18388650134049,0.601814426650016,0.473554600536196,0.268989794508631,0.400879863309484,0.617045097116631,-1.34330300780109,4.62514437081925,6.61574869572424
46,0.00297474303762212,0.358820010384301,0.117738474723968,-0.00875988122196314,-0.00127448349732018,0.0190158950999759,0.0338604286268661,0.0169110261412007,0.0145489788329335,2.70320816026589,8.42534756449337,1.03240890242729,4.48005321660598,0.541496187150891,4.66287285628077,1.61899629237287,3.1516899751447,-0.107813411236798,4.35396707980172,15.9319508067083,1.48773672851351,0.147427191549379,0.269425636572639,0.0216450501721298,1.2027874226119,3.93391361852263,0.80586757314997,0.459598351874658,0.721672453567137,0.300696855652974,0.115664564386417,0.411301987041535,0.00728678419100181,-0.00011983469899797,1.00175389480892,1.00798961675281,0.993813704188763,0.677250518747094,0.0797384430832992,0.243011038169606,1.07522705964789,1.07021216264409,0.347210044595601,0.675911626219758,-0.0231216708153591,0.00411417148911388,0.947927588858562,0.0226863529702138,1.002378531512,-6.46027662139451e-05,0.67,0.1,1.035,0.5,0.6,0.25,0.4,0.005,0.975,0.8,0.1,1.1899106030082,0.607311438908071,0.475964241203279,0.271450624506402,0.397822709787027,0.60666870385733,-1.35208824085228,4.65365457523059,6.66223355353478
47,0.00289566448311905,0.366126071430103,0.116861782397666,-0.00888758994111727,-0.00145230505520633,0.0188794774688466,0.0320963666657313,0.016094009428949,0.0138595310974057,2.90739706289341,8.98149474322249,1.09622991694977,4.53737104921826,0.546165038267344,4.70547509602159,1.65635747944066,3.15632886005441,-0.107211243473477,4.59307098513547,16.5484279460271,1.55675967081246,0.147420890460655,0.26633055539768,0.0215759590688168,1.2036516159944,3.97620806464239,0.806446582716247,0.463472051474322,0.722190969596639,0.3009129039986,0.118104447659253,0.41334932085051,0.00707606178256505,-0.000158727347950495,1.00071817067267,1.00791014280553,0.99286447092114,0.674314356263188,0.0788015775692507,0.24688406616756,1.07443133059971,1.06968787669588,0.352006427754996,0.670777933289465,-0.0227843610444613,0.00409798294227631,0.949206663031255,0.0225012836611544,1.00132881429752,-6.69090344979424e-05,0.67,0.1,1.035,0.5,0.6,0.25,0.4,0.005,0.975,0.8,0.1,1.19595048692911,0.612992022209264,0.478380194771643,0.273801105693041,0.394964978757963,0.597125982041306,-1.36052153751948,4.68079736214675,6.7090497380114
48,0.00281831594822171,0.373582308648057,0.116009598114356,-0.00890801537195618,-0.00162764352046685,0.018704427049328,0.0304183506107719,0.0153118080594808,0.0131984355233623,3.12682484335679,9.57068109297501,1.16353200150788,4.5922234403093,0.550504110142646,4.74735845499124,1.69438392220062,3.15955175734974,-0.106577224559114,4.84810072031522,17.1942454282918,1.62895859203866,0.147471227506883,0.263274985725609,0.0214997049472492,1.20434680416127,4.01789514698898,0.806912358788052,0.467119014520887,0.722608082496763,0.301086701040318,0.120579272749076,0.415426510720237,0.00685522550549507,-0.00016378861066283,0.999707197666083,1.00783240752796,0.991937935512702,0.671324807459159,0.0778801211175344,0.250795071423305,1.07366392280109,1.06917705550569,0.356910888079073,0.665538907016358,-0.0224497950954306,0.004058959030989,0.950421936533564,0.0223313499255405,1.00030023729868,-6.92221624089908e-05,0.67,0.1,1.035,0.5,0.6,0.25,0.4,0.005,0.975,0.8,0.1,1.20197011911725,0.618815968223415,0.480788047646901,0.276061524285543,0.392172287989857,0.58801485479742,-1.3684778994921,4.70644272674513,6.75604952116762
49,0.00275006985560953,0.381189376798175,0.115189621477733,-0.00885355049362868,-0.00179808037712881,0.0185278019100412,0.0287829117358003,0.0145449010909041,0.0125493552550049,3.36692991239314,10.2103523164469,1.23657033700763,4.64604526447565,0.554754794790305,4.78848310264649,1.73304944874791,3.16134987883956,-0.105916224940977,5.12438811651582,17.8881909546003,1.70682850411447,0.14749481085767,0.260181968129904,0.021419597257506,1.20485080220877,4.05892250880659,0.807250037479877,0.470675382059275,0.722910481325263,0.301212700552193,0.123086055482903,0.417511564188182,0.00665011251464026,-0.000143593171779319,0.998719996943328,1.00776382020489,0.991025850422254,0.668279895101559,0.0769789081579276,0.254741196740513,1.07290117764468,1.06866352753588,0.361920343373477,0.660198608008525,-0.0221189513820022,0.00400993652400484,0.951608144792252,0.0221748227882202,0.999294700089848,-7.15398671691097e-05,0.67,0.1,1.035,0.5,0.6,0.25,0.4,0.005,0.975,0.8,0.1,1.20795200244233,0.624755536188519,0.483180800976932,0.27825280677614,0.38933083283968,0.578998657244719,-1.37591227877229,4.7305775648976,6.80317699266071
50,0.0026959598259745,0.388956480393278,0.114406407343419,-0.00874808123917004,-0.0019620757044535,0.0183739158568998,0.0271586882329845,0.0137787661794693,0.0119000279429135,3.63425898224594,10.9206109169491,1.31787786879642,4.70001357852753,0.55910702143487,4.82890061204504,1.77237690694382,3.16175737277418,-0.105233667672971,5.42843965089791,18.6515148336196,1.79308903214502,0.147429300070432,0.256994861785665,0.0213378095866966,1.20515284471033,4.09933199650817,0.807452405955923,0.474249096337109,0.7230917068262,0.301288211177583,0.12562553836228,0.419590509539005,0.00647690871066408,-0.000107503829729571,0.997753745779973,1.0077094396251,0.990120471781196,0.665175393218262,0.0761003269913472,0.25872427979039,1.07212631844809,1.06813573309893,0.367035283874527,0.654757185287187,-0.0217924691617133,0.00396106958257705,0.952789716711611,0.0220302361289501,0.998311515319937,-7.38598614835205e-05,0.67,0.1,1.035,0.5,0.6,0.25,0.4,0.005,0.975,0.8,0.1,1.21389398072784,0.630796800087471,0.485557592291137,0.280390511188247,0.386356537547591,0.569831715020618,-1.38282806176295,4.75326869425659,6.85044677051473
51,0.00265980553278683,0.396897524173937,0.113664472183733,-0.00859006244557192,-0.00211871853131629,0.0182543034994023,0.0255283788120828,0.0130050573842241,0.0112433220151063,3.93609648761966,11.7226617665329,1.41009451560612,4.75491121190149,0.563695866228196,4.86870870098135,1.81241666511285,3.16082659422495,-0.104534558356451,5.76754868342324,19.5062178357101,1.89051145251185,0.147236167608066,0.253679482303794,0.0212556290339831,1.20524960821572,4.13921666094207,0.807517237504533,0.477911441858464,0.723149764929432,0.30131240205393,0.12820063691733,0.421656018251548,0.00634227510985389,-6.47763912364069e-05,0.996804766840753,1.00767310456045,0.989214421154529,0.662005268510157,0.0752464794280576,0.262748252061784,1.07133008296561,1.06758714307511,0.372258185162636,0.649212509589625,-0.0214706947522612,0.00391926174872066,0.953979760561534,0.0218985232854302,0.997348336737897,-7.61798557979314e-05,0.67,0.1,1.035,0.5,0.6,0.25,0.4,0.005,0.975,0.8,0.1,1.21980485037808,0.636937556706285,0.487921940151232,0.282480046847978,0.383198585223799,0.560369732063694,-1.38922856126971,4.77462453031286,6.89792092198837
52,0.00264160726574256,0.40502310149897,0.112970658501914,-0.00835731756759728,-0.00226710556325338,0.0181592143044476,0.0239010083191369,0.0122276621440548,0.0105824229840246,4.27795280360947,12.6301787818838,1.51492864784426,4.81049804981721,0.568531024509476,4.90797277405477,1.85320330510658,3.15859243724315,-0.103822968294952,6.14726814338396,20.4657759965668,2.00081012309247,0.146925907036495,0.250248594405377,0.0211734190336949,1.20514474916465,4.17864915014271,0.807446981940317,0.481653970567147,0.723086849498791,0.301286187291163,0.13081387236858,0.42370511515758,0.00623677441327217,-3.13223214567657e-05,0.995869423531567,1.00765481530207,0.988304137893719,0.65876423629002,0.0744210295711944,0.266814734138785,1.07051808212957,1.06702174125834,0.377590380065523,0.643563561301835,-0.0211539413673584,0.00388799315223259,0.955170663161347,0.0217829643465538,0.996402070547174,-7.84975605580502e-05,0.67,0.1,1.035,0.5,0.6,0.25,0.4,0.005,0.975,0.8,0.1,1.22569948011695,0.643181720889663,0.49027979204678,0.284508547593251,0.379875804756355,0.550666392209326,-1.39507567811367,4.79472361012109,6.945655797789
53,0.00263519453121538,0.41332973288953,0.112334783862834,-0.00802099719110083,-0.00240586829961709,0.0180538207866392,0.0223189311892547,0.0114665525136821,0.00993421699036241,4.65955402592384,13.6364534074408,1.63161755560418,4.86497828297261,0.573433656550403,4.94662988311279,1.89469894132751,3.15503303983932,-0.103102098054039,6.56736566598621,21.5217353848038,2.12303985267718,0.146576582397461,0.246780108983511,0.0210907385766372,1.20484815458061,4.21758921866573,0.80724826356901,0.485350527853503,0.722908892748367,0.301212038645153,0.133463883662606,0.425738809136635,0.00613177169869398,-2.63833413987269e-05,0.994946182157002,1.00764837050387,0.987394225288612,0.655452092527307,0.0736300691464971,0.270917838326195,1.06971550223023,1.06645780161771,0.383028240660535,0.637814656522051,-0.0208428971825861,0.00386454146574633,0.956328946557302,0.0216879943658622,0.995470396874263,-8.08106884690986e-05,0.67,0.1,1.035,0.5,0.6,0.25,0.4,0.005,0.975,0.8,0.1,1.2315900319372,0.649534594504171,0.49263601277488,0.286441922724184,0.376503655716424,0.541037029171099,-1.40027164511965,4.8135219580642,6.99362933438965
54,0.00263278507073539,0.421796303147697,0.111769548962835,-0.00755199743000945,-0.00253304322743331,0.0178988865315908,0.0208338524826167,0.0107469033811993,0.00932017948289594,5.07479812502557,14.7158861716065,1.75719408225637,4.91584982714169,0.578153394417735,4.98446278527779,1.93677550864424,3.15006253401958,-0.102375257386022,7.02171972960443,22.6460077135941,2.25397971478241,0.146289473027686,0.243374456882785,0.0210074954943272,1.20436730224849,4.25584703845155,0.80692609250649,0.488819244035357,0.722620381349095,0.301091825562123,0.136143377093062,0.427760816450075,0.00599536547713933,-5.35965344304562e-05,0.994037672323605,1.00764594899609,0.986494982006287,0.652075030637761,0.0728821320643091,0.275042837297929,1.06895339746575,1.06591824313639,0.388562537644929,0.631976337214039,-0.0205388748589676,0.00383840378064443,0.957414488699312,0.021618604773534,0.994553573507296,-8.31169567530959e-05,0.67,0.1,1.035,0.5,0.6,0.25,0.4,0.005,0.975,0.8,0.1,1.23747430064494,0.655999380978757,0.494989720257975,0.288239310504676,0.373230756351386,0.531878868269614,-1.40466880545823,4.8308283341852,7.04172312819149
55,0.00262961786607921,0.430389171708815,0.111288791526769,-0.00693603601979187,-0.00264609020743312,0.017672084683644,0.0194793800389344,0.0100858895679582,0.00875514048810304,5.5154153945728,15.8376102899629,1.88820438337247,4.96115690566771,0.582525207207312,5.02115807757992,1.97924403557642,3.14356111479234,-0.101647072788841,7.50195282727016,23.805722467382,2.39000736806831,0.146133390165666,0.240101887911313,0.0209248502773689,1.20370053336406,4.29312869831558,0.806479357353923,0.491918126457119,0.722220320018438,0.300925133341016,0.138839993044725,0.429771626401683,0.0058090592459049,-0.000100073957278308,0.993149683361014,1.00764276595541,0.985616844496816,0.648643895707802,0.0721867952845366,0.27916930900766,1.06825279396232,1.06541910134101,0.394180785586895,0.626062965200932,-0.0202437507878272,0.00379721916885834,0.958401769099,0.0215786721750448,0.993654747091857,-8.54140894016846e-05,0.67,0.1,1.035,0.5,0.6,0.25,0.4,0.005,0.975,0.8,0.1,1.24333145303694,0.662569445647392,0.497332581214776,0.289870885594658,0.370159789524133,0.523457935562881,-1.40811172442525,4.84635889675964,7.0897622758457
56,0.00262107584333972,0.439067478419144,0.11090172987248,-0.0062106973440067,-0.00274224169464632,0.0173663234476125,0.0182706884482662,0.00949206552642205,0.00824665040844368,5.97239332232386,16.9708028730492,2.0212684367508,4.99962201706953,0.586452492892731,5.05637332572038,2.02188704408961,3.13541010068241,-0.100923819051645,7.9988868888238,24.9686995788855,2.52764168795223,0.146145170286057,0.237004532529078,0.0208445773603427,1.20284309149913,4.32910101835415,0.80590487130442,0.494558780221582,0.72170585489948,0.300710772874784,0.141538647875735,0.431764926859713,0.00556645246675195,-0.000154138478331176,0.992288549496465,1.00763418122256,0.984770632028905,0.645174107105133,0.0715509245468921,0.283274968347974,1.06762503340354,1.06496974156611,0.399869019521332,0.620090705077768,-0.0199597245990995,0.00373339670562245,0.959279360198188,0.0215665773034007,0.992778714270005,-8.76998194222771e-05,0.67,0.1,1.035,0.5,0.6,0.25,0.4,0.005,0.975,0.8,0.1,1.24912773533408,0.669222341852841,0.499651094133631,0.291325059631925,0.367349727645622,0.515912758329329,-1.41051733001022,4.85978911142429,7.13754221165752
57,0.00259870622217181,0.447786272563255,0.110604974507244,-0.00548794980516276,-0.00281965402550399,0.0169818812474063,0.0172128270796688,0.00896906243921889,0.00779805778637217,6.43573655679758,18.0841579089068,2.15281198267661,5.03033238691376,0.589817921661021,5.08978472636144,2.06448031994495,3.12551692332168,-0.100212516905192,8.50234247015472,26.1026512530392,2.66318505841451,0.146349350712864,0.234116308923502,0.0207676709820709,1.2017973330365,4.36343896092748,0.805204213134455,0.496680647707482,0.7210783998219,0.300449333259125,0.144223757300682,0.433731938107905,0.005267365612062,-0.000209859223401922,0.991460155162883,1.00761169975328,0.983970467398945,0.641687382343697,0.0709738165657451,0.287338801090556,1.06707682288319,1.06457645443712,0.405612502480197,0.614076447503507,-0.0196889499837041,0.00364388067485683,0.960043025083401,0.0215717228476501,0.991930815870208,-8.99718910753023e-05,0.67,0.1,1.035,0.5,0.6,0.25,0.4,0.005,0.975,0.8,0.1,1.25482319785302,0.675924055922283,0.50192927914121,0.292610317254578,0.364844806622839,0.509326795258471,-1.41196460545928,4.87077821587522,7.18482958831
58,0.00255154039138336,0.456500142867861,0.110378453883976,-0.00492112364019481,-0.0028790050985511,0.0165248568774632,0.0163024297821673,0.00851628598876558,0.0074090780630298,6.89564791872922,19.1496027524453,2.27932979566359,5.05276818592401,0.592459945682732,5.12112472960482,2.10681267553745,3.11383109821601,-0.0995190441486406,9.00233962679435,27.178946311143,2.79296398539269,0.146760009641142,0.231463679658991,0.020693288195003,1.20057650802732,4.39586139758077,0.804386260378307,0.498249034512579,0.720345904816394,0.300144127006831,0.146880977113457,0.43566685527702,0.00491742720765368,-0.000261617400216536,0.990669877400078,1.00756429809334,0.983232414323104,0.638211538579322,0.070444802879299,0.291343658541378,1.06661028005663,1.06424217105776,0.411396477683522,0.608036566696997,-0.0194330443805189,0.00352798641299329,0.960694650522782,0.0215766941466781,0.991116391029181,-9.22280621003493e-05,0.67,0.1,1.035,0.5,0.6,0.25,0.4,0.005,0.975,0.8,0.1,1.26037561490802,0.682637070847744,0.504150245963208,0.293751807787144,0.362675485583097,0.503735040521909,-1.41272372241793,4.87899530169494,7.23136616765671
59,0.00246973316729391,0.465166606727986,0.11018858778852,-0.00463941630814801,-0.00292430922320486,0.0160047548196676,0.0155309735467,0.00813046154028369,0.00707710674108555,7.34303284140078,20.1433078189667,2.39744907861432,5.06678251413392,0.594184270445062,5.15019617741062,2.1486960782997,3.10034615990147,-0.0988460607905574,9.48961366877786,28.173602885119,2.91340577189808,0.147382938871966,0.229064394725155,0.020618483629251,1.1992027336646,4.42614793695085,0.803465831555285,0.499254020759122,0.719521640198763,0.299800683416151,0.149498189794581,0.437567828947089,0.0045266002610059,-0.000305118376528244,0.98992211703679,1.00748208183313,0.982570444563748,0.634777479695244,0.069945234047575,0.29527728625718,1.06622355001347,1.06396655430935,0.417206646947551,0.6019860318137,-0.0191926787612516,0.00338733063948806,0.961240259363121,0.0215635991777777,0.990340275743531,-9.44661059290073e-05,0.67,0.1,1.035,0.5,0.6,0.25,0.4,0.005,0.975,0.8,0.1,1.26574407135714,0.689324752285107,0.506297628542857,0.294780393689537,0.360857784109053,0.499134019890709,-1.41319222298012,4.88414642780009,7.27687559559944
60,0.00234739689915241,0.473749053108445,0.109995624357872,-0.00470830553168522,-0.00296228244229602,0.0154333259837351,0.0148862500485385,0.00780632978910937,0.00679780810965034,7.77031171391963,21.0475195465568,2.50424151562037,5.07261698425154,0.594807026148638,5.17687297489045,2.18997037932666,3.08509440799012,-0.0981918124263309,9.95643010974122,29.0691298312099,3.02139559683952,0.148213908258773,0.226923214213341,0.0205388674968432,1.19770169496266,4.45414397367836,0.802460135624979,0.499712024569855,0.718621016977593,0.299425423740664,0.152065891763843,0.439435813823063,0.00410798423449941,-0.000337107430949037,0.989220039753303,1.00735913388365,0.981993418712139,0.631414908114991,0.0694528770469765,0.299132214838032,1.06591108450352,1.06374606144421,0.423029575952223,0.595937822495151,-0.0189673984473746,0.00322536411412804,0.96168914134449,0.0215189160202908,0.989606427203442,-9.66838138822196e-05,0.67,0.1,1.035,0.5,0.6,0.25,0.4,0.005,0.975,0.8,0.1,1.27089196867496,0.695954131230355,0.508356787469984,0.295723782370472,0.359388432703928,0.495479593660698,-1.41379042310826,4.88600184813545,7.32107834160369
61,0.0021838363800293,0.482219747594127,0.109760904258598,-0.00512837551702583,-0.00300087512842573,0.0148255984737209,0.0143506902127789,0.00753577768853338,0.00656435785631203,8.17370008837875,21.8567395902848,2.59814470803573,5.07101014837561,0.59421271393275,5.20110494646518,2.23051142837293,3.06814368162286,-0.0975501635306072,10.3988649228361,29.8608054196789,3.1152569196891,0.14923088920555,0.225024391416434,0.0204496612512253,1.1960971244221,4.47976870041461,0.801385073362808,0.499674925925098,0.717658274653261,0.299024281105525,0.154577483121086,0.441272681342006,0.0036779713973142,-0.00035403035529832,0.98856538580234,1.00719475556193,0.981503706550581,0.62814833762974,0.0689461295467754,0.302905532823484,1.06566286348107,1.06357344578368,0.42885337852844,0.589902282919366,-0.0187556614478062,0.00304700587356685,0.962055044451574,0.0214350260046375,0.988917640754022,-9.88789973499836e-05,0.67,0.1,1.035,0.5,0.6,0.25,0.4,0.005,0.975,0.8,0.1,1.27578953147717,0.702497570887646,0.510315812590867,0.296603469776379,0.358234477329898,0.492664785005804,-1.41487512311225,4.88442537824779,7.36371966395459
62,0.00198270599892802,0.49056118720578,0.109452446425642,-0.00584952446716092,-0.00304781914828045,0.0141974646746466,0.0139040699492732,0.00730916819453692,0.00636857849428157,8.55329849892228,22.5769061898694,2.67903599108601,5.06302444582326,0.592365963764197,5.22291346249089,2.27023370771313,3.04959131719354,-0.0969115624157784,10.8169018355895,30.5556843619675,3.19483696243946,0.150398960015793,0.223336636649983,0.0203465700050291,1.194408271718,4.50301512563739,0.80025354205106,0.49922030908824,0.7166449630308,0.2986020679295,0.157029331061679,0.44307931448242,0.00325337382270539,-0.000355075434718518,0.987958137147003,1.00699261952892,0.981097694250407,0.624994674408105,0.0684071961169645,0.30659812947493,1.06546654092402,1.06343950105148,0.434668068697037,0.583887008485749,-0.0185550771827859,0.00285880346417356,0.962353880655682,0.0213101317567212,0.988275235993143,-0.000101049489951244,0.67,0.1,1.035,0.5,0.6,0.25,0.4,0.005,0.975,0.8,0.1,1.28041657764353,0.708932943951936,0.512166631057413,0.297433181886887,0.357341663529359,0.490541022782369,-1.41668666334571,4.87938768451367,7.40459086166332
63,0.0017484006421575,0.498762871612209,0.109047731180583,-0.00679564831931345,-0.00310951071487164,0.0135574849507629,0.0135341333387348,0.0071206931531897,0.00620555019851245,8.90728083701701,23.207507196371,2.74617366913011,5.04940266562297,0.589244497950142,5.24235135024453,2.30907040274249,3.02954551586989,-0.0962645683678559,11.2086304503889,31.1540727549769,3.25937984401012,0.151699099495678,0.221838593168688,0.0202262452977159,1.19265158945757,4.52391669873994,0.799076564936569,0.498404048862253,0.715590953674539,0.298162897364391,0.159419888866313,0.444855348880921,0.00284369783004789,-0.000347111961281588,0.987396691343766,1.00675714264537,0.980769491984204,0.621963804855487,0.0678237417959338,0.310212453348578,1.06531426818559,1.06333825429263,0.440464640477454,0.577898220371825,-0.0183628608492793,0.00266781723012108,0.962595442595967,0.0211466889515312,0.987678995161709,-0.000103193149671851,0.67,0.1,1.035,0.5,0.6,0.25,0.4,0.005,0.975,0.8,0.1,1.28476377354826,0.715243146639832,0.513905509419304,0.298217773926011,0.356674442205253,0.489016794323268,-1.41933437788635,4.87093540205898,7.44351291451167
64,0.00148350919701626,0.506816506797522,0.108532995711842,-0.00789567067644736,-0.00319045376388338,0.0129052520144421,0.013239464459688,0.00696989524399134,0.00607493881557212,9.22852105205067,23.732456965827,2.79714591508564,5.0303463965769,0.584807502096095,5.25945938768413,2.34694951790168,3.0081073647932,-0.0955974950107444,11.5668613854468,31.6401766775487,3.30644235728385,0.153139050879491,0.220528717891228,0.0200864351128592,1.19084162342889,4.54250491465146,0.797863887697359,0.497237420744306,0.714504974057337,0.297710405857224,0.161748235385066,0.446601120157712,0.00244949897533427,-0.000338788564120483,0.986879154303295,1.006490926743,0.980514705181527,0.619061075294572,0.067188553030314,0.313750371675113,1.06520452893571,1.06326836760929,0.446233984313457,0.571942312519312,-0.0181762968327696,0.00247838150790781,0.962781232319092,0.020948541262701,0.987127810344044,-0.000105307860978466,0.67,0.1,1.035,0.5,0.6,0.25,0.4,0.005,0.975,0.8,0.1,1.28882903406212,0.721416897266884,0.515531613624847,0.298956209159567,0.356230954734623,0.488092014240116,-1.42282413743325,4.85914473521345,7.48030832719437
65,0.00118895922793625,0.514713699204969,0.107900306359276,-0.0091036675767413,-0.00329340085763163,0.0122372373154149,0.0130225943407638,0.00685824966245193,0.00597806242026858,9.50767287772924,24.1301620968909,2.82910588111043,5.0058590045536,0.579025466630764,5.27425532134733,2.38378775773879,2.98536715609487,-0.0948995924863372,11.8821843375635,31.992495727441,3.3331575794555,0.154736867398746,0.219412524336907,0.0199258242006451,1.18898996416591,4.55879355123589,0.796623275991157,0.495709543519134,0.713393978499543,0.297247491041476,0.164013165303276,0.448318221555863,0.00206779161190021,-0.000333528743992609,0.986404293024418,1.00619490402408,0.980331235111101,0.616289515911248,0.0664978275728334,0.317212656515918,1.06513811074084,1.06323018328923,0.451966697192295,0.566026286974007,-0.0179929841663027,0.00229124241298889,0.962909720029188,0.0207185508282999,0.986620492901873,-0.000107391536906343,0.67,0.1,1.035,0.5,0.6,0.25,0.4,0.005,0.975,0.8,0.1,1.29261208478172,0.727447425246198,0.517044833912689,0.299646243011787,0.356021834985271,0.487801681995565,-1.42710816202824,4.84409855923104,7.51479396793606
66,0.000865595218979606,0.522446188346644,0.10714544769021,-0.0103919031650594,-0.00341993872814483,0.0115515775040773,0.0128839473130898,0.00678611519550934,0.00591526394514421,9.7374023480046,24.3858600432036,2.8402645826492,4.97608034026568,0.571912646051977,5.28674645174215,2.41949781051185,2.96141017092141,-0.094161529691121,12.1471908276471,32.1964876607107,3.33775942717176,0.156503767688299,0.218489075752773,0.019743728161699,1.18710432343158,4.57278704139122,0.795359896699156,0.493816091469903,0.712262594058946,0.296776080857894,0.166213098557702,0.450007927266431,0.0016968162919754,-0.000330069463635577,0.98597141394149,1.00586992319507,0.980217611845498,0.613650670441576,0.0657498758098602,0.320599453748564,1.06511465683817,1.06322321817254,0.457653460894471,0.560157404549968,-0.0178108654444397,0.00210564896464308,0.962980886577033,0.0204587717366893,0.986156099012347,-0.000109442121118906,0.67,0.1,1.035,0.5,0.6,0.25,0.4,0.005,0.975,0.8,0.1,1.29611183530008,0.733329154423657,0.518444734120033,0.300285406147309,0.356047970412142,0.488159807692749,-1.4321172250336,4.82588924540801,7.5467933030522
67,0.000517275528444848,0.530008831838328,0.106268752818926,-0.0117239798758058,-0.00357091046195801,0.0108528486485586,0.0128155911057832,0.0067495800604134,0.00588319268969704,9.91769962492673,24.5057409769774,2.8316005602244,4.9416578890951,0.56357833650953,5.29696063740894,2.4540080443013,2.93632810143606,-0.0933755083284115,12.361784576964,32.2590567213981,3.32134349233416,0.15842357758851,0.217735087700436,0.0195401039286347,1.18518631791269,4.58450841130137,0.794074833001502,0.491592405196179,0.711111790747613,0.296296579478172,0.168346669852537,0.451669499190557,0.00134043535996186,-0.000322732144876238,0.985579857819832,1.00551986190609,0.980169457768387,0.611143249395222,0.0649454309069362,0.323911319697842,1.06512884105031,1.06324331785081,0.463286063892914,0.554342065655327,-0.017628129548241,0.00192129616563393,0.963001030494586,0.0201729184655378,0.985733822351588,-0.000111457589937107,0.67,0.1,1.035,0.5,0.6,0.25,0.4,0.005,0.975,0.8,0.1,1.29932684978081,0.739056677198877,0.519730739912324,0.300869570896139,0.356275043397605,0.489095526937107,-1.43775331111767,4.80464785357901,7.57617253571286
68,0.000153260963862074,0.537403952539827,0.105278307086202,-0.0130315308550902,-0.00374624943621482,0.0101543052190471,0.0127980044228727,0.00673883977703271,0.00587340857367939,10.0590386741377,24.5239383218173,2.80767825625387,4.90392016002708,0.554262036102511,5.30498130177159,2.48728684532446,2.91023002204035,-0.0925355655932249,12.5363520679815,32.2157196979691,3.28872072744209,0.160440290240765,0.217096574910384,0.0193160006789372,1.18322942657432,4.5940340486339,0.792763715804798,0.489133249118605,0.709937655944595,0.295807356643581,0.170413741721464,0.453298334978844,0.00100959719308951,-0.000304265719270618,0.985228111018589,1.00515402726868,0.980176255867733,0.608760455127614,0.0640892701368609,0.327150274735524,1.0651683782523,1.06328118932881,0.468858739331187,0.548584407087092,-0.017443146418279,0.00174022070132241,0.962985279915662,0.0198689060324934,0.985352476341581,-0.000113435954336554,0.67,0.1,1.035,0.5,0.6,0.25,0.4,0.005,0.975,0.8,0.1,1.30225889202775,0.744625133187764,0.520903556811101,0.301392115055896,0.356620692230862,0.490417715132499,-1.44385425821854,4.78058322863675,7.6028878390374
69,-0.000212592289686847,0.544643718978646,0.104192888913757,-0.0142136613482102,-0.00394433858275967,0.00947426452695588,0.012804385344946,0.0067403958394773,0.00587428308422181,10.1792041487281,24.4919476306198,2.77531057530687,4.86459377631131,0.544306012954786,5.31096026150923,2.51935467224565,2.88324396227971,-0.0916383730161306,12.688612514544,32.119753152538,3.24705231989868,0.162469884999756,0.216499851839422,0.0190741046531548,1.18121989743616,4.60151010349163,0.791417331282224,0.486574957946911,0.708731938461693,0.295304974359039,0.172416191429483,0.454885262769979,0.000718219555907015,-0.000271409150476682,0.984913010210461,1.00478634474886,0.980221332980624,0.606488232498811,0.0631917610362496,0.330320006464939,1.06521664571872,1.06332437142024,0.474368955554843,0.542885621490314,-0.0172545770451569,0.00156753278834958,0.962954323834582,0.0195592712130042,0.985009826404471,-0.000115375261910433,0.67,0.1,1.035,0.5,0.6,0.25,0.4,0.005,0.975,0.8,0.1,1.30491786793864,0.750031473645897,0.521967147175457,0.301844802872531,0.356972881316121,0.491856023916013,-1.45016330473149,4.75399819449153,7.6270120578151
70,-0.000564409163478699,0.551749308089285,0.10304297066629,-0.0151519318773866,-0.00416142221724858,0.00883059349444704,0.0128078469400453,0.00674071769831732,0.00587416348433515,10.2973217249031,24.4615998522566,2.74145693735179,4.82537875612656,0.534100255411849,5.31510304557336,2.55027915034634,2.85550823975538,-0.0906843445283678,12.8376658092349,32.0247514015549,3.20369185807408,0.164422859464258,0.215869809637844,0.0188190098388064,1.17913926603251,4.60714182159535,0.79002330824178,0.484059399534894,0.707483559619505,0.294784816508127,0.174357925478724,0.456418052020275,0.000477664358503606,-0.000226395074612454,0.98462978344401,1.0044327687907,0.980284409308415,0.604305454429611,0.0622694292142694,0.333425116356119,1.06525681161446,1.06336024377798,0.479817442574352,0.537244191744059,-0.0170616343184109,0.00140976612319113,0.962929026784228,0.0192598542278221,0.984702287711848,-0.000117273598796307,0.67,0.1,1.035,0.5,0.6,0.25,0.4,0.005,0.975,0.8,0.1,1.30732447051543,0.755277068367812,0.522929788206174,0.302219083686316,0.357219694205141,0.493132794737165,-1.45632207766547,4.72527298707014,7.64873137997942
71,-0.000886444698785445,0.558748479179801,0.101869364674598,-0.0157308713722389,-0.00439140586674203,0.00823830619154542,0.012784850556424,0.00672798421395273,0.0058628762978245,10.4309068444173,24.4774567876134,2.71226488072543,4.78775041387653,0.524046681981927,5.31764632851908,2.58016427101529,2.82716068425768,-0.0896786267538858,13.0010431738284,31.9768237008984,3.16519005378879,0.166216394644004,0.215139565962527,0.0185571178353185,1.17696628238593,4.61117198138217,0.788567409198574,0.481712797975396,0.706179769431559,0.294241570596483,0.176244336248184,0.457883658386785,0.000294577705354075,-0.000173697856846394,0.984372720612543,1.00410912307772,0.980344364958379,0.602185508063033,0.0613442551226314,0.336470236814336,1.06527373108622,1.06337737273902,0.48520794946017,0.531656396382619,-0.0168643458427894,0.00127253322904906,0.96292787329481,0.0189876384158932,0.984425129363023,-0.000119129091564857,0.67,0.1,1.035,0.5,0.6,0.25,0.4,0.005,0.975,0.8,0.1,1.30950911079719,0.760369773526427,0.523803644318875,0.302507835464324,0.357264602156463,0.494000290241785,-1.46189120031879,4.69483347972192,7.6683283949392
72,-0.00116623551152931,0.56567168798666,0.100718416731576,-0.015872133312904,-0.00462612706508037,0.00770711663937873,0.0127183851000936,0.00669365078715265,0.00583306788799144,10.5936638605411,24.5719040518309,2.69242779411884,4.75275562065374,0.514508695292996,5.31883364010804,2.60913573827179,2.79832942415124,-0.0886315223149856,13.1925053679832,32.0094833644319,3.13660097359089,0.167787364215036,0.214260304284946,0.0182960064940443,1.17468061016966,4.61385588431467,0.787036008813672,0.479626654853124,0.704808366101796,0.293670152542415,0.178081595044766,0.459269972324737,0.000169389691578286,-0.00011940926204967,0.984135769590058,1.00382793331091,0.980382929118236,0.600099578825263,0.0604410794605663,0.339459341714171,1.06525636691044,1.06336741185059,0.490546596268175,0.526117117679663,-0.0166637139478382,0.00115953704214405,0.962964265550642,0.0187569887983036,0.98417288525082,-0.000120939909068737,0.67,0.1,1.035,0.5,0.6,0.25,0.4,0.005,0.975,0.8,0.1,1.31150901714404,0.76532293727616,0.524603606857615,0.302708135879361,0.357041250894353,0.494278234818221,-1.46641196858193,4.66310846214751,7.68615093959829
73,-0.00139696984898194,0.572546961370756,0.0996358960731583,-0.0155521122219139,-0.0048563166536848,0.00723883504785028,0.0126014656955385,0.00663417459982817,0.00578168069471326,10.7929789243497,24.7597981116637,2.68453737558344,4.7208349334665,0.505761927995844,5.31888707147487,2.63732075780586,2.7691242988233,-0.0875579851542838,13.4195297408378,32.1381159863511,3.12078469914276,0.169105744150359,0.213209873464541,0.0180433807177583,1.17226703857447,4.61543153844628,0.785418915844893,0.477840208426056,0.70336022314468,0.293066759643617,0.179875685468043,0.460567684777934,9.53098839083794e-05,-7.075768858369e-05,0.983913232576373,1.00359604530177,0.980387713943729,0.598020722164675,0.0595843305231946,0.34239494731213,1.06520037375194,1.06332711655705,0.495840712984804,0.520620998643514,-0.0164617116283178,0.00107182986071978,0.963043587997428,0.0185772992264923,0.983939919504845,-0.000122704264249693,0.67,0.1,1.035,0.5,0.6,0.25,0.4,0.005,0.975,0.8,0.1,1.31336404698801,0.770153387178294,0.525345618795206,0.302820902061398,0.356525895445191,0.493890886760664,-1.46948005264907,4.63048218262372,7.70256914860854
74,-0.00157720361563634,0.579395479509737,0.0986624924445951,-0.0147928691271081,-0.00507282078536841,0.00682799660348477,0.0124368216898604,0.00655085587176996,0.00570981611247179,11.029730492291,25.0392147110928,2.68920137121342,4.69189007694292,0.497985482944499,5.31798435266423,2.66482953540606,2.73963114119017,-0.0864763239320124,13.6831030308594,32.3607878178767,3.11851668712088,0.17017431302211,0.211990857574536,0.0178061568949708,1.16971704492243,4.6160940074945,0.783710420098025,0.476342503218642,0.701830226953455,0.292429261230606,0.181631309859789,0.461771451174325,6.01182162729355e-05,-3.331908754268e-05,0.983700535435973,1.00341491036629,0.980352718774016,0.595926968384388,0.0587956400157551,0.345277391599856,1.06510787235369,1.06325815959121,0.501097663830269,0.5151634453038,-0.0162611091340686,0.00100727206910251,0.963163456073662,0.0184532784436593,0.98372110575174,-0.000124420415902175,0.67,0.1,1.035,0.5,0.6,0.25,0.4,0.005,0.975,0.8,0.1,1.31511151814917,0.774879264863998,0.526044607259668,0.302848253547362,0.355732948534386,0.49286260022297,-1.47079483969967,4.59725987668851,7.71793809915695
75,-0.00171023632511525,0.586228601669269,0.0978302772753677,-0.0136580403476187,-0.00526750151108102,0.00646391324552509,0.0122346208846319,0.0064487112275323,0.00562176854916915,11.2991577129413,25.3947113817246,2.70543351131501,4.66541771056841,0.491265004733423,5.31624694896227,2.6917426715272,2.7099108050239,-0.085406527588826,13.9785717883519,32.6616353529934,3.12888183803915,0.171022526816693,0.210625455305068,0.0175898495795435,1.16702934511604,4.61598067832801,0.781909661227748,0.475083236004018,0.700217607069625,0.29175733627901,0.183351122933294,0.462879661599105,4.86635646391841e-05,-1.02690068743022e-05,0.983494612264703,1.00328121249326,0.980278111478451,0.593803466436208,0.0580919577685287,0.348104575795263,1.06498604859143,1.06316609241928,0.506323859175227,0.509741332755977,-0.016065191931205,0.00096121013858307,0.963315492375631,0.0183849621863141,0.983512358908881,-0.000126086670391696,0.67,0.1,1.035,0.5,0.6,0.25,0.4,0.005,0.975,0.8,0.1,1.31678190752318,0.779516603998862,0.526712763009273,0.302793196428867,0.354705668138257,0.491296405472358,-1.47019537418818,4.56364935234851,7.73256905738103
76,-0.00180277879488162,0.593047265774472,0.0971601207416248,-0.0122469165497592,-0.00543394454492652,0.00613425912728327,0.0120081400664825,0.00633432654368764,0.00552318418383028,11.593327734261,25.8042138234387,2.73139299888946,4.640728506732,0.485608388615453,5.31374431947293,2.71810910646275,2.68000368161375,-0.0843684686035683,14.2980947966848,33.0179661358074,3.15003112103797,0.171693525504977,0.209146580033148,0.0173982021366259,1.16420944752125,4.61517242831471,0.780020329839241,0.473992757123953,0.698525668512753,0.291052361880314,0.185035569543865,0.463893873829009,4.6222645470756e-05,-1.47587335338174e-06,0.983294009499133,1.00318820731114,0.980169027439693,0.591643373456809,0.0574841416010457,0.350872484942145,1.06484431508109,1.06305819735002,0.51152425541097,0.50435314920828,-0.0158774046192498,0.000927496715591227,0.963488779311366,0.0183679362132423,0.983310948069137,-0.000127701383326243,0.67,0.1,1.035,0.5,0.6,0.25,0.4,0.005,0.975,0.8,0.1,1.31839612312701,0.784076852105358,0.527358449250803,0.302660901807906,0.353501094436606,0.489333113519252,-1.46768249909873,4.5297620185539,7.74671489817999
77,-0.00186182828368679,0.599844806435697,0.0966618120468057,-0.0106681560517126,-0.00556797585167512,0.00583025917794688,0.0117672458876784,0.0062125960433737,0.00541825838065321,11.9061887698248,26.2516384900468,2.76573491928943,4.61729923195489,0.48098852508391,5.3105175049188,2.74395847161574,2.64993927217513,-0.0833802388720788,14.6356855227043,33.4132286692263,3.18057639025497,0.172221710805744,0.207582892968674,0.0172331847537052,1.16126697022986,4.61371436676985,0.778048870054007,0.473014861004087,0.696760182137916,0.290316742557465,0.186683429542023,0.464817652134862,4.2956011028854e-05,-2.3436708614433e-06,0.983098606901853,1.00312886257489,0.980032220764114,0.589446565728393,0.056976973148073,0.353576461123534,1.06468987815945,1.06294008819876,0.516702650744323,0.498998312258775,-0.0157009630030977,0.000899921811046912,0.963675103184854,0.0183955048182501,0.983115502073821,-0.000129262961179098,0.67,0.1,1.035,0.5,0.6,0.25,0.4,0.005,0.975,0.8,0.1,1.31996505754946,0.788566223234292,0.527986023019782,0.302458761874191,0.3521657518051,0.487084774417641,-1.4634023933737,4.49563951382182,7.76058016672396
78,-0.00189346842121064,0.606610918916629,0.0963350987217981,-0.00902844394639091,-0.00566763759063893,0.00554820446602533,0.0115159682713198,0.00608548182624167,0.00530866253418982,12.2363242196338,26.733142075644,2.80824325921499,4.5948825566425,0.477361147683976,5.30660744750515,2.76931782641513,2.61974651111661,-0.0824568900265867,14.9899731855799,33.8433758532763,3.22024269870993,0.172624056129847,0.205953249440074,0.0170951818375456,1.15821441353503,4.61164383742622,0.77600365706847,0.472121274619564,0.694928648121018,0.289553603383757,0.188292916598788,0.46565511750159,3.49619579169635e-05,-7.12952406688907e-06,0.982908817557871,1.00309706423668,0.979874084574084,0.587217674337532,0.0565696726284909,0.356212653033976,1.06452637258729,1.06281472723622,0.521862197988103,0.493676334085778,-0.0155385320738806,0.000874177648308877,0.963870757680162,0.01845965665754,0.98292559220128,-0.00013076986286145,0.67,0.1,1.035,0.5,0.6,0.25,0.4,0.005,0.975,0.8,0.1,1.32149233747761,0.792985527942287,0.528596934991043,0.302196937744621,0.350727265953667,0.484609557407782,-1.45761653188458,4.46128688832819,7.774338735101
79,-0.00190335281089979,0.613334797978771,0.0961704725329303,-0.00743207427588111,-0.0057329802556404,0.00528780916268556,0.0112540203307182,0.00595275660384167,0.00519417797159192,12.5865913524002,27.2555165131991,2.85961799227112,4.57340981010987,0.474657741004962,5.30207491271484,2.79422384745267,2.58946065065931,-0.0816095853971456,15.3638575818574,34.3151725011743,3.26964928825712,0.172905166119889,0.204269870450995,0.0169831403781837,1.15506771610791,4.60901171885358,0.773895369792298,0.471305902684966,0.693040629664745,0.288766929026977,0.189862784115306,0.466411026547311,2.25641965100357e-05,-1.16880510939594e-05,0.982724961837139,1.00308713042505,0.979700498620416,0.584964560946146,0.0562563182412089,0.358779120812645,1.06435505947896,1.06268337916598,0.527005727654252,0.48838628146305,-0.0153920091173018,0.000848395497990896,0.964075230851948,0.0185510501352849,0.982741201186968,-0.00013222060124327,0.67,0.1,1.035,0.5,0.6,0.25,0.4,0.005,0.975,0.8,0.1,1.32297821348454,0.797332108107402,0.529191285393815,0.301888586191608,0.349200420142718,0.481926500428046,-1.45067412778828,4.42669663008475,7.78814508805216
80,-0.00189660825430605,0.62000658069064,0.0961516340924145,-0.00596066194365052,-0.00576590549341394,0.0050492542939311,0.0109804001387806,0.00581382475216964,0.00507426668748887,12.9611364054298,27.8284053558182,2.92067632450616,4.55284705876611,0.472782383115658,5.29700167964313,2.81872363088598,2.55912320988638,-0.0808451611292347,15.7615352256928,34.8382737497706,3.32950835991683,0.173067964105957,0.202543618958163,0.0168948134242486,1.15184607188397,4.60588643438851,0.771736868162259,0.470570178380287,0.691107643130381,0.287961517970992,0.191392774728874,0.467091374503978,7.6021242406613e-06,-1.4499878322497e-05,0.982547024504643,1.00309390870442,0.979516489910384,0.582696858241834,0.0560272551004683,0.361275886657698,1.06417691999458,1.06254713980861,0.532135687575593,0.483126750690176,-0.0152624382657683,0.000822478922642409,0.964288482065799,0.0186608548308561,0.982562338201996,-0.000133613744620924,0.67,0.1,1.035,0.5,0.6,0.25,0.4,0.005,0.975,0.8,0.1,1.32442256594761,0.801602699409311,0.529769026379043,0.301546334796391,0.34759689552694,0.479046541708265,-1.44296130489104,4.39186031928849,7.80213608210357
81,-0.00187798541328658,0.626616677265203,0.0962590472866302,-0.00465899569592132,-0.00576967318151711,0.00483014734024123,0.0106974172901203,0.00566978431394715,0.00494985632522419,13.360826667896,28.4533026694108,2.99126212642406,4.5330357230269,0.471611769423585,5.29147267385784,2.84286307234417,2.52877585554139,-0.0801662540277259,16.1839327527207,35.4140652979703,3.3995348509701,0.173126282566721,0.200790112603139,0.0168272091501805,1.14857092136866,4.6023396501097,0.769542517317001,0.469904578468423,0.689142552821194,0.287142730342164,0.192883270086192,0.467703454705057,-9.52907305322601e-06,-1.69740345345054e-05,0.982374743631721,1.00311262465965,0.979326467917835,0.580424917334143,0.0558711495640057,0.363703933101851,1.06399483597103,1.06240849184398,0.537253662177855,0.477896421545298,-0.0151500837231536,0.000796982272564841,0.9645079946751,0.0187823567690905,0.982388897416597,-0.000134947918130096,0.67,0.1,1.035,0.5,0.6,0.25,0.4,0.005,0.975,0.8,0.1,1.32582612209597,0.805794928400371,0.530330448838388,0.301178860315079,0.345936410733977,0.476008826987964,-1.43484167863573,4.35676653434506,7.81642103262068
82,-0.00185212231294433,0.63315432344789,0.0964726499428693,-0.0035419062145301,-0.00574819054267395,0.00462508355385527,0.0104115843378193,0.00552391105263618,0.00482376618586692,13.7810451354066,29.1187757112898,3.06979593010131,4.51365622215326,0.471003762563393,5.28555505031488,2.866673132443,2.49845385979059,-0.0795719419187134,16.6264918145411,36.0308455206852,3.47800483291626,0.173108122274032,0.199031186467,0.0167770821702725,1.14526425314299,4.59842728982007,0.767327049605801,0.469281412479157,0.687158551885792,0.286316063285747,0.194334575582571,0.468255590590335,-3.07913909855378e-05,-2.14611432839453e-05,0.982207999043379,1.00313861707549,0.979134869622373,0.578159346139012,0.0557765642112671,0.366064089649721,1.06381376837939,1.06227134993934,0.542359904523602,0.472694700179452,-0.0150546047030539,0.000771847610062004,0.964728283952048,0.0189108689395368,0.982220790759649,-0.000136221805102608,0.67,0.1,1.035,0.5,0.6,0.25,0.4,0.005,0.975,0.8,0.1,1.32718956241054,0.809907499926064,0.530875824964217,0.30079088605611,0.34424970865929,0.472890204662455,-1.4266196393402,4.32139318766606,7.83106896714743
83,-0.00182388561237413,0.639605745973463,0.0967734450687104,-0.00260532765555421,-0.00570547001142618,0.00442573164078852,0.0101337694247984,0.00538176208686977,0.00470080294846035,14.2097829808178,29.7966750967596,3.15288025580846,4.49421021535333,0.470801877816765,5.27927806154621,2.89015603352185,2.46818066013827,-0.0790586321139153,17.0772497913361,36.6600130363419,3.56136477560945,0.173056912285317,0.197295468894896,0.0167412740981336,1.14194725703366,4.59417050801626,0.76510466221255,0.468651445255542,0.685168354220194,0.285486814258414,0.195746135288893,0.468756257408416,-6.08006902444715e-05,-3.06575567230841e-05,0.982047114647003,1.00316699495956,0.9789467950813,0.57591107124464,0.0557328984175553,0.368356030337804,1.06364067524012,1.06214096407793,0.547452890305876,0.467522383053901,-0.0149752733597769,0.000745999798077298,0.964940887150016,0.0190431871256731,0.982058168866858,-0.000137434148365817,0.67,0.1,1.035,0.5,0.6,0.25,0.4,0.005,0.975,0.8,0.1,1.32851181443522,0.813938611034783,0.531404725774089,0.300384056337904,0.342579746676005,0.469808820902467,-1.41852719594093,4.28569753799683,7.84609398377816
84,-0.00179878299132804,0.645951921556639,0.0971442199278178,-0.00183557041682691,-0.00564531098625798,0.00422068769834016,0.0098796585461323,0.00525143518154743,0.00458799026491325,14.6249825823147,30.4368089852181,3.23469043065022,4.4739880089624,0.47083339662374,5.27261254072339,2.91327038282723,2.43796314107573,-0.0786209831795698,17.5141712759756,37.2507044821841,3.64361973602875,0.173034032386915,0.195619660643479,0.0167168919343652,1.13863957852074,4.58953596679259,0.762888517608894,0.467939564795383,0.683183747112443,0.284659894630184,0.197115721553185,0.469213203893224,-0.000107173181644178,-4.76633694954969e-05,0.981893141431117,1.00319222309372,0.978768693404626,0.573691821237341,0.0557308444530706,0.370577334309588,1.06348463421283,1.06202397989439,0.552528819503881,0.462382381076922,-0.0149112005808028,0.000717197499907266,0.965134109509536,0.0191770545408395,0.981901675142786,-0.000138583751483289,0.67,0.1,1.035,0.5,0.6,0.25,0.4,0.005,0.975,0.8,0.1,1.32978803142686,0.817883725239838,0.531915212570744,0.299957628462673,0.340983875666146,0.466930965190544,-1.41072657253156,4.24960414429043,7.86143704189263
85,-0.0017826368476399,0.652167302262487,0.0975695890167123,-0.00121681263043705,-0.00557115601443647,0.00399728653365905,0.00966775306512173,0.00514255900141561,0.00449369905599192,14.9955345170047,30.9701720124443,3.30725336410434,4.45216915035104,0.470919462959018,5.26546047512095,2.93592284720333,2.40779032821325,-0.0782527002956317,17.9061305731879,37.7331191872597,3.71662150536726,0.17311204913961,0.194044792240615,0.0167013785995385,1.13535810652148,4.58442466493796,0.76068993136939,0.46705267684856,0.681214863912886,0.283839526630369,0.198438840159765,0.469632835379894,-0.000179053729891075,-7.41731573995872e-05,0.981748185010337,1.00320844996812,0.978608369019952,0.571514497399045,0.0557624346283177,0.372723067972637,1.06335528669318,1.06192719576202,0.557581404527761,0.45728010676178,-0.0148615112895409,0.000681856220183764,0.965294715698737,0.0193106376717814,0.981752739466033,-0.000139669479935542,0.67,0.1,1.035,0.5,0.6,0.25,0.4,0.005,0.975,0.8,0.1,1.33100723574166,0.821733897420252,0.532402894296665,0.29950949435513,0.339527331544012,0.464452200614315,-1.40332287887396,4.21299956373998,7.87695503573949
86,-0.00178050503002712,0.658220901830133,0.0980355413184414,-0.00073669200477311,-0.00548608219665758,0.00374527454561879,0.00951461884147471,0.00506383714674544,0.00442551703421306,15.2884427209865,31.3259321905914,3.36222854947125,4.42805911121235,0.470899640395965,5.25766637189838,2.95797484912246,2.37763859725781,-0.0779470744818953,18.2200657749789,38.0357387866487,3.77187360631956,0.173356981433331,0.192606787369898,0.0166924909342462,1.13211537347154,4.57868090475823,0.758517300225934,0.465903159470318,0.679269224082926,0.283028843367886,0.199708776563389,0.470019400443146,-0.000283756942769894,-0.000108557530869505,0.981615439764905,1.00321059244482,0.978473958665757,0.569392928863636,0.0558207440040394,0.374786327132324,1.06325988107903,1.06185533270259,0.562602234507024,0.452223178322234,-0.0148254128292579,0.000635668426733667,0.965411552641331,0.0194420390672048,0.981613738093475,-0.000140690262239674,0.67,0.1,1.035,0.5,0.6,0.25,0.4,0.005,0.975,0.8,0.1,1.33215089576146,0.825474600433105,0.532860358304583,0.299037413995024,0.33826691131253,0.46254884152197,-1.39638186256089,4.17574310591278,7.89242999272517
87,-0.00179525372338859,0.664080290627976,0.0985287865283555,-0.00038873523041727,-0.00539289173631174,0.00346095920067802,0.00942887952357521,0.00501990248675703,0.00438750970507888,15.4810927675792,31.4589972414408,3.39391890709397,4.40137448766335,0.470663368677106,5.24905511314709,2.97926808362978,2.34748423749405,-0.0776972079767435,18.4332481609325,38.1131793256591,3.80357328251106,0.173804876349376,0.19132444393886,0.0166882147167259,1.12891833015235,4.57212683046081,0.756375281202074,0.464441234607906,0.677350998091409,0.282229582538087,0.200917566625796,0.470374196324123,-0.000422715405136703,-0.000145095534153739,0.981498734521269,1.00319577000799,0.978372082363792,0.567340775081749,0.0558993981168614,0.376759826801389,1.06320021017107,1.06180888265369,0.56758178746642,0.447220344784419,-0.0148021322508386,0.000575073535547634,0.965479789155045,0.0195689983949448,0.981487834123139,-0.000141645091006791,0.67,0.1,1.035,0.5,0.6,0.25,0.4,0.005,0.975,0.8,0.1,1.33319393638345,0.829085828101014,0.53327757455338,0.298540150322158,0.337230201568522,0.461314779298373,-1.38994712991922,4.13769702548842,7.90760551336678
88,-0.00182692284436472,0.669716922975003,0.0990362117541987,-0.00017148810318135,-0.00529424269432888,0.00314869820683983,0.0094080466203441,0.00500961121196473,0.00437872286766523,15.5704729802871,31.3694190253948,3.40149900678414,4.37235742022762,0.470164094681932,5.23948220573356,2.99965947024852,2.31731874317082,-0.0774960076857901,18.5425237153088,37.9657187906396,3.81085376632659,0.174448927690308,0.190193490670023,0.0166866725463039,1.12576892946527,4.56461057017609,0.754265182741733,0.4626747121248,0.675461357679164,0.281442232366318,0.202057662917189,0.47069529391814,-0.000589722121699541,-0.000176176973023228,0.981401616131883,1.00316394254141,0.978306311175422,0.565370022738137,0.0559921052913703,0.378637871970493,1.06317203934036,1.06178401343757,0.572510670418156,0.442280105586577,-0.0147907760047329,0.000499071040543326,0.96550264794331,0.0196888607909606,0.981378422459236,-0.00014253302393618,0.67,0.1,1.035,0.5,0.6,0.25,0.4,0.005,0.975,0.8,0.1,1.33410890639154,0.832543776619993,0.533643562556614,0.29801830917895,0.336405332827692,0.460727625534254,-1.38405239957523,4.09876479115013,7.92223835042652
89,-0.00187340756999511,0.675110330893868,0.0995445610882391,-8.64476420407989e-05,-0.00519275764916027,0.00281868879123315,0.0094402734779385,0.00502690303851922,0.0043939159216653,15.5725023619174,31.0989383623478,3.38878484713044,4.34163689349714,0.469404796547483,5.22887306299826,3.01904960688972,2.2871595713921,-0.0773361152835552,18.5636745251332,37.6357177377211,3.79753959810443,0.175246164328138,0.189191103921189,0.0166860697100619,1.12266673426814,4.55604583831531,0.752186711959651,0.460662557909114,0.673600040560881,0.280666683567034,0.20312360800202,0.470978518522491,-0.000772815877929167,-0.000195904327501436,0.981326445909725,1.00311722539215,0.978276936203631,0.563489839358627,0.0560923487366369,0.380417811904736,1.06316742218225,1.0617746139283,0.577380550362524,0.437409656695822,-0.0147902070583464,0.000410059160100628,0.965489484253672,0.0197986809038569,0.981288390048691,-0.000143353184745238,0.67,0.1,1.035,0.5,0.6,0.25,0.4,0.005,0.975,0.8,0.1,1.33487182806313,0.835824331914424,0.533948731225253,0.297474969151422,0.335748918093233,0.460667610306383,-1.37872841885551,4.05891892211469,7.93614155912802
90,-0.00193173784147395,0.680249985617726,0.100040352744659,-0.000135844299603005,-0.00509108778235223,0.0024832123823586,0.00950897325680976,0.00506319127489399,0.00442563527032244,15.5136990072793,30.7108503210183,3.36212241128248,4.30998270951738,0.468410053214184,5.21723823876402,3.03739572820039,2.25705239921241,-0.0772098886487838,18.5231174717843,37.1872511572339,3.77000725291861,0.176135828694864,0.188286165624974,0.0166846770707259,1.11961195513997,4.54642909555491,0.750140009943783,0.458491222033444,0.671767173083984,0.279902988784993,0.204113092390216,0.471219571804623,-0.000958029874876803,-0.000201998162670859,0.981273981398863,1.00305860346932,0.978281805275277,0.56170613211318,0.0561932795954408,0.382100588291379,1.06317766456011,1.06177455202549,0.582184594453167,0.432614401704439,-0.0147989961576059,0.000313071093643719,0.965452228177304,0.0198953896564675,0.981219539546394,-0.000144104764034268,0.67,0.1,1.035,0.5,0.6,0.25,0.4,0.005,0.975,0.8,0.1,1.33546701212198,0.838907650931031,0.534186804848792,0.29691588017012,0.33520404150944,0.460967174854354,-1.37400573884725,4.0182085794955,7.94920453219548
91,-0.00199914494627463,0.685135011758651,0.100510082506111,-0.000319965680464329,-0.00499192945106819,0.00215344436419063,0.00959749118762464,0.00510981205745473,0.00446634792655665,15.4216160365561,30.2682017636577,3.32800768348896,4.27810068667472,0.467202296168951,5.20466560050837,3.05470938734252,2.22706567227091,-0.0771094591050628,18.4483561761671,36.6841062351337,3.73478135350834,0.177057935835703,0.187448888368153,0.0166808329554876,1.11660737113902,4.53583397879167,0.748126938663145,0.456249256816392,0.669964422683413,0.279151842784756,0.205027183567175,0.47141616282542,-0.00113280096671948,-0.000195543606260136,0.981243476880534,1.00299085932899,0.978317466957766,0.560021699279357,0.0562878271997807,0.383690473520862,1.06319533195251,1.06177896505512,0.586917512441943,0.427897936815264,-0.014815449257207,0.000214157984790873,0.965402249173355,0.019976061069392,0.98117236227977,-0.000144787020085251,0.67,0.1,1.035,0.5,0.6,0.25,0.4,0.005,0.975,0.8,0.1,1.33588919791116,0.84178195850633,0.534355679164464,0.296348851702569,0.334717187939976,0.461460338618691,-1.3699135841819,3.976748892296,7.96138970903178
92,-0.00207354323341975,0.689772750344067,0.100940616138264,-0.000635476943762314,-0.00489798349877779,0.00183794874690735,0.00969183825623408,0.00515947294177479,0.00450970811818616,15.3191083239219,29.8214157303012,3.2916884700577,4.24654014097117,0.465791252404944,5.19130014044281,3.07104559984862,2.19728138369929,-0.0770268431051042,18.3622479392659,36.1773110919744,3.69712583776247,0.177963937051528,0.186655857689346,0.0166729584049359,1.11365859075612,4.52439267774462,0.7461512558066,0.454011690260724,0.668195154453672,0.27841464768903,0.205869921556159,0.471569235119986,-0.00128769175548124,-0.000179381897535135,0.981233085814082,1.00291608905041,0.978380042485048,0.558436664804929,0.056368941019607,0.385194394175464,1.06321483898474,1.06178442604967,0.591575427497179,0.423262251123063,-0.0148376786202413,0.000118881558090659,0.965348790302314,0.0200381446611739,0.98114613771433,-0.000145399279593833,0.67,0.1,1.035,0.5,0.6,0.25,0.4,0.005,0.975,0.8,0.1,1.33614302719046,0.844445332551209,0.534457210876182,0.295782714795662,0.334247139296535,0.462010713921402,-1.36647667513058,3.93470114371312,7.97271623441564
93,-0.0021535166568171,0.694177108908818,0.101319635590891,-0.00107506921007072,-0.00481187677234718,0.00154262959498963,0.00978131465056253,0.00520659498568812,0.00455085996043505,15.2230198886748,29.4060783316393,3.25687537051342,4.21569271558038,0.464174517538126,5.17732233378365,3.08649046114937,2.16778595313354,-0.0769540804992558,18.2816815897386,35.7029126464888,3.66075539269402,0.178818879971912,0.1858906059613,0.0166595851417265,1.11077313541555,4.51227495427585,0.74421800072842,0.451835795620003,0.666463881249331,0.277693283853888,0.206647640057422,0.471683040902688,-0.00141650174153162,-0.000156539606207405,0.981240288624835,1.0028357157599,0.978465638194088,0.556948935197672,0.056429863156963,0.386621201645365,1.06323215295861,1.06178854787943,0.596155746573678,0.418707936917131,-0.0148636834908088,3.15244729302263e-05,0.965298808731481,0.0200796050791971,0.981139204507127,-0.000145940938333799,0.67,0.1,1.035,0.5,0.6,0.25,0.4,0.005,0.975,0.8,0.1,1.33624099750596,0.8469053643765,0.534496399002384,0.295226396267999,0.333765977836592,0.462517004269042,-1.36371198145924,3.89225262162346,7.98324160189359
94,-0.00223784091315708,0.698367522082341,0.101636134849863,-0.00162709707888598,-0.00473607288182176,0.00127185653245121,0.0098572882258101,0.00524668794569015,0.00458589754369919,15.1462513592659,29.0480506319883,3.22628240150142,4.18586270827818,0.462347387573739,5.16293339515332,3.10115297855667,2.1386637969297,-0.076883380333051,18.2196321534105,35.287149770187,3.62838581433574,0.179596165504949,0.185140663337706,0.0166394055936289,1.10795888300079,4.49967319573978,0.742332451610531,0.449766907117553,0.664775329800475,0.276989720750198,0.207368349917022,0.471764421263638,-0.00151513038693166,-0.000128984022412308,0.981262197332458,1.00275096988228,0.978570180238927,0.555554426875069,0.0564644046463129,0.387981168478618,1.06324385050789,1.06178922636037,0.600657173200775,0.414234241126829,-0.0148914143276039,-4.49952808307819e-05,0.965257992521151,0.0200990702350745,0.981149250795287,-0.000146411461753367,0.67,0.1,1.035,0.5,0.6,0.25,0.4,0.005,0.975,0.8,0.1,1.3362011275584,0.849177683485054,0.534480451023362,0.294688409412202,0.333253871054725,0.462899181960804,-1.36162562617352,3.84960265542197,7.99305025735439
95,-0.00232492633277225,0.702368660602894,0.101880969438919,-0.00227509691856076,-0.00467277303002744,0.00102972885108765,0.00991151052763053,0.00527547652782094,0.00461110601388605,15.1006057767029,28.7699943537244,3.2023461665507,4.15734335003567,0.460314074550408,5.14834885899606,3.11516217725933,2.10999395879853,-0.0768072770618067,18.1879971155348,34.9530481946368,3.60246430887882,0.1802705248874,0.184393985326945,0.0166113448395175,1.10522263770393,4.48679554210898,0.740499167261632,0.447847199012296,0.663133582622357,0.276305659425982,0.208041363314844,0.47182171401282,-0.00158026573527768,-9.74243577819903e-05,0.981295644755314,1.00266344903556,0.978688956597747,0.554247030648872,0.0564672247911493,0.389285744559979,1.06324626066698,1.06178404344548,0.605079854255797,0.409838963245779,-0.0149188175015755,-0.000108651430430483,0.965231958752248,0.0200959949127613,0.981173501565325,-0.00014681038550273,0.67,0.1,1.035,0.5,0.6,0.25,0.4,0.005,0.975,0.8,0.1,1.33604534857807,0.851284152953324,0.534418139431228,0.294176752991784,0.332692779808076,0.463080211404003,-1.36020988008331,3.80695581955271,8.00225084219431
96,-0.00241238007643609,0.706210722760732,0.102047406410778,-0.00299771833072038,-0.00462380611221624,0.000821051299370046,0.00993469917463347,0.0052881605447968,0.00462231771822835,15.0992581585577,28.5968033348117,3.18783321288095,4.1304744658234,0.458096758877837,5.13379868114392,3.1286684404933,2.0818490435988,-0.0767188029481688,18.2000615643785,34.7259054887393,3.58578581009441,0.180812136602057,0.18363616328809,0.0165746412837921,1.10256915730237,4.47386558344534,0.73872133539259,0.446123279553355,0.661541494381424,0.275642289325593,0.20867717127455,0.471863816609921,-0.00160839668283985,-6.16070834192403e-05,0.981337132840557,1.00257555802318,0.978816135090604,0.553018390387754,0.0564340924365336,0.390547517175713,1.06323485732052,1.06176987846187,0.609425619275776,0.405518247383809,-0.0149438666595851,-0.000157745667095962,0.965227208062485,0.0200707834381452,0.981208782608111,-0.00014713731589231,0.67,0.1,1.035,0.5,0.6,0.25,0.4,0.005,0.975,0.8,0.1,1.33579885991609,0.853251582246784,0.534319543966434,0.293699084510523,0.332061585075556,0.462970902771628,-1.35944071457245,3.76452045679546,8.01098023389986
97,-0.00249643240128303,0.709930536424089,0.102131704197346,-0.00376824582574309,-0.00459051871784433,0.00065258743980956,0.00991474139626373,0.00527847925801875,0.00461409859138699,15.1599717700248,28.5623519951983,3.18660348435766,4.1057193159498,0.455747088128588,5.11953481930899,3.14185023169337,2.05429625897422,-0.0766116713585987,18.2737135628455,34.6401140791948,3.58226783811347,0.181179144325109,0.182847123662564,0.0165289369858244,1.10000032092682,4.4611292838971,0.737000215020968,0.444655637803014,0.660000192556091,0.275000080231705,0.209287583197802,0.471899600430828,-0.00159465714420433,-2.01267333478449e-05,0.981382713277948,1.00249108543671,0.978944079937063,0.551857423869202,0.0563621391737189,0.391780436957079,1.06320336464193,1.06174228786757,0.613698381314543,0.401266195363331,-0.0149645766778747,-0.000190475348049365,0.965252388612086,0.0200249415689203,0.981251489277634,-0.000147391930281282,0.67,0.1,1.035,0.5,0.6,0.25,0.4,0.005,0.975,0.8,0.1,1.33549026096938,0.855111447305047,0.53419610438775,0.293263123581577,0.33133036859517,0.462450717887576,-1.359275437053,3.72251268193706,8.01941581385692
98,-0.0025725822181892,0.713571302522194,0.102133674702672,-0.00455445363643225,-0.00457365916053076,0.000531226865563728,0.00983883370624728,0.00523979006025771,0.00458067728047194,15.303263494115,28.7055530015189,3.20315172876833,4.08356099798499,0.453335360202268,5.10582984866739,3.15491361827027,2.02739671603767,-0.0764804856405465,18.429617286205,34.735117248622,3.5964809217781,0.18132593974883,0.18200472210132,0.0164743184480509,1.09751588979387,4.44885469301024,0.735335646161893,0.443509463336068,0.658509533876322,0.274378972448468,0.209885765929096,0.471937457141052,-0.00153437821916743,2.68927581020837e-05,0.98142773661425,1.00241455487072,0.979063733507764,0.550750266449347,0.0562501485559476,0.392999584994706,1.06314536406124,1.06169677910751,0.617904182430539,0.397074868557716,-0.0149790509882557,-0.00020441904696955,0.965316513992492,0.0199611867278926,0.981297440411154,-0.000147573977395985,0.67,0.1,1.035,0.5,0.6,0.25,0.4,0.005,0.975,0.8,0.1,1.33515259266701,0.856899189869854,0.534061037066805,0.292875998925856,0.330466879797796,0.461389646890526,-1.35964948722717,3.68115430811895,8.02777849832277
99,-0.00263764872346235,0.717178577024091,0.102057055036451,-0.00532002428848932,-0.00457326505946565,0.000458856421268194,0.00970031032683545,0.00516856990435262,0.00451897698197492,15.5441044216322,29.0531822913116,3.24062651643423,4.06421151800108,0.45091536763492,5.09294892369117,3.16807094202232,2.00119896432558,-0.0763209826567224,18.6829200086569,35.0379468996302,3.6316321635666,0.181230121895492,0.181096077855834,0.0164112621541679,1.09511577124282,4.43730704111973,0.733727566732692,0.442721749509416,0.657069462745694,0.273778942810706,0.21048547689308,0.471985614868785,-0.00142758017425143,7.48320013126394e-05,0.981466999397483,1.00234916303292,0.979166777001886,0.549681405958039,0.0560988655003736,0.394219728541588,1.06305833633594,1.06163179820229,0.622050405274087,0.392935211860555,-0.0149856171346419,-0.000197214984104403,0.965423815197448,0.0198833813104435,0.981341884874909,-0.000147683277577896,0.67,0.1,1.035,0.5,0.6,0.25,0.4,0.005,0.975,0.8,0.1,1.33482333362519,0.858653048389297,0.533929333450077,0.292541783292546,0.329456437661743,0.459718549769061,-1.36047283623256,3.64065246274375,8.03630745153869
100,-0.0026908834024159,0.720794345025051,0.101909575213471,-0.00602703044720543,-0.00458858899270975,0.000429933371198343,0.00950254938483987,0.0050664497341642,0.00443038568616583,15.8864723267444,29.6090230046942,3.29957869368098,4.04747831059118,0.448507094336938,5.08110936376121,3.18150951400621,1.97573013474477,-0.0761302849897671,19.037789902554,35.5522314245738,3.68829607717482,0.180907538727315,0.180123593450092,0.0163405741466692,1.09280077018442,4.42671001920336,0.732176516023559,0.442280586156201,0.655680462110649,0.273200192546104,0.21109947692397,0.47205289711706,-0.00128111755279594,0.000116836896502446,0.981495614558058,1.00229566218057,0.979247592893636,0.548635457956956,0.0559112064674414,0.395453335575603,1.06294533404287,1.06154980561635,0.626144663741532,0.388838340862292,-0.0149830046038239,-0.000168551738468177,0.965571111871347,0.0197963100292335,0.98137996086681,-0.00014771972296093,0.67,0.1,1.035,0.5,0.6,0.25,0.4,0.005,0.975,0.8,0.1,1.33454100606272,0.860412666135217,0.533816402425089,0.292259373014689,0.328311979908933,0.457468738919587,-1.3616283711227,3.60117106193267,8.04522108626384
101,-0.00275406103188863,0.724323183152764,0.101794063834949,-0.00574631983534457,-0.00461808495730587,0.000255068776046752,0.00949572389694211,0.00506254955147178,0.00442688158023073,15.9293251283978,29.5457810163503,3.28890038750518,4.02436994296651,0.445499738101449,5.06933462881993,3.19449889243731,1.95074840735285,-0.0759126709702362,19.0934253716077,35.4417474323761,3.67475516056858,0.181305895575724,0.179425602567238,0.016267705932188,1.09059374286051,4.41624001168508,0.730697807716542,0.441074234879081,0.654356245716306,0.272648435715128,0.211704544803197,0.472120270855666,-0.00126162858145634,-6.99956528336388e-06,0.981509898917756,1.00223216866295,0.97932388283561,0.547609964064223,0.0557434436386079,0.396646592297169,1.0629544042373,1.06156086226256,0.630161377447073,0.384813501216226,-0.0149748786632986,-0.000121132243564958,0.965571111871347,0.0197963100292335,0.981407385891408,-0.00014771972296093,0.67,0.1,1.035,0.5,0.6,0.25,0.4,0.005,0.975,0.8,0.1,1.33433986900729,0.862146969262043,0.533735947602916,0.291831736080994,0.327652187399196,0.457096818923101,-1.36182241381405,3.56229531120086,8.05376613457448
102,-0.0028154445290978,0.727763226707457,0.101703586484335,-0.00552588939438015,-0.0046411872330101,8.60916227649611e-05,0.0095068740449293,0.00506877226281337,0.00443241342675188,15.9412665959775,29.4186405554173,3.27154601668933,4.00204960283822,0.442674747725513,5.05755824247469,3.20703115789703,1.92620620527392,-0.0756791206962593,19.1177605354561,35.2686412025578,3.65474096347046,0.181750130299747,0.178768685075833,0.0161993197518775,1.08842676266143,4.40575760625819,0.729245930983157,0.439749729570384,0.653056057596857,0.272106690665357,0.212287348718234,0.472222084935651,-0.00125542138035506,-1.97677020615423e-05,0.981537400092168,1.00217047824826,0.979411608499829,0.546607346353194,0.0555919275228051,0.397800726124001,1.06294474871945,1.06155017976294,0.634106618991649,0.380856949784272,-0.0149635687759203,-0.000128024999709958,0.965571111871347,0.0197963100292335,0.981436438405503,-0.00014771972296093,0.67,0.1,1.035,0.5,0.6,0.25,0.4,0.005,0.975,0.8,0.1,1.33413122938884,0.863914632846009,0.533652491755535,0.291396979268836,0.327051376584172,0.45688737693026,-1.36133291412164,3.52393032791273,8.06190373040534
103,-0.00287502820455563,0.731113613002084,0.101632714766687,-0.00535288170705228,-0.00465928270313298,-7.70562655549867e-05,0.00951969351585078,0.00507593399451301,0.00443878300366242,15.948806175296,29.2872806480135,3.25434644721386,3.98024072378738,0.439991439330947,5.04579127408711,3.21912526423622,1.90210339468044,-0.075437384829553,19.1372662292727,35.0922497322147,3.63503563351789,0.18218089927334,0.17812592249046,0.0161351318026374,1.08629067646667,4.3952675136538,0.727814753232666,0.438436941389366,0.651774405879999,0.271572669116666,0.212846109532862,0.472313796475616,-0.00125064544669651,-2.0958252866417e-05,0.981568887379359,1.00211059665442,0.979501554675061,0.545629247675222,0.0554537816973376,0.39891697062744,1.06293342588712,1.0615375749222,0.637982248781586,0.376968307168754,-0.0149505559503399,-0.000139929352937423,0.965571111871347,0.0197963100292335,0.981468266010399,-0.00014771972296093,0.67,0.1,1.035,0.5,0.6,0.25,0.4,0.005,0.975,0.8,0.1,1.3338998162831,0.865631376045212,0.533559926513241,0.290965400533036,0.326459630324814,0.456688766554091,-1.36036501967141,3.48607301163709,8.06966236400769
104,-0.00293282200635709,0.734374250727651,0.101577198516771,-0.00521714809371265,-0.00467345704666267,-0.000234476267894856,0.00953261695096136,0.00508315318502051,0.00444520339777574,15.954577921266,29.1574972083514,3.23783674960606,3.9589279263174,0.437429558021528,5.03405442967837,3.23080161938237,1.87844564761718,-0.0751928373211814,19.1545915307588,34.9183498950899,3.61614798153352,0.18259337541908,0.177495304626861,0.0160745112271101,1.08418724938128,4.38478776380292,0.726405457085459,0.437149583686659,0.650512349628769,0.27104681234532,0.213381385308644,0.472389265262465,-0.00124568375332129,-2.05606664052879e-05,0.9816032771748,1.00205251388361,0.979592649661087,0.544676712672084,0.0553267345705546,0.399996552757361,1.06292206573927,1.06152493944221,0.641789170990888,0.373147663387339,-0.014936834378227,-0.000151777257343025,0.965571111871347,0.0197963100292335,0.981502868864566,-0.00014771972296093,0.67,0.1,1.035,0.5,0.6,0.25,0.4,0.005,0.975,0.8,0.1,1.3336451516751,0.86728375616613,0.533458060670042,0.290537862967701,0.325872761763765,0.456487372604537,-1.3590687739811,3.44873500906964,8.07707365753769
105,-0.00298884749696966,0.737545638821372,0.101533709627543,-0.00511069099858141,-0.00468456029664577,-0.000386300203995882,0.0095454838570976,0.00509033963205045,0.00445159416375248,15.958929333248,29.0299316989948,3.2219787092523,3.93811356941845,0.434974243474605,5.02236800150895,3.24207985868947,1.85523728221424,-0.074949139394763,19.1701030933726,34.7475894157384,3.59802073984003,0.182987902675773,0.176877018238184,0.016016926507887,1.08211872312511,4.37433683082851,0.725019544493821,0.435889803914424,0.649271233875063,0.270529680781276,0.21389400124067,0.472449391366592,-0.00124006319462353,-1.96859817033482e-05,0.981640273255053,1.00199620826555,0.979684618721533,0.543750328577939,0.0552089879717135,0.401040683450347,1.06291082825742,1.06151245738966,0.64552813683457,0.369394931194716,-0.0149230680292863,-0.000162923010736335,0.965571111871347,0.0197963100292335,0.981540099458473,-0.00014771972296093,0.67,0.1,1.035,0.5,0.6,0.25,0.4,0.005,0.975,0.8,0.1,1.33336847150042,0.868871918849559,0.53334738860017,0.290114474043489,0.325290871457067,0.456282642203378,-1.35755322001489,3.41192857219271,8.08416699970758
106,-0.00304313474252399,0.74062872427301,0.101499641744443,-0.00502721606595014,-0.0046932580744915,-0.000532680647918338,0.00955826713437627,0.00509747826642447,0.00445794192684045,15.9619890126619,28.9047198587032,3.20669978952589,3.91779907915048,0.432613851630417,5.01075083523817,3.25297864335875,1.83248091984532,-0.0747087279658995,19.1839481218275,34.5801085673603,3.58056687112694,0.183365295395217,0.176271341668949,0.0159619579365377,1.08008691503515,4.36393222418476,0.72365823307355,0.434658349422523,0.64805214902109,0.270021728758787,0.214384829588369,0.472495601065826,-0.00123353796768401,-1.85522463048663e-05,0.981679645986847,1.00194164958376,0.979777261874148,0.542850334671262,0.055099114489984,0.402050550838754,1.06289973394804,1.06150015085615,0.649199840540631,0.365709846728362,-0.0149096872689931,-0.000173205900560301,0.965571111871347,0.0197963100292335,0.981579772264286,-0.00014771972296093,0.67,0.1,1.035,0.5,0.6,0.25,0.4,0.005,0.975,0.8,0.1,1.33307135844686,0.870397549541825,0.533228543378742,0.289695362335438,0.324714438604325,0.456075224900657,-1.35589707125838,3.37566508263281,8.09096924894748
107,-0.00309571991226521,0.743624790577404,0.101472953577251,-0.00496177435702794,-0.00470007165111141,-0.00067378360642445,0.00957095274533958,0.00510456136978813,0.0044642398717193,15.9638613817163,28.7819324430019,3.19193933445946,3.89798370490583,0.430339138096504,4.99922020606906,3.26351565992169,1.81017771812351,-0.0744731719761423,19.1962486727087,34.4159791196534,3.56371457635488,0.183726384837346,0.175678469889676,0.0159092757750551,1.07809321659416,4.35359024707246,0.722322455118084,0.433455601458646,0.646855929956493,0.269523304148539,0.214854753766617,0.472529238850537,-0.00122597095988946,-1.72636325274898e-05,0.981721168935161,1.00188880148817,0.979870388287547,0.541976707287211,0.0549959772585063,0.403027315454283,1.06288878984845,1.06148802635771,0.652804942630915,0.36209201507139,-0.0148969577023049,-0.000182555882579185,0.965571111871347,0.0197963100292335,0.981621684166715,-0.00014771972296093,0.67,0.1,1.035,0.5,0.6,0.25,0.4,0.005,0.975,0.8,0.1,1.33275553249063,0.871862632650241,0.533102212996251,0.289280717756395,0.324143948489983,0.455865837853332,-1.35415671633735,3.33995482422872,8.09750489552583
108,-0.00314664343048601,0.74653537031565,0.101452046291591,-0.00491047780369713,-0.00470540928454988,-0.00080978301438106,0.00958352847733452,0.00511158224172062,0.00447048208797988,15.964644532578,28.6616192726901,3.17764943439089,3.8786648081781,0.42814270748071,4.98779181624841,3.27370764634507,1.78832760100168,-0.0742434310983491,19.2071194987834,34.2552488205921,3.5474073310289,0.184071973745435,0.175098516028896,0.0158586202556498,1.07613866153272,4.3433259185289,0.721012903226921,0.432281722310777,0.645683196919631,0.269034665383179,0.215304653885149,0.472551525920233,-0.00121729920012301,-1.58920236619695e-05,0.9817646173713,1.00183762335236,0.979963812984092,0.541129225780076,0.0548986672635731,0.40397210695635,1.06287800136595,1.06147608859954,0.656344083088355,0.358540946964521,-0.0148850300528761,-0.000190944167557697,0.965571111871347,0.0197963100292335,0.981665623776402,-0.00014771972296093,0.67,0.1,1.035,0.5,0.6,0.25,0.4,0.005,0.975,0.8,0.1,1.3324227723748,0.87326927359914,0.532969108949922,0.288870769476264,0.323579854288002,0.455655156818351,-1.35237219406257,3.30480690342253,8.10379625219719
109,-0.00319594855807486,0.749362176736696,0.101435667543244,-0.0048702736627374,-0.00470959074168187,-0.000940856624626951,0.00959598298183653,0.00511853465709494,0.00447666308514709,15.9644315609358,28.543815520058,3.16379231276707,3.8598382168314,0.426018594471668,4.97647982929988,3.28357042589368,1.76692944596233,-0.0740200425561319,19.2166694203233,34.0979482071455,3.53160065046845,0.184402830742861,0.174531525777314,0.0158097857858457,1.07422398747366,4.33315294967181,0.719730071607354,0.431136707807436,0.644534392484198,0.268555996868416,0.215735397249018,0.47256357012384,-0.00120751285612329,-1.44898173774287e-05,0.981809771465457,1.00178807169913,0.980057358638946,0.540307523639382,0.0548064543389979,0.404886022021621,1.06286737333978,1.0614643417167,0.659817891053511,0.355056085147223,-0.0148739762007343,-0.000198369690831665,0.965571111871347,0.0197963100292335,0.981711377744095,-0.00014771972296093,0.67,0.1,1.035,0.5,0.6,0.25,0.4,0.005,0.975,0.8,0.1,1.33207486499434,0.874619636870435,0.532829945997735,0.288465765146134,0.323022571667541,0.455443805696541,-1.35057163337535,3.27022920958182,8.10986363396449
110,-0.00324368030794503,0.752107050301259,0.101422836350724,-0.00483876619835077,-0.00471286649135116,-0.00106718296644481,0.00960830574435059,0.00512541284836356,0.00448277777658031,15.96331050406,28.4285441118981,3.15033799733573,3.841498523866,0.423961940199926,4.96529692527156,3.29311894502672,1.74598123544546,-0.0738032552006132,19.2250013067721,33.9440934499044,3.51625929101801,0.18471968927188,0.173977490137505,0.0157626086829665,1.07234968656131,4.32308375308743,0.718474289996079,0.430020422907709,0.643409811936787,0.268087421640328,0.216147831586497,0.472566378553437,-0.0011966397526538,-1.30949916911273e-05,0.981856418932863,1.00174010129052,0.980150857161417,0.539511128038131,0.0547187488484059,0.405770123113463,1.06285691010905,1.06145278935669,0.663226992171529,0.351636822883815,-0.0148638150553436,-0.000204851087386685,0.965571111871347,0.0197963100292335,0.981758735304292,-0.00014771972296093,0.67,0.1,1.035,0.5,0.6,0.25,0.4,0.005,0.975,0.8,0.1,1.3317135692988,0.87591590607569,0.532685427719518,0.288065955722702,0.322472477574567,0.45523235632661,-1.34877453804873,3.2362284014317,8.11572552399549
111,-0.00328988461975876,0.754771917006694,0.101412784271995,-0.00481407598603267,-0.0047154327298552,-0.00118893912141205,0.00962048711222249,0.00513221152093769,0.00448882149309085,15.9613642687834,28.3158174917134,3.13726249230651,3.8236393318229,0.421968741876202,4.9542543696395,3.30236731352611,1.72548018115057,-0.0735931250371882,19.232212049562,33.7936884777034,3.50135506681784,0.185023247531816,0.173436355771514,0.0157169576723203,1.07051604676534,4.31312947526038,0.717245751332775,0.428932629450277,0.642309628059201,0.267629011691334,0.216542780279338,0.472560868577757,-0.00118473368008168,-1.17345620248874e-05,0.981904356866822,1.00169366595714,0.980244150719061,0.538739490370285,0.054635071715726,0.406625437913989,1.06284661550452,1.06144143467103,0.666572014092366,0.348282516890542,-0.0148545309829077,-0.000210420789900769,0.965571111871347,0.0197963100292335,0.981807491513129,-0.00014771972296093,0.67,0.1,1.035,0.5,0.6,0.25,0.4,0.005,0.975,0.8,0.1,1.33134059068104,0.877160254677002,0.532536236272414,0.287671584913402,0.321929910228612,0.455021329902516,-1.34699420584828,3.20280991461127,8.12139872622686
112,-0.00333460773584378,0.757358755985607,0.101404909341332,-0.00479472907342049,-0.00471744314560107,-0.00130629912302827,0.00963251830584904,0.00513892585954838,0.00449478998863185,15.958670648083,28.2056390938157,3.12454636553067,3.80625345271434,0.420035659207836,4.94336209073959,3.31132884562713,1.70542282780943,-0.0733895826969815,19.2383926235136,33.6467267505414,3.48686516857322,0.185314168929057,0.172908033350954,0.0156727265316884,1.06872318569256,4.30330004490622,0.716044534414018,0.427873008234176,0.641233911415538,0.267180796423141,0.216921039125637,0.47254787726493,-0.00117186558217443,-1.04272110862038e-05,0.981953392917509,1.00164871922548,0.980337092305976,0.53799200977178,0.0545550309772682,0.407452959250952,1.0628364928459,1.06143028031157,0.669853590496355,0.344992496305581,-0.0148460868019365,-0.000215120565365988,0.965571111871347,0.0197963100292335,0.98185744949406,-0.00014771972296093,0.67,0.1,1.035,0.5,0.6,0.25,0.4,0.005,0.975,0.8,0.1,1.33095756332472,0.878354824387426,0.532383025329888,0.287282882090542,0.321395169835892,0.454811198990264,-1.34523950188134,3.1699779863513,8.12689850557122
113,-0.00337789573304697,0.759869574401879,0.10139873999487,-0.00477956976818006,-0.0047190181317337,-0.00141943283099044,0.00964439141219295,0.0051455515248763,0.00450067943738848,15.9553024110816,28.0980046017069,3.11217366005527,3.7893330721308,0.418159864836615,4.93262876192691,3.32001610127023,1.6858051412478,-0.0731924805911208,19.24362822095,33.5031927663412,3.47277087270145,0.185593082875369,0.172392404317818,0.0156298284006854,1.06697107839999,4.2936042318444,0.714870622527997,0.426841176667777,0.640182647039997,0.266742769599999,0.217283374277102,0.472528169465818,-0.00115811695749292,-9.18531682558067e-06,0.982003345974521,1.00160521478829,0.980429545968458,0.537268051180524,0.0544783034292042,0.408253645390272,1.06282654494908,1.06141932843682,0.673072363945248,0.341766068890577,-0.0148384328358253,-0.000218998144827959,0.965571111871347,0.0197963100292335,0.98190842192975,-0.00014771972296093,0.67,0.1,1.035,0.5,0.6,0.25,0.4,0.005,0.975,0.8,0.1,1.33056603860444,0.879501709486624,0.532226415441775,0.286900057763302,0.320868519799428,0.454602389889136,-1.34351615200786,3.13773569365166,8.1322387166842
114,-0.0034197941752846,0.762306388086188,0.101393906816672,-0.00476769208142924,-0.0047202520010261,-0.00152850516532843,0.00965609936503993,0.00515208464287692,0.00450648642440838,15.9513274462036,27.9929030292851,3.10013105735503,3.77286988445296,0.41633892889806,4.92206188564748,3.3284409268454,1.66662258423742,-0.0730016254353423,19.2479984378063,33.3630633502978,3.45905655219884,0.185860585828957,0.171889326383812,0.0155881913810868,1.06525958039254,4.28404971237415,0.713723918863,0.425836702912847,0.639155748235523,0.266314895098134,0.217630521071669,0.472502444801477,-0.00114357496219392,-8.0165169812487e-06,0.982054046478521,1.00156310685384,0.980521386778512,0.536566959148398,0.0544046202567979,0.409028420594804,1.06281677414078,1.06140858072621,0.676228987802768,0.33860252531695,-0.014831513119718,-0.00022210469531866,0.965571111871347,0.0197963100292335,0.981960231984265,-0.00014771972296093,0.67,0.1,1.035,0.5,0.6,0.25,0.4,0.005,0.975,0.8,0.1,1.3301674780642,0.880602945718836,0.53206699122568,0.286523300916507,0.320350188272165,0.454395285194807,-1.34182768100878,3.10608500173505,8.13743192222492
115,-0.00346034785935331,0.764671206682924,0.101390120408618,-0.00475838587592203,-0.00472121863666553,-0.00163367561211603,0.00966763591588476,0.00515852178893595,0.00451220793165796,15.9468089411349,27.8903176541976,3.08840723552952,3.75685520467442,0.414570730016678,4.91166787736337,3.33661449498812,1.64787018268562,-0.0728168003103681,19.2515774950787,33.2263087640167,3.44570892037373,0.186117242499351,0.171398638025793,0.0155477551378969,1.06358844674177,4.27464313813592,0.712604259316986,0.424859117248492,0.638153068045062,0.265897111685442,0.217963183543724,0.4724713437502,-0.00112832881760874,-6.92491427959574e-06,0.982105336458921,1.00152235040135,0.980612500625025,0.53588806835122,0.054333755775672,0.409778175873108,1.06280718227853,1.06139803839972,0.67932412742268,0.33550114214498,-0.0148252695676604,-0.000224492940926196,0.965571111871347,0.0197963100292335,0.982012713797822,-0.00014771972296093,0.67,0.1,1.035,0.5,0.6,0.25,0.4,0.005,0.975,0.8,0.1,1.32976324983214,0.881660502731223,0.531905299932856,0.286152777696593,0.319840369936094,0.454190226462876,-1.34017608889411,3.07502681997691,8.14248950149393
116,-0.00349960063265085,0.766966022340464,0.101387154056003,-0.00475109458938217,-0.00472197591827639,-0.00173509793293214,0.00967899559846069,0.00516485996851147,0.00451784132096804,15.9418055870059,27.7902268269555,3.07699237837511,3.74128006121567,0.41285338677133,4.90145214785127,3.34454734312475,1.629542584023,-0.0726377792964842,19.2544344828448,33.0928936641578,3.43271645412586,0.18636358715628,0.170920162179437,0.0155084682759084,1.06195734806746,4.26539020622639,0.711511423205199,0.423907921224983,0.637174408840476,0.265489337016865,0.218282034442198,0.472435452989434,-0.00111246721559419,-5.91200303769978e-06,0.982157069372142,1.00148290136419,0.980702783876071,0.535230711534273,0.0542655186058295,0.410503769859898,1.06279777077418,1.06138770224121,0.682358460764541,0.332461183925282,-0.0148196446898225,-0.00022621578297409,0.965571111871347,0.0197963100292335,0.982065712663842,-0.00014771972296093,0.67,0.1,1.035,0.5,0.6,0.25,0.4,0.005,0.975,0.8,0.1,1.3293546275878,0.882676279235113,0.531741851035122,0.285788631056082,0.31933922791815,0.453987516898772,-1.33856233502726,3.04456106293268,8.14742175027096
117,-0.00353759526619694,0.769192801181935,0.10138483014911,-0.00474538205995412,-0.00472256918879943,-0.00183292002603674,0.0096901736891979,0.0051710965955197,0.00452338431497973,15.9363717972398,27.6926046750589,3.0658778010819,3.72613527322239,0.41118520500054,4.8914191828376,3.35224941056859,1.6116341091575,-0.0724643368884894,19.256633617181,32.9627779345848,3.42006895551091,0.186600124997196,0.170453709289996,0.0154702863169565,1.06036588397064,4.25629572893928,0.710445142260326,0.422982595056689,0.636219530382381,0.265091470992659,0.218587715624527,0.472395310116345,-0.00109607648406418,-4.97737971646128e-06,0.982209109797645,1.00144471675747,0.980792142953123,0.534594225468435,0.0541997447478122,0.411206029783752,1.06278854061941,1.06137757262404,0.68533267856624,0.329481904723192,-0.0148145832894317,-0.000227325303144519,0.965571111871347,0.0197963100292335,0.982119084972824,-0.00014771972296093,0.67,0.1,1.035,0.5,0.6,0.25,0.4,0.005,0.975,0.8,0.1,1.32894279139997,0.883652100249327,0.531577116559987,0.285430981067139,0.318846895775272,0.453787424020329,-1.33698668186836,3.01468671448015,8.15223797260826
118,-0.00357437337004118,0.771353476955352,0.101383009546609,-0.0047409065032864,-0.00472303397017804,-0.00192728389940711,0.00970116616533642,0.00517722946941358,0.00452883497692946,15.9305579338527,27.5974217178896,3.05505566596025,3.71141151514243,0.409564637355113,4.88157261927005,3.35973007404347,1.59413879901103,-0.072296253784447,19.2582345027116,32.8359174114953,3.40775721967316,0.186827333539428,0.169999079845244,0.015433170142242,1.05881359438659,4.24736370196724,0.709405108239018,0.422082603608328,0.635288156631956,0.264703398596648,0.218880838724022,0.472351407846007,-0.00107923932913765,-4.11928615346157e-06,0.982261333035381,1.00140775476311,0.980880493848126,0.533977955365133,0.0541362921464619,0.411885752488405,1.0627794924126,1.06136764953778,0.688247484177113,0.326562549273682,-0.0148100334507951,-0.000227872059144244,0.965571111871347,0.0197963100292335,0.982172697987939,-0.00014771972296093,0.67,0.1,1.035,0.5,0.6,0.25,0.4,0.005,0.975,0.8,0.1,1.32852882991008,0.884589715923785,0.531411531964032,0.285079925689935,0.318363479497948,0.453590182254939,-1.3354489367106,2.98540189345636,8.15694656526886
119,-0.00360997534102489,0.773449946389621,0.101381583243242,-0.00473740010516754,-0.00472339809067823,-0.00201832572517624,0.00971196966198274,0.00518325675166374,0.00453419168990036,15.9244105358195,27.5046454053425,3.04451876755706,3.69709937082248,0.407990252311215,4.87191531778026,3.36699818156803,1.57705045640427,-0.072133320192043,19.2592923953878,32.7122645174403,3.39577278447074,0.187045664011648,0.169556066489348,0.0153970847945058,1.05729996923151,4.23859737025348,0.708390979385115,0.421207401254521,0.634379981538909,0.264324992307879,0.219161986011323,0.472304197766822,-0.0010620340121257,-3.33502318356023e-06,0.982313624637895,1.00137197478227,0.980967761606751,0.533381258099401,0.0540750364183893,0.41254370548221,1.06277062638585,1.06135793261549,0.691103593134704,0.323702353908011,-0.014805947042715,-0.00022790460320418,0.965571111871347,0.0197963100292335,0.982226429502044,-0.00014771972296093,0.67,0.1,1.035,0.5,0.6,0.25,0.4,0.005,0.975,0.8,0.1,1.32811374345872,0.885490801551192,0.531245497383486,0.284735541838113,0.317889059494756,0.453395995444933,-1.33394861972784,2.95670391948863,8.16155509543515
120,-0.00364444033510854,0.775484065883513,0.101380465842479,-0.00473465302137954,-0.00472368335135176,-0.00210617595225748,0.00972258142906095,0.00518917694216584,0.00453945313600349,15.9179725455349,27.4142405909355,3.03426037115366,3.68318937892954,0.406460710483031,4.86244943108331,3.37406208467403,1.56036268387695,-0.0719753374676755,19.2598584615462,32.5917688173055,3.38410774272747,0.187255542726052,0.169124455795841,0.0153619985584501,1.05582445664154,4.22999929095064,0.707402385949833,0.420356435834125,0.633494673984925,0.263956114160385,0.21943171138883,0.47225409371751,-0.00104453385225012,-2.62126417963323e-06,0.982365879902189,1.00133733746322,0.981053879795305,0.532803504513129,0.0540158674900464,0.413180627996825,1.06276194243205,1.0613484211608,0.693901732551463,0.320900547346257,-0.0148022798977198,-0.000227469169133015,0.965571111871347,0.0197963100292335,0.982280167413984,-0.00014771972296093,0.67,0.1,1.035,0.5,0.6,0.25,0.4,0.005,0.975,0.8,0.1,1.32769844784758,0.886356958460797,0.531079379139033,0.284397886626201,0.317423692530675,0.453205039243734,-1.33248507914713,2.92858937799743,8.16607037225366
121,-0.0036778062582252,0.777457649234078,0.101379590443086,-0.00473250083510002,-0.00472390683150414,-0.00219095945952219,0.00973299928885466,0.00519498885595802,0.0045446182758284,15.9112835304892,27.3261699483243,3.02427409223679,3.66967207115534,0.404974746560076,4.85317646820229,3.38092966896215,1.54406891790429,-0.0718221186641518,19.2599800303981,32.474377507054,3.37275460238884,0.187457372417882,0.168704029761722,0.015327882256125,1.05438647004425,4.22157139314678,0.706438934929648,0.419529151874833,0.632631882026551,0.263596617511063,0.219690541471132,0.472201474837982,-0.00102680697103697,-1.97429116363589e-06,0.9824180033402,1.00130380471048,0.981138789964206,0.532244081010353,0.0539586869485862,0.413797232041061,1.06275344013129,1.06133911417443,0.696642640364059,0.318156351416797,-0.0147989917808556,-0.000226609486209348,0.965571111871347,0.0197963100292335,0.982333809252942,-0.00014771972296093,0.67,0.1,1.035,0.5,0.6,0.25,0.4,0.005,0.975,0.8,0.1,1.3272837785037,0.887189715556081,0.530913511401478,0.284066998715702,0.316967413599928,0.453017463392022,-1.3310575687764,2.9010541835866,8.17049851272728
122,-0.00371010977098246,0.779372466173513,0.101378904633276,-0.00473081472599735,-0.00472408191138285,-0.00227279573618733,0.00974322159463565,0.00520069160052275,0.00454968632840565,15.9043798981217,27.2403943386972,3.01455380733412,3.65653800438711,0.403531155571706,4.84409735451012,3.38760838301933,1.52816245988037,-0.0716734883895775,19.2597008379682,32.3600358442224,3.36170618322448,0.187651533542866,0.168294567072132,0.0152947087082281,1.05298539425575,4.21331503417064,0.705500214151352,0.418724993227537,0.631791236553449,0.263246348563937,0.219938976715632,0.472146688336952,-0.0010089162139643,-1.39017128696763e-06,0.982469908141929,1.00127133968016,0.98122244111747,0.531702390609466,0.053903405950882,0.414394203439652,1.06274511877644,1.06133001037994,0.69932706448697,0.315468981740863,-0.0147960462278328,-0.000225366687663977,0.965571111871347,0.0197963100292335,0.982387261672501,-0.00014771972296093,0.67,0.1,1.035,0.5,0.6,0.25,0.4,0.005,0.975,0.8,0.1,1.32687049486964,0.887990531311607,0.530748197947855,0.283742899700345,0.316520237720247,0.452833393868148,-1.32966529897736,2.87409364123548,8.17484500241728
123,-0.00374138630359636,0.781230241532796,0.101378367352526,-0.00472949376555387,-0.00472421907334475,-0.00235179907937877,0.00975324719072376,0.00520628455386323,0.00455465675184988,15.8972951024624,27.1568731353416,3.00509358878054,3.64377778780936,0.402128782474344,4.8352124876564,3.39410526573692,1.51263650417469,-0.0715292822552123,19.2590612611494,32.2486875277033,3.35095554132298,0.187838385526221,0.167895844175118,0.0152624523233068,1.0516205907597,4.20523105240066,0.704585795808997,0.417943405221391,0.630972354455818,0.262905147689924,0.220177492576176,0.472090052011595,-0.00099091920007313,-8.64887413504643e-07,0.982521515641509,1.00123990676489,0.981304789194971,0.531177853580566,0.0538499435698167,0.414972202849617,1.06273697739778,1.06132110824844,0.701955761903151,0.312837648404614,-0.0147934103077653,-0.00022377928885069,0.965571111871347,0.0197963100292335,0.982440439930595,-0.00014771972296093,0.67,0.1,1.035,0.5,0.6,0.25,0.4,0.005,0.975,0.8,0.1,1.32645928488833,0.888760796086147,0.530583713955333,0.283425595488674,0.316082161640145,0.45265293491066,-1.32830746911506,2.84770250487347,8.17911475137269
124,-0.00377167007826642,0.783032654889297,0.101377946433094,-0.00472845887924755,-0.00472432652949484,-0.00242807880136753,0.00976307537420982,0.00521176734348345,0.00455952922479783,15.8900598416619,27.0755645107026,2.99588765767034,3.6313821057263,0.400766514284386,4.82652178950011,3.40042697207909,1.49748416352179,-0.071389346100773,19.2580985410409,32.1402750331597,3.34049591463937,0.188018267959204,0.167507636198239,0.0152310887854216,1.05029140229527,4.1973198165849,0.70369523953783,0.417183836428117,0.630174841377161,0.262572850573817,0.220406540659307,0.472031856548612,-0.000972868461956996,-3.94433454557161e-07,0.982572754793656,1.00120947157134,0.981385796572183,0.530669907767578,0.0537982254833163,0.415531866749105,1.0627290147864,1.06131240602205,0.704529497717444,0.310261556630643,-0.014791054348087,-0.000221883216076236,0.965571111871347,0.0197963100292335,0.982493267367365,-0.00014771972296093,0.67,0.1,1.035,0.5,0.6,0.25,0.4,0.005,0.975,0.8,0.1,1.32605076948519,0.889501834642093,0.530420307794074,0.283115077655211,0.315653165454416,0.452476170913572,-1.32698328726311,2.82187503305285,8.18331214566569
125,-0.00380099413684348,0.784781340586159,0.10137761667402,-0.00472764811527882,-0.00472441071338126,-0.00250173944092091,0.00977270585848425,0.00521713982635122,0.00456430362871178,15.8827022458851,26.996425690468,2.98693035056274,3.61934173675502,0.399443274156234,4.81802475420515,3.40657979735754,1.48269849196988,-0.0712535351222797,19.2568469951156,32.0347399094621,3.33032068441417,0.188191501740928,0.167129717732621,0.0152005948174794,1.04899715685769,4.18958127173816,0.702828095094651,0.416445740106493,0.629398294114613,0.262249289214422,0.220626549867999,0.471972367631266,-0.000954811647626971,2.51172587867224e-08,0.982623561665775,1.00118000089247,0.981465431580579,0.5301780086725,0.053748182932196,0.416073808395304,1.06272122951647,1.06130390173631,0.70704904419267,0.307739907453969,-0.0147889516466388,-0.000219711871513814,0.965571111871347,0.0197963100292335,0.982545674889626,-0.00014771972296093,0.67,0.1,1.035,0.5,0.6,0.25,0.4,0.005,0.975,0.8,0.1,1.32564550697688,0.890214908787006,0.530258202790754,0.282811324741064,0.315233214125748,0.452303168196856,-1.32569198129297,2.79660504154515,8.18744109487664
126,-0.00382939037214199,0.78647788803538,0.10137735833227,-0.00472701293729827,-0.00472447666519604,-0.00257288097470165,0.00978213873865,0.00522240206988871,0.00456898003108809,15.8752480553273,26.9194131785586,2.97821609652604,3.60764756992678,0.398158016941767,4.80972049267927,3.41256970007322,1.46827250558904,-0.0711217129829777,19.2553382180432,31.9320230407512,3.32042334848743,0.188358390164536,0.166761863505227,0.0151709480026034,1.04773717119644,4.1820149817241,0.701983904701613,0.415728575383776,0.628642302717863,0.261934292799109,0.220837927521821,0.471911827873148,-0.000936791762692344,3.97564216918097e-07,0.982673878949272,1.001151462676,0.981543668050651,0.529701629361712,0.0536997518889894,0.416598618749299,1.06271361996622,1.06129559324116,0.70951517978379,0.30527189840323,-0.0147870781870198,-0.000217296223030989,0.965571111871347,0.0197963100292335,0.982597600468201,-0.00014771972296093,0.67,0.1,1.035,0.5,0.6,0.25,0.4,0.005,0.975,0.8,0.1,1.32524399735659,0.890901220073268,0.530097598942635,0.282514303491858,0.314822258912388,0.452133976656044,-1.32443280427075,2.77188595277363,8.19150507584097
127,-0.00385688956163629,0.788123842235536,0.101377155940665,-0.00472651531962376,-0.00472452833354609,-0.00264159902577665,0.0097913744588485,0.00522755433400716,0.004573558669586,15.8677207883204,26.8444829563695,2.9697394018951,3.59629061814353,0.396909725873808,4.80160777355049,3.41840232338764,1.45419920111975,-0.0709937509568973,19.2536012712101,31.8320648780849,3.31079750346192,0.188519219947759,0.166403848956286,0.0151421266499104,1.04651075388133,4.1746201686585,0.70116220510049,0.415031808220056,0.627906452328797,0.261627688470332,0.221041060445655,0.471850458596333,-0.00091884743680383,7.26547520558712e-07,0.982723655492424,1.00112382599056,0.981620484878655,0.529240260240788,0.0536528723925085,0.417106867366704,1.06270618433765,1.06128747822072,0.711928688181852,0.302856724185221,-0.0147854123670732,-0.000214664910534624,0.965571111871347,0.0197963100292335,0.982648988652481,-0.00014771972296093,0.67,0.1,1.035,0.5,0.6,0.25,0.4,0.005,0.975,0.8,0.1,1.3248466864208,0.891561912507669,0.529938674568321,0.282223970025967,0.314420238703263,0.451968631295682,-1.32320503620995,2.74771084206281,8.19550717294307
128,-0.00388352140258222,0.789720704450015,0.101376997381837,-0.00472612547130424,-0.004724568811867,-0.00270798506716585,0.00980041378149292,0.00523259705418382,0.00457803993707519,15.8601418996491,26.7715906591507,2.96149484072874,3.58526202936326,0.395697410098332,4.79368506088175,3.42408301528785,1.44047157272731,-0.070869527133411,19.2516628611241,31.7348056440897,3.30143683338783,0.188674262208662,0.166055450735763,0.0151141096941654,1.04531720799473,4.16739574928724,0.700362529356471,0.414354912192359,0.62719032479684,0.261329301998683,0.221236316021514,0.471788461469101,-0.00090101320232561,1.01552751796395e-06,0.982772845856129,1.0010970609904,0.981695865617518,0.528793408733631,0.0536074880127217,0.417599103253647,1.06269892067508,1.06127955421187,0.714290357376546,0.300493577369549,-0.0147839347460953,-0.000211844362417842,0.965571111871347,0.0197963100292335,0.982699790105077,-0.00014771972296093,0.67,0.1,1.035,0.5,0.6,0.25,0.4,0.005,0.975,0.8,0.1,1.32445396971516,0.892198075235002,0.529781587886066,0.281940270929663,0.314027081263053,0.451807153652009,-1.32200798359723,2.72407248073872,8.19945011521752
129,-0.0039093145478394,0.791269933003427,0.101376873162732,-0.0047258200529392,-0.00472460052363277,-0.00277212661901149,0.00980925775837623,0.00523753082556387,0.00458242436758716,15.8525309293116,26.7006917320449,2.95347704942747,3.57455309582849,0.394520102843978,4.785950548826,3.42961684750873,1.42708262701418,-0.0707489256968984,19.2495475070083,31.6401855135902,3.29233510319574,0.188823773387874,0.165716447130334,0.0150868766211944,1.04415583349863,4.16034036850331,0.69958440844408,0.413697369128738,0.626493500099176,0.261038958374657,0.221424043199916,0.471726020016347,-0.000883319776479463,1.26777324583567e-06,0.98282140989322,1.00107113887942,0.981769798091843,0.528360598893594,0.0535635454182208,0.418075855688185,1.06269182688237,1.06127181862146,0.716600978743922,0.298181649069534,-0.0147826278134556,-0.000208858917415959,0.965571111871347,0.0197963100292335,0.982749961158392,-0.00014771972296093,0.67,0.1,1.035,0.5,0.6,0.25,0.4,0.005,0.975,0.8,0.1,1.32406619628533,0.892810745169411,0.529626478514132,0.281663144278389,0.31364270439043,0.451649553110537,-1.32084097765552,2.70096337615359,8.20333631049636
130,-0.00393429664185022,0.792772944163109,0.101376775846253,-0.00472558077959118,-0.00472462536745366,-0.00283410743844326,0.00981790770360273,0.00524235638806028,0.00458671262314686,15.8449056420346,26.6317415679834,2.94568072433838,3.5641552616029,0.393376860066734,4.77840219342114,3.43500863327559,1.41402539643186,-0.0706318362863056,19.2472776979605,31.54814477282,3.2834861555316,0.188967996118988,0.165386618430383,0.0150604074127932,1.04302592931737,4.15345243017135,0.698827372642636,0.413058669616745,0.625815557590421,0.260756482329342,0.221604573468669,0.471663301014126,-0.000865794340632409,1.48635740770472e-06,0.982869312351424,1.00104603187494,0.981842274036618,0.527941370967791,0.0535209940245651,0.418537635007644,1.06268490073913,1.06126426874249,0.718861346163973,0.295920129615432,-0.0147814757794044,-0.000205730948290983,0.965571111871347,0.0197963100292335,0.982799463394069,-0.00014771972296093,0.67,0.1,1.035,0.5,0.6,0.25,0.4,0.005,0.975,0.8,0.1,1.32368367222593,0.893400909554598,0.529473468890371,0.281392520585115,0.313267016993205,0.451495828124361,-1.31970337198683,2.67837580873753,8.20716787682153
131,-0.00395849435637212,0.794231113079929,0.101376699605987,-0.0047253933262148,-0.00472464483074952,-0.00289400770158255,0.00982636516827949,0.00524707461241712,0.00459090548145428,15.837282157908,26.564695629371,2.93810062145746,3.55406012864218,0.39226675944583,4.771037741719,3.44026294392911,1.40129295122339,-0.0705181534335018,19.2448740401081,31.4586239594955,3.27488390997611,0.18910716004905,0.165065747244976,0.0150346825063224,1.0419267951708,4.14673012542872,0.698090952764439,0.412438313406366,0.625156077102482,0.260481698792701,0.221778221778051,0.471600455778414,-0.000848460812205783,1.67415619349781e-06,0.982916522499715,1.00102171317185,0.981913288758979,0.527535280930861,0.0534797857064881,0.418984933362651,1.06267813991566,1.06125690176906,0.721072255171389,0.293708209216239,-0.0147804643876276,-0.00020248098480441,0.965571111871347,0.0197963100292335,0.982848263245687,-0.00014771972296093,0.67,0.1,1.035,0.5,0.6,0.25,0.4,0.005,0.975,0.8,0.1,1.32330666402562,0.8939695084398,0.52932266561025,0.281128323677977,0.312899920084415,0.451345967339043,-1.31859454001041,2.65630186620076,8.21094667132435
132,-0.00398193342566762,0.79564577476832,0.101376639877375,-0.00472524647010442,-0.00472466007880257,-0.0029519041774031,0.0098346319168961,0.00525168648719777,0.00459500382438218,15.829675074535,26.4995095552619,2.93073155755758,3.54425946159125,0.391188899636392,4.7638547584356,3.44538412449237,1.38887841001905,-0.0704077760758224,19.2423553942165,31.3715639857653,3.26652236388344,0.189241482611244,0.164753618771513,0.0150096827652883,1.04085773318718,4.14017145862948,0.697374681235409,0.411835809723955,0.624514639912307,0.260214433296795,0.221945287422143,0.471537621356978,-0.000831340106180221,1.83385251591004e-06,0.982963013777505,1.0009981569072,0.981982840822182,0.52714190000057,0.0534398745606331,0.419418225438797,1.06267154198691,1.06124971481025,0.723234502141669,0.291545078606706,-0.0147795807483743,-0.000199127834132085,0.965571111871347,0.0197963100292335,0.982896331624609,-0.00014771972296093,0.67,0.1,1.035,0.5,0.6,0.25,0.4,0.005,0.975,0.8,0.1,1.32293540170997,0.894517437062901,0.529174160683987,0.28087047151015,0.312541307703551,0.451199950629848,-1.31751387245375,2.63473347502362,8.21467431675815
133,-0.00400463868093996,0.79701822511,0.101376593084421,-0.00472513141904285,-0.00472467202452498,-0.0030078703933677,0.00984270990531447,0.00525619310665574,0.00459900862725275,15.8220975811162,26.4361392555376,2.92356841223923,3.53474519147335,0.390142399707148,4.75685065030128,3.45037630823839,1.37677494919919,-0.0703006071362968,19.2397390042298,31.286906245823,3.25839559426816,0.189371169751931,0.164450021025718,0.01498538945808,1.03981804932106,4.13377427109279,0.696678093045109,0.411250677510737,0.623890829592635,0.259954512330265,0.222106054876733,0.471474921632299,-0.000814450384145776,1.96794173037217e-06,0.983008763465935,1.00097533812566,0.982050931750864,0.526760814144609,0.0534012167083565,0.419837969147035,1.06266510444538,1.061242704903,0.7253488835139,0.289429929676681,-0.0147788131905818,-0.000195688697402375,0.965571111871347,0.0197963100292335,0.982943643568572,-0.00014771972296093,0.67,0.1,1.035,0.5,0.6,0.25,0.4,0.005,0.975,0.8,0.1,1.32257008178641,0.895045548135377,0.529028032714562,0.280618876905383,0.312191067767187,0.451057750056926,-1.31646077504627,2.61366242937964,8.21835222585598
134,-0.00402663408386592,0.798349721869322,0.101376556425599,-0.00472504128494333,-0.00472468138311577,-0.00306197679290554,0.00985060126029054,0.00526059565944548,0.0046029209488558,15.8145615648884,26.3745409934184,2.91660613052959,3.52550941841355,0.389126398709017,4.75002268828033,3.45524343031415,1.36497581113041,-0.0701965531642293,19.2370406172222,31.2045927097612,3.25049776031708,0.189496416614282,0.164154745036815,0.0149617842426993,1.03880705459806,4.12753626281121,0.696000726580701,0.410682445597301,0.623284232758837,0.259701763649515,0.22226079459462,0.471412468342666,-0.000797807289722236,2.07873898451873e-06,0.983053752380394,1.00095323274571,0.982117565756573,0.526391623585656,0.0533637701303939,0.42024460628395,1.06265882471311,1.06123586902393,0.727416195050867,0.287361956080374,-0.0147781511312415,-0.000192179281535528,0.965571111871347,0.0197963100292335,0.982990177912371,-0.00014771972296093,0.67,0.1,1.035,0.5,0.6,0.25,0.4,0.005,0.975,0.8,0.1,1.32221086999772,0.895554654026434,0.528884347999087,0.280373448242887,0.311849082853239,0.450919330743875,-1.31543466649198,2.59308041764136,8.22198162367257
135,-0.00404794275912661,0.799641485711031,0.101376527706119,-0.00472497067147726,-0.0047246887148803,-0.00311429088489978,0.00985830826044507,0.00526489541812828,0.00460674192216886,15.8070777103459,26.31467145751,2.90983972575585,3.51654441352003,0.388140055333947,4.74336802782023,3.45998924047507,1.35347431137383,-0.0700955240286702,19.2342745952422,31.1245660050862,3.24282310621696,0.189617408180707,0.16386758501202,0.0149388491558353,1.03782406620524,4.12145501226683,0.695342124357513,0.410130652823535,0.622694439723146,0.259456016551311,0.222409763759483,0.471350362027839,-0.00078142416974917,2.16838762743182e-06,0.983097964583304,1.00093181752708,0.982182749482543,0.526033942309922,0.053327494526941,0.420638563163137,1.06265270015267,1.06122920410038,0.729437231136606,0.285340353823608,-0.0147775849602134,-0.000188613905792228,0.965571111871347,0.0197963100292335,0.983035916979824,-0.00014771972296093,0.67,0.1,1.035,0.5,0.6,0.25,0.4,0.005,0.975,0.8,0.1,1.32185790389138,0.896045528845618,0.528743161556552,0.280134090085336,0.311515230923015,0.450784651684842,-1.31443497675028,2.57297904661902,8.22556356805825
136,-0.00406858702587375,0.800894701213342,0.101376505206528,-0.00472491535100694,-0.0047246944587761,-0.00316487738542537,0.00986583331860593,0.00526909372943114,0.00461047274574222,15.7996555916579,26.2564878244398,2.9032642824928,3.50784262003066,0.38718254763369,4.736883727281,3.46461731498147,1.34226384495714,-0.069997432657602,19.231454019516,31.0467694871494,3.23536596407393,0.18973431987628,0.163588338473954,0.0149165666050354,1.03686840844361,4.11552799449586,0.694701833657216,0.409594848111909,0.622121045066163,0.259217102110901,0.222553206999703,0.471288692905092,-0.000765312281020938,2.23886829684017e-06,0.983141387116194,1.000911070039,0.982246491766636,0.525687397583034,0.0532923511980828,0.421020251218883,1.0626467280774,1.06122270702042,0.731412784111168,0.283364321827589,-0.0147771059387569,-0.000185005602771007,0.965571111871347,0.0197963100292335,0.983080846296117,-0.00014771972296093,0.67,0.1,1.035,0.5,0.6,0.25,0.4,0.005,0.975,0.8,0.1,1.32151129521321,0.896518910424613,0.528604518085283,0.27990070375375,0.311189385985072,0.450653666485128,-1.31346114562347,2.55334986368039,8.22909896840153
137,-0.00408858842809756,0.80211051787098,0.10137648757976,-0.00472487201148231,-0.00472469895869432,-0.00321379835202484,0.00987317896544138,0.00527319200521443,0.00461411467570991,15.7923037586901,26.1999478130448,2.8968749594442,3.49939665381848,0.386253072776164,4.7305667646856,3.46913106770645,1.33133789179536,-0.0699021948162024,19.2285907874682,30.9711472996303,3.22812075676719,0.189847318135289,0.163316806374067,0.0148949193630306,1.03593941355718,4.10975259753406,0.694079407083311,0.409074590500904,0.621563648134309,0.258984853389295,0.222691357063671,0.471227541680898,-0.000749480982766264,2.29200824714858e-06,0.983184009750031,1.00089096862976,0.982308803421443,0.525351629476032,0.0532583029405839,0.421390067583384,1.06264090576075,1.0612163746422,0.733343643642037,0.281433062468114,-0.0147767061101505,-0.000181366213651812,0.965571111871347,0.0197963100292335,0.983124954319559,-0.00014771972296093,0.67,0.1,1.035,0.5,0.6,0.25,0.4,0.005,0.975,0.8,0.1,1.32117113213404,0.896975502200087,0.528468452853615,0.279673187852938,0.31087141870475,0.450526324039952,-1.31251262163173,2.53418437689665,8.23258860276763
138,-0.00410796776388322,0.803290051084153,0.101376473770489,-0.00472483805815183,-0.00472470248404799,-0.00326111331084233,0.00988034783430892,0.00527719171410766,0.00461766901839081,15.785029817024,26.1450097309617,2.89066699215967,3.4911993033382,0.385350846823112,4.72441405292299,3.47353376050229,1.3206900213389,-0.0698097289181991,19.2256957030011,30.8976444260842,3.22108200062809,0.189956560932996,0.163052793184786,0.0148738905635096,1.03503642245139,4.10412613736735,0.693474403042434,0.408569449144266,0.621021853470836,0.258759105612848,0.222824435458204,0.471166980303086,-0.000733937915201561,2.32949076865238e-06,0.983225824752793,1.0008714923973,0.982369697030496,0.525026290403417,0.0532253139578992,0.421748395638684,1.06263523044493,1.06121020380237,0.735230596131436,0.27954578208948,-0.0147763782209161,-0.000177706477780509,0.965571111871347,0.0197963100292335,0.983168232191744,-0.00014771972296093,0.67,0.1,1.035,0.5,0.6,0.25,0.4,0.005,0.975,0.8,0.1,1.32083748131848,0.897415975000135,0.528334992527392,0.279451438751018,0.310561196963108,0.45040256915579,-1.31158886114637,2.51547407335376,8.23603313355127
139,-0.00412674511355863,0.804434383130478,0.101376462951945,-0.00472481145821635,-0.00472470524590218,-0.00330687937694596,0.00988734264724643,0.00528109437377294,0.00462113712344435,15.7778405023484,26.0916325143876,2.88463569552248,3.48324352908603,0.38447510451738,4.71842245352657,3.47782851287014,1.31031389652146,-0.0697199558650293,19.2227785604514,30.8262067334667,3.21424430787264,0.190062198284594,0.162796106972789,0.0148534636978152,1.03415878531199,4.09864587150406,0.692886386159036,0.408079003280906,0.620495271187196,0.258539696327998,0.22295265305174,0.471107072657846,-0.000718689164681694,2.35286448182525e-06,0.983266826673309,1.00085262116087,0.982429186759618,0.524711044674552,0.053193349780926,0.422095605544522,1.06262969934883,1.06120419132396,0.73707442415861,0.277701691492697,-0.0147761156513067,-0.000174036116591253,0.965571111871347,0.0197963100292335,0.983210673505104,-0.00014771972296093,0.67,0.1,1.035,0.5,0.6,0.25,0.4,0.005,0.975,0.8,0.1,1.32051038984474,0.897840968737464,0.528204155937898,0.279235351016402,0.310258586368736,0.450282343118464,-1.31068932774806,2.49721043576312,8.23943312175352
140,-0.00414493986674788,0.805544564117695,0.101376454476414,-0.0047247906191259,-0.00472470740961106,-0.00335115136818276,0.00989416620203405,0.00528490154375746,0.0046245203775465,15.7707417495858,26.039775761707,2.87877646596838,3.47552246263616,0.383625099071613,4.71258878914213,3.48201831097569,1.30020327707465,-0.0696327989082062,19.2198482226308,30.7567810084588,3.20760238874397,0.190164372713288,0.162546559455482,0.0148336226121779,1.03330586213457,4.09330901127746,0.69231492763016,0.407602842179694,0.61998351728074,0.258326465533642,0.223076210644004,0.471047875215656,-0.000703739416067724,2.36355238651298e-06,0.983307012140368,1.00083433543392,0.982487288182463,0.524405568059267,0.0531623771975384,0.422432054743195,1.06262430967528,1.06119833402345,0.738875905956047,0.275900006397826,-0.0147759123538728,-0.000170363912102321,0.965571111871347,0.0197963100292335,0.983252274086881,-0.00014771972296093,0.67,0.1,1.035,0.5,0.6,0.25,0.4,0.005,0.975,0.8,0.1,1.32018988698441,0.89825109401283,0.528075954793765,0.279024817815421,0.309963450725815,0.450165584211863,-1.30981349177573,2.47938495749858,8.24278903998534
141,-0.00416257074835282,0.806621612915647,0.101376447836462,-0.00472477429323404,-0.00472470910471723,-0.00339398191290263,0.00990082136025982,0.00528861481889802,0.0046278201985538,15.7637387570935,25.9893997616065,2.87308478341358,3.46802940531027,0.382800101952857,4.70690985479099,3.48610601605132,1.29035202227061,-0.0695481835309378,19.2169126933304,30.6893149873334,3.2011510533407,0.190263219689315,0.162303966042536,0.0148143515052059,1.03247702317358,4.08811273297985,0.691759605526298,0.407140565062696,0.619486213904147,0.258119255793395,0.223195299503806,0.47098943762982,-0.0006890920930107,2.36286056142487e-06,0.983346379676179,1.00081661639791,0.982544018119319,0.5241095473681,0.0531323641893537,0.422758088442546,1.06261905861767,1.06119262871731,0.74063581491856,0.274139947880497,-0.0147757627990577,-0.000166697780129296,0.965571111871347,0.0197963100292335,0.983293031798505,-0.00014771972296093,0.67,0.1,1.035,0.5,0.6,0.25,0.4,0.005,0.975,0.8,0.1,1.31987598585082,0.898646933632423,0.527950394340328,0.278819731273585,0.309675652461534,0.450052228190951,-1.30896083003348,2.46198915617988,8.24610128429296
142,-0.00417965584349139,0.807666518066478,0.101376442634549,-0.00472476150310119,-0.00472471043270772,-0.00343542155188448,0.00990731103632557,0.00529223582324319,0.0046310380301247,15.7568360462646,25.9404655162389,2.86755621288305,3.46075782652957,0.381999402659417,4.70138242802675,3.49009437222308,1.28075409314931,-0.069466037345642,19.2139791846528,30.6237573800293,3.19488521312226,0.190358868041674,0.162068145864155,0.0147956349254311,1.03167164931895,4.08305418792219,0.6912200050437,0.406691781009956,0.619002989591373,0.257917912329739,0.223310101876615,0.470931803291062,-0.000674749486809997,2.35198652900933e-06,0.983384929523278,1.00079944587729,0.982599394488326,0.523822680047381,0.0531032798744991,0.423074040078119,1.06261394336605,1.0611870722279,0.742354919144057,0.272420742782854,-0.0147756619269109,-0.000163044838528981,0.965571111871347,0.0197963100292335,0.983332946349475,-0.00014771972296093,0.67,0.1,1.035,0.5,0.6,0.25,0.4,0.005,0.975,0.8,0.1,1.3195686849244,0.899029044043043,0.527827473969761,0.278619982803288,0.309395053015832,0.449942208712509,-1.30813082562534,2.44501458591572,8.24937018489399
143,-0.0041962126214248,0.808680238672426,0.101376438559235,-0.00472475148297524,-0.00472471147309017,-0.00347551883478991,0.00991363818733102,0.00529576620445903,0.00463417533676846,15.7500375168342,25.8929347599491,2.86218640584104,3.45370136189346,0.381222308487916,4.69600327807634,3.49398601379893,1.27140355428193,-0.0693862900045254,19.2110541795138,30.5600578890404,3.1887998820932,0.19045144034419,0.16183892178752,0.0147774577687732,1.03088913240741,4.07813051150652,0.690695718712963,0.406256108848551,0.618533479444444,0.257722283101852,0.223420791463529,0.470875009841337,-0.000660712874626642,2.33202713998559e-06,0.983422663484029,1.00078280631547,0.98265343616828,0.52354467378913,0.0530750944553983,0.423380231755471,1.06260896111265,1.06118166138885,0.744033981004844,0.270741624099279,-0.0147756051041237,-0.000159411470619263,0.965571111871347,0.0197963100292335,0.983372019124801,-0.00014771972296093,0.67,0.1,1.035,0.5,0.6,0.25,0.4,0.005,0.975,0.8,0.1,1.31926796946302,0.89939795668897,0.527707187785206,0.278425463400569,0.309121513196225,0.449835457726775,-1.30732296789098,2.42845284831227,8.25259601590687
144,-0.00421225795850867,0.809663705260838,0.101376435366526,-0.00472474363294562,-0.00472471228815308,-0.00351432041145294,0.00991980580377846,0.00529920762868673,0.00463723359929348,15.743346498182,25.8467699740216,2.85697110123159,3.4468538110239,0.380468144289446,4.69076917404944,3.49778347205256,1.26229457511774,-0.0693088731208584,19.2081434896389,30.4981672236675,3.182890177676,0.190541053277508,0.161616120422731,0.0147598052758273,1.03012887547499,4.07333883139216,0.690186346568245,0.405833177028241,0.618077325284995,0.257532218868748,0.223527533873154,0.470819089649777,-0.000646982627711229,2.30398607341011e-06,0.983459584771897,1.0007666807517,0.982706162872247,0.523275246155591,0.0530477791707955,0.423676974673613,1.06260410905689,1.06117639304996,0.745673756748299,0.269101831337402,-0.0147755880857011,-0.000155803384136046,0.965571111871347,0.0197963100292335,0.983410253025151,-0.00014771972296093,0.67,0.1,1.035,0.5,0.6,0.25,0.4,0.005,0.975,0.8,0.1,1.31897381280487,0.899754179294358,0.527589525121946,0.278236063913361,0.308854893500305,0.449731905832963,-1.30653675241913,2.41229560234617,8.25577900415083
145,-0.00422780816020433,0.810617820626305,0.101376432865275,-0.00472473748302638,-0.00472471292669474,-0.00355187111830513,0.00992581690104539,0.00530256177582366,0.00464021431063008,15.7367657968976,25.8019343978595,2.85190612624131,3.44020913521025,0.379736252214563,4.68567689229413,3.50148918153544,1.25342143095768,-0.069233720198983,19.2052523093536,30.4380371101193,3.17715132128581,0.190627817968481,0.16139957211943,0.0147426630289182,1.02939029295674,4.06867627483049,0.689691496281015,0.40542262348582,0.617634175774043,0.257347573239185,0.223630487047925,0.470764070253491,-0.000633558310404275,2.26878083220537e-06,0.983495697873723,1.00075105279899,0.982757595031241,0.523014124218132,0.0530213062513903,0.423964569530478,1.06259938440996,1.06117126408156,0.747274996125713,0.267500610854965,-0.0147756069806782,-0.000152225665927896,0.965571111871347,0.0197963100292335,0.983447652318887,-0.00014771972296093,0.67,0.1,1.035,0.5,0.6,0.25,0.4,0.005,0.975,0.8,0.1,1.31868617757131,0.900098197074981,0.527474471028524,0.278051675283493,0.308595054408351,0.449631482601467,-1.30577168111862,2.39653457319427,8.25891933708797
146,-0.00424287898218707,0.811543460649952,0.10137643090573,-0.00472473266501849,-0.00472471342694492,-0.00358821406021892,0.00993167451157062,0.0053058303351975,0.00464311897200087,15.7302977408695,25.7583920369833,2.84698739680115,3.43376145488538,0.37902599144738,4.68072322297016,3.50510548594772,1.24477850359387,-0.0691607665714302,19.2023852654593,30.3796202979215,3.17157863862599,0.190711840308375,0.161189110955152,0.014726016948887,1.02867281083866,4.06413997523746,0.689210783261903,0.405024095499875,0.617203686503197,0.257168202709665,0.223729801666251,0.470709974765721,-0.000620438770494725,2.22724938362976e-06,0.983531008422289,1.0007359066229,0.982807753687312,0.522761044210142,0.0529956488785767,0.424243306911281,1.06259478439895,1.06116627137853,0.748838442048184,0.265937216173185,-0.0147756582213687,-0.000148682832676437,0.965571111871347,0.0197963100292335,0.983484222505186,-0.00014771972296093,0.67,0.1,1.035,0.5,0.6,0.25,0.4,0.005,0.975,0.8,0.1,1.31840501677637,0.900430473883021,0.527362006710547,0.277872188764538,0.308341856648286,0.449534116865294,-1.30502726233036,2.38116156010562,8.2620171699744
147,-0.00425748565058839,0.812441475096091,0.101376429370571,-0.00472472889046471,-0.00472471381885409,-0.00362339068803763,0.00993738167770887,0.00530901500160934,0.00464594908941736,15.7239442201316,25.7161076681774,2.84221091784363,3.42750504696053,0.378336737929387,4.6759049759063,3.50863464359704,1.23636028165108,-0.0690899493418184,19.1995464634579,30.3228705630252,3.1661675597228,0.190793221251192,0.160984574716352,0.014709853291596,1.02797586676695,4.05972707806778,0.688743830733857,0.404637249537657,0.616785520060171,0.256993966691738,0.223825621521899,0.470656822253692,-0.000607622221652386,2.18015629585086e-06,0.983565523078459,1.00072122692116,0.982856660395342,0.522515751193517,0.0529707811458802,0.424513467660603,1.06259030627059,1.06116141186386,0.750364830268388,0.264410908267322,-0.0147757385357104,-0.000145178877880362,0.965571111871347,0.0197963100292335,0.983519970187519,-0.00014771972296093,0.67,0.1,1.035,0.5,0.6,0.25,0.4,0.005,0.975,0.8,0.1,1.31813027484941,0.900751453288499,0.527252109939765,0.277697496117443,0.308095161435105,0.449439736983165,-1.30430301096649,2.36616844339528,8.26507263228261
148,-0.00427164288140867,0.813312688386512,0.101376428167887,-0.00472472593338047,-0.00472471412588593,-0.00365744087204489,0.00994294144520518,0.00531211747171854,0.00464870617047903,15.7177067246945,25.6750468421058,2.8375727833351,3.42143434204347,0.37766788407392,4.67121898580264,3.51207883247244,1.22816136066265,-0.0690212073324487,19.1967395303785,30.2677427079937,3.16091361872073,0.19087205709338,0.160785804872977,0.0146941586441506,1.02729891011869,4.05543474604995,0.688290269779521,0.40426175109537,0.616379346071213,0.256824727529672,0.223918083881864,0.470604628088295,-0.000595106318528031,2.12819847248578e-06,0.983599249422266,1.00070699890418,0.982904337132995,0.522277998738282,0.052946678022759,0.424775323238959,1.06258594729457,1.06115668249182,0.751854889087152,0.262920955835174,-0.0147758449223269,-0.000141717315333732,0.965571111871347,0.0197963100292335,0.98355490295679,-0.00014771972296093,0.67,0.1,1.035,0.5,0.6,0.25,0.4,0.005,0.975,0.8,0.1,1.31786188857714,0.901061559600789,0.527144755430856,0.277527489785749,0.307854830686728,0.449348271076482,-1.30359844866528,2.35154719063341,8.26808583345296
149,-0.00428536489913581,0.814157900352773,0.101376427225672,-0.00472472361672316,-0.00472471436642274,-0.00369040297161405,0.00994835685724891,0.00531513944074766,0.00465139172145537,15.7115863795693,25.6351758836668,2.83306917610098,3.41554392156152,0.377018838472284,4.6666621168341,3.51544015495935,1.22017644291047,-0.0689544810357156,19.1939676544408,30.2141925595883,3.15581245345839,0.19094843973608,0.160592646547337,0.0146789199208477,1.02664140203805,4.0512601638363,0.687849739365496,0.403897274533128,0.615984841222832,0.256660350509513,0.224007319824006,0.470553404267638,-0.000582888225033551,2.07201054912666e-06,0.983632195852341,1.00069320827637,0.982950806218208,0.52204754861489,0.0529233153204982,0.425029136064611,1.0625817047666,1.06115208025083,0.753309339083725,0.261466635544259,-0.0147759746279842,-0.000138301219401652,0.965571111871347,0.0197963100292335,0.983589029283465,-0.00014771972296093,0.67,0.1,1.035,0.5,0.6,0.25,0.4,0.005,0.975,0.8,0.1,1.31759978797049,0.901361198833558,0.527039915188198,0.277362063052053,0.307620727218096,0.449259647242284,-1.30291310395304,2.33728986209756,8.27105686802833
150,-0.00429866545460473,0.814977886966915,0.101376426487517,-0.00472472180179317,-0.00472471455486556,-0.00372231390126077,0.00995363094906508,0.005318082599484,0.00465400724463048,15.7055839771804,25.5964618903485,2.82869636746332,3.40982851480904,0.376389025592676,4.66223126670696,3.51872064221958,1.21240033705601,-0.0688897125686268,19.1912336217754,30.162176964062,3.15085980484623,0.191022456931035,0.16040494847798,0.0146641243588645,1.02600281544161,4.04720054211842,0.687421886345879,0.40354350290571,0.615601689264966,0.256500703860403,0.22409345455559,0.470503159716301,-0.000570964676427932,2.01216982331352e-06,0.9836643714931,1.00067984121812,0.982996090233707,0.521824170498719,0.052900669659973,0.425275159841308,1.06257757601105,1.06114760216596,0.7547288928687,0.260047232258462,-0.0147761251271616,-0.000134933262205029,0.965571111871347,0.0197963100292335,0.983622358418089,-0.00014771972296093,0.67,0.1,1.035,0.5,0.6,0.25,0.4,0.005,0.975,0.8,0.1,1.31734389706191,0.901650759616273,0.526937558824763,0.27720111017725,0.307392714915213,0.449173793744067,-1.30224651240572,2.32338861555089,8.27398582022188
151,-0.00431155784213111,0.815773401051056,0.101376425909227,-0.00472472037992944,-0.00472471470249658,-0.00375320919331135,0.009958766743007,0.00532094863155816,0.00465655423589273,15.6997000073496,25.5588727288083,2.82445071670816,3.40428299593629,0.375777885473051,4.65792337021607,3.52192225825932,1.20482795758661,-0.0688268456298612,19.1885398504063,30.1116537804252,3.14605151606506,0.191094192511182,0.1602225629792,0.0146497595137075,1.02538263499595,4.04325312125416,0.687006365447287,0.403200127790005,0.615229580997571,0.256345658748988,0.224176607713863,0.470453900562046,-0.000559332035658835,1.94920087743786e-06,0.983695786109166,1.00066688436866,0.983040211958049,0.521607641686273,0.0528787184410952,0.425513639872632,1.06257355838338,1.06114324530118,0.756114254858586,0.25866203924491,-0.0147762941034963,-0.000131615748009652,0.965571111871347,0.0197963100292335,0.983654900299601,-0.00014771972296093,0.67,0.1,1.035,0.5,0.6,0.25,0.4,0.005,0.975,0.8,0.1,1.31709413463788,0.901930614055317,0.526837653855152,0.277044526523969,0.307170658890706,0.449090639182289,-1.30159821680496,2.30983571040408,8.27687276796469
152,-0.00432405491595188,0.816545172966346,0.10137642545618,-0.00472471926600415,-0.00472471481815462,-0.00378312305738471,0.00996373388012333,0.00532372014027032,0.00465901707091679,15.6939852164511,25.522474971309,2.82033998669846,3.39890131237842,0.375184762516389,4.65373549204617,3.52504701700692,1.19745430804897,-0.0687658330097083,19.1859389531147,30.0626787448375,3.14139473701038,0.191163613306431,0.160045361946919,0.014635820805241,1.02478035707067,4.03941525256476,0.68660283923735,0.402866927226114,0.614868214242403,0.256195089267668,0.224256893649698,0.470405630391577,-0.000547974760988342,1.89516330298748e-06,0.983726450026521,1.00065432480947,0.983083194302718,0.52139774682265,0.0528574398137864,0.425744813363564,1.06256968354655,1.06113904650956,0.75746613074141,0.257310349989036,-0.0147764807304453,-0.000128350645003274,0.965571111871347,0.0197963100292335,0.983686665470904,-0.00014771972296093,0.67,0.1,1.035,0.5,0.6,0.25,0.4,0.005,0.975,0.8,0.1,1.31685041491154,0.90220111854757,0.526740165964617,0.276892351517631,0.306954456405346,0.44900984652322,-1.30096791013652,2.29662348053121,8.27971805259953
153,-0.00433616910600332,0.817293911281771,0.10137642510125,-0.00472471839332589,-0.00472471490876414,-0.00381208843687331,0.00996860250385991,0.00532643720099189,0.00466143170150024,15.688338099197,25.4870414351518,2.81633801082196,3.39368090194974,0.37460936806306,4.6496645591228,3.52809663454583,1.19027453593709,-0.0687066113601272,19.1833313346488,30.0150174070233,3.13686304818928,0.191231024032892,0.159873168311102,0.0146222806643808,1.0241954962055,4.03568417443401,0.686210982457686,0.402543468606063,0.614517297723301,0.256048874051376,0.22433442312694,0.470358348131233,-0.000536913034514713,1.8146840636023e-06,0.983756371619421,1.00064215004847,0.983125057815896,0.521194277639769,0.0528368126503482,0.425968909709884,1.06256587991534,1.06113492289879,0.75878519608639,0.255991485182151,-0.0147766812685406,-0.00012513414437382,0.965571111871347,0.0197963100292335,0.983717663691462,-0.00014771972296093,0.67,0.1,1.035,0.5,0.6,0.25,0.4,0.005,0.975,0.8,0.1,1.31661265654181,0.902462610029514,0.526645062616725,0.276744185179089,0.30674390562208,0.448931881350529,-1.30035495923644,2.28374444425456,8.28252145666858
154,-0.00434791243306652,0.818020303423346,0.101376424823189,-0.004724717709647,-0.00472471497975002,-0.00384013706259834,0.00997334441614758,0.00532908360880689,0.00466378355900379,15.6828052827718,25.4526328348507,2.81245184810577,3.38861585471818,0.374051055413297,4.64570762234464,3.53107288958181,1.18328386237674,-0.0686491296139104,19.1807652669643,29.96872001107,3.13246290962448,0.191296394035262,0.159705868504165,0.0146091357193264,1.02362756606062,4.03205721388062,0.685830469260615,0.402229511539833,0.614176539636372,0.255906891515155,0.224409299424618,0.47031205988087,-0.000526131172350793,1.74337643929575e-06,0.983785565824649,1.00063034800477,0.983165829205853,0.520997032704932,0.0528168165191163,0.426186150775952,1.06256217695338,1.06113090878412,0.760072130306988,0.254704763774588,-0.0147768940815753,-0.000121978629560569,0.965571111871347,0.0197963100292335,0.983747907802845,-0.00014771972296093,0.67,0.1,1.035,0.5,0.6,0.25,0.4,0.005,0.975,0.8,0.1,1.31638075883061,0.90271542899023,0.526552303532244,0.276600080848091,0.306538921488665,0.448856429724362,-1.29975894304542,2.27119117403284,8.28528304627645
155,-0.00435929652330884,0.818725016304176,0.101376424605349,-0.004724717174035,-0.0047247150353622,-0.00386729950380182,0.00997795983686844,0.00533165946316386,0.00466607272326874,15.6773904237023,25.4192282376525,2.80867915849612,3.38370155944847,0.373509322624437,4.64186179205995,3.5339775143742,1.1764776155659,-0.0685933378801482,19.1782460982078,29.9237565132464,3.12819151811079,0.19135978234897,0.159543325737147,0.0145963748703804,1.0230760959649,4.0285317571461,0.685460984296485,0.401924797065895,0.613845657578942,0.255769023991226,0.224481622217607,0.470266759138888,-0.000515622665092444,1.67241336142767e-06,0.983814043336729,1.00061890699407,0.983205530557255,0.520805817179281,0.0527974316593026,0.426396751161417,1.06255857496851,1.06112700466175,0.761327603541744,0.253449514094612,-0.0147771176363559,-0.00011888046207649,0.965571111871347,0.0197963100292335,0.983777409909362,-0.00014771972296093,0.67,0.1,1.035,0.5,0.6,0.25,0.4,0.005,0.975,0.8,0.1,1.31615462363494,0.902959881834432,0.526461849453977,0.276459941547339,0.306339369635394,0.448783396749026,-1.29917944347701,2.25895636484588,8.28800290984483
156,-0.00437033262224807,0.81940869693593,0.101376424434687,-0.00472471675442243,-0.00472471507893024,-0.00389360521662807,0.00998245145799242,0.00533416626247461,0.00466830052500882,15.6720931963575,25.3867998938639,2.80501680301809,3.37893356863104,0.37298368304538,4.63812422871199,3.53681219051174,1.16985122574862,-0.0685391875483685,19.1757751549891,29.8800903170033,3.12404528570488,0.191421255348764,0.159385409201189,0.0145839871897813,1.02254062816635,4.02510523437651,0.685102220871453,0.401629058706211,0.613524376899808,0.255635157041587,0.224551487228876,0.47022244042995,-0.000505382564325207,1.60042257727603e-06,0.983841815871355,1.00060781571464,0.983244184604623,0.520620442585701,0.0527786389569428,0.426600918457356,1.06255507171319,1.06112320806348,0.762552276713685,0.252225073796288,-0.0147773505099731,-0.000115839743763043,0.965571111871347,0.0197963100292335,0.983806182247772,-0.00014771972296093,0.67,0.1,1.035,0.5,0.6,0.25,0.4,0.005,0.975,0.8,0.1,1.31593415246785,0.903196267312429,0.526373660987141,0.276323669537576,0.306145122557211,0.448712712670587,-1.29861604813802,2.24703282863512,8.29068114363491
157,-0.00438103160816557,0.820071973022215,0.101376424300986,-0.00472471642568706,-0.00472471511306261,-0.00391908259023932,0.00998682215393728,0.00533660560866647,0.0046704683875693,15.6669127816172,25.3553201232291,2.80146164854098,3.37430756299206,0.372473663762418,4.63449214291683,3.53957855122638,1.16340022296771,-0.0684866312772565,19.173353224208,29.8376851186469,3.12002064305418,0.191480877494341,0.159231991592434,0.0145719620280403,1.02202071626984,4.02177511909623,0.684753879900792,0.401342035641912,0.613212429761903,0.25550517906746,0.224618986129944,0.4701790977664,-0.000495405941298411,1.52754338085002e-06,0.983868895549476,1.00059706323379,0.983281814129802,0.520440726585796,0.0527604199218753,0.426798853492329,1.06255166475629,1.0611195163085,0.763746801563494,0.251030789824478,-0.0147775913879729,-0.000112857097729439,0.965571111871347,0.0197963100292335,0.983834237313362,-0.00014771972296093,0.67,0.1,1.035,0.5,0.6,0.25,0.4,0.005,0.975,0.8,0.1,1.31571924509622,0.903424873858117,0.526287698038488,0.276191168486104,0.305956055047864,0.448644310844624,-1.29806835083321,2.23541349386675,8.29331785280909
158,-0.0043914040049927,0.820715453534374,0.101376424196242,-0.00472471616814718,-0.00472471513980277,-0.00394375899069743,0.00999107477959995,0.00533897909293451,0.00467257772478991,15.6618481869131,25.3247619053398,2.79801063677355,3.3698193463759,0.371978805176887,4.63096279644705,3.54227818379907,1.15712023562921,-0.0684356229812252,19.1709808746621,29.7965054903906,3.1161141079871,0.191538710655072,0.159082948842821,0.0145602890178862,1.02151592492348,4.01853892926728,0.684415669698731,0.401063474173679,0.612909554954087,0.25537898123087,0.22468420670513,0.470136723901593,-0.000485687774323423,1.45402392759398e-06,0.983895294712683,1.00058663897498,0.98331844178991,0.52026649276552,0.0527427566656883,0.426990750568792,1.06254835169093,1.06111592674423,0.764911820569106,0.249866018489994,-0.0147778390591,-0.000109933020776889,0.965571111871347,0.0197963100292335,0.983861587825497,-0.00014771972296093,0.67,0.1,1.035,0.5,0.6,0.25,0.4,0.005,0.975,0.8,0.1,1.31550979971949,0.903645978434131,0.526203919887796,0.276062343691611,0.305772043856221,0.448578125872573,-1.29753595199824,2.22409140646063,8.29591315287373
159,-0.00440145999469422,0.821339729270193,0.101376424114182,-0.00472471596638369,-0.00472471516075168,-0.00396766080274014,0.00999521215110781,0.00534128828487619,0.0046746299313013,15.6568982883175,25.2950989201666,2.7946607890051,3.36546484256816,0.371498660681174,4.62753350310923,3.54491263181356,1.15100698910901,-0.0683861178133392,19.1686585012698,29.7565169163918,3.11232228994218,0.191594814177194,0.158938160041963,0.0145489580692427,1.02102582964866,4.01539422828121,0.684087305864604,0.400793127691875,0.612615497789198,0.255256457412166,0.224747233038404,0.470095310370724,-0.000476222961182413,1.380098197316e-06,0.983921025867549,1.00057653270533,0.983354090073699,0.520097570429101,0.0527256318805761,0.427176797690323,1.06254513015304,1.06111243676761,0.766047966864014,0.2487301255455,-0.0147780924095144,-0.0001070678419743,0.965571111871347,0.0197963100292335,0.983888246682771,-0.00014771972296093,0.67,0.1,1.035,0.5,0.6,0.25,0.4,0.005,0.975,0.8,0.1,1.31530571331107,0.903859846880032,0.526122285324429,0.275937102132718,0.305592967701872,0.44851409349271,-1.29701845903401,2.21305973061821,8.29846717092392
160,-0.00441120942917068,0.821945373396015,0.101376424049894,-0.00472471580831679,-0.00472471517716366,-0.00399081346956631,0.00999923704275877,0.00534353473078257,0.00467662638100691,15.6520618472223,25.2663055401738,2.7914092051948,3.36124009228654,0.371032796344849,4.62420162942183,3.54748339725003,1.14505630431714,-0.0683380721453408,19.1663863437879,29.7176857805962,3.10864188875773,0.191649245008324,0.158797507375019,0.0145379593634167,1.02055001667509,4.01233862575712,0.683768511172313,0.400530756516443,0.612330010005056,0.255137504168774,0.224808145692786,0.470054847615963,-0.000467006340351285,1.30597705978874e-06,0.983946101644879,1.00056673452368,0.983388781272329,0.519933794400895,0.0527090288190555,0.42735717678005,1.0625419978233,1.06110904382704,0.767155864167906,0.247622486249039,-0.0147783504169453,-0.000104261733942567,0.965571111871347,0.0197963100292335,0.983914226920848,-0.00014771972296093,0.67,0.1,1.035,0.5,0.6,0.25,0.4,0.005,0.975,0.8,0.1,1.31510688194485,0.904066734414896,0.526042752777938,0.275815352495375,0.305418707314451,0.448452150616302,-1.29651548655806,2.202311749396,8.30098004666442
161,-0.00442066184170138,0.822532941972732,0.101376423999529,-0.00472471568448318,-0.00472471519002127,-0.00401324153074323,0.0100031521855709,0.00534571995283649,0.00467856842637456,15.6473375237578,25.2383568178763,2.78825306253333,3.35714125021553,0.370580790603812,4.62096459510361,3.54999194242851,1.13926409622063,-0.0682914435455239,19.1641645021259,29.6799793500277,3.10506969293885,0.191702057819815,0.158660876061511,0.0145272833472248,1.02008808276959,4.00936977815276,0.683459015455627,0.400276127726997,0.612052849661755,0.255022020692398,0.224867021880201,0.470015325109349,-0.000458032710904444,1.2318493309982e-06,0.983970534763412,1.00055723484909,0.983422537454162,0.519775004834827,0.0526929312744928,0.427532063890681,1.06253895242743,1.06110574542262,0.768236126730191,0.246542485414724,-0.0147786121449148,-0.000101514727684857,0.965571111871347,0.0197963100292335,0.983939541673911,-0.00014771972296093,0.67,0.1,1.035,0.5,0.6,0.25,0.4,0.005,0.975,0.8,0.1,1.31491320109326,0.904266886128372,0.525965280437304,0.275697005193124,0.305249145468105,0.448392235368885,-1.29602665658841,2.19184086503479,8.30345193322444
162,-0.00442982645794771,0.823102974466124,0.101376423960072,-0.00472471558746856,-0.00472471520009421,-0.0040349686583383,0.0100069602661533,0.00534784544848933,0.00468045739788632,15.6427238889603,25.2112284727284,2.78518961393098,3.35316458207807,0.370142233952336,4.61781987339039,3.55243969181295,1.13362637233249,-0.0682461907550472,19.1619929502733,29.6433657574101,3.10160257785539,0.191753305122211,0.158528154293936,0.0145169207271269,1.01963963505879,4.00648538920546,0.683158555489389,0.400029014993785,0.611783781035274,0.254909908764697,0.224923935622118,0.469976731466525,-0.000449296850344532,1.15788361308126e-06,0.983994337996837,1.00054802440976,0.983455380442442,0.5196210470311,0.0526773235624014,0.427701629406499,1.06253599173638,1.06110253910602,0.769289359285877,0.245489517451231,-0.0147788767371087,-9.88267265793705e-05,0.965571111871347,0.0197963100292335,0.983964204139543,-0.00014771972296093,0.67,0.1,1.035,0.5,0.6,0.25,0.4,0.005,0.975,0.8,0.1,1.31472456589793,0.904460537447006,0.525889826359171,0.275581972381915,0.305084167009208,0.44833428712511,-1.2955515986723,2.1816405990665,8.30588299778631
163,-0.00443871220653631,0.823655994242012,0.101376423929161,-0.00472471551146481,-0.00472471520798556,-0.00405601769137198,0.0100106639257694,0.00534991268994404,0.00468229460358246,15.6382194359385,25.1848968777535,2.78221618647895,3.34930646174735,0.369716728638437,4.61476499119717,3.55482803368646,1.12813923117387,-0.0682022736631545,19.1598715490973,29.607813983535,3.09823750391762,0.191803037373812,0.158399233176234,0.0145068624633853,1.01920429084664,4.00368321021971,0.682866874867246,0.399789198410848,0.611522574507982,0.254801072711659,0.224978957901487,0.469939054551342,-0.000440793530519007,1.08423001048393e-06,0.984017524143796,1.00053909423243,0.983487331795556,0.519471771259845,0.0526621905024699,0.427866038237686,1.06253311356632,1.0610994224804,0.770316157023163,0.244462986388783,-0.0147791434119458,-9.61975193125344e-05,0.965571111871347,0.0197963100292335,0.983988227546795,-0.00014771972296093,0.67,0.1,1.035,0.5,0.6,0.25,0.4,0.005,0.975,0.8,0.1,1.31454087141469,0.904647914576045,0.525816348565874,0.275470167970033,0.304923658877704,0.448278246536741,-1.29508994997,2.17170459222039,8.3082734220464
164,-0.00444732772924022,0.824192509046656,0.101376423904944,-0.00472471545192155,-0.00472471521416795,-0.00407641066868258,0.0100142657595698,0.00535192312373112,0.00468408132868739,15.6338225901255,25.1593390460018,2.77933017989377,3.34556336840157,0.369303888362983,4.6117975291414,3.55715832170716,1.12279886071591,-0.0681596532816655,19.157800058109,29.5732938394769,3.09497151473934,0.191851303082759,0.158274006662247,0.0144970997642554,1.01878167742768,4.00096104021651,0.682583723876548,0.399556464331477,0.61126900645661,0.254695419356921,0.225032156806488,0.469902281571941,-0.000432517531712704,1.01102179130403e-06,0.984040106000652,1.00053043563211,0.983518412789669,0.51932703259143,0.0526475174012853,0.428025450007285,1.06253031577858,1.06109639320011,0.771317105562114,0.243462305895266,-0.0147794114573799,-9.36267917676812e-05,0.965571111871347,0.0197963100292335,0.984011625127221,-0.00014771972296093,0.67,0.1,1.035,0.5,0.6,0.25,0.4,0.005,0.975,0.8,0.1,1.31436201283509,0.904829234918004,0.525744805134037,0.275361507623558,0.304767510122597,0.448224055554392,-1.29464135530162,2.16202660414801,8.31062340252575
165,-0.00445568139077527,0.824713011472837,0.101376423885971,-0.00472471540527364,-0.0047247152190113,-0.00409616886028963,0.0100177683159784,0.00535387817036943,0.00468581883531064,15.6295317186856,25.134532616898,2.77652906495122,3.34193188372485,0.368903337982932,4.6089151214417,3.55943187635373,1.11760153680699,-0.0681182917190229,19.1557781462758,29.5397759487221,3.09180173529535,0.191898148903032,0.158152371494308,0.0144876240802193,1.01837143189698,3.99831672595869,0.682308859370979,0.399330605206278,0.61102285913819,0.254592857974246,0.225083597666574,0.469866399168929,-0.000424463655178438,9.38376818358765e-07,0.98406209633681,1.00052204020227,0.983548644403543,0.519186690733139,0.0526332900357174,0.428180019231144,1.06252759627948,1.06109344897039,0.772292780943849,0.242486899282106,-0.0147796802259551,-9.11141379186728e-05,0.965571111871347,0.0197963100292335,0.984034410088632,-0.00014771972296093,0.67,0.1,1.035,0.5,0.6,0.25,0.4,0.005,0.975,0.8,0.1,1.31418788568616,0.905004707469359,0.525675154274464,0.275255908767775,0.304615611912128,0.448171657443547,-1.29420546716341,2.15260051298472,8.31293315074622
166,-0.00446378128822844,0.825217979412056,0.101376423871108,-0.00472471536872865,-0.00472471522280582,-0.00411531279733468,0.0100211740962209,0.00535577922410546,0.00468750836221707,15.6253451391384,25.1104558425209,2.77381038191455,3.33840868915611,0.368514713218972,4.60611545570521,3.56164998626903,1.11254362159029,-0.0680781521541174,19.153805401951,29.5072317292642,3.08872537007767,0.191943619724774,0.158034227142069,0.0144784270982672,1.01797320095741,3.99574816186491,0.682042044641464,0.399111419423878,0.610783920574445,0.254493300239352,0.225133343181238,0.469831393496234,-0.000416626734152377,8.66398960133223e-07,0.984083507872414,1.00051389980533,0.983578047305376,0.519050609871944,0.0526194946369353,0.428329895491121,1.06252495302017,1.06109058754701,0.773243749629645,0.24153619950048,-0.0147799491301251,-8.86590698922375e-05,0.965571111871347,0.0197963100292335,0.984056595591391,-0.00014771972296093,0.67,0.1,1.035,0.5,0.6,0.25,0.4,0.005,0.975,0.8,0.1,1.31401838601005,0.905174533196573,0.525607354404019,0.275153290584899,0.304467857539091,0.448120996795455,-1.29378194571886,2.14342031476423,8.31520289328688
167,-0.0044716352601336,0.825707876493238,0.101376423859464,-0.00472471534009822,-0.00472471522577844,-0.00413386230067481,0.0100244855539819,0.00535762765272316,0.00468915112465963,15.6212611272615,25.0870875738691,2.77117173896273,3.33499056318833,0.368137660367901,4.60339627261574,3.56381390950961,1.10762156191619,-0.0680391988100664,19.1518813419885,29.4756333757247,3.0857397012568,0.191987758759281,0.157919475741691,0.0144695007362366,1.01758664072508,3.99325328982423,0.681783049285806,0.398898711154395,0.61055198443505,0.254396660181271,0.225181453541947,0.469797250295175,-0.000409001643541925,7.95179339081037e-07,0.984104353258225,1.00050600656357,0.983606641841487,0.518918658523126,0.0526061178750247,0.42847522360185,1.06252238399631,1.06108780673582,0.77417056850942,0.24060964912842,-0.01478021763784,-8.62610271304381e-05,0.965571111871347,0.0197963100292335,0.984078194727041,-0.00014771972296093,0.67,0.1,1.035,0.5,0.6,0.25,0.4,0.005,0.975,0.8,0.1,1.31385341052527,0.9053389053927,0.525541364210107,0.275053574008474,0.304324142421741,0.448072019533342,-1.2933704587688,2.13448012270082,8.31743287173403
168,-0.00447925089520982,0.826183152508367,0.101376423850341,-0.00472471531766838,-0.00472471522810736,-0.00415183650820017,0.0100277050951804,0.00535942479741991,0.00469074831427045,15.6172779243211,25.0644072471392,2.76861081062166,3.33167437871937,0.367771836019914,4.60075536553368,3.56592487470832,1.10283188775344,-0.0680013969280811,19.1500054201008,29.4449538415323,3.0828420868507,0.192030607619015,0.157808022035478,0.0144608371372131,1.01721141653357,3.99083009892196,0.681531649077491,0.39869229019585,0.610326849920141,0.254302854133392,0.225227986547627,0.46976395496225,-0.000401583308419464,7.24797467906918e-07,0.984124645057534,1.00049835285031,0.983634448026693,0.51879070938449,0.0525931468441812,0.428616143771329,1.06251988724774,1.06108510439226,0.775073784919058,0.239706700349341,-0.0147804852683988,-8.39193848481117e-05,0.965571111871347,0.0197963100292335,0.984099220499096,-0.00014771972296093,0.67,0.1,1.035,0.5,0.6,0.25,0.4,0.005,0.975,0.8,0.1,1.31369285677086,0.905498010015626,0.525477142708344,0.274956681714759,0.304184364100712,0.448024672914478,-1.29297068170403,2.12577416635289,8.31962334253741
169,-0.00448663554077632,0.826644243825416,0.101376423843194,-0.00472471530009633,-0.00472471522993179,-0.00416925390094214,0.0100308350778535,0.00536117197274149,0.00469230109900418,15.6133937436857,25.0423948700612,2.7661253362032,3.32845710045579,0.367416906781022,4.59819058001779,3.56798408215681,1.09817121060251,-0.0679647127415283,19.1481770345214,29.4151668212086,3.08002995890669,0.192072206392948,0.157699773312055,0.0144524286640002,1.01684720273738,3.98847662508674,0.681287625834045,0.398491971823444,0.610108321642428,0.254211800684345,0.225272997714079,0.469731492611107,-0.000394366711384191,6.55322342265172e-07,0.984144395729935,1.00049093128152,0.983661485536259,0.518666639195945,0.0525805690484533,0.428752791755602,1.06251746085812,1.06108247842083,0.775953936666073,0.23882681492249,-0.0147807515885628,-8.16334617536872e-05,0.965571111871347,0.0197963100292335,0.984119685805819,-0.00014771972296093,0.67,0.1,1.035,0.5,0.6,0.25,0.4,0.005,0.975,0.8,0.1,1.31353662323492,0.905652026009039,0.525414649293967,0.274862538111412,0.304048422232297,0.447978905528464,-1.29258229744335,2.11729679068029,8.32177457678372
170,-0.00449379631085766,0.827091573788967,0.101376423837595,-0.00472471528632989,-0.0047247152313612,-0.004186132328033,0.0100338778121387,0.00536287046657216,0.00469381062313006,15.6096067768654,25.0210310083117,2.76371311825418,3.32533578237042,0.36707254900075,4.59569981327809,3.56999270481422,1.09363622191413,-0.0679291134502688,19.1463955350195,29.3862467327872,3.07730082169832,0.192112593717551,0.157594639347145,0.014444267893663,1.01649368251536,3.98619095066784,0.68105076728529,0.398297576641914,0.609896209509215,0.25412342062884,0.22531654037767,0.469699848129128,-0.000387346898967917,5.86813374697025e-07,0.98416361761683,1.00048373470759,0.983687773699262,0.518546328604228,0.0525683723880112,0.428885299007761,1.06251510295446,1.06107992677449,0.776811552063111,0.237969464145809,-0.0147810162089203,-7.94025271295284e-05,0.965571111871347,0.0197963100292335,0.984139603424846,-0.00014771972296093,0.67,0.1,1.035,0.5,0.6,0.25,0.4,0.005,0.975,0.8,0.1,1.3133846094687,0.905801125607079,0.525353843787479,0.274771069323752,0.303916218578469,0.447934667292185,-1.29220499635938,2.10904245500663,8.32388685989822
171,-0.00450074009399193,0.827525553108877,0.101376423833209,-0.00472471527554497,-0.00472471523248097,-0.00420248903057807,0.0100368355603455,0.00536452154017405,0.00469527800726765,15.6059151990215,25.0002967720364,2.76137202101896,3.32230756521464,0.366738448505242,4.59328101356831,3.57195188924782,1.08922369151583,-0.0678945671953357,19.1446602293194,29.3581687003992,3.07465224994102,0.192151806843683,0.157492532345034,0.0144363476121498,1.01615054767434,3.98397120395082,0.680820866941805,0.398108930440867,0.609690328604601,0.254037636918584,0.225358665793633,0.469669006229042,-0.000380518987109617,5.19321317700401e-07,0.98418232292853,1.00047675620554,0.98371333149327,0.518429662032549,0.0525565451459189,0.429013792821532,1.0625128117067,1.06107744745409,0.777647149968825,0.237134128811669,-0.0147812787804936,-7.72258072997003e-05,0.965571111871347,0.0197963100292335,0.984158985999505,-0.00014771972296093,0.67,0.1,1.035,0.5,0.6,0.25,0.4,0.005,0.975,0.8,0.1,1.31323671618747,0.905945474623624,0.525294686474989,0.274682203178852,0.303787656993952,0.447891909441749,-1.2918384761942,2.10100573189705,8.32596049128362
172,-0.00450747356075449,0.827946580237344,0.101376423829773,-0.00472471526709572,-0.00472471523335827,-0.00421834066449389,0.0100397105371091,0.00536612642827154,0.00469670434846236,15.6023171739875,24.9801738025039,2.75909996891781,3.31936967408549,0.366414300335856,4.59093217952558,3.57386275651098,1.08493046604861,-0.0678610430340021,19.1429703889689,29.3309085370508,3.07208188702866,0.192189881699663,0.157393366880763,0.0144286608089961,1.01581749845355,3.98181555861927,0.68059772396388,0.397925864053231,0.609490499072132,0.253954374613388,0.225399423229286,0.469638951495928,-0.000373878165821883,4.528890767798e-07,0.984200523732819,1.00046998907144,0.983738177540215,0.518316527554975,0.0525450759753891,0.429138396469636,1.06251058532715,1.06107503850768,0.778461239835669,0.236320299155908,-0.0147815389915763,-7.51024915650989e-05,0.965571111871347,0.0197963100292335,0.984177846026695,-0.00014771972296093,0.67,0.1,1.035,0.5,0.6,0.25,0.4,0.005,0.975,0.8,0.1,1.31309284535923,0.906085232727053,0.525237138143694,0.274595869187708,0.303662643410631,0.447850584521774,-1.29148244196633,2.09318130596083,8.32799578390522
173,-0.00451400317100852,0.828355041734734,0.10137642382708,-0.00472471526047635,-0.0047247152340455,-0.00423370332236561,0.0100425049096171,0.00536768633917699,0.00469809072029754,15.5988108588353,24.9606442589069,2.75689494504295,3.31651941604808,0.366099808493338,4.58865135946427,3.57572640296362,1.08075346741593,-0.0678285109152741,19.1413252546972,29.3044427276128,3.06958744329313,0.192226852950763,0.157297059843107,0.0144212006721143,1.01549424333015,3.97972223316933,0.680381143031203,0.397748213216785,0.609296545998092,0.253873560832538,0.225438860052455,0.469609668429958,-0.000367419703144124,3.87552439580099e-07,0.984218231944878,1.00046342681314,0.983762330103354,0.51820681677534,0.0525339538874991,0.429259229337161,1.06250842207001,1.06107269802987,0.779254321764172,0.235527474800618,-0.0147817965647901,-7.30317375938845e-05,0.965571111871347,0.0197963100292335,0.984196195846207,-0.00014771972296093,0.67,0.1,1.035,0.5,0.6,0.25,0.4,0.005,0.975,0.8,0.1,1.31295290028223,0.90622055370134,0.52518116011289,0.274511998525698,0.303541085819604,0.447810646372332,-1.29113660587071,2.08556397258756,8.32999306383013
174,-0.00452033518089398,0.828751312624482,0.101376423824971,-0.0047247152552905,-0.00472471523458395,-0.00424859255437193,0.0100452207979042,0.00536920245495332,0.00469943817303926,15.5953944080236,24.9416908053316,2.75475498967444,3.31375417781335,0.365794685687601,4.58643665063056,3.57754390103956,1.07668969124683,-0.0677969416558366,19.1397240413031,29.2787484120419,3.06716669428888,0.192262754055341,0.157203530378387,0.0144139605826718,1.01518049882613,3.97768949028329,0.680170934213504,0.397575818438766,0.609108299295675,0.253795124706531,0.225477021815385,0.469581141485215,-0.000361138948407697,3.23340788959357e-07,0.98423545931845,1.0004570631432,0.983785807085226,0.518100424710512,0.0525231682393505,0.429376407050138,1.06250632023074,1.06107042416111,0.78002688656328,0.234755164691068,-0.014782051254348,-7.10126763602563e-05,0.965571111871347,0.0197963100292335,0.984214047631367,-0.00014771972296093,0.67,0.1,1.035,0.5,0.6,0.25,0.4,0.005,0.975,0.8,0.1,1.31281678565222,0.906351585694207,0.525126714260888,0.27443052401155,0.303422894251099,0.447772050113807,-1.29080068717262,2.07814863662471,8.33195266972787
175,-0.00452647564956524,0.829135756737405,0.101376423823319,-0.00472471525122786,-0.00472471523500584,-0.00426302338832396,0.010047860275206,0.0053706759316097,0.00470074773381036,15.5920659771612,24.9232965979105,2.75267819881764,3.31107142347086,0.36549865309315,4.58428619842331,3.57931629996525,1.07273620537453,-0.0677663069164743,19.1381659421099,29.2538033688535,3.06481747910437,0.19229761731784,0.157112699835137,0.0144069341100606,1.01487598931695,3.97571563616807,0.679966912842354,0.397408524863619,0.608925593590168,0.253718997329237,0.225513952334377,0.46955335510487,-0.000355031334928017,2.602777096183e-07,0.984252217438156,1.00045089197219,0.983808626026512,0.517997249677828,0.052512708722653,0.42949004159952,1.0625042781455,1.06106821508697,0.780779415816354,0.234002887027158,-0.0147823028435121,-6.90444166557167e-05,0.965571111871347,0.0197963100292335,0.984231413380896,-0.00014771972296093,0.67,0.1,1.035,0.5,0.6,0.25,0.4,0.005,0.975,0.8,0.1,1.31268440762044,0.906478471453105,0.525073763048174,0.274351380084984,0.303307980752513,0.447734752129942,-1.29047441209677,2.07093031100403,8.33387495233895
176,-0.00453243044568775,0.829508727045744,0.101376423822024,-0.00472471524804507,-0.00472471523533624,-0.00427701034886263,0.0100504253683673,0.00537210789932781,0.0047020204067916,15.5888237264104,24.9054452721662,2.75066272276302,3.30846869227677,0.365211440110163,4.58219819558678,3.58104462643373,1.06889014833203,-0.0677365791789793,19.1366501330176,29.2295859988534,3.06253769870116,0.192331473938842,0.15702449170968,0.0144001150069597,1.01458044684223,3.97379901986358,0.679768899384292,0.397246182143763,0.608748268105336,0.253645111710557,0.22554969376542,0.469526293753007,-0.000349092382141682,1.98381583275999e-07,0.984268517712863,1.00044490740208,0.983830804105718,0.517897193186547,0.0525025653527163,0.429600241460736,1.06250229419054,1.06106606903742,0.781512381952446,0.233270169189789,-0.0147825511422351,-6.71260491576705e-05,0.965571111871347,0.0197963100292335,0.984248304911884,-0.00014771972296093,0.67,0.1,1.035,0.5,0.6,0.25,0.4,0.005,0.975,0.8,0.1,1.31255567384286,0.906601348549659,0.525022269537142,0.27427450278322,0.30319625936478,0.447698710049307,-1.29015751371232,2.06390411532315,8.3357602739174
177,-0.00453820525370319,0.829870565987237,0.10137642382101,-0.00472471524555163,-0.00472471523559514,-0.00429056747585344,0.0100529180582996,0.00537349946271503,0.00470325717344664,15.5856658235623,24.888120930561,2.74870676466988,3.30594359649621,0.364932784131202,4.58017088137966,3.5827298852375,1.06514872786571,-0.0677077317235571,19.1351757761862,29.2060753091434,3.06032531428202,0.192364354062381,0.156938831592619,0.0143934972044923,1.01429361091855,3.97193803252583,0.679576719315428,0.397088644313508,0.608576166551129,0.253573402729637,0.225584286676017,0.469499941943357,-0.000343317697300705,1.37666077958726e-07,0.984284371370016,1.00043910372003,0.983852358139598,0.51780015983315,0.0524927284578323,0.429707111709018,1.06250036678158,1.06106398428606,0.782226248322485,0.232556547662486,-0.0147827959849716,-6.52566501668909e-05,0.965571111871347,0.0197963100292335,0.984264733853798,-0.00014771972296093,0.67,0.1,1.035,0.5,0.6,0.25,0.4,0.005,0.975,0.8,0.1,1.31243049352168,0.906720349593254,0.524972197408673,0.274199829716503,0.303087646097269,0.447663882725412,-1.2898497318147,2.05706527438874,8.33760900765263
178,-0.00454380557987258,0.830221605779516,0.101376423820216,-0.00472471524359808,-0.00472471523579798,-0.00430370834202021,0.0100553402804808,0.00537485170108106,0.00470445899276783,15.5825904468081,24.871308130262,2.74680857917517,3.3034938192999,0.364662430313549,4.57820254072512,3.58437305986378,1.06150921946808,-0.0676797386067365,19.1337420233791,29.1832508974138,3.05817834568946,0.192396286820654,0.156855647116274,0.0143870748074784,1.01401522835471,3.97013110668898,0.679390202997659,0.396935769665954,0.608409137012829,0.253503807088679,0.225617770113435,0.469474284265164,-0.000337702976683174,7.81406823286506e-08,0.984299789450866,1.00043347539223,0.983873304584258,0.517706057200329,0.0524831886690334,0.429810754130638,1.06249849437312,1.06106195914937,0.782921469280013,0.231861567948638,-0.0147830372286511,-6.34352850064092e-05,0.965571111871347,0.0197963100292335,0.984280711643422,-0.00014771972296093,0.67,0.1,1.035,0.5,0.6,0.25,0.4,0.005,0.975,0.8,0.1,1.31230877743964,0.906835602434335,0.524923510975855,0.27412730004279,0.302982058901385,0.447630230215636,-1.28955081280474,2.05040911672649,8.33942153707566
179,-0.00454923675810584,0.830562168725128,0.101376423819593,-0.00472471524206775,-0.00472471523595686,-0.00431644606985215,0.0100576939254943,0.00537616566873697,0.00470562680154173,15.579595787228,24.8549918711235,2.74496647102734,3.30111711271429,0.364400131357128,4.57629150334554,3.58597511305508,1.05796896493024,-0.0676525746397852,19.1323480189898,29.161092936521,3.05609486983447,0.192427300376335,0.156774867903082,0.014380842089786,1.01374505306958,3.96837671551028,0.679209185556616,0.396787420632946,0.608247031841746,0.253436263267394,0.225650181669572,0.469449305406435,-0.000332244006486842,1.98110784568972e-08,0.984314782806501,1.0004280170581,0.983893659536859,0.517614795759536,0.0524739369102109,0.429911267330253,1.06249667545781,1.06105999198592,0.783598490266132,0.231184784484668,-0.0147832747507994,-6.16610110455209e-05,0.965571111871347,0.0197963100292335,0.984296249520658,-0.00014771972296093,0.67,0.1,1.035,0.5,0.6,0.25,0.4,0.005,0.975,0.8,0.1,1.31219043798769,0.906947230358003,0.524876175195078,0.274056854441725,0.302879417643065,0.447597713759184,-1.28926050956586,2.04393107306332,8.34119825545389
180,-0.0045545039555865,0.830892567507448,0.101376423819106,-0.0047247152408687,-0.00472471523608131,-0.00432879334782044,0.010059980839602,0.00537744239531248,0.00470676151463103,15.5766800510224,24.8391575838978,2.74317879374673,3.29881129562466,0.364145647287967,4.57443614288557,3.58753698733824,1.05452537091497,-0.0676262153676335,19.1309929027807,29.1395821593658,3.05407301915684,0.192457421962615,0.156696425514975,0.0143747934897772,1.01348284591259,3.96667337200134,0.679033506761436,0.396643463667991,0.608089707547555,0.253370711478148,0.225681557542638,0.469424990174747,-0.000326936663316408,-3.73203938914291e-08,0.984329362094632,1.00042272352464,0.983913438737873,0.517526288776944,0.0524649643885804,0.430008746834476,1.06249490856581,1.06105808119559,0.784257747898341,0.230525760549459,-0.0147835084478,-5.99328805206723e-05,0.965571111871347,0.0197963100292335,0.98431135852512,-0.00014771972296093,0.67,0.1,1.035,0.5,0.6,0.25,0.4,0.005,0.975,0.8,0.1,1.31207538918685,0.907055352268436,0.524830155674741,0.273988435088046,0.302779644074296,0.447566295754207,-1.28897858133976,2.03762667478612,8.34293956517866
181,-0.00455961217819933,0.831213105477767,0.101376423818724,-0.00472471523992946,-0.0047247152361789,-0.00434076244593518,0.010062202825347,0.00537868288609028,0.00470786402527134,15.5738414615043,24.8237911186769,2.74144394831243,3.2965742518303,0.363898745247121,4.57263487602686,3.58905960552429,1.05117590755087,-0.0676006370483017,19.1296758123539,29.1186998440712,3.05211098011711,0.192486677921121,0.156620253403733,0.0143689236058548,1.01322837448723,3.96501962824896,0.678863010906444,0.396503769132166,0.607937024692337,0.253307093621807,0.225711932595813,0.469401323515837,-0.000321776914433136,-9.32544379045764e-08,0.984343537777051,1.00041758976091,0.983932657573823,0.517440452222684,0.0524562625854789,0.430103285191837,1.06249319226402,1.06105622521883,0.784899670062952,0.229884068170333,-0.0147837382332849,-5.82499430151932e-05,0.965571111871347,0.0197963100292335,0.984326049493437,-0.00014771972296093,0.67,0.1,1.035,0.5,0.6,0.25,0.4,0.005,0.975,0.8,0.1,1.31196354670448,0.907160082864621,0.524785418681793,0.273921985624504,0.302682661803818,0.44753593973426,-1.28870479360104,2.03149155238155,8.34464587714897
182,-0.00456456627576877,0.831524076933806,0.101376423818424,-0.0047247152391936,-0.00472471523625528,-0.0043523652306765,0.0100643616421819,0.00537988812235449,0.00470893520538063,15.5710782608713,24.8088787335699,2.73976038187644,3.29440392815126,0.363659199285047,4.57088616159712,3.5905438711818,1.04791810704815,-0.0675758166328319,19.1283958853779,29.098427799467,3.05020699172076,0.19251509373784,0.156546286862343,0.0143632271921045,1.01298141297735,3.96341407462838,0.678697546694825,0.396368211182883,0.60778884778641,0.253245353244338,0.225741340413061,0.469378290530118,-0.000316760817676482,-1.47994409030004e-07,0.984357320117716,1.00041261089285,0.983951331080476,0.517357204683236,0.0524478232474831,0.430194972069281,1.06249152515551,1.0610544225358,0.785524676010781,0.229259288025866,-0.0147839640366466,-5.66112477488603e-05,0.965571111871347,0.0197963100292335,0.984340333057226,-0.00014771972296093,0.67,0.1,1.035,0.5,0.6,0.25,0.4,0.005,0.975,0.8,0.1,1.31185482786574,0.907261532807889,0.524741931146294,0.273857451134423,0.302588396267125,0.447506610344197,-1.28843891793116,2.02552143386069,8.34631761015459
183,-0.00456937094711524,0.831825767389917,0.10137642381819,-0.00472471523861706,-0.00472471523631512,-0.00436361317932599,0.0100664590071216,0.00538105906175263,0.00470997590588062,15.5683887117751,24.7944070836142,2.73812658650448,3.29229833258559,0.363426790161288,4.56918849967632,3.59199066908587,1.04474956233617,-0.0675517317457152,19.1271522615859,29.0787483508762,3.04835934407409,0.192542694077184,0.156474462977338,0.0143576991540364,1.01274174197662,3.96185533901154,0.678536967124338,0.396236667665553,0.607645045185975,0.253185435494156,0.225769813352252,0.469355876487317,-0.000311884521187786,-2.01546051824666e-07,0.984370719181401,1.00040778219815,0.983969473946403,0.517276467276853,0.0524396383778343,0.430283894345313,1.06248990587874,1.06105267166562,0.78613317645584,0.228651009345822,-0.0147841858016619,-5.50158455921576e-05,0.965571111871347,0.0197963100292335,0.984354219641649,-0.00014771972296093,0.67,0.1,1.035,0.5,0.6,0.25,0.4,0.005,0.975,0.8,0.1,1.31174915166047,0.907359808881683,0.524699660664189,0.273794778113978,0.302496774695902,0.447478273315673,-1.28818073189209,2.019712143172,8.34795519026146
184,-0.0045740307449366,0.832118453839231,0.101376423818006,-0.00472471523816542,-0.00472471523636209,-0.00437451739372774,0.010068496595413,0.0053821966386673,0.00471098695702682,15.5657710987054,24.7803632099296,2.73654109794495,3.29025553251632,0.363201305149449,4.56754043070235,3.59340086564476,1.0416679257234,-0.0675283606658133,19.1259440845687,29.0596443262158,3.04656637697301,0.192569502814293,0.156404720582145,0.014352334544423,1.01250914832108,3.9603420859726,0.678381129375124,0.396109020008073,0.607505488992649,0.25312728708027,0.225797382595736,0.469334066839372,-0.000307144262906186,-2.53917206511952e-07,0.984383744832858,1.00040309910134,0.983987100516911,0.517198163571901,0.0524317002281596,0.43037013619994,1.06248833310691,1.06105097116555,0.786725573676747,0.228058829808474,-0.0147844034852208,-5.34627909168168e-05,0.965571111871347,0.0197963100292335,0.984367719464519,-0.00014771972296093,0.67,0.1,1.035,0.5,0.6,0.25,0.4,0.005,0.975,0.8,0.1,1.31164643874613,0.907455014143964,0.524658575498453,0.273733914444276,0.302407726086989,0.447450895442312,-1.28793001890001,2.01405959860602,8.34955905020175
185,-0.00457855008052121,0.832402405007969,0.101376423817862,-0.00472471523781159,-0.00472471523639872,-0.00438508861350573,0.0100704760412225,0.00538330176459775,0.00471196916874728,15.5632237292019,24.7667345291102,2.73500249442488,3.28827365296726,0.362982537847349,4.56594053457806,3.59477530930625,1.03867090757957,-0.067505682307764,19.1247705033754,29.0410990424005,3.0448264785237,0.192595543065702,0.156337000211419,0.0143471285592342,1.01228342492484,3.95887301599306,0.678229894699643,0.395985153118078,0.607370054954904,0.25307085623121,0.225824078198514,0.469312847231719,-0.000302536369900402,-3.05117578166536e-07,0.984396406736456,1.00039855716908,0.984004224798261,0.517122219508003,0.052424001290477,0.43045377920152,1.06248680554727,1.06104931963027,0.787302261620607,0.227482355435545,-0.0147846170561512,-5.19511432233386e-05,0.965571111871347,0.0197963100292335,0.984380842535901,-0.00014771972296093,0.67,0.1,1.035,0.5,0.6,0.25,0.4,0.005,0.975,0.8,0.1,1.31154661144694,0.907547248072669,0.524618644578777,0.273674809363328,0.302321181170981,0.447424444554677,-1.28768656809923,2.00855981119468,8.35112962877098
186,-0.00458293322829918,0.83267788160217,0.10137642381775,-0.00472471523753437,-0.00472471523642759,-0.00439533722875995,0.0100723989383373,0.00538437532854901,0.00471292333098808,15.5607449349086,24.7535088228544,2.73350939547347,3.28635087490666,0.362770287992261,4.56438742978188,3.59611483094521,1.03575627504054,-0.0674836762038675,19.1236306739381,29.0230962920564,3.04313808379553,0.192620837218463,0.156271244056375,0.0143420765336684,1.01206437061908,3.95744686466794,0.678083128314781,0.395864955282897,0.607238622371446,0.253016092654769,0.22584992913413,0.469292203513135,-0.000298057257505174,-3.55158474679367e-07,0.984408714356238,1.00039415210556,0.984020860462172,0.517048563319881,0.0524165342894748,0.430534902390644,1.06248532194039,1.06104771569098,0.787863626009106,0.226921200485029,-0.0147848264941349,-5.04799686208603e-05,0.965571111871347,0.0197963100292335,0.984393598658161,-0.00014771972296093,0.67,0.1,1.035,0.5,0.6,0.25,0.4,0.005,0.975,0.8,0.1,1.31144959374981,0.907636606704579,0.524579837499924,0.273617413437963,0.302237072380559,0.447398889495118,-1.28745017423668,2.00320888310785,8.35266737023401
187,-0.00458718433023779,0.832945136547056,0.101376423817661,-0.00472471523731721,-0.00472471523645013,-0.00440527329226836,0.010074266840877,0.0053854181974271,0.00471385021406424,15.5583330724839,24.7406742278367,2.73206046077299,3.2844854335978,0.362564361281166,4.56287977248336,3.59742024423417,1.03292185073563,-0.0674623224864425,19.1225237603375,29.0056203305393,3.041499673506,0.192645406957819,0.156207395921107,0.0143371739382787,1.01185178999423,3.95606240191519,0.677940699296136,0.395748318072242,0.60711107399654,0.252962947498558,0.22587496333841,0.469272121744215,-0.000293703428365662,-4.04052647386507e-07,0.984420676956364,1.00038987974811,0.984037020850543,0.516977125463798,0.0524092921750543,0.430613582361148,1.06248388105952,1.06104615801473,0.788410044446593,0.226374987342112,-0.0147850317887054,-4.90483411246226e-05,0.965571111871347,0.0197963100292335,0.984405997426413,-0.00014771972296093,0.67,0.1,1.035,0.5,0.6,0.25,0.4,0.005,0.975,0.8,0.1,1.31135531129725,0.90772318276793,0.524542124518899,0.273561678535757,0.302155333818624,0.447374200092582,-1.28722063753712,1.99800300604976,8.35417272374163
188,-0.00459130740008707,0.833204415219251,0.101376423817592,-0.00472471523714713,-0.00472471523646778,-0.00441490653121335,0.0100760812640145,0.00538643121643924,0.00471475056901501,15.5559865243779,24.7282192258159,2.73065438903699,3.28267561699549,0.362364569195913,4.56141625566533,3.59869234599824,1.03016551153773,-0.0674416018706464,19.1214489359185,28.9886558632591,3.03990977273745,0.192669273293515,0.156145401179879,0.0143324163751935,1.01164549324553,3.95471843118933,0.677802480474504,0.395635136243434,0.606987295947317,0.252911373311382,0.225899207751167,0.469252588204632,-0.000289471471318894,-4.51814061801796e-07,0.984432303601909,1.00038573606291,0.984052718980391,0.516907838546496,0.052402268115125,0.430689893338379,1.06248248170986,1.06104464530357,0.788941886529915,0.225843346408409,-0.0147852329383248,-4.76553438143515e-05,0.965571111871347,0.0197963100292335,0.984418048229341,-0.00014771972296093,0.67,0.1,1.035,0.5,0.6,0.25,0.4,0.005,0.975,0.8,0.1,1.31126369137762,0.907807065809126,0.524505476551048,0.27350755779704,0.302075901226316,0.44735034713745,-1.28699776357926,1.99293845965748,8.3556461427593
189,-0.00459530632748107,0.833455955672068,0.101376423817538,-0.00472471523701379,-0.00472471523648166,-0.00442424635845584,0.0100778436847037,0.00538741520949804,0.00471562512796276,15.5537036994877,24.71613263398,2.72928991691535,3.28091976418753,0.362170728833188,4.55999560825395,3.5999319165558,1.0274851873359,-0.0674214956377505,19.1204053842724,28.9721880333035,3.03836694968522,0.192692456584832,0.156085206735404,0.0143277995744297,1.01144529602176,3.9534137887011,0.677668348334578,0.395525307649268,0.606867177613055,0.25286132400544,0.225922688355963,0.469233589399258,-0.000285358060206453,-4.98457762264092e-07,0.984443603159959,1.00038171714088,0.984067967548953,0.516840637256543,0.0523954554886456,0.430763907254812,1.06248112272788,1.06104317629378,0.789459513959801,0.22532591598973,-0.0147854299495311,-4.63000698520521e-05,0.965571111871347,0.0197963100292335,0.984429760250338,-0.00014771972296093,0.67,0.1,1.035,0.5,0.6,0.25,0.4,0.005,0.975,0.8,0.1,1.31117466291298,0.907888342313815,0.524469865165193,0.273455005607015,0.301998711950988,0.44732730235648,-1.28678136317302,1.98801160990345,8.35708808450917
190,-0.00459918488190016,0.833699988854078,0.101376423817495,-0.00472471523690943,-0.00472471523649243,-0.00443330188337732,0.0100795555424109,0.00538837097962786,0.00471647460447377,15.5514830337021,24.7044035955269,2.72796581792644,3.27921626388011,0.361982662739197,4.55861659425779,3.60113972004602,1.02487885983063,-0.0674019856188606,19.1193923000945,28.9562024093632,3.03686981443707,0.192714976564417,0.156026760978066,0.0143233193902982,1.01125101927739,3.95214734264393,0.67753818291585,0.395418733148349,0.606750611566432,0.252812754819347,0.225945430218062,0.469215112063265,-0.000281359952567175,-5.4399968658285e-07,0.984454584301007,1.00037781919369,0.984082778938943,0.516775458297999,0.0523888478788984,0.430835693823102,1.06247980298065,1.06104174975514,0.789963280653585,0.224822342182568,-0.0147856228361527,-4.4981623403001e-05,0.965571111871347,0.0197963100292335,0.984441142468953,-0.00014771972296093,0.67,0.1,1.035,0.5,0.6,0.25,0.4,0.005,0.975,0.8,0.1,1.31108815644482,0.907967095822673,0.524435262577927,0.273403977568047,0.301923704914201,0.447305038387891,-1.286571252238,1.98321890750399,8.3584990094266
191,-0.00460294671649968,0.833936738821148,0.101376423817462,-0.0047247152368276,-0.00472471523650098,-0.00444208192230677,0.010081218239851,0.00538929930937369,0.00471729969392121,15.5493229903429,24.693021570475,2.72668090141534,3.27756355292616,0.361800198748962,4.55727801191694,3.60231650474453,1.02234456135149,-0.0673830541790767,19.1184088899278,28.9406849739493,3.03541701778313,0.192736852360987,0.155970013746114,0.0143189717978999,1.01106248912794,3.95091799242847,0.677411867715722,0.395315316517916,0.606637493476766,0.252765622281986,0.225967457520637,0.469197143166267,-0.000277473988296081,-5.88456567185004e-07,0.984465255500586,1.00037403854992,0.984097165223928,0.516712240326314,0.0523824390669908,0.430905320606695,1.06247852136517,1.06104036449017,0.790453532859079,0.224332278759505,-0.014785811618584,-4.36991203915486e-05,0.965571111871347,0.0197963100292335,0.984452203662591,-0.00014771972296093,0.67,0.1,1.035,0.5,0.6,0.25,0.4,0.005,0.975,0.8,0.1,1.31100410411784,0.908043407042108,0.524401641647137,0.27335443047216,0.301850820579779,0.447283528756669,-1.28636725168337,1.97855688633553,8.35987938063199
192,-0.00460659537180965,0.834166422942159,0.101376423817436,-0.00472471523676354,-0.00472471523650764,-0.00445059500855349,0.0100828331437226,0.0053902009612098,0.00471810107384803,15.5472220605148,24.681976326706,2.72543401153877,3.27596011489565,0.361623169830133,4.5559786928631,3.60346300336805,1.01988037369713,-0.0673646842020799,19.1174543728044,28.9256221119064,3.03400725005654,0.192758102520962,0.155914916286779,0.0143147528897106,1.01087953670869,3.94972466792609,0.677289289594821,0.395214964369042,0.606527722025213,0.252719884177172,0.225988793599339,0.46917966991562,-0.000273697088194896,-6.31845759216416e-07,0.98447562504114,1.00037037165133,0.984111138173801,0.516650923886371,0.0523762230255746,0.430972853088055,1.06247727680766,1.06103901933333,0.790930609269417,0.223855387053702,-0.0147859963231186,-4.2451689218171e-05,0.965571111871347,0.0197963100292335,0.984462952408458,-0.00014771972296093,0.67,0.1,1.035,0.5,0.6,0.25,0.4,0.005,0.975,0.8,0.1,1.31092243966214,0.908117353950206,0.524368975864857,0.273306322273772,0.301780000921996,0.447262747850103,-1.28616918728918,1.97402216185998,8.36122966341875
193,-0.00461013427931044,0.834389252098578,0.101376423817416,-0.00472471523671336,-0.00472471523651286,-0.00445884940205976,0.0100844015854454,0.00539107667794947,0.00471887940433073,15.5451787633679,24.6712579312308,2.72422402627524,3.27440447868679,0.361451413931196,4.5547175012914,3.60457993336907,1.01748442699748,-0.0673468590751393,19.1165279807908,28.9110005992079,3.03263924000355,0.192778745029108,0.155861421218334,0.0143106588722542,1.01070199803655,3.94856632872199,0.677170338684491,0.39511758606421,0.606421198821932,0.252675499509139,0.226009460975317,0.469162679758923,-0.000270026252517855,-6.74185172650971e-07,0.984485701014079,1.00036681504929,0.984124709260342,0.516591451352606,0.0523701939127756,0.431038354734619,1.06247606826296,1.06103771315034,0.791394841138682,0.223391335842653,-0.0147861769813354,-4.1238471318086e-05,0.965571111871347,0.0197963100292335,0.984473397085706,-0.00014771972296093,0.67,0.1,1.035,0.5,0.6,0.25,0.4,0.005,0.975,0.8,0.1,1.31084309837385,0.90818901189809,0.524337239349538,0.273259612062715,0.301711189393935,0.447242670893633,-1.28597688958929,1.96961142956077,8.36255032475783
194,-0.00461356676488887,0.834605430878075,0.1013764238174,-0.00472471523667395,-0.00472471523651685,-0.00446685309869232,0.0100859248618942,0.00539192718315293,0.00471963532834157,15.5431916462855,24.6608567416827,2.72304985646121,3.27289521717723,0.361284773833999,4.55349333314456,3.60566799722123,1.01515489859786,-0.0673295626745296,19.1156289594482,28.8968075920402,3.03131175368354,0.192798797328223,0.155809482493058,0.0143066860628611,1.01052971387532,3.94744196337881,0.677054908296466,0.39502309363716,0.606317828325194,0.252632428468831,0.226029481386755,0.469146160385814,-0.000266458559440557,-7.15493134070848e-07,0.984495491322033,1.00036336540129,0.984137889662834,0.516533766871125,0.0523643460663251,0.43110188706255,1.0624748947138,1.0610364448374,0.791846552398173,0.222939801231359,-0.0147863536295325,-4.00586216760934e-05,0.965571111871347,0.0197963100292335,0.98448354587777,-0.00014771972296093,0.67,0.1,1.035,0.5,0.6,0.25,0.4,0.005,0.975,0.8,0.1,1.31076601709447,0.908258453706989,0.524306406837787,0.273214260037549,0.301644330896052,0.447223273927004,-1.28579019375606,1.96532146339068,8.36384183281961
195,-0.00461689605217903,0.834815157762365,0.101376423817387,-0.0047247152366432,-0.00472471523652007,-0.00447461383918646,0.0100874042361311,0.00539275318153452,0.0047203694721101,15.5412592849983,24.650763398027,2.72191044485193,3.27143094591412,0.361123097010485,4.55230511531005,3.60672788269641,1.01289001196499,-0.0673127793513494,19.1147565682137,28.8830306161616,3.03002359339758,0.192818276337946,0.155759055361108,0.0143028308865127,1.01036252960401,3.94635058871118,0.676942894834687,0.394931401715033,0.606217517762406,0.252590632401002,0.226048875819012,0.469130099729115,-0.000262991163533998,-7.55788331231293e-07,0.984505003681237,1.00036001946756,0.984150690273726,0.516477816303743,0.0523586739978868,0.43116350969837,1.06247375517023,1.0610352133205,0.792286059773131,0.222500466535077,-0.0147865263082083,-3.89113092615002e-05,0.965571111871347,0.0197963100292335,0.984493406774868,-0.00014771972296093,0.67,0.1,1.035,0.5,0.6,0.25,0.4,0.005,0.975,0.8,0.1,1.31069113418915,0.908325749761181,0.524276453675659,0.273170227479212,0.301579371744992,0.447204533780784,-1.28560893948663,1.96114911423282,8.3651046565132
196,-0.0046201252657921,0.835018625309441,0.101376423817377,-0.00472471523661899,-0.00472471523652263,-0.00448213911775808,0.0100888409381337,0.00539355535936754,0.00472108244548265,15.5393802836363,24.6409688144879,2.72080476520696,3.27001032184219,0.360966235483508,4.55115180483064,3.60776026313394,1.01068803561444,-0.0672964939177319,19.1139100807095,28.8696575565359,3.02877359664551,0.19283719847273,0.155710096335275,0.0142990898727676,1.01020029508843,3.94529124907176,0.676834197709251,0.394842427442606,0.606120177053061,0.252550073772109,0.226067664533439,0.469114485965383,-0.00025962129418055,-7.95089696278484e-07,0.984514245624078,1.00035677410788,0.984163121704325,0.516423547173875,0.052353172387572,0.431223280438554,1.06247264866889,1.06103401755471,0.792713672899801,0.222073022161781,-0.0147866950615827,-3.77957173569649e-05,0.965571111871347,0.0197963100292335,0.984502987576634,-0.00014771972296093,0.67,0.1,1.035,0.5,0.6,0.25,0.4,0.005,0.975,0.8,0.1,1.31061838952391,0.908390968097039,0.524247355809566,0.273127476725021,0.301516259642687,0.447186428053268,-1.28543297089113,1.9570913083755,8.3663392650435
197,-0.00462325743443912,0.835216020330365,0.10137642381737,-0.00472471523660012,-0.00472471523652462,-0.00448943619039743,0.0100902361655181,0.00539433438488623,0.00472177484227924,15.537553274722,24.6314641716896,2.71973182140012,3.26863204206885,0.360814045691682,4.55003238812883,3.60876579770275,1.00854728205952,-0.0672806916334388,19.1130887849888,28.8566766472371,3.02756063511114,0.192855579659008,0.155662563156612,0.0142954596527706,1.01004286455593,3.94426301564926,0.67672871925247,0.394756090408766,0.606025718733556,0.252510716138982,0.226085867094925,0.469099307514941,-0.000256346253990787,-8.33416348692032e-07,0.984523224501741,1.00035362627839,0.984175194290502,0.516370908614221,0.0523478360786355,0.431281255307144,1.06247157427248,1.06103285652345,0.793129694442677,0.221657165494481,-0.0147868599371582,-3.67110438641282e-05,0.965571111871347,0.0197963100292335,0.984512295894891,-0.00014771972296093,0.67,0.1,1.035,0.5,0.6,0.25,0.4,0.005,0.975,0.8,0.1,1.31054772444211,0.908454174488368,0.524219089776843,0.273085971143036,0.301454943645764,0.447168935087761,-1.28526213638271,1.9531450460022,8.36754612748635
198,-0.00462629549395048,0.835407524060791,0.101376423817364,-0.00472471523658524,-0.00472471523652607,-0.00449651208285873,0.0100915910842566,0.00539509090868513,0.00472244724064827,15.5357769191101,24.6222409090033,2.71869064655276,3.2672948426652,0.360666388358098,4.54894588024535,3.60974513165697,1.00646610678121,-0.0672653581928276,19.1122919837204,28.844076461615,3.02638361367437,0.192873435351644,0.15561641476092,0.0142919369563408,1.00989009647313,3.94326498577871,0.676626364636998,0.39467231257501,0.605934057883879,0.252472524118283,0.226103502398259,0.469084553041409,-0.000253163417231159,-8.70787549896929e-07,0.984531947486966,1.00035057302858,0.984186918098399,0.516319851316174,0.0523426600723466,0.43133748861148,1.06247053106905,1.06103172923784,0.793534420211796,0.221252600773521,-0.0147870209853167,-3.56565015157269e-05,0.965571111871347,0.0197963100292335,0.984521339156511,-0.00014771972296093,0.67,0.1,1.035,0.5,0.6,0.25,0.4,0.005,0.975,0.8,0.1,1.31047908174009,0.908515432528199,0.524191632696036,0.273045675106823,0.301395374135299,0.447152033950315,-1.2850962885695,1.94930739969727,8.36872571238154
199,-0.00462924229019598,0.835593312327361,0.101376423817359,-0.0047247152365737,-0.00472471523652729,-0.00450337359835651,0.0100929068293889,0.00539582556411436,0.00472310020341742,15.5340499058804,24.6132907171001,2.71768030219065,3.26599749750223,0.360523128362867,4.54789132409218,3.61069889658549,1.00444290721888,-0.0672504797121844,19.1115189943222,28.8318459027221,3.02524146945047,0.19289078054965,0.155571611246075,0.0142885186091379,1.00974185342689,3.94229628226425,0.676527041796014,0.39459101820597,0.605845112056131,0.252435463356721,0.226120588693345,0.469070211450819,-0.000250070228200304,-9.07222597404145e-07,0.984540421576893,1.00034761149835,0.984198302930135,0.516270327480886,0.052337639523029,0.431392032996085,1.06246951817142,1.06103063473597,0.793928139279972,0.220859038978977,-0.0147871782589496,-3.4631318071326e-05,0.965571111871347,0.0197963100292335,0.984530124606384,-0.00014771972296093,0.67,0.1,1.035,0.5,0.6,0.25,0.4,0.005,0.975,0.8,0.1,1.31041240564239,0.908574803707239,0.524164962256957,0.273006553970606,0.301337502786919,0.447135704407877,-1.28493528414849,1.94557551296819,8.36987848734392
200,-0.00463210058190876,0.835773555709138,0.101376423817355,-0.00472471523656459,-0.00472471523652829,-0.00451002732498251,0.0100941845057253,0.00539653896767108,0.00472373427844138,15.532370952187,24.6046055307052,2.71669987742352,3.26473881712115,0.360384134619365,4.54686778972005,3.61162771065584,1.00247612178162,-0.0672360427174123,19.1107691490447,28.8199741939931,3.02413317085538,0.192907629811259,0.15552811384018,0.0142852015299056,1.00959800200808,3.94135605271484,0.676430661345417,0.394512133801939,0.605758801204851,0.252399500502021,0.226137143609337,0.469056271890322,-0.000247064199645788,-9.42740811460921e-07,0.984548653595979,1.00034473891518,0.984209358329477,0.516222290771949,0.052332769733263,0.431444939494788,1.06246853471662,1.06102957208229,0.794311134099837,0.220476197713281,-0.0147873318131178,-3.36347364090733e-05,0.965571111871347,0.0197963100292335,0.984538659310448,-0.00014771972296093,0.67,0.1,1.035,0.5,0.6,0.25,0.4,0.005,0.975,0.8,0.1,1.31034764177637,0.90863234748911,0.524139056710546,0.272968574044837,0.301281282541299,0.447119926906894,-1.28477898380136,1.94194659878507,8.37100491869245
