Time,n_MM,psi_o_MM,psi_y_MM,n_y_MM,n_m_MM,n_o_MM,mu_o_MM,mu_m_MM,mu_y_MM,s_o_MM,s_m_MM,s_y_MM,h_m_MM,h_y_MM,a_MM,a_o_MM,a_m_MM,a_y_MM,z_o_MM,z_m_MM,z_y_MM,c_o_MM,c_m_MM,c_y_MM,y_MM,k_MM,w_MM,inv_MM,b_MM,gov_MM,e_MM,t_MM,f_MM,nx_MM,tilde_R_MM,g_MM,q_MM,tilde_s_m_MM,tilde_s_y_MM,tilde_s_o_MM,Omega_m_MM,Omega_y_MM,eta_o_MM,eta_m_MM,eta_y_MM,walras_MM,gamma_MM,phi_MM,R_star,fy_target_MM,alpha,delta,beta,sigma,b_y,g_y,repl,x,omega,nu,Lambda_MM,w_indiv_MM,t_indiv_MM,e_indiv_MM,c_y_indiv_MM,c_m_indiv_MM,c_o_indiv_MM,a_y_indiv_MM,a_m_indiv_MM,a_o_indiv_MM
0,0.010574708476305,0.239211285055436,0.177873542381526,0.010574708476305,0.010574708476305,0.010574708476305,0.125053428974222,0.0628125404842528,0.056381676436448,0.423227048966509,0.916760309725282,0.127298098156959,2.54351508168653,0.353183519287899,2.52774724781168,0.699135513928982,1.96065291695576,-0.132041183073058,1.21096150042655,5.44524589185721,0.369259928162399,0.151434887984108,0.342029728028992,0.0208194937905984,0.980148163311586,1.93965834982473,0.656699269418763,0.220827012679991,0.588088897986952,0.245037040827897,0.0628359504530514,0.338987124879401,2.22044604925031e-16,-1.17477570586727e-17,1.06936158784905,1.01562758201869,1.05290719431188,0.705674057500615,0.125520744374379,0.168805198125006,1.04711336662327,1.03615477157662,0.276584422961685,0.775652280366691,-0.052236703328376,1.50525635136817e-16,0.906064588921509,0.0374556693326375,1.06936158784905,2.26541877275797e-16,0.67,0.1,1.025,0.35,0.6,0.25,0.4,0.005,0.975,0.8,0.1,0.930598570882267,0.480373511363078,0.372239428352907,0.165864964348061,0.484685138122275,0.8970984878793,-1.05194710030743,2.77841150048803,4.14167052729767
1,0.010853141779287,0.239505321306997,0.177969941004101,0.0111223897593218,0.010574708476305,0.0118168973602186,0.123693932331264,0.062364326679407,0.0560178430312769,0.427924250461997,0.926749387834615,0.128952745222144,2.55578532981119,0.355497784398635,2.52899827475393,0.700070554948207,1.96102796278245,-0.13210024297673,1.21544171158564,5.46695843558622,0.373259477606661,0.150342764933095,0.340943182528371,0.0209091909626133,0.979878187506751,1.94037539005913,0.656518385629523,0.222017494472504,0.587926912504051,0.244969546876688,0.06289585875766,0.33897095825911,0.00069597219074928,0.000695972190749046,1.06936156923334,1.01590740748818,1.05261715915363,0.705479683906136,0.125554177724367,0.168966138369498,1.04669637115623,1.03590517366799,0.276817331960444,0.775416884367439,-0.0522342163278829,3.55427310464112e-08,0.907306777805423,0.0375530873425437,1.06936158784905,-1.86157147606123e-07,0.67,0.1,1.025,0.35,0.6,0.25,0.4,0.005,0.975,0.8,0.1,0.930598570882267,0.480482947974176,0.372239428352907,0.166535206885079,0.483278527087583,0.889780439938346,-1.05213737504406,2.77970862594446,4.1432594820702
2,0.0109690016315083,0.240010564124261,0.177990698011931,0.0107118558991979,0.0105939882008201,0.0127258629788918,0.122496279051401,0.0619375583205859,0.055661069054203,0.432726235263867,0.93720337876248,0.130661836740952,2.56784556291912,0.357697435811221,2.53138129091983,0.701736169407113,1.96184689410173,-0.132201772589008,1.221013886252,5.48928149807592,0.377150076487417,0.149569657866737,0.339992693329076,0.0209925765242515,0.979717079059704,1.9423796143147,0.656410442970002,0.223583488781878,0.587830247435822,0.244929269764926,0.0630181762857144,0.338803411933525,0.00117142916930371,0.000439044939032858,1.06918042523639,1.01602384663967,1.05231823915603,0.705217990069712,0.125522242303079,0.169259767627209,1.04638128153991,1.03573198582166,0.277214725385274,0.775010426575374,-0.052225151960648,0.000210347853802143,0.908344048564192,0.0375003765632448,1.06925150080918,-7.44444876474297e-07,0.67,0.1,1.025,0.35,0.6,0.25,0.4,0.005,0.975,0.8,0.1,0.930790836610839,0.480423665737786,0.372316334644336,0.167241885892733,0.482110068257714,0.883669285167407,-1.05321391781546,2.78190137195422,4.1459123998839
3,0.0109620488228521,0.240656048704053,0.177855825626742,0.00983235923813774,0.0105981396023862,0.0133160429490999,0.121502370802724,0.0615560576383974,0.0553340151135405,0.437356102071279,0.947387155459898,0.132233927592968,2.57902901510064,0.359497955315475,2.53479600159481,0.703969724285751,1.96314902364602,-0.132322746336955,1.22724490589428,5.51103255159755,0.380461604741294,0.149113165584989,0.339237437259174,0.0210524681698057,0.979816754268748,1.94544688541166,0.656477225360061,0.224863572956986,0.587890052561249,0.244954188567187,0.063194086047741,0.338707145491884,0.0014590636219032,0.000226617500254642,1.0689387547272,1.01601685906697,1.05208761566106,0.704964137485113,0.125381978709659,0.169653883805228,1.04616544500401,1.03562852365193,0.277722437571697,0.774480085332104,-0.0522025229038012,0.000369304230353187,0.909153961203995,0.0373482080862865,1.06905841861143,-1.67431222379244e-06,0.67,0.1,1.025,0.35,0.6,0.25,0.4,0.005,0.975,0.8,0.1,0.93122073940098,0.480460107800926,0.372488295760392,0.167906651230604,0.481212332969686,0.878925741282637,-1.05535697951752,2.78475020112278,4.14944655846457
4,0.0108684409243029,0.241378246447015,0.177550906018483,0.00883862157384163,0.0105711651253484,0.0136038427517198,0.120746402228248,0.0612408648812951,0.0550569555528836,0.441531381631262,0.956543364806331,0.133521462936153,2.58872627373091,0.360739654311618,2.53897666707598,0.706583117226626,1.96482843729087,-0.132434887441508,1.23366946503343,5.53085821552503,0.382907977425741,0.148961149063655,0.338714540371908,0.021081747619479,0.98016386372685,1.94929928185804,0.656709788696989,0.225839363498971,0.58809831823611,0.245040965931712,0.0634061828881075,0.338755388022006,0.00157906698183469,4.42655209601658e-05,1.06865783525473,1.01592278312892,1.0519085239563,0.704756821905043,0.125130212251947,0.17011296584301,1.04604427052345,1.03558721713383,0.278294450854745,0.773866283486855,-0.0521607343416005,0.000481831720164154,0.909721143211748,0.0371431654627662,1.06880693336445,-2.97484152275297e-06,0.67,0.1,1.025,0.35,0.6,0.25,0.4,0.005,0.975,0.8,0.1,0.931824663891615,0.480669895619186,0.372729865556646,0.168478477260403,0.480611935697652,0.875660172788502,-1.05837659073776,2.78795234926524,4.15361118257558
5,0.0107126042348007,0.242118760930935,0.177094628096754,0.00791332886593499,0.0105101812036965,0.0136102842011478,0.120250745715379,0.0610069645683218,0.0548444704522423,0.44500488727619,0.964068992788171,0.134431195740497,2.5964681360775,0.361351088628501,2.54361367581682,0.709377353720421,1.96674927056719,-0.132512948470792,1.23983657827426,5.54757552452242,0.384348739541512,0.14909127241556,0.338440743841005,0.0210794036433055,0.980722227396235,1.95363056701081,0.657083892355477,0.22649157555223,0.588433336437741,0.245180556849059,0.0636369351379135,0.338932273604035,0.00154977236826424,-0.000111053516811985,1.06835920399227,1.01576616725597,1.0517767163661,0.704615674944489,0.124783650905437,0.170600674150074,1.04601293835941,1.03560177734684,0.278885650198181,0.77321068413316,-0.0520963343313414,0.000549728611888101,0.910038399128697,0.0369151999134656,1.06852064036456,-4.64474930795267e-06,0.67,0.1,1.025,0.35,0.6,0.25,0.4,0.005,0.975,0.8,0.1,0.932542257745322,0.481017220672442,0.373016903098129,0.168927607826443,0.480319635051644,0.873919597084402,-1.06194158857567,2.79123689764939,4.15811577096347
6,0.0105078894247479,0.242824121940486,0.176514223796303,0.0071074107756266,0.0104189256193508,0.013362564149072,0.120024241672038,0.0608622877977391,0.0547045248357675,0.447588795885015,0.969591700055389,0.1349196817662,2.60193104151849,0.361315838161921,2.54840182447338,0.712159216080023,1.9687808295537,-0.132538221160341,1.2453506909795,5.56036686985007,0.384744568594018,0.149472271530688,0.338416650191523,0.0210472698262382,0.981448519842512,1.95813950049179,0.657570508294483,0.226812185717534,0.588869111905507,0.245362129960628,0.0638695925162268,0.33921715682546,0.00139321207608078,-0.000236681433293505,1.0680635332591,1.01556042887187,1.05169865120242,0.704553641493349,0.124363739151057,0.171082619355594,1.04606637306252,1.03566726384855,0.279453267285379,0.772555101211348,-0.0520083684967268,0.000574694049193638,0.910107451228965,0.0366776098873912,1.06822209922843,-6.68238758201794e-06,0.67,0.1,1.025,0.35,0.6,0.25,0.4,0.005,0.975,0.8,0.1,0.933315037447991,0.481463918214185,0.373326014979196,0.169239602877116,0.480327728452622,0.873684726675893,-1.06573042966611,2.79436612573705,4.16266257064842
7,0.010260271525641,0.243447627787879,0.175830908335098,0.00639179702907633,0.0103028447592606,0.0128970257916536,0.120058938584999,0.0608067735833661,0.0546377898382173,0.449181796095796,0.973015785853267,0.134988661652031,2.60501352835014,0.360654255665279,2.55308232140128,0.714757586101485,1.97082375926123,-0.132499023961435,1.24991333285069,5.56892779397492,0.384132019139551,0.150063267450389,0.338628533824621,0.0209881257836762,0.982302616594562,1.96256228746137,0.658142753118356,0.226813776846067,0.589381569956737,0.24557565414864,0.0640893167969791,0.339588939804007,0.00113846398317682,-0.000326757978744323,1.06778920476067,1.01531157288327,1.05168623433335,0.704583331987593,0.123887527261148,0.171529140751259,1.04619786717065,1.03577900276548,0.279958691583857,0.771938978485492,-0.0518976700693489,0.00056001651991306,0.909941850662359,0.0364310878505116,1.06793196601123,-9.08574544197933e-06,0.67,0.1,1.025,0.35,0.6,0.25,0.4,0.005,0.975,0.8,0.1,0.934087883205767,0.481971293368585,0.373635153282307,0.169412742732643,0.480608209776078,0.874855822125297,-1.06951060280777,2.79714786000066,4.16697467830252
8,0.00997164061495977,0.243952608452026,0.175052598445924,0.005694713389087,0.0101661816670195,0.0122615579660308,0.120326780498096,0.0608315099903142,0.0546370460759011,0.449793188903255,0.974549592984084,0.134681931060693,2.60589472270719,0.359415909835175,2.55747805502396,0.717039472766265,1.97282828549748,-0.132389703239786,1.25336112574996,5.57356990781389,0.382612981994628,0.15081290870176,0.339048676084564,0.0209048443385473,0.98325380572319,1.96670281794024,0.658780049834537,0.226536663063672,0.589952283433914,0.245813451430797,0.0642844446213165,0.340028680375115,0.00082295364980027,-0.000374427779134138,1.0675505862403,1.01502149881803,1.05175169933192,0.704719049048505,0.123362900710281,0.171918050241214,1.0463976890003,1.03593152266299,0.280369746056846,0.77139597799322,-0.0517657240500658,0.000511689882982913,0.909570066464692,0.0361674882949308,1.06766760045079,-1.185245106379e-05,0.67,0.1,1.025,0.35,0.6,0.25,0.4,0.005,0.975,0.8,0.1,0.934812320915699,0.482502467946926,0.37392492836628,0.169458112756626,0.481111836755853,0.877237198131076,-1.0731727486751,2.79945360943648,4.17082134051778
9,0.00964422973730842,0.244319033608416,0.174171557511962,0.00492712978535659,0.0100105196891849,0.0115275900127214,0.120765106560375,0.0609140962605307,0.0546834778468197,0.449604476756232,0.974813404157528,0.134098372416139,2.60518346470217,0.357697756776683,2.56153477723167,0.718934051483397,1.97481035071253,-0.132209624964263,1.25573972117506,5.57548474857767,0.380387411896798,0.151649541088015,0.339625616939679,0.0208009076682383,0.984282343726637,1.97046694932133,0.659469170296847,0.226063968299166,0.590569406235982,0.246070585931659,0.0644483481525878,0.340521082362603,0.000498421674352935,-0.00036724431269466,1.06735627487545,1.01469245088599,1.05190126717063,0.70497471485529,0.122786544092897,0.172238741051813,1.04664851230675,1.03611570891325,0.280665348722744,0.770948092626165,-0.0516134413489089,0.00043896811257426,0.909048669378773,0.0358730265609918,1.06744143354297,-1.49797740430296e-05,0.67,0.1,1.025,0.35,0.6,0.25,0.4,0.005,0.975,0.8,0.1,0.935450813200039,0.48302595140948,0.374180325280016,0.169407061839781,0.481755742132388,0.880461272312689,-1.07674359548907,2.80124990173286,4.17405542500526
10,0.00928597473829198,0.244553329598292,0.173167025720249,0.00401010756946008,0.00983431150239222,0.010802717959024,0.121260145698584,0.0610135593938809,0.0547426704105351,0.449034907400335,0.974938060644232,0.133406350123861,2.60406948216771,0.355671284771294,2.56536478560165,0.72046408681087,1.97686328363277,-0.131962584841989,1.25738813373833,5.57699359404829,0.377796648461798,0.152471068263487,0.340272231801535,0.0206815984086323,0.985377489756705,1.97390278906172,0.660202918136992,0.225540766586853,0.591226493854023,0.246344372439176,0.064581928736364,0.341053453939037,0.000235502685910761,-0.000288899901900664,1.06720587255773,1.01433240461198,1.05212637169565,0.705357721816242,0.12214469875573,0.172497579428028,1.04692011084212,1.03631545237959,0.280842744418512,0.770597341455511,-0.0514400858740234,0.000356352158921873,0.908477493310056,0.0355327581835557,1.06725834332918,-1.84646280894838e-05,0.67,0.1,1.025,0.35,0.6,0.25,0.4,0.005,0.975,0.8,0.1,0.935983115683515,0.483518423901067,0.374393246273406,0.169320474972003,0.482410869374705,0.883902653991174,-1.08037914200348,2.80263931688803,4.17666200998185
11,0.00891340424209582,0.244697220950451,0.172012114002334,0.0028998053403364,0.00963340514404987,0.0102274576400443,0.121646649053851,0.0610708597676267,0.0547652296769961,0.448745228858791,0.976516673865963,0.132837240156757,2.60430724070082,0.353587946031259,2.56927300701935,0.721771518035537,1.97915776781044,-0.131656278826625,1.25897039415277,5.58148187197906,0.375323591283055,0.153149529728044,0.340865898461626,0.0205546839216641,0.986535709685251,1.97723386878385,0.660978925489118,0.225176524688851,0.591921425811151,0.246633927421313,0.0646958824696012,0.341613216629324,0.000117712424350094,-0.000130129833693667,1.06708605970887,1.01395797126331,1.05239673630591,0.705861093258997,0.121416658843479,0.172722247897524,1.04716878792769,1.03650701410688,0.280924415606238,0.770318203806866,-0.0512426194131046,0.000285275297447113,0.908000266372334,0.0351355558100036,1.06711218639549,-2.23035740729405e-05,0.67,0.1,1.025,0.35,0.6,0.25,0.4,0.005,0.975,0.8,0.1,0.936415013947496,0.483966632942012,0.374566005578998,0.169290475602377,0.482907900317654,0.886680966651772,-1.0843345557412,2.80389128500137,4.17879877561438
12,0.00854727950031337,0.244827784930045,0.170681345358392,0.0015931990072886,0.00940242280046677,0.00994101329536634,0.121741771457471,0.0610205820908161,0.0546964590829522,0.449519509071059,0.981309347350846,0.132641050465631,2.60788180786957,0.351732033223519,2.5737365759151,0.723114268515819,1.9819232452335,-0.13130093783422,1.26138618585292,5.59277434950557,0.373501349189068,0.153563388761734,0.341274347978241,0.0204292033341375,0.987763773805561,1.98085981149283,0.661801728449726,0.225208656692119,0.592658264283337,0.24694094345139,0.0648109804956887,0.342187329523134,0.000218500138937509,9.4588647854321e-05,1.06696851169585,1.01359001589781,1.05266280740814,0.706459590123753,0.12057947328366,0.172960936592586,1.04734723757889,1.03666458553033,0.280958927671319,0.770056758681049,-0.0510156863523685,0.000252644940085514,0.907773935537412,0.0346764723297369,1.06698309181215,-2.64928234171954e-05,0.67,0.1,1.025,0.35,0.6,0.25,0.4,0.005,0.975,0.8,0.1,0.936786389061256,0.484369289209015,0.374714555624502,0.169425216231276,0.483076955496434,0.887850122617317,-1.08891616672879,2.80543044915891,4.18079528685216
13,0.00820418282506561,0.245044729157131,0.169156969585405,0.000123550798426075,0.0091362690716783,0.010030474310601,0.121401454951836,0.0608099118721336,0.0544919395811749,0.452068530593936,0.990807572887607,0.133021007940252,2.61647590564255,0.350339584764012,2.5793259534458,0.724823055013849,1.98540967713145,-0.130906778699499,1.26557966390805,5.61417012914444,0.372766592767788,0.153643212244141,0.341397191631934,0.0203127787630237,0.989084334151196,1.98530345023407,0.662686503881301,0.225834149254847,0.593450600490718,0.247271083537799,0.0649551339438719,0.342766285732202,0.000571902721014247,0.000341851009880949,1.06681301921036,1.01324520373919,1.0528675736865,0.707112713051588,0.119613043695121,0.173274243253291,1.04742063402375,1.0367693804473,0.281012585451494,0.769739735590509,-0.0507523210420031,0.000284067709570118,0.907917881137635,0.0341573568881738,1.06683823954132,-3.10282418389201e-05,0.67,0.1,1.025,0.35,0.6,0.25,0.4,0.005,0.975,0.8,0.1,0.937172379522689,0.484740663554149,0.374868951809076,0.169820766494317,0.482804488351813,0.886705429263059,-1.09441892502262,2.80776973809917,4.18309750719447
14,0.0078905013200933,0.245449659834757,0.16743307528609,-0.00144969998762867,0.00883139391708099,0.0104984641754557,0.120563338329893,0.0604132114925987,0.0541295405043955,0.45687245425002,1.00591480306502,0.134087619677607,2.63105562606843,0.349537122412229,2.58659383290865,0.727234184438409,1.989840892832,-0.13048124436176,1.27234703493235,5.64769795611027,0.373352929095799,0.153398404271118,0.341195568810913,0.0202094313677231,0.990536698187163,1.99111437871785,0.663659587785399,0.22714926103078,0.594322018912298,0.247634174546791,0.0651580080272006,0.343350653119309,0.00115743527850148,0.000555243871273956,1.06657599606457,1.01292995382669,1.05296125564775,0.707772821581309,0.118504580121272,0.173722598297419,1.04737801040556,1.03681590793877,0.28115515274856,0.769290047824016,-0.050445200572576,0.000394614288563199,0.908476273834976,0.0335861670603658,1.06663738917815,-3.59053534276998e-05,0.67,0.1,1.025,0.35,0.6,0.25,0.4,0.005,0.975,0.8,0.1,0.937673173579409,0.485114209884739,0.375069269431764,0.170537133223388,0.482069328472677,0.883007770862921,-1.10106499030022,2.81141184311979,4.18618067865506
15,0.00760037571209953,0.246122955126546,0.165518164834311,-0.00304731607528397,0.00848661505721804,0.0112530042638976,0.119270767411541,0.0598411332463924,0.053617160464522,0.464059175430455,1.02669356205539,0.135824979308051,2.65158245276071,0.349302058118109,2.59595385559659,0.730614054731608,1.99536632607034,-0.130026525205358,1.28215192506189,5.69355051271198,0.375218692934326,0.152923237419749,0.340708506549728,0.0201181807135239,0.992170982398788,1.99875270626654,0.664754558207188,0.229115113516273,0.595302589439273,0.248042745599697,0.0654445425199179,0.343954223482995,0.00189855989078567,0.000679880957194659,1.06622035895888,1.01263837759066,1.05291324381336,0.708395346281588,0.117252297693695,0.174352356024717,1.04723733958888,1.03681456381843,0.28144339038097,0.768644759518775,-0.0500881498997449,0.000583317642622899,0.909399125074044,0.0329763935553646,1.06634124707288,-4.11193450632175e-05,0.67,0.1,1.025,0.35,0.6,0.25,0.4,0.005,0.975,0.8,0.1,0.938394869046681,0.485539925252803,0.375357947618672,0.171580268440281,0.480958137766049,0.87709303680456,-1.10894650052005,2.81674115526612,4.19044555169666
16,0.00732120742446616,0.247108754955601,0.1634367394834,-0.00457347990533019,0.00810363296686223,0.0121414050167625,0.117650485402354,0.0591348789528762,0.0529884512702458,0.473413348561204,1.0523918413212,0.138102196708414,2.67710284800449,0.349487849210965,2.6075975509878,0.735108649192151,2.00202785456982,-0.129538952774167,1.29505594287262,5.75015780504286,0.378085290818126,0.152363941215291,0.340034874793285,0.0200341976729141,0.994033229762574,2.00849145916207,0.666002263940925,0.23157285220341,0.596419937857545,0.248508307440644,0.0658299960960216,0.34460265029499,0.00268615396818586,0.000687510474835537,1.06572479837866,1.01235781346159,1.05271553615474,0.708945584486601,0.115867754799643,0.175186660713755,1.04703691804271,1.03678641376623,0.281910315849352,0.767767194312527,-0.0496775101618793,0.000831545962194703,0.910566157851596,0.0323466389660253,1.06592062699457,-4.66650711652216e-05,0.67,0.1,1.025,0.35,0.6,0.25,0.4,0.005,0.975,0.8,0.1,0.939426492688047,0.486077715745338,0.375770597075219,0.172905720901875,0.479634660591799,0.869723417265455,-1.11798966846439,2.82395137000484,4.19614510715103
17,0.00704253828580259,0.248415235588586,0.161227664118734,-0.00593295132466154,0.00768734789667991,0.0130150587840052,0.115849983980882,0.0583458511451209,0.0522862660764473,0.484538806258313,1.08182701455991,0.140738281039774,2.70625694071835,0.349916375421442,2.62149272749792,0.740743606299284,2.0097603777014,-0.129011256502768,1.31082240070515,5.81503495554216,0.38159560953248,0.151858754123123,0.339283163919244,0.0199522095740319,0.996146961002999,2.02038471070424,0.667418463872009,0.234314113360846,0.597688176601799,0.24903674025075,0.0663187659755749,0.345325922515261,0.00341984019187918,0.000592993681657213,1.06508729295049,1.01207775097723,1.05237694625939,0.709399522536968,0.11437482794558,0.176225649517451,1.04681681819616,1.03675281480676,0.282565577439635,0.766647321436424,-0.0492128988760591,0.00110898609334689,0.911845029399608,0.0317176856766636,1.06536239533822,-5.2537058771593e-05,0.67,0.1,1.025,0.35,0.6,0.25,0.4,0.005,0.975,0.8,0.1,0.940821698730745,0.486786234758518,0.376328679492298,0.174445810607253,0.478268103008998,0.86172900788818,-1.12796896677433,2.83304444653989,4.20338133709605
18,0.00675705892678518,0.250023157216418,0.158936121925602,-0.00707053166757488,0.00724553282374663,0.0137651485507266,0.113996866669599,0.0575212867890649,0.0515506314587587,0.496998457387771,1.11378591892136,0.143562160657726,2.7376539680115,0.350423174584792,2.63743252555958,0.747452141070506,2.01841628440537,-0.128435899916294,1.32905218172538,5.88554762869627,0.385417975331214,0.151507784355873,0.338544273059566,0.0198685400049892,0.998507525630779,2.03429986869269,0.669000042172622,0.237143618447069,0.599104515378467,0.249626881407695,0.0669062010887663,0.346147226471097,0.0040281414884239,0.00043075170423109,1.06432050695968,1.01179084422142,1.05191751144841,0.709743719924216,0.112803914405806,0.177452365669978,1.04660808204911,1.03672954455498,0.283401426890277,0.765295894717495,-0.0486973216077721,0.00138567665135587,0.913127198785826,0.0311055675189061,1.06466907778111,-5.8729512939498e-05,0.67,0.1,1.025,0.35,0.6,0.25,0.4,0.005,0.975,0.8,0.1,0.942593817165519,0.487707346685726,0.377037526866208,0.176133426837594,0.476995094927666,0.853794108542028,-1.13857662291978,2.84386635308431,4.21212835483187
19,0.00645785486038207,0.251895295641479,0.156603043753883,-0.00799175265496266,0.00678722438512036,0.0143259062800944,0.112186866508785,0.0566983301697236,0.0508133229098925,0.510367950082762,1.14715437988257,0.146427088618049,2.77007436928656,0.350882018671019,2.65510848308665,0.755109502136207,2.02780621066116,-0.127807229710709,1.34926588393801,5.95926355722172,0.389282621110314,0.151369911603133,0.337880292732758,0.0197807435319552,1.00108936301438,2.04998077899408,0.670729873219632,0.239908884136708,0.600653617808625,0.250272340753594,0.0675814798840923,0.347078177878309,0.00447408628395014,0.000239036240407273,1.06344610567214,1.01149014413468,1.05136576153385,0.709975987922909,0.111184400700898,0.178839611376192,1.04643261450717,1.03672792508676,0.284398738110379,0.763737611317166,-0.048136349427545,0.00163815401582017,0.91433516830873,0.030517046210752,1.06385520643514,-6.52363224642969e-05,0.67,0.1,1.025,0.35,0.6,0.25,0.4,0.005,0.975,0.8,0.1,0.944721912612714,0.488859037181966,0.377888765045085,0.177909341663569,0.475903831228509,0.846400360850279,-1.14950684542995,2.85616168033184,4.2222721036215
20,0.00613703507120887,0.253984973707364,0.154256426477394,-0.00875859577537264,0.00632060875077656,0.0146688635206771,0.110482927646785,0.0559026708416289,0.0500964931009661,0.524279070403756,1.18106290862373,0.1492232007969,2.80255367212399,0.35119288966676,2.67417702423643,0.763563490175612,2.03773573762726,-0.127122203566443,1.37098212751597,6.03421656828762,0.392980849307084,0.151470119193339,0.337328822598785,0.0196869624098678,1.00385760427068,2.06711340792992,0.672584594861356,0.242507396332968,0.602314562562408,0.25096440106767,0.0683305522567358,0.348120022175208,0.00474905374410199,4.78864083166631e-05,1.06248926724468,1.01116772024656,1.05075473234609,0.710105525848624,0.109538340839259,0.180356133312116,1.04630389675676,1.03675523139059,0.285532140638031,0.762004803405967,-0.0475369440439988,0.00185201625973409,0.915421277588852,0.0299489859933434,1.06294236452268,-7.20510659105653e-05,0.67,0.1,1.025,0.35,0.6,0.25,0.4,0.005,0.975,0.8,0.1,0.947161471610254,0.490237027460365,0.378864588644102,0.179726680713168,0.475040413459189,0.839839025220236,-1.16052701357771,2.86962382836274,4.23364304918992
21,0.00578594563961928,0.256242592037183,0.151907329407326,-0.00946634108268096,0.00585128529547863,0.0147920831135897,0.108920846091204,0.0551498087170172,0.0494135853846675,0.538433165341451,1.21490827026454,0.151872941044093,2.83440067272144,0.351272534968115,2.69431051405608,0.772657281507653,2.04803301608769,-0.126379783539265,1.39376164722032,6.10897702563668,0.396350806918152,0.151809697854987,0.336908914412655,0.0195851144452087,1.00677824936136,2.08537833348379,0.674541427072108,0.244881015456131,0.604066949616813,0.251694562340339,0.0691384974837671,0.349267579222468,0.00486523095547703,-0.000121836693688926,1.0614750718505,1.01081487536782,1.05011817466997,0.710151656987048,0.10787724168709,0.181971101325862,1.04622926512246,1.03681596974648,0.286773657852817,0.760132510859913,-0.0469061687127299,0.00202078154572238,0.916361063218671,0.0293910413482482,1.06195491403101,-7.91670179492758e-05,0.67,0.1,1.025,0.35,0.6,0.25,0.4,0.005,0.975,0.8,0.1,0.949855457542657,0.491821114245233,0.379942183017063,0.181550011280577,0.474418261364136,0.834251684739417,-1.17151478442361,2.88393753071965,4.24604388212186
22,0.00540024844457167,0.258621003153653,0.149555225384891,-0.0101856683655021,0.00538146588146526,0.014713288650406,0.107513816294975,0.0544470560230361,0.0487712078661686,0.552611012616977,1.24830732202605,0.154323213675388,2.86518874198681,0.351056620166887,2.71522106411703,0.7822435536612,2.05855726923546,-0.125579758779628,1.41723592396322,6.18261041722449,0.399273106754148,0.152372442762188,0.336624935745038,0.0194730316915002,1.00982040139285,2.10448096735723,0.67657966893321,0.247008793366297,0.60589224083571,0.252455100348213,0.0699910850771492,0.350511817164333,0.00484785592409039,-0.000258120272877926,1.06042601736325,1.01042724968679,1.04948279818459,0.710138390162882,0.106204906995273,0.183656702841845,1.04620980839372,1.03691099255389,0.288095714930295,0.758154574018881,-0.046250288949176,0.00214421775249196,0.91714949255685,0.0288341882018332,1.06091671472971,-8.65771559948853e-05,0.67,0.1,1.025,0.35,0.6,0.25,0.4,0.005,0.975,0.8,0.1,0.952743406504224,0.493582408752663,0.38109736260169,0.183353408448132,0.474027232449478,0.82965903451617,-1.18242896992713,2.8988114116226,4.25927037541791
23,0.00498587740963322,0.261080116454889,0.147200974212982,-0.0109079475356054,0.00491104507697804,0.0144663019485156,0.106255018322448,0.0537952262452139,0.0481708446196965,0.566682579082683,1.2810231556725,0.156542726946822,2.89473601437998,0.350518866922341,2.73665910191263,0.792191827932482,2.06918951372854,-0.124722239748395,1.44112559349034,6.25457735274692,0.401689055191399,0.153126826324736,0.336466403747226,0.0193497010706302,1.01295091450572,2.12416001269467,0.678677112718831,0.248900007676932,0.607770548703431,0.25323772862643,0.0708756398495602,0.351839377937499,0.00472854051453332,-0.000356185030044706,1.05936063901952,1.01001080679668,1.04886069722299,0.710085512492222,0.104525279213379,0.185389208294399,1.04623903491166,1.03703572537713,0.289474062508604,0.756100572511609,-0.0455746350202129,0.00222643208980934,0.917799752460472,0.0282797045248041,1.05984894144614,-9.42741671357798e-05,0.67,0.1,1.025,0.35,0.6,0.25,0.4,0.005,0.975,0.8,0.1,0.955768144510998,0.495488742901726,0.382307257804399,0.185119821886621,0.47383927404224,0.825974865168904,-1.1932256071164,2.91400046519216,4.27312805972221
24,0.00455862150400134,0.263589490932852,0.144857640509516,-0.0115497710817086,0.00444019484259628,0.0140943830810683,0.10512328313964,0.0531906575219278,0.0476105560500368,0.580598121025716,1.31290346371693,0.158523930822317,2.9230419998003,0.349685500207792,2.75840109984196,0.802390892127966,2.07981865520643,-0.123808447492428,1.46523828296989,6.32459819365637,0.403617434010364,0.154030658869114,0.336409536469485,0.0192164504726835,1.01612929628135,2.1441849042218,0.680806628508506,0.250584265623652,0.609677577768812,0.254032324070338,0.0717813890529073,0.353231166971738,0.00453861785135197,-0.000418071272589621,1.05829297690439,1.00958141461152,1.04824926606995,0.710001801044471,0.102849185656809,0.18714901329872,1.04630413436067,1.03718072286395,0.290889853608753,0.753994281441501,-0.0448841350502543,0.00227413204867027,0.91833833570578,0.0277400572874319,1.05876887440727,-0.000102250455351234,0.67,0.1,1.025,0.35,0.6,0.25,0.4,0.005,0.975,0.8,0.1,0.958880142989756,0.497507423857385,0.383552057195902,0.186841056153868,0.473815046630303,0.823037515155136,-1.20378636643324,2.92931461884582,4.28744388220322
25,0.00413965228263206,0.266129455709005,0.142553533039517,-0.0119976557770392,0.00397152810190327,0.0136458603699126,0.10408619622766,0.0526256793137681,0.0470851535799372,0.594390109584838,1.34391306116997,0.160293317572957,2.95025793188101,0.348641759610865,2.78024435428963,0.81275192571817,2.09033490360763,-0.122842475036177,1.48947626994508,6.39265092375669,0.405170098467752,0.155033919290531,0.336417597465037,0.0190774963201068,1.01930648491672,2.16435378350396,0.682935344894203,0.252104245797416,0.611583890950033,0.25482662122918,0.0726996846484544,0.354662774527239,0.0043066798356375,-0.000448140961134732,1.0572330121637,1.00916035054405,1.04763629644559,0.709882924680167,0.101196318957583,0.18892075636225,1.04638800979736,1.03733336738108,0.292331112718018,0.751852944284822,-0.0441840570028405,0.00229474577558384,0.918801411482651,0.027233575994396,1.05768967360867,-0.00011049814900777,0.67,0.1,1.025,0.35,0.6,0.25,0.4,0.005,0.975,0.8,0.1,0.962039402767569,0.499607417218875,0.384815761107028,0.188519666689687,0.473905746664646,0.820629359503828,-1.21390260339081,2.94461921949936,4.30207850830188
26,0.00375339103346624,0.268694046948662,0.140329611231361,-0.012144670691829,0.00351070660790342,0.0131811685273167,0.103090807271659,0.0520846072877738,0.0465826621386,0.608247380099811,1.3743637284231,0.161941597844599,2.9768180520082,0.347548450367782,2.80202361351166,0.823222087732477,2.10063500696548,-0.121833481186297,1.51391541978118,6.45932994863398,0.40659693466745,0.156070762746844,0.336431663703562,0.0189403676413654,1.02242474813158,2.18450426073834,0.685024581248158,0.253524713248181,0.613454848878948,0.255606187032895,0.073624810797952,0.356106078781789,0.00406450389437562,-0.000444601132360392,1.05618708193212,1.00877215798863,1.04700260962597,0.709711291357349,0.0995935096026838,0.190695199039967,1.04646774516808,1.03747748525667,0.293795556811928,0.749684976540652,-0.0434805333525804,0.0022956548910931,0.919241924059257,0.0267794408931817,1.05662055142567,-0.000119009108627503,0.67,0.1,1.025,0.35,0.6,0.25,0.4,0.005,0.975,0.8,0.1,0.965215841413518,0.501761889825259,0.386086336565407,0.19017672654499,0.474040173519184,0.818430477183296,-1.2233074391327,2.95984442201552,4.31695235054104
27,0.00342124843666741,0.271291024828405,0.138231766058187,-0.0119293234819466,0.00306592224627211,0.0127607407269186,0.102075348399559,0.0515472337378919,0.0460869787687388,0.622478219924921,1.40486481708572,0.163608358333057,3.00333033573595,0.346608989458633,2.82362441224672,0.833790960993115,2.11062994514927,-0.120796493895665,1.5387868469785,6.52570277983286,0.40823517997463,0.15707220349887,0.336381926483457,0.0188143260786051,1.02542490193819,2.20452818884655,0.68703468429859,0.254925790700342,0.615254941162916,0.256356225484549,0.0745545374384095,0.357530439677049,0.00384128223724988,-0.000411519560620244,1.05515668314502,1.00843835467885,1.04632740142163,0.709459972173276,0.0980699049011041,0.192470122925619,1.04651965386223,1.03759700252572,0.29529102998833,0.747489622200274,-0.0427806521886046,0.00228594925299198,0.919718113679894,0.0263918849197974,1.05556615575423,-0.000127774934920829,0.67,0.1,1.025,0.35,0.6,0.25,0.4,0.005,0.975,0.8,0.1,0.968391045648437,0.503947303160504,0.387356418259375,0.191846072427396,0.474137991820771,0.816086159822168,-1.23173866659175,2.97498101081561,4.33205397450354
28,0.00315483063857174,0.273938063152878,0.136299546592446,-0.0113687524053578,0.00264635321163742,0.0124293651064222,0.100986645722262,0.0509945593423568,0.0455824357062509,0.637422797106437,1.43615383685182,0.165446395274034,3.03038254367385,0.346015539394637,2.84498839342478,0.844486405494093,2.12025333634263,-0.119751348411938,1.56440304472187,6.59297031218943,0.410418459296146,0.157983816025105,0.33620561581553,0.0187078730394125,1.02825800789286,2.22437697607979,0.688932865288219,0.256381320848695,0.616954804735718,0.257064501973216,0.0754899739037669,0.358907844793824,0.00365661260927651,-0.000359817158615261,1.05413926342942,1.00817060479176,1.04559611083597,0.709100362300358,0.0966500578700782,0.194249579829564,1.04652588591318,1.03768050279842,0.296832987946561,0.745259046131604,-0.0420920340781643,0.00227469734952069,0.92027740388392,0.0260748304887665,1.05452679323964,-0.000136786977075509,0.67,0.1,1.025,0.35,0.6,0.25,0.4,0.005,0.975,0.8,0.1,0.971559037219055,0.506145341160888,0.388623614887622,0.193562978147003,0.474129804030648,0.813303257405863,-1.23901993491731,2.99006099709838,4.34742976656656
29,0.0029559268645432,0.276660050215075,0.134556896438133,-0.0105544281411848,0.00225990931848918,0.012218870387005,0.0997790340599916,0.050408402180701,0.0450534689317267,0.653460187564402,1.46914136646303,0.167615184678629,3.05856492944573,0.345928811965338,2.86612396953816,0.855373196875202,2.1294713558937,-0.118720583230737,1.59116269130154,6.66254748135345,0.413450806483593,0.158764676350609,0.335848372977193,0.0186273930703637,1.03089189186499,2.24406405371587,0.690697567549546,0.257955463888447,0.618535135118996,0.257722972966248,0.0764353694886751,0.360219024123343,0.0035247807032976,-0.000295656666602503,1.05313014156969,1.00797070649887,1.04480232885703,0.70860827059338,0.0953481296814378,0.196043599725182,1.04647428161028,1.03772124150073,0.298442497940018,0.742979500720419,-0.0414219986604366,0.00226866927873539,0.920957365095394,0.0258213455483032,1.05349967311324,-0.000146036341293972,0.67,0.1,1.025,0.35,0.6,0.25,0.4,0.005,0.975,0.8,0.1,0.974724112338068,0.508347191349743,0.389889644935227,0.195361913575008,0.473954915451322,0.80984371116001,-1.24512755129427,3.00514606484977,4.36317838518718
30,0.00281698608686277,0.279485392203665,0.133007124014383,-0.00962823456913831,0.00191137928762641,0.0121432226150122,0.0984219987978794,0.0497745253699838,0.0444873285536195,0.670957062151168,1.50477201153634,0.170254065004376,3.08837520611597,0.346448933951474,2.8871034272663,0.86654440114075,2.13828527352221,-0.117726247396658,1.61949822892269,6.7358396076795,0.41755254900097,0.159394252718399,0.335273219430945,0.0185757974417776,1.03331552083443,2.26366145612,0.69232139895907,0.259696995780777,0.619989312500659,0.258328880208608,0.0773974870876263,0.361455296033107,0.00345265864563871,-0.000227027547197285,1.05212278121699,1.0078310710173,1.04394755378497,0.707968352765154,0.0941648344944935,0.197866812740352,1.04636010412297,1.03771796066138,0.300143179131214,0.740633415943552,-0.0407765950747664,0.00227340280112232,0.92177961579659,0.025615833925825,1.05247961010322,-0.000155513899570424,0.67,0.1,1.025,0.35,0.6,0.25,0.4,0.005,0.975,0.8,0.1,0.977898794847296,0.510552900594143,0.391159517938918,0.197268943778198,0.473570913334542,0.80556335097772,-1.25021456288485,3.02031194638938,4.37943275650708
31,0.00272394392287827,0.282442665392395,0.13163286560284,-0.008747338041591,0.00160142480287662,0.0121995065702596,0.0969018496861928,0.0490838747152808,0.0438753040446965,0.690241436843741,1.54393464498949,0.173467907682134,3.12017983498921,0.347606065924707,2.90805143280854,0.878110137128699,2.14672800007127,-0.116786704391427,1.64983930414725,6.81411379667874,0.422839479968224,0.159872480230933,0.334463107884354,0.0185522107528105,1.03553905445145,2.28328764714365,0.693811166482472,0.26163500263554,0.621323432670871,0.258884763612863,0.0783847500561266,0.362619375226896,0.00344035299402273,-0.000160906084488036,1.05111000602624,1.00773756364249,1.04303942211599,0.707175803612268,0.0930875775144737,0.199736618873258,1.0461854326307,1.03767409101199,0.301958255353237,0.738201524171063,-0.0401597795243002,0.00229239541943984,0.922749393264223,0.025437966527183,1.05146004699508,-0.000165210298699086,0.67,0.1,1.025,0.35,0.6,0.25,0.4,0.005,0.975,0.8,0.1,0.981101393654126,0.512771185573133,0.39244055746165,0.199298459022913,0.472956096879884,0.800416474118744,-1.25458957585686,3.03563553660311,4.39634025088759
32,0.00266322322457002,0.285560160199684,0.130402990934984,-0.00802904016712702,0.00132657312056783,0.012378835312493,0.095212374070714,0.0483301377482113,0.0432110080719713,0.711646744935152,1.58751270493728,0.17733856310571,3.15430770913939,0.349385599834102,2.92913073405176,0.89019101970337,2.15485427823829,-0.115914563889907,1.68263923527353,6.89862688298047,0.429362798407262,0.16020807626152,0.33341158752474,0.018553199357356,1.03758628083609,2.30309245713166,0.695182808160181,0.263788372733898,0.622551768501655,0.259396570209023,0.0794066056265149,0.363723411300948,0.00348650841843547,-9.86327983033645e-05,1.0500848897214,1.00767653934069,1.04208528106495,0.706233067716953,0.09209490432748,0.201672027955567,1.04595434999492,1.03759406485668,0.303909623887545,0.735663401152599,-0.0395730250401448,0.00232710754785717,0.923865295882224,0.0252696875553287,1.05043401866353,-0.000175115969504679,0.67,0.1,1.025,0.35,0.6,0.25,0.4,0.005,0.975,0.8,0.1,0.984353239657138,0.515018947607141,0.393741295862855,0.201457393249281,0.472098522096343,0.794399093843682,-1.25864253550584,3.05119425405031,4.41405299846293
33,0.00262630417735504,0.288867130001821,0.129282321345636,-0.00752258318814913,0.0010805981869968,0.0126737535676198,0.0933476709550123,0.0475076957024098,0.0424888617475529,0.735557707801307,1.6364468022855,0.181942596975603,3.19112454334535,0.351759695641895,2.95052671102259,0.902914957475655,2.16272794129924,-0.115116187752311,1.71840894543968,6.99074229747717,0.437160559451628,0.160409472758359,0.332114057808389,0.0185744545864418,1.03948520102746,2.323244761267,0.696455084688401,0.266176391387083,0.623691120616478,0.259871300256866,0.0804731925956455,0.364784037427083,0.00359082913911353,-3.89300789405888e-05,1.0490404987583,1.00763943569824,1.04108718018898,0.705144298472808,0.0911626917902043,0.203693009736988,1.04566942841457,1.03748066484003,0.306018228576774,0.732997241886584,-0.0390154704633584,0.00237845430926445,0.925126527152989,0.025099630839705,1.04939441416965,-0.000185221136286042,0.67,0.1,1.025,0.35,0.6,0.25,0.4,0.005,0.975,0.8,0.1,0.987677396239002,0.517318282537528,0.395070958495601,0.203750615758339,0.470987368865745,0.787506026669659,-1.26275547037632,3.06707144336734,4.43272431705691
34,0.00260946194079647,0.292393757606988,0.128239579067729,-0.00721606520394458,0.000856464269127111,0.0130753970209387,0.0913053861268073,0.0466129407117502,0.0417052260146557,0.762390838164289,1.69165951817507,0.187351781291893,3.23097063855645,0.354698922349305,2.97242645170534,0.916410547047809,2.17040822479959,-0.114392320142066,1.75769335983182,7.09177938353478,0.446270182340857,0.160486870841791,0.330568691971083,0.0186117988417243,1.04126220232789,2.34391849388025,0.697645675559685,0.268815698989739,0.624757321396733,0.260315550581972,0.0815948962220649,0.365817985592273,0.00375063642835713,1.60238862242771e-05,1.04796956775039,1.0076225092505,1.0400418392101,0.703911399362699,0.0902693015552484,0.205819299082053,1.04533236662535,1.0373353008489,0.30830385946887,0.73018063190232,-0.0384844913711906,0.00244756721535476,0.926530416981699,0.0249235546085797,1.04833389706395,-0.000195515826463575,0.67,0.1,1.025,0.35,0.6,0.25,0.4,0.005,0.975,0.8,0.1,0.991098703887043,0.519693225487575,0.396439481554817,0.206180822506233,0.469616903875076,0.779746464775448,-1.2672339119856,3.08335427834329,4.45250057275955
35,0.00261156761992224,0.296168729712735,0.127252429905172,-0.00705476661329052,0.00064791581354573,0.0135668577252508,0.0890948035406841,0.0456473640764466,0.0408609796241153,0.792522302092483,1.75386290642249,0.193617326354639,3.27401611541379,0.358167653039318,2.99499046844673,0.930794412719988,2.17793530054277,-0.113739244816026,1.80099451539855,7.20266813083073,0.456707239839677,0.160459252416169,0.328782814556664,0.0186615052617454,1.04293932242936,2.36527100867884,0.698769346027674,0.271707005582622,0.625763593457618,0.260734830607341,0.0827814518300859,0.366840339922693,0.00395586631027534,5.91664150576439e-05,1.04686520473031,1.00762462545802,1.03894364853822,0.702532762874224,0.0893990011637388,0.208068235962037,1.04494644635223,1.03715957123597,0.310783764598687,0.72719273182078,-0.037976496419467,0.0025347475897652,0.928065716371874,0.0247432155126363,1.04724528055283,-0.000205989880420966,0.67,0.1,1.025,0.35,0.6,0.25,0.4,0.005,0.975,0.8,0.1,0.994643072828158,0.522168302047387,0.397857229131263,0.208744001821295,0.467996415158685,0.771185720272292,-1.2722652751758,3.10011919107136,4.4735055709792
36,0.00263321654868876,0.300218077681371,0.126308627807401,-0.00696962590278627,0.000450485981034365,0.0141290811084063,0.0867307097811857,0.044615117504543,0.0399594056073357,0.82632143398994,1.8236753743894,0.200789021478671,3.32032324943415,0.362139248749406,3.01834051384178,0.946166435333299,2.18532469940039,-0.11315062089191,1.84879369144187,7.324118517765,0.468498573949835,0.160347188916243,0.326766408437216,0.0187209246136688,1.04453133523875,2.38742811003127,0.699835994609963,0.274837875496996,0.626718801143251,0.261132833809688,0.0840413667976135,0.367864780713804,0.0041936026672576,8.82556644575079e-05,1.04572241131435,1.00764638263143,1.03778709410287,0.701003350412124,0.0885427712789463,0.210453878308929,1.04451520237805,1.03695474686593,0.313472396834256,0.724015295608128,-0.0374876924423843,0.00263784830048323,0.929717738883829,0.0245635841493747,1.04612257158345,-0.000216632961531505,0.67,0.1,1.025,0.35,0.6,0.25,0.4,0.005,0.975,0.8,0.1,0.99833473577341,0.524768933697013,0.399333894309364,0.211433687281937,0.46614100809234,0.761911304294741,-1.27792048133934,3.11742404385889,4.49583748675045
37,0.00267612192582066,0.304566516630942,0.125403488549652,-0.00690624207102486,0.000261725561480297,0.0147497839781774,0.0842224603626896,0.043518434433246,0.0390022088369024,0.864256590180111,1.90193978358912,0.208953820605769,3.3700174294367,0.366615729458412,3.04257016080918,0.962616474773491,2.1925731663176,-0.112619480281913,1.90165279156728,7.45710502045983,0.481738953163044,0.160161876559263,0.324521536208207,0.0187888833807764,1.04604444133077,2.41048834015989,0.700849775691617,0.278199283241234,0.627626664798463,0.261511110332693,0.0853821499455891,0.368902880599808,0.00445515585082724,0.000108203991306117,1.04453809872525,1.00768950253545,1.03656741099027,0.699315367718994,0.0876965867083446,0.212988045572661,1.04404003831884,1.03672070260021,0.31638267119637,0.720631916567965,-0.037014587764336,0.00275354761729099,0.931476983775476,0.0243894076021833,1.04496142536625,-0.000227434566359093,0.67,0.1,1.025,0.35,0.6,0.25,0.4,0.005,0.975,0.8,0.1,1.00219415737656,0.527520054082444,0.400877662950624,0.214248742009347,0.464056062812864,0.751975896715876,-1.28419456798764,3.13531386199802,4.51957982986935
38,0.00274036720923202,0.309238444726489,0.124534501173193,-0.00684939260734097,8.06977099303552e-05,0.0154215341259922,0.0815745225218287,0.042357280215862,0.0379890589943303,0.906931477810226,1.98985973261711,0.218246180939921,3.4233096789154,0.371618159256059,3.06776187028136,0.980231710285469,2.19966950817431,-0.112139348178417,1.96025956199069,7.6030346676753,0.49658997821642,0.159907237278466,0.322043870539513,0.0188649861988563,1.04748014857722,2.43453782776812,0.701811699546736,0.28179087017044,0.628488089146331,0.261870037144305,0.0868108633834746,0.369963576975708,0.00473595336690995,0.000123609452294208,1.0433099320032,1.00775406904528,1.03528228170947,0.6974605029756,0.0868578958260708,0.215681601198329,1.0435215044226,1.03645709439854,0.319526662024524,0.717027462077568,-0.0365541241020922,0.00287953779334437,0.933337658733039,0.0242217599825236,1.04375866560149,-0.000238384035023857,0.67,0.1,1.025,0.35,0.6,0.25,0.4,0.005,0.975,0.8,0.1,1.00623862792599,0.530443767636045,0.402495451170395,0.217193681926541,0.461737788972374,0.741404164240342,-1.29106682946788,3.15382663074078,4.54480912993641
39,0.00282214620804996,0.314257198587995,0.123695937293714,-0.00682605972007,-9.30997653614263e-05,0.0161347874921154,0.0787938559273018,0.0411320356515428,0.036919801810132,0.955046971164612,2.08891697162998,0.228828753622782,3.48039478946396,0.37715780202508,3.09399635548879,0.999097771031624,2.20660268610515,-0.111704101647987,2.02539937702949,7.7635774450238,0.513230835103591,0.159589025840443,0.319331745478111,0.0189483811037171,1.04884132511512,2.45965995409739,0.702723687827132,0.285612305081593,0.629304795069074,0.262210331278781,0.0883343910071917,0.371054940173739,0.00503160632232485,0.000134944553186617,1.04203586618611,1.00783625693909,1.0339336960856,0.695432956086451,0.0860222313280519,0.218544812585496,1.04296203730021,1.03616520162586,0.322914979935963,0.713188521401089,-0.0361035013370519,0.00301459177929153,0.935291022991515,0.0240568202924213,1.04251180526729,-0.000249470561722172,0.67,0.1,1.025,0.35,0.6,0.25,0.4,0.005,0.975,0.8,0.1,1.01048373056938,0.533559614807228,0.404193492227754,0.220273071404718,0.459184084796829,0.730234792363288,-1.29854922295605,3.1729912521299,4.57159224788633
40,0.00291379585902947,0.31964268409411,0.122876580795698,-0.00688304135077022,-0.000260812541257205,0.0168719084533495,0.0758979962131549,0.0398471064783199,0.035797624669541,1.00930863193327,2.20060405622385,0.240852748099901,3.54129355701047,0.383206061239994,3.12134584421664,1.01929155914408,2.21336117363059,-0.111306888558032,2.09786483577476,7.94025028643152,0.53178869351052,0.159223735878611,0.316396000918815,0.0190367727286567,1.05013587790194,2.48593060861935,0.7035910381943,0.28964956731466,0.630081526741164,0.262533969475485,0.0899590911811951,0.372186536842096,0.00533370885612923,0.000138432992300522,1.04071454936351,1.00792836483832,1.03252828838728,0.693231642959297,0.0851819339862223,0.22158642305448,1.0423679152967,1.03584895835901,0.326555149624488,0.709104752855799,-0.0356599024802876,0.00315739859341293,0.937319235953471,0.0238877832074279,1.04121907066246,-0.000260683205390677,0.67,0.1,1.025,0.35,0.6,0.25,0.4,0.005,0.975,0.8,0.1,1.0149436271991,0.536886249527344,0.40597745087964,0.223483687653016,0.456407326659484,0.718562688470599,-1.30669595475532,3.19281613312125,4.59997298161844
41,0.00300290147465121,0.325404719747908,0.122061003672587,-0.0070592333653241,-0.000424683840860474,0.0175941506170216,0.0729332562929336,0.0385191796613277,0.0346362910332063,1.07010407796782,2.32552926124803,0.254347582029206,3.60543707922529,0.389640126868629,3.14983334673295,1.04085524063153,2.21991636412378,-0.110938258022363,2.17812814664311,8.13310995171849,0.552174736873397,0.158857975874677,0.313280727392687,0.0191252859979251,1.05137899106475,2.51338610957505,0.704423924013385,0.293844658689456,0.630827394638852,0.262844747766188,0.0916891478309188,0.373370443742097,0.00561984251904541,0.000120366374972598,1.03934628440972,1.00801791598202,1.03107917818819,0.690862646223433,0.0843273879979314,0.224809965778634,1.04175384180295,1.03551756272243,0.330447717746939,0.704772640151629,-0.0352203578985679,0.00330522896884748,0.939381817771514,0.0237079017001696,1.03987996289425,-0.000272010900503792,0.67,0.1,1.025,0.35,0.6,0.25,0.4,0.005,0.975,0.8,0.1,1.01962948476674,0.540440919454986,0.407851793906695,0.226798036225126,0.453463114709155,0.706632267499656,-1.31556616013156,3.21325284592942,4.62993371769131
42,0.00307134521224539,0.331531400221653,0.121233924509153,-0.00735976559410279,-0.000587799265482691,0.0182290120586024,0.0699949546230689,0.0371870625572387,0.0334688585717376,1.13691622785479,2.46183625461973,0.269036452800133,3.67108021331974,0.396177652711531,3.17935453589169,1.06374925734584,2.22618938400581,-0.110584105459954,2.26573200882732,8.33857797173514,0.57383562504143,0.158589805243935,0.310087226502801,0.0192056249897206,1.05259251005413,2.54195571321674,0.70523698173627,0.298053979101827,0.631555506032481,0.263148127513534,0.0935232816172473,0.374621875023334,0.00584331664247906,5.70725630063991e-05,1.03793579462729,1.00808670193831,1.02960964828878,0.688342420469938,0.0834504530397004,0.228207126490361,1.04114799768851,1.03518851113177,0.334580256925983,0.70020167880213,-0.0347819357281133,0.00345067413931072,0.941401607651661,0.0235138603593062,1.03849707885225,-0.000283442467994049,0.67,0.1,1.025,0.35,0.6,0.25,0.4,0.005,0.975,0.8,0.1,1.02454383278427,0.544237669919538,0.409817533113707,0.230144047038113,0.450483970305217,0.694938005148729,-1.32514685579173,3.23413074336747,4.66133233306707
43,0.00310272739340249,0.337985833846374,0.120385492955745,-0.00774624535257118,-0.00075321509816928,0.0187006648165298,0.0671951099848858,0.0358996657267229,0.0323376669218669,1.20835369898639,2.60533948708439,0.284367629123689,3.73571426256913,0.402450199310693,3.20964608265938,1.08783607728976,2.23203633061442,-0.1102263252448,2.3592683486469,8.54994845547602,0.595860234922689,0.158531290678681,0.306940298265186,0.0192687317331068,1.05379227083184,2.57141627116971,0.706040821457332,0.302079154963174,0.632275362499103,0.26344806770796,0.095452718307934,0.375958898400222,0.00595444899056499,-5.33540672235303e-05,1.03649626088124,1.00811824103037,1.02814949546182,0.685696421495597,0.082547901719738,0.231755676784664,1.04058158902042,1.03488107329656,0.338927112044679,0.695415093286371,-0.0343422053310499,0.00357808155095454,0.943293026254132,0.0233076771775277,1.03707918757964,-0.000294966626284485,0.67,0.1,1.025,0.35,0.6,0.25,0.4,0.005,0.975,0.8,0.1,1.02966968956519,0.548287677482996,0.411867875826075,0.2334248518942,0.447632930030038,0.684044908319465,-1.33530135773813,3.25513778494869,4.69389182773081
44,0.00309174366264988,0.344717243661867,0.119514334834361,-0.00815262740787071,-0.000922901408850985,0.018974966236537,0.0646050002688242,0.0346913856980727,0.0312731187434909,1.28294363617066,2.75173052412351,0.299794760354534,3.7972688009265,0.408174696108502,3.24034416433414,1.11291838585871,2.23727239139095,-0.10984661291552,2.45714292457274,8.76075758464627,0.617431865412211,0.158743712527841,0.303922826065184,0.0193090218646958,1.05497246836694,2.60142732792614,0.706831553805849,0.305764090339061,0.632983481020163,0.263743117091735,0.0974628099844749,0.377394595945971,0.00593335538783196,-0.000180218984790299,1.03504763700182,1.00810720238096,1.02672377953181,0.682952078541431,0.0816225633906232,0.235425358067945,1.04007183391258,1.0346056036082,0.343456845835487,0.690442828661372,-0.0338996744968588,0.0036699194632116,0.945007369087589,0.023095640521768,1.0356415729852,-0.000306572002422195,0.67,0.1,1.025,0.35,0.6,0.25,0.4,0.005,0.975,0.8,0.1,1.03496508176008,0.552593084937916,0.413986032704032,0.236564756883315,0.44501339935046,0.674284681270516,-1.34578734546506,3.2758848851724,4.72726640406135
45,0.00304471383687979,0.351675279969405,0.118627582513399,-0.00850862418961429,-0.00109713303312786,0.0190654858780308,0.0622393615998997,0.033573405989322,0.0302858158812175,1.35973968479648,2.89822469046726,0.314981467422971,3.85471772033243,0.413235266078785,3.27107038843165,1.13879041679506,2.24171030703695,-0.109430335400358,2.55821501725975,8.96704409463817,0.638112146401969,0.159221662197469,0.301054214860483,0.0193257483005706,1.05610428649944,2.63161369967684,0.707589871954627,0.309048831998323,0.633662571899665,0.264026071624861,0.0995367465292635,0.378927033895684,0.00579411685514163,-0.000289622614791973,1.03360975845692,1.00805993740606,1.02534553760424,0.680131981999521,0.0806824128146498,0.239185605185828,1.03961821584941,1.03436112214996,0.348139991454621,0.685313992082451,-0.0334539835370721,0.00371738013252732,0.946542278931869,0.0228859644064948,1.03420223907257,-0.000318247143302066,0.67,0.1,1.025,0.35,0.6,0.25,0.4,0.005,0.975,0.8,0.1,1.04037141419873,0.557137502608944,0.416148565679492,0.239528636122562,0.442640873871883,0.665682460588574,-1.3563096538988,3.29599308129363,4.76111602080029
46,0.00297474303762212,0.358820010384301,0.117738474723968,-0.00875988122196314,-0.00127448349732018,0.0190158950999759,0.060070687974752,0.0325380428963981,0.0293699581714917,1.43853209855951,3.04407338810124,0.329859710860658,3.90803486568561,0.417670571569337,3.30149898051791,1.16527578022728,2.24519195732584,-0.108968757035206,2.66206056843526,9.16785544038851,0.657883538045625,0.159911802857059,0.298304073355121,0.0193220126508366,1.05714575081662,2.66164014266252,0.708287653047137,0.311960849993805,0.634287450489974,0.264286437704156,0.101659113208578,0.380538808967842,0.00557138736541119,-0.000361881880847238,1.03219764860629,1.00798961675281,1.0240161520031,0.677250518747094,0.0797384430832992,0.243011038169606,1.03920782676114,1.03413871164379,0.352953548494265,0.68005229438498,-0.0330058428792451,0.00372245613649237,0.947927588858562,0.0226863529702138,1.03277758959861,-0.000329980526969607,0.67,0.1,1.025,0.35,0.6,0.25,0.4,0.005,0.975,0.8,0.1,1.04582814400417,0.561887807294462,0.41833125760167,0.242317405553703,0.440463410654865,0.658043371451509,-1.36657743519485,3.31515723528631,4.79515576331143
47,0.00289566448311905,0.366126071430103,0.116861782397666,-0.00888758994111727,-0.00145230505520633,0.0188794774688466,0.0580508025023724,0.0315671000219255,0.0285103527449808,1.51978318754173,3.19033166415848,0.344589295317227,3.95785043228688,0.42161405102112,3.33139353455466,1.19224670384968,2.24760618713001,-0.108459356425042,2.76895158336639,9.36471298846268,0.677046834077639,0.160739855923194,0.295616829252268,0.019302844164334,1.05805414853107,2.69125572833489,0.708896279515818,0.314579448712955,0.634832489118643,0.264513537132768,0.103818163948217,0.382204155150848,0.00530531710112192,-0.000392709119589746,1.0308201611473,1.00791014280553,1.02273021906297,0.674314356263188,0.0788015775692507,0.24688406616756,1.03882285472423,1.03392647346913,0.357882277124402,0.674674475767022,-0.0325567528914238,0.00369434246514238,0.949206663031255,0.0225012836611544,1.03137978711835,-0.000341760573991725,0.67,0.1,1.025,0.35,0.6,0.25,0.4,0.005,0.975,0.8,0.1,1.05128457214565,0.566804119771212,0.420513828858262,0.244955047344969,0.438396167168191,0.651074240708997,-1.37636021727774,3.33317267570196,4.82917639180693
48,0.00281831594822171,0.373582308648057,0.116009598114356,-0.00890801537195618,-0.00162764352046685,0.018704427049328,0.0561290191794675,0.0306396826740297,0.0276891458627624,1.60441477163838,3.3392122226909,0.359465227830817,4.00505797760511,0.425227253178402,3.36061412516865,1.21962697972252,2.24889173785954,-0.107904592413405,2.87966807049163,9.56060006424804,0.696061229429095,0.16163294118576,0.292933750446626,0.0192733408332813,1.05879504479674,2.72030612496841,0.709392680013815,0.316999645230903,0.635277026878043,0.264698761199185,0.106006622055037,0.383897055659673,0.00503097332220515,-0.000388302059600412,1.02948066081613,1.00783240752796,1.02148001307208,0.671324807459159,0.0778801211175344,0.250795071423305,1.03844632268612,1.0337132779731,0.362917887794593,0.669190705498507,-0.0321085932930998,0.00364490796058308,0.950421936533564,0.0223313499255405,1.03001600237266,-0.000353575658884233,0.67,0.1,1.025,0.35,0.6,0.25,0.4,0.005,0.975,0.8,0.1,1.05670559486508,0.57184994714057,0.422682237946031,0.247474458908384,0.436351743882856,0.644482127453564,-1.38552163074527,3.34993093190043,4.86304205581446
49,0.00275006985560953,0.381189376798175,0.115189621477733,-0.00885355049362868,-0.00179808037712881,0.0185278019100412,0.0542617828136527,0.0297368416744567,0.0268899322953135,1.69361399099026,3.49347722057334,0.374835204786058,4.05055240809856,0.42865774187253,3.3891047665866,1.24738540064235,2.2490293519459,-0.107309986001648,2.99530877702668,9.75909897304545,0.715420571384147,0.162530794318867,0.2902047810469,0.0192376107272077,1.05934543801604,2.74872335015396,0.709761443470744,0.319309371019639,0.635607262809621,0.264836359504009,0.108221408924794,0.385596654851486,0.0047741536230113,-0.000358734625289416,1.0281785925919,1.00776382020489,1.02025749682387,0.668279895101559,0.0769789081579276,0.254741196740513,1.03806450041851,1.0334902015359,0.368057492037544,0.663605732734858,-0.0316632247724014,0.00358525602470259,0.951608144792252,0.0221748227882202,1.02868898730449,-0.000365414121584794,0.67,0.1,1.025,0.35,0.6,0.25,0.4,0.005,0.975,0.8,0.1,1.06207211779561,0.576998736125209,0.424828847118246,0.249907555037549,0.43425633955784,0.638023203150866,-1.39401803129624,3.36540028875792,4.89667716334462
50,0.0026959598259745,0.388956480393278,0.114406407343419,-0.00874808123917004,-0.0019620757044535,0.0183739158568998,0.0524175531508765,0.0288443357046259,0.0261002836201314,1.78864782232435,3.65585201061855,0.391029898225808,4.09505761359835,0.432019201919203,3.41686732297138,1.27552296535565,2.24802661139283,-0.1066822537771,3.11709878629674,9.96362535918737,0.735565309568839,0.163390691307323,0.287394154695894,0.0191984632009275,1.05969240065279,2.77650173866678,0.709993908437372,0.321576818980695,0.635815440391677,0.264923100163199,0.110462692690587,0.387288877319115,0.00455014391292768,-0.000314979447161785,1.02691097145936,1.0077094396251,1.01905463130463,0.665175393218262,0.0761003269913472,0.25872427979039,1.03766742632338,1.03325060971919,0.373301871214135,0.657920369421281,-0.0312222406354153,0.00352415175191728,0.952789716711611,0.0220302361289501,1.02739817731559,-0.000377264278959998,0.67,0.1,1.025,0.35,0.6,0.25,0.4,0.005,0.975,0.8,0.1,1.06737849246387,0.582235724994769,0.426951396985549,0.252278327307456,0.432057706322267,0.631524383562677,-1.40186327700313,3.37959977821248,4.9300474095011
51,0.00265980553278683,0.396897524173937,0.113664472183733,-0.00859006244557192,-0.00211871853131629,0.0182543034994023,0.050579320079648,0.0279542263904582,0.0253132270772637,1.89066191941091,3.82846269340569,0.408306862171944,4.1390013425234,0.435386550628586,3.44392803701101,1.30405616958671,2.24589988482579,-0.1060280174015,3.24617489573569,10.1767262343569,0.756823028578912,0.164189319086223,0.284482509070127,0.0191576331798824,1.05982949545256,2.80366664376764,0.710085761953213,0.323843024886682,0.635897697271534,0.264957373863139,0.112732512348158,0.38896556648513,0.00436369597183942,-0.000267729780628744,1.02567374919093,1.00767310456045,1.01786357554748,0.662005268510157,0.0752464794280576,0.262748252061784,1.03724910323845,1.03299018755577,0.378653722021006,0.652133221336127,-0.0307869433571331,0.00346736514713151,0.953979760561534,0.0218985232854302,1.02614094930525,-0.000389114436335201,0.67,0.1,1.025,0.35,0.6,0.25,0.4,0.005,0.975,0.8,0.1,1.0726285661612,0.587556602624171,0.429051426464482,0.254598398828729,0.42972846682981,0.624892145990814,-1.4090761216659,3.39257101364192,4.96313927629887
52,0.00264160726574256,0.40502310149897,0.112970658501914,-0.00835731756759728,-0.00226710556325338,0.0181592143044476,0.048757397711186,0.0270710336357742,0.0245326516098743,1.99997014465798,4.01112913982258,0.426667159797465,4.18207835976674,0.4387526635985,3.47028347723991,1.33298554078938,2.2426506499567,-0.105352713506167,3.38286278364234,10.3979268799282,0.77918252327424,0.164939586145306,0.281482628312271,0.0191154133844429,1.05975609716737,2.83022703363923,0.710036585102135,0.326095716969595,0.635853658300419,0.264939024291841,0.115032487950322,0.390622687172062,0.00420278530025813,-0.000233699607057396,1.02446307183656,1.00765481530207,1.01668056985313,0.65876423629002,0.0744210295711944,0.266814734138785,1.0368118616424,1.03271005293718,0.384114309257977,0.646244223178099,-0.0303585324360764,0.00341742767096733,0.955170663161347,0.0217829643465538,1.02491388356642,-0.000400952899035762,0.67,0.1,1.025,0.35,0.6,0.25,0.4,0.005,0.975,0.8,0.1,1.07783110555738,0.592962801641968,0.431132442222952,0.256854997768557,0.427288873326677,0.618180201620769,-1.41563095959835,3.4043296924962,4.99592177730342
53,0.00263519453121538,0.41332973288953,0.112334783862834,-0.00802099719110083,-0.00240586829961709,0.0180538207866392,0.0469964585380534,0.0262154028971574,0.023776558397664,2.11521577183666,4.19957750072255,0.445665207814329,4.22291570619788,0.441994491534804,3.4958400708543,1.36225723300849,2.23824276727383,-0.104659929428029,3.5258129632632,10.6215960241381,0.802070239818273,0.165700722743267,0.278449419192065,0.0190704698971692,1.05947688945475,2.85611723689476,0.709849515934683,0.328246994816579,0.63568613367285,0.264869222363688,0.117360764325218,0.3922601466864,0.00403670028668586,-0.000231273816708703,1.0232778606069,1.00764837050387,1.01551085731941,0.655452092527307,0.0736300691464971,0.270917838326195,1.03636959158405,1.03241939829007,0.389679506326957,0.640258913997418,-0.0299384203243752,0.0033713342586914,0.956328946557302,0.0216879943658622,1.02371476063933,-0.00041276798392827,0.67,0.1,1.025,0.35,0.6,0.25,0.4,0.005,0.975,0.8,0.1,1.08299221869539,0.598457387135519,0.433196887478155,0.259003829797115,0.424820398571638,0.611627214239609,-1.42142918839033,3.41480756990731,5.02830393681306
54,0.00263278507073539,0.421796303147697,0.111769548962835,-0.00755199743000945,-0.00253304322743331,0.0178988865315908,0.0453509558080048,0.0254132783181572,0.0230676998052163,2.23375681055085,4.38676561574968,0.464572297296098,4.25968051564443,0.44495067794466,3.52040228136723,1.39175387403373,2.23260066625679,-0.103952258923292,3.67234476323347,10.8388517770412,0.82459216074551,0.166544345074294,0.275450756876589,0.0190214444280444,1.05899481638148,2.88117245759837,0.709526526975594,0.330171765573296,0.63539688982889,0.264748704095371,0.119710266425412,0.393880749489301,0.00383293393996793,-0.00026175928568999,1.02212221571777,1.00764594899609,1.0143664217934,0.652075030637761,0.0728821320643091,0.275042837297929,1.03594003563276,1.03213047076084,0.395339442142739,0.634189074945632,-0.0295285170883709,0.00331955961957937,0.957414488699312,0.021618604773534,1.02254478398778,-0.000424548030950388,0.67,0.1,1.025,0.35,0.6,0.25,0.4,0.005,0.975,0.8,0.1,1.08810565293635,0.604042067220495,0.435242261174541,0.260989132579992,0.422421874683937,0.605521476983207,-1.4263065031024,3.42384014317063,5.06013495100101
55,0.00262961786607921,0.430389171708815,0.111288791526769,-0.00693603601979187,-0.00264609020743312,0.017672084683644,0.0438567307806279,0.0246825666544247,0.0224219015291876,2.35283036114564,4.5659723312017,0.482725520029486,4.29095281699727,0.447520714242754,3.54371557382184,1.42131817923867,2.22563044351926,-0.103233048936087,3.819593976563,11.0415087846039,0.845981703797875,0.16751490473064,0.2725327765705,0.0189685184617218,1.0583051841274,2.90515845826349,0.709064473365356,0.331771044143677,0.634983110476438,0.264576296031849,0.122069468551945,0.395484889680564,0.00357400508190336,-0.000309753459469296,1.02100408204907,1.00764276595541,1.01325997322176,0.648643895707802,0.0721867952845366,0.27916930900766,1.03553557612582,1.03185226649174,0.401081336701585,0.628049965398022,-0.0291313020996065,0.00325139764847806,0.958401769099,0.0215786721750448,1.02140882963558,-0.000436281414617929,0.67,0.1,1.025,0.35,0.6,0.25,0.4,0.005,0.975,0.8,0.1,1.09314907310061,0.609710339213181,0.437259629240246,0.262769920550624,0.420157775898147,0.600047710567081,-1.43008217124996,3.43120540907988,5.09124081114399
56,0.00262107584333972,0.439067478419144,0.11090172987248,-0.0062106973440067,-0.00274224169464632,0.0173663234476125,0.0425296375146533,0.0240317054207581,0.021846650455851,2.47001703883824,4.73205896142082,0.499642647251189,4.31586164003991,0.449656647664599,3.56551863642587,1.4507790025439,2.21724676104035,-0.102507127158373,3.96500168569646,11.22349556614,0.865704920559694,0.16863008445124,0.269719739276271,0.0189127528022792,1.05740079108105,2.92782169775299,0.708458530024306,0.332988512097444,0.634440474648632,0.264350197770263,0.124424440136922,0.397066994386947,0.00325646402424878,-0.000361160392620257,1.01993196252571,1.00763418122256,1.01220460910549,0.645174107105133,0.0715509245468921,0.283274968347974,1.03516383766775,1.03159111338851,0.406891437257557,0.621858132611785,-0.0287495698693419,0.0031606650761759,0.959279360198188,0.0215665773034007,1.02031373780917,-0.0004479565554978,0.67,0.1,1.025,0.35,0.6,0.25,0.4,0.005,0.975,0.8,0.1,1.09808890688922,0.615441614928672,0.439235562755689,0.264325764091062,0.418057290746665,0.595287629664813,-1.43264573878697,3.43666420679688,5.12145146817832
57,0.00259870622217181,0.447786272563255,0.110604974507244,-0.00548794980516276,-0.00281965402550399,0.0169818812474063,0.0413730793684915,0.0234626222134446,0.0213435695776396,2.5832955398642,4.88164277736798,0.514995035228251,4.33391760599873,0.451307982040179,3.58558698087196,1.47997083611758,2.20739608058723,-0.101779935832848,4.1063998934156,11.3808922812677,0.883377510806223,0.169894408726035,0.267025576092221,0.0188544293706413,1.05628159978323,2.94893264189593,0.707708671854767,0.333798728084791,0.633768959869941,0.264070399945809,0.126760891292215,0.398618913076295,0.00288537910609478,-0.000407610561706393,1.01891342626104,1.00761169975328,1.01121635101153,0.641687382343697,0.0709738165657451,0.287338801090556,1.03483104961897,1.03135312520097,0.412755524831172,0.615630325623942,-0.0283858504551137,0.00304566812544451,0.960043025083401,0.0215717228476501,1.01926672563052,-0.00045956193163551,0.67,0.1,1.025,0.35,0.6,0.25,0.4,0.005,0.975,0.8,0.1,1.10288699969436,0.621204225054855,0.441154799877743,0.26565331107953,0.416130320526075,0.591268593316402,-1.43404907271072,3.43998673080487,5.15061255389299
58,0.00255154039138336,0.456500142867861,0.110378453883976,-0.00492112364019481,-0.0028790050985511,0.0165248568774632,0.0403799835107013,0.0229717067126425,0.0209093009905286,2.6912686453932,5.01341030697851,0.528605710562947,4.34501252258936,0.45240012984611,3.60376618752467,1.5087505169913,2.19607136574005,-0.10105569520668,4.24225549875738,11.5122625300073,0.898742216730052,0.171302207106903,0.264456318482504,0.0187920715276751,1.05495929722513,2.96831761072055,0.706822729140835,0.334203457679703,0.632975578335076,0.263739824306282,0.129065870734017,0.400134745357733,0.00247299846904889,-0.000442135773923298,1.01795468788275,1.00756429809334,1.01031238384396,0.638211538579322,0.070444802879299,0.291343658541378,1.0345417169579,1.03114362311511,0.418659379793914,0.609382310467926,-0.0280416902618401,0.00290755389598382,0.960694650522782,0.0215766941466781,1.01827444798086,-0.000471086089925946,0.67,0.1,1.025,0.35,0.6,0.25,0.4,0.005,0.975,0.8,0.1,1.1075054059885,0.626962568317778,0.443002162395399,0.266763064975478,0.414370945206023,0.587973007425434,-1.43453726997903,3.44097721991766,5.17859398260087
59,0.00246973316729391,0.465166606727986,0.11018858778852,-0.00463941630814801,-0.00292430922320486,0.0160047548196676,0.0395372875820715,0.0225523231669571,0.0205378184460802,2.79310406505068,5.12755106998136,0.540383284156705,4.34934220944973,0.452833493855057,3.61998087280115,1.53700421986135,2.18331212681936,-0.100335473879559,4.37162158626679,11.6180151010245,0.911603654487248,0.172842059875852,0.262013231156344,0.0187223503550451,1.0534562755821,2.98587162500864,0.705815704640009,0.334225607853,0.632073765349262,0.263364068895526,0.131328758521086,0.401612168257681,0.00203548244324582,-0.000461026154286448,1.01705994186218,1.00748208183313,1.00950672989799,0.634777479695244,0.069945234047575,0.29527728625718,1.03429811791689,1.03096619514549,0.42458904449185,0.603128083693385,-0.0277171281852357,0.00274998360062378,0.961240259363121,0.0215635991777777,1.0173422109792,-0.000482517657416203,0.67,0.1,1.025,0.35,0.6,0.25,0.4,0.005,0.975,0.8,0.1,1.11191043667597,0.632681815445775,0.444764174670387,0.267671566333034,0.4127639047342,0.585355081207669,-1.43448621261762,3.43949210023576,5.20529106503185
60,0.00234739689915241,0.473749053108445,0.109995624357872,-0.00470830553168522,-0.00296228244229602,0.0154333259837351,0.0388285618557749,0.0221963544346237,0.0202218584646423,2.8884623607518,5.22522181983666,0.550289825776106,4.34735258675093,0.452506129153165,3.63422729963425,1.56464806905889,2.16919548215828,-0.0996162515829083,4.4940669379919,11.6998082163243,0.92182062965242,0.17449815610561,0.259693090019705,0.0186409263060569,1.05180100686579,3.00155642358556,0.704706674600078,0.333903575541638,0.631080604119473,0.262950251716447,0.133541647924395,0.403051912158781,0.00159027192921744,-0.000463137579953872,1.01623122888191,1.00735913388365,1.00880728103796,0.631414908114991,0.0694528770469765,0.299132214838032,1.03409974820729,1.03082191991106,0.430531152857837,0.596879419836089,-0.0274105726939259,0.00257814475628458,0.96168914134449,0.0215189160202908,1.01647353882358,-0.000493845352529318,0.67,0.1,1.025,0.35,0.6,0.25,0.4,0.005,0.975,0.8,0.1,1.11607544507286,0.638331320624092,0.446430178029145,0.268396747530683,0.41128754909349,0.583347922590328,-1.43429985651321,3.43545179925215,5.23062375580671
61,0.0021838363800293,0.482219747594127,0.109760904258598,-0.00512837551702583,-0.00300087512842573,0.0148255984737209,0.038232998909284,0.0218937925940994,0.0199525762623612,2.97763273850218,5.30861306417896,0.558385977647198,4.33976386251684,0.451348382255324,3.64656416701001,1.59162919447618,2.15382628371533,-0.0988913111815012,4.60980922328523,11.7606293277339,0.929386707889915,0.176246831025815,0.257484779304265,0.0185436591688947,1.0500224687459,3.01539518217527,0.703515054059756,0.333291481466611,0.630013481247542,0.262505617186476,0.135699540718946,0.404456392078243,0.00115550358719164,-0.000447831881969724,1.01546851596658,1.00719475556193,1.00821465794869,0.62814833762974,0.0689461295467754,0.302905532823484,1.03394246065899,1.03070864729198,0.436473656181761,0.590645381534926,-0.0271190377166871,0.00239793247581167,0.962055044451574,0.0214350260046375,1.01567001361937,-0.000505057996197823,0.67,0.1,1.025,0.35,0.6,0.25,0.4,0.005,0.975,0.8,0.1,1.11998235435026,0.643886750706723,0.447992941740102,0.268958668032468,0.40991078679896,0.581854115977875,-1.43432723245777,3.42884977112667,5.25453985485201
62,0.00198270599892802,0.49056118720578,0.109452446425642,-0.00584952446716092,-0.00304781914828045,0.0141974646746466,0.0377284270517384,0.0216341615966823,0.0197207850121189,3.06134765785911,5.38040459342086,0.564804023550307,4.32744091268929,0.449333078825833,3.65709719875749,1.61792265727584,2.13732593999016,-0.0981513985085068,4.7195305191278,11.8041132827378,0.934413062997175,0.178060462929681,0.255372094285602,0.0184273591295417,1.04814666155827,3.02746198913584,0.702258263244041,0.332451508098448,0.628887996934962,0.262036665389568,0.137800258936826,0.405828005595932,0.000747212686689631,-0.000417214859917068,1.01476962807096,1.00699261952892,1.00772300450988,0.624994674408105,0.0684071961169645,0.30659812947493,1.03381966087335,1.03062191074392,0.442406249914718,0.584432358187307,-0.0268386081020257,0.00221578658534769,0.962353880655682,0.0213101317567212,1.0149311575296,-0.000516144522896138,0.67,0.1,1.025,0.35,0.6,0.25,0.4,0.005,0.975,0.8,0.1,1.12362279552079,0.649330341862941,0.449449118208316,0.269377494993861,0.408598832505972,0.580761739266386,-1.43481101521373,3.41975064349835,5.27701411631781
63,0.0017484006421575,0.498762871612209,0.109047731180583,-0.00679564831931345,-0.00310951071487164,0.0135574849507629,0.0373016234689874,0.0214113919092799,0.019521210630761,3.13991138116878,5.44195367222744,0.569568040873296,4.31100746689665,0.44644420258249,3.66594751969279,1.643515756007,2.11981771153595,-0.0973859478501575,4.82350830729463,11.8323424459376,0.936916030786877,0.179924690699076,0.253346921331347,0.0182897351812487,1.04619692236278,3.03785643305906,0.700951937983062,0.331428363363167,0.627718153417667,0.261549230590695,0.13984352058023,0.407168611929226,0.000372933216065745,-0.000379752105710523,1.01413069847587,1.00675714264537,1.00732406607131,0.621963804855487,0.0678237417959338,0.310212453348578,1.03372684571625,1.03055842716526,0.448319499168611,0.57824551501312,-0.0265650141817306,0.00203773330295617,0.962595442595967,0.0211466889515312,1.01425461997285,-0.000527093991560902,0.67,0.1,1.025,0.35,0.6,0.25,0.4,0.005,0.975,0.8,0.1,1.12699795793732,0.654650011384233,0.45079918317493,0.269665676014726,0.407333866301451,0.580004731457054,-1.43586810859197,3.40826539259546,5.29803281030829
64,0.00148350919701626,0.506816506797522,0.108532995711842,-0.00789567067644736,-0.00319045376388338,0.0129052520144421,0.0369504042811229,0.0212247097215128,0.0193532344871088,3.21286156284924,5.49284500140253,0.572550011521332,4.29073432795707,0.442663379609311,3.67322481703802,1.6683926907361,2.10141642881175,-0.096584302509822,4.92126746065808,11.8452788988054,0.936758393467687,0.18184282226838,0.25141260621029,0.018129304846866,1.04419444705401,3.04667672125593,0.699610279526189,0.330238135365652,0.626516668232408,0.261048611763503,0.14182961519564,0.408480813949935,3.14275496834137e-05,-0.000344120402058898,1.01354770694097,1.006490926743,1.00701127055442,0.619061075294572,0.067188553030314,0.313750371675113,1.03366334621068,1.03051763252695,0.45420380560358,0.572090338458004,-0.0262941440615844,0.00186708700138125,0.962781232319092,0.020948541262701,1.01363710307866,-0.00053789559638849,0.67,0.1,1.025,0.35,0.6,0.25,0.4,0.005,0.975,0.8,0.1,1.13011511698307,0.659839279598648,0.452046046793227,0.269827284994313,0.406119228366374,0.57957802981243,-1.43751127466974,3.39452198284606,5.31757996597279
65,0.00118895922793625,0.514713699204969,0.107900306359276,-0.0091036675767413,-0.00329340085763163,0.0122372373154149,0.0366762830134891,0.0210750054865608,0.0192176725027042,3.27947167950328,5.5321651261834,0.57360408249191,4.26676143141727,0.437984983875353,3.67902239598296,1.69253158948962,2.08222758576273,-0.0957367792693929,5.01206868721487,11.8422523557104,0.933797705587582,0.183824049678012,0.249575533380611,0.0179454184897123,1.04215762037999,3.05400942399066,0.698245605654595,0.328882275995552,0.625294572227996,0.260539405094998,0.143758631456036,0.409768284621001,-0.000281600235698105,-0.000313240882681036,1.01301749818097,1.00619490402408,1.00678058905845,0.616289515911248,0.0664978275728334,0.317212656515918,1.03363014400915,1.03050024587581,0.460049275953781,0.565973066115647,-0.0260223420694287,0.00170417862378791,0.962909720029188,0.0207185508282999,1.01307534505209,-0.00054853867749903,0.67,0.1,1.025,0.35,0.6,0.25,0.4,0.005,0.975,0.8,0.1,1.13298309905884,0.664895757662072,0.453193239623534,0.269864733100599,0.404964755909546,0.579497841281082,-1.43969784824226,3.37865164343084,5.33563700792841
66,0.000865595218979606,0.522446188346644,0.10714544769021,-0.0103919031650594,-0.00341993872814483,0.0115515775040773,0.0364787074351156,0.0209620839868925,0.0191143652140974,3.339239456255,5.55951560147718,0.572670025503666,4.23929612278134,0.432429795709878,3.68342389927941,1.71590883794796,2.06235036068596,-0.0948352993545117,5.09539119532334,11.8231668745772,0.928002704471909,0.18587328470625,0.247838217027334,0.0177381826128767,1.04010128851405,3.05993243153708,0.696867863304412,0.327363917249634,0.624060773108429,0.260025322128512,0.145630383585864,0.411034435909806,-0.000569305366100848,-0.000285838468480896,1.01253759902036,1.00586992319507,1.00662876548103,0.613650670441576,0.0657498758098602,0.320599453748564,1.03362752001178,1.03050650771808,0.465846148819236,0.559900358220867,-0.0257465070401024,0.00154820325792201,0.962980886577033,0.0204587717366893,1.01256647523626,-0.00055901273145642,0.67,0.1,1.025,0.35,0.6,0.25,0.4,0.005,0.975,0.8,0.1,1.13561004146374,0.669818278881746,0.454244016585498,0.269782754634749,0.40387508555803,0.579767939505053,-1.44236469174121,3.36078889835144,5.35218890077614
67,0.000517275528444848,0.530008831838328,0.106268752818926,-0.0117239798758058,-0.00357091046195801,0.0108528486485586,0.0363495765580138,0.0208821826295514,0.0190400398280485,3.39241069421341,5.57588906430716,0.569870230665578,4.20881185552811,0.426068801585441,3.6865153545923,1.73850865387167,2.04188057664089,-0.0938738759202555,5.17145464889594,11.7895712868836,0.919573879623934,0.187980186703775,0.24619198075191,0.0175087232931704,1.03803456022952,3.06452505377563,0.695483155353778,0.325703780605607,0.622820736137712,0.25950864005738,0.147444885892916,0.412280965009325,-0.000830435321037936,-0.000257401183569683,1.01210570123536,1.00551986190609,1.00654968596721,0.611143249395222,0.0649454309069362,0.323911319697842,1.03365213197757,1.03053383141425,0.471585897968956,0.55387822380753,-0.0254641217764862,0.00139865000124672,0.963001030494586,0.0201729184655378,1.01210789638369,-0.000569307421633953,0.67,0.1,1.025,0.35,0.6,0.25,0.4,0.005,0.975,0.8,0.1,1.13800349761209,0.67460610162562,0.455201399044835,0.269591302246644,0.402838419626721,0.580344604440285,-1.44542694704378,3.34108341810452,5.36723648773195
68,0.000153260963862074,0.537403952539827,0.105278307086202,-0.0130315308550902,-0.00374624943621482,0.0101543052190471,0.036270724763533,0.0208269310295762,0.0189874412800183,3.44026206651979,5.58397635213484,0.565551860119774,4.17613060211318,0.419041904660928,3.68839523131693,1.76033342649063,2.02091105293805,-0.0928492481117507,5.24150560057114,11.7450455632408,0.909004180164124,0.190113207016027,0.244613253906467,0.017259663495173,1.03595811011627,3.06787901888831,0.6940919337779,0.32394876185834,0.621574866069761,0.258989527529067,0.149203099455302,0.413506235926135,-0.00105865364114845,-0.000222794618166159,1.01171884419537,1.00515402726868,1.00653115517483,0.608760455127614,0.0640892701368609,0.327150274735524,1.03369525804581,1.03057531934167,0.477262689080693,0.547910656585566,-0.025173345666259,0.0012564909293608,0.962985279915662,0.0198689060324934,1.01169678228176,-0.000579412588415317,0.67,0.1,1.025,0.35,0.6,0.25,0.4,0.005,0.975,0.8,0.1,1.14017250616648,0.679259358000597,0.456069002466593,0.26930660090707,0.401821852661551,0.581118897637236,-1.44874872054985,3.31971473494349,5.38080986761733
69,-0.000212592289686847,0.544643718978646,0.104192888913757,-0.0142136613482102,-0.00394433858275967,0.00947426452695588,0.0362182169720818,0.0207854671427499,0.0189472027075694,3.48474073895005,5.58730739159661,0.560201030957343,4.14225682103934,0.411547443729009,3.6891731767199,1.78140682556159,1.99952795597262,-0.091761604814308,5.30746714830631,11.6941768569851,0.896982172929603,0.19222699678531,0.243068928852692,0.0169953030575583,1.03386368424722,3.07010115277986,0.69268866844564,0.322162616961498,0.620318210548334,0.258465921061806,0.15090741299064,0.414704427969453,-0.00124618660830153,-0.000180593466734748,1.01137274372649,1.00478634474886,1.00655502437115,0.606488232498811,0.0631917610362496,0.330320006464939,1.0337444156529,1.03062094452481,0.48287427567864,0.541998941277759,-0.024873216956399,0.00112451099509449,0.962954323834582,0.0195592712130042,1.01132947541747,-0.000589318259220909,0.67,0.1,1.025,0.35,0.6,0.25,0.4,0.005,0.975,0.8,0.1,1.14213043440542,0.683779842291112,0.456852173762166,0.268948084035971,0.400780948133513,0.581941732329535,-1.45211342918058,3.29689489231192,5.39297284662252
70,-0.000564409163478699,0.551749308089285,0.10304297066629,-0.0151519318773866,-0.00416142221724858,0.00883059349444704,0.0361688658049595,0.0207475079585413,0.0189105237481816,3.52784602308895,5.58907579915124,0.554318228523772,4.1081385960154,0.403817081736111,3.68895821168016,1.80176873071709,1.97780473027831,-0.0906152493152358,5.37132809774247,11.6411475028332,0.88424153142695,0.194274845202832,0.241524800502296,0.0167214704823028,1.03173547250092,3.07130509488556,0.691262766575613,0.32040814751841,0.619041283500549,0.257933868125229,0.152561501266392,0.415866343461534,-0.00138816670594981,-0.000133755372844182,1.01106193897476,1.0044327687907,1.00659991428997,0.604305454429611,0.0622694292142694,0.333425116356119,1.03378639865038,1.03065991236654,0.488422103837431,0.536141809363944,-0.0245639132013751,0.00100609604269052,0.962929026784228,0.0192598542278221,1.01100128521428,-0.000599014658349571,0.67,0.1,1.025,0.35,0.6,0.25,0.4,0.005,0.975,0.8,0.1,1.14389628872054,0.688172414154461,0.457558515488217,0.268534185928766,0.39967337499918,0.582664099591507,-1.45521246073139,3.2728559965508,5.40381825582894
71,-0.000886444698785445,0.558748479179801,0.101869364674598,-0.0157308713722389,-0.00439140586674203,0.00823830619154542,0.0361029188656633,0.0207045084995366,0.0188701526583785,3.57135204917133,5.59174890770248,0.548371279283377,4.07456146357128,0.396097616135057,3.68784724801305,1.82146876902785,1.95579756749626,-0.0894190885110552,5.43486552172059,11.5892387089753,0.871495051576078,0.196214509024356,0.239949491406176,0.0164452446686997,1.02955173880563,3.07160008082943,0.689799664999772,0.318737347220897,0.617731043283377,0.257387934701407,0.154169805502944,0.416980943798894,-0.00148387609975706,-8.64862951619144e-05,1.01078051020517,1.00410912307772,1.00664408576131,0.602185508063033,0.0613442551226314,0.336470236814336,1.03380898524663,1.03068208063424,0.493911121185765,0.530335839845284,-0.0242469610310486,0.000903698079256041,0.96292787329481,0.0189876384158932,1.0107067854981,-0.000608492216626023,0.67,0.1,1.025,0.35,0.6,0.25,0.4,0.005,0.975,0.8,0.1,1.14549363238341,0.692445995819692,0.458197452953363,0.268081251224332,0.398464407052883,0.583155618405044,-1.4576603519319,3.24783233955132,5.41346178572381
72,-0.00116623551152931,0.56567168798666,0.100718416731576,-0.015872133312904,-0.00462612706508037,0.00770711663937873,0.0360064821920419,0.0206505726910597,0.018821119971238,3.61657969015522,5.59687244380015,0.542755412895017,4.0420504346234,0.388622169936397,3.68591798872978,1.84055980423313,1.93354475414276,-0.0881865696461095,5.49941722079613,11.5405399259925,0.859365229270548,0.198014668283939,0.238318758704259,0.0161742160852433,1.02728845090963,3.07108225020921,0.68828326210945,0.317183916628701,0.616373070545776,0.256822112727407,0.155736941876167,0.418036796831362,-0.00153733202520735,-4.35596646917233e-05,1.01052265869021,1.00382793331091,1.00666919614123,0.600099578825263,0.0604410794605663,0.339459341714171,1.03380298633849,1.03067973163446,0.499349092915533,0.524576173440293,-0.0239252663558253,0.000818338144768599,0.962964265550642,0.0187569887983036,1.01044027056176,-0.000617741580844486,0.67,0.1,1.025,0.35,0.6,0.25,0.4,0.005,0.975,0.8,0.1,1.14694841722238,0.696612381647889,0.45877936688895,0.267603031408396,0.397132021273511,0.583323667818429,-1.45905020944646,3.22203984533335,5.42203315112449
73,-0.00139696984898194,0.572546961370756,0.0996358960731583,-0.0155521122219139,-0.0048563166536848,0.00723883504785028,0.0358745847218999,0.0205837528751916,0.0187618343455493,3.66407773726957,5.60468969989793,0.537729467287948,4.01078479219811,0.381579440438435,3.68322259357282,1.85908945966804,1.91106794925202,-0.086934815347231,5.56556247226218,11.4954874996566,0.848289560592039,0.199662242436196,0.236620273872786,0.0159154682128867,1.02492385961904,3.06982602606482,0.686698985944757,0.31575576230926,0.614954315771424,0.25623096490476,0.15726696711162,0.41902377038051,-0.00155774826341983,-1.01725214855662e-05,1.0102833148231,1.00359604530177,1.00666330796403,0.598020722164675,0.0595843305231946,0.34239494731213,1.03376419804568,1.03064919186589,0.504745345261545,0.518857576673972,-0.0236029219355168,0.000749320404636172,0.963043587997428,0.0185772992264923,1.01019630285243,-0.000626753622999166,0.67,0.1,1.025,0.35,0.6,0.25,0.4,0.005,0.975,0.8,0.1,1.14828627252094,0.700684365691804,0.459314509008377,0.267108282884729,0.395672365693757,0.583134313177182,-1.45902143372056,3.19565506414972,5.42966382612321
74,-0.00157720361563634,0.579395479509737,0.0986624924445951,-0.0147928691271081,-0.00507282078536841,0.00682799660348477,0.0357109307257171,0.0205059470412088,0.0186939958756425,3.71357469474182,5.61418020822461,0.533403425738948,3.9806444594634,0.3751037541757,3.67978354188241,1.87709262083173,1.88837416385229,-0.0856832428016179,5.63306677629915,11.4529512317724,0.838498830797692,0.201162057421758,0.234853611424273,0.0156748936846632,1.02244109561836,3.06787680009328,0.685035534064301,0.314436129723141,0.613464657371016,0.25561027390459,0.158762596696158,0.419934322872167,-0.00155791558188293,1.01469921594908e-05,1.01005881638878,1.00341491036629,1.00662129489392,0.595926968384388,0.0587956400157551,0.345277391599856,1.03369325844759,1.03059071966228,0.510109521244148,0.513175338266307,-0.0232848595104554,0.00069398246777597,0.963163456073662,0.0184532784436593,1.00997034248821,-0.000635519449292493,0.67,0.1,1.025,0.35,0.6,0.25,0.4,0.005,0.975,0.8,0.1,1.14952933900859,0.704674138192884,0.459811735603438,0.266599592766791,0.394097974892766,0.582609989289091,-1.45730606518881,3.16880131968494,5.43647706597339
75,-0.00171023632511525,0.586228601669269,0.0978302772753677,-0.0136580403476187,-0.00526750151108102,0.00646391324552509,0.0355256716749188,0.0204218541136534,0.0186216845843534,3.7641319643024,5.62345202945335,0.529764296680163,3.95129915920652,0.369273177939042,3.67559520002734,1.89458749855979,1.86545968679266,-0.084451985325108,5.70102760273819,11.4107167677816,0.830042274725718,0.202532834824527,0.233027993163856,0.0154567854316216,1.01982970066252,3.06524925473639,0.68328589944389,0.313190225122592,0.611897820397514,0.254957425165631,0.160224694948528,0.420763798609152,-0.00155187510656028,1.62363098992123e-05,1.00984722248463,1.00328121249326,1.00654453597815,0.593803466436208,0.0580919577685287,0.348104575795263,1.03359474487721,1.03050783559634,0.515450531262447,0.507525879557896,-0.0229764108203427,0.000648200644395913,0.963315492375631,0.0183849621863141,1.00975921466136,-0.000644030408912225,0.67,0.1,1.025,0.35,0.6,0.25,0.4,0.005,0.975,0.8,0.1,1.15069368581616,0.708591010986215,0.460277474326462,0.266074445161758,0.392432860930242,0.581816065938892,-1.45376380086229,3.14154394885645,5.44258142608872
76,-0.00180277879488162,0.593047265774472,0.0971601207416248,-0.0122469165497592,-0.00543394454492652,0.00613425912728327,0.035331145096342,0.0203369839355156,0.018549627854464,3.81453380389015,5.63048976258728,0.526736883898438,3.92234253495485,0.364114986245513,3.67063358794849,1.91157773008235,1.84231617146172,-0.0832603135955883,5.76825843522384,11.3663687608297,0.82285521455649,0.203799175728092,0.23115765889414,0.0152636580081281,1.01708609659786,3.06193378683868,0.681447684720568,0.311976890258937,0.610251657958717,0.254271524149466,0.161652274476751,0.42151031765227,-0.00155185684890958,1.00116602988125e-05,1.00964830429003,1.00318820731114,1.00643956630651,0.591643373456809,0.0574841416010457,0.350872484942145,1.03347531559913,1.0304059035001,0.520775959866572,0.501906858126744,-0.0226828179933161,0.00060717789879999,0.963488779311366,0.0183679362132423,1.00956132426997,-0.000652278102568761,0.67,0.1,1.025,0.35,0.6,0.25,0.4,0.005,0.975,0.8,0.1,1.151787910239,0.712439852388614,0.460715164095599,0.265528154078766,0.390704382512644,0.580835444425619,-1.44840492136832,3.11389640130266,5.44806963246933
77,-0.00186182828368679,0.599844806435697,0.0966618120468057,-0.0106681560517126,-0.00556797585167512,0.00583025917794688,0.0351358297838342,0.0202549103460593,0.0184808309324248,3.86390423400585,5.6341379178646,0.524275645452168,3.89348396182403,0.359625834352199,3.66487278800736,1.92806121825266,1.81893690275398,-0.0821253329992749,5.83390133862896,11.3184653893788,0.816872631806839,0.20497896440975,0.229254501716843,0.0150964850017471,1.0142118222069,3.05791043482401,0.679521920878622,0.310765465750737,0.608527093324139,0.253552955551724,0.1630430780393,0.422174026097982,-0.0015647401407854,-3.08410762528146e-06,1.00946310955026,1.00312886257489,1.00631448980453,0.589446565728393,0.056976973148073,0.353576461123534,1.03334056188661,1.03028961374782,0.526092262891605,0.496316518463103,-0.0224087813547077,0.000566533883722303,0.963675103184854,0.0183955048182501,1.00937651881087,-0.000660254390784216,0.67,0.1,1.025,0.35,0.6,0.25,0.4,0.005,0.975,0.8,0.1,1.15281343617453,0.716221029426631,0.46112537446981,0.264957651620314,0.388931779479533,0.579730233620199,-1.44137760329679,3.08583849412419,5.45302481993852
78,-0.00189346842121064,0.606610918916629,0.0963350987217981,-0.00902844394639091,-0.00566763759063893,0.00554820446602533,0.0349422707727482,0.0201763196491486,0.0184157552734136,3.91198278967701,5.63444841421017,0.522397909521229,3.86460402134763,0.355781371558892,3.65830128750358,1.94404013100769,1.79532218507943,-0.0810610285835336,5.8977076667881,11.2669438197413,0.812073193695788,0.206079298231423,0.2273254599761,0.0149549411992011,1.01121244081115,3.05316540967667,0.677512335343473,0.309543192582597,0.606727464486692,0.252803110202788,0.164394552128022,0.42275607447147,-0.00159158665977969,-1.71813468440741e-05,1.0092930488328,1.00309706423668,1.00617685448101,0.587217674337532,0.0565696726284909,0.356212653033976,1.03319386485049,1.03016204659008,0.531405146330716,0.490752959908492,-0.0221581062392074,0.000523619965887622,0.963870757680162,0.01845965665754,1.00920552429827,-0.00066795140192511,0.67,0.1,1.025,0.35,0.6,0.25,0.4,0.005,0.975,0.8,0.1,1.15376693337408,0.719930773453645,0.461506773349632,0.264363226872717,0.387122986774124,0.578528854817986,-1.43294144754707,3.05733676545894,5.45752688583541
79,-0.00190335281089979,0.613334797978771,0.0961704725329303,-0.00743207427588111,-0.0057329802556404,0.00528780916268556,0.0347486532235272,0.0200997377808131,0.0183529506550346,3.95902715711291,5.63240683293453,0.521158222730762,3.83569720803731,0.352534219651119,3.65093307747835,1.95952777186784,1.77148287619248,-0.0800775705819745,5.95995039143334,11.2127943197875,0.808452358033848,0.207100249381342,0.225374225617919,0.0148374862339416,1.00809777270357,3.04770386305729,0.675425507711392,0.308311854763214,0.604858663622142,0.252024443175892,0.16570478692875,0.423258684716616,-0.00162944920108133,-2.82597987005634e-05,1.00913919643147,1.00308713042505,1.00603343999026,0.584964560946146,0.0562563182412089,0.358779120812645,1.03303707609051,1.03002517629039,0.536719718023773,0.485213735392822,-0.0219334534165943,0.00047777332996098,0.964075230851948,0.0185510501352849,1.00904929830507,-0.000675361539970719,0.67,0.1,1.025,0.35,0.6,0.25,0.4,0.005,0.975,0.8,0.1,1.15464346527067,0.723562952312906,0.461857386108266,0.263747907751859,0.385278426531325,0.577236069123127,-1.42344136775229,3.02835931347227,5.46165497989252
80,-0.00189660825430605,0.62000658069064,0.0961516340924145,-0.00596066194365052,-0.00576590549341394,0.0050492542939311,0.0345526293057686,0.0200234582017095,0.0182907704079555,4.00540013150046,5.62910401842964,0.520580250601525,3.80678644813785,0.34981559127031,3.64280633374255,1.97454796646585,1.74743930548495,-0.079180938208245,6.0210171790804,11.1571493818165,0.805956468385639,0.20804197463243,0.223404714297032,0.0147415647220484,1.00488156766967,3.04155164957003,0.673270650338679,0.307078383458502,0.602928940601802,0.251220391917418,0.166972893518339,0.42368554580572,-0.00167425642927865,-3.52099884001673e-05,1.00900199885814,1.00309390870442,1.00588986744158,0.582696858241834,0.0560272551004683,0.361275886657698,1.03287169281158,1.02988066112872,0.542040335270098,0.479695911720253,-0.0217362469903515,0.000429748630640335,0.964288482065799,0.0186608548308561,1.00890856695862,-0.00068247749200943,0.67,0.1,1.025,0.35,0.6,0.25,0.4,0.005,0.975,0.8,0.1,1.15543895735105,0.727111429919328,0.462175582940421,0.263114169980552,0.383397835662113,0.575853474631551,-1.41325749523616,2.99888231894279,5.46548507494688
81,-0.00187798541328658,0.626616677265203,0.0962590472866302,-0.00465899569592132,-0.00576967318151711,0.00483014734024123,0.0343554228053942,0.0199476157218774,0.0182292165114521,4.05106565179392,5.62484712914277,0.52059067649679,3.77783477707306,0.347540485494617,3.63397078009037,1.98912717007375,1.72321663412467,-0.0783730241080392,6.08090623606809,11.1003060619566,0.80442212292884,0.208912104780078,0.221424639719136,0.0146639850454718,1.00158051512577,3.03474617001855,0.671058945134267,0.305843734420337,0.600948309075463,0.250395128781443,0.168198690579651,0.424041827031231,-0.00172369900363679,-3.98141149982533e-05,1.00888141190813,1.00311262465965,1.00575088689612,0.580424917334143,0.0558711495640057,0.363703933101851,1.0327002108482,1.02973079270272,0.547370160754093,0.474196612577554,-0.0215667733316475,0.00038073649430396,0.9645079946751,0.0187823567690905,1.00878368109257,-0.000689292235455698,0.67,0.1,1.025,0.35,0.6,0.25,0.4,0.005,0.975,0.8,0.1,1.15615116631519,0.730571369986717,0.462460466526076,0.262460771970922,0.381487136589736,0.574401555128562,-1.40274586650943,2.96888810707731,5.46908347432337
82,-0.00185212231294433,0.63315432344789,0.0964726499428693,-0.0035419062145301,-0.00574819054267395,0.00462508355385527,0.0341624868766332,0.0198745238713949,0.0181702397920043,4.09546041248001,5.61901301799375,0.521020832103833,3.74872806215669,0.345616290654482,3.62447478431019,2.00328633362393,1.69884066036247,-0.0776522096762056,6.13909127667581,11.0415588284313,0.803586268270139,0.209726625173891,0.219445724513069,0.0146013551880304,0.998212785803257,3.02732496347784,0.668802566488182,0.304599004647412,0.598927671481954,0.249553196450814,0.169382094602015,0.424333929893531,-0.00177785064960166,-4.44625307845124e-05,1.00877737742878,1.00313861707549,1.00562111781692,0.578159346139012,0.0557765642112671,0.366064089649721,1.03252641476308,1.02957872978321,0.552710793380562,0.468713609959848,-0.0214244033404096,0.000331342360824872,0.964728283952048,0.0189108689395368,1.00867480686858,-0.000695799044980497,0.67,0.1,1.025,0.35,0.6,0.25,0.4,0.005,0.975,0.8,0.1,1.15677895887093,0.733939410868756,0.462711583548371,0.261782979903966,0.379559244313083,0.572923242415212,-1.39220138017249,2.9383606296559,5.47250164729578
83,-0.00182388561237413,0.639605745973463,0.0967734450687104,-0.00260532765555421,-0.00570547001142618,0.00442573164078852,0.0339834578319328,0.0198086517932753,0.0181177181262849,4.13745050759307,5.61006773078685,0.521616961390027,3.71927298711973,0.343948250641441,3.61435451671625,2.01703364746849,1.67433502769143,-0.0770141584436628,6.19447124175925,10.9792139345708,0.803101418718975,0.210509552235446,0.217483425793789,0.0145503651311699,0.994796967490864,3.01931551224068,0.666513968218879,0.303324574719972,0.596878180494518,0.248699241872716,0.170522465537748,0.424568731397877,-0.00183917601894298,-5.15370067973354e-05,1.00869015982216,1.00316699495956,1.00550572824899,0.57591107124464,0.0557328984175553,0.368356030337804,1.03235547129104,1.02942860452502,0.558061927279071,0.463245932281322,-0.0213078595603932,0.000281344744569265,0.964940887150016,0.0190431871256731,1.00858219736069,-0.000701991499148402,0.67,0.1,1.025,0.35,0.6,0.25,0.4,0.005,0.975,0.8,0.1,1.15732098495421,0.737212310366448,0.462928393981682,0.261073181985932,0.377633694944899,0.571483931028348,-1.38184376966485,2.90728050091641,5.47577202854192
84,-0.00179878299132804,0.645951921556639,0.0971442199278178,-0.00183557041682691,-0.00564531098625798,0.00422068769834016,0.0338324223410541,0.019756753537172,0.018077569019938,4.17525879406619,5.59554009748767,0.522040069650582,3.6891902600578,0.34244096965733,3.60362461419631,2.03035757986324,1.64971965433719,-0.0764526200041324,6.24529176774717,10.9105543887542,0.802536325111999,0.211293348729531,0.215557134012528,0.0145079058082196,0.991351650226597,3.01072619241722,0.66420560565182,0.30198912442386,0.594810990135958,0.247837912556649,0.171617954911794,0.424752848510864,-0.00191256835687134,-6.34403012044744e-05,1.00862063546018,1.00319222309372,1.00541113880421,0.573691821237341,0.0557308444530706,0.370577334309588,1.03219414404412,1.02928571679297,0.563420943420341,0.457794534935243,-0.0212154783555843,0.000229664997013694,0.965134109509536,0.0191770545408395,1.00850647716169,-0.000707863486754774,0.67,0.1,1.025,0.35,0.6,0.25,0.4,0.005,0.975,0.8,0.1,1.15777422836403,0.74038505132382,0.463109691345614,0.260320939878029,0.375736808566685,0.570173427155725,-1.37181879719248,2.87561996400623,5.47890383972334
85,-0.0017826368476399,0.652167302262487,0.0975695890167123,-0.00121681263043705,-0.00557115601443647,0.00399728653365905,0.0337257310195618,0.0197267948629773,0.0180568023699394,4.20671389361767,5.57249370427277,0.521910470693823,3.65816956377419,0.341003420396347,3.59227521543376,2.04322417977715,1.62501121408218,-0.0759601784255642,6.28938717955388,10.8323649943679,0.801424883398484,0.212114180295514,0.213687842124792,0.0144711707338782,0.987894766347802,3.00154218943267,0.661889493453027,0.300554599803016,0.592736859808681,0.24697369158695,0.172665074136458,0.424892163566989,-0.00200383380758411,-8.10427639256278e-05,1.00857060381188,1.00320844996812,1.00534500466371,0.571514497399045,0.0557624346283177,0.372723067972637,1.03204993482305,1.02915590215642,0.568782751109572,0.452362671740885,-0.0211454228504572,0.000174324567576491,0.965294715698737,0.0193106376717814,1.00844894546802,-0.000713409212856778,0.67,0.1,1.025,0.35,0.6,0.25,0.4,0.005,0.975,0.8,0.1,1.15813246464486,0.743449493408597,0.463252985857946,0.259514686371483,0.373897500583594,0.569093245151885,-1.36221058014905,2.84334207002199,5.48188281152255
86,-0.00178050503002712,0.658220901830133,0.0980355413184414,-0.00073669200477311,-0.00548608219665758,0.00374527454561879,0.0336773318669931,0.0197256403001132,0.0180614752420547,4.22986354013378,5.53851072915969,0.520901299144928,3.6259808289348,0.339557888721649,3.58027948939619,2.05558215690342,1.60022623138879,-0.0755288988960168,6.32478890143498,10.7420259034064,0.799368055411045,0.21300201532659,0.211893339987726,0.0144377664404843,0.984442511613376,2.99173081107595,0.659576482780962,0.298988139862598,0.590665506968026,0.246110627903344,0.173658810928813,0.424991256716402,-0.0021168286477838,-0.000102344231486077,1.00854277290662,1.00321059244482,1.00531511579119,0.569392928863636,0.0558207440040394,0.374786327132324,1.03192915363745,1.02904407200303,0.574140137101726,0.446955673747619,-0.0210958108493447,0.000112966324119404,0.965411552641331,0.0194420390672048,1.0084117106237,-0.000718623204492295,0.67,0.1,1.025,0.35,0.6,0.25,0.4,0.005,0.975,0.8,0.1,1.15838544763334,0.746393632889992,0.463354179053336,0.258645181071746,0.372139043613716,0.568329204953591,-1.35306148715164,2.81040762937192,5.48467755649386
87,-0.00179525372338859,0.664080290627976,0.0985287865283555,-0.00038873523041727,-0.00539289173631174,0.00346095920067802,0.0336932683411059,0.0197563006179534,0.0180942524501434,4.24374847682263,5.49282580478486,0.518848942210468,3.59259757772425,0.338049932704765,3.56761174077385,2.06737634963664,1.57538622138028,-0.0751508302430789,6.35050046597245,10.6387697275567,0.796153853580739,0.213969116767245,0.210182733804761,0.0144058089085844,0.981008182147918,2.98125724618512,0.657275482039105,0.297276900108807,0.588604909288751,0.245252045536979,0.174593477254069,0.425052871901644,-0.00225041470002924,-0.000122308715921089,1.00854026310591,1.00319577000799,1.00532746773631,0.567340775081749,0.0558993981168614,0.376759826801389,1.03183463932934,1.02895247908533,0.579484680468385,0.441580064157345,-0.02106474462573,4.38857374621872e-05,0.965479789155045,0.0195689983949448,1.00839748314092,-0.000723500316081075,0.67,0.1,1.025,0.35,0.6,0.25,0.4,0.005,0.975,0.8,0.1,1.15851973083443,0.749202050285206,0.463407892333772,0.257709553123775,0.370469994465805,0.567919139850437,-1.34439426496098,2.7767900538319,5.48725262772368
88,-0.00182692284436472,0.669716922975003,0.0990362117541987,-0.00017148810318135,-0.00529424269432888,0.00314869820683983,0.0337693178052336,0.0198167127914441,0.0181533163275025,4.24878531199108,5.43676947429197,0.515799111602804,3.55823711453304,0.336451168234465,3.55426805395042,2.07856381443605,1.55052253963708,-0.0748183001227136,6.36689064399875,10.5241680000296,0.791805882451117,0.215005553996245,0.208554415385114,0.0143739027365629,0.977601926071812,2.97010452982025,0.654993290468114,0.295435507358003,0.586561155643087,0.244400481517953,0.175464036424631,0.425077746650494,-0.00239763151290954,-0.000135098950526627,1.00856570363626,1.00316394254141,1.00538472413707,0.565370022738137,0.0559921052913703,0.378637871970493,1.03176485124865,1.02888003054156,0.58480783747491,0.436242431944031,-0.0210502694189406,-3.28359715387305e-05,0.96550264794331,0.0196888607909606,1.00840898637833,-0.0007280357345028,0.67,0.1,1.025,0.35,0.6,0.25,0.4,0.005,0.975,0.8,0.1,1.15852143574207,0.751857596891687,0.463408574296829,0.256713025198183,0.368881275974036,0.567839537226748,-1.3362294511588,2.74249160245137,5.48958244355979
89,-0.00187340756999511,0.675110330893868,0.0995445610882391,-8.64476420407989e-05,-0.00519275764916027,0.00281868879123315,0.0338932562021641,0.0199008095184434,0.0182332993137038,4.24651208216589,5.37323147708113,0.51195768937778,3.52328837095317,0.334752043095812,3.54027971499564,2.08912513787093,1.52567856244157,-0.0745239853168582,6.37545480670076,10.4015272212762,0.786526724410381,0.216084923505824,0.206998812564124,0.0143409772536463,0.974231786038635,2.9582883639657,0.652735296645885,0.293501029870017,0.584539071623181,0.243557946509659,0.176267336841884,0.425065294882141,-0.00254772059324265,-0.000136935457165835,1.00862041714801,1.00311722539215,1.00548609037563,0.563489839358627,0.0560923487366369,0.380417811904736,1.03171497960261,1.02882315388177,0.59010171682839,0.430948593123467,-0.0210503099518565,-0.000114968207469439,0.965489484253672,0.0197986809038569,1.00844823516036,-0.000732224983847055,0.67,0.1,1.025,0.35,0.6,0.25,0.4,0.005,0.975,0.8,0.1,1.15837988736201,0.754344204974408,0.463351954944805,0.255667262588337,0.367351455351411,0.56801999471028,-1.32859448740078,2.70755292442916,5.49165962395602
90,-0.00193173784147395,0.680249985617726,0.100040352744659,-0.000135844299603005,-0.00509108778235223,0.0024832123823586,0.0340492788257096,0.0200006838354016,0.0183271908079803,4.23900488572638,5.30568965310624,0.507597348849965,3.48819499099425,0.332950748798062,3.52571586230029,2.099068148123,1.50090853987679,-0.0742608256995037,6.37824486175567,10.2748048428316,0.780593355371178,0.217174637981944,0.205503123633417,0.0143060834226539,0.970905197375636,2.94586193855743,0.650506482241676,0.291520987430169,0.582543118425382,0.242726299343909,0.177002810075655,0.425015017462592,-0.00268919468252454,-0.000127134781411921,1.00870410720505,1.00305860346932,1.00562828903138,0.56170613211318,0.0561932795954408,0.382100588291379,1.0316789321602,1.02877732903184,0.595359419222764,0.425703204255667,-0.0210626234784313,-0.000198799655044119,0.965452228177304,0.0198953896564675,1.00851602622362,-0.000736063929830511,0.67,0.1,1.025,0.35,0.6,0.25,0.4,0.005,0.975,0.8,0.1,1.15809040537696,0.756650129247573,0.463236162150783,0.254587088093976,0.365855225507862,0.56837033136503,-1.32152503349402,2.67205297230824,5.49349624796263
91,-0.00199914494627463,0.685135011758651,0.100510082506111,-0.000319965680464329,-0.00499192945106819,0.00215344436419063,0.034222008400481,0.0201085805694573,0.0184280989464373,4.22832875192371,5.23736902623721,0.502975247294187,3.45335900018042,0.331044572503943,3.51067727772837,2.10842520230908,1.47627396320274,-0.0740218877834507,6.37732633647831,10.1476730106289,0.774266185942613,0.218244915660952,0.204055300709286,0.0142682539279338,0.967630033290763,2.93291156172841,0.648312122304811,0.289541764245506,0.580578019974458,0.241907508322691,0.177672533415433,0.42492784260405,-0.00281230397449652,-0.000107493717674963,1.00881501121538,1.00299085932899,1.00580678461046,0.560021699279357,0.0562878271997807,0.383690473520862,1.03165103135911,1.02873838051562,0.600575055897425,0.420509732571482,-0.0210847884689067,-0.000280215857930623,0.965402249173355,0.019976061069392,1.00861178177095,-0.000739548783876966,0.67,0.1,1.025,0.35,0.6,0.25,0.4,0.005,0.975,0.8,0.1,1.15765536074596,0.758770317562431,0.463062144298385,0.253487381513092,0.364370346670258,0.568804624358455,-1.31506031527433,2.63610136018377,5.49512001943004
92,-0.00207354323341975,0.689772750344067,0.100940616138264,-0.000635476943762314,-0.00489798349877779,0.00183794874690735,0.0343985813490627,0.0202179513213452,0.0185301887933181,4.21624324451431,5.17083722799729,0.498292815726796,3.41909621031392,0.32902648670318,3.49528625464655,2.11724746868341,1.45183905708062,-0.0738002711174842,6.37448303545693,10.023067288504,0.767745500412126,0.219273173402456,0.202645886813784,0.0142264690996346,0.964414810780567,2.91954745568554,0.64615792322298,0.287602037345672,0.57864888646834,0.241103702695142,0.17828085114325,0.424806829521351,-0.00291008750732946,-8.08628481197232e-05,1.00895029697763,1.00291608905041,1.00601666280269,0.558436664804929,0.056368941019607,0.385194394175464,1.03162681561212,1.02870307262359,0.605743654291301,0.415370573769252,-0.0211142280605529,-0.000355595728001303,0.965348790302314,0.0200381446611739,1.0087336919867,-0.000742676106856205,0.67,0.1,1.025,0.35,0.6,0.25,0.4,0.005,0.975,0.8,0.1,1.15708362997385,0.760707267796865,0.462833451989542,0.252381344093126,0.362880698180108,0.569253282804974,-1.30923643025002,2.59982760549537,5.49656874736075
93,-0.0021535166568171,0.694177108908818,0.101319635590891,-0.00107506921007072,-0.00481187677234718,0.00154262959498963,0.0345689585880011,0.0203236317335206,0.0186288451931762,4.20414857344631,5.10797666205115,0.493692584059071,3.38563460792001,0.326885887207938,3.47967670565105,2.12559910549301,1.42766669707509,-0.0735890969170498,6.37115814960661,9.90315340820281,0.761169075241874,0.220244302340293,0.20126804307709,0.014179700891915,0.961268252909191,2.90589401642729,0.644049729449158,0.285731342897135,0.576760951745515,0.240317063227298,0.178833831673009,0.424657127528633,-0.00297826252175154,-4.99782049598522e-05,1.00910645861407,1.0028357157599,1.00625301109207,0.556948935197672,0.056429863156963,0.386621201645365,1.03160306872482,1.02866911352736,0.610861090066575,0.410287166838318,-0.0211482569048928,-0.000422221319579145,0.965298808731481,0.0200796050791971,1.00887899814015,-0.000745442812478016,0.67,0.1,1.025,0.35,0.6,0.25,0.4,0.005,0.975,0.8,0.1,1.15638919252188,0.762470490006259,0.462555677008753,0.251280086440637,0.361376116116742,0.56966431588073,-1.30408072605736,2.56337090682898,5.49788551803932
94,-0.00223784091315708,0.698367522082341,0.101636134849863,-0.00162709707888598,-0.00473607288182176,0.00127185653245121,0.0347247338791596,0.0204212766019863,0.0187201796773675,4.19322570548477,5.05023150168127,0.489282988558779,3.35314626291607,0.324612777119766,3.46398745852351,2.13355360248543,1.40381544656381,-0.0733815905257246,6.36858803118273,9.789601906922,0.754641193911967,0.221147524648319,0.199916168516715,0.014127018759146,0.958198385611932,2.89208267595554,0.641992918359994,0.283952947503028,0.574919031367159,0.239549596402983,0.179338801435792,0.424485445604134,-0.00301424879919156,-1.6595652732735e-05,1.00927959776174,1.00275096988228,1.00651071709283,0.555554426875069,0.0564644046463129,0.387981168478618,1.0315772202622,1.02863468255279,0.615924170636295,0.405259967991339,-0.0211841386276339,-0.00047827456552631,0.965257992521151,0.0200990702350745,1.00904427957037,-0.000747846170337977,0.67,0.1,1.025,0.35,0.6,0.25,0.4,0.005,0.975,0.8,0.1,1.15558960077257,0.764075354401938,0.462235840309027,0.250193353629356,0.359849834409962,0.569995511677796,-1.29960797400378,2.52687293747277,5.49911638972502
95,-0.00232492633277225,0.702368660602894,0.101880969438919,-0.00227509691856076,-0.00467277303002744,0.00102972885108765,0.03485768565947,0.0205066642654572,0.0188004206901961,4.18461075151874,4.99888258136377,0.485166662035245,3.32178239823472,0.322202442434862,3.44835882203203,2.14119238821489,1.38033766994664,-0.0731712361295067,6.36797183687594,9.68389454338224,0.74826557596952,0.221972760636787,0.198584374295393,0.0140677076289198,0.955211589459291,2.87824803753265,0.639991764937725,0.282287836865487,0.573126953675575,0.238802897364823,0.179804063494477,0.424299284479441,-0.00301616917619308,1.85282617898409e-05,1.00946550953705,1.00266344903556,1.00678399168537,0.554247030648872,0.0564672247911493,0.389285744559979,1.03154666219407,1.02859789778839,0.620930853986154,0.400288293992886,-0.0212191479790396,-0.000522515593908631,0.965231958752248,0.0200959949127613,1.00922563607446,-0.000749883808612043,0.67,0.1,1.025,0.35,0.6,0.25,0.4,0.005,0.975,0.8,0.1,1.1547049051187,0.765541827049038,0.461881962047479,0.24913049438769,0.358295783854549,0.570205212337506,-1.29581781998565,2.49047373033401,5.50031029426763
96,-0.00241238007643609,0.706210722760732,0.102047406410778,-0.00299771833072038,-0.00462380611221624,0.000821051299370046,0.0349586023239741,0.020575128048414,0.0188654141077266,4.17953987778533,4.95526180935578,0.481462875733257,3.29169889817612,0.319659151404352,3.43293157265573,2.14860513638337,1.35727841252057,-0.0729519762482069,6.37061397767226,9.58756177020456,0.742171422116133,0.22270776064919,0.197265311178532,0.0140013712267302,0.952311829167893,2.8645266150187,0.638048925542488,0.28075802715583,0.571387097500736,0.238077957291973,0.180238797145628,0.424106264516042,-0.00298213986370492,5.5341242070185e-05,1.00965964994412,1.00257555802318,1.00706589330275,0.553018390387754,0.0564340924365336,0.390547517175713,1.03150821238916,1.02855639979918,0.625880560363546,0.395370074758139,-0.0212506351216855,-0.000553939576432915,0.965227208062485,0.0200707834381452,1.00941875635869,-0.000751553716397242,0.67,0.1,1.025,0.35,0.6,0.25,0.4,0.005,0.975,0.8,0.1,1.15375715642135,0.766893600443696,0.461502862568541,0.248101291652316,0.356706602542129,0.570244978792147,-1.29269335429199,2.45430972298932,5.50152040888966
97,-0.00249643240128303,0.709930536424089,0.102131704197346,-0.00376824582574309,-0.00459051871784433,0.00065258743980956,0.035015691850363,0.0206207785196427,0.0189099379133578,4.17954906877854,4.92102721124495,0.478336454842313,3.263087682851,0.317000534936148,3.4178488335209,2.1558924053623,1.33467488038007,-0.0727184522214568,6.3781227028335,9.50248724368508,0.73654658781029,0.223334379180809,0.195948684903748,0.013928050253285,0.949499824485961,2.85105834426612,0.636164882405594,0.279390634728584,0.569699894691577,0.23737495612149,0.180653150488148,0.423913666710908,-0.00290940543679664,9.46461723740799e-05,1.00985704763157,1.00249108543671,1.00734765854965,0.551857423869202,0.0563621391737189,0.391780436957079,1.03145741831076,1.02850681487245,0.630774651066556,0.390501436836535,-0.0212760879030911,-0.000571526874328785,0.965252388612086,0.0200249415689203,1.00961890252634,-0.000752854245696203,0.67,0.1,1.025,0.35,0.6,0.25,0.4,0.005,0.975,0.8,0.1,1.15277036221655,0.768157948730216,0.461108144886621,0.247117133193899,0.35507121301351,0.570049849643912,-1.29020035945273,2.41851395424265,5.50280770042248
98,-0.0025725822181892,0.713571302522194,0.102133674702672,-0.00455445363643225,-0.00457365916053076,0.000531226865563728,0.0350168944165955,0.0206376400173243,0.0189287069613768,4.18622755294881,4.89780383149829,0.475961434614203,3.23612719988072,0.314253428103631,3.40325296289854,2.16316391098295,1.31255523777552,-0.072466185859924,6.39216709783678,9.43049938360804,0.731596859430091,0.223833840386723,0.194623251516772,0.0138481825721813,0.946773392238417,2.83798479650294,0.634338172799739,0.278212996131945,0.56806403534305,0.236693348059604,0.181058206481703,0.423728035736484,-0.00279586894744809,0.000135703649492684,1.01005208922313,1.00241455487072,1.00761913752678,0.550750266449347,0.0562501485559476,0.392999584994706,1.03138944827828,1.0284454086568,0.63561655115424,0.385676660561123,-0.0212932117153626,-0.000573930078300981,0.965316513992492,0.0199611867278926,1.00982078600905,-0.000753784113043521,0.67,0.1,1.025,0.35,0.6,0.25,0.4,0.005,0.975,0.8,0.1,1.15177097759621,0.769365103476449,0.460708391038486,0.246189262209817,0.353378406462689,0.569552358152588,-1.28828434626884,2.38321307811158,5.50423968262483
99,-0.00263764872346235,0.717178577024091,0.102057055036451,-0.00532002428848932,-0.00457326505946565,0.000458856421268194,0.0349565654742701,0.020622941174948,0.0189192816785506,4.20046037629874,4.88614843423324,0.474414667235352,3.21085205991896,0.311440736723176,3.3892701893353,2.17052609609799,1.29093573262594,-0.0721916393886358,6.41372291716078,9.37220750145064,0.727426144707352,0.224201725112689,0.193282484029405,0.0137623801374605,0.944129226282668,2.82543663592564,0.632566581609388,0.277236456734434,0.566477535769601,0.236032306570667,0.181465280348646,0.423555372252478,-0.00264398235994778,0.000173893136468345,1.01023874811504,1.00234916303292,1.00787109459766,0.549681405958039,0.0560988655003736,0.394219728541588,1.03130173555964,1.02837005923194,0.640411054547333,0.38088899984662,-0.0213000543939528,-0.000560019438456279,0.965423815197448,0.0198833813104435,1.01001863548524,-0.000754342400772389,0.67,0.1,1.025,0.35,0.6,0.25,0.4,0.005,0.975,0.8,0.1,1.15078766491453,0.770547025352374,0.460315065965812,0.245323680161925,0.351626381999467,0.568722742370407,-1.2868645157923,2.34851628349329,5.50587892728716
100,-0.0026908834024159,0.720794345025051,0.101909575213471,-0.00602703044720543,-0.00458858899270975,0.000429933371198343,0.0348389775879532,0.0205788554890747,0.0188836096335212,4.22200564390654,4.88503634771467,0.473623369752437,3.18709831186579,0.308575518577247,3.37599119597594,2.17806582332362,1.26981764789184,-0.0718922752395289,6.44264190840499,9.32643355252335,0.723977929703009,0.224455057077848,0.191927328350493,0.0136713166128542,0.941563907404211,2.81351510277525,0.630847817960822,0.276446383151318,0.564938344442527,0.235390976851053,0.181884615903021,0.423401734661372,-0.00246225124183507,0.000203140292624081,1.01041157213091,1.00229566218057,1.00809732123621,0.548635457956956,0.0559112064674414,0.395453335575603,1.03119533850552,1.02828128503872,0.645163359999239,0.376131800759838,-0.0212951607590774,-0.000530294931978984,0.965571111871347,0.0197963100292335,1.01020677101393,-0.000754528557920222,0.67,0.1,1.025,0.35,0.6,0.25,0.4,0.005,0.975,0.8,0.1,1.14984879087111,0.771736001603074,0.459939516348443,0.244518361820996,0.349826693785349,0.567589237175461,-1.28582943888706,2.31450160480052,5.50776950750292
101,-0.00275406103188863,0.724323183152764,0.101794063834949,-0.00574631983534457,-0.00461808495730587,0.000255068776046752,0.0349296889502844,0.0206420735989448,0.0189439442770622,4.21765699443706,4.84609634078094,0.469064606515022,3.16112625122851,0.305588459157443,3.36282086637745,2.18533186577861,1.24905748536341,-0.0715684847645665,6.44584482768701,9.24109245810137,0.716660966323431,0.22515135487149,0.190755310689732,0.0135763854155324,0.939092776849715,2.80177938066109,0.629192160489309,0.275255415783962,0.563455666109829,0.234773194212429,0.182295387400152,0.423249230528087,-0.00241418039346574,6.85466826181842e-05,1.01056663080708,1.00223216866295,1.00831589965352,0.547609964064223,0.0557434436386079,0.396646592297169,1.0311549843166,1.02823819590995,0.649850810558571,0.371431466318006,-0.0212822768765764,-0.000487430806048864,0.965571111871347,0.0197963100292335,1.01038040393075,-0.000754528557920222,0.67,0.1,1.025,0.35,0.6,0.25,0.4,0.005,0.975,0.8,0.1,1.14897865593899,0.772902719641619,0.459591462375595,0.2435512506825,0.348341562805019,0.567637184445558,-1.283890626287,2.28092541650122,5.50951882158452
102,-0.0028154445290978,0.727763226707457,0.101703586484335,-0.00552588939438015,-0.0046411872330101,8.60916227649611e-05,0.0350202152099233,0.0207051606962327,0.0190041513727925,4.21292403549254,4.80781560950007,0.464699799713204,3.13567722275865,0.302737979582937,3.34977914610177,2.19236871943142,1.22864177102737,-0.0712313443570189,6.44843020648486,9.15729824497407,0.709693558761259,0.225825413612057,0.189603331733289,0.0134871238221363,0.936666590416949,2.79014961427657,0.627566615579356,0.27400939928779,0.561999954250169,0.234166647604237,0.182687962051164,0.423126925534051,-0.00237042242497321,6.4395175082381e-05,1.01073736051349,1.00217047824826,1.00854832830459,0.546607346353194,0.0555919275228051,0.397800726124001,1.03111497655419,1.02819551802422,0.654481571414277,0.366782918347658,-0.0212644897619351,-0.000489720817642488,0.965571111871347,0.0197963100292335,1.01055557252162,-0.000754528557920222,0.67,0.1,1.025,0.35,0.6,0.25,0.4,0.005,0.975,0.8,0.1,1.14811229626952,0.77409666803242,0.459244918507809,0.242609393541958,0.346873003076646,0.567684769739873,-1.28132532061958,2.24775934539575,5.51122352337795
103,-0.00287502820455563,0.731113613002084,0.101632714766687,-0.00535288170705228,-0.00465928270313298,-7.70562655549867e-05,0.0351104959597142,0.020768074842998,0.0190641909733156,4.20783379183869,4.77021590538121,0.460503283801131,3.11079144764924,0.300006493179859,3.336870011165,2.19918860687609,1.20856945545635,-0.070888051167434,6.45043945971598,9.07508069855847,0.703024315628019,0.226478128600276,0.188471955175541,0.0134025898144631,0.934278438978041,2.77863275503696,0.625966554115287,0.27278693199865,0.560567063386824,0.23356960974451,0.183061067599077,0.422998489011412,-0.00232980725878837,6.14298421504495e-05,1.01091012838822,1.00211059665442,1.00878099858756,0.545629247675222,0.0554537816973376,0.39891697062744,1.03107533693068,1.02815327327654,0.659057320038761,0.362186555488379,-0.0212438755271409,-0.000492206197550295,0.965571111871347,0.0197963100292335,1.01073235338089,-0.000754528557920222,0.67,0.1,1.025,0.35,0.6,0.25,0.4,0.005,0.975,0.8,0.1,1.14723790336086,0.775248927387403,0.458895161344346,0.24168937454281,0.345421283735373,0.567732498930938,-1.27832672538611,2.21500123134113,5.51289809359845
104,-0.00293282200635709,0.734374250727651,0.101577198516771,-0.00521714809371265,-0.00467345704666267,-0.000234476267894856,0.0352004756167506,0.0208307786797232,0.0191240278098344,4.202414668383,4.73331107760393,0.456454776956261,3.08647518146944,0.297380076969143,3.32410277982222,2.20580310577105,1.18884334074105,-0.0705436666898795,6.45191283388172,8.99445749595035,0.696613238177009,0.227110400399382,0.187361553459032,0.0133220509414851,0.931930277842932,2.76723610801148,0.624393286154765,0.271588978859387,0.559158166705759,0.232982569460733,0.183415340671712,0.422859628831658,-0.00229149489501315,5.9312708219513e-05,1.01108478376922,1.00205251388361,1.00901376899959,0.544676712672084,0.0553267345705546,0.399996552757361,1.03103607943755,1.02811147422626,0.663578490761663,0.357643376118655,-0.0212218668803183,-0.000494587985306469,0.965571111871347,0.0197963100292335,1.01091071561071,-0.000754528557920222,0.67,0.1,1.025,0.35,0.6,0.25,0.4,0.005,0.975,0.8,0.1,1.14635575861433,0.776349748380441,0.458542303445731,0.240788671966467,0.343986715605795,0.567780894194726,-1.27503759687678,2.18265865435811,5.51455528945295
105,-0.00298884749696966,0.737545638821372,0.101533709627543,-0.00511069099858141,-0.00468456029664577,-0.000386300203995882,0.0352900948060934,0.0208932323475125,0.0191836242622709,4.19669527426738,4.69711135183569,0.452538463978123,3.06272670338349,0.29484773849016,3.31148625043687,2.2122232521595,1.16946469434789,-0.0702016960705186,6.45289016051523,8.91543890697907,0.690429445460536,0.227723105544747,0.186272336576382,0.0132449390627712,0.929623582294982,2.75596697626095,0.622847800137638,0.270416156142176,0.557774149376989,0.232405895573745,0.1837514714564,0.422711620973253,-0.00225487520107143,5.78079220911205e-05,1.0112611314874,1.00199620826555,1.00924646535129,0.543750328577939,0.0552089879717135,0.401040683450347,1.03099721867258,1.02807013402345,0.668045428806377,0.353154023874805,-0.021199452681182,-0.000496658526930935,0.965571111871347,0.0197963100292335,1.01109055207618,-0.000754528557920222,0.67,0.1,1.025,0.35,0.6,0.25,0.4,0.005,0.975,0.8,0.1,1.14546652645997,0.777400212481274,0.458186610583987,0.239905485490104,0.342569607384949,0.567830434522341,-1.27156281340434,2.15073836811532,5.51620656818822
106,-0.00304313474252399,0.74062872427301,0.101499641744443,-0.00502721606595014,-0.0046932580744915,-0.000532680647918338,0.0353792925421588,0.020955394910088,0.019242941693618,4.19070388951389,4.66162379296376,0.448741959645864,3.03954245682795,0.292400746344972,3.29902857525133,2.21845951771204,1.1504335741207,-0.069864516581407,6.45341031732583,8.83802900064451,0.684449001641372,0.228317091516488,0.185204387945074,0.0131708122319425,0.927359434797373,2.74483242654815,0.62133082131424,0.269268824949913,0.556415660878424,0.231839858699343,0.184070181416587,0.422555610101267,-0.00221951217523959,5.67367466180753e-05,1.01143894728438,1.00194164958376,1.00947889301194,0.542850334671262,0.055099114489984,0.402050550838754,1.0309587692818,1.02802926586363,0.672458412259446,0.348718887357029,-0.0211772996164747,-0.00049827729200558,0.965571111871347,0.0197963100292335,1.01127170256754,-0.000754528557920222,0.67,0.1,1.025,0.35,0.6,0.25,0.4,0.005,0.975,0.8,0.1,1.14457113062388,0.778401675587354,0.457828452249553,0.239038546333384,0.341170256544522,0.567881553800076,-1.26797893628775,2.11924632010658,5.5178621521197
107,-0.00309571991226521,0.743624790577404,0.101472953577251,-0.00496177435702794,-0.00470007165111141,-0.00067378360642445,0.0354680078573092,0.0210172254190744,0.0193019414503945,4.18446807990927,4.62685270418792,0.445055509025494,3.01691739328396,0.290032113326306,3.28673718497272,2.22452180210906,1.13174907637989,-0.069533693516229,6.45351084872238,8.76222663186037,0.678653254214371,0.22889317349368,0.184157692302209,0.0130993253787994,0.925138597046408,2.73383912767175,0.619842860021093,0.268147146461909,0.555083158227845,0.231284649261602,0.184372206789634,0.422392625727485,-0.00218510092687492,5.59645902145632e-05,1.0116179897643,1.00188880148817,1.00971084641496,0.541976707287211,0.0549959772585063,0.403027315454283,1.03092074554828,1.02798888258552,0.6768176695964,0.344338172688205,-0.0211558422846053,-0.000499354442005808,0.965571111871347,0.0197963100292335,1.01145397148078,-0.000754528557920222,0.67,0.1,1.025,0.35,0.6,0.25,0.4,0.005,0.975,0.8,0.1,1.14367066275529,0.779355680877345,0.457468265102115,0.238186973516747,0.339788942635532,0.567934640449065,-1.2643414479097,2.08818766777765,5.51953110076827
108,-0.00314664343048601,0.74653537031565,0.101452046291591,-0.00491047780369713,-0.00470540928454988,-0.00080978301438106,0.0355561809954458,0.0210786836972619,0.0193605855987801,4.17801442645288,4.59279997509685,0.441471371234883,2.99484525234023,0.287736197521378,3.27461874992655,2.23041943641609,1.11340952573922,-0.069210212228767,6.4532277091426,8.68802625705182,0.673027564297033,0.229452132434086,0.183132157431451,0.0130302077695381,0.922961567823986,2.72299324377548,0.61838425044207,0.267051125459567,0.553776940694391,0.230740391955996,0.184658286160455,0.422223596886134,-0.00215143454332314,5.53909107828595e-05,1.01179800937479,1.00183762335236,1.0099421161576,0.541129225780076,0.0548986672635731,0.40397210695635,1.0308831610994,1.02794899638518,0.681123393819854,0.340011955823618,-0.0211353496434725,-0.000499838137436449,0.965571111871347,0.0197963100292335,1.01163714123887,-0.000754528557920222,0.67,0.1,1.025,0.35,0.6,0.25,0.4,0.005,0.975,0.8,0.1,1.14276631344505,0.780263894040224,0.457106525378019,0.237350165660288,0.338425922509458,0.567990038131219,-1.26069020758706,2.05756679309672,5.52122138634955
109,-0.00319594855807486,0.749362176736696,0.101435667543244,-0.0048702736627374,-0.00470959074168187,-0.000940856624626951,0.0356437542700509,0.0211397309040373,0.0194188374565279,4.17136834261472,4.55946538645177,0.43798334502379,2.97331879204419,0.285508394608273,3.26267916813156,2.23616119429157,1.09541262169722,-0.0688946478572294,6.45259509984254,8.615418613736,0.66756033746088,0.229994714145159,0.182127631124163,0.0129632456860464,0.920828629631187,2.71230036899123,0.616955181852896,0.265980644659415,0.552497177778712,0.230207157407797,0.184929151208908,0.422049364271556,-0.00211837863838855,5.49413604331621e-05,1.01197875508768,1.00178807169913,1.01017249423948,0.540307523639382,0.0548064543389979,0.404886022021621,1.03084602870494,1.02790961861929,0.685375753807924,0.335740219999787,-0.021115973807711,-0.000499704751825711,0.965571111871347,0.0197963100292335,1.01182098240737,-0.000754528557920222,0.67,0.1,1.025,0.35,0.6,0.25,0.4,0.005,0.975,0.8,0.1,1.14185932059068,0.781128053573515,0.456743728236271,0.236527719999253,0.337081427068412,0.568048047193088,-1.25705354758202,2.02738731883425,5.52293996993594
110,-0.00324368030794503,0.752107050301259,0.101422836350724,-0.00483876619835077,-0.00471286649135116,-0.00106718296644481,0.0357306726640524,0.0212003299329422,0.019476661967434,4.16455395855811,4.52684687803619,0.434586403956131,2.95232997921518,0.283344900636227,3.25092357289113,2.24175530864991,1.07775555310834,-0.0685872888671202,6.45164537637373,8.5443912912621,0.662242284848114,0.230521629089423,0.181143914454,0.0128982691228763,0.918739886439356,2.70176549289011,0.615555723914368,0.264935491827609,0.551243931863613,0.229684971609839,0.185185519923716,0.421870690362757,-0.00208585186259229,5.45616798260089e-05,1.01215997930226,1.00174010129052,1.01040177786465,0.539511128038131,0.0547187488484059,0.405770123113463,1.03080936014433,1.02787075967632,0.689574903373156,0.331522882326594,-0.0210977856997495,-0.0004989513442175,0.965571111871347,0.0197963100292335,1.01200526124898,-0.000754528557920222,0.67,0.1,1.025,0.35,0.6,0.25,0.4,0.005,0.975,0.8,0.1,1.14095093117498,0.781949932889874,0.456380372469991,0.235719372140798,0.335755659225618,0.568108926602671,-1.25345133634426,1.99765212819144,5.52469287647149
111,-0.00328988461975876,0.754771917006694,0.101412784271995,-0.00481407598603267,-0.0047154327298552,-0.00118893912141205,0.0358168842317972,0.0212604456803146,0.0195340259548471,4.15759405608899,4.49494078479706,0.431276416266115,2.9318701473716,0.281242529274284,3.23935635423676,2.24720949199786,1.06043508871052,-0.0682882264716191,6.45040900908572,8.47492921377679,0.65706586064492,0.2310335527274,0.180180772196295,0.0128351415761395,0.916695294391227,2.69139298863709,0.614185847242122,0.2639153812214,0.550017176634736,0.229173823597807,0.185428091728527,0.42168826794344,-0.00205381103506533,5.42129575401784e-05,1.01234144137846,1.00169366595714,1.01062977213812,0.538739490370285,0.054635071715726,0.406625437913989,1.0307731661264,1.02783242889913,0.693720988448441,0.327359812489778,-0.0210808009382189,-0.000497589885354751,0.965571111871347,0.0197963100292335,1.01218974529755,-0.000754528557920222,0.67,0.1,1.025,0.35,0.6,0.25,0.4,0.005,0.975,0.8,0.1,1.14004237339272,0.782731311665321,0.456016949357087,0.234924951557172,0.334448792815343,0.568172896198071,-1.24989726062652,1.96836338836358,5.52648526743965
112,-0.00333460773584378,0.757358755985607,0.101404909341332,-0.00479472907342049,-0.00471744314560107,-0.00130629912302827,0.0359023403500784,0.0213200452153799,0.0195908982826614,4.15051004170256,4.46374204560205,0.428049930095519,2.91193012834162,0.279198571140605,3.22798118990919,2.25253095911415,1.04344764972013,-0.067997418925102,6.44891458297856,8.40701505181545,0.652024834522104,0.231531126247591,0.179237941032765,0.0127737522110813,0.914694686891353,2.68118661762778,0.612845440217206,0.262919970567739,0.548816812134811,0.228673671722838,0.185657544085742,0.421502727336095,-0.00202223985340903,5.38679537903931e-05,1.01252291011727,1.00164871922548,1.0108562919146,0.53799200977178,0.0545550309772682,0.407452959250952,1.03073745624865,1.02779463454637,0.697814152745273,0.323250845755234,-0.0210649985005072,-0.000495642844452125,0.965571111871347,0.0197963100292335,1.01237420740413,-0.000754528557920222,0.67,0.1,1.025,0.35,0.6,0.25,0.4,0.005,0.975,0.8,0.1,1.13913483673704,0.783473954408542,0.455653934694814,0.234144348967629,0.333160972239715,0.568240139115028,-1.24640051901785,1.93952257797057,5.52832151042695
113,-0.00337789573304697,0.759869574401879,0.10139873999487,-0.00477956976818006,-0.0047190181317337,-0.00141943283099044,0.0359869958547169,0.0213790978754227,0.0196472499459357,4.14332194792452,4.43324438821874,0.424904009181709,2.89250036238785,0.277210685630241,3.21680108260803,2.25772645108476,1.02678936890842,-0.067714737385155,6.44718882634002,8.34062957535375,0.647113967285702,0.232014957568744,0.178315136035364,0.0127140098589071,0.912737795217655,2.67114954584675,0.611534322795829,0.261948874527304,0.547642677130593,0.228184448804414,0.185874530238003,0.421314642599195,-0.00199114036931638,5.35082535339478e-05,1.01270416543529,1.00160521478829,1.01108116300028,0.537268051180524,0.0544783034292042,0.408253645390272,1.03070223898605,1.02775738378262,0.701854542169672,0.319195791887744,-0.0210503340574156,-0.000493139830611471,0.965571111871347,0.0197963100292335,1.0125584286078,-0.000754528557920222,0.67,0.1,1.025,0.35,0.6,0.25,0.4,0.005,0.975,0.8,0.1,1.13822945818595,0.784179594661273,0.455291783274379,0.233377492664199,0.331892312679968,0.56831080429655,-1.24296707354611,1.91113051790868,5.53020524513989
114,-0.0034197941752846,0.762306388086188,0.101393906816672,-0.00476769208142924,-0.0047202520010261,-0.00152850516532843,0.0360708090910553,0.0214375753044215,0.0197030541083658,4.13604845535503,4.40344049354205,0.421836107443491,2.87357099070174,0.275276817829445,3.20581840104987,2.26280225996557,1.01045613939817,-0.0674399983138719,6.44525666002656,8.27575195841933,0.642328765378783,0.23248562252716,0.177412055810226,0.0126558384197192,0.910824265545509,2.66128436832077,0.610252257915491,0.261001675387166,0.546494559327305,0.227706066386377,0.186079677821199,0.421124536882634,-0.00196052659820328,5.31220656000781e-05,1.01288499942543,1.00156310685384,1.01130422286336,0.536566959148398,0.0544046202567979,0.409028420594804,1.03066752170152,1.02772068268992,0.705842308230724,0.315194441165869,-0.0210367493965928,-0.00049011505073909,0.965571111871347,0.0197963100292335,1.01274220010562,-0.000754528557920222,0.67,0.1,1.025,0.35,0.6,0.25,0.4,0.005,0.975,0.8,0.1,1.13732731304224,0.784849923578995,0.454930925216895,0.232624331536215,0.330642900732841,0.568385009014977,-1.23960057060494,1.88318740498278,5.53213944565277
115,-0.00346034785935331,0.764671206682924,0.101390120408618,-0.00475838587592203,-0.00472121863666553,-0.00163367561211603,0.0361537419003532,0.0214954514494174,0.0197582860999886,4.1287069295534,4.37432214162708,0.418843973527457,2.85513193335731,0.273395134783817,3.19503492299883,2.26776425354033,0.994443655557032,-0.067172986098529,6.44314126113569,8.21236004326338,0.637665295558497,0.232943666182971,0.176528386595755,0.0125991733457521,0.908953673087534,2.65159313891813,0.608998960968648,0.260077931565189,0.54537220385252,0.227238418271883,0.186273588141017,0.420932887094847,-0.0019304197718195,5.27025247074582e-05,1.01306521695304,1.00152235040135,1.01152532097468,0.53588806835122,0.054333755775672,0.409778175873108,1.03063331067221,1.02768453629453,0.709777610634637,0.311246568354769,-0.0210241789894056,-0.000486605398724316,0.965571111871347,0.0197963100292335,1.01292532453548,-0.000754528557920222,0.67,0.1,1.025,0.35,0.6,0.25,0.4,0.005,0.975,0.8,0.1,1.13642940930253,0.785486581908685,0.45457176372101,0.23188482308807,0.329412795360203,0.568462841357136,-1.23630301530905,1.85569284760652,5.5341264788161
116,-0.00349960063265085,0.766966022340464,0.101387154056003,-0.00475109458938217,-0.00472197591827639,-0.00173509793293214,0.0362357595591075,0.0215527025256809,0.0198129233854954,4.12131346825264,4.34588034170233,0.415925578403134,2.83717295520886,0.271563976686998,3.18445187891501,2.2726178997898,0.978747447732824,-0.0669134686076098,6.44086413628743,8.15043057047252,0.633120045436632,0.233389604195648,0.175663805542081,0.0125439589541105,0.907125533904772,2.64207740342464,0.607774107716197,0.259177184383857,0.544275320342863,0.226781383476193,0.186456835950646,0.420740128002623,-0.00190084485249605,5.22463846810723e-05,1.01324463590295,1.00148290136419,1.01174431887229,0.535230711534273,0.0542655186058295,0.410503769859898,1.03059961112692,1.0276489486046,0.713660619222204,0.307351935261869,-0.0210125544840729,-0.000482649031798518,0.965571111871347,0.0197963100292335,1.01310761673771,-0.000754528557920222,0.67,0.1,1.025,0.35,0.6,0.25,0.4,0.005,0.975,0.8,0.1,1.13553668468308,0.786091154591157,0.454214673873234,0.231158925158839,0.328202029062439,0.56854436263838,-1.23307526264794,1.82864590286156,5.53616815885863
117,-0.00353759526619694,0.769192801181935,0.10138483014911,-0.00474538205995412,-0.00472256918879943,-0.00183292002603674,0.0363168306844486,0.02160930695924,0.0198669455111851,4.11388295544845,4.31810544802409,0.413079060664,2.81968372173911,0.269781819562313,3.17406999523555,2.27736829079941,0.963362912115633,-0.0666612076794961,6.43844520087626,8.08993938015028,0.628689818922831,0.23382392423151,0.174817983347651,0.012490146376015,0.905339314829298,2.63273823435099,0.60657734093563,0.258298963473049,0.543203588897579,0.226334828707324,0.186629969603106,0.420546655859427,-0.00187182801302157,5.17530158742164e-05,1.01342308716729,1.00144471675747,1.01196109002262,0.534594225468435,0.0541997447478122,0.411206029783752,1.03056642729108,1.02761392265519,0.717491515378635,0.303510292325529,-0.0210018077041648,-0.000478284322125726,0.965571111871347,0.0197963100292335,1.01328890412425,-0.000754528557920222,0.67,0.1,1.025,0.35,0.6,0.25,0.4,0.005,0.975,0.8,0.1,1.13465000562645,0.786665167381718,0.453860002250581,0.230446590369214,0.327010609204518,0.568629609722588,-1.22991737303683,1.80204511425744,5.53826579828376
118,-0.00357437337004118,0.771353476955352,0.101383009546609,-0.0047409065032864,-0.00472303397017804,-0.00192728389940711,0.0363969271157362,0.0216652453133719,0.0199203340367588,4.10642911972996,4.29098726317468,0.410302685406397,2.80265384648571,0.26804724678806,3.16388953658634,2.28202016591685,0.948285336676207,-0.0664159660067209,6.43590286154274,8.03086158832626,0.624371658181831,0.234247087375663,0.173990586389067,0.0124376919940945,0.903594441847541,2.62357626633053,0.605408276037852,0.257442791084564,0.542156665108524,0.225898610461885,0.186793511479737,0.420352831638442,-0.00184339485271174,5.12236388473644e-05,1.0136004144431,1.00140775476311,1.01217551953438,0.533977955365133,0.0541362921464619,0.411885752488405,1.03053376243673,1.02757946055807,0.72127049302076,0.299721379558451,-0.0209918725792115,-0.00047354909657952,0.965571111871347,0.0197963100292335,1.01346902675528,-0.000754528557920222,0.67,0.1,1.025,0.35,0.6,0.25,0.4,0.005,0.975,0.8,0.1,1.13377016776634,0.787210085013727,0.453508067106535,0.229747762562778,0.325838519438677,0.568718597233482,-1.2268288679069,1.77588854960833,5.54042025520437
119,-0.00360997534102489,0.773449946389621,0.101381583243242,-0.00473740010516754,-0.00472339809067823,-0.00201832572517624,0.0364760237801285,0.0217205002041424,0.0199730724567258,4.09896459486037,4.26451513019188,0.407594813498979,2.78607293137272,0.266358927419485,3.15391034643804,2.28657793403337,0.933509923886963,-0.066177511482292,6.43325409980342,7.97317174199373,0.620162785689738,0.234659529528134,0.173181278449812,0.0123865562535657,0.901890307222251,2.6145917312767,0.604266505838908,0.256608185540984,0.54113418433335,0.225472576805563,0.186947958618459,0.420158983931264,-0.00181556917200934,5.06607413869358e-05,1.01377647389341,1.00137197478227,1.01238750376835,0.533381258099401,0.0540750364183893,0.41254370548221,1.03050161893539,1.02754556355427,0.724997759246956,0.295984927073545,-0.020982686320501,-0.000468480097194928,0.965571111871347,0.0197963100292335,1.01364783720043,-0.000754528557920222,0.67,0.1,1.025,0.35,0.6,0.25,0.4,0.005,0.975,0.8,0.1,1.13289789744786,0.787727310532841,0.453159158979146,0.229062374692241,0.324685721179835,0.568811319648783,-1.22380891193976,1.75017383852845,5.54263197728508
120,-0.00364444033510854,0.775484065883513,0.101380465842479,-0.00473465302137954,-0.00472368335135176,-0.00210617595225748,0.0365540985480611,0.021775056208886,0.0200251461150816,4.09150098111448,4.23867801473785,0.404953878783656,2.76993060103402,0.264715599726624,3.14413188588404,2.29104569490984,0.919031810755663,-0.065945619781456,6.4305145553113,7.9168439555834,0.616060561488382,0.235061662769659,0.172389722129932,0.012336702759558,0.900226275574986,2.60578449270726,0.603151604635241,0.255794663994338,0.540135765344992,0.225056568893747,0.187093783482681,0.419965411561183,-0.00178837216820673,5.00676376593556e-05,1.0139511337125,1.00133733746322,1.0125969498763,0.532803504513129,0.0540158674900464,0.413180627996825,1.03046999831224,1.02751223206782,0.728673534718999,0.292300655351567,-0.020974190070565,-0.000463112609906128,0.965571111871347,0.0197963100292335,1.01382520024423,-0.000754528557920222,0.67,0.1,1.025,0.35,0.6,0.25,0.4,0.005,0.975,0.8,0.1,1.1320338539935,0.788218185510893,0.452813541597401,0.228390347740529,0.323552155099768,0.568907753273139,-1.22085644174108,1.72489820913522,5.54490104247443
121,-0.0036778062582252,0.777457649234078,0.101379590443086,-0.00473250083510002,-0.00472390683150414,-0.00219095945952219,0.0366311320831458,0.0218288997705914,0.0200765421160472,4.08404890626645,4.21346457836482,0.402378371312588,2.7542165320238,0.263116058727879,3.13455327034142,2.29542725950316,0.904846086574463,-0.065720075736195,6.42769860763116,7.86185203121286,0.612062451897452,0.235453876686838,0.171615580000654,0.0122880975931802,0.898601689106795,2.5971540788236,0.602063131701552,0.255001744633057,0.539161013464077,0.224650422276699,0.187231434825278,0.419772385950681,-0.00176182194625428,4.9448137336409e-05,1.01412427362713,1.00130380471048,1.01280377529411,0.532244081010353,0.0539586869485862,0.413797232041061,1.03043890130051,1.02747946575972,0.732298053831809,0.288668275360305,-0.0209663291921138,-0.000457480220969448,0.965571111871347,0.0197963100292335,1.01400099248151,-0.000754528557920222,0.67,0.1,1.025,0.35,0.6,0.25,0.4,0.005,0.975,0.8,0.1,1.13117863247753,0.788683990912274,0.452471452991013,0.227731590371884,0.322437742614023,0.569007858088993,-1.21797025562938,1.70005852363225,5.54722719671402
122,-0.00371010977098246,0.779372466173513,0.101378904633276,-0.00473081472599735,-0.00472408191138285,-0.00227279573618733,0.0367071076898916,0.0218820191004436,0.0201272492329852,4.0766180854212,4.18886324380715,0.399866825161883,2.73892047765557,0.26155914677825,3.12517330406842,2.29972616927445,0.890947808695045,-0.0655006739010675,6.42481945573271,7.80816956468011,0.608166006833642,0.235836539649726,0.170858515553895,0.0122407087945771,0.897015872099918,2.58869971407148,0.601000634306945,0.254228948446761,0.538209523259951,0.22425396802498,0.18736133861266,0.419580153275396,-0.00173593326300984,4.88062996393761e-05,1.01429578435734,1.00127133968016,1.01300790720859,0.531702390609466,0.053903405950882,0.414394203439652,1.03040832789532,1.02744726358109,0.735871564716302,0.285087488599492,-0.0209590533157944,-0.000451614669659241,0.965571111871347,0.0197963100292335,1.01417510183797,-0.000754528557920222,0.67,0.1,1.025,0.35,0.6,0.25,0.4,0.005,0.975,0.8,0.1,1.13033276682854,0.789125948436023,0.452133106731415,0.227085999087536,0.321342387342,0.569111579486827,-1.21514907538038,1.67565131252051,5.54960988881051
123,-0.00374138630359636,0.781230241532796,0.101378367352526,-0.00472949376555387,-0.00472421907334475,-0.00235179907937877,0.0367820111617861,0.0219344040802061,0.0201772578170834,4.06921737911396,4.16486225312106,0.39741780969993,2.72403228908698,0.260043746486971,3.11599051246019,2.30394571447903,0.877332016574123,-0.0652872185929647,6.42188919464809,7.75577003887239,0.604368843567209,0.236210000037324,0.170118193985827,0.0121945059732731,0.895468134815835,2.58042034901282,0.59996365032661,0.253475800635531,0.537280880889501,0.223867033703959,0.187483898982222,0.419388936431012,-0.00171071744212857,4.81462529066827e-05,1.01446556705519,1.00123990676489,1.01320928201218,0.531177853580566,0.0538499435698167,0.414972202849617,1.03037827740616,1.02741562382518,0.739394329111735,0.281557987120261,-0.0209523162319958,-0.000445545772984674,0.965571111871347,0.0197963100292335,1.0143474270427,-0.000754528557920222,0.67,0.1,1.025,0.35,0.6,0.25,0.4,0.005,0.975,0.8,0.1,1.12949673312314,0.789545222196282,0.451798693249255,0.226453458720209,0.32026597652574,0.569218849877818,-1.21239158790054,1.65167280725316,5.55204830265213
124,-0.00377167007826642,0.783032654889297,0.101377946433094,-0.00472845887924755,-0.00472432652949484,-0.00242807880136753,0.0368558307576541,0.0219860462537253,0.0202265597910026,4.06185482773056,4.14144968681047,0.395029920087017,2.70954191945706,0.25856877401972,3.1070031781303,2.30808895652759,0.863993745276322,-0.0650795236736155,6.41891887266317,7.70462686163565,0.6006686304005,0.236574587618003,0.169394282547646,0.0121494599673788,0.893957776883141,2.57231467711101,0.598951710511705,0.252741820427292,0.536374666129885,0.223489444220785,0.187599499212986,0.419198938055861,-0.00168616511060093,4.74893693012308e-05,1.01463353500997,1.00120947157134,1.01340784702881,0.530669907767578,0.0537982254833163,0.415531866749105,1.03034874845805,1.02738454412508,0.742866622336875,0.278079453332342,-0.0209460756692172,-0.000439307267264844,0.965571111871347,0.0197963100292335,1.01451787934792,-0.000754528557920222,0.67,0.1,1.025,0.35,0.6,0.25,0.4,0.005,0.975,0.8,0.1,1.12867095296844,0.789942922935553,0.451468381187374,0.225833842254639,0.319208381836185,0.56932959069742,-1.20969647398124,1.62811897307494,5.55454139915867
125,-0.00380099413684348,0.784781340586159,0.10137761667402,-0.00472764811527882,-0.00472441071338126,-0.00250173944092091,0.0369285566491195,0.0220369384487189,0.0202751482895944,4.0545377744956,4.11861361521279,0.392701783947722,2.6954394840649,0.257133179639788,3.09820934933306,2.31215872840575,0.850928032729489,-0.0648774118021714,6.41591861449072,7.65471358186317,0.597063094565909,0.236930614011373,0.168686452046113,0.0121055427805703,0.892484088957088,2.56438119769599,0.597964339601249,0.252026568821864,0.535490453374253,0.223121022239272,0.187708502421994,0.419010337411131,-0.00166230173718078,4.68012060830128e-05,1.0147996038492,1.00118000089247,1.0136035507547,0.5301780086725,0.053748182932196,0.416073808395304,1.03031973920058,1.02735402167085,0.746288732523344,0.274651560557928,-0.020940293081272,-0.000432912148186328,0.965571111871347,0.0197963100292335,1.01468637466801,-0.000754528557920222,0.67,0.1,1.025,0.35,0.6,0.25,0.4,0.005,0.975,0.8,0.1,1.12785579526106,0.790320101092615,0.451142318104425,0.225227014573527,0.318169462495215,0.569443712222974,-1.20706242077086,1.60498553091651,5.55708790544443
126,-0.00382939037214199,0.78647788803538,0.10137735833227,-0.00472701293729827,-0.00472447666519604,-0.00257288097470165,0.037000181218403,0.0220870749913849,0.0203230178661905,4.04727284182812,4.09634202479083,0.390432046789951,2.68171522321406,0.255735939809141,3.08960688783839,2.31615766661018,0.838129935430919,-0.0646807142027108,6.41289762946196,7.60600379688433,0.593549999643617,0.237278374425168,0.167994376246557,0.0120627272472363,0.891046359499625,2.55661820048373,0.597001060864749,0.251329576365411,0.534627815699775,0.222761589874906,0.187811253401515,0.418823298066711,-0.0016391283451203,4.61070991848582e-05,1.0149637050136,1.001151462676,1.0137963563482,0.529701629361712,0.0536997518889894,0.416598618749299,1.03029124718172,1.02732405307336,0.749660960340057,0.271273972986676,-0.0209349333267327,-0.000426391758838268,0.965571111871347,0.0197963100292335,1.0148528408445,-0.000754528557920222,0.67,0.1,1.025,0.35,0.6,0.25,0.4,0.005,0.975,0.8,0.1,1.12705158484057,0.790677760556241,0.450820633936227,0.224632830188357,0.317149064557324,0.569561116495102,-1.20448813872403,1.58226799574104,5.55968638005495
127,-0.00385688956163629,0.788123842235536,0.101377155940665,-0.00472651531962376,-0.00472452833354609,-0.00264159902577665,0.0370706987624511,0.0221364515064795,0.0203701643032825,4.04006600633397,4.07462289597074,0.38821937458261,2.66835953025941,0.254376056838938,3.08119348322827,2.3200882198338,0.825594533293479,-0.0644892698990046,6.40986429599762,7.5584712649948,0.590127148497261,0.237618148425124,0.167317732620686,0.012020986974718,0.889643872476256,2.5490238029,0.596061394559092,0.250650394237299,0.533786323485754,0.222410968119064,0.187908078595273,0.418637967409574,-0.0016166431574801,4.54104163923323e-05,1.01512577573926,1.00112382599056,1.01398623165805,0.529240260240788,0.0536528723925085,0.417106867366704,1.03026326945506,1.02729463447413,0.752983618997844,0.267946345397458,-0.0209299643953021,-0.000419768317027512,0.965571111871347,0.0197963100292335,1.01501721425915,-0.000754528557920222,0.67,0.1,1.025,0.35,0.6,0.25,0.4,0.005,0.975,0.8,0.1,1.1262585999937,0.791016857294846,0.450503439997481,0.224051135357227,0.316147022799366,0.56968169794294,-1.20197236463353,1.55996169474684,5.5623352223402
128,-0.00388352140258222,0.789720704450015,0.101376997381837,-0.00472612547130424,-0.004724568811867,-0.00270798506716585,0.0371401053622882,0.0221850648320547,0.0204165845324781,4.03292264490011,4.05344423495981,0.386062452774262,2.65536296213905,0.253052557234285,3.07296667582991,2.32395266249785,0.813316938438582,-0.064302925106525,6.40682622092614,7.51208995403088,0.586792381154885,0.237950200883072,0.166656202654409,0.0119802962528637,0.888275911011389,2.54159597105512,0.595144860377631,0.249988581517504,0.532965546606833,0.222068977752847,0.187999287354891,0.418454476216661,-0.00159484183204387,4.47142532186988e-05,1.01528576092433,1.0010970609904,1.01417315112271,0.528793408733631,0.0536074880127217,0.417599103253647,1.03023580262182,1.0272657615868,0.75625703356195,0.26466832355705,-0.0209253571189993,-0.000413062302525787,0.965571111871347,0.0197963100292335,1.01517943928686,-0.000754528557920222,0.67,0.1,1.025,0.35,0.6,0.25,0.4,0.005,0.975,0.8,0.1,1.12547707771717,0.791338298294578,0.45019083108687,0.223481769002505,0.315163161835777,0.569805344477816,-1.1995138643927,1.53806179314212,5.56503269377544
129,-0.0039093145478394,0.791269933003427,0.101376873162732,-0.0047258200529392,-0.00472460052363277,-0.00277212661901149,0.0372083987582553,0.0222329129378167,0.0204622765578092,4.02584757781391,4.03279410176055,0.383959985843074,2.64271624538388,0.251764490480493,3.06492387685123,2.32775310746988,0.801292302033406,-0.06412153265205,6.40379029534179,7.46683408353074,0.583543573659266,0.238274782873326,0.166009472100266,0.0119406299877487,0.886941759131385,2.5343325390758,0.594250978618028,0.249343705504878,0.532165055478831,0.221735439782846,0.188085172815323,0.418272940870658,-0.00157371770340219,4.4021424813466e-05,1.01544361262284,1.00107113887942,1.01435709530044,0.528360598893594,0.0535635454182208,0.418075855688185,1.03020884287074,1.02723742973623,0.759481540488147,0.261439544415902,-0.0209210849040485,-0.000406292542494096,0.965571111871347,0.0197963100292335,1.01533946776616,-0.000754528557920222,0.67,0.1,1.025,0.35,0.6,0.25,0.4,0.005,0.975,0.8,0.1,1.12470721674252,0.791642945644578,0.44988288669701,0.222924563609766,0.314197297163899,0.569931938502183,-1.19711143374459,1.51656331624905,5.56777693760434
130,-0.00393429664185022,0.792772944163109,0.101376775846253,-0.00472558077959118,-0.00472462536745366,-0.00283410743844326,0.0372755782312188,0.0222799948471811,0.0205072393824683,4.01884510931537,4.01266063476254,0.381910697212558,2.6304102817296,0.250510928136274,3.05706238682906,2.33149151798133,0.789515820282281,-0.0639449514345436,6.40076274707847,7.42267816122142,0.580378637567353,0.238592132518196,0.1653772311843,0.0119019636530649,0.88564070329574,2.52723122687901,0.593379271208145,0.248715341953974,0.531384421977444,0.221410175823935,0.188166012736417,0.418093464470841,-0.00155326202738826,4.33344633351798e-05,1.01559928956056,1.00104603187494,1.01453805042148,0.527941370967791,0.0535209940245651,0.418537635007644,1.03018238601551,1.02720963389534,0.762657487143946,0.258259636337093,-0.0209171234810391,-0.00039947630106597,0.965571111871347,0.0197963100292335,1.01549725849008,-0.000754528557920222,0.67,0.1,1.025,0.35,0.6,0.25,0.4,0.005,0.975,0.8,0.1,1.12394918041827,0.791931618665188,0.449579672167307,0.222379346086176,0.313249236143665,0.570061357836646,-1.19476389779297,1.49546116993064,5.57056599686369
131,-0.00395849435637212,0.794231113079929,0.101376699605987,-0.0047253933262148,-0.00472464483074952,-0.00289400770158255,0.0373416444897558,0.0223263105630545,0.0205514729390064,4.01191906565947,3.99303207224987,0.379913329408794,2.61843615248964,0.249290963148955,3.04937941249786,2.33516971878447,0.777982739647212,-0.0637730459338262,6.39774918991934,7.37959701441558,0.577295519878515,0.238902475784592,0.164759174774035,0.0118642732545932,0.884372033742148,2.52028965647423,0.592529262607239,0.248103075242064,0.530623220245289,0.221093008435537,0.188242070309191,0.417916137862061,-0.00153346422166769,4.26556220840707e-05,1.01575275667391,1.00102171317185,1.0147160079629,0.527535280930861,0.0534797857064881,0.418984933362651,1.03015642753006,1.02718236871971,0.765785231320772,0.255128219354619,-0.0209134506753908,-0.000392629370756794,0.965571111871347,0.0197963100292335,1.01565277671935,-0.000754528557920222,0.67,0.1,1.025,0.35,0.6,0.25,0.4,0.005,0.975,0.8,0.1,1.12320309944331,0.792205095978847,0.449281239777323,0.221845938570278,0.312318778913344,0.570193476570222,-1.19247010980617,1.47475015941005,5.57339783090308
132,-0.00398193342566762,0.79564577476832,0.101376639877375,-0.00472524647010442,-0.00472466007880257,-0.0029519041774031,0.0374065995632539,0.022371860997321,0.0205949780229748,4.00507283078151,3.97389677112947,0.377966644367038,2.60678512184129,0.24810370932765,3.04187208218505,2.33878940658778,0.766688361366116,-0.0636056857688408,6.39475466967701,7.33756581684178,0.574292203230138,0.239206027233857,0.16415500251308,0.0118275353042906,0.883135045667052,2.51350536688298,0.591700480596925,0.247506498478385,0.529881027400231,0.220783761416763,0.188313594926131,0.417741040588742,-0.00151431209815948,4.19868844056508e-05,1.01590398467206,1.0009981569072,1.01489096424604,0.52714190000057,0.0534398745606331,0.419418225438797,1.03013096258164,1.02715562858005,0.768865140741805,0.252044905456834,-0.0209100461986394,-0.000385766163728722,0.965571111871347,0.0197963100292335,1.0158059937188,-0.000754528557920222,0.67,0.1,1.025,0.35,0.6,0.25,0.4,0.005,0.975,0.8,0.1,1.122469074449,0.79246411751426,0.448987629779598,0.221324159188867,0.311405719243533,0.57032816583876,-1.19022894967079,1.4544250065595,5.57627033050584
133,-0.00400463868093996,0.79701822511,0.101376593084421,-0.00472513141904285,-0.00472467202452498,-0.0030078703933677,0.0374704467007991,0.0224166479039714,0.0206377562299601,3.99830937966826,3.95524322315643,0.376069423820133,2.5954486391581,0.246948300926398,3.03453745983577,2.34235215980815,0.755628045331955,-0.0634427453043415,6.39178370728796,7.29656011137885,0.571366706243559,0.23950299072697,0.163564418926943,0.0117917268013699,0.881929040260206,2.50687582776396,0.590892456974338,0.246925213565406,0.529157424156123,0.220482260065051,0.18838082291543,0.417568241779764,-0.00149579208432151,4.13299759131061e-05,1.01605294962235,1.00097533812566,1.01506292005648,0.526760814144609,0.0534012167083565,0.419837969147035,1.03010598606178,1.02712940759252,0.771897592569157,0.249009298890926,-0.0209068914600827,-0.000378899801447781,0.965571111871347,0.0197963100292335,1.01595688631758,-0.000754528557920222,0.67,0.1,1.025,0.35,0.6,0.25,0.4,0.005,0.975,0.8,0.1,1.12174717843025,0.792709386437259,0.448698871372101,0.220813822759298,0.31050984533189,0.570465294536264,-1.18803932222791,1.43448036574056,5.57918133170994
134,-0.00402663408386592,0.798349721869322,0.101376556425599,-0.00472504128494333,-0.00472468138311577,-0.00306197679290554,0.0375331902756938,0.0224606738157911,0.0206798098959334,3.9916313095438,3.9370600689058,0.374220469719852,2.58441834050597,0.245823892301496,3.02737255776544,2.3458594476773,0.7447972133912,-0.0632841033030579,6.38884033906885,7.25655582911819,0.568517083936691,0.239793560087299,0.162987133503902,0.0117568252184013,0.880753325609272,2.50039845183132,0.590104728158212,0.246358831220258,0.528451995365563,0.220188331402318,0.188443978239552,0.417397800969528,-0.00147788943143987,4.06863788424988e-05,1.0161996325586,1.00095323274571,1.01523188028582,0.526391623585656,0.0533637701303939,0.42024460628395,1.03008149261531,1.02710369964714,0.774882972913258,0.246020996484472,-0.0209039693977305,-0.000372042201748829,0.965571111871347,0.0197963100292335,1.01610543649324,-0.000754528557920222,0.67,0.1,1.025,0.35,0.6,0.25,0.4,0.005,0.975,0.8,0.1,1.12103745902824,0.792941571004325,0.448414983611295,0.220314741437375,0.309630940541325,0.570604729963568,-1.18590015563787,1.41491083828009,5.58212862842137
135,-0.00404794275912661,0.799641485711031,0.101376527706119,-0.00472497067147726,-0.0047246887148803,-0.00311429088489978,0.0375948374062586,0.0225039433019675,0.0207211433299036,3.98504069904225,3.91933576545518,0.372418567294693,2.57368600972817,0.244729650999192,3.02037434293927,2.34931263418404,0.734191351197977,-0.0631296424427386,6.38592798434476,7.21752892119598,0.56574138416541,0.240077924277326,0.162422861671861,0.0117228083142641,0.879607217488342,2.49407060199543,0.589336835717189,0.245806966808,0.527764330493005,0.219901804372086,0.188503273158853,0.417229768859986,-0.00146058954916073,4.00562073736653e-05,1.01634401911168,1.00093181752708,1.01539785359475,0.526033942309922,0.053327494526941,0.420638563163137,1.03005747548024,1.02707849705444,0.777821676202164,0.2430795881031,-0.0209012643052651,-0.000365204162567475,0.965571111871347,0.0197963100292335,1.01625163097913,-0.000754528557920222,0.67,0.1,1.025,0.35,0.6,0.25,0.4,0.005,0.975,0.8,0.1,1.12033994066864,0.793161306336708,0.448135976267456,0.219826721998756,0.308768785828969,0.57074634924572,-1.18381039654592,1.39571098392243,5.58510997307895
136,-0.00406858702587375,0.800894701213342,0.101376505206528,-0.00472491535100694,-0.0047246944587761,-0.00316487738542537,0.0376553907591838,0.0225464574325646,0.0207617573990441,3.97853984014716,3.90206003099859,0.370662641241802,2.56324373949179,0.24366478463579,3.01353976429197,2.35271300072689,0.723806013207023,-0.0629792496419396,6.38305018092208,7.17945696625709,0.563037831093782,0.240356248805564,0.161871320902833,0.0116896548581293,0.878490039559602,2.48788961505731,0.588588326504934,0.245269257478062,0.527094023735761,0.219622509889901,0.188558908757532,0.417064188161783,-0.00144387450110071,3.94430661977754e-05,1.01648609929153,1.000911070039,1.01556085222629,0.525687397583034,0.0532923511980828,0.421020251218883,1.03003393146384,1.02705379632628,0.780714105253824,0.240184656523965,-0.0208987617777889,-0.000358395441083032,0.965571111871347,0.0197963100292335,1.01639546089493,-0.000754528557920222,0.67,0.1,1.025,0.35,0.6,0.25,0.4,0.005,0.975,0.8,0.1,1.11965462594519,0.793369196369039,0.447861850378077,0.219349580105406,0.307923152898609,0.570889994269195,-1.18176901987025,1.37687533795728,5.58812312214346
137,-0.00408858842809756,0.80211051787098,0.10137648757976,-0.00472487201148231,-0.00472469895869432,-0.00321379835202484,0.0377148595835375,0.022588222291167,0.0208016578616945,3.97213016474814,3.8852216055151,0.368951511747195,2.553083686449,0.242628498839008,3.00686574455423,2.35606173749309,0.713636822207714,-0.062832815146568,6.38020953301793,7.14231669068376,0.560404538922992,0.240628706651909,0.161332237090311,0.0116573434833573,0.877401125525879,2.48185279640295,0.587858754102339,0.244745335420511,0.526440675315527,0.21935028138147,0.188611075875207,0.416901093523973,-0.00142772716424593,3.88463309238123e-05,1.01662586674131,1.00089096862976,1.01572089129058,0.525351629476032,0.0532583029405839,0.421390067583384,1.0300108532027,1.02702958916916,0.783560670029725,0.23733577845996,-0.0208964484896847,-0.000351624832603832,0.965571111871347,0.0197963100292335,1.01653692139918,-0.000754528557920222,0.67,0.1,1.025,0.35,0.6,0.25,0.4,0.005,0.975,0.8,0.1,1.11898149947426,0.793565814081087,0.447592599789706,0.218883119433273,0.307093816861706,0.571035544411103,-1.17977501492426,1.35839841768354,5.5911658075018
138,-0.00410796776388322,0.803290051084153,0.101376473770489,-0.00472483805815183,-0.00472470248404799,-0.00326111331084233,0.0377732518935512,0.0226292429545426,0.0208408494764051,3.96581303172189,3.86880982865645,0.367284065690404,2.5431982346348,0.241620025654668,3.00034919459096,2.35935995619181,0.703679470985377,-0.0626902325862257,6.37740848991862,7.10608570979729,0.557839712232719,0.240895457314005,0.160805339978841,0.0116258534738725,0.876339817944151,2.47595743374486,0.587147678022581,0.244234846250079,0.52580389076649,0.219084954486038,0.18865995530908,0.416740513564396,-0.00141212992038405,3.8266679985165e-05,1.01676331888397,1.0008714923973,1.01587798894003,0.525026290403417,0.0532253139578992,0.421748395638684,1.02998823461315,1.02700586882197,0.78636178763613,0.234532524498992,-0.020894312135122,-0.000344900238669529,0.965571111871347,0.0197963100292335,1.01667601136344,-0.000754528557920222,0.67,0.1,1.025,0.35,0.6,0.25,0.4,0.005,0.975,0.8,0.1,1.11832052747574,0.793751705736837,0.447328210990297,0.218427146959967,0.306280548075569,0.571182865910371,-1.17782738934735,1.34027473261327,5.59423575902136
139,-0.00412674511355863,0.804434383130478,0.101376462951945,-0.00472481145821635,-0.00472470524590218,-0.00330687937694596,0.0378305764285896,0.0226695250117165,0.0208793374905977,3.95958954913201,3.85281423190002,0.365659211849222,2.53357995332457,0.240638615923834,2.99398702146878,2.36260869643143,0.693929723828243,-0.0625513987908891,6.37464918008862,7.07074207927532,0.555341593534623,0.241156653006472,0.160290364406547,0.0115951645524563,0.875305469277119,2.47020080469613,0.58645466441567,0.243737444100915,0.525183281566271,0.21882636731928,0.188705718481284,0.416582470231608,-0.00139706479362516,3.77046279771186e-05,1.01689845646892,1.00085262116087,1.01603216594411,0.524711044674552,0.053193349780926,0.422095605544522,1.02996606948207,1.02698262841173,0.789117881770857,0.231774459559378,-0.0208923413302353,-0.000338228736528356,0.965571111871347,0.0197963100292335,1.01681273306673,-0.000754528557920222,0.67,0.1,1.025,0.35,0.6,0.25,0.4,0.005,0.975,0.8,0.1,1.11767166017901,0.793927390055206,0.447068664071604,0.217981469492152,0.305483115008501,0.571331825867672,-1.17592516824948,1.32249879409084,5.5973307122768
140,-0.00414493986674788,0.805544564117695,0.101376454476414,-0.0047247906191259,-0.00472470740961106,-0.00335115136818276,0.0378868425870342,0.02270907451943,0.0209171275984553,3.95346059462108,3.83722454308722,0.364075881085296,2.52422159493126,0.239683539029055,2.98777613536806,2.36580893165453,0.684383417342561,-0.0624162136290294,6.37193343744284,7.03626429904669,0.552908463361762,0.241412439111847,0.159787050290453,0.0115652568764409,0.874297442257041,2.46458018358824,0.585779286312217,0.243252791515256,0.524578465354224,0.21857436056426,0.18874852794462,0.416426979707417,-0.0013825135743972,3.71605411004108e-05,1.01703128330211,1.00083433543392,1.01618344544621,0.524405568059267,0.0531623771975384,0.422432054743195,1.02994435148581,1.02695986097204,0.791829382278209,0.229061143250164,-0.0208905255283731,-0.000331616642317083,0.965571111871347,0.0197963100292335,1.01694709190966,-0.000754528557920222,0.67,0.1,1.025,0.35,0.6,0.25,0.4,0.005,0.975,0.8,0.1,1.11703483332582,0.794093360313736,0.44681393333033,0.217545894034557,0.304701284698018,0.571482292598763,-1.1740673935085,1.30506512330779,5.60044841552746
141,-0.00416257074835282,0.806621612915647,0.101376447836462,-0.00472477429323404,-0.00472470910471723,-0.00339398191290263,0.0379420603642218,0.0227478979602095,0.0209542259012525,3.94742683437203,3.82203068992541,0.36253302647201,2.51511609296246,0.238754082632238,2.98171345577592,2.36896157465043,0.675036460989661,-0.0622845798641728,6.36926282576448,7.00263131554744,0.550538640273572,0.241662954602708,0.159295142602115,0.0115361110334961,0.873315110188402,2.45909284759349,0.58512112382623,0.242780559321556,0.523989066113041,0.218328777547101,0.188788537860692,0.416274052894022,-0.00136845793061099,3.66346518898572e-05,1.01716180599343,1.00081661639791,1.01633185273677,0.5241095473681,0.0531323641893537,0.422758088442546,1.02992307420787,1.02693755946015,0.794496724714137,0.226392130230483,-0.0208888549446193,-0.000325069570463426,0.965571111871347,0.0197963100292335,1.01707909614707,-0.000754528557920222,0.67,0.1,1.025,0.35,0.6,0.25,0.4,0.005,0.975,0.8,0.1,1.11640996956554,0.794250085663216,0.446563987826216,0.217120228122798,0.303934823172065,0.571634135949952,-1.17225312320382,1.28796825850524,5.60358663598314
142,-0.00417965584349139,0.807666518066478,0.101376442634549,-0.00472476150310119,-0.00472471043270772,-0.00343542155188448,0.0379962402943216,0.022786002202989,0.0209906388700814,3.94148874072146,3.80722280254333,0.361029623363632,2.5062565597049,0.237849552402654,2.97579591701938,2.37206748267098,0.66588483737553,-0.0621564030271336,6.36663866137757,6.96982252250353,0.548230480776502,0.241908332436912,0.158814391334796,0.011507708037349,0.872357857195495,2.45373608220877,0.584479764320981,0.242320426503561,0.523414714317297,0.218089464298874,0.188825894451777,0.41612369586596,-0.00135487950669238,3.61270732081528e-05,1.01729003372034,1.00079944587729,1.01647741504152,0.523822680047381,0.0531032798744991,0.423074040078119,1.02990223115511,1.02691571677286,0.7971203499219,0.223766970566579,-0.020887320488479,-0.000318592489205652,0.965571111871347,0.0197963100292335,1.01720875663835,-0.000754528557920222,0.67,0.1,1.025,0.35,0.6,0.25,0.4,0.005,0.975,0.8,0.1,1.11579697974916,0.794398012373807,0.446318791899666,0.216704280122539,0.30318349583571,0.571787227578994,-1.1704814311664,1.2712027614293,5.60674316541139
143,-0.0041962126214248,0.808680238672426,0.101376438559235,-0.00472475148297524,-0.00472471147309017,-0.00347551883478991,0.0380493933959402,0.0228233944661604,0.0210263733108541,3.93564660851274,3.79279121520348,0.359564669408516,2.49763628367647,0.236969271734616,2.97002047319387,2.37512746217453,0.656924602320864,-0.0620315913015242,6.36406203418705,6.9378177604118,0.545982379164948,0.242148699927529,0.158344551463259,0.0114800293233401,0.871425078420298,2.44850718615309,0.583854802541599,0.241872080062173,0.522855047052179,0.217856269605074,0.188860736427753,0.415975910289333,-0.00134176001139042,3.56378112779704e-05,1.01741597800687,1.00078280631547,1.01662016132415,0.52354467378913,0.0530750944553983,0.423380231755471,1.02988181577296,1.02689432576114,0.79970070361842,0.221185210085327,-0.0208859137037467,-0.000312189772355919,0.965571111871347,0.0197963100292335,1.01733608661438,-0.000754528557920222,0.67,0.1,1.025,0.35,0.6,0.25,0.4,0.005,0.975,0.8,0.1,1.11519576412835,0.794537565015658,0.446078305651342,0.216297859497685,0.30244706782565,0.571941441204051,-1.16875140662543,1.25476322310072,5.60991582513545
144,-0.00421225795850867,0.809663705260838,0.101376435366526,-0.00472474363294562,-0.00472471228815308,-0.00351432041145294,0.0381015311212546,0.0228600822829233,0.0210614363314654,3.92990057027223,3.77872646726532,0.358137184509897,2.48924872688167,0.236112581454969,2.96438410253798,2.37814227322131,0.648151884737167,-0.0619100554204876,6.36153382719315,6.90659731487422,0.543792767288136,0.24238417908898,0.157885382897138,0.0114530567437583,0.870516180175586,2.44340347572771,0.583245840717643,0.241435214871378,0.522309708105351,0.217629045043896,0.188893195389368,0.415830693810577,-0.00132908129507271,3.5166777940825e-05,1.01753965251718,1.0007666807517,1.01676012210247,0.523275246155591,0.0530477791707955,0.423676974673613,1.02986182145927,1.02687337924361,0.802238235991416,0.218646390723271,-0.0208846267146867,-0.000305865247506294,0.965571111871347,0.0197963100292335,1.01746110146027,-0.000754528557920222,0.67,0.1,1.025,0.35,0.6,0.25,0.4,0.005,0.975,0.8,0.1,1.11460621346537,0.794669147576939,0.445842485386148,0.215900777050127,0.301725304334752,0.572096652823074,-1.16706215393407,1.23864426895601,5.61310247046904
145,-0.00422780816020433,0.810617820626305,0.101376432865275,-0.00472473748302638,-0.00472471292669474,-0.00355187111830513,0.0381526653084789,0.0228960734688178,0.0210958353110051,3.92425061028688,3.76501930348401,0.356746210738172,2.48108752190227,0.235278839520989,2.95888381130151,2.38111263354225,0.639562886332163,-0.0617917085729051,6.35905473458084,6.87614191392542,0.541660114249181,0.242614886960811,0.157436650428734,0.0114267725629245,0.869630580057676,2.4384222886843,0.582652488638643,0.241009533529668,0.521778348034605,0.217407645014419,0.1889233962091,0.415688040416878,-0.00131682541739604,3.47138019558778e-05,1.01766107286279,1.00075105279899,1.01689732927735,0.523014124218132,0.0530213062513903,0.423964569530478,1.02984224157726,1.02685287001902,0.804733401307396,0.21615005087037,-0.0208834521777656,-0.000299622240837224,0.965571111871347,0.0197963100292335,1.01758381851292,-0.000754528557920222,0.67,0.1,1.025,0.35,0.6,0.25,0.4,0.005,0.975,0.8,0.1,1.11402821005965,0.794793144522246,0.445611284023861,0.215512845133364,0.301017970908702,0.572252740905913,-1.16541279235807,1.22284056341358,5.61630099463082
146,-0.00424287898218707,0.811543460649952,0.10137643090573,-0.00472473266501849,-0.00472471342694492,-0.00358821406021892,0.0382028081374786,0.0229313760913211,0.0211295778709112,3.91869657765739,3.75166067372179,0.35539081219885,2.47314646885184,0.234467420709567,2.95351663715053,2.38403922230239,0.631153881165748,-0.0616764663176057,6.35662527847943,6.84643272448027,0.539582926042823,0.242840935910452,0.156998123676006,0.0114011594520122,0.868767707022843,2.43356098764288,0.582074363705305,0.24059474620788,0.521260624213706,0.217191926755711,0.188951457390809,0.415547940770193,-0.00130497470604999,3.42786395245939e-05,1.01778025642275,1.0007359066229,1.01703181597368,0.522761044210142,0.0529956488785767,0.424243306911281,1.02982306946733,1.02683279087763,0.807186657530488,0.213695725707782,-0.0208823832382702,-0.000293463618743281,0.965571111871347,0.0197963100292335,1.01770425687257,-0.000754528557920222,0.67,0.1,1.025,0.35,0.6,0.25,0.4,0.005,0.975,0.8,0.1,1.11346162869649,0.794909921794304,0.445384651478598,0.215133877842206,0.300324833716751,0.572409586561223,-1.16380245591329,1.20734681391453,5.61950933217892
147,-0.00425748565058839,0.812441475096091,0.101376429370571,-0.00472472889046471,-0.00472471381885409,-0.00362339068803763,0.0382519720883561,0.0229659984413994,0.0211626718479613,3.91323819839639,3.73864173214104,0.354070074860305,2.4654195322193,0.23367771629872,2.94827965214967,2.38692268357829,0.622921215075715,-0.0615642465043318,6.35424582448161,6.81745134801537,0.5375597451383,0.243062433916262,0.156569577021432,0.0113762004836071,0.867927001431068,2.42881696309842,0.581511090958815,0.240190570494533,0.520756200858641,0.216981750357767,0.188977491409327,0.415410382516691,-0.00129351180738604,3.38609839205408e-05,1.01789722217589,1.00072122692116,1.01716361639252,0.522515751193517,0.0529707811458802,0.424513467660603,1.02980429845797,1.02681313461178,0.809598465952095,0.211282947539134,-0.020881413491229,-0.000287391826454068,0.965571111871347,0.0197963100292335,1.01782243722747,-0.000754528557920222,0.67,0.1,1.025,0.35,0.6,0.25,0.4,0.005,0.975,0.8,0.1,1.11290633752292,0.795019827761788,0.445162535009169,0.214763691180565,0.299645659798389,0.572567073680192,-1.16223029324007,1.19215777448403,5.6227254620026
148,-0.00427164288140867,0.813312688386512,0.101376428167887,-0.00472472593338047,-0.00472471412588593,-0.00365744087204489,0.0383001699028372,0.0229999490069064,0.0211951252690027,3.90787508663668,3.72595383594231,0.352783106345492,2.45790083762442,0.232909133742621,2.94316996535859,2.38976362956833,0.614861304990683,-0.0614549692004275,6.35191659600596,6.7891798155876,0.535589150013705,0.243279484832047,0.156150789547356,0.0113518791260196,0.867107915060436,2.42418763605191,0.580962303090492,0.239796731239345,0.520264749036262,0.216776978765109,0.189001605031099,0.415275350573322,-0.00128241972958533,3.34604743824e-05,1.01801199054457,1.00070699890418,1.01729276567401,0.522277998738282,0.052946678022759,0.424775323238959,1.02978592187587,1.0267938940255,0.811969290831308,0.208911246114823,-0.0208805369461309,-0.000281408923823666,0.965571111871347,0.0197963100292335,1.01793838169094,-0.000754528557920222,0.67,0.1,1.025,0.35,0.6,0.25,0.4,0.005,0.975,0.8,0.1,1.11236219885574,0.795123194116052,0.444944879542298,0.214402103209195,0.2989802172877,0.572725089058879,-1.16069546750433,1.1772682488561,5.62594740990629
149,-0.00428536489913581,0.814157900352773,0.101376427225672,-0.00472472361672316,-0.00472471436642274,-0.00369040297161405,0.0383474145482975,0.0230332364477284,0.0212269463273273,3.90260675501117,3.71358854370375,0.351529035691622,2.45058466850508,0.232161096341296,2.93818472507697,2.39256264355334,0.606970638146008,-0.0613485566223837,6.34963768758182,6.7616005822825,0.533669754647901,0.24349218863422,0.155741544968367,0.011328179237366,0.866309911095226,2.41967046029889,0.580427640433801,0.239412960395724,0.519785946657136,0.216577477773807,0.189023899616919,0.415142827393089,-0.00127168187906169,3.30767042242733e-05,1.01812458324916,1.00069320827637,1.01741929977002,0.52204754861489,0.0529233153204982,0.425029136064611,1.02976793305505,1.02677506194332,0.814299599045997,0.206580148949005,-0.020879747995002,-0.000275516618481245,0.965571111871347,0.0197963100292335,1.01805211364996,-0.000754528557920222,0.67,0.1,1.025,0.35,0.6,0.25,0.4,0.005,0.975,0.8,0.1,1.11182906992631,0.795220336719436,0.444731627970522,0.214048934175112,0.298328275617008,0.572883522500927,-1.15919715631689,1.16267309320087,5.62917325081835
150,-0.00429866545460473,0.814977886966915,0.101376426487517,-0.00472472180179317,-0.00472471455486556,-0.00372231390126077,0.0383937191842762,0.023065869572579,0.0212581433605998,3.8974326242613,3.70153761337333,0.350307013081576,2.44346546275434,0.231433042906207,2.93332112076952,2.39532028262415,0.599245771216893,-0.0612449330715231,6.34740907713036,6.73469652117567,0.531800207975703,0.24370064165268,0.155341631561202,0.0113050850594425,0.865532464090446,2.41526292440597,0.579906750940599,0.239038996862775,0.519319478454268,0.216383116022612,0.189044471407767,0.415012793210502,-0.00126128209072394,3.27092282360281e-05,1.01823502317254,1.00067984121812,1.01754325532635,0.521824170498719,0.052900669659973,0.425275159841308,1.02975032534537,1.02675663121841,0.816589859754492,0.204289181628964,-0.0208790413834562,-0.000269716296501271,0.965571111871347,0.0197963100292335,1.01816365762473,-0.000754528557920222,0.67,0.1,1.025,0.35,0.6,0.25,0.4,0.005,0.975,0.8,0.1,1.11130680356636,0.795311556407717,0.444522721426545,0.213704006624256,0.297689605701359,0.573042266902249,-1.15773455166417,1.14836721849082,5.63240111065495
151,-0.00431155784213111,0.815773401051056,0.101376425909227,-0.00472472037992944,-0.00472471470249658,-0.00375320919331135,0.03843909713133,0.0230978573173485,0.021288724830253,3.89235203212791,3.68979299996005,0.349116209550674,2.43653780932313,0.230724427422855,2.92857638469987,2.39803708019161,0.591683329381485,-0.0611440248732335,6.34523063731124,6.70845091688259,0.529979193311711,0.243904936786415,0.154950842092623,0.011282581211415,0.864775059915347,2.41096255340334,0.579399290143283,0.238674586327433,0.518865035949208,0.216193764978837,0.189063411794701,0.414885226268581,-0.00125120465268431,3.23575694112564e-05,1.01834333423419,1.00066688436866,1.01766466957351,0.521607641686273,0.0528787184410952,0.425513639872632,1.02973309212021,1.02673859473989,0.818840544067732,0.202037868116655,-0.0208784121843868,-0.000264009050787188,0.965571111871347,0.0197963100292335,1.01827303913828,-0.000754528557920222,0.67,0.1,1.025,0.35,0.6,0.25,0.4,0.005,0.975,0.8,0.1,1.1107952488391,0.795397139749188,0.444318099535642,0.213367145498871,0.297063980105223,0.573201218319164,-1.15630685984468,1.134345592539,5.63562916786737
152,-0.00432405491595188,0.816545172966346,0.10137642545618,-0.00472471926600415,-0.00472471481815462,-0.00378312305738471,0.0384835618420907,0.0231292087249244,0.0213186993022702,3.88736424157457,3.67834685296585,0.347955816672144,2.42979644480261,0.230034718711499,2.92394779330015,2.40071354829391,0.584280005325493,-0.0610457603192599,6.3431021459996,6.6828474587639,0.528205427747734,0.244105163704823,0.154568973745644,0.0112606526833507,0.864037195678209,2.40676691021916,0.5789049211044,0.238319481107052,0.518422317406926,0.216009298919552,0.189080807573704,0.414760103028705,-0.00124143432594485,3.20212250593705e-05,1.01844954127301,1.00065432480947,1.0177835802258,0.52139774682265,0.0528574398137864,0.425744813363564,1.02971622678358,1.02672094543954,0.821052124731772,0.199825731042238,-0.0208778557740092,-0.000258395707271654,0.965571111871347,0.0197963100292335,1.01838028459576,-0.000754528557920222,0.67,0.1,1.025,0.35,0.6,0.25,0.4,0.005,0.975,0.8,0.1,1.11029425161922,0.795477359762706,0.444117700647687,0.213038178220914,0.296451173192776,0.573360276021424,-1.15491330140696,1.12060324174019,5.63885565469903
153,-0.00433616910600332,0.817293911281771,0.10137642510125,-0.00472471839332589,-0.00472471490876414,-0.00381208843687331,0.0385271268743937,0.0231599329263943,0.0213480754292726,3.88246844839011,3.6671915135958,0.346825046224402,2.42323624999861,0.229363400087038,2.91943266830069,2.40335017971475,0.577032558198591,-0.0609500696126543,6.34102329595414,6.65787023384686,0.526477661528402,0.244301409035624,0.154195828044488,0.0112392848296157,0.863318379634504,2.40267359687958,0.578423314355118,0.237973439992995,0.517991027780702,0.215829594908626,0.189096741186344,0.41463739836449,-0.00123195635959554,3.16996723012702e-05,1.01855366993865,1.00064215004847,1.01790002538801,0.521194277639769,0.0528368126503482,0.425968909709884,1.0296997227765,1.02670367629795,0.82322507582051,0.197652291989491,-0.0208773678100019,-0.000252876849145395,0.965571111871347,0.0197963100292335,1.01848542117253,-0.000754528557920222,0.67,0.1,1.025,0.35,0.6,0.25,0.4,0.005,0.975,0.8,0.1,1.10980365512552,0.795552476596976,0.443921462050206,0.212716934762749,0.295850961262977,0.573519342531386,-1.15355311108556,1.10713525254284,5.64207885817679
154,-0.00434791243306652,0.818020303423346,0.101376424823189,-0.004724717709647,-0.00472471497975002,-0.00384013706259834,0.0385698058663555,0.0231900391235558,0.0213768619338411,3.87766378821416,3.65631951178024,0.345723129843009,2.41685224650911,0.228709969018971,2.91502837764242,2.40594744992562,0.569937812531849,-0.0608568848150534,6.33899370373297,6.63350371951675,0.52479467740909,0.244493756540243,0.153831210778571,0.0112184633621643,0.862618131080349,2.39868025549617,0.577954147823834,0.23763622809543,0.517570878648209,0.215654532770087,0.189111290947054,0.414517085740813,-0.00122275650195414,3.13923730555056e-05,1.01865574659049,1.00063034800477,1.01801404346936,0.520997032704932,0.0528168165191163,0.426186150775952,1.02968357358288,1.02668678034995,0.825359872438511,0.195517071773012,-0.0208769442115235,-0.000247452839201582,0.965571111871347,0.0197963100292335,1.01858847671071,-0.000754528557920222,0.67,0.1,1.025,0.35,0.6,0.25,0.4,0.005,0.975,0.8,0.1,1.10932330040958,0.795622738173205,0.443729320163832,0.212403247706229,0.295263122670593,0.573678323650584,-1.15222553773242,1.09393677267762,5.64529712085939
155,-0.00435929652330884,0.818725016304176,0.101376424605349,-0.004724717174035,-0.0047247150353622,-0.00386729950380182,0.0386116125132799,0.0232195365726557,0.021405067593,3.8729493430264,3.64572356303939,0.344649318659927,2.41063959331438,0.22807393679234,2.91073233619258,2.40850581886419,0.562992657124403,-0.0607661397960134,6.33701291791024,6.6097327760269,0.523155289999995,0.244682287277456,0.153474931925813,0.0111981743437419,0.861935980233009,2.39478456906091,0.577497106756116,0.237307616689738,0.517161588139805,0.215483995058252,0.189124531257806,0.414399137379035,-0.00121382100813761,3.10987784568525e-05,1.01875579820402,1.00061890699407,1.01812567310409,0.520805817179281,0.0527974316593026,0.426396751161417,1.02966777273482,1.02667025068969,0.827456990433767,0.193419590707148,-0.0208765811409151,-0.000242123840450281,0.965571111871347,0.0197963100292335,1.01868947962348,-0.000754528557920222,0.67,0.1,1.025,0.35,0.6,0.25,0.4,0.005,0.975,0.8,0.1,1.1088530268035,0.795688380793149,0.4435412107214,0.212096952291217,0.294687437934245,0.573837128474812,-1.1509298442419,1.08100301216605,5.64850884136409
156,-0.00437033262224807,0.81940869693593,0.101376424434687,-0.00472471675442243,-0.00472471507893024,-0.00389360521662807,0.0386525605462832,0.0232484345692867,0.0214327012237951,3.86832414713775,3.63539656521777,0.343602882932503,2.40459358338817,0.227454828170442,2.9065420062828,2.41102573256032,0.556194043906658,-0.0606777701841821,6.33508042664323,6.58654263887046,0.521558345099788,0.244867079756055,0.153126805575519,0.0111784041810256,0.861271468100036,2.39098426206716,0.577051883627024,0.236987383064687,0.516762880860022,0.215317867025009,0.189136532810898,0.414283524409373,-0.00120513664438534,3.08183328812332e-05,1.01885385228408,1.00060781571464,1.01823495307841,0.520620442585701,0.0527786389569428,0.426600918457356,1.02965231381741,1.02665408047509,0.829516906120267,0.191359368866648,-0.0208762749869149,-0.000236889835140391,0.965571111871347,0.0197963100292335,1.01878845880664,-0.000754528557920222,0.67,0.1,1.025,0.35,0.6,0.25,0.4,0.005,0.975,0.8,0.1,1.10839267232968,0.795749629714505,0.443357068931871,0.211797886454499,0.294123689832468,0.573995669398757,-1.14966530746811,1.06832924413086,5.65171247469157
157,-0.00438103160816557,0.820071973022215,0.101376424300986,-0.00472471642568706,-0.00472471511306261,-0.00391908259023932,0.038692663712535,0.0232767424343756,0.0214597716699042,3.86378719271851,3.62533159511247,0.342583111664289,2.39870964033741,0.22685218106,2.90245489808694,2.41350762462055,0.549538986786522,-0.0605917133201259,6.33319566463578,6.563918911052,0.520002719021884,0.245048210077246,0.152786649851062,0.0111591396177209,0.860624146338516,2.38727710097341,0.576618178046806,0.236675310372664,0.51637448780311,0.215156036584629,0.189147362780528,0.414170217011351,-0.00119669068957809,3.05504774552037e-05,1.01894993678449,1.00059706323379,1.01834192226328,0.520440726585796,0.0527604199218753,0.426798853492329,1.02963719047308,1.02663826293188,0.831540096010213,0.189335926339027,-0.0208760223492398,-0.000231750642261223,0.965571111871347,0.0197963100292335,1.01888544355712,-0.000754528557920222,0.67,0.1,1.025,0.35,0.6,0.25,0.4,0.005,0.975,0.8,0.1,1.10794207407546,0.795806699695463,0.443176829630184,0.211505890859942,0.293571663488704,0.574153862111185,-1.14843121813372,1.05591080542758,5.65490653236707
158,-0.0043914040049927,0.820715453534374,0.101376424196242,-0.00472471616814718,-0.00472471513980277,-0.00394375899069743,0.0387319357570108,0.0233044695011964,0.0214862877892181,3.85933743489714,3.61552190501779,0.341589312219752,2.39298331507671,0.22626554617946,2.89846856985466,2.41595191758093,0.543024560484397,-0.0605079082106647,6.3313580195417,6.54184755529377,0.518487317916184,0.245225752067454,0.152454286832572,0.0111403677276362,0.859993577105732,2.38366089452544,0.576195696660841,0.236371187482096,0.515996146263439,0.214998394276433,0.189157085003823,0.414059184543147,-0.00118847093421734,3.02946532336442e-05,1.01904408003366,1.00058663897498,1.01844661955269,0.52026649276552,0.0527427566656883,0.426990750568792,1.02962239640546,1.02662279135721,0.833527036555741,0.187348783468658,-0.0208758200243989,-0.000226705933692656,0.965571111871347,0.0197963100292335,1.01898046349768,-0.000754528557920222,0.67,0.1,1.025,0.35,0.6,0.25,0.4,0.005,0.975,0.8,0.1,1.10750106853513,0.795859795510144,0.443000427414054,0.211220808920735,0.2930311464461,0.574311625581562,-1.14722688072973,1.0437430971153,5.6580895824152
159,-0.00440145999469422,0.821339729270193,0.101376424114182,-0.00472471596638369,-0.00472471516075168,-0.00396766080274014,0.0387703904056675,0.0233316251033484,0.021512258442336,3.85497379645974,3.60596091920524,0.340620809934569,2.38741028254324,0.225694486730952,2.89458062801527,2.41835902413788,0.536647899361984,-0.0604262954845923,6.32956683784785,6.52031488620625,0.517011077088679,0.245399777402149,0.152129542479804,0.0111220759077503,0.859379332902482,2.380133493951,0.575784153044663,0.236074808832234,0.515627599741489,0.214844833225621,0.189165760151908,0.413950395660643,-0.00118046567722619,3.00503039522142e-05,1.01913631066587,1.00057653270533,1.01854908380707,0.520097570429101,0.0527256318805761,0.427176797690323,1.0296079253829,1.02660765912287,0.835478203899977,0.185397461092648,-0.0208756649926257,-0.000221755249028384,0.965571111871347,0.0197963100292335,1.01907354850767,-0.000754528557920222,0.67,0.1,1.025,0.35,0.6,0.25,0.4,0.005,0.975,0.8,0.1,1.10706949192171,0.795909112436571,0.442827796768686,0.210942486814418,0.292501928732893,0.574468882038976,-1.14605161340614,1.03182158478308,5.66126024918385
160,-0.00441120942917068,0.821945373396015,0.101376424049894,-0.00472471580831679,-0.00472471517716366,-0.00399081346956631,0.0388080413499493,0.0233582185636411,0.0215376924819197,3.85069517217955,3.59664223035685,0.339676947723164,2.38198633845672,0.225138578076426,2.89078872716543,2.4207293482658,0.530406196249319,-0.0603468173496847,6.32782143027504,6.49930756245036,0.515572960321196,0.245570355721298,0.151812246555347,0.0111042518712907,0.858780996410128,2.37669279304018,0.575383267594786,0.235785974290445,0.515268597846077,0.214695249102532,0.189173445891606,0.413843818426911,-0.00117266372082242,2.98168784687991e-05,1.01922665755775,1.00056673452368,1.01864935380143,0.519933794400895,0.0527090288190555,0.42735717678005,1.02959377124157,1.02659285967811,0.83739407363728,0.183481480768544,-0.0208755544058236,-0.000216898009253958,0.965571111871347,0.0197963100292335,1.01916472865928,-0.000754528557920222,0.67,0.1,1.025,0.35,0.6,0.25,0.4,0.005,0.975,0.8,0.1,1.1066471804507,0.795954836718724,0.442658872180281,0.210670773491395,0.291983802919131,0.574625556944108,-1.14490474785352,1.02014179874669,5.66441721303228
161,-0.00442066184170138,0.822532941972732,0.101376423999529,-0.00472471568448318,-0.00472471519002127,-0.00401324153074323,0.0388449022325427,0.0233842591838327,0.0215625987428569,3.84650043280264,3.58755959596687,0.338757085684848,2.37670739612859,0.224597407418391,2.8870905699528,2.42306328622976,0.524296701273953,-0.0602694175509108,6.32612107673109,6.47881257891452,0.514171959193164,0.245737554736984,0.151502232548316,0.0110868836408362,0.858198160322398,2.37333672812307,0.574992767416007,0.235504489012048,0.514918896193439,0.2145495400806,0.189180197038292,0.413739420412798,-0.00116505436370655,2.95938329055432e-05,1.01931514976974,1.00055723484909,1.01874746817805,0.519775004834827,0.0526929312744928,0.427532063890681,1.02957992788823,1.02657838655218,0.839275120582505,0.181600364993929,-0.0208754855764345,-0.000212133529291584,0.965571111871347,0.0197963100292335,1.01925403415897,-0.000754528557920222,0.67,0.1,1.025,0.35,0.6,0.25,0.4,0.005,0.975,0.8,0.1,1.10623397059796,0.795997146004116,0.442493588239186,0.210405520677553,0.291476564165413,0.57478157895502,-1.14378562917576,1.00869933412932,5.66755920989666
162,-0.00442982645794771,0.823102974466124,0.101376423960072,-0.00472471558746856,-0.00472471520009421,-0.0040349686583383,0.0388809866343008,0.0234097562351673,0.0215869860331841,3.84238842871489,3.57870693472611,0.337860600709889,2.37156948332377,0.224070573485614,2.88348390686692,2.42536122750107,0.518316720695624,-0.0601940413297813,6.32446503084925,6.45881725892761,0.512807092407179,0.245901440333722,0.151199337598648,0.0110699595414574,0.857630427172849,2.37006327795603,0.574612386205809,0.23523016330287,0.514578256303709,0.214407606793212,0.189186065700431,0.413637168789279,-0.00115762739282273,2.9380632479241e-05,1.01940181649203,1.00054802440976,1.01884346540326,0.5196210470311,0.0526773235624014,0.427701629406499,1.02956638930264,1.02656423335647,0.841121818549136,0.179753637418012,-0.0208754559671481,-0.000207461029539837,0.965571111871347,0.0197963100292335,1.01934149529367,-0.000754528557920222,0.67,0.1,1.025,0.35,0.6,0.25,0.4,0.005,0.975,0.8,0.1,1.10582969933359,0.796036209758306,0.442331879733438,0.210146582871545,0.290980010264284,0.574936879887382,-1.14269361575433,0.997489850838552,5.67068503074592
163,-0.00443871220653631,0.823655994242012,0.101376423929161,-0.00472471551146481,-0.00472471520798556,-0.00405601769137198,0.0389163080622624,0.0234347189496654,0.0216108631257226,3.8383579933133,3.57007832290097,0.3369868860866,2.36656873917783,0.223557686224117,2.87996653594759,2.427623555583,0.512463615749364,-0.0601206353847766,6.32285252414199,6.43930924652601,0.511477405119847,0.246062076661953,0.150903402422102,0.0110534681939069,0.857077409158809,2.3668704635262,0.574241864136402,0.234962812484524,0.514246445495285,0.214269352289702,0.189191101416262,0.413537030412143,-0.00115037307389633,2.91767530784376e-05,1.01948668699487,1.00053909423243,1.01893738372809,0.519471771259845,0.0526621905024699,0.427866038237686,1.02955314953972,1.02655039378641,0.842934640136102,0.177940823045277,-0.0208754631813785,-0.000202879646457713,0.965571111871347,0.0197963100292335,1.01942714238149,-0.000754528557920222,0.67,0.1,1.025,0.35,0.6,0.25,0.4,0.005,0.975,0.8,0.1,1.10543420433362,0.796072189657612,0.442173681733448,0.209893817337288,0.290493941674877,0.575091394669799,-1.14162807910462,0.98650907345074,5.67379352093942
164,-0.00444732772924022,0.824192509046656,0.101376423904944,-0.00472471545192155,-0.00472471521416795,-0.00407641066868258,0.0389508799386963,0.0234591565121195,0.0216342387503854,3.8344079461031,3.56166799071794,0.336135351110442,2.36170141117199,0.223058366493719,2.8765363024201,2.42985064875334,0.506734801499561,-0.060049147832806,6.32128276979853,6.42027649879023,0.510181968279224,0.246219526225172,0.15061427123608,0.0110373985078691,0.85653872796257,2.36375634778346,0.573880947734922,0.234702256762453,0.513923236777542,0.214134681990643,0.189195351283087,0.413438971899583,-0.00114328214090282,2.89816826395602e-05,1.01956979058285,1.00053043563211,1.01902926115257,0.51932703259143,0.0526475174012853,0.428025450007285,1.0295402027314,1.02653686162313,0.844714056523135,0.176161448431308,-0.0208755049544429,-0.000198388442285823,0.965571111871347,0.0197963100292335,1.01951100572663,-0.000754528557920222,0.67,0.1,1.025,0.35,0.6,0.25,0.4,0.005,0.975,0.8,0.1,1.10504732417119,0.796105239961285,0.442018929668474,0.209647084092129,0.290018161551342,0.575245061294793,-1.14058840372481,0.975752791012949,5.6768835794974
165,-0.00445568139077527,0.824713011472837,0.101376423885971,-0.00472471540527364,-0.0047247152190113,-0.00409616886028963,0.0389847155911041,0.023483078052751,0.0216571215871128,3.83053709554065,3.55347031876318,0.335305420696035,2.35696385216775,0.222572245770357,2.87319109826583,2.43204288073037,0.50112774570712,-0.0599795281716604,6.31975496615256,6.40170727826534,0.508919877970011,0.246373849961128,0.150331791686319,0.0110217396752798,0.856014014570492,2.36071903530824,0.57352938976223,0.234448321096852,0.513608408742295,0.214003503642623,0.189198860079595,0.413342959703199,-0.00113634578469958,2.87949222479503e-05,1.01965115655292,1.00052204020227,1.01911913539334,0.519186690733139,0.0526332900357174,0.428180019231144,1.02952754308821,1.02652363073477,0.846460537274487,0.174415041870897,-0.0208755791453836,-0.000193986413957163,0.965571111871347,0.0197963100292335,1.01959311557811,-0.000754528557920222,0.67,0.1,1.025,0.35,0.6,0.25,0.4,0.005,0.975,0.8,0.1,1.10466889848881,0.796135507864273,0.441867559395526,0.209406245891153,0.28955247576558,0.575397820765962,-1.13957398693788,0.965216856771659,5.67995415829408
166,-0.00446378128822844,0.825217979412056,0.101376423871108,-0.00472471536872865,-0.00472471522280582,-0.00411531279733468,0.0390178282431197,0.0235064926404887,0.0216795202593982,3.82674424164071,3.54547983440566,0.334496534992825,2.35235251750272,0.222098965854351,2.8699288617361,2.43420062126795,0.495639967711569,-0.0599117272434202,6.31826829984454,6.38359014547666,0.507690254767478,0.246525107317482,0.150055814774546,0.0110064811637228,0.855502909090643,2.35775667192263,0.573186949090731,0.234200835076379,0.513301745454386,0.213875727272661,0.189201670381605,0.413248960172898,-0.00112955564091509,2.86159871050315e-05,1.01973081415587,1.00051389980533,1.01920704385444,0.519050609871944,0.0526194946369353,0.428329895491121,1.02951516490064,1.02651069507765,0.848174550150847,0.172701133578532,-0.0208756837293791,-0.000189672501252445,0.965571111871347,0.0197963100292335,1.01967350209217,-0.000754528557920222,0.67,0.1,1.025,0.35,0.6,0.25,0.4,0.005,0.975,0.8,0.1,1.10429876815315,0.796163133831691,0.441719507261261,0.209171168208008,0.289096692924736,0.575549617041831,-1.13858423872749,0.954897187836556,5.68300426118263
167,-0.0044716352601336,0.825707876493238,0.101376423859464,-0.00472471534009822,-0.00472471522577844,-0.00413386230067481,0.039050231006247,0.023529409276828,0.0217014433283678,3.82302817836535,3.53769120825095,0.333708149005078,2.3478639621488,0.221638178584766,2.86674757681626,2.43632423668543,0.490269037329625,-0.0598456971987908,6.31682194870146,6.36591395155106,0.506492243100964,0.246673356322317,0.149786194787156,0.0109916127099112,0.855005060569536,2.35486744425182,0.572853390581589,0.233959632794769,0.513003036341722,0.213751265142384,0.18920382267163,0.413156939616126,-0.00112290377727886,2.84444072749607e-05,1.01980879256107,1.00050600656357,1.01929302360093,0.518918658523126,0.0526061178750247,0.42847522360185,1.02950306254028,1.02649804869718,0.849856560929284,0.171019255861413,-0.0208758167906969,-0.00018544559427577,0.965571111871347,0.0197963100292335,1.01975219529795,-0.000754528557920222,0.67,0.1,1.025,0.35,0.6,0.25,0.4,0.005,0.975,0.8,0.1,1.10393677539359,0.796188251916006,0.441574710157438,0.208941719212655,0.288650624383899,0.575700396976822,-1.13761858156812,0.944789764786952,5.68603294306072
168,-0.00447925089520982,0.826183152508367,0.101376423850341,-0.00472471531766838,-0.00472471522810736,-0.00415183650820017,0.0390819368723794,0.0235518368902354,0.021722899287378,3.81938769581065,3.53009925063226,0.332939732216784,2.34349483793341,0.221189545559972,2.86364527264665,2.43841409033747,0.485012573771518,-0.0597813914623383,6.31541508435537,6.34866783095234,0.505325010627678,0.246818653649833,0.149522789224942,0.0109771243132601,0.854520126808449,2.35204957924207,0.572528484961661,0.233724552730289,0.512712076085069,0.213630031702112,0.189205355442585,0.413066864351869,-0.00111638268048851,2.82797283014655e-05,1.01988512082424,1.00049835285031,1.01937711133526,0.51879070938449,0.0525931468441812,0.428616143771329,1.02949123046074,1.02648568572859,0.85150703323105,0.169368943285094,-0.0208759765161439,-0.000181304540289481,0.965571111871347,0.0197963100292335,1.01982922506638,-0.000754528557920222,0.67,0.1,1.025,0.35,0.6,0.25,0.4,0.005,0.975,0.8,0.1,1.10358276392599,0.796210990057908,0.441433105570397,0.208717769746357,0.288214084254402,0.575850110259761,-1.13667645025033,0.934890631227672,5.68903930888425
169,-0.00448663554077632,0.826644243825416,0.101376423843194,-0.00472471530009633,-0.00472471522993179,-0.00416925390094214,0.0391129587070516,0.0235737843310635,0.0217438965571008,3.81582158220586,3.52269890814407,0.332190768221949,2.33924189082442,0.22075273786447,2.86062002290617,2.44047054302868,0.479868244576096,-0.0597187646986008,6.3140468746201,6.33184119433786,0.504187747617373,0.246961054681577,0.14926545873395,0.0109630062295546,0.854047774179794,2.34930134364102,0.572212008700462,0.233495437628043,0.512428664507876,0.213511943544949,0.189206305296006,0.412978700759786,-0.00110998524272563,2.81215116816862e-05,1.01995982785805,1.00049093128152,1.01945934337615,0.518666639195945,0.0525805690484533,0.428752791755602,1.02947966319841,1.02647360039747,0.853126428357075,0.167749732831901,-0.0208761611889757,-0.000177248149961391,0.965571111871347,0.0197963100292335,1.01990462108192,-0.000754528557920222,0.67,0.1,1.025,0.35,0.6,0.25,0.4,0.005,0.975,0.8,0.1,1.10323657906266,0.796231470371797,0.441294631625064,0.20849919329424,0.287786889408092,0.575998709350329,-1.13575729170161,0.925195893300569,5.6920225126366
170,-0.00449379631085766,0.827091573788967,0.101376423837595,-0.00472471528632989,-0.0047247152313612,-0.004186132328033,0.0391433092433719,0.0235952603669427,0.0217644434810623,3.81232862573922,3.51548526022325,0.331460754360715,2.33510195827894,0.220327435802049,2.85766994516392,2.44249395337741,0.474833764565563,-0.0596577727790544,6.31271648564506,6.31542372154264,0.503079666348429,0.247100613563497,0.149014067037462,0.0109492489647188,0.853587677443927,2.34662104344552,0.571903743887431,0.23327213438516,0.512152606466356,0.213396919360982,0.189206707035063,0.412892415324856,-0.00110370474796388,2.79693351683532e-05,1.02003294240533,1.00048373470759,1.01953975563976,0.518546328604228,0.0525683723880112,0.428885299007761,1.02946835537303,1.02646178702015,0.854715205130978,0.166161164052249,-0.0208763691832271,-0.000173275203059896,0.965571111871347,0.0197963100292335,1.01997841281696,-0.000754528557920222,0.67,0.1,1.025,0.35,0.6,0.25,0.4,0.005,0.975,0.8,0.1,1.10289806780973,0.79624980941672,0.441159227123891,0.208285865955704,0.287368859477924,0.576146149413774,-1.13486056480341,0.915701719157234,5.69498175626022
171,-0.00450074009399193,0.827525553108877,0.101376423833209,-0.00472471527554497,-0.00472471523248097,-0.00420248903057807,0.0391730010765913,0.0236162736786205,0.0217845483216088,3.80890761622307,3.50845351578158,0.33074920136165,2.33107196665615,0.219913328635287,2.85479320020371,2.44448467813314,0.469906894820485,-0.0595983727499132,6.31142308386264,6.2994053546955,0.502000000515714,0.247237383259122,0.148768480869158,0.0109358432686902,0.853139519566768,2.34400702332172,0.571603478109734,0.233054493938729,0.511883711740061,0.213284879891692,0.189206593752686,0.412807974677861,-0.00109753485807371,2.78227930422694e-05,1.02010449301469,1.00047675620554,1.01961838362302,0.518429662032549,0.0525565451459189,0.429013792821532,1.02945730168807,1.0264502400039,0.856273819749433,0.164602779209,-0.0208765989584326,-0.000169384453666046,0.965571111871347,0.0197963100292335,1.0200506295088,-0.000754528557920222,0.67,0.1,1.025,0.35,0.6,0.25,0.4,0.005,0.975,0.8,0.1,1.10256707895284,0.796266118453583,0.441026831581135,0.20807766641296,0.286959816855189,0.57629238825422,-1.13398574020502,0.906404338397949,5.69791628855632
172,-0.00450747356075449,0.827946580237344,0.101376423829773,-0.00472471526709572,-0.00472471523335827,-0.00421834066449389,0.0392020466592662,0.0236368328562173,0.0218042192562705,3.80555734661023,3.50159900989312,0.330055632990499,2.32714892869391,0.21951011433139,2.85198799132594,2.44644307245111,0.465085441675572,-0.0595405228007447,6.31016583774541,6.28377629147127,0.500948004650544,0.247371415599138,0.14852856990747,0.0109227801294003,0.852702991538546,2.34145766600171,0.571311004330826,0.232842371156613,0.511621794923128,0.213175747884637,0.189205996915068,0.412725345632016,-0.00109146959889935,2.76814961852068e-05,1.02017450801853,1.00046998907144,1.01969526238901,0.518316527554975,0.0525450759753891,0.429138396469636,1.02944649693102,1.02643895384703,0.85780272563971,0.163074123414996,-0.0208768490547056,-0.000165574634897358,0.965571111871347,0.0197963100292335,1.02012130013885,-0.000754528557920222,0.67,0.1,1.025,0.35,0.6,0.25,0.4,0.005,0.975,0.8,0.1,1.10224346313215,0.7962805036894,0.44089738525286,0.207874475897919,0.286559586683673,0.576437386246889,-1.13313230013469,0.897300041481395,5.70082540405869
173,-0.00451400317100852,0.828355041734734,0.10137642382708,-0.00472471526047635,-0.0047247152340455,-0.00423370332236561,0.0392304582969717,0.0236569463958738,0.0218234643744987,3.80227661437294,3.49491720053938,0.329379585705648,2.32332994104889,0.219117499314382,2.84925256363073,2.44836949012804,0.460367255736574,-0.0594841822338828,6.30894391938777,6.26852697848208,0.499922953553014,0.247502761327597,0.148294206711141,0.0109100507668673,0.85227779219397,2.33897139166064,0.57102612076996,0.232635624730969,0.511366675316382,0.213069448048493,0.189204946440809,0.412644495216051,-0.00108550334629751,2.75450721429009e-05,1.02024301551301,1.00046342681314,1.0197704265541,0.51820681677534,0.0525339538874991,0.429259229337161,1.02943593597354,1.02642792313886,0.859302373324232,0.161574744763918,-0.02087711808815,-0.00016184446323921,0.965571111871347,0.0197963100292335,1.02019045341403,-0.000754528557920222,0.67,0.1,1.025,0.35,0.6,0.25,0.4,0.005,0.975,0.8,0.1,1.10192707290749,0.796293066509284,0.440770829162997,0.207676178157675,0.286167996851016,0.576581106269464,-1.13229973820869,0.88838517910921,5.70370844188646
174,-0.00452033518089398,0.828751312624482,0.101376423824971,-0.0047247152552905,-0.00472471523458395,-0.00424859255437193,0.039258248144531,0.0236766226967619,0.021842291674751,3.79906422275442,3.48840366541443,0.328720608320478,2.31961218189968,0.218735198223568,2.846585203286,2.45026428380211,0.455750230918511,-0.0594293114346207,6.30775650592559,6.25364810480979,0.498924141736824,0.247631470145017,0.148065266655999,0.0108976466273994,0.851863628034058,2.33654665727782,0.570748630782819,0.232434117074512,0.511118176820435,0.212965907008515,0.189203470775955,0.41256539070399,-0.00107963081224774,2.74131650589742e-05,1.0203100433401,1.0004570631432,1.0198439102769,0.518100424710512,0.0525231682393505,0.429376407050138,1.02942561377141,1.02641714255949,0.86077321029197,0.160104194454608,-0.0208774047465776,-0.000158192642442825,0.965571111871347,0.0197963100292335,1.02025811775017,-0.000754528557920222,0.67,0.1,1.025,0.35,0.6,0.25,0.4,0.005,0.975,0.8,0.1,1.10161776281447,0.796303903696876,0.440647105125787,0.207482659418761,0.285784877977527,0.57672351363288,-1.13148755923859,0.879656161589062,5.70656478458072
175,-0.00452647564956524,0.829135756737405,0.101376423823319,-0.00472471525122786,-0.00472471523500584,-0.00426302338832396,0.0392854282027221,0.0236958700584354,0.0218607090619011,3.79591898190283,3.4820540987921,0.328078261672776,2.31599290861241,0.218362933678265,2.84398423678379,2.4521278051206,0.451232303505356,-0.0593758718421678,6.30660278080686,6.23913059568132,0.497950882886787,0.247757590748574,0.147841627872966,0.0108855593779135,0.85146021304987,2.33418195598493,0.570478342743413,0.232237714219487,0.510876127829922,0.212865053262467,0.189201596965144,0.412487999641906,-0.00107384703106236,2.72854355640334e-05,1.02037561907146,1.00045089197219,1.01991574724872,0.517997249677828,0.052512708722653,0.42949004159952,1.02941552536445,1.02640660687959,0.862215680876511,0.158662026908998,-0.0208777077855097,-0.000154617867102936,0.965571111871347,0.0197963100292335,1.0203243212572,-0.000754528557920222,0.67,0.1,1.025,0.35,0.6,0.25,0.4,0.005,0.975,0.8,0.1,1.10131538941225,0.796313107643826,0.440526155764901,0.207293808350391,0.285410063402686,0.576864576011747,-1.13069527903736,0.871109458179563,5.70939385692928
176,-0.00453243044568775,0.829508727045744,0.101376423822024,-0.00472471524804507,-0.00472471523533624,-0.00427701034886263,0.0393120103154298,0.0237146966784996,0.0218787243449535,3.79283970989645,3.47586430845656,0.32745211830129,2.31246945546797,0.218000436048706,2.84144803018761,2.45396040487779,0.446811451231177,-0.0593238259213543,6.30548193492474,6.22496560628748,0.49700250932901,0.247881170869606,0.147623171187286,0.0108737809003678,0.851067268548325,2.33187581640438,0.570215069927378,0.23204628571926,0.510640361128995,0.212766817137081,0.189199350719104,0.412412289871856,-0.00106814734575944,2.71615605864702e-05,1.02043976999391,1.00044490740208,1.01998597068553,0.517897193186547,0.0525025653527163,0.429600241460736,1.02940566587632,1.02639631095998,0.863630226140635,0.157247799883806,-0.0208780260244412,-0.000151118825862555,0.965571111871347,0.0197963100292335,1.02038909172609,-0.000754528557920222,0.67,0.1,1.025,0.35,0.6,0.25,0.4,0.005,0.975,0.8,0.1,1.1010198113238,0.79632076654894,0.44040792452952,0.207109516026825,0.285043389169541,0.577004263374609,-1.12992242422465,0.862741596419957,5.7121951247834
177,-0.00453820525370319,0.829870565987237,0.10137642382101,-0.00472471524555163,-0.00472471523559514,-0.00429056747585344,0.0393380061672113,0.023733110650575,0.0218963452350404,3.78982523366824,3.46983021269749,0.326841762129519,2.30903923145024,0.217647443233064,2.83897498837379,2.45576243312618,0.442485692382678,-0.0592731371350666,6.30439316762435,6.21114451574584,0.496078371513828,0.24800225730861,0.147409780058988,0.0108623032863111,0.850684522980292,2.32962680198024,0.569958630396795,0.231859704552535,0.510410713788175,0.212671130745073,0.189196756478679,0.41233822955324,-0.00106252739462704,2.70412331217355e-05,1.02050252309659,1.00043910372003,1.02005461332125,0.51780015983315,0.0524927284578323,0.429707111709018,1.02939603051418,1.02638624975118,0.865017283767223,0.155861074576124,-0.0208783583433467,-0.000147694204346737,0.965571111871347,0.0197963100292335,1.0204524566173,-0.000754528557920222,0.67,0.1,1.025,0.35,0.6,0.25,0.4,0.005,0.975,0.8,0.1,1.10073088926904,0.796326964607555,0.440292355707617,0.20692967588905,0.284684694007215,0.577142547914237,-1.12916853203165,0.854549161447264,5.71496809387026
178,-0.00454380557987258,0.830221605779516,0.101376423820216,-0.00472471524359808,-0.00472471523579798,-0.00430370834202021,0.0393634272812453,0.0237511199625377,0.0219135793436836,3.78687438983759,3.46394783737052,0.326246788156774,2.30569971809415,0.217303700440498,2.8365635542688,2.45753423926321,0.438253084922991,-0.0592237699174005,6.30333568759312,6.19765892120736,0.495177837511419,0.24812089596792,0.147201340524561,0.0108511188315474,0.850311711771074,2.32743351030418,0.56970884688662,0.23167784703011,0.510187027062644,0.212577927942768,0.189193837475602,0.412265787181759,-0.0010569830980168,2.69241619518797e-05,1.02056390505956,1.00043347539223,1.02012170740233,0.517706057200329,0.0524831886690334,0.429810754130638,1.02938661456832,1.02637641829287,0.866377287956344,0.154501415723069,-0.0208787036794129,-0.000144342687784597,0.965571111871347,0.0197963100292335,1.02051444305077,-0.000754528557920222,0.67,0.1,1.025,0.35,0.6,0.25,0.4,0.005,0.975,0.8,0.1,1.10044848609173,0.796331782191668,0.440179394436692,0.206754183705874,0.28433381931168,0.577279403978117,-1.12843315010592,0.846528795303253,5.71771230860422
179,-0.00454923675810584,0.830562168725128,0.101376423819593,-0.00472471524206775,-0.00472471523595686,-0.00431644606985215,0.0393882850176377,0.0237687324950161,0.0219304341813019,3.78398602545626,3.45821331302376,0.32566680215654,2.30244846739288,0.216968959980141,2.8342122080851,2.45927617209609,0.434111725636525,-0.0591756896475131,6.30230871364441,6.1845006321064,0.494300292520084,0.248237131882229,0.146997741139861,0.0108402200309166,0.849948577153452,2.32529457243843,0.569465546692813,0.231500592704154,0.509969146292071,0.212487144288363,0.189190615790169,0.412194931606183,-0.00105151064539952,2.68100713224561e-05,1.02062394224368,1.0004280170581,1.02018728468337,0.517614795759536,0.0524739369102109,0.429911267330253,1.02937741341168,1.02636681171325,0.867710669328345,0.153168391695633,-0.0208790610239783,-0.000141062963394076,0.965571111871347,0.0197963100292335,1.02057507779721,-0.000754528557920222,0.67,0.1,1.025,0.35,0.6,0.25,0.4,0.005,0.975,0.8,0.1,1.10017246678042,0.796335296021316,0.440068986712169,0.206582937534599,0.283990609124996,0.577414807999288,-1.12771583631641,0.838677196233388,5.72042735090006
180,-0.0045545039555865,0.830892567507448,0.101376423819106,-0.0047247152408687,-0.00472471523608131,-0.00432879334782044,0.0394125905720566,0.0237859560201265,0.0219469171559475,3.78115899867509,3.45262287209024,0.325101420382105,2.29928309976296,0.216642981055932,2.83191946655712,2.46098857988667,0.430059749294605,-0.0591288626241624,6.30131147540286,6.17166166455284,0.493445138387066,0.248351009247109,0.146798872924214,0.010829599573192,0.849594868003361,2.32320865223781,0.569228561562252,0.231327824279931,0.509756920802016,0.21239871700084,0.189187112406012,0.412125632043078,-0.00104610648270707,2.66987005862507e-05,1.02068266068183,1.00042272352464,1.02025137642397,0.517526288776944,0.0524649643885804,0.430008746834476,1.02936842249929,1.02635742522836,0.869017854832786,0.151861574586881,-0.0208794294196677,-0.000137853722511838,0.965571111871347,0.0197963100292335,1.02063438727058,-0.000754528557920222,0.67,0.1,1.025,0.35,0.6,0.25,0.4,0.005,0.975,0.8,0.1,1.09990269848416,0.796337579327697,0.439961079393663,0.206415837681369,0.283654910113146,0.577548738427657,-1.12701615855919,0.830991117979637,5.72311283899066
181,-0.00455961217819933,0.831213105477767,0.101376423818724,-0.00472471523992946,-0.0047247152361789,-0.00434076244593518,0.0394363549746745,0.0238027982004305,0.0219630355722563,3.77839217933769,3.44717284614663,0.324550269279463,2.29620130206628,0.21632552956717,2.82968388217925,2.46267181037856,0.426095327841606,-0.0590832560409156,6.30034321389981,6.15913423586544,0.492611793141809,0.248462571445682,0.146604629305721,0.010819250336092,0.849250339678314,2.32117444567223,0.56899772758447,0.231159427529929,0.509550203806988,0.212312584919578,0.189183347262112,0.412057858089678,-0.00104076729997517,2.6589803825158e-05,1.02074008607126,1.00041758976091,1.02031401338635,0.517440452222684,0.0524562625854789,0.430103285191837,1.02935963736771,1.02634825414135,0.870299267663058,0.150580540294647,-0.0208798079577049,-0.000134713662514256,0.965571111871347,0.0197963100292335,1.02069239752181,-0.000754528557920222,0.67,0.1,1.025,0.35,0.6,0.25,0.4,0.005,0.975,0.8,0.1,1.09963905052324,0.79633870200845,0.439855620209298,0.206252786661301,0.283326571542631,0.577681175661938,-1.12633369456388,0.823467369068843,5.72576842625171
182,-0.00456456627576877,0.831524076933806,0.101376423818424,-0.0047247152391936,-0.00472471523625528,-0.0043523652306765,0.0394595890893919,0.0238192665880988,0.0219787966305956,3.77568444950666,3.44185966323801,0.324012985207416,2.29320082568784,0.216016377914704,2.82750404244735,2.46432621080812,0.422216669601246,-0.0590388379620145,6.29940318208613,6.14691075924458,0.491799690541512,0.248571861073568,0.146414906067747,0.0108091653814067,0.84891475385864,2.31919068015148,0.568772885085289,0.230995291210351,0.509348852315184,0.21222868846466,0.189179339302209,0.411991579735023,-0.00103549001931265,2.64831494402063e-05,1.02079624376702,1.00041261089285,1.02037522583404,0.517357204683236,0.0524478232474831,0.430194972069281,1.02935105363428,1.02633929384163,0.871555327176515,0.149324868598878,-0.0208801957753925,-0.000131641488532712,0.965571111871347,0.0197963100292335,1.02074913423347,-0.000754528557920222,0.67,0.1,1.025,0.35,0.6,0.25,0.4,0.005,0.975,0.8,0.1,1.09938139439564,0.796338730775527,0.439752557758258,0.206093689158499,0.283005445255938,0.5778121019823,-1.12566803170135,0.816102812098187,5.72839380003551
183,-0.00456937094711524,0.831825767389917,0.10137642381819,-0.00472471523861706,-0.00472471523631512,-0.00436361317932599,0.039482303613324,0.0238353686242662,0.0219942074263965,3.77303470392767,3.43667984526817,0.323489214164821,2.2902794846681,0.215715304812632,2.82537856910508,2.4659521279013,0.418422018502664,-0.0589955772988808,6.29849064526946,6.13498383858268,0.491008279628811,0.248678919962246,0.146229601296576,0.0107993379502386,0.848587878391597,2.31725611385333,0.56855387852237,0.230835306979889,0.509152727034958,0.212146969597899,0.189175106521753,0.411926767369533,-0.00103027178320488,2.63785197286038e-05,1.02085115877637,1.00040778219815,1.02043504353125,0.517276467276853,0.0524396383778343,0.430283894345313,1.02934266699647,1.02633053980408,0.872786448819979,0.148094143233767,-0.0208805920537464,-0.000128635914980488,0.965571111871347,0.0197963100292335,1.02080462271552,-0.000754528557920222,0.67,0.1,1.025,0.35,0.6,0.25,0.4,0.005,0.975,0.8,0.1,1.09912960377931,0.796337729296053,0.439651841511725,0.205938451986033,0.282691385646029,0.577941501483844,-1.1250187667926,0.808894363019069,5.73098868051593
184,-0.0045740307449366,0.832118453839231,0.101376423818006,-0.00472471523816542,-0.00472471523636209,-0.00437451739372774,0.0395045090765276,0.0238511116385646,0.0220092749496568,3.77044185043627,3.43163000545516,0.322978611524915,2.28743515388877,0.21542209510539,2.82330611739628,2.46754990785764,0.414709653325886,-0.0589534437872484,6.29760488148231,6.12334626341043,0.490237024301412,0.248783789200934,0.146048615330227,0.0107897614583552,0.848269487138409,2.3153695350564,0.568340556382734,0.230679369320783,0.508961692283045,0.212067371784602,0.189170666012531,0.411863391793119,-0.00102510994316846,2.62757104397451e-05,1.02090485575414,1.00040309910134,1.02049349574309,0.517198163571901,0.0524317002281596,0.43037013619994,1.02933447323111,1.02632198758808,0.873993044060442,0.146887951954831,-0.0208809960152733,-0.000125695666932544,0.965571111871347,0.0197963100292335,1.02085888790182,-0.000754528557920222,0.67,0.1,1.025,0.35,0.6,0.25,0.4,0.005,0.975,0.8,0.1,1.09888355453088,0.79633575832653,0.439553421812352,0.205786984045968,0.282384249629926,0.578069360010972,-1.1243855059193,0.801838990420608,5.73355281954619
185,-0.00457855008052121,0.832402405007969,0.101376423817862,-0.00472471523781159,-0.00472471523639872,-0.00438508861350573,0.0395262158419526,0.0238665028488201,0.0220240060846023,3.76790481031187,3.42670684585131,0.32248084177661,2.28466576731079,0.215136539590124,2.82128537532443,2.46911989632307,0.411077886966267,-0.0589124079649067,6.29674518178696,6.11199100397647,0.48948540289348,0.248886509157114,0.1458718507084,0.0107804294916535,0.847959359824271,2.31352976147862,0.568132771082261,0.230527375462003,0.508775615894562,0.211989839956068,0.189166034005086,0.411801424221961,-0.00102000204874915,2.61745303359264e-05,1.0209573589989,1.00039855716908,1.02055061123639,0.517122219508003,0.052424001290477,0.43045377920152,1.02932646819351,1.02631363283665,0.875175520320817,0.145705886601066,-0.020881406921883,-0.000122819481304267,0.965571111871347,0.0197963100292335,1.0209119543476,-0.000754528557920222,0.67,0.1,1.025,0.35,0.6,0.25,0.4,0.005,0.975,0.8,0.1,1.09864312468103,0.796332875840752,0.439457249872411,0.205639196289502,0.282083896621546,0.578195665092758,-1.12376786423604,0.794933714813824,5.73608599953105
186,-0.00458293322829918,0.83267788160217,0.10137642381775,-0.00472471523753437,-0.00472471523642759,-0.00439533722875995,0.0395474341055974,0.0238815493609021,0.0220384076094957,3.76542251858321,3.42190715492707,0.321995578272674,2.28196931626334,0.214858434844212,2.8193150629202,2.47066243835276,0.40752506571748,-0.0588724411500419,6.29591085052269,6.1009112064583,0.488752907768577,0.248987119495786,0.145699212123544,0.0107713358017332,0.847657281891335,2.31173563962229,0.567930378867194,0.230379225304662,0.508594369134801,0.211914320472834,0.189161225909061,0.411740836294069,-0.00101494583689527,2.60748007181091e-05,1.02100869244994,1.00039415210556,1.02060641828123,0.517048563319881,0.0524165342894748,0.430534902390644,1.02931864781672,1.02630547127542,0.87633428092059,0.144547543152333,-0.0208818240729232,-0.000120006107942067,0.965571111871347,0.0197963100292335,1.02096384622753,-0.000754528557920222,0.67,0.1,1.025,0.35,0.6,0.25,0.4,0.005,0.975,0.8,0.1,1.09840819442686,0.796329137151742,0.439363277770745,0.205495001677287,0.28179018850383,0.578320405879355,-1.1231654657844,0.788175607917427,5.73858803231478
187,-0.00458718433023779,0.832945136547056,0.101376423817661,-0.00472471523731721,-0.00472471523645013,-0.00440527329226836,0.0395681738968544,0.0238962581687145,0.0220524861965803,3.76299392428905,3.41722780521773,0.321522502984682,2.27934384778252,0.214587583057822,2.81739393151777,2.47217787836534,0.404049568572597,-0.0588335154201616,6.29510120550038,6.09010018830194,0.488039044923922,0.249085659197557,0.145530606373025,0.0107624743015797,0.847363044354705,2.30998604412663,0.567733239717652,0.230234821349433,0.508417826612823,0.211840761088676,0.189156256351569,0.411681600073722,-0.00100993922167749,2.5976354979624e-05,1.02105887968496,1.00038987974811,1.02066094465295,0.516977125463798,0.0524092921750543,0.430613582361148,1.02931100811054,1.02629749871168,0.877469725021214,0.143412521782117,-0.0208822468033311,-0.000117254310546109,0.965571111871347,0.0197963100292335,1.02101458733461,-0.000754528557920222,0.67,0.1,1.025,0.35,0.6,0.25,0.4,0.005,0.975,0.8,0.1,1.09817864612156,0.796324595028044,0.439271458448626,0.205354315139987,0.281502989600293,0.578443573079526,-1.12257794330917,0.781561791946036,5.7410587580862
188,-0.00459130740008707,0.833204415219251,0.101376423817592,-0.00472471523714713,-0.00472471523646778,-0.00441490653121335,0.039588445079028,0.0239106361543149,0.0220662484121501,3.76061799069789,3.41266575103225,0.321061306264626,2.27678746299876,0.214323791871381,2.81552076304073,2.47366656008949,0.40064980654282,-0.0587956035915875,6.29431557814934,6.07955143368791,0.487343333605772,0.249182166575653,0.145365942312378,0.0107538390613526,0.84707644366144,2.30827987712826,0.567541217253165,0.230094068626067,0.508245866196864,0.21176911091536,0.189151139213698,0.411623688054873,-0.0010049802843973,2.58790381159133e-05,1.02110794391844,1.00038573606291,1.02071421763477,0.516907838546496,0.052402268115125,0.430689893338379,1.02930354516069,1.0262897110333,0.878582247576099,0.142300426905793,-0.0208826744818919,-0.000114562867486443,0.965571111871347,0.0197963100292335,1.0210642010796,-0.000754528557920222,0.67,0.1,1.025,0.35,0.6,0.25,0.4,0.005,0.975,0.8,0.1,1.09795436426162,0.796319299804636,0.439181745704647,0.205217053539114,0.281222166646061,0.578565158899325,-1.12200493807666,0.775089438901557,5.74349804430171
189,-0.00459530632748107,0.833455955672068,0.101376423817538,-0.00472471523701379,-0.00472471523648166,-0.00442424635845584,0.0396082573500144,0.0239246900881566,0.0220797007167358,3.75829369548964,3.40821802622281,0.320611686613038,2.27429831557136,0.214066874217823,2.81369436929805,2.47512882650415,0.397324221993406,-0.0587586791995049,6.29355331362047,6.0692585891206,0.486665305935636,0.249276679291931,0.145205130809612,0.0107454243042795,0.846797281552575,2.30661606763053,0.567354178640225,0.229956874624837,0.508078368931545,0.211699320388144,0.189145887665252,0.41156707316363,-0.00100006726402633,2.57827062924392e-05,1.02115590800059,1.00038171714088,1.02076626402078,0.516840637256543,0.0523954554886456,0.430763907254812,1.02929625512785,1.02628210420776,0.879672239285049,0.141210867224548,-0.0208831065095971,-0.000111930572521039,0.965571111871347,0.0197963100292335,1.02111271049107,-0.000754528557920222,0.67,0.1,1.025,0.35,0.6,0.25,0.4,0.005,0.975,0.8,0.1,1.09773523547184,0.796313299488759,0.439094094188735,0.205083135628206,0.280947588758461,0.578685156982001,-1.12144609969539,0.768755769868358,5.74590578462746
190,-0.00459918488190016,0.833699988854078,0.101376423817495,-0.00472471523690943,-0.00472471523649243,-0.00443330188337732,0.0396276202431245,0.0239384266294376,0.0220928494653974,3.75602003090296,3.40388174201467,0.320173350453555,2.27187461016932,0.213816648169519,2.8119135912908,2.47656501977304,0.394071287996316,-0.0587227164785525,6.29281377085015,6.05921545913889,0.486004506547175,0.249369234371967,0.145048084700567,0.0107372244026533,0.846525364928141,2.30499357088196,0.567171994501854,0.229823149229955,0.507915218956885,0.211631341232035,0.189140514197816,0.411511728759867,-0.000995198548039365,2.56872263490555e-05,1.02120279441689,1.00037781919369,1.02081711011944,0.516775458297999,0.0523888478788984,0.430835693823102,1.02928913424669,1.02627467428099,0.880740086553007,0.14014345576509,-0.0208835423180966,-0.000109356235385583,0.965571111871347,0.0197963100292335,1.02116013821595,-0.000754528557920222,0.67,0.1,1.025,0.35,0.6,0.25,0.4,0.005,0.975,0.8,0.1,1.09752114848843,0.79630663986092,0.439008459395372,0.204952482014366,0.280679127407255,0.578803562349122,-1.12090108593904,0.762558054312778,5.74828189790118
191,-0.00460294671649968,0.833936738821148,0.101376423817462,-0.0047247152368276,-0.00472471523650098,-0.00444208192230677,0.0396465431280426,0.0239518523265546,0.0221057009081161,3.75379600385046,3.39965408489446,0.319746011913725,2.26951460099689,0.213572936789729,2.81017729852985,2.47797548117465,0.390889507699137,-0.0586876903439409,6.29209632258817,6.04941600214466,0.485360492233443,0.249459868219301,0.14489471874528,0.01072923387393,0.84626050571518,2.30341136776433,0.566994538829171,0.229692804654855,0.507756303429108,0.211565126428795,0.189135030656239,0.411457628638059,-0.000990372663595152,2.55924753514571e-05,1.02124862528813,1.00037403854992,1.02086678175743,0.516712240326314,0.0523824390669908,0.430905320606695,1.02928217882489,1.02626741737637,0.881786171452958,0.139097809915279,-0.0208839813682374,-0.000106838682332992,0.965571111871347,0.0197963100292335,1.02120650652061,-0.000754528557920222,0.67,0.1,1.025,0.35,0.6,0.25,0.4,0.005,0.975,0.8,0.1,1.0973119941403,0.796299364571305,0.438924797656121,0.204825015120214,0.28041665638456,0.578920371342997,-1.12036956257204,0.756493609387465,5.75062632711467
192,-0.00460659537180965,0.834166422942159,0.101376423817436,-0.00472471523676354,-0.00472471523650764,-0.00445059500855349,0.0396650352119063,0.0239649736176492,0.0221182611902761,3.75162063600482,3.39553231455629,0.319329392611955,2.26721659036292,0.213335567988493,2.80848438836504,2.47936055102832,0.38777741370981,-0.058653576373086,6.29140035539341,6.03985432634683,0.484732831604289,0.249548616628889,0.144744949585359,0.0107214473769271,0.846002520738736,2.30186846419086,0.566821688894953,0.229565755379277,0.507601512443241,0.211500630184684,0.189129448268614,0.411404747027407,-0.000985588269057896,2.54983401507176e-05,1.02129342237093,1.00037037165133,1.02091530428381,0.516650923886371,0.0523762230255746,0.430972853088055,1.02927538524219,1.02626032969358,0.882810871692855,0.138073551455828,-0.0208844231486831,-0.000104376756551295,0.965571111871347,0.0197963100292335,1.02125183729226,-0.000754528557920222,0.67,0.1,1.025,0.35,0.6,0.25,0.4,0.005,0.975,0.8,0.1,1.09710766532882,0.796291515231839,0.438843066131527,0.20470065914627,0.280160051774519,0.579035581570384,-1.11985120317756,0.750559799240959,5.75293903841721
193,-0.00461013427931044,0.834389252098578,0.101376423817416,-0.00472471523671336,-0.00472471523651286,-0.00445884940205976,0.0396831055404972,0.0239777968312383,0.02213053635323,3.7494929638583,3.39151376190438,0.318923221450489,2.26497892729278,0.213104374382818,2.80683378532614,2.48072056861715,0.384733567496724,-0.0586203507877432,6.29072526960045,6.03052468581834,0.484121104753682,0.249635514799836,0.14459869570233,0.0107138597081184,0.84575123159579,2.30036389051457,0.566653325169179,0.229441918088199,0.507450738957474,0.211437807898948,0.189123777674833,0.411353058591308,-0.000980844145910046,2.54047168931155e-05,1.02133720705866,1.00036681504929,1.02096270257459,0.516591451352606,0.0523701939127756,0.431038354734619,1.02926874994933,1.02625340750753,0.883814560586426,0.137070306588183,-0.0208848671746097,-0.000101969318533474,0.965571111871347,0.0197963100292335,1.02129615204091,-0.000754528557920222,0.67,0.1,1.025,0.35,0.6,0.25,0.4,0.005,0.975,0.8,0.1,1.09690805700616,0.796283131504114,0.438763222802464,0.204579340033812,0.279909191922792,0.579149191847512,-1.11934568898823,0.744754034332866,5.75522002014063
194,-0.00461356676488887,0.834605430878075,0.1013764238174,-0.00472471523667395,-0.00472471523651685,-0.00446685309869232,0.0397007629995329,0.0239903281869261,0.0221425323349407,3.74741203875749,3.3875958271107,0.318527234414211,2.26280000618142,0.212879193161039,2.80522444047566,2.48205587210859,0.381756558803704,-0.0585879904366317,6.29007047925974,6.02142147666248,0.483524902936643,0.249720597347456,0.144455877376947,0.0107064657980247,0.845506464532124,2.29889670094734,0.566489331236523,0.229321211612398,0.507303878719274,0.211376616133031,0.189118028953796,0.41130253842624,-0.000976139190953024,2.53115106360256e-05,1.02138000038283,1.00036336540129,1.02100900103745,0.516533766871125,0.0523643460663251,0.43110188706255,1.02926226946706,1.0262466471672,0.884797607027738,0.136087705958733,-0.0208853129864708,-9.96152463697407e-05,0.965571111871347,0.0197963100292335,1.02133947190153,-0.000754528557920222,0.67,0.1,1.025,0.35,0.6,0.25,0.4,0.005,0.975,0.8,0.1,1.09671306615248,0.796274251183389,0.438685226460993,0.204460985428211,0.279663957405884,0.579261202146451,-1.11885270871947,0.739073770754956,5.75746928184626
195,-0.00461689605217903,0.834815157762365,0.101376423817387,-0.0047247152366432,-0.00472471523652007,-0.00447461383918646,0.0397180163160507,0.0240025737961845,0.0221542549706926,3.74537692691599,3.38377597772679,0.318141174375193,2.26067826548681,0.212659865951262,2.80365533077393,2.48336679847299,0.37884500507947,-0.0585564727785336,6.28943541205437,6.01253923328684,0.48294382825562,0.249803898314729,0.14431641664943,0.0106992607076982,0.845268050322066,2.29746597298959,0.566329593715784,0.229203556870808,0.50716083019324,0.211317012580516,0.189112211649335,0.411253162060119,-0.000971472408898078,2.52186348624057e-05,1.02142182301475,1.00036001946756,1.02105422361681,0.516477816303743,0.0523586739978868,0.43116350969837,1.02925594038511,1.02624004509458,0.885760375469362,0.135125384679469,-0.0208857601488303,-9.73134359774688e-05,0.965571111871347,0.0197963100292335,1.02138181763662,-0.000754528557920222,0.67,0.1,1.025,0.35,0.6,0.25,0.4,0.005,0.975,0.8,0.1,1.09652259175198,0.796264910278855,0.438609036700793,0.204345524642775,0.279424231000382,0.579371613542816,-1.11837195840553,0.733516509558408,5.75968685339416
196,-0.0046201252657921,0.835018625309441,0.101376423817377,-0.00472471523661899,-0.00472471523652263,-0.00448213911775808,0.039734879248957,0.0240145427064593,0.0221657127833091,3.74338572966949,3.38004921860953,0.317764496278634,2.25861246669839,0.212446269615403,2.80212545137726,2.48465366928942,0.375997556744605,-0.0585257746567594,6.2888185282779,6.00387037660915,0.482377229675669,0.249885464113926,0.144180231527963,0.0106922384383916,0.845035824151101,2.2960708044732,0.566174002181238,0.22908887441667,0.507021494490661,0.211258956037775,0.189106334794928,0.411204905209905,-0.000966847586599876,2.51213292858489e-05,1.02146269479367,1.00035677410788,1.02109839332534,0.516423547173875,0.052353172387572,0.431223280438554,1.0292497549612,1.02623359251983,0.88670322311869,0.13418298475453,-0.0208862078732202,-9.50617129107157e-05,0.965571111871347,0.0197963100292335,1.0214232091652,-0.000754528557920222,0.67,0.1,1.025,0.35,0.6,0.25,0.4,0.005,0.975,0.8,0.1,1.09633653476806,0.796255142625123,0.438534613907226,0.204232865951975,0.279189886512706,0.579480458151036,-1.11790311814328,0.728079807364032,5.76187275131001
197,-0.00462325743443912,0.835216020330365,0.10137642381737,-0.00472471523660012,-0.00472471523652462,-0.00448943619039743,0.0397513494616447,0.0240262345272638,0.0221769056455773,3.74143958171884,3.37641841413634,0.317397570172205,2.25660054442399,0.212238189337789,2.80063383692422,2.48591683469733,0.373212878488698,-0.0584958762618103,6.2882213098776,5.99541439261087,0.481825280040231,0.249965300333514,0.144047259593388,0.0106853967920469,0.844809625210157,2.29471032034528,0.566022448890805,0.228977093872417,0.506885775126094,0.211202406302539,0.18910040687209,0.411157744859259,-0.000962258547150701,2.50296808707302e-05,1.02150263678729,1.00035362627839,1.02114153430681,0.516370908614221,0.0523478360786355,0.431281255307144,1.02924371905564,1.02622729693884,0.887626508667313,0.133260147595096,-0.0208866562624094,-9.28613646181581e-05,0.965571111871347,0.0197963100292335,1.0214636670698,-0.000754528557920222,0.67,0.1,1.025,0.35,0.6,0.25,0.4,0.005,0.975,0.8,0.1,1.09615479773993,0.796244982047262,0.438461919095972,0.204122989458352,0.278960834528742,0.579587675693201,-1.11744592792602,0.722761240539839,5.76402708002449
198,-0.00462629549395048,0.835407524060791,0.101376423817364,-0.00472471523658524,-0.00472471523652607,-0.00449651208285873,0.0397674408009775,0.0240376583076448,0.0221878420695423,3.73953652825997,3.37287846661198,0.317039837098981,2.25464137247716,0.212035513623961,2.79917953851733,2.48715662741793,0.370489667799725,-0.0584667567003275,6.28764217354192,5.98716375634211,0.481287323906727,0.250043453896063,0.143917421490246,0.0106787298841122,0.844589297473879,2.2933836646606,0.565874829307499,0.228868139809951,0.506753578484327,0.21114732436847,0.18909443603204,0.411111657270491,-0.000957704627605703,2.49380856202267e-05,1.02154166795254,1.00035057302858,1.02118366850114,0.516319851316174,0.0523426600723466,0.43133748861148,1.02923782469943,1.02622114928936,0.888530583058034,0.132356521860431,-0.020887104918465,-9.0710060583724e-05,0.965571111871347,0.0197963100292335,1.02150321100269,-0.000754528557920222,0.67,0.1,1.025,0.35,0.6,0.25,0.4,0.005,0.975,0.8,0.1,1.09597728591105,0.796234458587072,0.438390914364422,0.204015804113745,0.278736951762324,0.57969330396247,-1.11700010315709,0.717558441449217,5.76614992456219
199,-0.00462924229019598,0.835593312327361,0.101376423817359,-0.0047247152365737,-0.00472471523652729,-0.00450337359835651,0.0397831613730935,0.0240488197351107,0.0221985274877576,3.73767569524588,3.36942709664955,0.316691065797981,2.2527335528832,0.211838100598677,2.7977616305463,2.48837337867444,0.367826647522096,-0.058438395650232,6.28708060065753,5.97911352141671,0.480763004012892,0.250119956651475,0.143790645922358,0.0106722332664655,0.844374688684932,2.29209000260845,0.565731041418905,0.228761940973002,0.506624813210959,0.211093672171233,0.189088429914252,0.411066619858407,-0.000953185273105552,2.4846460966797e-05,1.02157980753923,1.00034761149835,1.02122481805007,0.516270327480886,0.052337639523029,0.431392032996085,1.02923206874932,1.02621514627578,0.88941579279985,0.131471760670737,-0.0208875534705869,-8.86067605677247e-05,0.965571111871347,0.0197963100292335,1.02154186025778,-0.000754528557920222,0.67,0.1,1.025,0.35,0.6,0.25,0.4,0.005,0.975,0.8,0.1,1.09580390602605,0.79622360220504,0.438321562410421,0.203911245591609,0.278518129492308,0.579797347935131,-1.11656536639408,0.712469084397872,5.76824138682464
200,-0.00463210058190876,0.835773555709138,0.101376423817355,-0.00472471523656459,-0.00472471523652829,-0.00451002732498251,0.0397985191335406,0.0240597243938129,0.0222089672344874,3.73585622324176,3.36606208345614,0.316351030986254,2.25087572596098,0.211645812227404,2.79637921031204,2.48956741808311,0.365222565563598,-0.0584107733346722,6.28653608551583,5.97125886254252,0.480251972483901,0.250194839927152,0.143666863167161,0.0106659026049153,0.844165650557397,2.29082851997384,0.565590985873456,0.228658427906702,0.506499390334438,0.211041412639349,0.189082395736198,0.411022610268093,-0.000948699996245021,2.47547661391442e-05,1.02161707445421,1.00034473891518,1.02126500466439,0.516222290771949,0.052332769733263,0.431444939494788,1.0292264481258,1.02620928466974,0.890282479902394,0.130605521669259,-0.0208880015716525,-8.65504540220596e-05,0.965571111871347,0.0197963100292335,1.02157963377428,-0.000754528557920222,0.67,0.1,1.025,0.35,0.6,0.25,0.4,0.005,0.975,0.8,0.1,1.09563456670513,0.796212441065761,0.438253826682053,0.203809251053953,0.278304261042902,0.579899813450411,-1.11614144698223,0.707490885404137,5.77030158471284
