Time,n_A,psi_o_A,psi_y_A,n_y_A,n_m_A,n_o_A,mu_o_A,mu_m_A,mu_y_A,s_o_A,s_m_A,s_y_A,h_m_A,h_y_A,a_A,a_o_A,a_m_A,a_y_A,z_o_A,z_m_A,z_y_A,c_o_A,c_m_A,c_y_A,y_A,k_A,w_A,inv_A,b_A,gov_A,e_A,t_A,f_A,nx_A,tilde_R_A,g_A,q_A,tilde_s_m_A,tilde_s_y_A,tilde_s_o_A,Omega_m_A,Omega_y_A,eta_o_A,eta_m_A,eta_y_A,walras_A,gamma_A,phi_A,R_star,fy_target_A,alpha,delta,beta,sigma,b_y,g_y,repl,x,omega,nu,Lambda_A,w_indiv_A,t_indiv_A,e_indiv_A,c_y_indiv_A,c_m_indiv_A,c_o_indiv_A,a_y_indiv_A,a_m_indiv_A,a_o_indiv_A
0,0.0151473707256848,0.224588712641349,0.200736853628425,0.0151473707256848,0.0151473707256848,0.0151473707256848,0.0862372794109845,0.0442579304067375,0.0366631083086108,0.6242267096354,2.56097173910561,0.489027674383645,2.01556665222533,0.384880417636789,3.49853433796867,0.911652673966956,2.72714669330648,-0.14026502930477,1.60520795025978,7.21054097077941,0.761564380066004,0.138428766519287,0.319123620479685,0.0279213173503399,1.14803884672721,3.18327373964209,0.769186027307231,0.375117029218672,0.688823308036326,0.287009711681803,0.069100199861858,0.356918292969533,-0.373562709709745,0.000438401477425141,1.02142040941389,1.02022310757931,1.00117356862993,0.701594094475625,0.140835791049321,0.157570114475054,1.20600417391567,1.17460139888739,0.260581313744167,0.779511198077858,-0.0400925118220252,-3.97793777084932e-16,0.903832782801923,0.0431880062659022,1.02142040941389,-0.325392046423067,0.67,0.1,1.025,0.7,0.6,0.25,0.4,0.005,0.975,0.8,0.1,1.09634050993848,0.508724768038841,0.438536203975391,0.198254414892034,0.454855055070267,0.878521710671235,-0.995947324609048,3.88707190493781,5.78569532048723
1,0.0155866455234307,0.224919118022668,0.201023215445545,0.0165955325378835,0.0151473707256848,0.0166408124493351,0.0846472464994951,0.0435816548078468,0.0361517941810758,0.63529474676573,2.60598114829905,0.498886294979005,2.03345080796408,0.389204959128185,3.50052013580357,0.912950705583727,2.72791088119428,-0.140341450974441,1.61585085301115,7.27229302045684,0.775796229296035,0.136777325713702,0.316938566380489,0.0280464261632867,1.14754228197381,3.18465078469286,0.76885332892245,0.37770869487956,0.688525369184283,0.286885570493451,0.069171925052012,0.356864945541386,-0.372656018073579,0.00118300975913618,1.02141954736342,1.02066457875105,1.00073968336718,0.701290631836264,0.140975697773564,0.157733670390172,1.2035443029771,1.17291472250236,0.26080430054929,0.779287298846516,-0.0400915993958069,2.68858418074755e-06,0.905326224525573,0.0434787057116278,1.02142040941389,-0.325400666964975,0.67,0.1,1.025,0.7,0.6,0.25,0.4,0.005,0.975,0.8,0.1,1.09634050993848,0.50886883317829,0.438536203975393,0.198945113279986,0.451936118910664,0.867140955861661,-0.995501020323795,3.8898436074235,5.78792532580671
2,0.0157993232245011,0.225438053486518,0.201339559435646,0.016802239102347,0.0152046430891088,0.0175469326063169,0.0834920392438672,0.043085414908484,0.0357742789405525,0.644549299651977,2.64109842742671,0.506895207000307,2.04684235785358,0.392639058162104,3.5038636598824,0.915072556052604,2.72926979519315,-0.140478691363357,1.62607690812563,7.32060251229311,0.787217720316462,0.135764477087611,0.315411197378944,0.0281621465174078,1.14717658451561,3.18766388928575,0.76860831162546,0.380095493993509,0.688305950709367,0.286794146128903,0.0693094246665612,0.35658904606619,-0.372106180112717,0.000693837979663968,1.02127280292991,1.02087831984062,1.00038641538528,0.700880074752444,0.14111488546788,0.158005039779676,1.20180674772325,1.17173030142737,0.261161005360001,0.778931505362307,-0.0400925107223086,0.000255285429572802,0.906395865414775,0.0435822832201476,1.02134115816149,-0.325426520083265,0.67,0.1,1.025,0.7,0.6,0.25,0.4,0.005,0.975,0.8,0.1,1.09663313213311,0.508773267940511,0.438653252853244,0.199568928706802,0.450021635285251,0.859241434810703,-0.995491658428425,3.89406104340625,5.79141372533806
3,0.0158432476742568,0.226036348753291,0.201549795800156,0.0163280425211521,0.0152679118871293,0.0179623548917329,0.0827517273062306,0.042763794077102,0.0355278457767669,0.651594773820529,2.66563299908608,0.512529156077371,2.05561184940053,0.394931326688829,3.50799534416533,0.917653870043821,2.73099015858039,-0.14064868445888,1.63506544913744,7.35463265245247,0.795058514568952,0.135304490041668,0.314511996116891,0.0282467162616323,1.14708279125451,3.1917469325553,0.768545470140521,0.381643715350851,0.688249674752705,0.286770697813627,0.0694876847685779,0.356431119409096,-0.372001263142678,0.000167877067229245,1.0210952032569,1.02092246391263,1.00016919927847,0.700483122377741,0.141182230276689,0.158334647345569,1.20074049296327,1.17101190422265,0.261589249708473,0.778504499176303,-0.0400937488847758,0.00043729860261018,0.907067146148746,0.0435553927747845,1.02120540462067,-0.32546958026403,0.67,0.1,1.025,0.7,0.6,0.25,0.4,0.005,0.975,0.8,0.1,1.09716486463192,0.508836127556101,0.438865945852769,0.200072744326778,0.448992967952321,0.854547582035931,-0.996220871303966,3.89872371130118,5.79566055457854
4,0.0157579742843718,0.226629897130591,0.201586183314145,0.015493261778603,0.0153099591600312,0.0179760594666418,0.0823946619353563,0.042605193859944,0.0354045627225399,0.656225965285267,2.6796187994861,0.515587067560305,2.06001552563575,0.395995591136627,3.51236480345099,0.920369847409412,2.73281221177471,-0.140817255733131,1.64222550756136,7.37440949962964,0.799055617628349,0.13531061532798,0.31418814593797,0.0282902146645491,1.14726008284458,3.19636685061094,0.768664255505872,0.382427991663867,0.688356049706751,0.286815020711146,0.0696809204613034,0.356439072300983,-0.372358096866694,-0.00033007551993921,1.0209101933647,1.02083676415579,1.00007193041188,0.700174163904251,0.141145437356631,0.158680398739118,1.20028301165765,1.1707157451553,0.262037088664865,0.778054776379744,-0.0400918650446098,0.000558170059011886,0.907374379082544,0.0434326229077869,1.02103289679982,-0.32552980501207,0.67,0.1,1.025,0.7,0.6,0.25,0.4,0.005,0.975,0.8,0.1,1.09781865017657,0.509072014759069,0.439127460070627,0.200433079484309,0.448728562313727,0.852724195320683,-0.997674869059562,3.90304634569239,5.80014831524696
5,0.0155474717451149,0.227146432097903,0.20139351308086,0.0143468258656663,0.0153172366628291,0.0176313481824928,0.0824211262827442,0.0426105464853267,0.0354054688391722,0.658143343440999,2.68269035640167,0.515840419169659,2.06002017813311,0.395704475946821,3.51651971385152,0.922922929732571,2.73454760882493,-0.140950824705985,1.64694182804376,7.37932785527203,0.798878746963332,0.135742800265345,0.314437192327091,0.0282846765528367,1.14771196025308,3.20107129858333,0.768967013369562,0.382475265593165,0.688627176151847,0.286927990063269,0.0698672453951505,0.356599532954791,-0.373178760883657,-0.000779864324254094,1.02073704014835,1.02062520910384,1.0001095711173,0.700015427202397,0.140978566095089,0.159006006702514,1.20042987881179,1.17083937765378,0.262453506546552,0.777628971627995,-0.0400824781745467,0.000623899775625017,0.907319335881688,0.0432093585317614,1.02084140588532,-0.325607134892831,0.67,0.1,1.025,0.7,0.6,0.25,0.4,0.005,0.975,0.8,0.1,1.09850009512323,0.509416677258009,0.439400038049293,0.200631041556762,0.449186089489106,0.853696052623397,-0.999803222646727,3.90641049119949,5.80432745197658
6,0.0152036612430171,0.227514744658183,0.20091961414433,0.0128896510022909,0.0152787026161718,0.016924952988254,0.0828734417001356,0.0427981626153115,0.0355445378679993,0.656826245758096,2.6734971745845,0.51288185333013,2.05517154092344,0.393855015612154,3.5200370515819,0.925005882474391,2.7360466311452,-0.141015462037694,1.64841625922519,7.36746985437433,0.793941697633255,0.13660992872018,0.315314172782493,0.0282202907286649,1.14845431411689,3.20543986826767,0.769464390458316,0.381739439383477,0.689072588470134,0.287113578529222,0.0700257977274752,0.356904725397009,-0.374475405155908,-0.00118242905872791,1.02059194668142,1.02027967954923,1.00030606032683,0.700067170631713,0.140657225798437,0.15927560356985,1.20124249304954,1.17142474769917,0.262782996008551,0.777277793116178,-0.0400607891247291,0.000639333031579931,0.906863792136629,0.0428745947139095,1.02064706193866,-0.325701493591057,0.67,0.1,1.025,0.7,0.6,0.25,0.4,0.005,0.975,0.8,0.1,1.09912937320569,0.509814972576064,0.439651749282277,0.200631645963961,0.450405598219906,0.857695250611747,-1.00254687405658,3.90826301521367,5.80758045640511
7,0.0147301084600086,0.227672931254249,0.200122879180409,0.0111582704326456,0.0151839228288659,0.0158897605510537,0.0837537101887878,0.0431683690247843,0.0358217952717641,0.652147740359971,2.65227962724679,0.506678656743688,2.04558349625241,0.390395913073512,3.52256689127274,0.926335884264369,2.73721023022623,-0.140979223217859,1.646223082799,7.33908112709034,0.78418630798525,0.137877290972106,0.316816162399002,0.0280909613859079,1.14949251934347,3.20911816926171,0.770159987960127,0.380244617880363,0.689695511606084,0.287373129835868,0.0701378327974477,0.35735159892603,-0.376246789595048,-0.00151946380295857,1.02048981103192,1.01980375900231,1.00067272945756,0.700380259342247,0.140162114020692,0.15945762663706,1.2027201123829,1.17246972011492,0.262971836406827,0.77704989421374,-0.0400217306205672,0.000609820673184197,0.906006772362486,0.0424258382187112,1.02046418172238,-0.325812787986103,0.67,0.1,1.025,0.7,0.6,0.25,0.4,0.005,0.975,0.8,0.1,1.09963120417388,0.510225115798712,0.439852481669551,0.200417649107096,0.452348789351281,0.864664136046168,-1.00582974367129,3.9081772989959,5.80929180874359
8,0.0141443294659475,0.227576981998667,0.198980619914397,0.00923102923247665,0.0150245758360819,0.0145968093382718,0.0850179098881291,0.043701140629655,0.0362215916689837,0.64442802313877,2.62095246457308,0.497609595239774,2.03198944884442,0.38545237448236,3.52388129269608,0.926690154291598,2.73800611073575,-0.140814972331272,1.64039190155911,7.29670541263028,0.770142795430503,0.139462690874053,0.318874349752213,0.0278957980396399,1.15081554973875,3.21185583703352,0.77104641832496,0.378100243274599,0.690489329843248,0.287703887434687,0.0701889667453105,0.357929457049777,-0.378463874180692,-0.00176406833391825,1.02044222698541,1.01921505111328,1.00120404017856,0.700988168062029,0.13948306023364,0.159528771704331,1.20479055726796,1.17392181412587,0.262974282421839,0.776985909372703,-0.0399601917945418,0.000542648697473252,0.904790167581278,0.0418719159838836,1.02030466711669,-0.325940908243839,0.67,0.1,1.025,0.7,0.6,0.25,0.4,0.005,0.975,0.8,0.1,1.09994212948931,0.510606987902975,0.439976851795725,0.199994164115078,0.454892627694104,0.874216540277337,-1.00954891651646,3.90592343135451,5.8089217662198
9,0.013475891553774,0.227207608056148,0.197494066776075,0.007214740612417,0.0147961239828793,0.0131490362946731,0.0865788285373227,0.0443578394165536,0.0367141144709694,0.634375068683556,2.58275364540305,0.486393581110702,2.01563046509404,0.379307620153128,3.52391015618599,0.9259365474414,2.73847685676495,-0.140503248020357,1.63138370844709,7.24473617456913,0.752837724213868,0.141243290486005,0.321360845131394,0.0276397709703963,1.15239463682467,3.21353772157115,0.772104406672529,0.375494080617759,0.691436782094802,0.288098659206168,0.0701711981638705,0.358618768848227,-0.381064347479958,-0.00188992381167677,1.02045554176888,1.01854327101154,1.00187745657132,0.70190132970663,0.138621348079297,0.159477322214073,1.20731526140568,1.17568260190204,0.262758273164328,0.777113131548276,-0.0398714047126034,0.000447914224624964,0.903296098706519,0.0412317175424597,1.02017714795788,-0.326085727925039,0.67,0.1,1.025,0.7,0.6,0.25,0.4,0.005,0.975,0.8,0.1,1.10001844133169,0.510924760604338,0.440007376532677,0.199390435552432,0.457843334284196,0.885663795485658,-1.01357583061437,3.9015125643223,5.806070321387
10,0.0127644837014822,0.226579881684187,0.195686203939003,0.00521208017452635,0.0144988133552151,0.0116959685697162,0.0882871342761598,0.0450738189782212,0.0372500353715902,0.623151345511253,2.54249039549211,0.474113355382232,1.99835843702272,0.372412326120889,3.52280804081983,0.924080958007506,2.7387629083764,-0.140035825564075,1.62018813182227,7.18977259064452,0.733824858845557,0.143041767405112,0.324070510376631,0.0273350029065106,1.15418322313722,3.21424644896369,0.773302759501938,0.372722066094856,0.692509933882332,0.288545805784305,0.0700859391016017,0.359393098878589,-0.38394834202619,-0.00187296249501957,1.02052878714616,1.01782830611999,1.00265317933283,0.703103315271581,0.137587618742424,0.159309065985995,1.21006260761476,1.17759150574202,0.262313741560652,0.777437452357201,-0.0397511939178538,0.000341033064825902,0.901664441835708,0.0405281682652452,1.02008534256584,-0.326247104110162,0.67,0.1,1.025,0.7,0.6,0.25,0.4,0.005,0.975,0.8,0.1,1.09984228875843,0.511152615942039,0.439936915503373,0.198673421026961,0.460914496259281,0.897888431645739,-1.01779380182627,3.89524960114649,5.80055474111401
11,0.0120518512247922,0.225760688579994,0.193580764427914,0.00322587057650714,0.0141372407878007,0.0104706564989259,0.0898859364129323,0.0457398979759794,0.0377467463224357,0.612617841475327,2.50758813719173,0.462347932235228,1.98300416491164,0.365409988382183,3.52112509964263,0.921361252828147,2.73918402879106,-0.139420181976578,1.60862126621605,7.14207231988211,0.715339477184679,0.144592429081931,0.326677660983849,0.0270017385438468,1.15612874816878,3.21441180950389,0.77460626127308,0.370259454755583,0.693677248901265,0.289032187042194,0.0699502571693542,0.360224589276917,-0.386963958762531,-0.00167973957518693,1.02065096373277,1.01711211048092,1.00347931483205,0.704552099060287,0.136387733915382,0.159060167024331,1.21264491352192,1.17938680713197,0.261666719229844,0.777928631129507,-0.0395953503593508,0.000245017336558533,0.900134293825537,0.0397684991553158,1.02002569967634,-0.326424877540395,0.67,0.1,1.025,0.7,0.6,0.25,0.4,0.005,0.975,0.8,0.1,1.09943077638436,0.511281691953477,0.439772310553743,0.197977763605921,0.463667146006041,0.909042356656227,-1.0222340233549,3.88783743948036,5.79253291420982
12,0.0113806145244921,0.224876002722378,0.191195376703739,0.00122469448041884,0.0137161528855829,0.00974371485956493,0.0910507905107428,0.0462201358556194,0.0381021235863933,0.605004056436018,2.48661516817103,0.452816071438797,1.97288127073556,0.359004633925518,3.51987331527953,0.918288624350846,2.74026336590878,-0.138678674980097,1.5990907900992,7.11365309593795,0.699806130241596,0.145598480617547,0.328794013076138,0.0266640998573785,1.15819004032543,3.21487350083226,0.775987327018041,0.36868711114393,0.69491402419526,0.289547510081358,0.0698003713052159,0.361086605064489,-0.389914209747997,-0.00129038558943644,1.02079748297498,1.01643751759711,1.00428945734724,0.706179091343025,0.135018177389634,0.15880273126734,1.21457878111707,1.18074725678467,0.260886839411912,0.778511929395514,-0.0393987688074256,0.000189211138518639,0.899006986701767,0.038953230179293,1.01998542768552,-0.326618872774827,0.67,0.1,1.025,0.7,0.6,0.25,0.4,0.005,0.975,0.8,0.1,1.09885344458762,0.511324406925964,0.439541377835049,0.197485259932309,0.465595791643775,0.91685123710143,-1.02711114652288,3.8804085245533,5.78257449996203
13,0.0107885636132127,0.224091723849162,0.1885548966955,-0.000754137090060669,0.0132390753407479,0.00970529676639376,0.0915113068551443,0.0464024717736147,0.0382324828734616,0.602186384580241,2.48625969110511,0.446784400502844,1.9706144722185,0.353737318154718,3.52034692576011,0.915562420901056,2.7426261997618,-0.137841694902753,1.59392425809027,7.11413859655333,0.689023087094595,0.145862091891016,0.330113615494853,0.0263430633397859,1.16034973971403,3.21673924852698,0.777434325608401,0.368476715278901,0.696209843828419,0.290087434928508,0.0696866392820388,0.361958943581458,-0.392602166595295,-0.0007349525112987,1.02093066369807,1.01584250643128,1.0050088052376,0.707891121145668,0.133476337219283,0.158632541635049,1.2154651529451,1.181409966756,0.260077327663781,0.77907838562511,-0.0391557132888907,0.000201771292266261,0.898532918667589,0.0380948878157275,1.01994288381263,-0.326828898363582,0.67,0.1,1.025,0.7,0.6,0.25,0.4,0.005,0.975,0.8,0.1,1.09823997276613,0.511320078426263,0.439295989106451,0.197361299302871,0.466333883324584,0.919496658047552,-1.03270510544725,3.87436163251076,5.77159271019818
14,0.0103015346513999,0.223573120548009,0.185712527354992,-0.00255512453259243,0.0127109793391,0.0103673173422265,0.0911645173978199,0.0462444971333385,0.0381063196079369,0.60512264863637,2.50910876143895,0.444702785005529,1.97718823198626,0.349842018810641,3.52375767479393,0.913886133724967,2.74681061879446,-0.136939077725495,1.5947308200261,7.1475261327157,0.683657393142806,0.145382865575322,0.330533751881277,0.0260516670521302,1.1626105218539,3.22108279081833,0.778949049642113,0.369793433329414,0.69756631311234,0.290652630463475,0.0696608279105572,0.362833818256872,-0.394891429136738,-0.000103066032039127,1.02100701335643,1.01535304232466,1.00556847795406,0.709579354255106,0.131777775237639,0.158642870507255,1.21515553215236,1.18127662515605,0.259349881027046,0.779511780404086,-0.0388616614311315,0.000299239584321428,0.898805856835868,0.037229198096813,1.01987127378537,-0.327054747036761,0.67,0.1,1.025,0.7,0.6,0.25,0.4,0.005,0.975,0.8,0.1,1.09776171610831,0.511336492643256,0.439104686443325,0.19769393590953,0.465816472673816,0.916416004768856,-1.0391667144065,3.87104078257459,5.76065051522863
15,0.00992660467112922,0.223450233032269,0.182750041835262,-0.00400318787056697,0.0121425054709983,0.0115861788528131,0.0900716130032923,0.0457708693484173,0.0377418606832477,0.61393731285281,2.5542701936114,0.446386905099045,1.99208767472478,0.347298803611877,3.53095622097015,0.913817931646213,2.75313448242414,-0.135996193100204,1.60231378019097,7.21281185634137,0.683485531303185,0.144322986625903,0.330136669142567,0.0257960156924665,1.16498028170598,3.22869989514184,0.780536788743005,0.372500504384174,0.698988169023587,0.291245070426494,0.0697644509339535,0.363719625181494,-0.396731843195279,0.000498683247550158,1.02098834129604,1.01497623769448,1.00592339345324,0.711136256956145,0.129960180709307,0.158903562334546,1.21374590881187,1.18040788411018,0.258801829979835,0.779713570589589,-0.0385154005694249,0.00048035218682177,0.899765938840411,0.0363990633340786,1.0197443610612,-0.32729619590899,0.67,0.1,1.025,0.7,0.6,0.25,0.4,0.005,0.975,0.8,0.1,1.09759104687464,0.511462636904933,0.439036418749854,0.198491688390051,0.46423827489213,0.908242612724149,-1.04644509078052,3.87145846593211,5.75077058198552
16,0.00965884200738945,0.223806678953094,0.179764602159526,-0.00497486625755994,0.0115500083670523,0.0131636243803328,0.0883707488246958,0.0450372468244281,0.037180130518738,0.628382054282622,2.61947375113971,0.451446140759443,2.01412916167651,0.345995547584642,3.54236588089865,0.915726292783844,2.76167466647261,-0.135035078357796,1.61697779934676,7.30679730095242,0.687986020434294,0.142893536547442,0.329078027340653,0.0255794104480042,1.16745352614774,3.24001879382205,0.782193862518986,0.376305903756197,0.700472115688644,0.291863381536935,0.0700240842671468,0.364635556841931,-0.398125028612044,0.0010088353795112,1.02085070065555,1.01470713621743,1.00605451979083,0.712468268235934,0.128076574790719,0.159455156973346,1.21144438959131,1.17893647246085,0.258506976214298,0.779613049541562,-0.0381200257558595,0.000724431138996772,0.901281888296443,0.0356408513503585,1.01954270911959,-0.327553006699384,0.67,0.1,1.025,0.7,0.6,0.25,0.4,0.005,0.975,0.8,0.1,1.0978648416942,0.511791995655843,0.439145936677681,0.199719663723063,0.461884468420534,0.896136188127975,-1.05433080622625,3.87620724963723,5.74284526236371
17,0.00947684997215431,0.224670436821795,0.176851520267585,-0.00542955203896334,0.0109529204319052,0.0148545847789869,0.0862780037860628,0.044132166675439,0.0364869089579465,0.647641542508186,2.70026074290391,0.459134215230312,2.04128347914642,0.34567736224409,3.55794502875816,0.919752005571738,2.7722664644018,-0.134073441215377,1.63829354938271,7.42309673615831,0.69613806249004,0.141348683049461,0.327597304304914,0.0253999262310143,1.17001693320764,3.25504758646367,0.783911345249117,0.380777247642257,0.702010159924583,0.292504233301909,0.0704486817466722,0.365600090650378,-0.399112717630093,0.00139105059246022,1.0205858701613,1.01452423422201,1.00597485573515,0.713510048802058,0.126185336856843,0.160304614341099,1.20857308955348,1.17707167823327,0.258506524971151,0.779176305758225,-0.0376828307293765,0.00099848808562189,0.903151037248845,0.0349768791697165,1.01925761648819,-0.327824925966696,0.67,0.1,1.025,0.7,0.6,0.25,0.4,0.005,0.975,0.8,0.1,1.09866896277811,0.512396554560372,0.439467585111245,0.201290632205789,0.459134815066628,0.881750557402527,-1.06251205215296,3.88539232076167,5.7375267040952
18,0.00934584149148489,0.226003610054718,0.174097277186169,-0.00536496028233546,0.010370304053517,0.0163657463723133,0.0840970751108299,0.0431832091873309,0.035758179283758,0.669929413458625,2.78829707835133,0.468064316225803,2.07032554248347,0.345884490100041,3.57711246329698,0.925754965377587,2.78447828102883,-0.133120783109438,1.66465027328919,7.55008821086511,0.70607601598325,0.139992219065235,0.32603703858884,0.0252479927668432,1.17265206177588,3.27332544609055,0.785676881389841,0.385348037306122,0.70359123706553,0.293163015443971,0.0710263246122546,0.366627151802482,-0.3998042198591,0.00159335026628715,1.02019979581101,1.01439257069894,1.00572483009026,0.714234244912631,0.124346237312408,0.16141951777496,1.20558263593566,1.17511265632281,0.258799513539529,0.778415079089293,-0.0372145926288216,0.00127040833858462,0.90509164928303,0.0344215026714108,1.01889076620263,-0.32811168535944,0.67,0.1,1.025,0.7,0.6,0.25,0.4,0.005,0.975,0.8,0.1,1.10002689871857,0.513315000525254,0.440010759487428,0.203045892763204,0.456484747001626,0.867257076436088,-1.07056543074146,3.89855051177145,5.73508692219122
19,0.00923501888155198,0.227713713029036,0.171576860907091,-0.00479975880637684,0.00981945543723373,0.0174604628257873,0.0821130294743837,0.0423132006890229,0.035087550918958,0.692974635909624,2.87374893861396,0.476674860681054,2.09782899739989,0.346138324840228,3.59882579076953,0.933350479837117,2.7976559375578,-0.13218062662538,1.69367104132931,7.67421373116465,0.715746345227024,0.139072460133873,0.324720545725486,0.0251137863311223,1.17531930507191,3.29400326846972,0.787463934398178,0.389490280376871,0.705191583043144,0.293829826267977,0.071726534551305,0.367723246265696,-0.400369060743328,0.00157582679491253,1.01971194948492,1.01428119397596,1.00535428985691,0.714647849865132,0.122617034733861,0.162735115401006,1.20289108361918,1.17334132870396,0.259348613714672,0.77738020682542,-0.0367288205400925,0.00151657944166458,0.9068427607725,0.0339838304978932,1.01845135101421,-0.328413001880716,0.67,0.1,1.025,0.7,0.6,0.25,0.4,0.005,0.975,0.8,0.1,1.10189086071803,0.514551672316782,0.440756344287211,0.204814823532729,0.454378398797069,0.8545940425407,-1.07799562199719,3.91473358254107,5.73539692116963
20,0.00912160801918201,0.229685086095639,0.169336857862924,-0.00386163487103408,0.00931537218141809,0.01805326114717,0.0804793012473731,0.041590498793935,0.0345279461453686,0.714973814521665,2.94953765361438,0.483931866811318,2.12157343604122,0.346162374122685,3.62189231764554,0.942051740746996,2.81109721560312,-0.131256638704574,1.72319726290805,7.78566733831909,0.723829964249928,0.138681711625457,0.323809788024364,0.0249923620204994,1.17795944423339,3.31609535100251,0.789232827636372,0.392905866390474,0.706775666540034,0.294489861058348,0.0725100039860659,0.368882072672376,-0.400978699897008,0.00135833062260586,1.01915224268846,1.01416721605928,1.00491538924769,0.714785071326671,0.121039458025785,0.164175470647544,1.20072183339455,1.17191292641269,0.260099323261681,0.776140472732018,-0.0362397959936983,0.00172152449164307,0.908266284915254,0.0336528049922767,1.01795326413175,-0.328728578167495,0.67,0.1,1.025,0.7,0.6,0.25,0.4,0.005,0.975,0.8,0.1,1.10415404475575,0.516074114401572,0.441661617902301,0.206481113086076,0.453016999114656,0.844716394467859,-1.08441198304616,3.93278669122958,5.73807851459988
21,0.00898289011016993,0.231794364469573,0.167387771971739,-0.00274480302912683,0.00886737157258488,0.0181321530401071,0.0792803659122424,0.0410542175321265,0.0341101578991839,0.734422243402038,3.0104807588981,0.489096001003055,2.14007631663024,0.345753629750403,3.64514520940749,0.951340609145079,2.82415761652569,-0.130353016263275,1.75126891014862,7.87723923221922,0.729375736009675,0.13884124000219,0.323393892971239,0.0248791215194924,1.18052369792181,3.33862866239016,0.790950877607612,0.395429469548358,0.708314218753085,0.295130924480452,0.0733351824006828,0.370081524801579,-0.401797671735761,0.000970386374204971,1.01855288028351,1.01402780456072,1.00446247696802,0.714703235522579,0.119632582215117,0.165664182262303,1.19919860081105,1.17091707543958,0.260988398127213,0.774772321617178,-0.035760719744391,0.00187866302587198,0.909287471720266,0.0334025752521799,1.01741212218903,-0.329058102784082,0.67,0.1,1.025,0.7,0.6,0.25,0.4,0.005,0.975,0.8,0.1,1.10668433875115,0.517811458529331,0.44267373550046,0.207962756122375,0.452486958079572,0.838088463699148,-1.08961132368505,3.95151088753741,5.7425847648756
22,0.00880020363094754,0.233925346503444,0.165704440008233,-0.00166418106095811,0.00847755439434761,0.017748908143155,0.0785311550343277,0.0407128665244766,0.033841401170866,0.750378469438557,3.05423960822965,0.491837424371445,2.15277458169556,0.344801922037054,3.6675886485162,0.960734174501212,2.83632837219247,-0.129473898177482,1.77645630885567,7.94552866182863,0.731935159595431,0.139507165798761,0.323485247860725,0.0247697113644134,1.18298202842305,3.36076316762574,0.792597959043445,0.397027928648747,0.709789217053831,0.295745507105763,0.0741635008828643,0.371298810893668,-0.402963736163369,0.000459020067374591,1.01794473238533,1.0138442046491,1.00404453437463,0.714474648680004,0.118391621559599,0.167133729760397,1.19834403311729,1.17037455785428,0.261952543366439,0.773349643051992,-0.035302186418431,0.00198744757726879,0.909894689783667,0.0331989908343964,1.0168432909782,-0.329401250529466,0.67,0.1,1.025,0.7,0.6,0.25,0.4,0.005,0.975,0.8,0.1,1.10934371220557,0.519680875423145,0.443737484882227,0.209218448384409,0.452759588402984,0.834703838649197,-1.09360693326009,3.96980967404877,5.74829614511998
23,0.00855941930974332,0.235978582536308,0.164232262528169,-0.000815796031526594,0.00814088800164647,0.0169896563304652,0.0782001125984707,0.0405538235175994,0.0337123625297058,0.762464607439359,3.08101330082019,0.492159771156914,2.15984806422757,0.34325988859131,3.68847868670635,0.969825774566475,2.8472745685387,-0.128621656398819,1.79792552656341,7.99052686525869,0.731457152032399,0.140597978619006,0.324046416298834,0.0246591486829949,1.18532819541092,3.38186099524754,0.794169890925318,0.397764471083316,0.711196917246553,0.296332048852731,0.0749628340614282,0.372514406298717,-0.404579225787737,-0.000123954105088634,1.01735397760095,1.01360221640629,1.00370141376363,0.714178156471822,0.117291094485564,0.168530749042614,1.19811319073594,1.17025880074325,0.262933815521712,0.771937378627151,-0.034871194148863,0.0020520859791302,0.910117953996012,0.0330057069770815,1.01626042368504,-0.329757682758249,0.67,0.1,1.025,0.7,0.6,0.25,0.4,0.005,0.975,0.8,0.1,1.1120052940973,0.521598711642218,0.444802117638921,0.210238882936078,0.453733306405905,0.834257127661937,-1.09660206482812,3.98678472974416,5.75459244129538
24,0.00825254238410073,0.237873756601514,0.162901273067161,-0.000321449378862582,0.00784645250563365,0.0159405957874947,0.0782424174124986,0.040557877171768,0.0337083841414136,0.770632380324225,3.09223897937891,0.490198728212927,2.16181782147629,0.341097393118735,3.70731491549115,0.978289341081962,2.85682011921065,-0.127794544801464,1.81524242407092,8.0139428184585,0.728042720214048,0.142028955448283,0.325028508489712,0.0245411436838502,1.18757732913285,3.40148538529307,0.795676810519012,0.39774167303938,0.712546397479712,0.296894332283213,0.0757082527835475,0.373714200421938,-0.406716867281626,-0.000737595847496456,1.01680030639395,1.01329380509602,1.00346049811051,0.713890509767674,0.116293672871719,0.169815817360607,1.19844132103917,1.17052791512336,0.263880831108801,0.770590085906417,-0.0344709170152185,0.00208031203591201,0.909998777969543,0.0327936601468549,1.015674467153,-0.330127047714856,0.67,0.1,1.025,0.7,0.6,0.25,0.4,0.005,0.975,0.8,0.1,1.11456420786145,0.523489520183646,0.445825683144579,0.211027333455373,0.455291818622841,0.836370590536229,-1.09889507868955,4.00176228724538,5.76088468251781
25,0.0078777269162137,0.239556422070898,0.161632164504879,-0.000269461378590186,0.00758025461343226,0.0147076507847999,0.0785786806566398,0.0406901255220815,0.0338025536078116,0.775379786602436,3.09135865753288,0.486372839206355,2.15976903488873,0.338355371694088,3.72387395062956,0.985908120273832,2.86495318857346,-0.126987358217739,1.82859251401194,8.02017799233247,0.722151414587088,0.143688387209427,0.326342049216518,0.0244105619043838,1.18975772926033,3.41942912048132,0.797137678604424,0.397131639508165,0.7138546375562,0.297439432315083,0.0763837800737508,0.374892740725294,-0.409409807407962,-0.00133572532115948,1.01629722150714,1.01291711555079,1.00333700152209,0.713679806972877,0.115353611964451,0.170966581062671,1.1992120859012,1.17110350843254,0.264753354529393,0.769347519963466,-0.0341008744928595,0.00208138442791655,0.909609886503556,0.0325363590118175,1.01509331905742,-0.330508980880666,0.67,0.1,1.025,0.7,0.6,0.25,0.4,0.005,0.975,0.8,0.1,1.11694021719003,0.525295429494394,0.446776086876012,0.211615063357588,0.457266754681936,0.840447216738542,-1.10085289966363,4.01433970890302,5.76667155736375
26,0.00743521340453243,0.241001180913778,0.160338719074461,-0.000734597374569157,0.0073264329009759,0.0134015936460736,0.07910935486193,0.0409065864003492,0.0339608907491334,0.777597766565028,3.08300903202563,0.481255287100058,2.15510979031729,0.335109720176466,3.73821915940467,0.992589905886826,2.87182107897787,-0.126191825460026,1.83865922936037,8.01528868203346,0.714436064463254,0.145455130201499,0.327878064460432,0.0242628826467558,1.19191174941036,3.43572228205493,0.798580872104944,0.396146842334118,0.715147049646218,0.297977937352591,0.0769835732929786,0.376051588357179,-0.412650172296486,-0.00187395968567335,1.01585151599878,1.01247238947155,1.00333749992825,0.713602745492647,0.114418150140309,0.171979104367043,1.20027966071244,1.17188659473084,0.265524803229328,0.768232399841345,-0.0337572030706736,0.00206485210064142,0.90904204534475,0.0322076983372846,1.01452187313475,-0.330903105333758,0.67,0.1,1.025,0.7,0.6,0.25,0.4,0.005,0.975,0.8,0.1,1.11908323944806,0.526976095218869,0.447633295779225,0.212054491503337,0.45946861405932,0.845772111308736,-1.10290041663214,4.02439746359896,5.77157271251055
27,0.00693547010991217,0.242210067915156,0.158945772538215,-0.00168118179465004,0.00706774381489206,0.0121193004105407,0.0797359859387295,0.0411639557340503,0.0341500453527876,0.77826947348123,3.07160786790714,0.475385129204191,2.149250210375,0.331454775798536,3.75063127002453,0.998350842142276,2.87767646133788,-0.125396033455626,1.84632841962723,8.00522188327533,0.705538025789724,0.147218808693451,0.329526580167674,0.024094154242623,1.19408350709457,3.45058040906112,0.800035949753363,0.395006031092369,0.716450104256743,0.298520876773643,0.0775107046897313,0.377196713240994,-0.416399243293327,-0.00232489181742344,1.01546275914698,1.01197014746046,1.00345129912703,0.713696486235557,0.11343903936252,0.172864474401922,1.20149791607775,1.17277722635579,0.266182082617177,0.767251231224389,-0.0334333138415666,0.0020419479422353,0.908385368878711,0.0317981852794066,1.01396164084971,-0.331309032120879,0.67,0.1,1.025,0.7,0.6,0.25,0.4,0.005,0.975,0.8,0.1,1.12097504356958,0.528511377757434,0.448390017427834,0.212397375524529,0.461718092386563,0.851642937062687,-1.10540457817961,4.03207318073876,5.775338429694
28,0.00640524869200521,0.24321064988244,0.157410906035429,-0.00293294708678993,0.00678915450764284,0.0109482511196393,0.080359280871868,0.0414191350012847,0.0343371084555135,0.778427073569363,3.06123456023401,0.469314964626164,2.14356990436948,0.327540204891265,3.7615172655575,1.00329478817111,2.88280959492719,-0.124587117540802,1.85262193332848,7.99559760374295,0.696172605517056,0.148875361366443,0.331170724773603,0.0239045535404294,1.19629865690823,3.46432839163412,0.801520100128517,0.39392309304242,0.717779194144941,0.299074664227059,0.0779752897784379,0.378332919567181,-0.420590320221561,-0.00267295597841681,1.01512480353029,1.01143727493547,1.00364583023209,0.713968734648433,0.112386465401978,0.173644799949588,1.20271416880233,1.17366951531969,0.26672608886237,0.766395417202988,-0.0331215060653582,0.00202321593669708,0.907732062729166,0.0313229749671194,1.01341105091856,-0.331726360641299,0.67,0.1,1.025,0.7,0.6,0.25,0.4,0.005,0.975,0.8,0.1,1.12262632974145,0.529901242459135,0.44905053189658,0.212699576011478,0.463844855806853,0.857355713558161,-1.10855979939564,4.03772526026188,5.77785679998701
29,0.00587578689590391,0.244053987392682,0.155723709627845,-0.004305718838719,0.00648218120708566,0.00997217713124798,0.0808734314721077,0.0416266023600612,0.034487496327367,0.779184918006819,3.05590942320003,0.463656434974886,2.13944494508663,0.323574773958852,3.77138155095475,1.00761005338615,2.88752686642368,-0.123755368855075,1.8587225743737,7.9919858368165,0.687174777353609,0.150321269178789,0.332679207681598,0.0236989372749456,1.19856136328086,3.47737023474367,0.80303611339818,0.39310906182782,0.719136817968519,0.299640340820216,0.0783936661980591,0.379461507822742,-0.425125501757435,-0.00290320826509412,1.01482767695489,1.01090516583038,1.00388019693349,0.71439915218576,0.111248886133354,0.174351961680886,1.20376505721736,1.1744504124964,0.267172663375242,0.765641669189117,-0.0328143325643587,0.00201575476258998,0.907180625806977,0.0308044141035492,1.01286652668184,-0.332154679042152,0.67,0.1,1.025,0.7,0.6,0.25,0.4,0.005,0.975,0.8,0.1,1.12407204143682,0.531161755528055,0.449628816574728,0.213026288160204,0.465676935175161,0.862171367213638,-1.1124189477882,4.04189570716744,5.77917244906235
30,0.0053878684018763,0.244808869171357,0.153915843488388,-0.00553604203897007,0.00614474192556891,0.00925684159049722,0.0811834183172633,0.0417459721149388,0.0345707748173378,0.781554398654953,3.05886384777639,0.458983082224245,2.13804731555832,0.31980950528861,3.78074277401858,1.01154162532185,2.89209819112884,-0.12289704243211,1.86578041851512,7.99894180032833,0.679382318129966,0.151470428980278,0.333923593085268,0.0234867730492217,1.20084595566393,3.4901174090533,0.804566790294834,0.392742759272248,0.720507573398358,0.300211488915983,0.0787860344419626,0.380575643074353,-0.429882208433078,-0.00301344726402009,1.01455809041209,1.01041480774389,1.00410057595796,0.714936964328348,0.110040125905626,0.175022909766026,1.20449990979668,1.17501462798825,0.267551030564644,0.764955026953748,-0.0325060575183912,0.00202435962495215,0.906820490244288,0.0302826489226048,1.01232319052518,-0.332593564624889,0.67,0.1,1.025,0.7,0.6,0.25,0.4,0.005,0.975,0.8,0.1,1.12536745257072,0.532320557004472,0.450146981028286,0.213438260415704,0.467067181788501,0.865432012202101,-1.11683843889375,4.04524921137046,5.77948125004948
31,0.00497972515395578,0.245552636034544,0.152054742019885,-0.00637844176317359,0.0057831686976777,0.00883889210737498,0.0812188495402393,0.0417475720546805,0.0345647215638726,0.786340719675391,3.07229721970932,0.455783122438965,2.14019162265576,0.316500951224583,3.79006881820432,1.01535980930365,2.89672588438513,-0.122016875484455,1.87479538911566,8.01959580462205,0.673548204367608,0.152268721041979,0.334798644242604,0.0232810061885141,1.20310194545387,3.50293471664159,0.806078303454092,0.392943342153568,0.721861167272321,0.300775486363467,0.0791738609053621,0.381660737083325,-0.434727065709587,-0.00301617149241411,1.01430110560927,1.01000462377973,1.00425392293103,0.715508529578652,0.108796464878109,0.175695005543238,1.20480459256423,1.17528153042209,0.26790009843829,0.764293743137369,-0.0321938415756588,0.00205091695615075,0.906718408954042,0.0298014254535572,1.01177572221757,-0.333042584262426,0.67,0.1,1.025,0.7,0.6,0.25,0.4,0.005,0.975,0.8,0.1,1.12658098419704,0.533411862061346,0.450632393678815,0.21398678913508,0.467917055356084,0.866665051582845,-1.12151507515577,4.0484854682179,5.77910456910381
32,0.00468518842563484,0.246366287175203,0.150232222314548,-0.00663985146643153,0.00541094840397705,0.00874242868540054,0.0809197903712602,0.04160600310619,0.0344502766669226,0.794306331372047,3.09817039930166,0.454566838352448,2.14654817989361,0.313927130536121,3.79976039943633,1.01934922491612,2.90154118197903,-0.121130007458816,1.88675263465026,8.05663911037369,0.670461547232817,0.152675622934546,0.335204539329721,0.0230975858030641,1.20525771286437,3.51612579254733,0.807522667619127,0.393798023806359,0.723154627718621,0.301314428216092,0.0795785445724561,0.382697477488805,-0.439520020829618,-0.00292726493070836,1.0140419158907,1.00970861436776,1.00429163568704,0.716025395419726,0.107570086387558,0.176404518192715,1.20458094623941,1.1751810840133,0.268266711056913,0.763611616575539,-0.0318783276324518,0.00209477770529595,0.906931263455299,0.0294013275021984,1.01121908669105,-0.333501294826592,0.67,0.1,1.025,0.7,0.6,0.25,0.4,0.005,0.975,0.8,0.1,1.12778495397606,0.534474726646354,0.451113981590425,0.21472127223034,0.468146160002087,0.865485898540048,-1.12605661598526,4.05228808997504,5.77847571796614
33,0.00451273597464898,0.247324425030307,0.148532450594349,-0.00632494775551296,0.00504644446290947,0.0089551490816242,0.0802630765968478,0.041310965348747,0.034219521011717,0.805986393245943,3.13761548388075,0.455700381977877,2.15735968430827,0.312282163771069,3.81015550360104,1.02378749665058,2.90662822169055,-0.120260214740089,1.90245020234093,8.11150651624196,0.670672419698102,0.152696499275874,0.335094146777137,0.0229500886892451,1.20725151447532,3.52994638170415,0.808858514698466,0.39532274410026,0.724350908685193,0.301812878618831,0.0800201868314666,0.383667494283715,-0.444141786788305,-0.00277975654138942,1.01376621847717,1.00953529965452,1.00419095679378,0.71640582746171,0.10640951317296,0.177184659365329,1.20379236787439,1.17468650183725,0.268699662280913,0.762863410103849,-0.0315630723847614,0.00215491355536456,0.907480226166456,0.0290962335055754,1.01064864203774,-0.333969243625441,0.67,0.1,1.025,0.7,0.6,0.25,0.4,0.005,0.975,0.8,0.1,1.1290507191494,0.535544909849608,0.451620287659761,0.215677038686772,0.467743468760445,0.861793000719304,-1.13016412869604,4.05723698813143,5.77808203214522
34,0.00444406556377942,0.248492606910932,0.14699967753893,-0.00566152731096814,0.00470649011886981,0.00945199763176219,0.0792408526640905,0.0408578104306865,0.0338683851172188,0.82193112941309,3.1920316196593,0.459494519465797,2.17274404100321,0.311664787326111,3.82159350784548,1.02895253011404,2.91207651604701,-0.119435538315569,1.92272371489756,8.18580678759759,0.674570376927512,0.152358255319055,0.334454115285023,0.0228466084511727,1.20905425847177,3.54466669312024,0.810066353176086,0.397506864272926,0.725432555083062,0.302263564617942,0.0805181999486229,0.384566848779144,-0.448505740357829,-0.00260619384243798,1.01346140464865,1.0094662858916,1.0039576544684,0.716592998143465,0.105338939653745,0.17806806220279,1.20243301386923,1.17379370902286,0.269246985258867,0.762005825069463,-0.0312528103283302,0.00223104436808797,0.908370189812189,0.0288655695932649,1.01005993144651,-0.334445968850005,0.67,0.1,1.025,0.7,0.6,0.25,0.4,0.005,0.975,0.8,0.1,1.13044134574967,0.536660070326492,0.452176538299866,0.21688663780242,0.466728137382755,0.855618090264521,-1.1338213457261,4.06378030987124,5.7784226850418
35,0.00444804630690918,0.249926638884098,0.145632489704839,-0.00494160452399361,0.00439993550778595,0.0101962512987019,0.07786178588788,0.0402483115974363,0.0333973757739291,0.842691689916661,3.2629225915896,0.466151875430295,2.192719545616,0.312069212707428,3.83443433953167,1.03511798840183,2.91799788944661,-0.118681538316768,1.94842615481099,8.2812000477041,0.682327495582887,0.151707920842016,0.333304277977859,0.0227879457619323,1.2106753308912,3.56058801624043,0.811152471697103,0.400316667642667,0.726405198534719,0.3026688327228,0.0810914443495141,0.385408214771135,-0.452558875243478,-0.00243293507406433,1.01311693678364,1.00947028653844,1.0036124394089,0.716558674952819,0.104354223852979,0.179087101194201,1.20052549859175,1.17251840356379,0.269953244266582,0.7609982666035,-0.0309515108700813,0.00232262101798729,0.909589636434861,0.0286735212362341,1.00944877685528,-0.334931000030043,0.67,0.1,1.025,0.7,0.6,0.25,0.4,0.005,0.975,0.8,0.1,1.13201123655437,0.537859952357023,0.452804494621749,0.218371091466669,0.465145827729747,0.847118077351117,-1.13729501245655,4.07223859182047,5.77996953158203
36,0.0044936949818621,0.251666412578366,0.144403055279041,-0.00435037206878619,0.00412649794096764,0.0111163605447933,0.0761781686427583,0.0395029516693854,0.0328212205196933,0.868465121019889,3.3503261408028,0.475571377026068,2.21684682215266,0.313365744882835,3.84897386334745,1.04250837994359,2.9244802345007,-0.118014751096835,1.98005489398717,8.39745173110172,0.693690123124512,0.150836921666423,0.331724060410776,0.022767752312444,1.21215198949837,3.57796835907842,0.812141832963907,0.403646510041866,0.727291193699021,0.303037997374592,0.0817555286427381,0.386216306198693,-0.456285689429988,-0.00228842033176956,1.01272476663574,1.00951616345677,1.00317835741033,0.716296733811342,0.103435436848755,0.180267829339902,1.19815670467654,1.17091926162208,0.270853588462882,0.75980776476319,-0.0306613532260715,0.00242716802403716,0.911087007484939,0.028492942425448,1.00881184089456,-0.335423858498338,0.67,0.1,1.025,0.7,0.6,0.25,0.4,0.005,0.975,0.8,0.1,1.13380641657066,0.539184793072662,0.453522566628265,0.220115591001324,0.46310983249317,0.836737881732712,-1.1409508645417,4.08277756473889,5.78310829925126
37,0.00456012208252462,0.253737656001758,0.143276789362958,-0.0039491160497851,0.00388061105580806,0.0121426635570441,0.0742498448438784,0.0386457420879276,0.0321574690518069,0.899369509493116,3.45395524895265,0.487579992373318,2.24461678239333,0.315401480987217,3.8654077708912,1.05128875102851,2.93156074272421,-0.117441722861525,2.01797046858722,8.5338921623661,0.708317438355018,0.14983393382668,0.32979847671024,0.0227776878560079,1.21352459867485,3.59698757819139,0.81306148111215,0.40738180060834,0.72811475920491,0.303381149668713,0.0825217257610859,0.387022392697812,-0.459694566505107,-0.00218983184153094,1.01228019608619,1.00958292269294,1.00267167097682,0.715812211762013,0.102559275488059,0.181628512749928,1.19542101682446,1.16905912588963,0.271973571370092,0.758409178079647,-0.0303827494497391,0.00254138184640032,0.912804814918957,0.0283103466325677,1.00814684873185,-0.335924057863086,0.67,0.1,1.025,0.7,0.6,0.25,0.4,0.005,0.975,0.8,0.1,1.13585863408331,0.54067587327846,0.454343453633322,0.22209290917485,0.460733236023485,0.824947204368603,-1.14511069137963,4.09543270504984,5.78812618741178
38,0.00463134500300866,0.256169972152639,0.142202975519655,-0.00386671895492818,0.00365535787259152,0.0132763466345216,0.072066805361051,0.0376698568987398,0.0313998810623737,0.936426788428067,3.57721463891942,0.50250160721339,2.27647391902948,0.318136891451496,3.88399677628272,1.06164816920393,2.93931148981572,-0.116962882736931,2.06337330329888,8.69444293755201,0.726487228491873,0.148700722228062,0.327518421243669,0.0228116125639184,1.21482972809509,3.61787831085597,0.813935917823712,0.411545040582193,0.728897836857056,0.303707432023773,0.0834023765611732,0.387860386367433,-0.46277937143031,-0.00211653301300965,1.01178117488511,1.00965450172802,1.00210633751788,0.71511680890608,0.101691738070565,0.183191453023355,1.19230898152091,1.16692999939569,0.273339096388056,0.756774956087225,-0.0301140524752808,0.00266303246648787,0.914749386174909,0.0281013467953605,1.00745226375782,-0.336431104487904,0.67,0.1,1.025,0.7,0.6,0.25,0.4,0.005,0.975,0.8,0.1,1.1381859686235,0.542373471769943,0.4552743874494,0.224321198523416,0.457992900131485,0.811723034966617,-1.15017094757265,4.11025367214065,5.79529313012535
39,0.00471322917421591,0.259015455422548,0.141131007358518,-0.00412363739973054,0.00344059510393091,0.0145866064873978,0.069546585275546,0.0365359959216061,0.0305170788841438,0.982029679501188,3.72874909177084,0.521410929498173,2.31403749021676,0.321698400799893,3.90514778074102,1.07386243260748,2.94786309540034,-0.116577747266812,2.11883364293863,8.88941201804218,0.749401115990188,0.147357644605433,0.324783521140503,0.022869532958934,1.21608766028405,3.64098139919236,0.814778732390316,0.416289088422211,0.729652596170432,0.304021915071013,0.0844161137754736,0.388757551904048,-0.465486214621774,-0.00202477816777683,1.01122499076209,1.00973679532009,1.00147384491573,0.714210996193735,0.100797317359353,0.184991686446912,1.1886926304897,1.16443769824311,0.274986375138274,0.754865951535427,-0.0298523266737015,0.00279073625373538,0.916995152696304,0.0278542015957251,1.00672704166988,-0.33694449797899,0.67,0.1,1.025,0.7,0.6,0.25,0.4,0.005,0.975,0.8,0.1,1.14080956010554,0.544317511177879,0.456323824042217,0.226886325529893,0.454744498294455,0.796563604752701,-1.15655605050678,4.12744008578764,5.80492266021725
40,0.00482675140173347,0.26235181145955,0.140028448963312,-0.0046113070349395,0.00322620147170372,0.0161486727902544,0.0665920861724415,0.0351965388140081,0.0294705700583047,1.03960117087337,3.92047320740752,0.545865057378996,2.35948030849556,0.326326110174821,3.92940816916121,1.08830094131547,2.95739258238088,-0.116285354535137,2.18801819685244,9.1329360312422,0.778859238728965,0.145704696203775,0.321447737147482,0.022953425710286,1.21729859246949,3.66673474509827,0.815590056954558,0.421816799853293,0.730379155481693,0.304324648117372,0.0855886115401705,0.389732252765314,-0.467705731418751,-0.00187147838562104,1.01060593844869,1.00985088515874,1.00074768790229,0.713073356935634,0.0998505561687591,0.187076086895606,1.18441874451794,1.16146650948882,0.276963067835176,0.752630537487427,-0.0295936053226032,0.00292276382290149,0.919629335906608,0.0275754030646232,1.00597073753109,-0.33746373167895,0.67,0.1,1.025,0.7,0.6,0.25,0.4,0.005,0.975,0.8,0.1,1.14376739647023,0.54655281812821,0.457506958588092,0.229877795287309,0.450791961333225,0.778852597473255,-1.16459395918237,4.14738897985194,5.81742412606038
41,0.00497577047878046,0.266256540297426,0.138878243149352,-0.00523308585882543,0.00300568979266247,0.0179339848164255,0.0632110668792026,0.0336489984614766,0.028256165333311,1.11221817416422,4.16204641951287,0.577081412892488,2.4137524822699,0.332095446657479,3.95726865297436,1.10531908935824,2.96803142836019,-0.116081864744075,2.27435560537484,9.43575762690949,0.816156446095964,0.143764443852395,0.31750379248324,0.023061451290072,1.21847055238153,3.6955207878409,0.816375270095628,0.428135491827728,0.731082331428921,0.304617638095384,0.0869461020000155,0.390798774378915,-0.469334466295464,-0.00166830258481092,1.00991520370118,1.01000064933117,0.999915400420735,0.711675500301125,0.0988362431742565,0.189488256524618,1.17949213144845,1.15800827015359,0.279313634291284,0.750020200439118,-0.0293338347304024,0.00305603741752704,0.922642094659782,0.0272729088965593,1.0051839056404,-0.33798829316681,0.67,0.1,1.025,0.7,0.6,0.25,0.4,0.005,0.975,0.8,0.1,1.14711728835713,0.549124951208183,0.458846915342851,0.233329905603684,0.446135622694469,0.758698435930342,-1.17448681795212,4.17048419835214,5.83317990059527
42,0.00514845259002347,0.270794564467184,0.137665099657806,-0.00598390019526607,0.00277564862987045,0.019866759801239,0.0594666852472336,0.0319152393470151,0.0268883374770174,1.20311906342292,4.46307697878178,0.616217262024715,2.47708649596518,0.338970505893432,3.98908769550132,1.12521466462337,2.97983298684921,-0.115959955971265,2.38143880960047,9.80785697375805,0.862416764268115,0.141616270499182,0.31302009767122,0.023188952321234,1.21961691159362,3.72760598941676,0.817143330767724,0.435135516499075,0.731770146956171,0.304904227898404,0.0885111889450041,0.391983745258389,-0.470288440871614,-0.00143150941848684,1.00914637054107,1.01017419485297,0.998982527650045,0.709995483343325,0.0977415989710512,0.192262917685624,1.17400260268065,1.15411460972861,0.28207318324705,0.746996108904861,-0.0290692921519115,0.00318335612298961,0.925972352655133,0.0269446150835708,1.00436921289521,-0.338517664763714,0.67,0.1,1.025,0.7,0.6,0.25,0.4,0.005,0.975,0.8,0.1,1.15091342119509,0.552093294189087,0.460365368478034,0.237247523729401,0.440876181630378,0.736576102162061,-1.18639307308253,4.19697456780621,5.85247887719698
43,0.00532855060600218,0.276005476507595,0.136381631518488,-0.00681371495545779,0.00253301993156119,0.0218248081354706,0.0554840907976925,0.030046527192434,0.0254049674620336,1.31514701356514,4.83075279975606,0.664033434315401,2.54862655946358,0.346764071616577,4.02497778700284,1.14816742022681,2.99271679631368,-0.115906429537656,2.51241534110817,10.2556575609291,0.918218382283388,0.139399075251208,0.308146876583774,0.0233273058890661,1.22074919203553,3.76303478263245,0.817901958663802,0.442573411694626,0.732449515221315,0.305187298008881,0.0902981679349993,0.393316487475816,-0.470506510850932,-0.00117540127077791,1.00829848824355,1.01035519335903,0.997964374183457,0.708021189316557,0.0965610849486524,0.19541772573479,1.16813187951977,1.14990390439943,0.285260560594908,0.743536226521572,-0.0287967871164797,0.00329062587874767,0.929503900405324,0.0265950091831783,1.00353322360531,-0.339051324043806,0.67,0.1,1.025,0.7,0.6,0.25,0.4,0.005,0.975,0.8,0.1,1.15519418204604,0.555515136284946,0.462077672818415,0.241580818002104,0.435222675865427,0.713338949816621,-1.20034307401673,4.22687462108656,5.87545175807153
44,0.00548759685880278,0.281884520148988,0.135027844049853,-0.00767273439862848,0.00227632630369756,0.0236252732073359,0.0514714017562571,0.0281360435806795,0.0238782487720897,1.44907223051342,5.26343533083579,0.719981197908577,2.62549531308441,0.355007063639331,4.06466350434953,1.17415498481021,3.0064072776973,-0.115898758157975,2.6682592415824,10.7746578653403,0.982551103060094,0.137339043413331,0.303156243266121,0.0234615996701599,1.22188039380495,3.80151832879451,0.818659863849313,0.450028061363638,0.733128236282967,0.305470098451236,0.0923070171545598,0.394823564305943,-0.469983060727947,-0.000937841632844307,1.00737659306705,1.0105150348431,0.996894215654558,0.705759950486017,0.0952972445308579,0.198942804983124,1.16219025454311,1.14559319365036,0.288868926924397,0.739644813028234,-0.028513739952631,0.003363189273304,0.933047360347291,0.0262299062682046,1.00268635983778,-0.339588744349808,0.67,0.1,1.025,0.7,0.6,0.25,0.4,0.005,0.975,0.8,0.1,1.15996928316143,0.559430389942147,0.463987713264573,0.246193893492512,0.429545829367838,0.69034436015407,-1.21618162968443,4.25981564358668,5.90197260418546
45,0.00560135161626097,0.28838610363159,0.133610971945909,-0.00850866066939204,0.00200556880997049,0.0251165323073879,0.0476245530020466,0.0262766476545078,0.0223821096748649,1.60397947634868,5.75283451390704,0.782570052052173,2.70402939822214,0.363144448753932,4.10750557610716,1.20296244822877,3.02045033075763,-0.115907202879245,2.84805633347329,11.3527378901803,1.05338425996313,0.1356374098063,0.298311893454228,0.0235769620362699,1.22300540889386,3.84247356802713,0.819413623958884,0.457091511227859,0.733803245336314,0.305751352223464,0.0945230009104573,0.396525377798165,-0.468771237256286,-0.000758789595032305,1.00639184518374,1.01062935837434,0.995807055123133,0.703236326694893,0.0939600891173751,0.202803584187732,1.1564720971869,1.14139706989165,0.292869340269736,0.735349051825323,-0.0282183920950595,0.00339506974076906,0.936427731706395,0.0258566627040308,1.00184032554084,-0.340129395312759,0.67,0.1,1.025,0.7,0.6,0.25,0.4,0.005,0.975,0.8,0.1,1.16520377695789,0.563857927621254,0.466081510783158,0.250925283891733,0.424198640101898,0.668811699504988,-1.23357910755548,4.29507153726444,5.93166266290052
46,0.00566221553278042,0.295435565763676,0.132154576010511,-0.00919684999062331,0.00172219438918164,0.0262088204342366,0.0440882377598239,0.0245418169261559,0.0209768724363356,1.77730387190706,6.28466907491943,0.849577377395673,2.78057204997295,0.370684984324504,4.15258577854436,1.23422331818141,3.03426159541862,-0.115899135055664,3.04903432462106,11.9715880736552,1.12802567740433,0.134426550241717,0.293804522818936,0.0236624507398183,1.22408962482286,3.88510623319281,0.820140048631316,0.463459230304318,0.734453774893716,0.306022406205715,0.0969194157091367,0.398420879156562,-0.466974229542164,-0.000675505723784592,1.00535968352537,1.01069052661044,0.994725543631093,0.700481161040532,0.0925717908406617,0.206947048118806,1.15119494131791,1.13748145432836,0.297218018844644,0.730692093368923,-0.0279101122135671,0.00338997023613962,0.939519483863646,0.0254933943230938,1.00100537363858,-0.340672743375434,0.67,0.1,1.025,0.7,0.6,0.25,0.4,0.005,0.975,0.8,0.1,1.17082384830027,0.568781719360912,0.468329539320108,0.255611893482185,0.419432440384982,0.649569788328384,-1.25199192975702,4.33168194118363,5.96395710593975
47,0.00568256078157034,0.302953608555085,0.130697467851165,-0.0096106484093319,0.00143091520210215,0.0269146461593668,0.0409011309010624,0.0229563746893347,0.0196847065013639,1.96723540418594,6.84844943061704,0.919521839013412,2.85313636309826,0.377446262236166,4.19891840342402,1.26752613613817,3.04724011754095,-0.115847850255111,3.26900254005443,12.6181864233137,1.20483711600498,0.133705900806611,0.289667815433406,0.0237168650105088,1.2250644326479,3.92858630783016,0.820793169874094,0.469045745537242,0.735038659588741,0.306266108161975,0.0994649010762894,0.400485866498175,-0.464706563994887,-0.000695380575505334,1.00429780762882,1.01071097358548,0.993654797341413,0.697519791570702,0.091164070534363,0.211316137894935,1.14641416764805,1.13389598602733,0.301869675558483,0.725720250971309,-0.0275899265297923,0.00335737827366341,0.942293825591007,0.0251608240363808,1.00018875908369,-0.341218252318894,0.67,0.1,1.025,0.7,0.6,0.25,0.4,0.005,0.975,0.8,0.1,1.17673101149689,0.574156993590598,0.470692404598757,0.260155836301419,0.41528257539635,0.632729246987701,-1.27076214978185,4.3686790745809,5.9982457978121
48,0.00568828839550916,0.310882486158711,0.129282552227355,-0.00969872643781478,0.00113949357023291,0.027341236294254,0.0379912788195797,0.0214902019156621,0.0184830721696763,2.17597065944959,7.44932562703315,0.993275594055895,2.92237812181319,0.383654709114375,4.24569454105442,1.30253820768603,3.05889705842479,-0.1157407250564,3.50971464930543,13.2977356559969,1.28493920212033,0.133338547818899,0.28577102426856,0.0237496240064611,1.22584071507913,3.97224287907923,0.821313279103017,0.474004873643562,0.735504429047478,0.306460178769783,0.102132765649084,0.402677103560202,-0.462052767072287,-0.000791850351522528,1.00322259565712,1.01071672983749,0.992585326868417,0.694364863294181,0.0897692617036702,0.215865875002148,1.14201343066172,1.13056062282743,0.306790372008843,0.720470356227059,-0.0272607282359016,0.00330831692338752,0.944820350937464,0.0248718945834294,0.999394443724679,-0.341765383791672,0.67,0.1,1.025,0.7,0.6,0.25,0.4,0.005,0.975,0.8,0.1,1.18282667012638,0.579921486305968,0.473130668050553,0.2645629868814,0.411557438135357,0.617691646804164,-1.28931354519169,4.40531659956536,6.03401629680035
49,0.00569425016365374,0.319191705114478,0.127934514554045,-0.0095794862022861,0.00085651044547097,0.0276072482929257,0.0352586938051673,0.0200966481292454,0.0173350228489567,2.40946777532353,8.10571950309662,1.07349256282516,2.99012412540174,0.389654870580487,4.29238518141723,1.33904996065057,3.06891426712848,-0.115579046361822,3.77677591941487,14.0300072535183,1.37134060781405,0.133164185713463,0.281956119025141,0.0237722207702292,1.22634861970273,4.01564647156137,0.82165357520083,0.478555125511296,0.735809171821639,0.306587154925683,0.104906002272704,0.404946814067117,-0.459070461965772,-0.000938743635090876,1.00214557755269,1.01072272141447,0.99151385075248,0.691024726391219,0.0884059129157022,0.220569360693079,1.13783533229632,1.12736131963122,0.311959412786999,0.714967119077411,-0.0269265318644105,0.00325255739201041,0.947191010283181,0.0246180500202127,0.99862361010813,-0.342313597841059,0.67,0.1,1.025,0.7,0.6,0.25,0.4,0.005,0.975,0.8,0.1,1.1890364321575,0.586009152207759,0.475614572863002,0.268898538414469,0.40802609263726,0.603729299912878,-1.30736782812288,4.44110630187644,6.07087927553933
50,0.00569845529931203,0.327863216021527,0.126655726321152,-0.00941461045631797,0.000586902910808984,0.0277699408877181,0.0326578994207106,0.0187545285661962,0.0162237589300717,2.67356060255801,8.8338432645417,1.16232192068451,3.0571488299815,0.395574923892659,4.33863710522352,1.37691732441864,3.07708904297605,-0.11536926217117,4.0758109443838,14.8317091542798,1.46631675190413,0.133107423879754,0.278161713020238,0.0237891694981323,1.22655817451386,4.05852353079311,0.821793976924288,0.482798323234854,0.735934904708317,0.306639543628466,0.107774406472607,0.407260280684586,-0.45582133027791,-0.00113558950475025,1.0010731880026,1.01072694757581,0.990448696755969,0.687512531386755,0.0870773990176831,0.225410069595562,1.13381090725198,1.12424918001435,0.317361717752532,0.709229411990081,-0.0265911297426128,0.00319759075716902,0.949447103547588,0.0243824492923645,0.997875431376435,-0.342862353445977,0.67,0.1,1.025,0.7,0.6,0.25,0.4,0.005,0.975,0.8,0.1,1.1953149061395,0.592367792719527,0.4781259624558,0.273195682995783,0.404591480622424,0.590512323245275,-1.32490477980104,4.47568430028377,6.10849961977806
51,0.00568486019486026,0.336870532012093,0.125432912308126,-0.00932668054140295,0.000331145264230281,0.0278130288068112,0.0302190225629441,0.0174810335720543,0.0151640317573906,2.96956030308107,9.63243613447806,1.25934524969269,3.1220516694152,0.401193862537241,4.38409981107398,1.4159701130386,3.08324339398566,-0.11511369595029,4.4080082533967,15.7000476155975,1.56922113541147,0.133205700867243,0.274453059451685,0.0237957191318255,1.226476140982,4.10061403995814,0.821739014457938,0.48666017812102,0.735885684589198,0.306619035245499,0.110727863590215,0.409602372724863,-0.452399913473357,-0.00140585222653312,1.00000956219618,1.01071328449583,0.98940973423042,0.683852591528888,0.0857776221449274,0.230369786326185,1.12999500254226,1.12127090816895,0.322978530156163,0.703278558165477,-0.0262570883216397,0.00314830039125782,0.951561717960283,0.0241498677660936,0.997147856687413,-0.343411109050894,0.67,0.1,1.025,0.7,0.6,0.25,0.4,0.005,0.975,0.8,0.1,1.20163179117414,0.5989629604373,0.480652716469658,0.277411736730367,0.401333654140421,0.578225569383629,-1.34200148094333,4.5086374347028,6.14650964269119
52,0.00563109404407853,0.346163702740323,0.124246798035086,-0.00937040094014374,8.65824616251842e-05,0.027675743491284,0.0280223925758351,0.0163207232015584,0.0141937876729183,3.29093656450874,10.4734046446314,1.36045761063779,3.18144580235166,0.406006409816044,4.42829972092268,1.455943561504,3.08716189544829,-0.114805736029603,4.76670415598318,16.603457101864,1.67543911143075,0.133574455151714,0.270980427548213,0.0237808270065198,1.22613053201339,4.1415648657604,0.821507456448975,0.489935854562088,0.735678319208037,0.306532633003349,0.113750425181265,0.411971788333464,-0.448943464045752,-0.00178054583227709,0.998959827075364,1.0106592495143,0.988423969360042,0.68008219437542,0.0844980350518207,0.23541977057276,1.12652794069595,1.11854220274736,0.328781621222474,0.697143845269135,-0.0259254664916094,0.0031068805737886,0.95346325642488,0.0239112257822081,0.996438337428013,-0.343959323100282,0.67,0.1,1.025,0.7,0.6,0.25,0.4,0.005,0.975,0.8,0.1,1.20795319042787,0.60576764358875,0.483181276171148,0.281436449876445,0.398452466171502,0.567388434823196,-1.35867935815544,4.53939526866088,6.18445748189198
53,0.005521654758815,0.355666818884058,0.123085540866966,-0.00949560746050904,-0.000150640392982848,0.0272978890610489,0.0261516963323044,0.0153218846699429,0.0133547981432722,3.62286613503544,11.3035507635277,1.45836587238792,3.23125497538221,0.409451896725178,4.47061186246235,1.49646202654831,3.08858082670945,-0.114430990795406,5.13684778693388,17.4845346273204,1.77711985526142,0.134337283430068,0.267896023069716,0.0237330769437238,1.22554807122009,4.18089309258636,0.821117207717459,0.492395643190785,0.735328842732053,0.306387017805022,0.116817658079932,0.414369246348811,-0.445610072856063,-0.00227164488974549,0.997932607411208,1.01054926303261,0.987515051385483,0.676245750957496,0.083236074015591,0.240518175026913,1.1235589863689,1.11618859355885,0.334733157918138,0.690863112640756,-0.0255962705588933,0.00307067167051721,0.955077723277943,0.0236695607846508,0.995745013373997,-0.344506454573059,0.67,0.1,1.025,0.7,0.6,0.25,0.4,0.005,0.975,0.8,0.1,1.21422900854436,0.612749500846557,0.485691603417746,0.285129701567596,0.396151876282258,0.558532773729205,-1.37477640732998,4.56724618577837,6.22182513392537
54,0.0053559194762476,0.365282621531508,0.121959269547936,-0.00952970201257852,-0.000382891826606779,0.0266427409421981,0.0246675626357629,0.0145219029391144,0.0126801955267726,3.9436134055653,12.0523569862615,1.54396430055022,3.26786958516403,0.411124167545164,4.51029211955481,1.53705474172968,3.08720977182532,-0.113972394000179,5.49635326804183,18.2689470057083,1.86476161599861,0.135581638513822,0.265299875230517,0.0236455419034076,1.22473679262093,4.2179941833678,0.820573651056026,0.493856995767836,0.734842075572561,0.306184198155234,0.11989651776697,0.416784438282946,-0.44254413938555,-0.00286260224328761,0.996940251784069,1.01038269907363,0.986695687384706,0.67238557896873,0.0820036540655921,0.245610766965678,1.12120056189186,1.11430787337941,0.340788290644329,0.684481113416213,-0.0252694040605425,0.0030311452934056,0.956352236816904,0.023444139646874,0.995068073793031,-0.345051963516519,0.67,0.1,1.025,0.7,0.6,0.25,0.4,0.005,0.975,0.8,0.1,1.22039150856653,0.619859276164413,0.488156603426611,0.288347417841823,0.394565088140975,0.55201830192065,-1.38984530992993,4.59142769920842,6.25809186103175
55,0.00514299203066483,0.374892323371002,0.120908106085145,-0.0092218759506687,-0.000608146090412931,0.0256834351970434,0.0236201305743334,0.0139527813501985,0.012198687598106,4.22444491336351,12.6342951477999,1.60692093954846,3.28810261880983,0.410794271404135,4.54649197289634,1.57715782693064,3.08274972182591,-0.113415575860209,5.81603317384651,18.8677237420851,1.92781646590985,0.137375463004277,0.263257223977064,0.0235168308174592,1.2236849924538,4.2521494773399,0.819868944944048,0.494168519545762,0.734210995472282,0.305921248113451,0.122945029451923,0.419187974616405,-0.439868499915842,-0.00353298303679519,0.99599666038255,1.01016870699082,0.985970614106147,0.66853838273304,0.0808317097014779,0.250629907565482,1.11954786909208,1.11298408864587,0.346895548553204,0.678050184670599,-0.024945733223803,0.00297869003258551,0.957243278106669,0.0232671606547819,0.994409918370965,-0.345595311579194,0.67,0.1,1.025,0.7,0.6,0.25,0.4,0.005,0.975,0.8,0.1,1.22636031994507,0.627021552454072,0.490544127978026,0.290935709566332,0.393780268682326,0.548120790286709,-1.40310747204368,4.61117835781301,6.29277583928639
56,0.00489017007709163,0.384356739693325,0.119989533336339,-0.00840944143440525,-0.000818378782970974,0.0244066531936189,0.0230433969105102,0.0136370077739922,0.0119306822521769,4.43526441562766,12.9691523004771,1.63826455542234,3.28971671380877,0.408429170074669,4.57831670039932,1.61613588650606,3.07493552812462,-0.112754714231363,6.06525053462971,19.1981550824354,1.95729082619132,0.139763975445935,0.261805390133881,0.0233518149256733,1.222373255226,4.2825863479354,0.81899008100142,0.493221930088513,0.7334239531356,0.3055933138065,0.125913742949951,0.421535230892431,-0.437693600671683,-0.00427077815024016,0.99511568932944,1.00991462092748,0.98534635374974,0.664740570657352,0.0797619108629071,0.25549751847974,1.11866954501209,1.11227893628738,0.352997835725308,0.671630149101797,-0.0246279848271051,0.00290760897573676,0.957720838517015,0.0231648515799612,0.993774146543625,-0.346135962542146,0.67,0.1,1.025,0.7,0.6,0.25,0.4,0.005,0.975,0.8,0.1,1.23204467600275,0.634134953543727,0.492817870401099,0.292769000554787,0.393845962906982,0.547026743263723,-1.41364108521877,4.62576780154078,6.32544650970539
57,0.00459468573245119,0.393521599559015,0.119252612780119,-0.00713747924993569,-0.00100209333273227,0.0228186827203378,0.0229474360010203,0.0135823840796163,0.0118835787132729,4.5539516383606,13.0105627363855,1.633545004081,3.27201004939917,0.404159661289646,4.60493021953241,1.65332831506036,3.06359762108022,-0.111995716608164,6.22129306069052,19.212972013717,1.94886848075716,0.142762724362943,0.260957965217329,0.0231595319946734,1.22079453718291,4.3085776991559,0.817932339912548,0.490966469629263,0.732476722309744,0.305198634295727,0.128749617093373,0.423775981547321,-0.436124201933231,-0.00506650981632144,0.994310763078566,1.00961765916111,0.984838918036293,0.661037180461812,0.078830410914874,0.260132408623314,1.1185932006007,1.11221890464466,0.359034390585873,0.665286437584971,-0.0243208281708441,0.00281572149929397,0.957774942314101,0.0231414838628701,0.993164714112461,-0.346673382848147,0.67,0.1,1.025,0.7,0.6,0.25,0.4,0.005,0.975,0.8,0.1,1.23734695125791,0.641077376693492,0.494938780503164,0.293789309555705,0.394770480285268,0.548807913317989,-1.42071714847591,4.63453147815368,6.35571831979793
58,0.00426792793732074,0.402262300573732,0.118716654090251,-0.00563862535413884,-0.00114947744397631,0.0210364808003496,0.0232166504822493,0.0137264509141353,0.0120046580684715,4.59333050719368,12.8222818057579,1.60196177457421,3.23985878548639,0.398709820402421,4.62587934404872,1.68824684969622,3.04879434172157,-0.111161847369077,6.29634801422958,18.9806485751371,1.91246827532016,0.146180111164526,0.260536940990719,0.0229585277126058,1.21894043321779,4.32971351765507,0.816690090255919,0.487683235742411,0.731364259930673,0.304735108304447,0.131409453824846,0.425866791436392,-0.435198433537025,-0.00585609395797685,0.99359451627011,1.00928926757701,0.984449699594473,0.657471293033717,0.0780527920693535,0.26447591489693,1.11912666863975,1.11264984572047,0.364956957182238,0.65907346797617,-0.0240304251584083,0.00270260326105698,0.957507566433221,0.0231781017500545,0.992585544959686,-0.347207042128239,0.67,0.1,1.025,0.7,0.6,0.25,0.4,0.005,0.975,0.8,0.1,1.24216843976188,0.647734427265028,0.496867375904752,0.294141017943421,0.396271204159416,0.552716156484399,-1.42418796844967,4.63715203085714,6.38336708412243
59,0.00392650369634831,0.41051189693419,0.118360474009048,-0.00425315255993031,-0.00125666918194989,0.0192255617782875,0.023672441831556,0.0139715398232603,0.0122110780390069,4.58804232933634,12.525116339071,1.55903544213302,3.20073837270093,0.392965468254754,4.64125066749743,1.72068699241098,3.03085264222062,-0.110288967134164,6.32457636517172,18.6294909628177,1.86447924481428,0.149718166114788,0.260282674875517,0.0227673015606735,1.21682006842412,4.34603061399147,0.815269445844157,0.483840130257017,0.730092041054469,0.304205017106029,0.133871122690388,0.427770379793717,-0.434871987548507,-0.00656303241189158,0.992973853051642,1.00894613621483,0.984169340076855,0.654076834015288,0.0774168441123872,0.268506321872325,1.11996704699841,1.11332680462261,0.370737785067482,0.653024983857387,-0.0237627689248685,0.00256981092198313,0.957077058266168,0.0232384107767998,0.992040151657824,-0.347736413725143,0.67,0.1,1.025,0.7,0.6,0.25,0.4,0.005,0.975,0.8,0.1,1.24644293062534,0.654006314774509,0.498577172250135,0.294087182469255,0.397938990252379,0.557596428533921,-1.42461202595724,4.63378686509141,6.40836677666446
60,0.00358926162444242,0.418267496876263,0.11813259065941,-0.00325068173367538,-0.00132790519819037,0.0175395169117154,0.0241389626518586,0.0142219627707592,0.0124218418005849,4.57401277262485,12.2305907273142,1.51835341176617,3.16163439468752,0.387632390421647,4.65161670548885,1.75073063559016,3.01030106608568,-0.109414996186987,6.34168909006104,18.2782571623056,1.81916822591178,0.153081796094946,0.259952692876988,0.0225974199109526,1.2144634219711,4.35796879392505,0.813690492720638,0.479920410144472,0.728678053182661,0.303615855492775,0.13613611424891,0.429468774061903,-0.435030141618858,-0.00712546390768768,0.99244778832623,1.00860720793256,0.983978480939614,0.65087213162293,0.0768892110966295,0.272238657280441,1.12081545582813,1.11400879138434,0.376370356036497,0.647151572599168,-0.0235219286356654,0.00242071135865565,0.956639942047487,0.0232873425709593,0.991531314652288,-0.348260975213004,0.67,0.1,1.025,0.7,0.6,0.25,0.4,0.005,0.975,0.8,0.1,1.25015414424293,0.659835862062546,0.500061657697174,0.293895848177627,0.399391340091339,0.562307343211923,-1.42302144379504,4.62502682144277,6.4308671409097
61,0.0032789955413203,0.425589672259525,0.117968313218305,-0.00276219101352237,-0.00137348186811792,0.0161084371496079,0.0244576628087833,0.0143923731605863,0.0125650310561631,4.58206822628576,12.0245448946737,1.48994814189332,3.12833940711616,0.383224266771843,4.6579204371266,1.77871540594855,2.98777748588242,-0.108572454704369,6.37856054938847,18.0189875190207,1.7870543473341,0.156004683122421,0.259335992349759,0.0224543933733079,1.21190733650073,4.36627685332728,0.81197791545549,0.476373208609055,0.727144401900438,0.302976834125183,0.13822776596827,0.43096765445415,-0.43550081810111,-0.0074978737792529,0.992008034851056,1.00829539051903,0.983846642738705,0.647853860631246,0.0764262271506346,0.27571991221812,1.12140249686706,1.11447984028995,0.381868997111039,0.64144021483663,-0.0233092119476696,0.00226009870025761,0.956338074435061,0.0233002133515585,0.991060828488457,-0.348780208912964,0.67,0.1,1.025,0.7,0.6,0.25,0.4,0.005,0.975,0.8,0.1,1.25333499543296,0.665223564515354,0.501333998173185,0.293804812961011,0.400300141913288,0.565808547766428,-1.4206177480196,4.61180779716468,6.45116775077683
62,0.00301047322647293,0.432581963332564,0.117803226743574,-0.00280378301743522,-0.0014063373563391,0.0150002110352729,0.0245316973757678,0.0144311439621594,0.0125973181027089,4.63099904146735,11.9517461612993,1.4786280851588,3.10403410503093,0.379932106693175,4.6612704494799,1.80513271455371,2.96392030989066,-0.107782574964476,6.45428181556962,17.9001497967103,1.77311409922787,0.158334488277497,0.258319638660557,0.0223364823403712,1.20919564600147,4.37184654367603,0.810161082820986,0.473483785764356,0.725517387600883,0.302298911500368,0.140184428728935,0.432290664649805,-0.436093481797013,-0.0076717041156271,0.991640129416088,1.00802552559261,0.983745058274309,0.645001001300129,0.0759831992059917,0.279015799493879,1.12156473038465,1.11460977033481,0.387261956609946,0.635861047329141,-0.0231230039390873,0.00209404357394937,0.956258184079424,0.023262905090464,0.990629256350167,-0.349293602404049,0.67,0.1,1.025,0.7,0.6,0.25,0.4,0.005,0.975,0.8,0.1,1.2560617443817,0.670217044281227,0.502424697752682,0.293966068470172,0.400494942085146,0.567474990895526,-1.41850535500981,4.59521815302036,6.46964336008257
63,0.00278088808654502,0.439357072204734,0.117580550985743,-0.00332686872530974,-0.00143935465128509,0.0142001256349078,0.0243522331890563,0.0143336536709685,0.0125148524017928,4.72521149429052,12.0144948199807,1.48389559834408,3.08871389816203,0.377572498114718,4.66270436393633,1.8304859884081,2.93926994820609,-0.107051572677856,6.57373386207814,17.9246044102139,1.7766510494341,0.16008509993213,0.256925071805118,0.0222345256531565,1.20638217274086,4.37552140301582,0.808276055736379,0.47129217055221,0.723829303644518,0.301595543185216,0.14204872055261,0.433476727796294,-0.436646342724003,-0.00767902860883216,0.991326500795488,1.00779479252698,0.983659082331438,0.642286489262685,0.0755203992982048,0.282193111439111,1.12128943583366,1.11438892975262,0.392580323677818,0.630378792818146,-0.0229591164959644,0.00192879022186623,0.956407609720923,0.0231687294779211,0.990235903715351,-0.349800649028867,0.67,0.1,1.025,0.7,0.6,0.25,0.4,0.005,0.975,0.8,0.1,1.25843540109997,0.674896226283548,0.503374160439988,0.294417480042178,0.400016310634303,0.567289184047541,-1.41751862639319,4.57625996707518,6.48664306181361
64,0.00258439097491683,0.446025892866528,0.117255202742596,-0.00424680815527589,-0.00148388980285152,0.0136721763858676,0.0239358456309334,0.0141083859372048,0.0123246279403755,4.86685414506837,12.2094219893163,1.5046345546772,3.08161839012798,0.375905811335297,4.66311524477292,1.85524588535262,2.91424303047484,-0.106373671054536,6.73955529749048,18.088708448744,1.7963054918118,0.161316955221873,0.255202479900446,0.0221387968538315,1.20351161768278,4.37803417848762,0.806352783847463,0.469757318098023,0.722106970609668,0.300877904420695,0.14386168815239,0.4345753427719,-0.437025904324362,-0.0075500821867835,0.991050747510013,1.00759731292979,0.983578196162844,0.639680223095358,0.075005834249475,0.285313942655167,1.12060562577673,1.11384005777364,0.397855465277691,0.624956252955903,-0.0228117182335938,0.00176824537469532,0.956770850376597,0.0230167681543205,0.989879329801011,-0.350300848393615,0.67,0.1,1.025,0.7,0.6,0.25,0.4,0.005,0.975,0.8,0.1,1.26055606338053,0.679363417973166,0.504222425352211,0.295160997479159,0.398953212380935,0.565401584376273,-1.41820529188075,4.55578103755195,6.5024718669108
65,0.00241767838889879,0.452697898703823,0.11679378680622,-0.00547800661547659,-0.00154895945148092,0.0133866558958244,0.0232951556375017,0.013761222697975,0.0120312828666949,5.06139443272486,12.5426831006287,1.54098086192317,3.08226461610256,0.374761499207581,4.66326544531739,1.87985422961032,2.88914720387578,-0.105735988168716,6.95766669047987,18.3985046526948,1.83204826384985,0.162079928428585,0.25318591983544,0.0220418908878115,1.20061205244009,4.38001207158889,0.80441007513486,0.468840404278001,0.720367231464054,0.300153013110022,0.145661900283894,0.435633887387134,-0.437113857735562,-0.00730251217188695,0.990798804685035,1.00742976678084,0.983491690791556,0.637148963089299,0.074415040158856,0.288435996751845,1.11953354435338,1.11297785808098,0.403119713354077,0.619554524132208,-0.0226742374862855,0.00161340807211617,0.957336098294046,0.0228087157721961,0.989557978047827,-0.350793706861911,0.67,0.1,1.025,0.7,0.6,0.25,0.4,0.005,0.975,0.8,0.1,1.26251492466467,0.683723764180525,0.505005969865869,0.296202096253096,0.397373196069936,0.56192684080285,-1.42089539887364,4.53449251469763,6.51740507696633
66,0.00227513259257958,0.459476869647858,0.116171639065865,-0.00695939064937512,-0.00164124263875598,0.0133087825927563,0.0224508241348077,0.0133019965936479,0.0116426514818375,5.31557073295978,13.0236915312493,1.59343407966356,3.08997833501722,0.373965288614687,4.66378361422674,1.9047121755035,2.86419271609059,-0.105121277367353,7.2352351755869,18.863011494037,1.88421535358946,0.162436992501062,0.250915714639579,0.0219372626785633,1.19770150756409,4.38197134203408,0.802460010067942,0.468476192320491,0.718620904538456,0.299425376891023,0.147484725377443,0.436693207108227,-0.436808632345799,-0.00695397509643832,0.990558384493115,1.00728650825554,0.9833928841245,0.634659312955748,0.0737294126344851,0.291611274409767,1.11810611575394,1.11182656634872,0.4084049203512,0.614134992745686,-0.0225399130968863,0.0014639436298124,0.958084315963729,0.0225459437734398,0.989270449596389,-0.351278738041948,0.67,0.1,1.025,0.7,0.6,0.25,0.4,0.005,0.975,0.8,0.1,1.26439491816595,0.688075000545492,0.505757967266381,0.297537466998655,0.395354971584691,0.557032621011795,-1.42577125751013,4.51296098177685,6.53168221756417
67,0.002143027111544,0.466444726550159,0.115373411927731,-0.00862464170025445,-0.00176567218682699,0.0133723127926932,0.0214611951367031,0.012760910346727,0.0111837601274939,5.62948496198768,13.644191320959,1.66020339946428,3.10276705517806,0.373200946048754,4.66509227845208,1.93012002882885,2.83947987450061,-0.104507624877391,7.5727673029079,19.4721946118195,1.95071302720952,0.162520636812516,0.248482929695358,0.0218163065738764,1.19479790438886,4.38425865219017,0.800514595940533,0.468496795384114,0.716878742633313,0.298699476097214,0.149358324721157,0.437788027426953,-0.436045116371401,-0.00653785390724558,0.990318905535344,1.0071537422471,0.983284739950231,0.632183925367207,0.0729372164354807,0.294878858197313,1.11642108397224,1.11046266076781,0.413736730941855,0.608665317857931,-0.0224020487997867,0.00131961373302276,0.95896260982079,0.0222323890504987,0.989015454563338,-0.351755463266512,0.67,0.1,1.025,0.7,0.6,0.25,0.4,0.005,0.975,0.8,0.1,1.26626850797503,0.69250104259241,0.506507403190013,0.299110764573458,0.393054805294243,0.55114374019913,-1.4328436151637,4.49154076932799,6.54546765620393
68,0.00201134805692324,0.473658018481985,0.114399221411867,-0.0103528649449716,-0.0019253176144538,0.0135093172822869,0.0203915421078325,0.0121724475761122,0.0106834361284377,5.99994209131092,14.3878924507008,1.73855986409011,3.11835207548159,0.372167769896527,4.6673938590348,1.95626127388716,2.81500319406084,-0.103870608913204,7.96736912307786,20.2075920453686,2.02852868167882,0.162466942961796,0.245975854811505,0.021671656605393,1.19190774509239,4.38704346182635,0.798578189211899,0.468722790414452,0.715144647055432,0.297976936273097,0.151301185082016,0.438946659525787,-0.434794249846989,-0.0060880697151887,0.990072548809045,1.00702140479721,0.983169319035899,0.629700224197739,0.0720372153710992,0.298262560431162,1.11458771591057,1.10897251315277,0.419133532110296,0.603120987660334,-0.0222545197706294,0.00118163374133196,0.959912398768702,0.0218802370336178,0.988791450289545,-0.352223412065361,0.67,0.1,1.025,0.7,0.6,0.25,0.4,0.005,0.975,0.8,0.1,1.26818787499928,0.697072420587147,0.507275149999711,0.300839732543126,0.39062373707249,0.544711152237604,-1.44190205546002,4.47038620265264,6.55885630117044
69,0.00187210929561349,0.481146309254205,0.113264346227884,-0.0120194282642078,-0.00212015571762669,0.0136558137332272,0.0193074208948377,0.0115720359185189,0.0101715791979715,6.41927660967366,15.2280340188051,1.8246495430696,3.13430542116442,0.370602544921665,4.67068390250684,1.9831997166031,2.79067041731463,-0.1031862314109,8.41156012803422,21.0400222938872,2.11356414163696,0.162405531773988,0.243475893710865,0.0214982850565989,1.18902711404179,4.39033368094669,0.796648166407996,0.468979247576362,0.713416268425071,0.297256778510446,0.153321730016535,0.440184709300165,-0.433066046864923,-0.00564184900619263,0.989814158622218,1.00688146984209,0.983049334275116,0.62719099158155,0.0710383776215024,0.301770630796948,1.11271724068113,1.10744536904563,0.424605851733766,0.597486465700843,-0.0220923174346092,0.00105322641971784,0.960875117482962,0.0215048310471322,0.988596162037979,-0.352682122629528,0.67,0.1,1.025,0.7,0.6,0.25,0.4,0.005,0.975,0.8,0.1,1.27018432519118,0.701835190888469,0.508073730076471,0.302629167168531,0.388200559285628,0.538175406086042,-1.45254206058426,4.44947464930509,6.57187782444455
70,0.00171054050162907,0.48890003920072,0.111995431277175,-0.0135239633903147,-0.00234713075442328,0.0137301637809673,0.0182978796098075,0.0110091444949027,0.00969040944836771,6.86357122730506,16.0987639338544,1.91013447137002,3.14706089228631,0.368155006996317,4.67471732689796,2.01083981382557,2.76630922750326,-0.102431714430879,8.88150765981766,21.9000162259467,2.19714903773007,0.162512757912597,0.241100443071484,0.0212912737946112,1.18615447077416,4.39395078800232,0.794723495418687,0.469022434576524,0.711692682464495,0.29653861769354,0.155416139225571,0.441505224649959,-0.430926143568854,-0.00524956120465672,0.989541309225714,1.00671909320414,0.982936864817225,0.624650402503471,0.0699579912258375,0.305391606270692,1.11096610458824,1.1060094298383,0.430152172465137,0.591759679582364,-0.0219118520475014,0.000938504930061112,0.961770916626498,0.0211210863737629,0.98842637231418,-0.353131142267065,0.67,0.1,1.025,0.7,0.6,0.25,0.4,0.005,0.975,0.8,0.1,1.27226924409814,0.706803714334444,0.508907697639254,0.304343698575892,0.385976607243352,0.53214546364627,-1.46418890302625,4.42857191225118,6.58446326793675
71,0.00150497766363054,0.496859536149152,0.11062617794159,-0.0147950899729299,-0.00260091374456495,0.0136371601905458,0.0174716574636139,0.0105455585731952,0.00929313015716502,7.28556765299607,16.8809144580647,1.9808088088311,3.15200886266076,0.364399686229753,4.67898288204254,2.03889213742834,2.74167699063303,-0.101586246018836,9.32990293933381,22.6636961494354,2.26466810449991,0.163008868324764,0.239001335228855,0.0210458554578919,1.18329577292613,4.39750923520301,0.79280816786051,0.468540942036696,0.70997746375568,0.295823943231533,0.157565719415373,0.442902670708619,-0.428503816916153,-0.00496604715909943,0.989255506832179,1.00651250255195,0.982854663329054,0.62208950986892,0.0688193848143553,0.309091105316725,1.10953080370208,1.10482825765342,0.435755417112853,0.585955764265629,-0.0217111813784815,0.00084087580549225,0.962501962817947,0.0207421037731322,0.98827808203222,-0.353570027849801,0.67,0.1,1.025,0.7,0.6,0.25,0.4,0.005,0.975,0.8,0.1,1.27442780385022,0.711959715896741,0.50977112154009,0.305812897262369,0.384191232028997,0.527381298008331,-1.47612836547247,4.40720659509389,6.59641155101858
72,0.00124632817162044,0.504934493865471,0.109194916741682,-0.0157753878237955,-0.00287476441168211,0.0133305079629897,0.0168887533988794,0.0102167465682818,0.0090107474595645,7.64002861240634,17.4685351345632,2.02495530982748,3.14646369820833,0.35918747259847,4.68283499543046,2.06695388057849,2.7165169374621,-0.100635822610125,9.71125256727677,23.2222357130845,2.30427015627298,0.164010949804632,0.237255697032527,0.0207631964571603,1.18044627609972,4.40052286085168,0.790899004986814,0.467356904563065,0.708267765659833,0.295111569024931,0.159740875512689,0.444363250805144,-0.425955631081048,-0.00481440238414986,0.988963044643657,1.00625255981248,0.982817916833878,0.619529012623499,0.0676494189524796,0.312821568424021,1.10852315568677,1.1039970277706,0.441389432383467,0.580100930336622,-0.0214903627200885,0.000762361601556944,0.963014476607811,0.0203800647278251,0.988146826627692,-0.353998346250654,0.67,0.1,1.025,0.7,0.6,0.25,0.4,0.005,0.975,0.8,0.1,1.27661334476915,0.717259792117585,0.51064533790766,0.306923500285278,0.382961398414302,0.524295529336134,-1.48760808545624,4.38480988317005,6.60745322322784
73,0.000951564567817167,0.513041451077699,0.107747247950917,-0.0163767663282282,-0.00316101665166357,0.0128436950162205,0.0165235379051197,0.0100098710703661,0.00883278964103046,7.91442879586677,17.8419514785474,2.04189884327404,3.13153052188302,0.352852579539359,4.68570871065133,2.09465447841507,2.69063310264435,-0.099578870408091,10.0126163026917,23.5567988037245,2.31562598966038,0.165443845012107,0.235800518865158,0.020453437255073,1.17757510002186,4.40257422188212,0.788975317014643,0.465553809947682,0.706545060013113,0.294393775005464,0.161910816602272,0.445858498799224,-0.423410571243897,-0.0047733139147135,0.988672915838143,1.00595632239066,0.982818929442743,0.616983571392945,0.066478281848518,0.316538146758537,1.10789904694583,1.10348133290048,0.447030451050788,0.57422116243123,-0.0212516134820187,0.000703027851084455,0.963332322147603,0.0200507237126276,0.988028125679629,-0.354415674771074,0.67,0.1,1.025,0.7,0.6,0.25,0.4,0.005,0.975,0.8,0.1,1.27876227762985,0.722642416219645,0.511504911051941,0.307670966913368,0.382182816201732,0.52266637277785,-1.49791582512614,4.36094772599826,6.61738403369413
74,0.00064839862860204,0.52112024178646,0.106334990731383,-0.0165124539068582,-0.00345055040981657,0.0122419719336666,0.0163131196870658,0.00989031352273004,0.00872982321360056,8.12126727503398,18.0425069305132,2.03837015051803,3.11009248638056,0.345942300212689,4.68721736967827,2.12172319926712,2.66392124313014,-0.0984270727189873,10.2460857394145,23.7113717292368,2.3060164943368,0.167145623000158,0.234512900472363,0.0201311163250766,1.17463907940235,4.40338569239431,0.787008183199575,0.463336634010433,0.704783447641411,0.293659769850588,0.164050357886754,0.447346351940106,-0.420951770357449,-0.00480756869381415,0.988393128468193,1.00565164062175,0.982838478597934,0.614456225903613,0.0653381970863012,0.320205577010086,1.10754496069221,1.10318801447183,0.452661575499485,0.568337466139956,-0.0209990416394413,0.000660604437547697,0.963512965831947,0.0197702781248031,0.987918021883994,-0.354821601558195,0.67,0.1,1.025,0.7,0.6,0.25,0.4,0.005,0.975,0.8,0.1,1.28082058578251,0.728036161212693,0.512328234313004,0.308106394464584,0.381659246966683,0.521994727764822,-1.50642468124704,4.33541256614757,6.62612818639411
75,0.000365103398199363,0.529140461930541,0.105009243904255,-0.0161541042836979,-0.00373300185372349,0.0115998906472929,0.0161805840487843,0.00981493600233115,0.00866489127396405,8.28910417739601,18.1463561066506,2.02483759402525,3.08560385638424,0.339039102215006,4.68718550631983,2.14802021002934,2.63636901051243,-0.0972037142219371,10.4399048824121,23.7654020899394,2.28648512704609,0.16892375842327,0.233255900603445,0.0198121450277708,1.17159354602041,4.4028418767752,0.784967675833673,0.460950603873396,0.702956127612244,0.292898386505102,0.166143263436469,0.448784891622386,-0.418612498067614,-0.00487828395513644,0.988129105327663,1.00536692891519,0.982854196719871,0.61193903865078,0.064259255764215,0.323801705585005,1.10732109326283,1.10300131324848,0.458275058056293,0.562463125676967,-0.0207381837332606,0.000631035542559484,0.963626317572685,0.0195492516169958,0.987813490497524,-0.355215726011287,0.67,0.1,1.025,0.7,0.6,0.25,0.4,0.005,0.975,0.8,0.1,1.28275469655342,0.733381698627823,0.513101878621368,0.308315818354123,0.38117506135535,0.521688908704418,-1.51268036123239,4.30822164300085,6.63375199382771
76,0.00011485789869347,0.537084019997426,0.103813939014053,-0.0153354948303748,-0.00399815121914904,0.0109540194987165,0.0160869321991376,0.00976175731773887,0.00861912369779438,8.43374530828162,18.1952313904568,2.00729853987824,3.05983586731569,0.332486741022993,4.68555372485688,2.17347439315946,2.60801723687058,-0.0959379051731532,10.6097180270551,23.7623503503851,2.26335551690291,0.170677814566656,0.231962297442538,0.019508141174836,1.16841198615975,4.40090964681846,0.782836030727031,0.45851898978617,0.701047191695849,0.292102996539937,0.168179488952681,0.450139589026492,-0.416403113657428,-0.00496751818980451,0.987883229155881,1.00511543218819,0.982855498502505,0.609422416859137,0.0632665416176113,0.327311041523252,1.10715717841183,1.1028630600463,0.463867137330891,0.556608117208226,-0.0204752545391171,0.000609264839414965,0.963707585331144,0.0193914800638157,0.987712668486159,-0.355597659177098,0.67,0.1,1.025,0.7,0.6,0.25,0.4,0.005,0.975,0.8,0.1,1.28455404506063,0.738633132903836,0.513821618024253,0.308348467863867,0.380626460441074,0.52145449714238,-1.5164082423378,4.27949016104769,6.64039435713645
77,-8.53592981697356e-05,0.544961463896207,0.102778252039278,-0.0141713169916722,-0.00423721219718942,0.0103677010107077,0.0159621632760296,0.00969113090609027,0.00855842071562878,8.59033072738217,18.2718344938683,1.9957800583173,3.03563858242759,0.326681718863298,4.68244619086226,2.19814643103078,2.57896305161371,-0.0946632917822292,10.7905601194876,23.7877632621255,2.24702950930199,0.172240682481021,0.230530327759778,0.0192310239036196,1.16506746436716,4.39769686241854,0.780595201125994,0.456247306496828,0.699040478620293,0.291266866091789,0.17015772140639,0.451392007582071,-0.414291150176567,-0.00503905166811321,0.987656521704295,1.00491421390534,0.98282670106339,0.606891968633688,0.0623752957128465,0.330732735653466,1.10692617520312,1.10266770919554,0.469444034470793,0.550772597589381,-0.0202166320601746,0.000590309302234047,0.963820049117956,0.0192916075648884,0.98761483456963,-0.355967024133704,0.67,0.1,1.025,0.7,0.6,0.25,0.4,0.005,0.975,0.8,0.1,1.28621771496395,0.74377653834883,0.514487085985579,0.308311546804561,0.37985397677741,0.520785105050777,-1.51764076948068,4.24945984607409,6.64629229001978
78,-0.000226385364064495,0.55280612155413,0.101914728159416,-0.0128088241847794,-0.00444434959214446,0.00988655960834173,0.015752734197978,0.00957257308918854,0.00845650741855237,8.7897071531173,18.4437570546526,1.99795692948251,3.01502151706778,0.321859844374052,4.67812592320185,2.22220165379277,2.549337249843,-0.0934129804339188,11.0133131901311,23.9113038954149,2.24539196725396,0.173489795338102,0.228892704221252,0.0189881738313183,1.16154601345617,4.39341755937554,0.778235829015634,0.454289802308455,0.696927608073702,0.290386503364043,0.172085412117038,0.452531198645926,-0.412219244247393,-0.00507173558067577,0.987447144206526,1.00477248270912,0.982756953638026,0.604331540376199,0.0615902846556017,0.3340781749682,1.10653182788271,1.10233529597932,0.475019631851172,0.544948402777957,-0.0199680346291285,0.0005707699736762,0.964011756239196,0.0192391818474655,0.987520050356862,-0.356323456362487,0.67,0.1,1.025,0.7,0.6,0.25,0.4,0.005,0.975,0.8,0.1,1.28776305226628,0.748812809545276,0.51510522090651,0.308298198936661,0.378753530022221,0.519308977171635,-1.51668369380434,4.21844150026661,6.65174147938366
79,-0.000308405680734187,0.560658762561415,0.101224768458246,-0.0113557675268634,-0.00461705436811677,0.00952241448372271,0.0154404456359296,0.00939545534804746,0.00830412954820743,9.0479794556944,18.7417561998419,2.01707254691709,2.99855208063383,0.318063180748267,4.67289493638494,2.24584310150671,2.51926655102861,-0.0922147161503786,11.294236240095,24.1644097210252,2.26170248192743,0.174388040681769,0.227035632573832,0.0187814704124468,1.15784875720394,4.38831387410434,0.77575866732664,0.452696322778898,0.694709254322364,0.289462189300985,0.173974357787859,0.453557924273695,-0.410128192041762,-0.0050640762182504,0.987251064541851,1.00469005229086,0.982642420207857,0.601726884787433,0.0609096645877098,0.337363450624857,1.10594231084284,1.10183925445988,0.480610656152297,0.539123302647495,-0.0197339587997923,0.000549177674259501,0.964298602689243,0.0192256256713415,0.987428723679649,-0.356666604107871,0.67,0.1,1.025,0.7,0.6,0.25,0.4,0.005,0.975,0.8,0.1,1.2892205532759,0.753760444713916,0.515688221310361,0.30834959508604,0.377306778729082,0.516914444521988,-1.51395869234495,4.18672759140314,6.65704330847638
80,-0.000337293435346659,0.568557233922946,0.100703165189869,-0.00988346525747097,-0.00475504630835077,0.00926580610556438,0.0150303338565483,0.00916219346643489,0.00810321236874732,9.37166585357183,19.1739475076554,2.05380202751075,2.98591929331059,0.315223754278186,4.66702984490662,2.26926689863809,2.48885195343764,-0.0910890071691012,11.640049846441,24.5550081413223,2.29654617600234,0.174953835320696,0.224977735195561,0.018609401382508,1.15398627213779,4.38260714994748,0.773170802332317,0.451447875637514,0.692391763282672,0.288496568034447,0.175836741089619,0.454482454055429,-0.407969068323522,-0.00502457472610461,0.987063639699806,1.00466102009748,0.982484260814694,0.599067707190253,0.0603280142770961,0.340604278532652,1.10516790239657,1.10118785264665,0.486233637677432,0.533283916355035,-0.0195175540324671,0.000525431293165136,0.964675403405381,0.0192445022093966,0.987341297767832,-0.356996128724459,0.67,0.1,1.025,0.7,0.6,0.25,0.4,0.005,0.975,0.8,0.1,1.29062340208362,0.758649562646337,0.516249360833447,0.308470311935548,0.375546424044039,0.513657186205677,-1.5098956639069,4.15454200512802,6.66247326197503
81,-0.000320870921319463,0.576528634708182,0.100344690116605,-0.00840178899676625,-0.00485936696202627,0.00909290441949295,0.0145440960960153,0.00888465574676349,0.00786381705195061,9.7588749217129,19.73003672113,2.10693177624425,2.97624175222527,0.313220746874283,4.66073640059469,2.29262754310393,2.45815796631222,-0.090049108821468,12.0490631964799,25.0720287624191,2.34857215607062,0.175242733026014,0.222756344473332,0.0184687417735534,1.14997331005911,4.37646194721101,0.770482117739605,0.450479392723177,0.689983986035467,0.287493327514778,0.177682001362993,0.455318096017882,-0.405709532651782,-0.00496721804157106,0.986880692571292,1.00467752472407,0.982286025401365,0.596347968087863,0.0598403520594434,0.343811679852694,1.10424897576928,1.1004143502641,0.491902426151242,0.527418363758691,-0.0193207899099335,0.000499988589828949,0.965121957418248,0.019294546292742,0.987258122877107,-0.357311705011238,0.67,0.1,1.025,0.7,0.6,0.25,0.4,0.005,0.975,0.8,0.1,1.29200091049205,0.763510769522396,0.516800364196822,0.30863357480262,0.373534171982811,0.509705583885622,-1.50482251060315,4.12201952191451,6.66826544137829
82,-0.000273614803764645,0.584579190493098,0.100142785442791,-0.00693325132142486,-0.00493106197667914,0.00896392521584599,0.0140222632599446,0.00858561891138429,0.00760546939477784,10.1938913066643,20.371272377938,2.17226860863612,2.96790489224267,0.31185656251277,4.65411142009064,2.31600267126953,2.42721045758788,-0.0891017087667722,12.5057383362143,25.6751954275372,2.41337833747236,0.17535875525075,0.220437443478557,0.018354875090247,1.14583250710058,4.36995495656268,0.767707779757386,0.449662652334346,0.687499504260345,0.286458126775144,0.179514396970331,0.456078036047475,-0.403343040732388,-0.00491232327240212,0.986699293964059,1.00472501712222,0.982059048146539,0.593569748767885,0.0594417279961939,0.346988523235922,1.10326112303019,1.09958169770691,0.497625102242273,0.521519628238854,-0.0191447304811279,0.00047297744393396,0.965600944619654,0.019373223067972,0.987179530680929,-0.357613021532513,0.67,0.1,1.025,0.7,0.6,0.25,0.4,0.005,0.975,0.8,0.1,1.29337416765422,0.768364690070862,0.517349667061687,0.308787710401391,0.37137580534745,0.505373358217734,-1.49897574936714,4.0891747981197,6.67458003991346
83,-0.000219094345667277,0.592683159457806,0.100085204703858,-0.00554357079188128,-0.0049714429114418,0.00882254886380873,0.0135255946518254,0.00829986744643786,0.00735821183085113,10.6391929725336,21.0157695513744,2.24092299801141,2.9584461296649,0.310828315914718,4.64710545090018,2.33935563408232,2.39599704786862,-0.0882472310507555,12.9726812620944,26.2802392845154,2.4817654386962,0.175463228351052,0.218122502602203,0.0182613558208223,1.14159919072979,4.36304436470844,0.76487145778896,0.448794276232181,0.684959514437875,0.285399797682448,0.181330572872584,0.456775510794261,-0.400898428246126,-0.00488588098052327,0.986518600516691,1.0047798101826,0.98182566022839,0.590748280255843,0.0591251625578583,0.350126557186299,1.1023182654682,1.09878553133025,0.503400591787555,0.515589128153848,-0.0189897199414023,0.000443911021608294,0.966056743295341,0.01947340846816,0.987105974211392,-0.357899780925257,0.67,0.1,1.025,0.7,0.6,0.25,0.4,0.005,0.975,0.8,0.1,1.29475020639536,0.77321513419631,0.517900082558146,0.308859291557165,0.369230871916779,0.501142300547313,-1.49254948710541,4.05586800325674,6.68145727899632
84,-0.000186045265888347,0.600774580836089,0.100154511816516,-0.00429392856409416,-0.00498295905922841,0.00860119974189111,0.0131302834836912,0.00807168120526617,0.00716051388105885,11.0308730982875,21.5319950893302,2.29849617205015,2.94479027717588,0.309752674791653,4.63949203844755,2.36250300319046,2.36446914287771,-0.0874801076206217,13.386021202292,26.752611142424,2.53894891820271,0.175762253164901,0.215938548640135,0.0181801789815319,1.13732001707186,4.35554361536124,0.762004411438146,0.447612654612454,0.682392010243116,0.284330004267965,0.183117152350801,0.457422495838259,-0.398443587156811,-0.00491519909611511,0.986340733653801,1.00481302450778,0.981616190869908,0.587913984374561,0.0588822380951369,0.353203777530302,1.10156307394577,1.09814625739515,0.509215876137378,0.509639659532405,-0.0188555356697832,0.000411576500988211,0.966420146339142,0.0195872822214505,0.987038193720081,-0.35817170019257,0.67,0.1,1.025,0.7,0.6,0.25,0.4,0.005,0.975,0.8,0.1,1.29611547214477,0.778043230805059,0.518446188857907,0.308754890603138,0.367296159607185,0.497622801188252,-1.48567905111349,4.02179435380007,6.68878181232864
85,-0.000206411933861445,0.608737416103662,0.100333122861689,-0.00319460434401519,-0.00496909763669684,0.00821932180447926,0.0129305341119978,0.00795630241440205,0.0070605379065407,11.2739570193942,21.7326944611884,2.32435313896638,2.92328860921608,0.308183520265519,4.63082899458879,2.38507356326897,2.33254470380749,-0.0867892724876735,13.6506935072451,26.9014449847414,2.56384954364213,0.176510758101757,0.214036031762626,0.0181021568979055,1.13305130232263,4.34708743493537,0.759144372556161,0.445795341963417,0.679830781393577,0.283262825580657,0.184847833519789,0.458025551322921,-0.396089221740161,-0.00502973588354784,0.986171375346544,1.00479255600647,0.981467636728983,0.585113356763722,0.0587062503121896,0.356180392924089,1.10117034276453,1.0978116200525,0.515042461307893,0.503699166290338,-0.0187416275982307,0.000373923899813901,0.966606376121578,0.0197109483247814,0.986977409520371,-0.358428510982963,0.67,0.1,1.025,0.7,0.6,0.25,0.4,0.005,0.975,0.8,0.1,1.29743128195707,0.782797975859366,0.518972512782828,0.308351441314024,0.365802676162556,0.495565622387798,-1.47836511489225,3.98648343409704,6.69625170461668
86,-0.000293948819554003,0.616430586271118,0.100608371228034,-0.00220356442401104,-0.00493337542766237,0.00764218945183859,0.0129744549706977,0.00798229397476686,0.00708330918101051,11.3084640379323,21.5123810045068,2.30654776487676,2.89252746139411,0.305921364087052,4.62059032739108,2.40660197027228,2.30015084068183,-0.086162483563028,13.7064120152133,26.6198110582343,2.54432891376045,0.177833225535904,0.212487157470192,0.018022268359673,1.12883404202023,4.3372406864465,0.756318808153551,0.443181911628718,0.677300425212135,0.282208510505056,0.186487218527187,0.458583402334864,-0.39395078426755,-0.00522755794747589,0.986020282699596,1.00470458143635,0.981403191463464,0.582397968102301,0.0585941109772891,0.35900792092041,1.10122480023147,1.09785282704015,0.520842965888108,0.497804539616167,-0.0186475055042753,0.000328526468158334,0.966573578686926,0.0198455340722498,0.986925409283906,-0.358669959855192,0.67,0.1,1.025,0.7,0.6,0.25,0.4,0.005,0.975,0.8,0.1,1.29862885788897,0.78740556707147,0.51945154315559,0.307578151781471,0.364848727344576,0.495346244951873,-1.47049732688024,3.94944860157513,6.70347875362284
87,-0.00042382357090294,0.623751223412944,0.100973782921509,-0.00126402316941321,-0.00487832575439318,0.00693958992235033,0.0131957047203229,0.00811124856447261,0.00719551674637849,11.1870791786894,20.9963825610098,2.25822312117437,2.85591372300552,0.30329120760128,4.60847892987064,2.4267699046095,2.26730222921425,-0.0855932039531055,13.6053762143401,26.0363395150693,2.49386577779236,0.179532527149716,0.211187221539355,0.0179446529698205,1.12466740859958,4.32575622821907,0.753527163761716,0.440013221626141,0.674800445159746,0.281166852149894,0.188005396108502,0.459080944062078,-0.392077743508174,-0.0054506609837028,0.985898626093962,1.00457405731124,0.981409602327114,0.579802575092996,0.0585448593547724,0.361652565552232,1.10159686087548,1.09815978673048,0.526588043807681,0.4919849398721,-0.0185729836797817,0.000273594148352741,0.966383523178114,0.0199945029333377,0.986884405275227,-0.358895808528371,0.67,0.1,1.025,0.7,0.6,0.25,0.4,0.005,0.975,0.8,0.1,1.29962714229211,0.791788384155494,0.519850856916843,0.306511163705745,0.364239882007219,0.49642265602506,-1.46201058293478,3.91047285164366,6.7102244965521
88,-0.000559218566304668,0.630660365566256,0.101423225795716,-0.000375547123719677,-0.0048052434156981,0.00621828934123858,0.01348134972949,0.00827742405627156,0.00734000647276573,11.0098633066347,20.3955926231558,2.20198176657026,2.81832820716909,0.300775322333574,4.59454644267673,2.44550485460257,2.23412343021655,-0.0850818421423898,13.4472663329621,25.3667488553104,2.43555221579108,0.181287300346686,0.209971337213517,0.0178769690296394,1.12053316119209,4.31267200731625,0.750757217998701,0.43669294020044,0.672319896715254,0.280133290298023,0.189389128621826,0.459490475554175,-0.390445461354775,-0.00563782205264241,0.985813187216403,1.00443798534086,0.981457493248684,0.577339341465432,0.0585556183901984,0.364105040144371,1.10207708470283,1.0985560449709,0.53226251711972,0.486255489652853,-0.0185180067725732,0.000209146156427677,0.966138207633007,0.0201568361705546,0.98685662725638,-0.359105834117126,0.67,0.1,1.025,0.7,0.6,0.25,0.4,0.005,0.975,0.8,0.1,1.30037425839211,0.795875913094495,0.520149703356845,0.305298953731686,0.363687907843864,0.497898354482554,-1.45300902768079,3.8696885345554,6.71648174283143
89,-0.000674912366054829,0.637170074058642,0.101945057623464,0.000405476225576518,-0.00471535484085683,0.00555802408175321,0.0137422368092784,0.00842910134009918,0.00747186938941234,10.8508904560646,19.8576872065234,2.15364946292239,2.78319383510003,0.298690570124258,4.57910158144355,2.46292634688138,2.20080741137948,-0.0846321768173095,13.3060294654257,24.7622003698501,2.38553224156289,0.182854607907535,0.208723096324723,0.0178243853335549,1.11642177120753,4.29823730910782,0.748002586709045,0.433534638574279,0.669853062724518,0.279105442801883,0.190641945427783,0.459791407231497,-0.388988790388787,-0.00575779904057483,0.985764322621838,1.00432171307211,0.981522464157913,0.575005059632125,0.0586189239379801,0.366376016429895,1.10250499101074,1.09890740498009,0.537862352052244,0.480619914678915,-0.0184822667311585,0.00013739930613078,0.96591703605557,0.0203257698659246,0.986843822098305,-0.359299829351558,0.67,0.1,1.025,0.7,0.6,0.25,0.4,0.005,0.975,0.8,0.1,1.30086261708306,0.799630193733706,0.520345046833223,0.304072202901805,0.362993495149867,0.499090005097327,-1.44376885708192,3.82745747104818,6.72240058418958
90,-0.000770596324666866,0.643303716783616,0.102521237915866,0.00101482159419808,-0.00461098847530728,0.00497100668992023,0.0139605409722808,0.0085560226122346,0.00758222182571768,10.7227023573719,19.4035125058309,2.11516129172663,2.75096950759741,0.297026136266984,4.56249448747896,2.47919116620073,2.16754909549097,-0.0842457742127465,13.1943183872247,24.244171523702,2.34572747987611,0.184199822447091,0.20743367977298,0.0177858260952414,1.11234893533182,4.28273868308631,0.74527378667232,0.430602501603198,0.667409361199092,0.278087233832955,0.191774958795081,0.459980521682063,-0.38765355680644,-0.00582220436268584,0.985747686448001,1.00422555069371,0.981599886367217,0.57279511173681,0.0587236639274145,0.368481224335776,1.10285206737249,1.09919072160123,0.543385021725391,0.475079827808991,-0.018464849534382,6.207594304098e-05,0.965735014577555,0.0204924675705908,0.986846902380563,-0.359477602781792,0.67,0.1,1.025,0.7,0.6,0.25,0.4,0.005,0.975,0.8,0.1,1.30111757485591,0.803045473428232,0.520447029942365,0.302873235519255,0.36214289459281,0.499889303122918,-1.43461372432208,3.78416130144443,6.72813430499673
91,-0.000874558461930365,0.649048013683456,0.103127462159068,0.00139082114942712,-0.00449575241682687,0.00439347333141105,0.0142027196148567,0.00869649005313767,0.00770423423758105,10.575770147174,18.9346037293389,2.07508759948364,2.71906928369642,0.295427861549883,4.54489227276579,2.49431684836077,2.13449278530095,-0.0839173608959286,13.0628206506348,23.7118441075677,2.30435136280236,0.185527579080454,0.206209816423469,0.0177532626647679,1.10836224469315,4.26631950645379,0.742602703944413,0.427674013642587,0.665017346815892,0.277090561173288,0.192793923980434,0.460071196752366,-0.386444580503892,-0.00588026953576674,0.985758123319918,1.00412106874576,0.981712418952847,0.570719093941865,0.058856811763947,0.370424094294189,1.10324242005018,1.09951029107794,0.548817595371266,0.469646508035273,-0.0184641034065392,-1.27187556461653e-05,0.965531580654971,0.020646836289132,0.986865844537228,-0.359638978966914,0.67,0.1,1.025,0.7,0.6,0.25,0.4,0.005,0.975,0.8,0.1,1.30117024614575,0.806125468091015,0.520468098458298,0.301634800334917,0.361315783215192,0.50085181266073,-1.42578842415879,3.74000591176712,6.73367873953629
92,-0.00100891816992974,0.654364168282568,0.1037343210326,0.001484302026731,-0.00437450756818647,0.00378035760202788,0.0145181089203321,0.00887876350501487,0.00786232544477425,10.3781696163958,18.3906894188603,2.02599735998907,2.68578521118251,0.293620375836071,4.5263312853584,2.50822362300297,2.10174441277269,-0.0836367504172649,12.8796849314591,23.103415731848,2.25370031070565,0.186988668694583,0.205129764441255,0.0177193252977717,1.1045071656523,4.24902734816093,0.740019800987044,0.424584165298689,0.662704299391382,0.276126791413076,0.193696976634207,0.460086725578232,-0.385400362193913,-0.00595814329193653,0.985793847127882,1.00398603723922,0.981880036737002,0.56879634791651,0.0590037029569415,0.372199949126549,1.1037652124912,1.0999403550778,0.554140531232541,0.46433729222855,-0.0184778234610909,-8.34062011346689e-05,0.9652624059668,0.0207785647329078,0.986899795225176,-0.359783798648114,0.67,0.1,1.025,0.7,0.6,0.25,0.4,0.005,0.975,0.8,0.1,1.30102769417863,0.808877777193052,0.520411077671453,0.300308699450652,0.360638328977747,0.502387679346527,-1.41748307692315,3.69507367702226,6.73891447027084
93,-0.00118280598700374,0.659207903085831,0.10431158466629,0.00128802404008521,-0.00425313579348008,0.00311758218769564,0.0149234329391,0.00911214495119517,0.00806444092036507,10.1252049313271,17.7652138943267,1.96643672723897,2.65074187586799,0.29147276497603,4.50681492438115,2.52080561779067,2.06940070118654,-0.0833913945960632,12.6401661900662,22.4120731547078,2.19219694033004,0.188634672476556,0.204222059242521,0.0176788427111004,1.10081815568811,4.2308913956005,0.737548164311033,0.421286254074929,0.660490893412865,0.275204538922027,0.194479031528112,0.460042788395058,-0.384567364632215,-0.0060608891474406,0.985855507440022,1.00381127998306,0.982112402100779,0.567047887446175,0.0591496637211828,0.373802448832643,1.10444950805568,1.10050463780938,0.559331958397829,0.45917144056469,-0.0185033989625199,-0.000147322591584886,0.96491255628352,0.0208804765057918,0.986947272404758,-0.35991191890585,0.67,0.1,1.025,0.7,0.6,0.25,0.4,0.005,0.975,0.8,0.1,1.30068056091831,0.811294422534511,0.520272224367324,0.298883232784454,0.360149581303054,0.504637337357334,-1.40983717150363,3.64942846451036,6.74368406537453
94,-0.00138326700697102,0.663565862284421,0.104831274030347,0.000823789389368557,-0.00413768306674189,0.00244586565027527,0.0153747546004525,0.00937113502422565,0.00828843670991656,9.85287357356006,17.1271479821143,1.90365499963284,2.61566133281669,0.289096814563478,4.48646658644418,2.53205768368266,2.03757901302851,-0.0831701102669975,12.3801326859706,21.7085756017724,2.1272129740331,0.190341501967844,0.203433993147827,0.0176312701037875,1.09730569793745,4.21204409100932,0.735194817618092,0.417937862833542,0.65838341876247,0.274326424484363,0.195140073239915,0.459948098283074,-0.383960923327619,-0.00616266301696427,0.985944408274741,1.00360981665799,0.982398131136184,0.565483838140532,0.0592803911958426,0.375235770663626,1.10521469536507,1.10113545774198,0.564376806311955,0.454161192058143,-0.0185379983700972,-0.000202691582948071,0.964521563039563,0.0209482477098944,0.987006364740912,-0.360023213300897,0.67,0.1,1.025,0.7,0.6,0.25,0.4,0.005,0.975,0.8,0.1,1.30011641010929,0.813370899857211,0.520046564043716,0.297421622025734,0.359752090911694,0.507258414173079,-1.40299530062532,3.60324889165469,6.74791126444201
95,-0.00160183539368349,0.667445629786945,0.105269506566258,0.000129752975510211,-0.00403374519393063,0.00178951626154045,0.015843981024473,0.00963948766953249,0.00852022145495535,9.58193330969302,16.5140948667921,1.84162938869854,2.58155476442252,0.286545470546782,4.46548058026133,2.54203558345679,2.00640727949181,-0.0829622826872718,12.1203167602925,21.0316290731874,2.0627879870221,0.192034068760678,0.202734129121172,0.01757541046405,1.09398033564172,4.19267497055127,0.732966824879956,0.414643402874288,0.656388201385035,0.273495083910431,0.195686201617976,0.459804858239696,-0.383582591674972,-0.00625346839173161,0.986059530167705,1.00339015542935,0.982727929741121,0.564106426065263,0.0593832051227456,0.376510368811992,1.10601103578058,1.10179142305771,0.569263607302045,0.449314971463696,-0.018578578765741,-0.000248291097163058,0.96411428095945,0.0209798569758014,0.987074852975902,-0.360117571999122,0.67,0.1,1.025,0.7,0.6,0.25,0.4,0.005,0.975,0.8,0.1,1.29934138490944,0.815103031970248,0.519736553963778,0.295966013079313,0.359389859348487,0.510036601028028,-1.39706643512737,3.55678855404438,6.75156859949889
96,-0.00183676995210605,0.670861929350736,0.105607259840888,-0.000750296997827915,-0.00394609868674833,0.00115217202880813,0.0163249577478727,0.00991360105620584,0.00875665574211963,9.31699379043608,15.9324547925855,1.78096904728405,2.54862527116156,0.28380121766028,4.44405306712008,2.55080564817393,1.97600456529373,-0.0827571463475844,11.8653752409877,20.387949897195,1.99952224776475,0.193701757942457,0.202118012642994,0.0175091291680038,1.09085526397497,4.17297394427803,0.730873026863231,0.411430552416103,0.654513158384983,0.272713815993743,0.196125955564752,0.45962028237446,-0.383434035542936,-0.00633490807346496,0.98619834098031,1.00315404619813,0.983097605714611,0.562914350602977,0.0594478420922933,0.37763780730473,1.10682833388817,1.10246412139429,0.57398181561951,0.444640182159984,-0.0186219977794943,-0.000283096114864351,0.963695937566714,0.0209749179185122,0.987150247213808,-0.360194901879883,0.67,0.1,1.025,0.7,0.6,0.25,0.4,0.005,0.975,0.8,0.1,1.29837341343375,0.816501270365781,0.519349365373501,0.294529263834685,0.359056422040921,0.512929993225365,-1.39209672605278,3.5103112279463,6.75463525852853
97,-0.00207444135998026,0.673854692426434,0.105831915595204,-0.00175952310381,-0.00387854803182242,0.000565221050805143,0.0167806977284346,0.0101725181889392,0.0089797075434661,9.07783681373311,15.4159283016816,1.72555219223008,2.5180070770353,0.280971357443434,4.4224421110597,2.55850530987767,1.94648282149672,-0.0825460203146849,11.6351154372632,19.8124550841561,1.94141083148249,0.195245359682479,0.201542565521436,0.0174333021236593,1.08792690413111,4.15318182639051,0.728911025767845,0.40842194972839,0.652756142478667,0.271981726032778,0.196472046030011,0.459405344188925,-0.383495857809476,-0.00639198516913141,0.986357927767813,1.00291518643322,0.983490868530676,0.561896681973483,0.0594666022198426,0.378636715806675,1.10760049261318,1.10309883660282,0.578527710624306,0.440137546770196,-0.0186652573945021,-0.000306013788500102,0.963299728844093,0.0209356335545575,0.987229763442349,-0.360255126627924,0.67,0.1,1.025,0.7,0.6,0.25,0.4,0.005,0.975,0.8,0.1,1.29723319099835,0.8175975387066,0.518893276399339,0.293161227863836,0.358682604804824,0.515653531556003,-1.38810722713768,3.46412941016188,6.75715059599237
98,-0.00228192314684766,0.676520472773786,0.105938291190018,-0.00283233299658414,-0.00383361688095929,0.000107233864250045,0.0171204331935399,0.0103652251370662,0.00914562392115702,8.90755266157898,15.039130374078,1.68408550838359,2.49230739204735,0.278349371632563,4.40107656334374,2.56544652571781,1.91795520312771,-0.0823251655017902,11.4726679284474,19.3824048374849,1.89746319971048,0.196417047412521,0.20090299318093,0.017353485196125,1.08516371739139,4.13367801342589,0.727059690652233,0.40590421288885,0.651098230434835,0.271290929347848,0.196748306261924,0.459168565703168,-0.383699680516988,-0.00638939079924682,0.986533584165124,1.00270666723742,0.983870573916843,0.561022796272838,0.0594337963557899,0.379543407371372,1.10816600556754,1.10356241401783,0.582913405116986,0.435792282983921,-0.0187056881009073,-0.000315559835634799,0.963007247352352,0.0208666318924087,0.987310222023701,-0.360298186808689,0.67,0.1,1.025,0.7,0.6,0.25,0.4,0.005,0.975,0.8,0.1,1.29595391752788,0.8184490340743,0.518381567011153,0.291980089783284,0.358101300901909,0.517508784496769,-1.3851574449151,3.41867606070497,6.75929676525141
99,-0.00241625464975624,0.679027925860191,0.105928829007125,-0.00390131912525404,-0.00381234176199652,-0.000120075350536597,0.0172242953062863,0.0104246606937515,0.00919699349797791,8.85930295170345,14.8925046547381,1.66716010292234,2.4747209316072,0.27631317615821,4.3805966748782,2.5721637766345,1.89052946936585,-0.0820965711221458,11.4313691578058,19.1914542900902,1.87865468312524,0.19689727996711,0.200064401564869,0.017277975166842,1.08251131406641,4.11500916448949,0.725282580424495,0.404241799536724,0.649506788439846,0.270627828516603,0.196994850499269,0.458917413238642,-0.383919278051133,-0.00628756592647038,0.986716625677008,1.00257166407699,0.984185630845069,0.560237662494146,0.0593453195536935,0.380417017952162,1.10831278130619,1.10368044317241,0.587172015033052,0.431568941328708,-0.0187409563617591,-0.00031040475926668,0.962926127970557,0.0207743591564872,0.987388074783938,-0.360324039926978,0.67,0.1,1.025,0.7,0.6,0.25,0.4,0.005,0.975,0.8,0.1,1.2945980411163,0.819147736686548,0.51783921644652,0.291143013413375,0.357106304981701,0.517582733356767,-1.38337061354717,3.37451334662029,6.76143194245311
100,-0.00243995406904606,0.681606276496759,0.105812901228315,-0.00490445301996345,-0.00381423419857507,-3.15971293555206e-05,0.016986454516427,0.0102913555964353,0.00908281417960977,8.98461692233731,15.0614548329706,1.68474651534646,2.46786227530346,0.275188429502154,4.36179667690502,2.57937656032276,1.86428637223391,-0.081866255651655,11.5631433296314,19.3276390302642,1.89528319452097,0.196416809991752,0.198907608372336,0.0172145053240123,1.07990607322733,4.09783649606769,0.723537069062313,0.403740236997742,0.6479436439364,0.269976518306833,0.197266963020377,0.458665010446211,-0.383983463099077,-0.00605882856201816,0.986893730081718,1.00254784616061,0.984385666839902,0.559465855833965,0.059198705343974,0.381335438822062,1.10785376327998,1.10329867490352,0.591356441252709,0.427412488552071,-0.0187689298047798,-0.000290777203323851,0.963151065839432,0.0206662428360997,0.987459774589115,-0.360332660468886,0.67,0.1,1.025,0.7,0.6,0.25,0.4,0.005,0.975,0.8,0.1,1.29326403303697,0.819826635823029,0.517305613214788,0.290791922289304,0.355531273800141,0.515076203246359,-1.3829061830993,3.33226121450239,6.76406202447486
101,-0.00248974724307451,0.684115048291252,0.105722264525114,-0.00469070787967807,-0.00383741975433705,-0.000170868153764325,0.0170001150507182,0.0102999781344833,0.00909056695969955,8.98014689227426,14.9942048638875,1.675600799433,2.45474337868132,0.273474550627421,4.34388154608171,2.58643868153475,1.83905849649986,-0.0816156319529025,11.5656588768423,19.2224924261412,1.88459172556978,0.196617532887638,0.197991253403405,0.0171320074622648,1.07745815140085,4.08149974339111,0.721896961438572,0.402635977635938,0.646474890840513,0.269364537850214,0.197544229854343,0.458391395107677,-0.384093088149921,-0.00602758900085019,0.987047279625017,1.00249780402071,0.984587971830237,0.558709997182073,0.0590680861149085,0.382221916703019,1.10783887854689,1.1032827928685,0.59542108920259,0.423367552036165,-0.0187886412387543,-0.000255568837755973,0.963151065839432,0.0206662428360997,0.987522297141901,-0.360332660468886,0.67,0.1,1.025,0.7,0.6,0.25,0.4,0.005,0.975,0.8,0.1,1.29207811759151,0.820446022837669,0.516831247036605,0.290038303068377,0.354372132952695,0.514406747220639,-1.38172128675595,3.29161551748741,6.7668507966391
102,-0.00253803376659448,0.686553176021873,0.105651398398366,-0.00452326736540332,-0.00385554709497737,-0.00030537315800927,0.0170138728354292,0.0103086698453141,0.00909838629754108,8.97556238059152,14.9288179473584,1.66698954213944,2.44208298583881,0.271870808456195,4.32678912545377,2.5933712274506,1.81477267305899,-0.0813547750558183,11.567933963881,19.1206322828513,1.87456105631036,0.196815358441999,0.197108286730938,0.0170554807705484,1.07510344010349,4.06588160135546,0.72031930486934,0.401506897557097,0.645062064062095,0.268775860025873,0.197815002603165,0.458169694733477,-0.384154539963784,-0.00590416811529225,0.987200298909504,1.00244927606457,0.984788280545293,0.557972016293671,0.058950523788582,0.383077459917748,1.10782357968834,1.10326632669952,0.599375461169216,0.419427113372094,-0.0188025745413102,-0.000254275307671425,0.963151065839432,0.0206662428360997,0.987584749209553,-0.360332660468886,0.67,0.1,1.025,0.7,0.6,0.25,0.4,0.005,0.975,0.8,0.1,1.29095955323004,0.821133822762061,0.516383821292014,0.289318561981154,0.353258373135322,0.513774312078446,-1.38005177608915,3.25244388618916,6.7698350824594
103,-0.00258481091443365,0.688920352327402,0.105595988497225,-0.00439215051204267,-0.00386972032032684,-0.000435148785837836,0.0170271263432449,0.0103170440837244,0.00910592054660366,8.97118001688814,14.8659086936845,1.65891511964633,2.4298897799979,0.270361961799504,4.31046892571376,2.60017651334131,1.79138278558741,-0.081090373214965,11.5702872815,19.0225992270654,1.86517080549774,0.197008744129701,0.196256995780729,0.0169840972668688,1.07283372567472,4.05093828075961,0.718798596202061,0.400414365486164,0.643700235404831,0.26820843141868,0.198077992859186,0.457959568216964,-0.38416959045068,-0.00578496384581073,0.987346412194908,1.00240226503099,0.984980228635436,0.557253214835856,0.0588437040638487,0.383903081100295,1.10780881936708,1.10325043163465,0.603223583826419,0.415588841135346,-0.0188124249617647,-0.000253944561613663,0.963151065839432,0.0206662428360997,0.987647356690221,-0.360332660468886,0.67,0.1,1.025,0.7,0.6,0.25,0.4,0.005,0.975,0.8,0.1,1.2898958266464,0.821815928602331,0.51595833065856,0.288630662142548,0.352186385929668,0.513173125792737,-1.37806371140364,3.21466568140855,6.77300246168644
104,-0.00263008910050906,0.691216847554787,0.105552662649921,-0.00428950824544982,-0.00388080230055499,-0.00056026898245054,0.0170398989655526,0.0103251154737363,0.00911318278943174,8.96697958623397,14.80538794247,1.65131086155514,2.41815132120785,0.268936841218443,4.29487773852851,2.60685657242383,1.76884818196027,-0.0808270158555844,11.5727007048198,18.9282479289172,1.85633783298836,0.197197651339281,0.195436346306007,0.0169171460703698,1.07064650193798,4.03663214038398,0.717333156298448,0.399359867154271,0.64238790116279,0.267661625484496,0.198333105177255,0.457757293271591,-0.384142303018258,-0.00567215410115682,0.98748605258434,1.00235676045399,0.985164256424117,0.556554412973131,0.0587458001988778,0.384699786827992,1.10779457548693,1.1032350852925,0.606968750015476,0.411850648527708,-0.0188193985431843,-0.000253980315284111,0.963151065839432,0.0206662428360997,0.987710201114995,-0.360332660468886,0.67,0.1,1.025,0.7,0.6,0.25,0.4,0.005,0.975,0.8,0.1,1.28888234389596,0.822484347624228,0.515552937558384,0.287972008434622,0.351154068228442,0.512601405280872,-1.37587734922246,3.17821248152725,6.77634004925875
105,-0.00267388846640371,0.693443368874099,0.105518784837136,-0.00420917561651724,-0.00388946747001584,-0.000680834253225626,0.0170522131797497,0.0103328980965354,0.00912018563826266,8.9629442711088,14.7471655736031,1.64412258264185,2.40685158938234,0.267586355262026,4.27997585670173,2.61341333618455,1.74713030430701,-0.0805677837898268,11.5751593339713,18.8374340349142,1.84799521357993,0.197382084980777,0.19464528682507,0.0168540594658725,1.06853929169109,4.02292890602737,0.71592132543303,0.398342712734424,0.641123575014654,0.267134822922772,0.198580358302836,0.457562606229706,-0.384076624340294,-0.00556554520750725,0.987619625999573,1.00231274209126,0.985340786887499,0.55587606328294,0.0586553667176669,0.385468569999394,1.10778082573379,1.10322026457939,0.610614037014362,0.408210317722055,-0.0188243547364168,-0.000254130030318875,0.963151065839432,0.0206662428360997,0.987773302670618,-0.360332660468886,0.67,0.1,1.025,0.7,0.6,0.25,0.4,0.005,0.975,0.8,0.1,1.28791536948881,0.823137811560718,0.515166147795522,0.287340449971069,0.350159504396569,0.512057532942538,-1.37357906528202,3.14302129505029,6.77983508795194
106,-0.00271623624629571,0.695600950185988,0.105492294322553,-0.0041463151040152,-0.00389624303257274,-0.000796963484735125,0.0170640894293082,0.0103404047635511,0.00912694057020579,8.95906050050582,14.6911529907091,1.63730605647779,2.39597451691111,0.26630304339874,4.26572654788421,2.61984863137591,1.7261925961462,-0.0803146796379058,11.577651380312,18.7500168077967,1.84008880141751,0.197562078856559,0.193882763521712,0.0167943811788848,1.06650952490175,4.00979712802262,0.714561381684169,0.397361999870111,0.639905714941047,0.266627381225436,0.198819830426288,0.457375322192769,-0.383976295079459,-0.0054648625063706,0.987747492528139,1.00227018257247,0.985510204437032,0.555218339222003,0.0585712564544867,0.386210404323511,1.10776754962455,1.10320594824335,0.614162347719036,0.404665553867333,-0.018827901586369,-0.000254217244587929,0.963151065839432,0.0206662428360997,0.987836638208009,-0.360332660468886,0.67,0.1,1.025,0.7,0.6,0.25,0.4,0.005,0.975,0.8,0.1,1.28699167733804,0.823775603006313,0.514796670935218,0.286734179792353,0.349200935605603,0.511540022342511,-1.37123026719283,3.10903382363958,6.78347502306381
107,-0.00275716473562563,0.697690866184831,0.105471580002146,-0.00409713364550934,-0.00390154113548935,-0.000908787739958061,0.0170755464675139,0.0103476472310774,0.00913345811910535,8.95531720914299,14.6372636620216,1.63082488937847,2.38550424936828,0.265080729309268,4.25209570914499,2.6261641817629,1.70600046918279,-0.0800689418006949,11.580167435619,18.6658597768427,1.83257441862294,0.197737687389951,0.193147732539242,0.0167377417359022,1.06455458425233,3.99720779194351,0.71325157144906,0.396416718052471,0.638732750551397,0.266138646063082,0.199051642676795,0.457195235179784,-0.383844833349919,-0.00536981991769236,0.987869974813785,1.0022290494407,0.985672861273654,0.554581203770427,0.0584925558011588,0.386926240428415,1.10775472820906,1.1031921165768,0.617616432319446,0.401214033238633,-0.018830465558079,-0.000254121610628413,0.963151065839432,0.0206662428360997,0.987900154653388,-0.360332660468886,0.67,0.1,1.025,0.7,0.6,0.25,0.4,0.005,0.975,0.8,0.1,1.28610844832079,0.824397278651809,0.514443379328317,0.286151656508239,0.348276737880928,0.511047498797215,-1.36887405079175,3.07619597920776,6.78724756133142
108,-0.00279670972908676,0.699714565374606,0.105455382236887,-0.00405865887588586,-0.00390568399957092,-0.00101644557331326,0.0170866016321631,0.0103546363718176,0.00913974802891187,8.95170526471164,14.585413489659,1.62464886570299,2.37542525695764,0.263914251152248,4.23905158135745,2.63236161449089,1.6865212394112,-0.0798312725446507,11.5826999114741,18.5848311430777,1.82541568373283,0.197908979393587,0.192439168745647,0.0166838394222496,1.06267184316088,3.98513400405761,0.711990134917788,0.395505788491229,0.637603105896526,0.265667960790219,0.199275947122003,0.457022123222034,-0.383685528596688,-0.00528012885265982,0.987987364372609,1.00218930672227,0.985829082136081,0.553964462638628,0.0584185341532085,0.387617003208165,1.10774234382981,1.10317875117605,0.620978906241096,0.397853436563069,-0.0188323428041653,-0.000253764829395088,0.963151065839432,0.0206662428360997,0.987963779166218,-0.360332660468886,0.67,0.1,1.025,0.7,0.6,0.25,0.4,0.005,0.975,0.8,0.1,1.28526319454944,0.825002602234012,0.514105277819777,0.285591544945215,0.347385404162978,0.51057868399881,-1.36654015205663,3.04445745739359,6.79114072061802
109,-0.00283490932327509,0.701673617955407,0.10544271614219,-0.00402856262303863,-0.00390892355262251,-0.00112007951450876,0.017097271063163,0.0103613823107465,0.00914581937514123,8.94821702625086,14.5355210520783,1.61875265897313,2.36572241036828,0.26279925151583,4.22656450905727,2.63844246920913,1.66772404275896,-0.079602002910826,11.5852426112997,18.5068040065342,1.81858233313447,0.198076033394135,0.191756071832156,0.0166324255563288,1.06085869411479,3.97355073437527,0.71077532505691,0.394628093160822,0.636515216468874,0.265214673528698,0.199492917554445,0.456855754553454,-0.383501441786879,-0.00519550348347977,0.988099926611317,1.00215091613011,0.985979168114668,0.553367805454186,0.0583486044327326,0.388283590113082,1.10773037993179,1.10316583475103,0.624252265298481,0.394581471354598,-0.018833736653079,-0.000253099873868681,0.963151065839432,0.0206662428360997,0.988027426780128,-0.360332660468886,0.67,0.1,1.025,0.7,0.6,0.25,0.4,0.005,0.975,0.8,0.1,1.28445369978387,0.825591496380029,0.513781479913548,0.285052671234041,0.346525529570281,0.510132383746756,-1.36424861716436,3.013771358437,6.79514287080924
110,-0.00287180300251027,0.703569675376176,0.105432811634866,-0.00400502194735652,-0.00391145677156191,-0.00121983345011689,0.0171075698753768,0.0103678945330054,0.00915168066131958,8.94484600416625,14.4875077509966,1.61311482680125,2.35638103180491,0.261732013639318,4.21460673681584,2.64440820860514,1.64957973949306,-0.0793812112823629,11.5877904044935,18.4316564635562,1.81204892225132,0.198238934148486,0.191097470410461,0.016583293093116,1.05911256943713,3.96243460514522,0.709605421522877,0.393782496580804,0.635467541662278,0.264778142359283,0.19970274242641,0.456695892374046,-0.383295409991654,-0.00511566441152391,0.988207904837942,1.00211383798248,0.986123399740162,0.552790837591533,0.058282292253268,0.388926870155199,1.10771882091133,1.10315335097431,0.627438898511093,0.39139588637855,-0.0188347848896437,-0.00025210274349458,0.963151065839432,0.0206662428360997,0.988091006098661,-0.360332660468886,0.67,0.1,1.025,0.7,0.6,0.25,0.4,0.005,0.975,0.8,0.1,1.2836779723314,0.826164005112376,0.513471188932561,0.284533988832365,0.345695799234042,0.509707478090622,-1.36201251209216,2.98409385126598,6.79924276651264
111,-0.00290743094438726,0.705404439037316,0.105425066571194,-0.00398660990213495,-0.00391343767302677,-0.00131585069355655,0.0171175122963922,0.0103741819698783,0.00915733989582592,8.9415865989789,14.4412978867469,1.60771702613905,2.34738692729204,0.26070933352722,4.20315223513484,2.65026022942279,1.63206081377824,-0.0791688080661971,11.5903389790168,18.3592716102032,1.80579381939656,0.198397770069663,0.19046242461445,0.0165362677964818,1.05743095623264,3.95176371535398,0.708478740675868,0.39296786203524,0.634458573739583,0.26435773905816,0.19990561945453,0.456542298447505,-0.383070053958725,-0.00504034117026644,0.988311523478367,1.00207803190089,0.986262039497654,0.552233104719575,0.0582192118278782,0.389547683452547,1.1077076519957,1.10314128436079,0.630541098956363,0.388294480541429,-0.0188355794977915,-0.000250766171089928,0.963151065839432,0.0206662428360997,0.988154423491309,-0.360332660468886,0.67,0.1,1.025,0.7,0.6,0.25,0.4,0.005,0.975,0.8,0.1,1.28293420771222,0.826720264587067,0.513173683084888,0.284034552809996,0.344894978201583,0.509302913346245,-1.35983991504823,2.95538387653707,6.80342957230199
112,-0.00294183349567679,0.707179636166691,0.105419010114077,-0.00397220975768797,-0.00391498668576129,-0.00140827258191678,0.0171271117768015,0.0103802530675924,0.00916280465337453,8.938433900986,14.3968186804203,1.60254339966927,2.33872640488342,0.259728419924569,4.1921765503397,2.65599987334075,1.61514127268585,-0.0789645956868992,11.5928846541509,18.2895374787736,1.79979842530129,0.198552631345122,0.189850027590754,0.0164912013943542,1.05581140686988,3.94151749385582,0.707393642602817,0.392183063519824,0.633486844121925,0.263952851717469,0.200101751520996,0.456394735796135,-0.382827787638044,-0.0049692738623613,0.988410990666327,1.00204345733684,0.986395333884272,0.551694111684282,0.0581590471395223,0.390146841176196,1.10769685914655,1.10312962017139,0.633561072976649,0.385275107880406,-0.0188361808570549,-0.000249094835285713,0.963151065839432,0.0206662428360997,0.988217586136632,-0.360332660468886,0.67,0.1,1.025,0.7,0.6,0.25,0.4,0.005,0.975,0.8,0.1,1.28222075896949,0.827260480273742,0.512888303587795,0.283553500365853,0.344121903007366,0.508917695569532,-1.35773537515952,2.92760288442257,6.80769288130994
113,-0.00297505078014168,0.708897001316478,0.105414274094336,-0.00396094771013211,-0.00391619797718457,-0.00149723747496522,0.0171363810789354,0.0103861158426584,0.00916808212446063,8.9353835369847,14.3540002568407,1.59758009522504,2.33038628233443,0.258786815935004,4.18165667410023,2.66162843730826,1.59879654746167,-0.0787683106696976,11.5954242392926,18.2223469276511,1.79404656675537,0.198703608580027,0.18925940616965,0.016447966265026,1.05425154605022,3.93167657536657,0.706348535853644,0.391426994411994,0.632550927630129,0.263562886512554,0.200291343580373,0.456252970698337,-0.38257082889646,-0.00490221415614569,0.988506500338892,1.00201007396596,0.986523515104376,0.551173336986274,0.058101537218561,0.390725125795166,1.10768642898215,1.10311834433552,0.636500948007879,0.382335679866802,-0.0188366278746806,-0.000247101732890386,0.963151065839432,0.0206662428360997,0.988280404182229,-0.360332660468886,0.67,0.1,1.025,0.7,0.6,0.25,0.4,0.005,0.975,0.8,0.1,1.28153611296919,0.827784909177673,0.512614445187674,0.283090036037317,0.343375474591152,0.508550885166764,-1.35570097523228,2.90071460314759,6.81202272797679
114,-0.00300712240836409,0.710558262261273,0.105410570620315,-0.00395214012852474,-0.00391714518113273,-0.00158288006022222,0.0171453323487046,0.0103917779266584,0.00917317915537051,8.93243155330222,14.3127755991012,1.59281488868131,2.32235388696963,0.257882337464014,4.17157092910777,2.66714718309274,1.58300339880832,-0.0785796527932914,11.5979549278867,18.1575974995283,1.78852402465834,0.198850791836729,0.188689720937276,0.0164064513063116,1.05274907527733,3.92222269480405,0.705341880435812,0.390698573632939,0.631649445166399,0.263187268819333,0.200474600345028,0.456116774147685,-0.382301210862673,-0.00483892581124915,0.988598233941332,1.00197784197959,0.986646802476362,0.550670243835185,0.0580464646262946,0.391283291538521,1.10767634871427,1.10310744338815,0.639362779254771,0.379474165898191,-0.0188369451529619,-0.000244805444007465,0.963151065839432,0.0206662428360997,0.988342792231141,-0.360332660468886,0.67,0.1,1.025,0.7,0.6,0.25,0.4,0.005,0.975,0.8,0.1,1.28087887139753,0.828293846006686,0.51235154855901,0.282643420438039,0.342654652307217,0.5082015923932,-1.35373710180612,2.87468483458153,6.81640959573192
115,-0.00303808726632124,0.712165129339534,0.105407674571771,-0.00394525222201048,-0.00391788587593711,-0.00166533089003529,0.0171539771741906,0.0103972466027583,0.00917810228079328,8.9295743267832,14.2730804828497,1.58823688738762,2.31461704983922,0.257013024753085,4.16189886814522,2.67255734590509,1.56773982720231,-0.0783983049621747,11.6004742180876,18.0951912591751,1.78321816589744,0.198994269971583,0.188140165876183,0.0163665587189096,1.05130177535684,3.91313859642981,0.704372189489084,0.389996749895531,0.630781065214105,0.26282544383921,0.200651724572266,0.455985922896811,-0.382020793498689,-0.0047791848613214,0.988686361823119,1.00194672229735,0.986765403609661,0.550184288545725,0.0579936464415294,0.391822065012746,1.1076666060966,1.10309690441842,0.64214855540114,0.37668859260412,-0.0188371480052602,-0.000242228083254102,0.963151065839432,0.0206662428360997,0.988404670317356,-0.360332660468886,0.67,0.1,1.025,0.7,0.6,0.25,0.4,0.005,0.975,0.8,0.1,1.28024773544682,0.828787612423641,0.512099094178728,0.282212961645906,0.341958448819912,0.50786897354826,-1.3518429995813,2.84948127353153,6.82084442033185
116,-0.00306798336461989,0.713719287486015,0.105405409912096,-0.0039398656686217,-0.00391846508564575,-0.00174471609363613,0.0171623266338351,0.0104025288357261,0.0091828577506263,8.92680849725979,14.2348533965512,1.58383629634397,2.30716409576712,0.256177104108795,4.15262118434146,2.67786014204617,1.55298498875928,-0.078223946463997,11.602979853684,18.0350346189928,1.77811765548548,0.199134130193364,0.1876099677003,0.0163282014967077,1.04990750741301,3.90440795500359,0.703438029966715,0.389320504496843,0.629944504447805,0.262476876853252,0.200822915815364,0.455860200181657,-0.38173127510994,-0.00472277954992424,0.988771044389368,1.00191667671856,0.986879515398183,0.549714926871312,0.0579429272016684,0.39234214592702,1.10765718938207,1.10308671502717,0.644860203512844,0.373977042407628,-0.0188372459204712,-0.000239393777533815,0.963151065839432,0.0206662428360997,0.988465964496467,-0.360332660468886,0.67,0.1,1.025,0.7,0.6,0.25,0.4,0.005,0.975,0.8,0.1,1.27964149340152,0.829266548711299,0.51185659736061,0.281798008579684,0.341285925721677,0.507552227719132,-1.3500171676129,2.82507334774054,6.82531858951571
117,-0.00309684773432951,0.715222390364492,0.105403638985716,-0.00393565327116863,-0.00391891801758093,-0.00182115722033838,0.0171703913364528,0.0104076312968468,0.00918745155222,8.92413091648865,14.1980354524509,1.57960423329771,2.29998383051318,0.255372957579741,4.14371963083804,2.6830567755711,1.53871911681815,-0.0780562615512072,11.6054697803139,17.9770381583864,1.77321223079032,0.199270457785417,0.18709838497907,0.0162913014640768,1.04856421279862,3.8960153067521,0.702538022575073,0.388668853009204,0.62913852767917,0.262141053199654,0.200988369531235,0.455739396200165,-0.381434203593231,-0.0046695100919555,0.988852433058271,1.001887668027,0.986989324866731,0.54926161873941,0.0578941733703188,0.392844207890271,1.10764808728731,1.10307686329151,0.647499593264825,0.371337651651628,-0.0188372449164525,-0.000236327546850181,0.963151065839432,0.0206662428360997,0.988526607148959,-0.360332660468886,0.67,0.1,1.025,0.7,0.6,0.25,0.4,0.005,0.975,0.8,0.1,1.2790590105084,0.829731007322367,0.51162360420336,0.281397945867019,0.34063618974228,0.507250593958297,-1.34825763988238,2.80143207593789,6.8298239395718
118,-0.00312471635849135,0.716676056137057,0.105402254149479,-0.00393235911996959,-0.00391927220285682,-0.00189477118021264,0.0171781814548122,0.0104125603848235,0.00919188942903478,8.92153860967409,14.1625702918032,1.57553258202274,2.29306552597967,0.254599098836773,4.13517694844028,2.68814844400262,1.52492344918921,-0.0778949447515452,11.6079421131629,17.9211164413307,1.76849252384464,0.199403335947467,0.186604707121787,0.0162557877366751,1.04726991218816,3.88794598841372,0.701670841166067,0.388040846142705,0.628361947312896,0.26181747804704,0.201148276461307,0.455623308402916,-0.38113098728633,-0.00461918831456003,0.988930671064296,1.00185966005972,0.987095009899241,0.548823831749988,0.0578472689974031,0.393328899252609,1.10763928896265,1.10306733773496,0.650068540601761,0.368768608502808,-0.0188371491045689,-0.000233054492954335,0.963151065839432,0.0206662428360997,0.988586537071381,-0.360332660468886,0.67,0.1,1.025,0.7,0.6,0.25,0.4,0.005,0.975,0.8,0.1,1.2784992206492,0.830181347901946,0.51139968825968,0.281012189830515,0.34000838944398,0.506963348806474,-1.3465621817867,2.778529941615,6.8343527493417
119,-0.00315162413082423,0.718081864506099,0.105401171228901,-0.00392978306904757,-0.00391954917010429,-0.00196567025643835,0.0171857067541397,0.0104173222435126,0.00919617689647047,8.91902874657873,14.1284039870431,1.57161387543343,2.28639890416612,0.253854153901387,4.12697680009604,2.6931363431474,1.51158016086802,-0.0777397039193847,11.6103951132289,17.8671878352605,1.76394992092585,0.19953284572365,0.186128253275054,0.0162215955104193,1.04602270407773,3.88018608298049,0.700835211732076,0.38743556998941,0.627613622446636,0.261505676019431,0.201302822220838,0.455511741640313,-0.38082290533109,-0.00457163721796982,0.9890058941384,1.00183261774852,0.987196739871629,0.548401043718471,0.0578021123110787,0.393796843970451,1.10763078396643,1.10305812730187,0.652568810923466,0.366268150776337,-0.0188369616998032,-0.000229599222269008,0.963151065839432,0.0206662428360997,0.988645699413287,-0.360332660468886,0.67,0.1,1.025,0.7,0.6,0.25,0.4,0.005,0.975,0.8,0.1,1.27796111943919,0.830617933459214,0.511184447775675,0.280640185312227,0.339401712318049,0.506689804092545,-1.3449284258161,2.75634078049642,6.83889773212476
120,-0.00317760483505027,0.719441354743509,0.105400324401293,-0.00392776858979527,-0.00391976575421982,-0.00203396216960294,0.0171929766166121,0.0104219227771586,0.00920031925546096,8.91659861990899,14.0954849428941,1.56784120204108,2.27997412040329,0.253136845668999,4.11910371126026,2.69802167108162,1.49867230193124,-0.0775902617525995,11.6128271699357,17.8151743334838,1.75957645106245,0.199659065991505,0.185668371172555,0.016188665104972,1.04482076286321,3.87272237103968,0.700029911118351,0.386852145810927,0.626892457717926,0.261205190715803,0.201452187046386,0.455404508200951,-0.380511117497345,-0.00452669048619506,0.989078231089833,1.00180650714077,0.987294676207216,0.547992744482164,0.0577586130379747,0.394248642479862,1.10762256224287,1.10304922133528,0.655002121870863,0.363834563775214,-0.0188366856460773,-0.000225985446355962,0.963151065839432,0.0206662428360997,0.988704045504386,-0.360332660468886,0.67,0.1,1.025,0.7,0.6,0.25,0.4,0.005,0.975,0.8,0.1,1.2774437584568,0.831041127435535,0.510977503382719,0.28028140312733,0.338815382214605,0.506429304957476,-1.3433539635307,2.73483967994402,6.84345202588601
121,-0.00320269113974471,0.720756024483313,0.105399662194579,-0.00392619326846877,-0.00391993511974154,-0.00209975017890396,0.0172000000626628,0.0104263676636432,0.00920432160429708,8.91424562919502,14.0637637978832,1.56420813070107,2.27378174626262,0.252445981407877,4.11154301537384,2.70280563137888,1.48618374028502,-0.0774463562900725,11.6152367884044,17.7650013826239,1.75536469702372,0.199782073492963,0.185224435965923,0.016156941204844,1.04366233662831,3.86554228683756,0.699253765540967,0.386289729493538,0.626197401976986,0.260915584157077,0.201596545662518,0.455301427768028,-0.380196673440712,-0.00448419196977821,0.98914780430887,1.00178129540456,0.987388972868989,0.547598437140473,0.0577166902928853,0.394684872566642,1.10761461410252,1.1030406095575,0.657370145775585,0.361466178203147,-0.0188363239787317,-0.000222235716257554,0.963151065839432,0.0206662428360997,0.988761532605806,-0.360332660468886,0.67,0.1,1.025,0.7,0.6,0.25,0.4,0.005,0.975,0.8,0.1,1.27694624037357,0.831451291471147,0.510778496149426,0.279935337990711,0.338248657050875,0.506181228061204,-1.34183640636822,2.71400288876971,6.84800918211659
122,-0.0032269146047668,0.722027329102324,0.105399144358529,-0.0039249613727641,-0.00392006756108421,-0.00216313320882222,0.0172067857697505,0.0104306623661557,0.00920818884903904,8.91196726879753,14.0331933273316,1.5607086497171,2.26781275243522,0.251780442596131,4.10428080382023,2.70748943565554,1.47409910891745,-0.0773077407527545,11.6176225801086,17.716597716079,1.7513077238146,0.199901942893195,0.184795849057618,0.0161263722541245,1.04254574474265,3.85863387836077,0.698505648977574,0.385747510765948,0.625527446845589,0.260636436185662,0.201736067237665,0.455202327314657,-0.379880521386125,-0.00444399515682158,0.989214730205675,1.00175695082221,0.987479776799911,0.547217638861366,0.0576762709138825,0.395106090224752,1.10760693020506,1.10303228205281,0.659674511825661,0.359161368185472,-0.0188358800111331,-0.000218371257077988,0.963151065839432,0.0206662428360997,0.988818123611261,-0.360332660468886,0.67,0.1,1.025,0.7,0.6,0.25,0.4,0.005,0.975,0.8,0.1,1.27646771480357,0.831848783715795,0.510587085921429,0.279601506799964,0.337700826753567,0.505944979940659,-1.3403734244224,2.69380773614079,6.8525631536467
123,-0.00325030569622536,0.723256681551466,0.105398739418149,-0.00392399803739585,-0.00392017112829424,-0.00222420599261686,0.0172133420890924,0.0104348121435964,0.00921192571279886,8.90976111899456,14.0037283485853,1.55733711723791,2.26205849179527,0.251139176600143,4.09730387983191,2.7120743055073,1.46240375730576,-0.0771741829811469,11.6199832559528,17.6698951941093,1.74739902082773,0.20001874685685,0.184382036950734,0.016096909970829,1.04146937534623,3.85198577086626,0.697784481481974,0.38522471225229,0.624881625207738,0.260367343836558,0.201870915405905,0.455107040954257,-0.379563516242085,-0.0044059626439429,0.989279119597285,1.00173344277529,0.987567228320237,0.546849881356963,0.057637288145988,0.39551283049705,1.10759950154372,1.10302422925193,0.661916807990956,0.356918549415904,-0.0188353574068597,-0.000214411877087142,0.963151065839432,0.0206662428360997,0.988873786717577,-0.360332660468886,0.67,0.1,1.025,0.7,0.6,0.25,0.4,0.005,0.975,0.8,0.1,1.27600737473048,0.832233957562441,0.510402949892193,0.279279447188035,0.337171211399379,0.505719995494159,-1.33896276982488,2.67423255844351,6.85710828166807
124,-0.00327289380763049,0.724445452530261,0.105398422760508,-0.00392324471632888,-0.00392025211637037,-0.0022830592261367,0.0172196770607557,0.0104388220599598,0.00921553674411281,8.90762483934877,13.9753256290157,1.5540882205569,2.25651068280249,0.25052118980723,4.09059971590452,2.71656147390819,1.45108370663932,-0.0770454646429845,11.6223176210542,17.6248286508812,1.7436324546757,0.200132556134058,0.183982450126221,0.0160685089545532,1.04043168277777,3.84558713339792,0.697089227461106,0.384720588415674,0.624259009666662,0.260107920694442,0.202001248336812,0.455015409758553,-0.379246427160063,-0.00436996561571521,0.989341078052144,1.00171074172333,0.987651461488866,0.546494711108125,0.0575996805977556,0.39590560829412,1.10759231943114,1.10301644191781,0.664098582744729,0.354736177435649,-0.0188347601803781,-0.000210375931462803,0.963151065839432,0.0206662428360997,0.988928495079155,-0.360332660468886,0.67,0.1,1.025,0.7,0.6,0.25,0.4,0.005,0.975,0.8,0.1,1.27556445340088,0.832607160709608,0.510225781360351,0.27896871628103,0.336659159524454,0.505505736572891,-1.33760228951663,2.65525663312819,6.86163928218476
125,-0.00329470728542511,0.725594970920468,0.105398175138682,-0.00392265562589322,-0.0039203154478985,-0.0023397797270871,0.0172257984274134,0.0104426969928884,0.00921902632457426,8.90555616374706,13.9479437971423,1.55095694245005,2.25116139335213,0.24992554191043,4.08415641434669,2.72095218613876,1.44012560853634,-0.0769213803284037,11.6246245706968,17.581335748595,1.74000223039915,0.200243439650674,0.183596561954622,0.0160411263670654,1.03943118499,3.83942764791223,0.696418893943297,0.384234424434113,0.623658710993997,0.259857796247499,0.2021272188397,0.454927281552886,-0.378929944559532,-0.0043358833382861,0.989400706199639,1.00168881917815,0.987732604434388,0.546151689399986,0.0575633914116669,0.396284919188347,1.10758537548642,1.10300891113259,0.666221346611674,0.352612746044082,-0.0188340926557555,-0.000206280325691731,0.963151065839432,0.0206662428360997,0.988982226457146,-0.360332660468886,0.67,0.1,1.025,0.7,0.6,0.25,0.4,0.005,0.975,0.8,0.1,1.27513822159627,0.832968734478655,0.510055288638508,0.278668889613307,0.336164046578936,0.505301690664393,-1.33628993083985,2.6368601186943,6.86615123207739
126,-0.00331577345751132,0.726706524413205,0.105397981501873,-0.00392219496298474,-0.00392036497226356,-0.00239445059615528,0.0172317136470025,0.0104464416415459,0.00922239867585975,8.90355289665291,13.9215432570975,1.54793853309572,2.2460030251461,0.249351341109343,4.0779626706492,2.72524770030543,1.42951670695363,-0.0768017366098616,11.6269030870655,17.5393568386813,1.73650285926527,0.200351464598892,0.183223867646899,0.0160147216700642,1.03846646098388,3.83349748070207,0.695772528859202,0.383765535040312,0.62307987659033,0.259616615245971,0.202248974491783,0.45484251069634,-0.378614686643197,-0.00430360267121244,0.989458100010536,1.0016676476752,0.987810779660297,0.5458203922164,0.057528367602169,0.396651240181432,1.10757866162304,1.1030016282855,0.668286573567772,0.350546785835598,-0.0188333594033697,-0.000202140547043074,0.963151065839432,0.0206662428360997,0.989034962871222,-0.360332660468886,0.67,0.1,1.025,0.7,0.6,0.25,0.4,0.005,0.975,0.8,0.1,1.27472798521487,0.83331901332849,0.509891194085948,0.278379560164338,0.335685273507071,0.505107369656148,-1.33502374239046,2.61902400009062,6.87063955493718
127,-0.00333611866371405,0.727781360278401,0.105397830080578,-0.00392183472951502,-0.00392040369962543,-0.00244715137736462,0.0172374299044715,0.0104500605339253,0.00922565786625233,8.90161291022475,13.8960861065511,1.54502848643766,2.24102829863199,0.248797740042406,4.07200773940291,2.72944928750787,1.41924480301103,-0.076686351115987,11.6291522364758,17.4988348299426,1.73312913177195,0.200456696525537,0.182863883247094,0.0159892564078761,1.03753614828518,3.82778725586112,0.695149219351073,0.383313263348853,0.62252168897111,0.259384037071296,0.202366657782317,0.454760957852473,-0.378301205429314,-0.00427301760001286,0.989513351052981,1.00164720074297,0.987886104327965,0.545500410030389,0.0574945595252688,0.397005030444342,1.10757217003765,1.10299458506145,0.670295702313201,0.348536862854573,-0.0188325651677744,-0.000197970715460018,0.963151065839432,0.0206662428360997,0.989086690259584,-0.360332660468886,0.67,0.1,1.025,0.7,0.6,0.25,0.4,0.005,0.975,0.8,0.1,1.27433308310868,0.83365832452287,0.50973323324347,0.278100337491042,0.335222265436807,0.504922308669939,-1.33380187184987,2.60173003890496,6.87510000680084
128,-0.003355768287378,0.728820686236693,0.105397711671222,-0.00392155303102493,-0.00392043398388431,-0.00249795821576437,0.0172429541227621,0.0104535580336835,0.00922880781674252,8.89973414204193,13.8715360581393,1.54222252009978,2.23623023853711,0.24826393230593,4.06628140253205,2.73355823170595,1.40929822247518,-0.0765750516490704,11.6313711668974,17.4597150634533,1.72987609478224,0.20055919941628,0.182516144668168,0.015964694025608,1.03663894047998,3.82228803057319,0.694548090121586,0.382876979688138,0.621983364287987,0.259159735119995,0.20248040626672,0.45468248975509,-0.377989992329128,-0.00424402879094452,0.989566546727766,1.00162745287119,0.987958690520267,0.545191347519241,0.0574619204514779,0.397346732029281,1.10756589319944,1.10298777343036,0.67225013743608,0.346581577359012,-0.018831714795092,-0.00019378364726549,0.963151065839432,0.0206662428360997,0.989137398151127,-0.360332660468886,0.67,0.1,1.025,0.7,0.6,0.25,0.4,0.005,0.975,0.8,0.1,1.27395288513282,0.833986987915363,0.509581154053127,0.277830846936084,0.334774470465577,0.504746064959457,-1.33262256199272,2.58496072780289,6.87952866189549
129,-0.0033747467874909,0.729825671402814,0.105397619076739,-0.0039213327461407,-0.00392045766575566,-0.00254694401112721,0.0172482929731387,0.0104569383465716,0.00923185230677023,8.89791459324602,13.8478583643851,1.53951655815375,2.23160216000951,0.247749149446414,4.06077393963986,2.73757582933302,1.39966578566944,-0.0764676753626054,11.6335591056276,17.4219451939778,1.72673903195295,0.200659035774682,0.182180206771367,0.0159409997153898,1.03577358482095,3.81699127204503,0.69396830183004,0.382456080449746,0.621464150892573,0.258943396205239,0.202590352726152,0.454606978972466,-0.377681483297742,-0.00421654316870162,0.989617770485836,1.00160837947857,0.988028645488192,0.544892823226266,0.0574304062200508,0.397676770553684,1.10755982384011,1.10298118563697,0.674151250482023,0.344679562682963,-0.0188308131649868,-0.00018959092676729,0.963151065839432,0.0206662428360997,0.989187079352388,-0.360332660468886,0.67,0.1,1.025,0.7,0.6,0.25,0.4,0.005,0.975,0.8,0.1,1.27358679037303,0.834305315824818,0.509434716149213,0.277570728897687,0.334341358531194,0.504578216865182,-1.33148414569124,2.56869924874792,6.8839218984843
130,-0.00339307773087818,0.730797447276451,0.105397546669128,-0.00392116048605584,-0.00392047618465219,-0.00259417856674693,0.0172534528849544,0.0104602055265178,0.00923479497965686,8.896152326957,13.8250197460585,1.53690671619072,2.22713765536701,0.247252658336872,4.05547610028891,2.74150338869697,1.39033677959833,-0.0763640680063933,11.6357153570202,17.385475077644,1.72371344680618,0.200756266695462,0.181855642488758,0.0159181402849818,1.03493887991219,3.81188883592795,0.693409049541169,0.38204998696423,0.620963327947315,0.258734719978048,0.20269662532923,0.454534303672609,-0.377376063586359,-0.00419047351716391,0.989667102030392,1.00158995688047,0.98809607188234,0.544604469186151,0.0573999749572631,0.397995555856586,1.10755395494438,1.10297481419117,0.676000380942121,0.342829484187882,-0.0188298651300037,-0.000185402982124592,0.963151065839432,0.0206662428360997,0.989235729650918,-0.360332660468886,0.67,0.1,1.025,0.7,0.6,0.25,0.4,0.005,0.975,0.8,0.1,1.27323422552406,0.834613612980183,0.509293690209622,0.277319638150253,0.333922420358615,0.504418362821626,-1.33038504046822,2.55292943459687,6.88827638488719
131,-0.00341078382413195,0.731737108762045,0.105397490047371,-0.00392102578082998,-0.00392049066617439,-0.00263972873275731,0.0172584400549237,0.0104633634814046,0.00923763934776605,8.89444546686246,13.8029883238966,1.53438928826532,2.22283058144725,0.246773758866838,4.05037907805939,2.74534222920636,1.38130093209396,-0.0762640832409247,11.6378393002072,17.3502566655876,1.72079504793552,0.200850951931744,0.181542041988046,0.0158960840442873,1.03413367347731,3.80697294609612,0.692869561229799,0.381658144409653,0.620480204086387,0.258533418369328,0.202799347793408,0.454464347391504,-0.377074072123114,-0.00416573810298016,0.989714617505506,1.00157216225675,0.988161067970856,0.544325930526847,0.0573705868452293,0.398303482627925,1.10754827974085,1.10296865185873,0.677798837170001,0.341030038293543,-0.0188288754635441,-0.000181229162766146,0.963151065839432,0.0206662428360997,0.989283347535969,-0.360332660468886,0.67,0.1,1.025,0.7,0.6,0.25,0.4,0.005,0.975,0.8,0.1,1.27289464339716,0.834912176518274,0.509157857358865,0.277077243207756,0.333517166474751,0.504266120412933,-1.32932374296022,2.53763573371751,6.8925890657374
132,-0.00342788694502771,0.732645715203232,0.105397445769934,-0.00392092044306513,-0.00392050199052585,-0.00268365854362562,0.0172632604559566,0.0104664159785757,0.00924038879742382,8.89279219590716,13.7817335535809,1.53196073537151,2.21867504754582,0.246311781890495,4.04547448624615,2.74909368045457,1.3725483878107,-0.0761675820191223,11.6399303867738,17.3162439032786,1.71797973594918,0.200943149956294,0.181239011878446,0.0158748007062941,1.03335686021361,3.80223617566661,0.69234909634312,0.381280020757011,0.620014116128167,0.258339215053403,0.202898639544247,0.454396998805817,-0.376775805548632,-0.00414226032139844,0.989760389672797,1.00155497362025,0.988223727845095,0.544056865057806,0.0573422039306904,0.398600931011504,1.10754279169331,1.10296269165245,0.679547897237016,0.339279951579749,-0.0188278488167649,-0.000177077816438413,0.963151065839432,0.0206662428360997,0.98932993393684,-0.360332660468886,0.67,0.1,1.025,0.7,0.6,0.25,0.4,0.005,0.975,0.8,0.1,1.27256752153942,0.835201296021764,0.509027008615769,0.276843225723971,0.333125126284712,0.504121125473474,-1.328298823519,2.5228031773202,6.89685714852288
133,-0.00344440817325242,0.733524291421016,0.105397411145585,-0.0039208380702993,-0.00392051084601319,-0.0027260293496596,0.017267919845598,0.0104693666500987,0.00924304659362178,8.89119075503294,13.7612261638596,1.52961767518111,2.21466540392577,0.245866087388865,4.04075433507014,2.75275908119098,1.36406968591056,-0.0760744320313977,11.6419881383695,17.283392635242,1.7152635918383,0.201032918016931,0.180946174456159,0.0158542612997258,1.03260737973313,3.79767142916143,0.691846944421196,0.380915105755126,0.619564427839877,0.258151844933282,0.202994615871341,0.454332151511096,-0.376481521931169,-0.00411996836357765,0.989804488077424,1.00153836978588,0.988284141614099,0.543796942852048,0.0573147899654894,0.398888267182463,1.10753748449236,1.10295692682357,0.681248809733245,0.337577979950834,-0.0188267896840794,-0.000172956364516911,0.963151065839432,0.0206662428360997,0.989375491978834,-0.360332660468886,0.67,0.1,1.025,0.7,0.6,0.25,0.4,0.005,0.975,0.8,0.1,1.27225236095053,0.835481253587531,0.50890094438021,0.27661727992499,0.332745847203832,0.503983031230578,-1.32730892108658,2.50841734923413,6.9010780904513
134,-0.00346036782032071,0.734373828747341,0.105397384069818,-0.00392077365587706,-0.00392051777088309,-0.00276689994249368,0.0172724237741076,0.0104722189978064,0.00924561588452308,8.88963944193478,13.7414380976908,1.52735687283148,2.21079623087872,0.245436062811041,4.03621101029268,2.75633977820472,1.3558557392968,-0.0759845072088473,11.6440121442459,17.251660514885,1.71264286652494,0.201120312186394,0.180663166987833,0.0158344380912744,1.03188421459031,3.79327192572346,0.69136242377551,0.380562909956432,0.619130528754188,0.257971053647578,0.203087388080025,0.454269703806262,-0.376191444184967,-0.00409879490461205,0.989846979204448,1.00152233034058,0.988342395588764,0.543545845827616,0.0572883102722472,0.399165843900138,1.10753235204738,1.10295135085359,0.682902794520857,0.335922907855723,-0.0188257023765805,-0.000168871374585175,0.963151065839432,0.0206662428360997,0.989420026756462,-0.360332660468886,0.67,0.1,1.025,0.7,0.6,0.25,0.4,0.005,0.975,0.8,0.1,1.27194868488568,0.835752323917737,0.508779473954272,0.276399112070603,0.332378893840594,0.503851507486972,-1.32635273841647,2.49446435789118,6.9052495856692
135,-0.00347578545859715,0.735195286047801,0.105397362896939,-0.00392072328465121,-0.00392052318603642,-0.00280632667461833,0.0172767775922077,0.0104749763981326,0.00924809970578592,8.88813660981183,13.7223424562814,1.52517523259265,2.20706232831658,0.245021121566497,4.03183725313148,2.75983712514331,1.34789781526714,-0.0758976872789675,11.6460020587239,17.2210069191556,1.71011397139591,0.201205387407059,0.180389641030346,0.0158153045157392,1.03118638839511,3.78903118330836,0.690894880224724,0.380222963784096,0.618711833037067,0.257796597098778,0.203177063638311,0.4542095584849,-0.37590576321394,-0.00407867681116946,0.989887926626413,1.00150683561411,0.988398572456501,0.543303267332578,0.0572627316301441,0.399434001037279,1.10752738847884,1.10294595744632,0.684511043445461,0.334313547557069,-0.0188245910025308,-0.000164828629737673,0.963151065839432,0.0206662428360997,0.989463545123355,-0.360332660468886,0.67,0.1,1.025,0.7,0.6,0.25,0.4,0.005,0.975,0.8,0.1,1.27165603773518,0.836014774427742,0.508662415094073,0.276188439941866,0.332023847226235,0.503726239840762,-1.32542903767122,2.48093081030936,6.90936955285822
136,-0.00349067994937362,0.735989590728803,0.105397346340036,-0.00392068389502365,-0.00392052742061233,-0.00284436357308149,0.0172809864585225,0.0104776421067575,0.0092505009847177,8.88668066610041,13.7039134458913,1.52306979027803,2.20345870587122,0.244620701646037,4.02762614138706,2.76325248128568,1.34018751746962,-0.0758138573682447,11.6479575985983,17.1913928677646,1.70767346966858,0.201288197530893,0.180125261785187,0.0157968351127548,1.03051296400955,3.78494300378283,0.690443685886398,0.37989481664034,0.61830777840573,0.257628241002387,0.203263746318726,0.454151622633713,-0.375624640801497,-0.00405955486787928,0.989927391142892,1.00149186665088,0.988452751447038,0.543068911736619,0.0572380221768111,0.39969306608657,1.10752258811076,1.10294074052025,0.686074721010241,0.332748738443752,-0.0188234594539938,-0.000160833194133661,0.963151065839432,0.0206662428360997,0.989506055498177,-0.360332660468886,0.67,0.1,1.025,0.7,0.6,0.25,0.4,0.005,0.975,0.8,0.1,1.27137398397287,0.836268865366335,0.508549593589149,0.275984992352768,0.331680304087348,0.503606928941057,-1.3245366363997,2.46780378789128,6.91343612322558
137,-0.00350506946997435,0.736757639725749,0.105397333392765,-0.0039206530928626,-0.00392053073199272,-0.00288106244754027,0.0172850458969589,0.0104802131724017,0.00925281699906545,8.88527582787406,13.6861371961733,1.5210390109155,2.19998034366264,0.244234238666643,4.02357107913409,2.76658722539564,1.33271676376806,-0.0757329100296079,11.6498842971806,17.1627915857927,1.70531934740498,0.201368780245769,0.179869712773485,0.0157790078524462,1.0298630418255,3.78100146510742,0.690008238023086,0.379578042296214,0.617917825095301,0.257465760456375,0.203347536334885,0.454095807438313,-0.375348211068629,-0.00404137232411289,0.989965430912588,1.00147740518268,0.988505008489944,0.5428424940314,0.0572141513231877,0.399943354645413,1.10751796005503,1.10293571179219,0.687594967437205,0.331227344490498,-0.0188223119277036,-0.000156889474675267,0.963151065839432,0.0206662428360997,0.989547567685769,-0.360332660468886,0.67,0.1,1.025,0.7,0.6,0.25,0.4,0.005,0.975,0.8,0.1,1.27110210716697,0.836514849944755,0.508440842866788,0.275788550341588,0.331347885899074,0.503493251998902,-1.3236744455373,2.45507081413374,6.91744766667889
138,-0.00351897153987873,0.737500300469768,0.105397323268176,-0.00392062900598689,-0.00392053332144693,-0.00291647299286868,0.0172889807830365,0.0104827055646539,0.00925506225441242,8.88390837597349,13.6689668694614,1.51907739965143,2.19662313408365,0.243861270938938,4.01966575651828,2.76984270616249,1.32547778722341,-0.0756547368676207,11.6517697712884,17.1351445337938,1.70304572796282,0.201447219735969,0.179622673502986,0.0157617942400734,1.02923575868157,3.77720088837519,0.68958795831665,0.379272212781002,0.61754145520894,0.257308939670392,0.203428530583545,0.454042027839038,-0.37507658706585,-0.00402408003502146,0.990002101461826,1.00146343360242,0.988555416247833,0.542623739441209,0.0571910896788717,0.40018517087992,1.10751346801251,1.10293082820329,0.689072891557121,0.329748259590926,-0.0188211511480475,-0.000153001213833588,0.963151065839432,0.0206662428360997,0.989588092712692,-0.360332660468886,0.67,0.1,1.025,0.7,0.6,0.25,0.4,0.005,0.975,0.8,0.1,1.27084000974005,0.836752974181719,0.508336003896022,0.275598774714313,0.331026198168108,0.503385018722784,-1.32284132532572,2.44271986439145,6.9214026598542
139,-0.00353240304586545,0.73821841183128,0.105397315350886,-0.00392061017037504,-0.00392053534636483,-0.00295064288655023,0.0172927849810489,0.0104851152679156,0.00925723306228884,8.88258342778046,13.6523920850264,1.51718383477696,2.19338239582454,0.243501273349394,4.01590415857636,2.77302029284005,1.31846310328274,-0.0755792375464239,11.6536204474367,17.1084293492145,1.7008510451141,0.201523549237499,0.179383852522247,0.0157451745341699,1.02863028452661,3.77353584575026,0.689182290632829,0.378976935778333,0.617178170715966,0.257157571131653,0.203506822421284,0.45399020319134,-0.374809857889868,-0.00400762686562305,0.990037456188213,1.00144993493891,0.988604044643142,0.542412383044936,0.0571688089860126,0.400418807969052,1.10750912349452,1.1029261043088,0.690509579697164,0.32831040067978,-0.0188199803769443,-0.000149171811668043,0.963151065839432,0.0206662428360997,0.989627642676304,-0.360332660468886,0.67,0.1,1.025,0.7,0.6,0.25,0.4,0.005,0.975,0.8,0.1,1.27058730990611,0.836983478590181,0.508234923962445,0.275415472412977,0.33071489171254,0.503281926889595,-1.32203624471022,2.43073931292145,6.92529980523385
140,-0.00354538026619067,0.738912785039254,0.105397309159673,-0.0039205954411814,-0.00392053692982286,-0.00298361788109058,0.0172964629453257,0.0104874450948516,0.00925933195234929,8.88129959539912,13.6363909893786,1.51535581400182,2.19025388822694,0.243153770445391,4.01228054233264,2.77612135492037,1.31166550313936,-0.0755063157270887,11.6554362667078,17.0826128987527,1.69873239587668,0.201597818536494,0.1791529637636,0.0157291271565579,1.0280458227625,3.77000114195583,0.688790701250874,0.378691828825354,0.616827493657499,0.257011455690625,0.20358250214817,0.453940255495052,-0.374548093280693,-0.00399196725127549,0.990071546037028,1.00143689283248,0.988650960557979,0.542208169410008,0.0571472820602069,0.400644548529785,1.10750492157739,1.10292153482319,0.691906093170012,0.326912709467431,-0.0188188026374433,-0.00014540395885667,0.963151065839432,0.0206662428360997,0.989666230606524,-0.360332660468886,0.67,0.1,1.025,0.7,0.6,0.25,0.4,0.005,0.975,0.8,0.1,1.27034364310734,0.837206595372764,0.508137457242937,0.275238411863344,0.330413619474862,0.50318373050696,-1.32125821220228,2.41911792765244,6.92913797306788
141,-0.00355791889382034,0.739584204575477,0.105397304318229,-0.00392058392315153,-0.00392053816806548,-0.00301544189169123,0.0173000189932653,0.0104896977722521,0.00926136137731347,8.88005552707766,13.6209425836994,1.51359093402851,2.18723353774014,0.242818305902783,4.00878942248332,2.77914726117883,1.30507804027848,-0.0754358789739846,11.6572172077808,17.0576633267903,1.69668699234211,0.201670076529971,0.178929732055777,0.0157136313847969,1.02748160822015,3.76659180269805,0.688412677507498,0.378416524227117,0.616488964932088,0.256870402055037,0.203655657005623,0.453892110524013,-0.374291345146822,-0.00397705806121474,0.990104419790632,1.00142429151171,0.988696228145225,0.542010852238635,0.057126482737178,0.400862665024187,1.10750085747343,1.1029171145999,0.69326346887678,0.32555415184581,-0.01881762072259,-0.000141699971337341,0.963151065839432,0.0206662428360997,0.989703870339438,-0.360332660468886,0.67,0.1,1.025,0.7,0.6,0.25,0.4,0.005,0.975,0.8,0.1,1.27010866048934,0.837422550949542,0.508043464195736,0.275067370366396,0.330122047034213,0.503090195535678,-1.32050627589034,2.40784485197702,6.93291619216057
142,-0.00357003405874124,0.740233429043482,0.105397300532286,-0.00392057491620845,-0.00392053913635426,-0.00304615707942435,0.0173034572870062,0.010491875929146,0.00926332370210304,8.8788499185727,13.6060267088122,1.51188688865101,2.18431743046603,0.242494441588915,4.00542555823898,2.78209937845915,1.29869401832923,-0.0753678385493943,11.6589632969345,17.0335500206868,1.69471215900542,0.201740371183413,0.178713892632662,0.0156986673148917,1.02693690576668,3.76330306406274,0.688047726863675,0.37815066871908,0.616162143460007,0.25673422644167,0.203726371280748,0.453845697310354,-0.374039649283768,-0.00396285876719468,0.990136124156321,1.00141211577097,0.988739908937527,0.541820194026493,0.0571063858242716,0.401073420149236,1.10749692656244,1.10291283867036,0.694582719832049,0.32423371737223,-0.0188164372042788,-0.0001380617578433,0.963151065839432,0.0206662428360997,0.989740576401928,-0.360332660468886,0.67,0.1,1.025,0.7,0.6,0.25,0.4,0.005,0.975,0.8,0.1,1.26988202811435,0.83763156544173,0.507952811245741,0.274902133768363,0.329839852044946,0.503001099171187,-1.31977952135365,2.39690958854466,6.93663364035432
143,-0.00358174034937897,0.740861192012068,0.10539729757173,-0.0039205678729014,-0.00392053989354291,-0.00307580393014273,0.0173067818393472,0.010493982100512,0.00926522120716695,8.87768151160156,13.5916240076267,1.51024146419832,2.18150180522658,0.242181756727427,4.00218394093751,2.78497907048947,1.29250697967272,-0.0753021092246831,11.6606746052277,17.0102435551486,1.692805327525,0.201808749549156,0.178505190684535,0.0156842158239403,1.02641100900917,3.76013036249112,0.687695376036141,0.377893922842229,0.615846605405499,0.256602752252291,0.203794726412529,0.453800947974137,-0.373793026959105,-0.00394933128384461,0.990166703863142,1.00140035094887,0.988782061964441,0.541635965733829,0.0570869670559996,0.401277067210172,1.10749312438556,1.10290870223757,0.695864835667908,0.322950418774921,-0.0188152544428292,-0.000134490859141718,0.963151065839432,0.0206662428360997,0.989776363906533,-0.360332660468886,0.67,0.1,1.025,0.7,0.6,0.25,0.4,0.005,0.975,0.8,0.1,1.26966342625425,0.837833852778424,0.507865370501698,0.274742496103443,0.329566723736096,0.502916229308109,-1.31907706974195,2.38630198406708,6.94028963541747
144,-0.00359305183315288,0.741468202833529,0.105397295256616,-0.00392056236513105,-0.00392054048565404,-0.00310442132935396,0.0173099965194755,0.0104960187308708,0.00926705609170135,8.87654909228831,13.5777158894105,1.5086525352453,2.17878304695131,0.241879847111594,3.99905978236067,2.7877876967347,1.28651069473207,-0.0752386091061066,11.6623512457124,16.9877156394344,1.69096403178578,0.201875257783099,0.178303380931711,0.0156702585349921,1.02590323905996,3.75706932529007,0.687355170170174,0.377645960339792,0.615541943435977,0.25647580976499,0.203860801093765,0.453757797579071,-0.373551486365376,-0.00393643981050696,0.990196201753785,1.00138898290768,0.988822743863832,0.541457946468818,0.0570682030530148,0.401473850478168,1.10748944663918,1.10290470066974,0.697110783121935,0.321703291475169,-0.0188140745971044,-0.000130988484115073,0.963151065839432,0.0206662428360997,0.989811248455792,-0.360332660468886,0.67,0.1,1.025,0.7,0.6,0.25,0.4,0.005,0.975,0.8,0.1,1.26945254872117,0.838029620838158,0.50778101948847,0.274588259252439,0.3293023624356,0.502835384029768,-1.31839807600411,2.37601221502464,6.94388362632925
145,-0.00360398207619938,0.742055147436864,0.105397293446228,-0.00392055805812963,-0.00392054094867689,-0.00313204663327826,0.0173131050584563,0.0104979881777287,0.00926883047673605,8.8754514896371,13.5642844958458,1.50711806057321,2.1761576803844,0.241588324361961,3.99604850370985,2.7905266112893,1.28069915189414,-0.0751772594735999,11.6639933707175,16.9659390672878,1.68918590324548,0.201939941159827,0.178108227219323,0.0156567777839131,1.02541294335987,3.75411576164506,0.687026672051112,0.377406467583111,0.615247766015921,0.256353235839967,0.203924671368778,0.45371618399531,-0.373315023951132,-0.00392415068340809,0.990224658871943,1.00137799801342,0.988862008988012,0.541285923182951,0.0570500712840258,0.401664005533024,1.1074858891693,1.10290082949426,0.698321506510607,0.320491393124345,-0.0188128996349523,-0.000127555542864448,0.963151065839432,0.0206662428360997,0.989845246055357,-0.360332660468886,0.67,0.1,1.025,0.7,0.6,0.25,0.4,0.005,0.975,0.8,0.1,1.26924910223261,0.838219071590296,0.507699640893046,0.274439232616648,0.329046479117698,0.502758371121269,-1.31774172725091,2.36603077420374,6.94741518495332
146,-0.00361454416229526,0.742622689096358,0.105397292030529,-0.00392055469011321,-0.00392054131075448,-0.00315871573630078,0.0173161110544959,0.0104998927148794,0.00927054640809458,8.87438757403445,13.5513126687739,1.50563607935872,2.17362236409535,0.241306815224686,3.99314572520032,2.79319716181387,1.27506654801755,-0.0751179846311004,11.6656011692076,16.9448876694347,1.68746866654039,0.20200284408641,0.17791950213205,0.0156437565880852,1.02493949455633,3.75126565410632,0.68670946135274,0.377175143025488,0.614963696733797,0.256234873639082,0.203986410727073,0.453676047768556,-0.373083625639795,-0.00391243223772496,0.990252114545391,1.00136738311689,0.988899909504837,0.541119690378142,0.0570325500302546,0.401847759591604,1.10748244796588,1.10289708439194,0.699497928189343,0.319313803154439,-0.0188117313437822,-0.000124192677062424,0.963151065839432,0.0206662428360997,0.9898783730352,-0.360332660468886,0.67,0.1,1.025,0.7,0.6,0.25,0.4,0.005,0.975,0.8,0.1,1.26905280580874,0.838402401234968,0.507621122323498,0.274295232806292,0.328798794972176,0.502685007605131,-1.31710724123771,2.35634845800292,6.95088399809067
147,-0.00362475071101315,0.743171469176002,0.105397290923472,-0.00392055205637021,-0.00392054159389421,-0.00318446313501886,0.0173190179779885,0.0105017345355712,0.00927220585923373,8.87335625578277,13.5387839195344,1.50420470757323,2.1711738847772,0.241034960907473,3.99034725623576,2.79580068851806,1.26960727948485,-0.0750607117671471,11.6671748642227,16.9245362684987,1.68581013533034,0.202064010115079,0.177736986627717,0.015631178616786,1.02448228943401,3.74851515052064,0.686403133920785,0.376951696682481,0.614689373660404,0.256120572358502,0.204046090193169,0.453637331995252,-0.372857267945275,-0.00390125467884182,0.990278606465004,1.00135712553543,0.988936495494049,0.540959049825222,0.0570156183521141,0.402025331822664,1.10747911915766,1.10289346119138,0.700640949000271,0.318169622340856,-0.0188105713411263,-0.000120900287715607,0.963151065839432,0.0206662428360997,0.989910645978287,-0.360332660468886,0.67,0.1,1.025,0.7,0.6,0.25,0.4,0.005,0.975,0.8,0.1,1.26886339020034,0.838579800341297,0.507545356080135,0.274156083342845,0.328559040994215,0.502615119298528,-1.31649386495453,2.34695635445057,6.95428985990193
148,-0.00363461389514019,0.743702107850281,0.105397290057769,-0.00392054999681912,-0.00392054181530554,-0.00320932198907453,0.0173218291763577,0.0105035157555458,0.00927381073396796,8.87235648366705,13.5266823998133,1.50282213457625,2.16880915181734,0.240772416450343,3.98764908612777,2.79833852319178,1.26431593376066,-0.0750053708246652,11.668714710401,16.9048606361938,1.68420820836505,0.202123481954969,0.177560469688704,0.0156190281631218,1.02404074789522,3.74586055638329,0.686107301089795,0.376735849637475,0.61442444873713,0.256010186973804,0.204103778412779,0.453599982203603,-0.372635918992644,-0.00389058996230228,0.990304170759902,1.00134721303538,0.988971815039054,0.540803810293452,0.0569992560578456,0.402196933648703,1.10747589900699,1.10288995586371,0.701751448708644,0.317057972376422,-0.0188094210850658,-0.000117678560556164,0.963151065839432,0.0206662428360997,0.989942081656121,-0.360332660468886,0.67,0.1,1.025,0.7,0.6,0.25,0.4,0.005,0.975,0.8,0.1,1.26868059734546,0.838751453983783,0.507472238938182,0.274021614374596,0.328326957593653,0.502548540391193,-1.31590087331221,2.33784583188239,6.95763266468851
149,-0.00364414545739106,0.744215204801896,0.105397289380801,-0.00392054838627831,-0.00392054198844627,-0.00323332417895328,0.0173245478787016,0.010505238415954,0.00927536286908427,8.87138724355641,13.5149928739185,1.50148661988892,2.16652519212642,0.240518850128823,3.98504737532713,2.8008119882858,1.25918728142032,-0.0749518943789934,11.6702209915898,16.8858374526639,1.68266086575615,0.202181301483116,0.17738974799021,0.0156072901173981,1.02361431198773,3.74329832758595,0.685821589031778,0.376527333571037,0.614168587192637,0.255903577996932,0.204159541735538,0.453563946240216,-0.372419539451464,-0.00388041168176016,0.990328842068934,1.00133763381532,0.989005914314393,0.540653787290661,0.0569834436738997,0.40236276903544,1.10747278390499,1.10288656451737,0.702830286428758,0.315977995455669,-0.0188082818844269,-0.00011452748920538,0.963151065839432,0.0206662428360997,0.989972696970605,-0.360332660468886,0.67,0.1,1.025,0.7,0.6,0.25,0.4,0.005,0.975,0.8,0.1,1.26850417985341,0.838917541876712,0.507401671941362,0.27389166240486,0.328102294222613,0.502485113043121,-1.31532756791468,2.32900852823096,6.96091240002156
150,-0.00365335672644508,0.744711339897025,0.105397288851421,-0.0039205471268573,-0.00392054212383985,-0.00325650036091918,0.0173271772002493,0.0105069044861544,0.00927686403685185,8.87044755704193,13.5037006924061,1.50019649013503,2.16431914521192,0.240273942887355,3.98253844713605,2.80322239604293,1.25421626861646,-0.0749002175233346,11.6716940185452,16.867444267846,1.68116616544087,0.20223750975482,0.177224625584424,0.0155959499418298,1.02320244497766,3.7408250635382,0.685545638135029,0.37632589031292,0.613921466986593,0.255800611244414,0.204213444294439,0.45352917416213,-0.372208083388746,-0.00387069496441437,0.990352653608666,1.00132837648992,0.989038837669086,0.540508802813636,0.0569681624168845,0.40252303476948,1.10746977036682,1.10288328339325,0.703878301040095,0.314928853868579,-0.0188071549086737,-0.000111446896337659,0.963151065839432,0.0206662428360997,0.990002508901714,-0.360332660468886,0.67,0.1,1.025,0.7,0.6,0.25,0.4,0.005,0.975,0.8,0.1,1.26833390051448,0.839078238506512,0.50733356020579,0.273766070032257,0.327884809020455,0.502424687001177,-1.3147732759085,2.32043634088398,6.96412914020759
151,-0.00366225863233657,0.745191073838722,0.105397288437453,-0.00392054614200721,-0.00392054222971583,-0.0032788800192457,0.0173297201466392,0.0105085158663999,0.00927831594743171,8.869536480112,13.4927917669827,1.49895013613829,2.16218825848367,0.240037387800999,3.9801187798724,2.8055710476797,1.24939800995361,-0.0748502777609227,11.6731341267231,16.8496594647421,1.67972223982487,0.202292147013534,0.177064913599747,0.0155849936465014,1.02280463046517,3.73843750064138,0.685279102411665,0.376131271415523,0.613682778279103,0.255701157616293,0.204265548082154,0.453495618133997,-0.372001499048086,-0.00386141637350999,0.990375637238059,1.0013194300745,0.989070627706057,0.540368685108355,0.0569533941669325,0.402677920724713,1.10746685502725,1.10288010885991,0.704896311594353,0.313909729603093,-0.0188060411974463,-0.000108436452916419,0.963151065839432,0.0206662428360997,0.990031534460491,-0.360332660468886,0.67,0.1,1.025,0.7,0.6,0.25,0.4,0.005,0.975,0.8,0.1,1.26816953183409,0.839233713262014,0.507267812733636,0.273644685702509,0.327674268475128,0.502367119233808,-1.31423734890205,2.31212141707117,6.96728304007933
152,-0.00367086172122636,0.745654948799095,0.105397288113736,-0.00392054537186781,-0.00392054231250938,-0.00330049151589618,0.0173321796171582,0.0105100743898673,0.00927972025069426,8.86865310323343,13.4822525489876,1.49774601044122,2.1601298830177,0.239808889586986,3.97778499914714,2.80785923237088,1.2447277816765,-0.074802014900238,11.6745416752897,16.8324622269992,1.67832729289645,0.202345252709821,0.17691042997134,0.0155744077684828,1.02242037154095,3.73613250656445,0.685021648932436,0.375943238216882,0.613452222924569,0.255605092885237,0.204315913024395,0.453463232278569,-0.371799730341871,-0.00385255462960667,0.990397823435739,1.00131078397017,0.989101325273699,0.540233268439681,0.0569391214423622,0.402827610117958,1.10746403463727,1.10287703741019,0.705885117706882,0.312919823963529,-0.0188049416704108,-0.000105495381207105,0.963151065839432,0.0206662428360997,0.990059790562672,-0.360332660468886,0.67,0.1,1.025,0.7,0.6,0.25,0.4,0.005,0.975,0.8,0.1,1.2680108555901,0.839384130466967,0.50720434223604,0.273527363506097,0.327470447131659,0.502312273606491,-1.31371916189395,2.30405614461983,6.97037432848427
153,-0.00367917616958143,0.746103489030857,0.105397287860593,-0.00392054476962933,-0.00392054237725292,-0.00332136213779366,0.0173345584114204,0.0105115818268703,0.00928107854000741,8.86779654578481,13.4720699991504,1.49658262381459,2.15814146849762,0.239588164042733,3.97553387182484,2.81008822728933,1.240201015506,-0.0747553709704902,11.6759170414953,16.815832497738,1.67697959623058,0.202396865480108,0.176760999113797,0.0155641793437443,1.02204919002366,3.73390707287979,0.684772957315851,0.375761559547075,0.613229514014194,0.255512297505914,0.204364597058934,0.453431972786025,-0.371602715069146,-0.00384408719560424,0.990419241699245,1.00130242794957,0.98913096987829,0.540102392870143,0.0569253273755297,0.402972279754328,1.10746130605674,1.10287406565322,0.706845499965167,0.311958357169154,-0.0188038571343213,-0.000102623771377001,0.963151065839432,0.0206662428360997,0.990087294255123,-0.360332660468886,0.67,0.1,1.025,0.7,0.6,0.25,0.4,0.005,0.975,0.8,0.1,1.26785766246455,0.839529649880748,0.507143064985821,0.273413962840639,0.327273127183304,0.502260020474606,-1.31321811251673,2.29623314371092,6.97340330457097
154,-0.00368721179778846,0.7465372014589,0.105397287662639,-0.00392054429868716,-0.00392054242788131,-0.00334151814181538,0.0173368592302916,0.0105130398854236,0.00928239235273371,8.86696595935404,13.4622315737833,1.49545854367862,2.15622056002358,0.239374937663036,3.97336229836436,2.81225929617938,1.23581329230068,-0.0747102901157066,11.677260622545,16.7997509562572,1.67567748711903,0.20244702318827,0.176616451717709,0.0155542958930775,1.02169062555787,3.73175831102224,0.684532719123772,0.375586014235802,0.613014375334721,0.255422656389467,0.204411656176685,0.453401797555761,-0.371410387992608,-0.00383599527836998,0.990439920087119,1.00129435214322,0.989159599239853,0.53997590404742,0.0569119956897797,0.403112100262801,1.10745866625375,1.10287119031395,0.707778220302247,0.311024567990174,-0.0188027882924203,-9.98205880867997e-05,0.963151065839432,0.0206662428360997,0.990114062408713,-0.360332660468886,0.67,0.1,1.025,0.7,0.6,0.25,0.4,0.005,0.975,0.8,0.1,1.26770975147746,0.839670426323216,0.507083900590985,0.273304348311068,0.327082098282295,0.502210236448592,-1.31273361986712,2.28864525812647,6.97637033060031
155,-0.0036949780832259,0.746956576252481,0.105397287507842,-0.00392054393041685,-0.0039205424674722,-0.00336098479763713,0.0173390846804728,0.0105144502141288,0.00928366317282276,8.86616052508713,13.4527252015276,1.49437239142918,2.15436479393255,0.2391689471699,3.97126730691874,2.81437368897918,1.23156033645421,-0.0746667185146387,11.6785728324749,16.7841989851526,1.67441936548452,0.202495762923389,0.176476624482366,0.0155447454000794,1.02134423502008,3.72968344649436,0.684300637463451,0.375416388882927,0.612806541012046,0.255336058755019,0.204457144514836,0.453372666219411,-0.371222680587667,-0.00382826038065194,0.990459885610831,1.00128654702636,0.989187249696224,0.539853653000176,0.0568991106774183,0.403247236322406,1.10745611229968,1.10286840822784,0.708684022365436,0.310117713386634,-0.01880173575207,-9.70850430531279e-05,0.963151065839432,0.0206662428360997,0.990140111778866,-0.360332660468886,0.67,0.1,1.025,0.7,0.6,0.25,0.4,0.005,0.975,0.8,0.1,1.26756692977908,0.839806609994845,0.50702677191163,0.27319838948289,0.32689715722329,0.502162804065664,-1.31226512375477,2.28128554768491,6.9792758275199
156,-0.00370248417281835,0.747362087378635,0.105397287386793,-0.00392054364243433,-0.00392054249843166,-0.00337978642854586,0.0173412372780293,0.0105158144043936,0.00928489243280276,8.86537945248963,13.4435392635867,1.49332284016991,2.15257189403821,0.238969939091647,3.96924604737201,2.81643264126037,1.22743801041053,-0.0746246042988911,11.6798541003473,16.7691586415262,1.67320369125489,0.202543121008133,0.176341359878058,0.015535516292228,1.0210095917744,3.72767981379392,0.684076426488847,0.375252477930988,0.612605755064639,0.2552523979436,0.204501114410889,0.453344540101492,-0.371039521486543,-0.00382086499616744,0.990479164206289,1.00127900340632,0.989213956186749,0.539735495941888,0.0568866571786403,0.403377846879472,1.10745364136543,1.10286571633696,0.709563631890341,0.309237068141939,-0.0188007000322802,-9.4416282440515e-05,0.963151065839432,0.0206662428360997,0.990165458982671,-0.360332660468886,0.67,0.1,1.025,0.7,0.6,0.25,0.4,0.005,0.975,0.8,0.1,1.26742901223324,0.839938346671761,0.506971604893297,0.273095960682697,0.326718107672956,0.502117611502478,-1.31181208388724,2.27414728073154,6.98212027023366
157,-0.00370973889509571,0.747754193137393,0.105397287292134,-0.00392054341723602,-0.00392054252264151,-0.00339794645033098,0.0173433194517408,0.0105171339925387,0.00928608151567091,8.86462197833816,13.4346625749869,1.49230861256428,2.15083966812256,0.238777669362028,3.96729578570313,2.81843737370501,1.22344230947298,-0.0745838974748593,11.6811048685881,16.754612629667,1.67202898187436,0.202589133007539,0.176210505919988,0.0155265974229089,1.02068628500115,3.72574485162533,0.683859810950771,0.375094083375805,0.61241177100069,0.255171571250288,0.204543616462634,0.453317382115413,-0.370860836922893,-0.00381379259071333,0.990497780778852,1.00127171241043,0.989239752308952,0.539621294082348,0.0568746205613503,0.403504085356302,1.10745125071784,1.10286311168616,0.710417757063547,0.308381924507141,-0.0187996815706878,-9.1813384664296e-05,0.963151065839432,0.0206662428360997,0.990190120475626,-0.360332660468886,0.67,0.1,1.025,0.7,0.6,0.25,0.4,0.005,0.975,0.8,0.1,1.26729582106968,0.840065777771615,0.506918328427871,0.272996940808783,0.326544759912861,0.502074552302608,-1.31137397909154,2.26722392701997,6.98490418310455
158,-0.00371675077177854,0.748133336679405,0.105397287218112,-0.003920543241134,-0.00392054254157326,-0.0034154874083594,0.0173453335463191,0.0105184104618208,0.00928723175670973,8.86388736563231,13.4260843667116,1.49132847878936,2.14916600456229,0.238591902937872,3.96541389864719,2.82038909162794,1.21956935686867,-0.0745445498494151,11.6823255914115,16.7405442750148,1.67089380993208,0.202633833737822,0.176083915952424,0.0155179780542638,1.02037391905848,3.72387609834885,0.68365052576918,0.374941014462519,0.612224351435086,0.255093479764619,0.204584699586531,0.45329115668903,-0.370686551136741,-0.00380702754309804,0.990515759248955,1.00126466547436,0.989264670375325,0.539510913446495,0.056862986701826,0.40362609985168,1.10744893771635,1.10286059141953,0.711247088878728,0.30755159185138,-0.0187986807301076,-8.92753700731696e-05,0.963151065839432,0.0206662428360997,0.990214112531202,-0.360332660468886,0.67,0.1,1.025,0.7,0.6,0.25,0.4,0.005,0.975,0.8,0.1,1.26716718555681,0.840189040465045,0.506866874222725,0.272901213150055,0.326376930593614,0.502033525117142,-1.310950306573,2.26050915092308,6.98762813570367
159,-0.0037235280289103,0.748499946506505,0.105397287160228,-0.0039205431034246,-0.00392054255637764,-0.00343243101293067,0.0173472818254985,0.0105196452443773,0.00928834444523189,8.86317490258547,13.4177942686642,1.49038125458547,2.14754886910521,0.23841241343431,3.96359786863497,2.82228898454334,1.21581539905072,-0.0745065149590875,11.68351673333,16.7269374993336,1.66979680090151,0.20267725727522,0.175961448442554,0.0155096478408165,1.02007211287264,3.72207118765333,0.683448315624671,0.374793087394651,0.612043267723586,0.255018028218161,0.204624411074011,0.453265829695562,-0.370516586741947,-0.00380055508894972,0.990533122595516,1.00125785433094,0.989288741467506,0.539404224700281,0.0568517419661755,0.403744033333543,1.1074466998096,1.10285815277685,0.712052301486735,0.306745396317939,-0.0187976978046738,-8.68012098091788e-05,0.963151065839432,0.0206662428360997,0.990237451223003,-0.360332660468886,0.67,0.1,1.025,0.7,0.6,0.25,0.4,0.005,0.975,0.8,0.1,1.26704294169077,0.840308267788259,0.506817176676306,0.272808665212828,0.326214442499642,0.501994433457752,-1.31054058120886,2.25399680494953,6.99029273879516
160,-0.00373007860755594,0.748854436955785,0.105397287114963,-0.00392054299573774,-0.00392054256795449,-0.00344879817300647,0.0173491664750035,0.0105208397230932,0.00928942082625677,8.86248390165387,13.4097822934156,1.48946579939674,2.14598630179073,0.238238982776635,3.96184527899469,2.82413822577401,1.21217680122319,-0.0744697480025125,11.684678767747,16.7137767970328,1.66873663098469,0.2027194369649,0.175842966783536,0.0155015968138373,1.01978049935546,3.72032784444068,0.683252934568161,0.374650125056313,0.611868299613278,0.254945124838866,0.204662796645771,0.453241368387934,-0.370350865059267,-0.00379436126821529,0.990549892897249,1.00125127099941,0.989311995487931,0.539301102983279,0.0568408731925448,0.403858023824177,1.10744453453237,1.10285579309032,0.712834052539897,0.305962680485691,-0.0187967330255883,-8.43898337726272e-05,0.963151065839432,0.0206662428360997,0.990260152409276,-0.360332660468886,0.67,0.1,1.025,0.7,0.6,0.25,0.4,0.005,0.975,0.8,0.1,1.26692293189941,0.84042358875351,0.506769172759764,0.272719188555154,0.326057124324086,0.501957185461679,-1.31014433487415,2.24768092354667,6.99289864054682
161,-0.00373641017408547,0.749197208667708,0.105397287079567,-0.0039205429115281,-0.00392054257700747,-0.00346460902839829,0.0173509896054017,0.0105219952333963,0.00929046210212174,8.86181369860297,13.4020388206955,1.48858101459735,2.14447641400725,0.238071400867935,3.96015380940113,2.82593797210174,1.20865004307533,-0.0744342057759501,11.6858121756305,16.7010472125728,1.66771202505574,0.202760405429957,0.17572833910626,0.0154938153664055,1.01949872484755,3.71864388091044,0.683064145647861,0.374511956746994,0.611699234908532,0.254874681211888,0.204699900504148,0.453217741336343,-0.370189306417851,-0.00378843287611138,0.990566091371991,1.00124490777504,0.989334461209113,0.539201427747724,0.056830367674039,0.403968204578238,1.10744243950248,1.10285350978126,0.71359298353072,0.30520280303577,-0.0187957865664901,-8.20401378403402e-05,0.963151065839432,0.0206662428360997,0.990282231719573,-0.360332660468886,0.67,0.1,1.025,0.7,0.6,0.25,0.4,0.005,0.975,0.8,0.1,1.26680700476084,0.840535128457394,0.506722801904335,0.272632678628319,0.325904810453281,0.501921693668067,-1.30976111579783,2.24155571717222,6.99544652295633
162,-0.00374253013006035,0.74952864903878,0.105397287051887,-0.00392054284567733,-0.00392054258408669,-0.00347988298049606,0.017352753254842,0.0105231130649809,0.00929146943403019,8.86116365161075,13.3945545825915,1.4877258417994,2.14301738567967,0.237909465271661,3.95852123155766,2.82768936345732,1.20523171471202,-0.0743998466116839,11.6869174442649,16.6887343188987,1.66672175469851,0.202800194580505,0.17561743809939,0.0154862942391361,1.01922644858614,3.71701719283371,0.682881720552715,0.374378417928205,0.611535869151685,0.254806612146535,0.204735765383662,0.45319491836889,-0.37003183042774,-0.00378275741727646,0.990581738414125,1.00123875721929,0.989356166320647,0.539105082603752,0.0568202131423189,0.40407470425393,1.10744041241783,1.10285130035706,0.714329720125137,0.304465138423328,-0.0187948585484651,-7.97509903529454e-05,0.963151065839432,0.0206662428360997,0.990303704543357,-0.360332660468886,0.67,0.1,1.025,0.7,0.6,0.25,0.4,0.005,0.975,0.8,0.1,1.26669501473545,0.840643008186947,0.50667800589418,0.272549034625182,0.325757340760355,0.501887874805103,-1.30939048794718,2.23561556661836,6.99793709848348
163,-0.00374844562173946,0.749849132659272,0.105397287030242,-0.00392054279418286,-0.0039205425896226,-0.00349463872161371,0.0173544593916881,0.0105241944634655,0.00929244394353969,8.86053314040658,13.3873206494175,1.48689926123757,2.14160746258043,0.237752980908371,3.95694540509828,2.82939352264844,1.20191851276898,-0.0743666303191371,11.6879950660781,16.6768241968478,1.66576463633334,0.202838835622871,0.175510140837241,0.015479024506536,1.01896334219623,3.71544575600637,0.682705439271474,0.374249349981418,0.611378005317738,0.254740835549057,0.204770432599793,0.453172870515113,-0.369878356225828,-0.00377732306294599,0.990596853630213,1.00123281215015,0.989377137474052,0.539011955170546,0.056810397751842,0.404177647077613,1.10743845105367,1.10284916240817,0.715044872490477,0.303749076554235,-0.0187939490447111,-7.75212379481567e-05,0.963151065839432,0.0206662428360997,0.990324586020372,-0.360332660468886,0.67,0.1,1.025,0.7,0.6,0.25,0.4,0.005,0.975,0.8,0.1,1.26658682191096,0.840747345523584,0.506634728764384,0.272468159335042,0.325614560407493,0.501855649587472,-1.30903203043893,2.2298550175732,7.00037110687895
164,-0.00375416354922097,0.750159021736507,0.105397287013316,-0.00392054275391496,-0.00392054259395158,-0.00350889426302281,0.0173561099170475,0.0105252406319853,0.00929338671399229,8.85992156544476,13.3803284162184,1.48610029022709,2.14024495375809,0.237601759765928,3.95542427369692,2.83105155512401,1.19870723670146,-0.0743345181285527,11.6890455375416,16.6653034154787,1.66483952942843,0.202876359068907,0.175406328615116,0.0154719975639586,1.01870908920399,3.71392762287199,0.682535089766672,0.37412459997675,0.611225453522393,0.254677272300997,0.204803942096082,0.453151569952288,-0.369728802697456,-0.00377211861092815,0.99061145587292,1.00122706563303,0.989397400325568,0.53892193693316,0.0568009100647166,0.404277153002123,1.10743655325979,1.10284709360521,0.715739035618254,0.303054022466624,-0.0187930580848784,-7.53497108121216e-05,0.963151065839432,0.0206662428360997,0.990344891032625,-0.360332660468886,0.67,0.1,1.025,0.7,0.6,0.25,0.4,0.005,0.975,0.8,0.1,1.26648229175968,0.840848254444854,0.50659291670387,0.272389959004714,0.325476319656423,0.501824942523629,-1.30868533697539,2.22426877540547,7.00274931220055
165,-0.00375969057523534,0.750458666504152,0.10539728700008,-0.00392054272242603,-0.00392054259733676,-0.0035226669617433,0.017357706667202,0.0105262527327228,0.00929429879188926,8.85932834711216,13.37356958988,1.4853279816909,2.13892822907757,0.237455620622459,3.9539558613725,2.83266454877314,1.19559478523646,-0.0743034726370978,11.6900693581411,16.6541590132773,1.66394533479139,0.202912794745407,0.175305886791715,0.0154652051151273,1.01846338457131,3.71246091930544,0.682370467662774,0.374004020451778,0.611078030742783,0.254615846142826,0.204836332489608,0.453130989954353,-0.369583088675724,-0.00376713344819019,0.990625563273316,1.00122151097189,0.98941697957699,0.53883492310478,0.0567917390361406,0.40437333785908,1.10743471695797,1.1028450916962,0.716412789641919,0.302379396017183,-0.0187921856591022,-7.3235227358291e-05,0.963151065839432,0.0206662428360997,0.990364634197802,-0.360332660468886,0.67,0.1,1.025,0.7,0.6,0.25,0.4,0.005,0.975,0.8,0.1,1.26638129490743,0.840945845424052,0.506552517962971,0.272314343205545,0.325342473686743,0.50179568173241,-1.3083500153044,2.21885170015969,7.00507250000814
166,-0.00376503313360401,0.750748405618008,0.10539728698973,-0.00392054269780195,-0.00392054259998398,-0.0035359735461522,0.0173592514159446,0.0105272318883794,0.00929518118821285,8.85875292496823,13.3670361768113,1.4845814227526,2.13765571686667,0.237314388781456,3.95253826897864,2.83423357375717,1.19257815297874,-0.0742734577572645,11.6910670294141,16.6433784801905,1.66308099293699,0.202948171803644,0.175208704638256,0.0154586391601994,1.01822593425046,3.71104384154868,0.682211375947811,0.373887469200049,0.610935560550278,0.254556483562616,0.204867641114915,0.453111104843342,-0.369441133120318,-0.00376235751583988,0.990639193271643,1.00121614170073,0.989435899014654,0.538750812494185,0.0567828740003997,0.404466313505416,1.10743294013943,1.10284315450391,0.717066700149642,0.301724631572103,-0.0187913317217447,-7.11765984609147e-05,0.963151065839432,0.0206662428360997,0.990383829864011,-0.360332660468886,0.67,0.1,1.025,0.7,0.6,0.25,0.4,0.005,0.975,0.8,0.1,1.26628370691353,0.841040225527702,0.506513482765411,0.272241224706072,0.325212882421681,0.501767798768554,-1.30802568670162,2.21359880174958,7.00734147472881
167,-0.00377019743737801,0.751028566538713,0.105397286981636,-0.00392054267854636,-0.0039205426020541,-0.00354883014047347,0.0173607458768244,0.0105281791835903,0.00929603487969719,8.85819475701671,13.3607204711729,1.48385973339186,2.1364259016636,0.237177895818387,3.95116967086787,2.8357596823732,1.18965442716212,-0.0742444386674465,11.6920390540525,16.6329497404479,1.66224548252714,0.202982518729011,0.175114675193994,0.0154522919843436,1.01799645475799,3.70967465329073,0.682057624687856,0.373774809068769,0.610797872854796,0.254499113689498,0.204897904066448,0.453091889943171,-0.369302855277657,-0.00375778127642515,0.990652362646617,1.00121095157544,0.989454181546652,0.538669507378221,0.0567743046573989,0.40455618796438,1.10743122086243,1.10284127992328,0.717701318492237,0.301089177702627,-0.0187904961948644,-6.91726311977753e-05,0.963151065839432,0.0206662428360997,0.990402492105693,-0.360332660468886,0.67,0.1,1.025,0.7,0.6,0.25,0.4,0.005,0.975,0.8,0.1,1.26618940806121,0.8411314985109,0.506475763224486,0.272170519350074,0.325087410360949,0.501741228456709,-1.30771198547424,2.2085052353387,7.00955705718405
168,-0.00377518948666943,0.751299465901807,0.105397286975307,-0.00392054266348874,-0.00392054260367281,-0.00356125228820192,0.0173621917053059,0.0105290956662844,0.00929686081005003,8.85765331900807,13.3546150436233,1.48316206515916,2.13523732206076,0.237045979338276,3.94984831172041,2.8372439089475,1.18682078453749,-0.0742163817645845,11.6929859350668,16.6228611361313,1.66143781887966,0.203015863350765,0.1750236951278,0.0154461561468078,1.01777467276677,3.70835168288426,0.681909030753735,0.373665907765221,0.610664803660061,0.254443668191692,0.20492715623956,0.453073321535685,-0.369168174823913,-0.0037533956833214,0.990665087543342,1.0012059345659,0.989471849238364,0.53859091337905,0.0567660210597043,0.404643065561246,1.10742955724993,1.10283946591889,0.718317182086294,0.300472496885134,-0.018789678971429,-6.7222132196935e-05,0.963151065839432,0.0206662428360997,0.990420634720609,-0.360332660468886,0.67,0.1,1.025,0.7,0.6,0.25,0.4,0.005,0.975,0.8,0.1,1.26609828315804,0.841219764910555,0.506439313263216,0.272102145939772,0.324965926420341,0.501715908733488,-1.30740855848478,2.20356629689782,7.01172008227103
169,-0.00378001507618871,0.751561409875566,0.105397286970357,-0.00392054265171393,-0.00392054260493868,-0.00357325497451733,0.017363590500844,0.0105299823489925,0.00929765989112797,8.85712810377108,13.3487127305571,1.48248759994677,2.13408856864003,0.236918482743697,3.94857250352862,2.83868726975718,1.18407448839021,-0.0741892546187738,11.69390817501,16.6131014114524,1.66065705254214,0.203048232851871,0.174935664605522,0.0154402244704518,1.01756032471549,3.70707332069168,0.681765417559381,0.373560637671471,0.610536194829297,0.254390081178874,0.204955431370133,0.453055376818841,-0.36903701199235,-0.00374919215208395,0.990677383499915,1.00120108484843,0.989488923346394,0.538514939345995,0.0567580136000744,0.404727047053931,1.10742794748733,1.10283771052264,0.718914814712592,0.299874065205696,-0.0187888799182875,-6.53239106116135e-05,0.963151065839432,0.0206662428360997,0.990438271227781,-0.360332660468886,0.67,0.1,1.025,0.7,0.6,0.25,0.4,0.005,0.975,0.8,0.1,1.26601022134568,0.841305122136553,0.506404088538274,0.272036026123923,0.324848303777746,0.501691780497227,-1.30711506469417,2.19877741892959,7.01383139679055
170,-0.00378467980249969,0.751814694507015,0.105397286966487,-0.00392054264250619,-0.00392054260592856,-0.003584852647736,0.0173649438088796,0.0105308402101046,0.00929843300406648,8.85661862057293,13.3430066238122,1.48183554881339,2.13297828199526,0.236795255012675,3.94734062272849,2.84009076297864,1.18141288567959,-0.0741630259297425,11.6948062752576,16.6036596977055,1.65990226792804,0.203079653778939,0.174850487162833,0.0154344900317228,1.01735315643476,3.70583801655398,0.681626614811286,0.37345887566698,0.610411893860853,0.254338289108689,0.204982762072879,0.453038033866916,-0.368909287686345,-0.00374516253363383,0.990689265472768,1.00119639679849,0.989505424350989,0.538441497241799,0.0567502729994588,0.404808229758743,1.10742638982033,1.10283601183141,0.719494726809843,0.299293372069074,-0.0187880988789171,-6.34767807735479e-05,0.963151065839432,0.0206662428360997,0.990455414866296,-0.360332660468886,0.67,0.1,1.025,0.7,0.6,0.25,0.4,0.005,0.975,0.8,0.1,1.26592511591874,0.841387664560834,0.506370046367497,0.27197208429059,0.324734419725291,0.501668787465042,-1.30683117472316,2.19413416635132,7.01589185741426
171,-0.003789189071004,0.752059606056503,0.10539728696346,-0.00392054263530583,-0.0039205426067026,-0.00359605923984974,0.0173662531227589,0.0105316701950801,0.009299181000367,8.85612439450645,13.337490060821,1.48120515085959,2.13190515083781,0.236676150486026,3.94615110746998,2.84145536866127,1.17883340429382,-0.0741376654851062,11.6956807353416,16.59452549886,1.65917258201156,0.203110152052229,0.174768069583305,0.0154289461510538,1.01715292278884,3.70464427737602,0.681492458268521,0.373360502958735,0.610291753673302,0.254288230697209,0.205009179878361,0.453021271592645,-0.368784923579341,-0.00374129908919924,0.990700747860841,1.00119186498364,0.989521371987005,0.5383705020331,0.0567427902954449,0.404886707671455,1.10742488255285,1.10283436800484,0.720057415763843,0.298729919912118,-0.0187873356759602,-6.16795644964466e-05,0.963151065839432,0.0206662428360997,0.990472078594879,-0.360332660468886,0.67,0.1,1.025,0.7,0.6,0.25,0.4,0.005,0.975,0.8,0.1,1.26584286415198,0.841467483604427,0.506337145660793,0.271910247464379,0.324624155527303,0.501646876036846,-1.30655657043107,2.18963223252774,7.0179023287842
172,-0.00379354810266576,0.752296421321219,0.105397286961094,-0.00392054262967523,-0.0039205426073079,-0.00360688818619415,0.0173675198855783,0.010532473217611,0.00929990470294259,8.85564496590355,13.332156615186,1.48059567215172,2.13086791018112,0.236561028663676,3.94500245501888,2.84278204872496,1.17633355041424,-0.0741131441203191,11.6965320523355,16.5856886777612,1.65846714307874,0.203139752975745,0.17468832178147,0.0154235863836638,1.01695938733259,3.70349066482214,0.681362789512837,0.373265404918504,0.610175632399556,0.254239846833148,0.20503471526878,0.453005069711181,-0.368663842202818,-0.00373759446678257,0.990711844528607,1.00118748415682,0.989536785273503,0.538301871584974,0.0567355568311354,0.404962571583891,1.10742342404499,1.10283277726318,0.720603366192048,0.298183223921516,-0.0187865901135637,-5.99310931556283e-05,0.963151065839432,0.0206662428360997,0.990488275092159,-0.360332660468886,0.67,0.1,1.025,0.7,0.6,0.25,0.4,0.005,0.975,0.8,0.1,1.26576336713568,0.841544667822451,0.506305346854273,0.271850445207927,0.324517396283832,0.501625995165984,-1.30629094451131,2.18526743544593,7.01986368173795
173,-0.00379776194048718,0.75252540794802,0.105397286959243,-0.00392054262527219,-0.0039205426077813,-0.00361735244428973,0.0173687454919604,0.0105332501607417,0.00930060490712405,8.85517988977368,13.3270000876585,1.48000640469184,2.1298653396008,0.236449754009521,3.94389321928283,2.84407174697996,1.17391090598311,-0.0740894336802405,11.6973607202884,16.5771394429104,1.65778512953186,0.203168481247376,0.174611156690605,0.0154184045107412,1.01677232198264,3.70237579311663,0.68123745572837,0.3731734709269,0.610063393189585,0.25419308049566,0.205059397712585,0.45298940870579,-0.368545967023385,-0.00373404167917532,0.99072256882805,1.00118324924981,0.989551682542034,0.538235526559362,0.0567285642444363,0.405035909196202,1.10742201271114,1.10283123788528,0.721133050223653,0.297652811755883,-0.0187858619795361,-5.82302094651495e-05,0.963151065839432,0.0206662428360997,0.99050401675755,-0.360332660468886,0.67,0.1,1.025,0.7,0.6,0.25,0.4,0.005,0.975,0.8,0.1,1.26568652961862,0.84161930298711,0.506274611847448,0.271792609527455,0.324414030799482,0.501606096236173,-1.30603400010263,2.18103571402516,7.02177679165301
174,-0.00380183545574499,0.752746824735917,0.105397286957796,-0.00392054262182917,-0.00392054260815144,-0.00362746451189588,0.0173699312897605,0.0105340018779457,0.00930128238162778,8.85472873526643,13.3220144975002,1.47943666543154,2.12889626156647,0.236342195764449,3.94282200845496,2.84532538916778,1.17156312626943,-0.0740665069822413,11.6981672297054,16.5688683357958,1.65712574874474,0.20319636096909,0.174536490155046,0.0154133945309923,1.01659150670224,3.70129832694353,0.681116309490498,0.373084594223946,0.609954904021341,0.254147876675559,0.205083255697927,0.452974269795194,-0.368431222509911,-0.00373063408334027,0.990732933619608,1.00117915536698,0.989566081463672,0.538171390317241,0.0567218044577421,0.405106805225017,1.10742064701807,1.10282974820653,0.721646927775181,0.297138223272152,-0.0187851510473327,-5.65757690569189e-05,0.963151065839432,0.0206662428360997,0.990519315712677,-0.360332660468886,0.67,0.1,1.025,0.7,0.6,0.25,0.4,0.005,0.975,0.8,0.1,1.26561225985832,0.841691472168698,0.506244903943328,0.271736674782188,0.324313951457286,0.50158713294442,-1.30578545041565,2.17693312455502,7.02364253690415
175,-0.00380577335399732,0.752960921928558,0.105397286956664,-0.00392054261913666,-0.00392054260844088,-0.00363723644431335,0.0173710785817107,0.0105347291941618,0.00930193786948749,8.85429108515692,13.3171940742105,1.47888579532737,2.1279595398422,0.236238227767106,3.94178748276875,2.84654388302163,1.1692879375279,-0.0740443377807829,11.6989520670707,16.5608662187464,1.65648823596623,0.203223415657175,0.174464240826802,0.0154085506525384,1.01641672919917,3.70025697944086,0.680999208563441,0.372998671765794,0.609850037519499,0.254104182299791,0.205106316765019,0.452959634902468,-0.368319534191608,-0.00372736536109381,0.990742951292165,1.00117519777923,0.989579999074879,0.538109388824382,0.0567152696679985,0.40517534150762,1.10741932548319,1.10282830661697,0.72214544682164,0.296639010256242,-0.0187844570778817,-5.49666418412011e-05,0.963151065839432,0.0206662428360997,0.990534183803289,-0.360332660468886,0.67,0.1,1.025,0.7,0.6,0.25,0.4,0.005,0.975,0.8,0.1,1.26554046947821,0.841761255814655,0.506216187791284,0.271682577597487,0.324217054097415,0.501569061189656,-1.30554501837381,2.17295583725544,7.02546179742802
176,-0.00380958018087019,0.753167941497053,0.105397286955779,-0.00392054261703123,-0.00392054260866725,-0.00364667987097311,0.017372188627,0.0105354329067919,0.00930257208895069,8.85386653535337,13.3125332496012,1.47835315843603,2.12705407795234,0.236137728282074,3.94078835235819,2.84772811834542,1.16708313474617,-0.0740229007333993,11.6997157144139,16.5531242632852,1.65587185326985,0.203249668252501,0.174394330066268,0.0154038672851443,1.0162477846361,3.69925051028437,0.680886015706185,0.372915604087329,0.609748670781658,0.254061946159024,0.205128607537423,0.452945486625426,-0.368210828707837,-0.00372422950097693,0.990752633782124,1.00117137191823,0.989593451802223,0.538049450560556,0.0567089523371301,0.405241597102314,1.10741804667277,1.10282691155948,0.722629043663276,0.296154736157986,-0.0187837798212623,-5.34017131925065e-05,0.963151065839432,0.0206662428360997,0.990548632601601,-0.360332660468886,0.67,0.1,1.025,0.7,0.6,0.25,0.4,0.005,0.975,0.8,0.1,1.2654710733313,0.841828731826664,0.506188429332521,0.271630256781497,0.324123237900492,0.50155183896678,-1.30531243626825,2.16910013295296,7.02723545338914
177,-0.00381326032763226,0.753368117413442,0.105397286955087,-0.00392054261538477,-0.00392054260884422,-0.00365580601134285,0.017373262642796,0.0105361137866606,0.00930318573434156,8.85345469442579,13.308026650203,1.47783814104752,2.12617881770962,0.236040579835098,3.93982337521767,2.84887896710967,1.16494657947602,-0.0740021713680219,11.7004586489139,16.5456339389575,1.65527588854737,0.203275141130802,0.174326681846861,0.015399339032765,1.01608447535277,3.69827772385644,0.680776598486356,0.372835295170377,0.609650685211662,0.254021118838192,0.205150153752317,0.452931808208403,-0.368105033850434,-0.00372122078129677,0.990761992591604,1.00116767337073,0.989606455486031,0.537991506432048,0.0567028451828181,0.405305648385134,1.10741680920031,1.10282556152794,0.723098143187957,0.295684975830288,-0.0187831190182454,-5.18798849308963e-05,0.963151065839432,0.0206662428360997,0.990562673409014,-0.360332660468886,0.67,0.1,1.025,0.7,0.6,0.25,0.4,0.005,0.975,0.8,0.1,1.26540398937012,0.84189397563586,0.506161595748049,0.271579653245182,0.324032405275305,0.501535426265867,-1.30508744542586,2.16536239986748,7.02896438394211
178,-0.00381681803656644,0.753561675915124,0.105397286954546,-0.00392054261409724,-0.00392054260898267,-0.00366462569018444,0.0173743018057087,0.0105367725789389,0.00930377947689181,8.85305518315444,13.3036690899872,1.47734015085413,2.12533273780291,0.235946669055037,3.93889135525629,2.8499972835635,1.16287619774437,-0.0739821260515859,11.7011813425412,16.5383870026116,1.65469965454397,0.203299856112969,0.174261222663385,0.015394960686393,1.01592661059953,3.69733746749577,0.680670829101685,0.372757652317272,0.609555966359718,0.253981652649882,0.205170980289761,0.452918583515377,-0.368002078599196,-0.00371833375418217,0.990771038805825,1.00116409787325,0.989619025403025,0.537935489687359,0.0566969411696126,0.405367569143029,1.10741561172492,1.10282425506552,0.723553159129204,0.295229315272502,-0.0187824744017052,-5.0400076189225e-05,0.963151065839432,0.0206662428360997,0.990576317259161,-0.360332660468886,0.67,0.1,1.025,0.7,0.6,0.25,0.4,0.005,0.975,0.8,0.1,1.26533913852251,0.841957060276144,0.506135655409002,0.271530709925567,0.323944461750727,0.501519784976279,-1.30486979589011,2.1617391305047,7.03064946608473
179,-0.00382025740614594,0.753748835760552,0.105397286954122,-0.00392054261309038,-0.00392054260909092,-0.00367314935219143,0.0173753072532005,0.0105374100040345,0.0093043539655405,8.85266763409778,13.2994555633886,1.47685861615391,2.12451485244167,0.235855886522246,3.93799114044169,2.85108390436136,1.1608699780402,-0.0739627419598628,11.7018842617335,16.5313754881101,1.65414248793349,0.203323834475335,0.174197881443962,0.0153907272171958,1.01577400628165,3.69642862982389,0.680568584208708,0.37268258602952,0.609464403768993,0.253943501570414,0.205191111201009,0.452905797004351,-0.36790189315119,-0.00371556323064759,0.990779783109696,1.00116064130682,0.989631176287976,0.537881335835952,0.0566912335003686,0.405427430663679,1.10741445294975,1.10282299076307,0.723994494319916,0.294787351377997,-0.0187818456979133,-4.89612241235184e-05,0.963151065839432,0.0206662428360997,0.990589574921249,-0.360332660468886,0.67,0.1,1.025,0.7,0.6,0.25,0.4,0.005,0.975,0.8,0.1,1.26527644457304,0.842018056455638,0.506110577829214,0.271483371712061,0.323859315871652,0.501504878795439,-1.30465924611399,2.1582269186493,7.03229157359721
180,-0.00382358239602282,0.753929808476466,0.105397286953792,-0.00392054261230312,-0.00392054260917551,-0.00368138707603538,0.0173762800849426,0.0105380267584477,0.00930490982770419,8.85229169117859,13.2953812386149,1.47639298508692,2.12372421005479,0.23576812662307,3.9371216210287,2.85213964870341,1.15892596937376,-0.0739439970484654,11.7025678671061,16.5245916964534,1.65360374843145,0.203347096959947,0.174136589465368,0.0153866337699277,1.01562648471401,3.69555013914469,0.680469744758388,0.3726100098913,0.609375890828407,0.253906621178503,0.205210569735889,0.452893433702936,-0.367804408944397,-0.00371290426652366,0.990788235803666,1.001157299692,0.989642922354438,0.537828982569952,0.056685715607991,0.405485301822057,1.10741333162056,1.10282176725746,0.724422540941813,0.294358691685908,-0.0187812326277213,-4.75622845107005e-05,0.963151065839432,0.0206662428360997,0.990602456903642,-0.360332660468886,0.67,0.1,1.025,0.7,0.6,0.25,0.4,0.005,0.975,0.8,0.1,1.26521583404978,0.842077032626315,0.506086333619913,0.271437585375718,0.323776879098774,0.501490673142042,-1.30445556266456,2.15482245645441,7.0338915760627
181,-0.00382679683183607,0.75410479859696,0.105397286953533,-0.00392054261168739,-0.00392054260924168,-0.00368934858784797,0.0173772213641217,0.0105386235155963,0.00930544767001874,8.85192700928755,13.2914414512298,1.47594272490261,2.12295989204117,0.235683287410195,3.93628172786833,2.85316531848856,1.15704227940474,-0.0739258700249738,11.7032326131916,16.5180281862941,1.65308281794444,0.203369663784821,0.174077280271625,0.0153826756566056,1.01548387438557,3.69470096191335,0.680374195838329,0.372539840457694,0.609290324631339,0.253870968596391,0.205229378369293,0.452881479185069,-0.367709558676359,-0.00371035214937002,0.990796406818862,1.001154069184,0.989654277314595,0.537778369688656,0.0566803811474783,0.405541249163866,1.10741224652419,1.10282058323005,0.724837680770614,0.293942954137028,-0.0187806349076419,-4.62022322009251e-05,0.963151065839432,0.0206662428360997,0.99061497345766,-0.360332660468886,0.67,0.1,1.025,0.7,0.6,0.25,0.4,0.005,0.975,0.8,0.1,1.26515723611611,0.842134055051828,0.506062894446445,0.271393299501302,0.323697065712044,0.501477135073492,-1.30425851993874,2.1515225316232,7.03545033796475
182,-0.00382990440984634,0.754274003894643,0.10539728695333,-0.003920542611206,-0.00392054260929342,-0.00369704327416442,0.0173781321186983,0.0105392009266103,0.00930596807905359,8.85157325390349,13.2876316979976,1.47550732125709,2.12222101156986,0.235601270468585,3.93547043079309,2.85416169847915,1.15521707263607,-0.0739083403221356,11.70387894821,16.5116777648267,1.65257909975397,0.20339155465415,0.174019889595688,0.0153788483504355,1.0153460097333,3.69388010127122,0.680281826521311,0.372471997147219,0.60920760583998,0.253836502433325,0.205247558826796,0.452869919548822,-0.36761727631811,-0.00370790238599413,0.990804305731561,1.0011509460681,0.989665254398272,0.537729439025764,0.0566752239882519,0.405595336985984,1.10741119648726,1.10281943740525,0.72524028541699,0.293539766833845,-0.0187800522508353,-4.48800615227033e-05,0.963151065839432,0.0206662428360997,0.990627134581569,-0.360332660468886,0.67,0.1,1.025,0.7,0.6,0.25,0.4,0.005,0.975,0.8,0.1,1.2651005824673,0.842189187873575,0.506040232986922,0.271350464422044,0.323619792717635,0.501464233207342,-1.30406789988966,2.14832402467874,7.03696871785729
183,-0.00383290870140392,0.754437615604162,0.105397286953172,-0.00392054261082952,-0.00392054260933394,-0.00370448019435154,0.0173790133426179,0.0105397596210966,0.00930647162199999,8.85123010072946,13.2839476309754,1.47508627753872,2.12150671242754,0.235521980786745,3.93468673707466,2.85512955647621,1.15344856867054,-0.0738913880720928,11.7045073138647,16.505533479033,1.65209201773335,0.203412788768485,0.173964355284119,0.01537514747998,1.01521273092514,3.69308659564362,0.680192529719844,0.372406402138736,0.609127638555084,0.253803182731285,0.205265132109441,0.452858741395215,-0.367527497124041,-0.00370555069091574,0.990811941777017,1.00114792675509,0.989675866371144,0.537682134379222,0.056670238206761,0.405647627414017,1.10741018037477,1.102818328549,0.725630716563313,0.293148767804694,-0.0187794843680068,-4.35947865476589e-05,0.963151065839432,0.0206662428360997,0.990638950024708,-0.360332660468886,0.67,0.1,1.025,0.7,0.6,0.25,0.4,0.005,0.975,0.8,0.1,1.26504580723173,0.842242493175006,0.506018322892693,0.271309032156947,0.323544979758288,0.501451937646551,-1.30388349176336,2.14522390631827,7.03844756760324
184,-0.00383581315725646,0.754595818638329,0.105397286953048,-0.00392054261053509,-0.00392054260936558,-0.00371166809254531,0.0173798659969789,0.0105403002078762,0.00930695884733399,8.85089723534405,13.2803850518449,1.47467911422096,2.12081616791119,0.235445326633088,3.93392968995015,2.85606964350454,1.1517350405272,-0.0738749940815928,11.7051181451657,16.4995886072694,1.65162101559601,0.203433384834855,0.173910617224584,0.015371568823554,1.01508388365147,3.69231951739723,0.680106202046485,0.372342980272301,0.609050330190882,0.253770970912867,0.205282118517709,0.452847931808024,-0.367440157637969,-0.00370329297538688,0.990819323862684,1.00114500777696,0.98968612555218,0.537636401443571,0.0566654180793524,0.405698180477077,1.10740919708883,1.10281725546745,0.726009326196229,0.292769604771995,-0.0187789309682244,-4.23454413048439e-05,0.963151065839432,0.0206662428360997,0.99065042929176,-0.360332660468886,0.67,0.1,1.025,0.7,0.6,0.25,0.4,0.005,0.975,0.8,0.1,1.2649928468764,0.842294031044239,0.505997138750559,0.271268956350559,0.323472549026867,0.501440219908381,-1.30370509184527,2.14221923484859,7.03988773167771
185,-0.00383862111170253,0.754748791797111,0.105397286952952,-0.00392054261030483,-0.00392054260939034,-0.00371861540911722,0.0173806910111561,0.0105408232756949,0.0093074302854553,8.85057435286685,13.2769399064689,1.474285368241,2.12014857976411,0.235371219437165,3.93319836721357,2.8569826940066,1.15007481301512,-0.0738591398081416,11.7057118702756,16.493836651179,1.65116555617387,0.203453361076831,0.173858617276083,0.0153681083038418,1.01495931892486,3.6915779715545,0.680022743679658,0.372281658953938,0.608975591354918,0.253739829731216,0.205298537674711,0.452837478334501,-0.367355195695842,-0.0037011253371395,0.990826460580858,1.00114218578274,0.989696043830362,0.537592187744716,0.0566607580753948,0.40574705417989,1.10740824556745,1.10281621700561,0.726376456835092,0.292401934924568,-0.0187783917596603,-4.11310799069787e-05,0.963151065839432,0.0206662428360997,0.990661581647115,-0.360332660468886,0.67,0.1,1.025,0.7,0.6,0.25,0.4,0.005,0.975,0.8,0.1,1.26494164011657,0.842343859634988,0.50597665604663,0.271230192215085,0.323402425183014,0.501429052856731,-1.30353250321611,2.13930715369928,7.04129004653215
186,-0.00384133578659691,0.754896707969709,0.105397286952876,-0.00392054261012487,-0.00392054260940966,-0.00372533029169264,0.0173814892838847,0.0105413293939069,0.00930788644930275,8.85026115763791,13.2736082796664,1.47390459240321,2.11950317715327,0.235299573675566,3.93249187986925,2.85786942604446,1.14846626116185,-0.0738438073370598,11.7062889103783,16.4882713279155,1.65072512072444,0.203472735244516,0.173808299201768,0.0153647619827218,1.01483889288768,3.69086109456205,0.679942058234747,0.372222368064097,0.608903335732609,0.25370972322192,0.205314408548624,0.452827368966965,-0.367272550425408,-0.00369904405070772,0.990833360220778,1.00113945753447,0.989705632680712,0.537549442577013,0.056656252850648,0.405794304572339,1.10740732478325,1.10281521204603,0.726732441756269,0.292045424693994,-0.0187778664502633,-3.99507766329588e-05,0.963151065839432,0.0206662428360997,0.990672416119322,-0.360332660468886,0.67,0.1,1.025,0.7,0.6,0.25,0.4,0.005,0.975,0.8,0.1,1.2648921278294,0.842392035225838,0.505956851131761,0.271192696474739,0.323334535272756,0.501418410637756,-1.3033655355168,2.13648488901058,7.042655340016
187,-0.00384396029521315,0.755039734329953,0.105397286952817,-0.00392054260998409,-0.00392054260942487,-0.00373182060573862,0.0173822616843043,0.0105418191131347,0.00930832783494783,8.84995736290991,13.2703863901931,1.47353635480612,2.11887921568622,0.235230306762248,3.93180937084393,2.85873054150901,1.14690780869432,-0.0738289793594031,11.706849679569,16.4828865626629,1.65029920826526,0.20349152462447,0.173759608604252,0.015361526056294,1.01472246662719,3.69016805311079,0.679864052640216,0.372165039869642,0.608833479976313,0.253680616656797,0.205329749474382,0.452817592125234,-0.367192162243179,-0.00369704555835088,0.990840030780193,1.00113681990331,0.989714903179655,0.537508116942599,0.0566518972408673,0.405839985816533,1.1074064337424,1.10281423950757,0.727077605213367,0.291699749535,-0.0187773547483669,-3.8803625914969e-05,0.963151065839432,0.0206662428360997,0.990682941505602,-0.360332660468886,0.67,0.1,1.025,0.7,0.6,0.25,0.4,0.005,0.975,0.8,0.1,1.2648442529712,0.842438612277907,0.505937701188478,0.271156427312244,0.323268808650954,0.501408268618611,-1.3032040047221,2.13374974729321,7.04398443085237
188,-0.00384649764596899,0.755178032525241,0.105397286952771,-0.00392054260987396,-0.00392054260943664,-0.00373809394474067,0.0173830090529641,0.0105422929659048,0.00930875492216631,8.84966269055317,13.267270585921,1.4731802382921,2.118275976466,0.235163338943153,3.93115001375479,2.85956672633558,1.14539792656992,-0.0738146391507128,11.7073945847636,16.4776764814416,1.64988733493464,0.203509746049541,0.173712492863306,0.0153583968500978,1.01460990599784,3.68949804300502,0.679788637018554,0.372109608939224,0.608765943598705,0.25365247649946,0.205344578174675,0.452808136639847,-0.367113972848938,-0.00369512646146679,0.990846479976445,1.0011342698658,0.989723866019754,0.537468163492866,0.0566476862556362,0.405884150251497,1.10740557148343,1.1028132983442,0.727412262653395,0.291364593709843,-0.0187768563632377,-3.76887423218855e-05,0.963151065839432,0.0206662428360997,0.990693166376407,-0.360332660468886,0.67,0.1,1.025,0.7,0.6,0.25,0.4,0.005,0.975,0.8,0.1,1.26479796049832,0.842483643490927,0.505919184199327,0.27112134431739,0.323205176906468,0.501398603329153,-1.30304773292252,2.13109911315727,7.04527812816468
189,-0.00384895074601953,0.755311758859235,0.105397286952734,-0.00392054260978791,-0.00392054260944596,-0.00374415763998748,0.0173837322027935,0.0105427514672603,0.00930916817498979,8.84937687077218,13.264257339206,1.47283583991849,2.11769276518216,0.235098593194874,3.93051301173059,2.86037865072547,1.14393513155568,-0.0738007705505598,11.707924025626,16.4726354041839,1.64948903337732,0.203527415908619,0.173666901075837,0.0153553708145152,1.01450108145048,3.68885028807841,0.679715724571819,0.37205601206189,0.608700648870286,0.253625270362619,0.205358911780248,0.452798991736029,-0.367037925218106,-0.00369328351255077,0.990852715257067,1.00113180450025,0.989732531523844,0.537429536472009,0.0566436150724153,0.405926848455576,1.1074047370762,1.10281238754385,0.727736720928906,0.291039650076664,-0.0187763710055699,-3.66052604524657e-05,0.963151065839432,0.0206662428360997,0.990703099080011,-0.360332660468886,0.67,0.1,1.025,0.7,0.6,0.25,0.4,0.005,0.975,0.8,0.1,1.26475319729142,0.842527179857767,0.505901278916568,0.271087408437549,0.323143573789942,0.501389392406481,-1.30289654811421,2.12853044710775,7.04653723105114
190,-0.00385132240472347,0.755441064468507,0.105397286952706,-0.00392054260972063,-0.00392054260945318,-0.00375001876997771,0.0173844319200369,0.0105431951153518,0.0093095680422371,8.84909964183345,13.2613432424362,1.47250277044944,2.11712891123665,0.235035995127235,3.92989759628327,2.86116696937246,1.14251798485366,-0.0737873579428524,11.7084383945126,16.4677578380713,1.64910385215417,0.20354455015628,0.173622783998044,0.0153524445203482,1.01439586786807,3.68822403915458,0.67964523147161,0.372004188168792,0.608637520720844,0.253598966967019,0.205372766849543,0.452790147018367,-0.366963963592156,-0.00369151360758566,0.990858743809942,1.00112942098325,0.989740909658589,0.537392191662565,0.056639679030803,0.405968129306632,1.10740392962082,1.10281150612725,0.728051278506139,0.290724619881789,-0.0187758983879279,-3.55523348234139e-05,0.963151065839432,0.0206662428360997,0.990712747747115,-0.360332660468886,0.67,0.1,1.025,0.7,0.6,0.25,0.4,0.005,0.975,0.8,0.1,1.26470991208292,0.842569270717427,0.505883964833167,0.27105458193008,0.323083935144081,0.501380614542136,-1.30275028399656,2.12604128340417,7.04776252820425
191,-0.00385361533698676,0.755566095493362,0.105397286952684,-0.00392054260966801,-0.00392054260945884,-0.00375568416946703,0.0173851089651542,0.0105436243920071,0.00930995495802701,8.84883074980416,13.2585250037539,1.47218065386741,2.1165837669029,0.234975472889598,3.92930302622757,2.86193232169389,1.14114509077056,-0.0737743862368735,11.7089380764327,16.46303847112,1.64873135517471,0.203561164322344,0.173580093989685,0.0153496146545664,1.01429414440782,3.68761857305021,0.679577076753242,0.371954078257876,0.608576486644694,0.253573536101956,0.205386159387696,0.452781592456177,-0.366892033467335,-0.00368981377889246,0.990864572573026,1.00112711658633,0.989749010047499,0.537356086332877,0.0566358736269975,0.406008040040125,1.10740314824666,1.10281065314689,0.728356225669203,0.290419212555941,-0.0187754382251441,-3.4529139711574e-05,0.963151065839432,0.0206662428360997,0.990722120295462,-0.360332660468886,0.67,0.1,1.025,0.7,0.6,0.25,0.4,0.005,0.975,0.8,0.1,1.26466805538751,0.842609963806554,0.505867222155003,0.27102282831653,0.323026198836347,0.501372249431875,-1.30260877977711,2.12362922798208,7.04895479757259
192,-0.00385583216648857,0.755686993242995,0.105397286952667,-0.00392054260962682,-0.00392054260946328,-0.00376116043817043,0.0173857640736907,0.0105440397632802,0.00931032934227236,8.84856994830101,13.2557994429419,1.47186912690361,2.11605670651676,0.234916957080749,3.92872858664641,2.86267533206556,1.13981509542986,-0.0737618408490201,11.709423449023,16.4584721660044,1.64837112115156,0.203577273521313,0.173538784960345,0.0153468780162143,1.01419579434923,3.68703319161874,0.679511182213985,0.371905625321356,0.608517476609538,0.253548948587308,0.205399104864912,0.452773318369495,-0.366822081581868,-0.00368818118836504,0.990870208243668,1.00112488867268,0.989756841983415,0.537321179186397,0.0566321945084539,0.406046626305149,1.10740239211139,1.10280982768594,0.728651844720329,0.290123145514343,-0.0187749902346719,-3.35348689403596e-05,0.963151065839432,0.0206662428360997,0.990731224434437,-0.360332660468886,0.67,0.1,1.025,0.7,0.6,0.25,0.4,0.005,0.975,0.8,0.1,1.26462757943562,0.842649305309493,0.505851031774247,0.270992112338564,0.322970304693954,0.501364277727855,-1.30247187998355,2.12129195643424,7.05011480606226
193,-0.0038579754287938,0.755803894355207,0.105397286952653,-0.00392054260959462,-0.00392054260946673,-0.00376645394913355,0.0173863979571145,0.0105444416799814,0.00931069160115701,8.84831699824871,13.2531634874682,1.4715678385864,2.11554712569794,0.234860380662198,3.92817358789963,2.86339661005997,1.13852668552488,-0.0737497076852159,11.7098948825362,16.4540539541091,1.64802274307586,0.203592892461708,0.173498812317633,0.0153442315124743,1.014100704948,3.68646722083268,0.67944747231516,0.371858774275994,0.6084604229688,0.253525176237,0.20541161823424,0.452765315415692,-0.36675405590184,-0.00368661312111687,0.990875657287543,1.00112273469406,0.989764414440502,0.537287430312775,0.0566286374687291,0.406083932218497,1.10740166040003,1.10280902885725,0.728938410176232,0.289836143960669,-0.0187745541369008,-3.2568735692599e-05,0.963151065839432,0.0206662428360997,0.990740067669656,-0.360332660468886,0.67,0.1,1.025,0.7,0.6,0.25,0.4,0.005,0.975,0.8,0.1,1.26458843810961,0.84268733990691,0.505835375243846,0.270962399915548,0.322916194441089,0.501356680993138,-1.30233943428254,2.11902721204942,7.05124330927553
194,-0.00386004757435627,0.755916930950823,0.105397286952642,-0.00392054260956942,-0.00392054260946939,-0.00377157085678692,0.0173870113036255,0.0105448305781883,0.0093110421275956,8.84807166764782,13.2506141686821,1.47127644980702,2.11505444060079,0.234805678874768,3.92763736467435,2.86409675068729,1.13727858711102,-0.0737379731239683,11.7103527398416,16.4497790297999,1.6476858277127,0.203608035455282,0.17346013291723,0.015341672154877,1.01400876729546,3.68592000990299,0.679385874087957,0.371813471895909,0.608405260377275,0.253502191823864,0.205423713948764,0.452757574576663,-0.366687905605919,-0.00368510697945863,0.990880925947206,1.00112065218777,0.989771736085767,0.537254801140655,0.0566251984425065,0.406120000416838,1.10740095232404,1.10280825580239,0.729216188960621,0.289557940694813,-0.0187741296554343,-3.16299722458446e-05,0.963151065839432,0.0206662428360997,0.990748657307533,-0.360332660468886,0.67,0.1,1.025,0.7,0.6,0.25,0.4,0.005,0.975,0.8,0.1,1.26455058688269,0.84272411082303,0.505820234753075,0.270933658103714,0.322863811638264,0.501349441658379,-1.30221129730498,2.11683280390691,7.05234105128437
195,-0.00386205097141682,0.75602623078302,0.105397286952634,-0.00392054260954977,-0.0039205426094715,-0.00377651710469684,0.0173876047789342,0.0105452068797386,0.00931138130167725,8.84783373135136,13.2481486181557,1.47099463290186,2.11457808719307,0.234752789158322,3.92711927507451,2.86477633463864,1.13606956443592,-0.0737266240000472,11.7107973764379,16.4456427449031,1.64735999511579,0.203622716426121,0.173422705014712,0.0153391970556538,1.01391987618328,3.68539093043362,0.6793263170428,0.371769666747931,0.60835192570997,0.253479969045821,0.205435405978232,0.452750087146571,-0.366623581069078,-0.00368366027723967,0.990886020250305,1.00111863877373,0.989778815290109,0.537223254392133,0.0566218735007957,0.406154872107072,1.10740026712048,1.1028075076907,0.729485440592881,0.289288275924453,-0.0187737165173344,-3.07178297150561e-05,0.963151065839432,0.0206662428360997,0.990757000459803,-0.360332660468886,0.67,0.1,1.025,0.7,0.6,0.25,0.4,0.005,0.975,0.8,0.1,1.26451398276021,0.842759659871494,0.505805593104086,0.27090585505685,0.322813101623717,0.501342542980604,-1.30208732847759,2.11470660502472,7.05340876443659
196,-0.00386398790879994,0.756131917381711,0.105397286952628,-0.00392054260953434,-0.00392054260947317,-0.00378129843302566,0.0173881790270146,0.0105455709927058,0.00931170949109375,8.84760297084979,13.2457640641625,1.47072207125052,2.11411752056158,0.234701651074496,3.92661869974826,2.86543592853115,1.13489841880588,-0.0737156475887579,11.7112291404754,16.441640603387,1.64704487816049,0.203636948919615,0.173386488219079,0.0153368034242257,1.01383392997332,3.68487937560971,0.679268733082127,0.371727309129329,0.608300357983994,0.253458482493331,0.205446707825134,0.452742844720118,-0.366561033845435,-0.00368227063447038,0.990890946017454,1.00111669215166,0.989785660138955,0.53719275403879,0.0566186588462987,0.406188587114912,1.10739960405112,1.10280678371835,0.729746417372981,0.289026897080356,-0.0187733144533362,-2.9831577785815e-05,0.963151065839432,0.0206662428360997,0.990765104048014,-0.360332660468886,0.67,0.1,1.025,0.7,0.6,0.25,0.4,0.005,0.975,0.8,0.1,1.26447858422357,0.842794027499906,0.505791433689426,0.27087895998844,0.322764011456788,0.501335969003987,-1.30196739186055,2.11264655056,7.05444716919264
197,-0.00386586059861285,0.756234110193159,0.105397286952623,-0.00392054260952224,-0.0039205426094745,-0.00378592038571202,0.0173887346708299,0.0105459233118584,0.00931202705155255,8.84737917406409,13.2434578282907,1.47045845888907,2.11367221424366,0.234652206232329,3.92613504105095,2.86607608515436,1.13376398748737,-0.0737050315907856,11.7116483727895,16.4377682562345,1.64674012209444,0.203650746111304,0.173351443447919,0.0153344885638215,1.01375083047228,3.68438475941795,0.679213056416427,0.371686351007847,0.608250498283367,0.25343770761807,0.205457632540261,0.452735839181305,-0.366500216650373,-0.00368093577227553,0.990895708869781,1.00111481009839,0.989792278442461,0.537163265259268,0.0566155508089388,0.406221183931794,1.10739896240165,1.10280608310751,0.729999364562631,0.288773558635402,-0.0187729231980332,-2.89705044059704e-05,0.963151065839432,0.0206662428360997,0.990772974807971,-0.360332660468886,0.67,0.1,1.025,0.7,0.6,0.25,0.4,0.005,0.975,0.8,0.1,1.26444435117617,0.842827252833061,0.505777740470467,0.270852943135199,0.322716489863187,0.501329704522494,-1.30185135599084,2.11065063605969,7.05545697399076
198,-0.00386767117885052,0.756332924714969,0.105397286952619,-0.00392054260951291,-0.0039205426094755,-0.00379038831738432,0.0173892723130322,0.0105462642191021,0.00931233432717531,8.84716213514644,13.2412273221828,1.47020350013785,2.1132416595834,0.234604398216659,3.92566772224235,2.86669734371761,1.13266514264233,-0.0736947641175891,11.7120554069419,16.4340214965019,1.64644538410515,0.203664120815594,0.173317532884138,0.0153322498682226,1.01367048281108,3.68390651589771,0.679159223483421,0.371646745963937,0.608202289686645,0.253417620702769,0.205468192737745,0.452729062692681,-0.366441083342009,-0.00367965350809458,0.990900314236178,1.00111299046526,0.989798677745326,0.537134754398319,0.056612545841544,0.406252699760137,1.1073983414809,1.10280540510546,0.730244520562751,0.288528021927286,-0.0187725424900376,-2.8133915490117e-05,0.963151065839432,0.0206662428360997,0.990780619294127,-0.360332660468886,0.67,0.1,1.025,0.7,0.6,0.25,0.4,0.005,0.975,0.8,0.1,1.26441124489178,0.842859373714913,0.505764497956713,0.270827775721956,0.32267048718209,0.501323735044329,-1.30173909373123,2.10871691576,7.056438875139
199,-0.00386942171590999,0.756428472626631,0.105397286952616,-0.00392054260950547,-0.00392054260947627,-0.00379470740001642,0.0173897925366386,0.0105465940839082,0.00931263165088282,8.84695165428811,13.2390700443972,1.46995690924314,2.11282536511155,0.234558172519161,3.92521618671646,2.8673002300979,1.13160079029588,-0.0736848336773223,11.7124505692707,16.4303962545537,1.6461603329036,0.203677085494345,0.173284719934215,0.0153300848186267,1.01359279532871,3.68344409842141,0.679107172870236,0.371608449135122,0.608155677197226,0.253398198832178,0.205478400609609,0.452722507685032,-0.36638358890217,-0.00367842175117352,0.990904767360255,1.00111123117551,0.989804865336222,0.537107188927276,0.0566096405156809,0.406283170557043,1.10739774062007,1.10280474898378,0.730482117087263,0.288290054984854,-0.0187721720721169,-2.73211346029586e-05,0.963151065839432,0.0206662428360997,0.99078804388392,-0.360332660468886,0.67,0.1,1.025,0.7,0.6,0.25,0.4,0.005,0.975,0.8,0.1,1.26437922796484,0.842890426749306,0.505751691185936,0.27080342992781,0.322625955314997,0.501318046758101,-1.30163048212454,2.10684350093311,7.05739355673194
200,-0.00387111420701745,0.756520861915732,0.105397286952613,-0.0039205426094997,-0.00392054260947694,-0.00379888262933803,0.0173902959056838,0.0105469132637252,0.00931291934476638,8.84674753753427,13.2369835773869,1.46971841003218,2.11242285594827,0.234513476471957,3.92477989726236,2.86788525708804,1.13056986933559,-0.0736752291612622,11.7128341789478,16.4268885934677,1.6458846483235,0.203689652265316,0.173252969187894,0.0153279909806266,1.0135176794604,3.68299697900303,0.679056845238467,0.371571417162349,0.60811060767624,0.2533794198651,0.205488267939833,0.452716166847509,-0.366327689416905,-0.00367723849825262,0.990909073307019,1.00110953022195,0.989810848256866,0.537080537405895,0.0566068315176328,0.406312631076472,1.107397159172,1.10280411403758,0.730712379333273,0.288059432358035,-0.0187718116913086,-2.65315026339402e-05,0.963151065839432,0.0206662428360997,0.990795254782047,-0.360332660468886,0.67,0.1,1.025,0.7,0.6,0.25,0.4,0.005,0.975,0.8,0.1,1.26434826426279,0.842920447339486,0.505739305705114,0.270779878853527,0.322582847676269,0.501312626500601,-1.30152540225313,2.10502855827964,7.05832169059069
