Time,n_B,psi_o_B,psi_y_B,n_y_B,n_m_B,n_o_B,mu_o_B,mu_m_B,mu_y_B,s_o_B,s_m_B,s_y_B,h_m_B,h_y_B,a_B,a_o_B,a_m_B,a_y_B,z_o_B,z_m_B,z_y_B,c_o_B,c_m_B,c_y_B,y_B,k_B,w_B,inv_B,b_B,gov_B,e_B,t_B,f_B,nx_B,tilde_R_B,g_B,q_B,tilde_s_m_B,tilde_s_y_B,tilde_s_o_B,Omega_m_B,Omega_y_B,eta_o_B,eta_m_B,eta_y_B,walras_B,gamma_B,phi_B,R_star,fy_target_B,alpha,delta,beta,sigma,b_y,g_y,repl,x,omega,nu,Lambda_B,w_indiv_B,t_indiv_B,e_indiv_B,c_y_indiv_B,c_m_indiv_B,c_o_indiv_B,a_y_indiv_B,a_m_indiv_B,a_o_indiv_B
0,0.00539697250294302,0.27911856236707,0.151984862514716,0.00539697250294302,0.00539697250294302,0.00539697250294302,0.115624078651747,0.0603737423002712,0.0546359824157408,0.521212693771879,0.94160487413608,0.111479977521307,2.47982071674907,0.293594866969758,3.33269548953857,1.0626093894568,2.38096916045497,-0.110883060373195,1.70879992314901,5.85480932349404,0.311194184087558,0.197578416714281,0.353476749313854,0.0170023999696886,0.970546968667752,1.9108175238782,0.650266469007394,0.208823267947892,0.582328181200651,0.242636742166938,0.0726005767939417,0.349204291847463,0.83954978445971,-0.0489706074449009,1.06936158784905,1.01042395736546,1.0583296051662,0.698761516892187,0.106201173075433,0.19503731003238,1.04293508837492,1.03321262501483,0.318843828604312,0.71442745607239,-0.0332712846767011,-4.16333634234434e-16,0.915829299941193,0.0312172306267986,1.06936158784905,0.865027465504469,0.67,0.1,1.025,0.35,0.6,0.25,0.4,0.005,0.975,0.8,0.1,0.930598570882266,0.499747458046323,0.372239428352907,0.160096159744036,0.505861786559137,1.01302882346705,-1.04408508081579,3.40741312006501,5.44823649013814
1,0.00555843257544442,0.279296859374682,0.15203639120686,0.0057378406013926,0.00539697250294302,0.00603920593285023,0.114884370428317,0.0601056528215419,0.0544113975312548,0.524630104251635,0.94830522280636,0.112434745580925,2.48743402684657,0.294853899304956,3.33359001928932,1.0633252386685,2.38118233880606,-0.110917558185239,1.71200236899681,5.86868251656333,0.313424977778625,0.196682314352247,0.352740993957985,0.0170538910779827,0.97039113030088,1.911559469022,0.650162057301589,0.209838498170958,0.582234678180528,0.24259778257522,0.0726352882755664,0.349181991447956,0.839795872086791,-0.048563689140033,1.06933972446692,1.01058622473832,1.05813803739885,0.698649318454459,0.106220121096948,0.195130560448592,1.04272974485405,1.0330937716492,0.318973008833089,0.714299696431641,-0.0332727052647303,4.1339306520928e-05,0.916471533371101,0.0312690374178771,1.06936158784905,0.864808807779282,0.67,0.1,1.025,0.35,0.6,0.25,0.4,0.005,0.975,0.8,0.1,0.930598570882266,0.499795794863739,0.372239428352907,0.160552359589361,0.504889913495246,1.00795238787859,-1.04422360885848,3.40826545723063,5.44930141246959
2,0.00562443379435312,0.279581195997004,0.152061204886367,0.00557136957357729,0.00540727824137188,0.00643082755801538,0.114323607334138,0.0598832215768387,0.0542194660429909,0.527658338096811,0.954360794809219,0.11329316222533,2.49428289254412,0.295953364619297,3.33489744112436,1.06440563384111,2.38145931612583,-0.110967508842572,1.71547704224326,5.88115109074168,0.315378681729536,0.196119523776701,0.352182273912366,0.0170996637274808,0.970354017787084,1.91335849645974,0.650137191917346,0.211088500734102,0.58221241067225,0.242588504446771,0.0727064534713543,0.349003005267503,0.839326533992364,-0.0490565829266711,1.06912488812055,1.01065255596332,1.05785601769095,0.698498451417034,0.106214516133736,0.19528703244923,1.04260632623682,1.0330314234382,0.319171924364347,0.714102714751696,-0.0332746391160421,0.000332134116333671,0.916920333039844,0.0312543291654183,1.06925150080918,0.8641530503925,0.67,0.1,1.025,0.35,0.6,0.25,0.4,0.005,0.975,0.8,0.1,0.930763970340123,0.499647500376679,0.372305588136049,0.160991777300482,0.504199076172465,1.00426291145413,-1.04474899365781,3.40939813294445,5.45046755276916
3,0.0056194875059736,0.279902165604074,0.152035341013871,0.00524123184956138,0.00541224097727344,0.00656649160839606,0.113993162165592,0.0597343001771194,0.0540863026422437,0.52989801973017,0.958823310715101,0.113898021675788,2.4994170876885,0.296705002340679,3.33629267232466,1.06558424961555,2.38172636010324,-0.111017937394134,1.71858682995584,5.89044974630563,0.316715031676313,0.195907147195233,0.351861893315881,0.0171299450539796,0.97052283213144,1.91580391458262,0.650250297528065,0.211923479435647,0.582313699278864,0.24263070803286,0.0728025865851195,0.348871392010972,0.838175058463183,-0.0495023799195168,1.06886774452727,1.0106475849435,1.05760678643191,0.698354498976616,0.106174564400481,0.195470936622903,1.04256425061727,1.03302033400391,0.319391718375416,0.713884120496512,-0.0332758388719286,0.000572039017356572,0.917147030078273,0.0312092290074065,1.06905841861143,0.863060840497491,0.67,0.1,1.025,0.35,0.6,0.25,0.4,0.005,0.975,0.8,0.1,0.931117789719914,0.499562031206523,0.372447115887966,0.161337559053851,0.503844242188612,1.00223158787626,-1.04561707430589,3.41048330553247,5.45136923179147
4,0.00556585688673825,0.280196458170541,0.1519672010968,0.00495646011524831,0.00540706820277426,0.00646416551321005,0.113913620370439,0.0596737144053963,0.0540265095210343,0.531078333013075,0.961099016566688,0.114167705693476,2.502312387918,0.297037293948095,3.3373450366466,1.06658747724425,2.38181169343556,-0.111054134033204,1.72078300651318,5.8953995280661,0.317293104545621,0.196020622135247,0.351800387751878,0.017142238937253,0.970846349312528,1.91854704776006,0.650467054039394,0.212397932919551,0.582507809587517,0.242711587328132,0.0729034258793856,0.348843096433375,0.83629017929902,-0.0499923666823997,1.06859722928856,1.01059368617117,1.05739551306435,0.698244221970815,0.106110220094917,0.195645557934267,1.04259718306721,1.03305308666766,0.319591611156093,0.713684580791019,-0.0332761919471128,0.000765946922867248,0.917147243130541,0.0311606253066177,1.06880693336445,0.861533255973557,0.67,0.1,1.025,0.35,0.6,0.25,0.4,0.005,0.975,0.8,0.1,0.931575276345905,0.499600405498172,0.372630110538362,0.161551252291429,0.503835730654399,1.00191705963038,-1.04659225033992,3.41114415055641,5.45163145284697
5,0.00548558855403755,0.280413000397697,0.151881922403806,0.00482924848649113,0.00539344021935984,0.00617043124963512,0.114066904555237,0.0597002031791269,0.0540405821903523,0.531129083938819,0.961065956679085,0.114101282119731,2.5029415206116,0.296981531939732,3.33767185874164,1.06717591229019,2.38156241415653,-0.111066467705074,1.72170261892716,5.89567927454386,0.317155620746295,0.196389288303989,0.351973250576889,0.0171392743919059,0.971270807093585,1.92126490587642,0.650751440752702,0.212536453302833,0.582762484256151,0.242817701773396,0.0729916656058358,0.348887573272463,0.833644468609072,-0.0505007955537454,1.06833766559284,1.01051301649681,1.05722306210018,0.698180230956936,0.106040955662073,0.195778813380991,1.04269093961562,1.03311883549024,0.319736618054731,0.713540010806855,-0.0332766288615866,0.000915634298318425,0.91694731914026,0.0311273275952529,1.06852064036456,0.859571804362198,0.67,0.1,1.025,0.35,0.6,0.25,0.4,0.005,0.975,0.8,0.1,0.932067984595858,0.499709899826687,0.372827193838344,0.161628818647435,0.504129499763219,1.00311818685819,-1.04739217985752,3.41109975413128,5.45092645041949
6,0.00538072351364023,0.280501997650377,0.15179910656714,0.00482818861118917,0.00537638448076128,0.00569547031900708,0.114466462225872,0.0598207880314519,0.0541349674051475,0.529875825440576,0.958505682699905,0.113683716204569,2.50101298754877,0.296527464265251,3.33692961260252,1.06712048229204,2.38085860406824,-0.111049473757764,1.72093495710603,5.89066571264697,0.316283801287831,0.19698964298593,0.352384869520016,0.0171220955603597,0.971755273540052,1.9236567342695,0.651076033271835,0.212329196698988,0.583053164124031,0.242938818385013,0.0730512395476567,0.348979633381244,0.830219714208992,-0.0510323158131533,1.06810972297825,1.01040762713121,1.05710775181236,0.698177210149143,0.105982676756679,0.195840102217162,1.04284537870368,1.03321684515294,0.319791115105228,0.713487822402109,-0.0332789375073368,0.00102296620289917,0.916541258622175,0.0311096990487568,1.06822209922843,0.857178421379343,0.67,0.1,1.025,0.35,0.6,0.25,0.4,0.005,0.975,0.8,0.1,0.93253693160903,0.499843919721607,0.373014713128836,0.16155560591916,0.504721243256767,1.00586979252846,-1.04780778478277,3.41010644498071,5.44893752715028
7,0.00524950186372868,0.28041732441355,0.151726611616967,0.00487968996219568,0.00535982131342805,0.00505634015835699,0.115114366279878,0.0600364443396722,0.0543105317831807,0.527232402469755,0.953453778607814,0.112932284958517,2.49645041090515,0.295684140046758,3.33484686615737,1.06622107813701,2.37962735458243,-0.111001566562073,1.71817205977258,5.88024326928634,0.31470674935682,0.197786287821553,0.35302889774431,0.0170918909136194,0.972267688668553,1.92545894435241,0.651419351407931,0.211777247135643,0.583360613201132,0.243066922167138,0.073067708655737,0.349102178854565,0.826027308603825,-0.0515732626003771,1.06793245155384,1.01027574937305,1.05707026246703,0.698253830462383,0.105943687767978,0.195802470949425,1.04305898867316,1.03334614116315,0.319721150904143,0.713564205520609,-0.0332853564247518,0.0010897054866656,0.91593041517596,0.031100553890014,1.06793196601123,0.854355469005041,0.67,0.1,1.025,0.35,0.6,0.25,0.4,0.005,0.975,0.8,0.1,0.93292628409437,0.49996457394783,0.373170513637748,0.161329960035481,0.505588200655534,1.01013172541955,-1.04774120007199,3.40796892300132,5.44539133222897
8,0.00508190512239191,0.280124011599289,0.151644678977384,0.00480243406488223,0.00534532232339346,0.00429374440675967,0.115976605338919,0.0603311324326387,0.0545525660702295,0.523328777841613,0.9465300131905,0.111921746189572,2.48966572643323,0.294486535676098,3.33131324401284,1.0643501905822,2.37788743503769,-0.110924381607049,1.7133576992563,5.86542391080394,0.312533399154113,0.198709409677761,0.353867666688825,0.017049498895492,0.972792483542666,1.92653885789781,0.651770963973586,0.210965646232631,0.5836754901256,0.243198120885667,0.0730306788452756,0.34924403342728,0.82109889598943,-0.0521232025068677,1.06781945320216,1.010107314648,1.05713466056255,0.698436832537479,0.10591422927401,0.195648927423005,1.04332818403787,1.03350770531635,0.319498681937087,0.713798811717814,-0.033297493654901,0.0011253436691587,0.91514090746174,0.0310739793715719,1.06766760045079,0.851105733152465,0.67,0.1,1.025,0.35,0.6,0.25,0.4,0.005,0.975,0.8,0.1,0.933185269748229,0.500036677845936,0.373274107899292,0.160974583040995,0.506656651258202,1.01564272442004,-1.04730386433798,3.40458481606508,5.44010235374821
9,0.00487867248894053,0.279610396560532,0.151517038402342,0.00448274215164846,0.00532893579547689,0.00348563768842092,0.116971500393575,0.0606712248971936,0.0548316038382976,0.518553101430669,0.938805420200926,0.110779740896433,2.4816588728932,0.293029566572835,3.32643342746641,1.0614957799953,2.37575959651916,-0.110821949048057,1.70675336440613,5.84831409504592,0.309984294416528,0.199641501711303,0.354824379532495,0.0169969359953169,0.973329526585635,1.92689878900149,0.652130782812376,0.210016218052663,0.583997715951381,0.243332381646409,0.0729370187311402,0.349396608712513,0.815536922513533,-0.0526177329270084,1.06777886615724,1.00990306585139,1.0573082727074,0.698749786220159,0.105872498206046,0.195377704860556,1.04363588460106,1.03369432730978,0.31910928120184,0.71420626575123,-0.0333155469530703,0.00113584257445737,0.91423945041133,0.031008719790002,1.06744143354297,0.847432420918557,0.67,0.1,1.025,0.35,0.6,0.25,0.4,0.005,0.975,0.8,0.1,0.933282264514218,0.500031077794745,0.373312905805687,0.160541559737619,0.507798909609538,1.02182335417334,-1.04674916456943,3.40001477405908,5.43304457769583
10,0.00466379146617475,0.278904964637222,0.1513119270723,0.00394251044263805,0.00530340768046855,0.00276711745265912,0.117945078524686,0.0609988631922037,0.055098466191559,0.513635767044364,0.931833123904328,0.109698479084528,2.4741431317968,0.291517766367401,3.32054916451609,1.05780863984857,2.37344159917432,-0.110701074506801,1.69904470890935,5.83223324349601,0.307455497252416,0.200393961234082,0.355759597541245,0.0169403263072879,0.973873418546863,1.9267271022037,0.652495190426398,0.209156488299418,0.584324051128118,0.243468354636716,0.0727936592176671,0.349550981505707,0.809498011184272,-0.0529817672154285,1.06780538221021,1.00968711042351,1.05756067517028,0.699194643195733,0.10579648887107,0.195008857269691,1.04394311527015,1.03388515624122,0.318564366158452,0.714773816474462,-0.033338182632915,0.00113645774354296,0.913356994268674,0.0309007651866073,1.06725834332918,0.843339157419008,0.67,0.1,1.025,0.35,0.6,0.25,0.4,0.005,0.975,0.8,0.1,0.933209653100472,0.499933723616721,0.373283861240189,0.160121819618536,0.508813391239974,1.02761466345574,-1.0463586805958,3.39453630297608,5.42441330439496
11,0.00446482699180521,0.278083460823949,0.150998720712342,0.00318155425573918,0.00526238541445978,0.00230142384092913,0.118693039896995,0.0612371934845438,0.0552877348228967,0.509557680284693,0.927583419894892,0.108927176236181,2.46934588243745,0.290237086174685,3.31427812486913,1.05363382297754,2.37121693643448,-0.110572634542889,1.69131880778377,5.82146356203955,0.305480979334021,0.200747770188359,0.35649009081436,0.0168893514660452,0.974426476031956,1.92642691309712,0.652865738941411,0.208669148624505,0.584655885619174,0.243606619007989,0.0726204656668177,0.349692971399785,0.80319532615284,-0.0531246292148342,1.06787661026178,1.00948715112676,1.05784071552554,0.699749813037294,0.105661326595374,0.194588849751224,1.04420049445784,1.0340544430464,0.3179074849365,0.71545502429161,-0.0333625092281109,0.00114812514553266,0.912665156402958,0.0307437925199809,1.06711218639549,0.838829982210705,0.67,0.1,1.025,0.35,0.6,0.25,0.4,0.005,0.975,0.8,0.1,0.932998804397845,0.499739999760668,0.373199521759138,0.159844211787367,0.509453642105311,1.03165094220459,-1.04648160406241,3.38866390852198,5.41466699826109
12,0.00430486947812848,0.277257400960566,0.150552546499318,0.0022295586822263,0.00519974414246827,0.00221375151687808,0.11903497473865,0.0613181722435306,0.0553414644115561,0.507230084042323,0.927740445762515,0.108675642203543,2.46925390364622,0.289441995109684,3.30841493488795,1.04945534981569,2.36940828477003,-0.110448699697769,1.68478582737185,5.81981626889422,0.304521609584011,0.20054843804749,0.356860497007283,0.0168526719685533,0.975009227541944,1.92656337627721,0.653256182453102,0.20879969507983,0.585005536525166,0.243752306885486,0.072448044533655,0.349809320161271,0.796846022085574,-0.0530013694186455,1.06795118825897,1.00932639382552,1.05808308867388,0.700373317313438,0.105442986427878,0.194183685688081,1.04436626150227,1.03418056393256,0.317207898807419,0.716176275145812,-0.0333841739532313,0.00119698797194635,0.912312683952751,0.0305364046512376,1.06698309181215,0.833909345305181,0.67,0.1,1.025,0.35,0.6,0.25,0.4,0.005,0.975,0.8,0.1,0.932725685437201,0.499461232336927,0.37309027417488,0.159827339299427,0.509528972885724,1.03277696752359,-1.04747317426669,3.38306475446387,5.40444654810723
13,0.00419900509200476,0.276566987388109,0.149948122642399,0.00107528847639093,0.00511050929986356,0.0026076295389057,0.118795937302184,0.061173566574372,0.0552009886920743,0.50761115925466,0.934093486227613,0.109164337449604,2.47588380640009,0.289389925803605,3.30389903172502,1.04587528479735,2.36836600686093,-0.110342259933261,1.68084864754852,5.83127071046067,0.305051127180739,0.19967799051249,0.356719627099104,0.0168391238607902,0.975658840170632,1.92784525860735,0.653691422914324,0.209778792972817,0.585395304102379,0.243914710042658,0.0723157870159811,0.349899206787258,0.790658469015295,-0.0525791860805361,1.0679758482668,1.00922000011746,1.05821906833247,0.701009041132919,0.105114989677957,0.193875958662722,1.04440372135428,1.03424560435314,0.316557883506023,0.716839704881217,-0.0333975883872398,0.00130778176330963,0.912438711005489,0.0302723967182055,1.06683823954132,0.828582102776984,0.67,0.1,1.025,0.35,0.6,0.25,0.4,0.005,0.975,0.8,0.1,0.932500701928003,0.499136510738544,0.373000280771201,0.160197169902985,0.508865943472854,1.02992651533376,-1.04972906596213,3.37850993053293,5.39455893351282
14,0.00415671719722623,0.276169753301468,0.149163100914025,-0.000271786405795504,0.00498962452847973,0.00354615457802288,0.117831556219256,0.0607444830950526,0.0548152355207636,0.511647548517357,0.948401774934254,0.110604758145198,2.49108784836013,0.290310716057294,3.30175061032486,1.04356993230547,2.36844632062624,-0.110265642606851,1.68102654416669,5.85964237996409,0.307505836338417,0.198077973729269,0.355940948689262,0.0168560047427763,0.976428845388607,1.93105608753339,0.654207326410367,0.211774066877904,0.585857307233164,0.244107211347152,0.0722689103854079,0.349972813764576,0.784837215558309,-0.0518222985377456,1.06789213109108,1.00917750078321,1.05818067709823,0.701590499744489,0.104651414517334,0.193758075255348,1.0442850695388,1.03423615363931,0.316065643796679,0.717330471045112,-0.0333961148417913,0.00149493853998953,0.913152141047705,0.0299488706671709,1.06663738917815,0.822853511971325,0.67,0.1,1.025,0.35,0.6,0.25,0.4,0.005,0.975,0.8,0.1,0.932463205600163,0.498827754782928,0.372985282240065,0.161068102333049,0.507334333658867,1.02229532094715,-1.05364693936924,3.37582438970995,5.38594291324466
15,0.00416482692266139,0.276200688818832,0.148184915487282,-0.00175689571861748,0.00483262018280506,0.00494517782750759,0.116158222379631,0.0600295356390317,0.0541815694086265,0.519733860507036,0.971244003574231,0.113045684843124,2.51524435676781,0.292215989822166,3.30282732329294,1.04312141367965,2.36992962855091,-0.110223718937627,1.68639521113334,5.90615886828763,0.311939317503248,0.195888670541334,0.354543982538065,0.0169013617755861,0.977397856249751,1.93685967281061,0.654856563687333,0.21472809379016,0.586438713749851,0.244349464062438,0.0723487335946784,0.350053460543947,0.779528936732471,-0.0507711599594159,1.06764425417422,1.00918565105727,1.05792651040539,0.702057073951506,0.104034268173534,0.19390864743561,1.04402299610777,1.03415969999612,0.315826808864353,0.717545725648858,-0.0333725345132111,0.0017574435015844,0.914421144325874,0.0295705561694335,1.06634124707288,0.816729226315708,0.67,0.1,1.025,0.35,0.6,0.25,0.4,0.005,0.975,0.8,0.1,0.932768271960418,0.498611115152906,0.373107308784167,0.162459563298833,0.505007350104067,1.01021111297463,-1.05949434616841,3.37569368144364,5.37944762894618
16,0.00418437999666086,0.276728956611813,0.147014941996296,-0.00329498915777204,0.00463698309745642,0.00655847490863604,0.113993341165837,0.0591025672895718,0.0533613105425099,0.531407951643635,1.00138208075734,0.116292450387358,2.546645150273,0.294819357803039,3.30754560456667,1.04483224346094,2.37292088512362,-0.11020752401789,1.69712023083277,5.96816990061797,0.317866032065998,0.193460407563172,0.352734173710011,0.0169617478934908,0.978655382714267,1.9456013362247,0.655699106418559,0.218327705920217,0.58719322962856,0.244663845678567,0.0725803718349819,0.350186717172561,0.774751038713407,-0.0495699591113712,1.06719466368572,1.00920530189664,1.05746042126423,0.702373503100865,0.103259399820244,0.194367086683042,1.04367865081031,1.03404895240732,0.315893526010342,0.717426505572528,-0.0333200315828707,0.00207746106018086,0.916044580439683,0.0291487154075805,1.06592062699457,0.81021528974068,0.67,0.1,1.025,0.35,0.6,0.25,0.4,0.005,0.975,0.8,0.1,0.933547611810175,0.498576207141276,0.37341904472407,0.164263475509428,0.502203132881219,0.995335222977603,-1.0672880552254,3.37843166726472,5.37556157933659
17,0.00416429608001401,0.277749669688836,0.1456558819876,-0.00488208096588216,0.00440298839925912,0.00810772272634952,0.111626905965545,0.0580673857417097,0.0524415840025641,0.545708769746657,1.03665187595329,0.120026229830301,2.5825638211292,0.29768853505189,3.3158484397425,1.04869833612983,2.37734582454851,-0.110195720935834,1.71261218234374,6.04099913446566,0.324538350395082,0.191173596723446,0.350785014302022,0.0170193064487258,0.980273345609794,1.95728509526548,0.656783141558562,0.222181027505181,0.588164007365876,0.245068336402448,0.0729685202561954,0.350435740091203,0.77039933711114,-0.0483801037506173,1.06653619678177,1.00918511756041,1.05682909728197,0.702540459007894,0.102329150190407,0.195130380448961,1.04333004628648,1.03394667271948,0.316268477082473,0.716964562131456,-0.0332330392139295,0.00242616797858835,0.917766616735518,0.0286852495492388,1.06536239533822,0.803318130715205,0.67,0.1,1.025,0.35,0.6,0.25,0.4,0.005,0.975,0.8,0.1,0.934868779637333,0.498812183124766,0.373947511854933,0.166319239601398,0.499309341980659,0.979722359396772,-1.07687516930209,3.38392728001135,5.37434680195343
18,0.00407014205031196,0.279214335502924,0.144104697032658,-0.00656247464053994,0.00413117639752003,0.00942629199055678,0.109259317608779,0.0569989660724186,0.0514859125016139,0.561831738294094,1.07538009368555,0.123991888425887,2.6208901402225,0.300477986848964,3.32740668755989,1.05453875651795,2.38302987739185,-0.11016194634992,1.73211671127922,6.12091437057523,0.331368765483012,0.189249866004102,0.348885740876105,0.0170608365580805,0.982282476662315,1.97171070566486,0.658129259363751,0.22602327884167,0.589369485997389,0.245570619165579,0.0735036495369311,0.350857777762973,0.766326495897634,-0.0472830579754716,1.06568843726052,1.00909049276056,1.05608807624887,0.70258316428996,0.10124553403151,0.196171291367758,1.04302931063311,1.03388209369539,0.316925118315676,0.716182330662252,-0.0331074489779276,0.00277519319225128,0.919417184048115,0.028175313365731,1.06466907778111,0.796044555902536,0.67,0.1,1.025,0.35,0.6,0.25,0.4,0.005,0.975,0.8,0.1,0.936727910394586,0.499382557960316,0.374691164157835,0.168509522136263,0.496575720297387,0.964717439970964,-1.08806721603775,3.39181181462009,5.37560184859583
19,0.00390231135479375,0.281067174530464,0.14236723545659,-0.00828206866597114,0.00382093940653161,0.0104821970022193,0.106961822215756,0.0559290987341142,0.0505225438631879,0.579410461267874,1.11680397094641,0.128061336665501,2.66066691659311,0.303025609708867,3.34181489161111,1.06213275893254,2.38976356271151,-0.110081430032934,1.75510095265318,6.2060898888787,0.338086556791961,0.18772872565176,0.347100954465462,0.0170810404505265,0.984666522345789,1.98859949714532,0.659726569971678,0.22975198805153,0.590799913407473,0.246166630586447,0.0741709931989863,0.351481054133877,0.762415481058319,-0.0462651082680198,1.06468391567309,1.00892182291157,1.05526899259707,0.702526215959435,0.100016715202891,0.197457058566982,1.04278857424482,1.03386053494187,0.317831118403764,0.715109494735364,-0.0329406131391284,0.00310229140808345,0.920945246992222,0.0276274544106182,1.06385520643514,0.788401743442864,0.67,0.1,1.025,0.35,0.6,0.25,0.4,0.005,0.975,0.8,0.1,0.939077510539155,0.500310232058547,0.375631004215662,0.170781857971204,0.494075447407225,0.95073190603656,-1.10063032773697,3.40167172188418,5.37905692833075
20,0.00367745144786178,0.283257018648856,0.140466773062334,-0.00992193523604756,0.00347344709131803,0.011291686377874,0.104756650787794,0.0548732275155953,0.0495664423854402,0.598234886324423,1.16036761389275,0.132147815002567,2.70137815920267,0.305269847098381,3.35865515961927,1.07126171340573,2.39732689688352,-0.109933450669979,1.78112656428201,6.29527290209617,0.344562972141761,0.186584853499095,0.345441942235038,0.0170787607107924,0.987380375467621,2.00763657634523,0.661544851563306,0.233326146227525,0.592428225280572,0.246845093866905,0.0749548889472463,0.352303141445499,0.758590357993467,-0.0452901436002618,1.06355515715418,1.0086958387051,1.05438638323274,0.702383422666388,0.098661532835169,0.198955034265382,1.04260401196396,1.03387730593701,0.318955552890729,0.713775836741395,-0.0327313896321241,0.00339372252852718,0.922344978026877,0.0270608886013825,1.06294236452268,0.780397235869359,0.67,0.1,1.025,0.35,0.6,0.25,0.4,0.005,0.975,0.8,0.1,0.941857154105302,0.501582369509926,0.376742861642121,0.173104554733864,0.491813916854232,0.937824238466935,-1.11424835506703,3.41313137457428,5.38444135058578
21,0.00340759175433503,0.285729849785461,0.138439949213218,-0.0113804849276206,0.00309335461246674,0.0118503502627039,0.102692063380796,0.0538580465029803,0.0486424566658888,0.617909641262757,1.20506467704864,0.136123307806643,2.74204145046446,0.307104814525076,3.3774405650645,1.08167329198711,2.4054683880136,-0.109701114936209,1.80957362713988,6.38628545021234,0.35058008394522,0.185828849600054,0.343952858769558,0.0170530765497101,0.990369725613833,2.02844419783475,0.663547716161268,0.23666634407015,0.5942218353683,0.247592431403458,0.0758381557100386,0.353305792077348,0.754774531861452,-0.0443669962519537,1.06233092878709,1.00842462971311,1.05345595246847,0.702163457259609,0.0972074733629707,0.200629059179111,1.04247605367949,1.03392895994565,0.320264197444532,0.712216348940105,-0.0324805463846378,0.00364316147285632,0.92359128392341,0.0264947746187994,1.06195491403101,0.772038932664599,0.67,0.1,1.025,0.35,0.6,0.25,0.4,0.005,0.975,0.8,0.1,0.945004627200268,0.503167444025389,0.378001850880107,0.17542968621388,0.489847278740381,0.926230977508377,-1.12852552526066,3.42579546563362,5.39140888370237
22,0.00308947796534083,0.288417572747258,0.136322480718366,-0.0126483364181313,0.00268798984264373,0.0121197924206462,0.100854002123594,0.0529226719300729,0.0477852318324904,0.63768947970486,1.24912040127148,0.139772598254014,2.78116724629977,0.308376265073735,3.3975880675007,1.09304819834473,2.41390996523537,-0.109370096079397,1.83945410422271,6.47567668409283,0.355779786858527,0.185516308114706,0.342710112693274,0.0170010196101748,0.993582745038909,2.05058122976075,0.665700439176069,0.239658842482371,0.596149647023345,0.248395686259727,0.0767998819415815,0.354469397769005,0.750857190716605,-0.0435493484954472,1.06103890779005,1.00810492535517,1.05250840572596,0.701882415244555,0.0956823520191768,0.20243522256937,1.0424199267887,1.0340225935688,0.321712984808262,0.710477526196689,-0.0321905110049505,0.00385012437410312,0.924624558657806,0.0259369547912859,1.06091671472971,0.763335082464739,0.67,0.1,1.025,0.35,0.6,0.25,0.4,0.005,0.975,0.8,0.1,0.948450088957024,0.505026753869447,0.379380035582809,0.177681873944397,0.488272829251413,0.916423069859463,-1.14305400913929,3.43919424793439,5.39949611767866
23,0.00271818044676002,0.291248595465607,0.134136379815826,-0.0138080643618068,0.00226449614367308,0.0121024319232077,0.0992805452353041,0.0520858985019559,0.0470114920222406,0.657017408816911,1.29140465357453,0.142968118257986,2.8178239560742,0.308999493626875,3.41852372759209,1.10505792621321,2.42239688120137,-0.108931079822492,1.86990233418191,6.56117884481812,0.359958728997366,0.185644923247665,0.341744895383875,0.0169221969349967,0.996967514776966,2.0736253762698,0.667968234900567,0.242261952732826,0.598180508866179,0.249241878694241,0.0778179240958714,0.355776693484716,0.746717842456107,-0.0428664886796643,1.05970779328286,1.00773177134899,1.05157723851883,0.701564845422315,0.0941053685713391,0.204329775867008,1.04244205070797,1.03416195890676,0.323255888877931,0.708609058830412,-0.0318649477083439,0.00401815646302655,0.925422553988351,0.0253821465559528,1.05984894144614,0.754294274919096,0.67,0.1,1.025,0.35,0.6,0.25,0.4,0.005,0.975,0.8,0.1,0.952111895655883,0.507118758595368,0.380844758262353,0.179821801794106,0.487118044203252,0.908555409802315,-1.15754373503052,3.45284815367734,5.40820798889566
24,0.00229908341354856,0.2941625499656,0.131893705986086,-0.0149226304888131,0.00182727596316523,0.0118506001764278,0.0979472188882645,0.0513412723619522,0.046316254982881,0.675717761678746,1.33174299386714,0.145702691313752,2.85194602367861,0.308997550252515,3.43978191300395,1.11742679856223,2.43073589836056,-0.108380783918839,1.9004117250774,6.64233875731164,0.36313868143232,0.186140043182081,0.341026123281531,0.0168192237848923,1.00047332637507,2.09723694964766,0.670317128671298,0.244518554880711,0.600283995825043,0.250118331593768,0.078872878345651,0.357204846795095,0.742260967531246,-0.0423022024618252,1.05836332810188,1.00731057883062,1.05068223281298,0.701234601160491,0.0924884303129948,0.206276958410434,1.04253325348684,1.03434208505246,0.324853966566239,0.70665407279685,-0.0315080393630883,0.00415325211391442,0.926013276360209,0.0248256083320665,1.05876887440727,0.744925432213208,0.67,0.1,1.025,0.35,0.6,0.25,0.4,0.005,0.975,0.8,0.1,0.955909944492148,0.509394211586177,0.382363977796859,0.181852191976591,0.486322441472737,0.902379231381304,-1.17183072036212,3.4663661695214,5.41711884435902
25,0.00185600511183808,0.297121938083564,0.129613986000591,-0.0159296141355078,0.00137874119721726,0.0114529955461375,0.0967809012696176,0.0506642402259446,0.0456795564289171,0.694000898227903,1.37070062515906,0.148068526872683,2.88418754828932,0.308504433231025,3.46103606309741,1.12996720045697,2.4387910019152,-0.107722139274759,1.93089071382266,6.72016528321301,0.365548934011042,0.186873343502397,0.340472068291116,0.0166981131820924,1.00404438397619,2.12117674827915,0.672709737264048,0.246533454340057,0.602426630385714,0.251011095994048,0.0799507283646044,0.35872377682237,0.737432684432547,-0.0418057934983174,1.05702469426814,1.0068652851374,1.04981739848534,0.700900547195592,0.0908465137122191,0.208252928994849,1.04266799089454,1.0345467754723,0.326482353797168,0.704641892615561,-0.0311242464127289,0.00426210216479716,0.92646597050531,0.0242777253539568,1.05768967360867,0.735237800263713,0.67,0.1,1.025,0.35,0.6,0.25,0.4,0.005,0.975,0.8,0.1,0.959779158335173,0.511804104387816,0.383911663334069,0.18380576754974,0.485763735887204,0.897338368321434,-1.18575974875599,3.47951076892887,5.42593665266008
26,0.00141990306059182,0.30010674230411,0.127337766710401,-0.0166549337938792,0.000922797200118231,0.0109777887931108,0.0957255609740867,0.0500381572023013,0.0450886811761323,0.712039667603333,1.40847870473878,0.150133029528093,2.91501970108316,0.307669915460368,3.48201653817025,1.14254282330004,2.44643661891451,-0.106962904044308,1.96128609085371,6.79514083854024,0.367405887910021,0.187745211243079,0.340016325516753,0.0165658469658676,1.0076217203759,2.14524908378278,0.675106552651854,0.248381185201864,0.604573032225541,0.251905430093975,0.0810416112927462,0.360296040938882,0.732194422161921,-0.0413436930896161,1.0557026602501,1.00642700257589,1.04896098529559,0.700552619449684,0.089206806024001,0.210240564443292,1.04282121516163,1.0347580092778,0.328126765273907,0.702591901012816,-0.0307186662867226,0.00435141444397828,0.926837249857312,0.0237640848445176,1.05662055142567,0.725240939593741,0.67,0.1,1.025,0.35,0.6,0.25,0.4,0.005,0.975,0.8,0.1,0.963677151306894,0.514302610447607,0.385470860522757,0.185701603994325,0.485354441731803,0.893001841677033,-1.19904420763064,3.49215255356021,5.43445469871833
27,0.00102088786544906,0.303104442984065,0.125129551246525,-0.0168819571721144,0.000467553342080151,0.0104610051449296,0.0947581288960788,0.049459865464297,0.0445426419169062,0.729807181621129,1.4446063800056,0.151914344485979,2.94446008155897,0.306641319610565,3.50241755876898,1.15502140574907,2.45351168988458,-0.106115536864669,1.99139233199475,6.86661949115755,0.368870598223832,0.188700611246119,0.339622076253605,0.0164304709919566,1.01113940322142,2.16925258939845,0.677463400158349,0.250093253384401,0.60668364193285,0.252784850805354,0.0821368666215687,0.361882663613146,0.726481327437685,-0.0409214648204916,1.05440185313001,1.00602599230478,1.04808609439047,0.700165374833267,0.0876113791513631,0.21222323594263,1.04297441264311,1.03496033184481,0.329778327788848,0.700519469398698,-0.0302977971875467,0.00442960536047254,0.927157311905454,0.0233178426180825,1.05556615575423,0.714944715897838,0.67,0.1,1.025,0.35,0.6,0.25,0.4,0.005,0.975,0.8,0.1,0.967576267706291,0.516853127304849,0.387030507082516,0.187538093237526,0.485059799385938,0.889160936633393,-1.21120724148557,3.50418883605725,5.44248324467783
28,0.000678187088609684,0.306105602266432,0.123059971792732,-0.0165140122270021,2.59102493049834e-05,0.00992756993335697,0.0938616984388287,0.0489264037049601,0.0440399589275784,0.747261043955831,1.47868990588856,0.153463299276473,2.97247123800691,0.305591099325391,3.52191164365028,1.16727485462735,2.4598357451386,-0.105198956115669,2.02100228296999,6.93396211436968,0.370157148103146,0.189694706801896,0.339253829708139,0.0163017056169519,1.0145304089128,2.1929925851974,0.679735373971573,0.251694889067272,0.608718245347677,0.253632602228199,0.0832283224150878,0.363446769599043,0.720200813105211,-0.0405524476548912,1.05312485107718,1.00568157802405,1.04717524322792,0.69970898269486,0.0861061676736448,0.214184839565582,1.04311459583695,1.03514304231075,0.331432180228589,0.69843766511604,-0.0298698453446284,0.00450512314522957,0.927447749598574,0.0229595193100606,1.05452679323964,0.704359290305716,0.67,0.1,1.025,0.35,0.6,0.25,0.4,0.005,0.975,0.8,0.1,0.971454405735423,0.519425616345903,0.388581762294169,0.189320998220914,0.484849899170275,0.885658887840251,-1.22173543380062,3.51551260020242,5.449848163833
29,0.000404138558105468,0.309111072472693,0.121187046246382,-0.0156017165939096,-0.000388005641453693,0.00942659443323079,0.0929826334280217,0.0484173551321719,0.0435633999953962,0.764714825505389,1.51141963728117,0.154957235185315,2.99962417223315,0.304758227580463,3.54025619585462,1.1792326369684,2.46526344888825,-0.104239890002037,2.05027682028684,6.99821776936978,0.371666635065817,0.190640137985991,0.338835195056703,0.016191062302077,1.01773275478776,2.21634347498801,0.681880945707801,0.253262874658085,0.610639652872657,0.25443318869694,0.0843107801729365,0.364956261618305,0.713273067993944,-0.040213939450642,1.05187395572913,1.0054061592509,1.04621793496158,0.699154936194412,0.0847285215860514,0.21611653215769,1.04322463310957,1.03529544766041,0.333092457644549,0.696351708041053,-0.0294441656856027,0.00458423553860747,0.927755433190516,0.0226920475545817,1.05349967311324,0.693495109354437,0.67,0.1,1.025,0.35,0.6,0.25,0.4,0.005,0.975,0.8,0.1,0.975293043655479,0.521996259662855,0.390117217462192,0.191093412218141,0.484635346924711,0.882117328473926,-1.23028099689158,3.52606170859208,5.45646658862714
30,0.000203717913921297,0.312136654710026,0.119544628266017,-0.0143050075224592,-0.000762590750723602,0.00901795490271962,0.0920448681301022,0.0479008186075355,0.0430852055869783,0.782793502147843,1.54439602080319,0.156652503117015,3.02695480845586,0.304389964544,3.55736795242224,1.19091527369615,2.46972331965557,-0.103270640929479,2.07975511882444,7.06185638295965,0.373880546973676,0.191430785638881,0.338268701657647,0.0161087202421405,1.02070250904607,2.239287100439,0.683870681060864,0.254906152904255,0.61242150542764,0.255175627261516,0.0853844426584423,0.36638421344825,0.705659346555604,-0.0398596023416104,1.05064835924934,1.00520473650349,1.04520832532477,0.698479474325336,0.0834994691097219,0.218021046505146,1.04328649881882,1.03540839321709,0.334774274020614,0.694255796050653,-0.0290300700712674,0.0046721236832367,0.928140877934833,0.0225038276410973,1.05247961010322,0.682362894678955,0.67,0.1,1.025,0.35,0.6,0.25,0.4,0.005,0.975,0.8,0.1,0.979084863905869,0.524545426051556,0.391633945562348,0.192920031874369,0.484292973654497,0.87803810094253,-1.2367820062877,3.5358566864704,5.46238674103441
31,7.69425504392792e-05,0.315209134788594,0.118146202636969,-0.0127762488542603,-0.00109107434679656,0.00874156699173656,0.0909898250831789,0.0473510602339806,0.0425827174302876,0.802109736722204,1.57913665171043,0.158764063901638,3.05536487846222,0.304662706882285,3.57329316832122,1.20241318866237,2.47320398505846,-0.102324005399603,2.11006281281847,7.12720874803213,0.377163408231023,0.191994246239605,0.337480890754225,0.0160606428467022,1.02341859881309,2.26188465698879,0.685690461204768,0.256707208719328,0.614051159287852,0.255854649703271,0.0864543588057082,0.367712803251572,0.697357352044576,-0.0394511385354174,1.04944334972911,1.00507732726319,1.04414189959565,0.697663701264622,0.0824263170221119,0.219909971654243,1.04328806587138,1.03547642524839,0.336500010500827,0.692135760643184,-0.0286357711440114,0.00477209908537138,0.92864844232099,0.0223815937332868,1.05146004699508,0.670973632431143,0.67,0.1,1.025,0.35,0.6,0.25,0.4,0.005,0.975,0.8,0.1,0.982838092281207,0.527063114484867,0.393135236912483,0.194848483190069,0.483730040910097,0.873058392010851,-1.24139970213825,3.54498016820338,5.46775200604766
32,7.13877606670424e-06,0.318343804832299,0.116989261393548,-0.0111497902790605,-0.00137075947260623,0.00856033965987391,0.089848741491025,0.046777683572852,0.0420633458769332,0.82255442673608,1.61536325306189,0.161278350263824,3.08448054208023,0.305549627284801,3.58805477350124,1.21378408301533,2.47569716075877,-0.101426470272862,2.14119735757814,7.19363228630524,0.381446419980357,0.192383887851327,0.336501454853758,0.0160449127045948,1.02589076739213,2.28416989603305,0.687346814152728,0.258616006466477,0.615534460435279,0.256472691848033,0.0875250400246059,0.368936689703326,0.688350417032911,-0.0390138102977289,1.04825204004353,1.00500717446995,1.04302940981132,0.696702398535021,0.0815066990157595,0.221790892390269,1.04324215881578,1.03550859399259,0.338284714040533,0.689983101440171,-0.0282678154807043,0.00488562396567055,0.929247917395313,0.0223119351457242,1.05043401866353,0.6593385624378,0.67,0.1,1.025,0.35,0.6,0.25,0.4,0.005,0.975,0.8,0.1,0.986571620247088,0.529547035404358,0.394628648098835,0.196853913829739,0.482991669845447,0.86741112666071,-1.24439428289509,3.55345003255981,5.47265070235405
33,-2.26339608311987e-05,0.321545560789364,0.116058271868854,-0.00954730380550151,-0.00160214772129041,0.00843927988788895,0.0886545804001513,0.0461910736114127,0.0415351683779777,0.843961046301623,1.65273729670765,0.164159797912701,3.11389318074147,0.30698909450179,3.60164730621487,1.22505470786819,2.47719026279034,-0.100597664443662,2.17306951902859,7.26040294582284,0.386609102130327,0.192652566380787,0.335365806942236,0.0160578741594979,1.02813592628792,2.30616282021615,0.688851070612904,0.260591240799545,0.61688155577275,0.257033981571979,0.0885988015220145,0.370067469254039,0.678602930225972,-0.038579178915805,1.04707092204449,1.00497725286936,1.04188519596333,0.695601922601467,0.0807303570458052,0.223667710293549,1.04316239029741,1.03551458799079,0.340137332646264,0.68779368221724,-0.0279310148635042,0.0050136353496753,0.929907831747506,0.0222809202582041,1.04939441416965,0.647469167108288,0.67,0.1,1.025,0.35,0.6,0.25,0.4,0.005,0.975,0.8,0.1,0.990294949209864,0.53201041749573,0.396117979683946,0.198907508242369,0.482123174254621,0.861333833694384,-1.24609463063051,3.56121825185006,5.47711918837276
34,-3.05228884067456e-05,0.324821061406942,0.115314351296412,-0.00818677094639142,-0.0017883456262292,0.00838017569419502,0.0873948548309846,0.0455817032078786,0.0409887230177644,0.866608247563714,1.6922619995041,0.167493729763256,3.14395779018865,0.308958591854695,3.61415524707288,1.23628479984373,2.4777223280485,-0.0998518808193411,2.20600749454845,7.32890723444917,0.392696571815845,0.192793704734361,0.334064074419537,0.0160961310172353,1.03017979820023,2.32794804231655,0.690220464794157,0.262664567885071,0.618107878920141,0.257544949550059,0.0896792575933568,0.371121507082547,0.668099325836188,-0.0381409426840862,1.04589852765764,1.00496932449715,1.04072681838421,0.694379140402606,0.0800718801293074,0.2255489694086,1.04305434835576,1.03550130594368,0.342067430790463,0.685560569113435,-0.0276279999038981,0.00515731327805843,0.930630696153481,0.0222615118855465,1.04833389706395,0.63537716010279,0.67,0.1,1.025,0.35,0.6,0.25,0.4,0.005,0.975,0.8,0.1,0.994010943926055,0.534465230144108,0.397604377570422,0.201021020004049,0.481097508525162,0.854775374234138,-1.24702805352005,3.56825570337826,5.48122566503107
35,-4.67875457579748e-05,0.328159937842444,0.114703107375801,-0.00722753683207467,-0.00193712974071758,0.00832208369890397,0.0861336185366536,0.0449711116443213,0.0404411893311908,0.890014263366408,1.73309814449047,0.171130737526765,3.17385959583928,0.311240999560681,3.62562415403052,1.24747629950427,2.47734062882518,-0.0991927742989306,2.23963003307304,7.39760022968906,0.399328273089789,0.192907438925348,0.332678305846149,0.0161493103012738,1.03207738482602,2.34957249480572,0.691491847833433,0.264745360726563,0.619246430895611,0.258019346206505,0.0907679687229859,0.372115402521406,0.656805228329184,-0.0377395546155669,1.04473215484814,1.00495297851651,1.03958312197885,0.693066464797338,0.0794968771302318,0.227436648012474,1.04294444598789,1.03548757721393,0.344072150478654,0.683286662813739,-0.0273588132923925,0.00531717743574725,0.931356631114906,0.0222294315380208,1.04724528055283,0.623074474772333,0.67,0.1,1.025,0.35,0.6,0.25,0.4,0.005,0.975,0.8,0.1,0.997728043349543,0.536911568258056,0.399091217339817,0.203143958407549,0.480009238281971,0.848180979675571,-1.24775686642927,3.57446327972252,5.4849396981785
36,-7.59056892020507e-05,0.331563016192902,0.114167814536253,-0.00671653630539903,-0.00205937852483984,0.00828944755768957,0.0848389034276728,0.0443439920526001,0.039878785574403,0.914622245195616,1.77658345024475,0.175150680603201,3.20428246716153,0.31378750518672,3.63619219356015,1.25868173828226,2.47612869474872,-0.0986182394708291,2.27439289288329,7.46856974561034,0.40653194665195,0.192956998989975,0.331186197457188,0.0162120003328582,1.03386494361599,2.3711521334137,0.692689512222715,0.26689763705809,0.620318966169595,0.258466235903998,0.0918680895845564,0.373078448220858,0.644721093976855,-0.0373453304116004,1.04357379533714,1.00492371478235,1.03846071098358,0.691691681937283,0.0789689276596972,0.229339380342299,1.04282929915326,1.03547352938448,0.346153798061556,0.680967496474287,-0.0271212945358435,0.0054912042854835,0.932107083054674,0.0221702138901285,1.04612257158345,0.610573252382017,0.67,0.1,1.025,0.35,0.6,0.25,0.4,0.005,0.975,0.8,0.1,1.001442594022,0.539371020301912,0.400577037608801,0.205295941243131,0.478806101194689,0.84136007824726,-1.2488233333471,3.57981563087994,5.48829309821811
37,-0.000110344105369838,0.335056870872439,0.113652970717792,-0.00666620301891885,-0.00216643709274944,0.00834826235471353,0.0834242621556695,0.0436631228178977,0.0392691025274558,0.941608812518169,1.82569724491692,0.179805812251958,3.23687918771851,0.316659962813706,3.6461783192137,1.27006250634748,2.47423910867962,-0.0981232958133943,2.31151866853513,7.54651481344531,0.414624407628901,0.192836739375324,0.329504403159678,0.0162819283766315,1.03557146527011,2.39291320527705,0.693832881730977,0.269259051591854,0.621342879162069,0.258892866317529,0.0929893897058376,0.374027750701556,0.631922234774582,-0.0368797057907066,1.04242251293345,1.0048891041741,1.03735079682269,0.690269342573861,0.0784511613789465,0.231279485985362,1.04268943701444,1.0354493021092,0.348327041399828,0.678584230409338,-0.0269112718091663,0.00567618223980475,0.93294781423762,0.0220724970773257,1.04496142536625,0.597885830129052,0.67,0.1,1.025,0.35,0.6,0.25,0.4,0.005,0.975,0.8,0.1,1.00516253429977,0.541857688923123,0.402065013719907,0.207542222325864,0.477356276509441,0.833782289655942,-1.25075644628668,3.58445458326996,5.49146198996596
38,-0.000146620562318456,0.338688721704551,0.113103414809197,-0.00709381774585305,-0.00226940585644153,0.00854550051789404,0.0818173768305558,0.0428961442949388,0.0385837603795028,0.972265782833133,1.88356295006341,0.185352080746805,3.27318888597536,0.319897640086588,3.65604767561046,1.28186684264404,2.47188034694421,-0.0976995139777883,2.35245630846011,7.63622983142799,0.423906098174957,0.192471804258406,0.327564816735594,0.0163558913193512,1.03723253083338,2.4151652348954,0.694945795658365,0.271943646531638,0.622339518500029,0.259308132708345,0.0941481212754704,0.374978627367782,0.618542922215033,-0.0362817474652928,1.04127100773461,1.00485264633487,1.0362424894163,0.688803834090785,0.077906065769343,0.233290090076566,1.0425097678395,1.0354075092061,0.350615461389084,0.676107251946714,-0.0267227133357986,0.00586998674533873,0.933931301636064,0.0219243606830117,1.04375866560149,0.585024728967429,0.67,0.1,1.025,0.35,0.6,0.25,0.4,0.005,0.975,0.8,0.1,1.00891685159634,0.544391028053365,0.403566740638537,0.209943746457127,0.475556029922476,0.825032062850322,-1.25406812695494,3.58865648622161,5.4947333691857
39,-0.000188550142213948,0.342516412454321,0.112463847766496,-0.00802057297208547,-0.00237931703816063,0.00889529358581886,0.0799795316939084,0.0420236070319634,0.0378053208067005,1.00777319029876,1.95295047358013,0.191990101204516,3.31428388745746,0.323472096266979,3.66633928163968,1.29438664371919,2.46928640550155,-0.0973337675810541,2.39863724659224,7.74175277287645,0.434556996561238,0.191841883672285,0.325336376298065,0.0164285666707961,1.03889205241173,2.43825985801252,0.696057675115856,0.275017439634593,0.623335231447035,0.259723013102931,0.0953644710979898,0.375953305155108,0.604744192180127,-0.0355268971549028,1.04010747654643,1.00481050710707,1.03512798601298,0.687294540875809,0.0772957886158065,0.23540966044318,1.04228492107704,1.03534638536717,0.353046061558536,0.673501881799507,-0.0265479433580436,0.00607167018795821,0.93508120295363,0.0217135287699702,1.04251180526729,0.572002641251256,0.67,0.1,1.025,0.35,0.6,0.25,0.4,0.005,0.975,0.8,0.1,1.0127501874653,0.547004643272789,0.405100074986122,0.212541549352103,0.473358010211304,0.814927829686875,-1.25923765478149,3.59276301300891,5.49844318743073
40,-0.000244639045663395,0.346599514246842,0.111681046409855,-0.00945024999256139,-0.00250723044670087,0.00938377496879461,0.0779045976581017,0.0410393029701608,0.0369277444424282,1.04915252615367,2.03618773114337,0.199852588104155,3.36072969077096,0.327284698689985,3.67759487948413,1.30791653988118,2.46668582191437,-0.0970074823114225,2.45138329972518,7.86620680977777,0.44662256857296,0.19097402964377,0.322823644568518,0.0164927640902431,1.04059834360357,2.4625488206777,0.697200890214393,0.278498225867028,0.624359006162143,0.260149585900893,0.0966597959534367,0.376980811594944,0.590687052644281,-0.034620194774859,1.03891869047996,1.00475413775911,1.03400289825832,0.685739093634516,0.0765840595412531,0.237676836756564,1.04201792106107,1.03526869344229,0.355644540180239,0.670733428434837,-0.026377968615076,0.00628028830797878,0.936394571850436,0.0214299580767804,1.04121907066246,0.558832418208932,0.67,0.1,1.025,0.35,0.6,0.25,0.4,0.005,0.975,0.8,0.1,1.01671451531096,0.549743794825655,0.406685806124383,0.215355051547758,0.470767450135453,0.803502908612721,-1.2666798142134,3.5971200195698,5.50291966911688
41,-0.000334126862580383,0.350970451263798,0.11071648677797,-0.0112775195271257,-0.00266379071802891,0.0099135314544303,0.0756960347658845,0.0399843850702459,0.0359862063438246,1.0959890867135,2.13191479611561,0.208662769166843,3.41102972357761,0.33100779201685,3.69013467960619,1.32261570336579,2.46421241571883,-0.0966934394784267,2.51059814978213,8.00698941128957,0.459513260759662,0.19004232477387,0.320154548048392,0.0165361390543953,1.04240783222235,2.48822613689579,0.698413247588976,0.282221450864307,0.625444699333411,0.260601958055588,0.0980489650710282,0.378091175418106,0.576463843376993,-0.0336421815388038,1.03769276848107,1.00466420250311,1.0328752292514,0.684141018093842,0.0757456899840575,0.240113281851069,1.04173827004808,1.03519133189457,0.358419358155063,0.667783869605127,-0.02620322776019,0.00649359296460296,0.937784174740458,0.0210767241002741,1.03987996289425,0.545527057260541,0.67,0.1,1.025,0.35,0.6,0.25,0.4,0.005,0.975,0.8,0.1,1.02086153163992,0.552650938064708,0.408344612655969,0.218311286858377,0.467965725751116,0.791469440210913,-1.27655368244422,3.60190713690086,5.50829880450407
42,-0.000486778322970434,0.355604781284369,0.10955616839348,-0.0133068508884768,-0.00285670264440596,0.0103099075391757,0.0735713692539634,0.0389514374175418,0.0350608955623793,1.14565109086606,2.23324851820374,0.217566047441611,3.46116086566255,0.334070106073613,3.70383458667032,1.33837146273098,2.46181826145267,-0.0963551375133328,2.57385360906212,8.15340250812785,0.471823573079661,0.189361934180397,0.317586747821224,0.0165425570777701,1.04437256006053,2.51517087002628,0.699729615240552,0.28582345988717,0.626623536036315,0.261093140015131,0.099530878715326,0.379317730228217,0.562040180607728,-0.0327399192275241,1.03642758086021,1.00451078778541,1.03177346969579,0.682518866027308,0.0747741518182178,0.242706972078538,1.0415028941975,1.03514645300494,0.36134752549562,0.664667442304268,-0.0260149677998876,0.00670464030635809,0.939078839767008,0.0206700095751436,1.03849707885225,0.532099689190962,0.67,0.1,1.025,0.35,0.6,0.25,0.4,0.005,0.975,0.8,0.1,1.02521651791609,0.555761531451997,0.410086607166434,0.221233630546374,0.465315705732472,0.780208053187368,-1.28861558667466,3.60696001823658,5.51435111760159
43,-0.000709487747961434,0.3604490195676,0.10820875703529,-0.0153495959857891,-0.00308876632130395,0.0104916910216142,0.0716545049400755,0.0379973122508972,0.0342018809720057,1.19596689431284,2.33455160406129,0.225893784282205,3.50836306483582,0.336128270650133,3.71830901664719,1.35492575506997,2.45934018706501,-0.0959569254877968,2.6388891212422,8.2970605826083,0.482569928780922,0.189088293430878,0.31526600205576,0.0165047993363806,1.0464955346385,2.54307025097247,0.701152008207793,0.289079248067768,0.627897320783098,0.261623883659624,0.101091821571487,0.380691732798216,0.547341444891614,-0.031964553814806,1.03513855986226,1.0042869648133,1.03071989991894,0.680893810556521,0.0736786729133457,0.245427506447042,1.04133942973421,1.03514845437758,0.364392993969599,0.661413609260898,-0.025806603230497,0.00689786190289241,0.940188924254235,0.0202295907561051,1.03707918757964,0.518563565191374,0.67,0.1,1.025,0.35,0.6,0.25,0.4,0.005,0.975,0.8,0.1,1.02975235982056,0.559105879501331,0.411900943928225,0.224010540415027,0.46301787028741,0.770444585320671,-1.30237043765233,3.61192912747275,5.52067604273333
44,-0.000987962606776128,0.365444780302156,0.106705865154569,-0.0172004258548922,-0.00335824859294198,0.0104550327805821,0.0699832873240786,0.0371442900662599,0.033429808415945,1.24556762182783,2.43213674294782,0.233254713047447,3.55132147741713,0.337091285318478,3.73308414313315,1.37198096787401,2.45657440589074,-0.0954712306316,2.70407614098362,8.43282345601249,0.491298792300585,0.189240137345884,0.313231240795342,0.0164240245662604,1.04873824666317,2.57151730289091,0.702654625264325,0.291888770989597,0.629242947997903,0.262184561665793,0.102712586064101,0.382214214225777,0.532323892244338,-0.0312859223361888,1.03384872347234,1.00400709758019,1.02972252483481,0.679278301436691,0.0724829788355297,0.248238709634717,1.04124823001014,1.0351945136966,0.367519433069711,0.658054925011593,-0.025574358081304,0.00705543363648392,0.941097096865011,0.0197805147048225,1.0356415729852,0.504932043781929,0.67,0.1,1.025,0.35,0.6,0.25,0.4,0.005,0.975,0.8,0.1,1.03441347055867,0.562676907855564,0.413765388223467,0.226591467819335,0.461123577969221,0.762331296453927,-1.31715379479964,3.61644763375339,5.5268615031591
45,-0.0012979358379938,0.37053906616833,0.105099929943234,-0.0186538731172495,-0.00365882696908626,0.0102301298015166,0.0685531788637362,0.0363966796601191,0.0327498476663623,1.29359306597785,2.52351469398222,0.239460702396485,3.58954217593409,0.337044027858838,3.74767294662836,1.38924513841089,2.45330981883652,-0.0948820106190466,2.76823719229955,8.557498683427,0.497929846288983,0.189771459207868,0.311464538380542,0.0163071266527064,1.05103497935907,2.60007488723606,0.704193436170579,0.294230733450322,0.630620987615443,0.262758744839768,0.104372471297054,0.383860892464207,0.516977071776852,-0.0306654980341193,1.03257890867947,1.00369557448282,1.02877698669892,0.677672515111667,0.0712233338626929,0.251104140919461,1.04121621691022,1.03527310040794,0.370695404376778,0.654622175882662,-0.0253175802594401,0.00716787486198424,0.941820341654236,0.0193506953614541,1.03420223907257,0.491218577628506,0.67,0.1,1.025,0.35,0.6,0.25,0.4,0.005,0.975,0.8,0.1,1.03913530572291,0.566440107728073,0.415654122289166,0.228957643068827,0.459609223386047,0.755748027543421,-1.33217592428296,3.62019967481234,5.53254571320061
46,-0.00159768848170898,0.375705171014015,0.103463324985875,-0.0194899315496243,-0.00398001401135317,0.00990662884448335,0.0672813779553982,0.0357250191991459,0.0321380437704626,1.34072091444017,2.609810717942,0.24477824110683,3.6242387716926,0.336343871504863,3.76169581101561,1.40651786651528,2.44936664706498,-0.0941887025646524,2.83170512535541,8.6731508798982,0.503102128276439,0.190521022661018,0.309848481668008,0.0161687182293986,1.05328976535198,2.62838957196343,0.705704142785824,0.296238248504647,0.631973859211185,0.263322441337994,0.106054678261063,0.38559040431644,0.50133237984099,-0.0300452593630148,1.03134420401705,1.00339432307588,1.02785533094854,0.676055495083905,0.069946949396354,0.253997545397389,1.04120603161832,1.03535691857708,0.373905264324177,0.651133629645872,-0.0250388939700491,0.00723611231392475,0.942437359656433,0.0189715955481829,1.03277758959861,0.477436700266549,0.67,0.1,1.025,0.35,0.6,0.25,0.4,0.005,0.975,0.8,0.1,1.04385534607368,0.570353184199152,0.417542138429472,0.231156874873537,0.458318117256858,0.750090015094203,-1.34657341567439,3.62302601617192,5.5375254288963
47,-0.00184456219480015,0.380945644401001,0.101881466401465,-0.0195305553060128,-0.00430733500282499,0.00958095111911428,0.0660660012553977,0.0350901958924167,0.0315618394228553,1.38841968174958,2.69389529873125,0.249705461773352,3.65720267367209,0.335463837564782,3.77490890608745,1.42370657128026,2.4446085043873,-0.0934061695801079,2.8956831302434,8.78417337021712,0.507789913465785,0.191306205260382,0.308238364275969,0.0160267837077587,1.05539920832355,2.65621832346822,0.707117469576778,0.298086897152959,0.633239524994129,0.263849802080887,0.107749328046815,0.387345998727295,0.485451057625099,-0.0293770297120354,1.0301505906097,1.00314621499423,1.02691968051301,0.674387447175787,0.0687075820410104,0.256904960642146,1.04117550793227,1.03541566589754,0.37714991452944,0.647594038742172,-0.0247439532716116,0.0072681855576276,0.943039412889747,0.0186719688063945,1.03137978711835,0.463600012745109,0.67,0.1,1.025,0.35,0.6,0.25,0.4,0.005,0.975,0.8,0.1,1.04853296504563,0.574367153999426,0.41941318601825,0.233260773144259,0.457064207773759,0.744657498174436,-1.35947397369268,3.62493180237099,5.5417636456752
48,-0.0020186936716598,0.386285099372218,0.100422738716508,-0.0188753955424423,-0.00462370671970702,0.00932780309672276,0.0648145659066254,0.0344528819990039,0.030987395053258,1.43855776340026,2.77997707468427,0.254858057102887,3.69019160779338,0.334836472483615,3.78724042664128,1.44082994375088,2.43897188054982,-0.0925613976594165,2.96190804113334,8.89634342222419,0.513030614274912,0.191974784031316,0.306504670421953,0.0158974823478261,1.05728159773695,2.68345576956349,0.708378670483759,0.299941207560668,0.634368958642172,0.264320399434238,0.109454450049116,0.389076859258536,0.469415698435616,-0.0286319538006378,1.02899653833123,1.00297121285998,1.02594822776323,0.672627105485825,0.0675470560678448,0.25982582828476,1.04109464200111,1.03542984418715,0.380443220245361,0.643997107600382,-0.0244403278457427,0.00727500774159054,0.943701642599967,0.0184532403035213,1.03001600237266,0.449722170204247,0.67,0.1,1.025,0.35,0.6,0.25,0.4,0.005,0.975,0.8,0.1,1.05315213244657,0.578443622157501,0.421260852978627,0.235354185263953,0.455682900558357,0.738859509459232,-1.37032467508942,3.6260386485439,5.54536842338777
49,-0.00211842297817416,0.391763677515789,0.0991230671083757,-0.0177938416625498,-0.00491545225669843,0.00919756546811623,0.0634525854527518,0.0337784384993751,0.0303841481338614,1.49320747917669,2.87297395015219,0.260848884574389,3.72474721741415,0.334773981538808,3.79879258088538,1.45800720218586,2.43247224555593,-0.0916868668564124,3.03245631274022,9.01603568779473,0.519727476016377,0.192417193690407,0.304547608202707,0.0157914767595925,1.05888884432065,2.71013525522328,0.709455525694833,0.301938957838862,0.635333306592388,0.264722211080162,0.111175562312731,0.39075019216459,0.453324019069712,-0.0277956546260612,1.02787563906656,1.00287098490693,1.02493307168713,0.670741753805932,0.0664859798748955,0.26277225613603,1.04094559358841,1.03538982953949,0.383808057729359,0.640327734079224,-0.0241357918085832,0.00726705137497849,0.944478527533105,0.0182976414312605,1.02868898730449,0.435816868399057,0.67,0.1,1.025,0.35,0.6,0.25,0.4,0.005,0.975,0.8,0.1,1.05771784993141,0.582564287890817,0.423087139972564,0.237515891159411,0.454045996800764,0.732258407032125,-1.37904061922433,3.62654066450099,5.54855837379991
50,-0.00214703868319063,0.397432512789759,0.0979926435720968,-0.0165206081325768,-0.00517538657832484,0.00921976331341434,0.0619275799930059,0.033040966557104,0.0297289611201396,1.55446586422897,2.97763133900865,0.268198885048949,3.76210010394057,0.335466803706739,3.80979164885489,1.47542884996327,2.42517673892785,-0.0908139400362219,3.10953684594363,9.14922486550129,0.528565450862459,0.192566092728495,0.302299236247332,0.0157137021429935,1.06020028504273,2.7363924257432,0.710334190978631,0.304183583551077,0.636120171025639,0.265050071260683,0.112923960977103,0.392351638355521,0.437279052086054,-0.0268651438355675,1.02677859345616,1.00284222612339,1.02386852758015,0.668706143894391,0.0655282828131147,0.265765563087441,1.04071742937009,1.0352902094186,0.387272844803178,0.636564138530254,-0.023836983333432,0.00725274294771948,0.945405781990471,0.0181870400730786,1.02739817731559,0.421897830183615,0.67,0.1,1.025,0.35,0.6,0.25,0.4,0.005,0.975,0.8,0.1,1.06225162945536,0.586732516125178,0.424900651782146,0.239800304058152,0.45206588724729,0.724571274364609,-1.38587394843264,3.62667034103227,5.55161787262043
51,-0.00210130393335066,0.40335539508916,0.0970317163774952,-0.0151546194721506,-0.00540147128558066,0.00942089435174776,0.0601916888325186,0.0322170374456169,0.0290010612674021,1.62484935264857,3.09916291223137,0.277435981877688,3.80353733050811,0.337070040807147,3.82054650745316,1.49334229066547,2.4171739822104,-0.0899697654227103,3.19583913578561,9.30244392665208,0.540202710162162,0.192362957067783,0.299697192839472,0.0156664529000374,1.06120504040154,2.76243517041734,0.711007377069032,0.306774401013585,0.636723024240924,0.265301260100385,0.114715464596219,0.393879885931766,0.421388312794897,-0.0258349060924628,1.02569487875914,1.00288818954698,1.02274100886806,0.666494654699131,0.0646711203018829,0.268834214772444,1.04039684684521,1.03512248489368,0.390871381291216,0.632677544301162,-0.0235489255923784,0.00723768257274001,0.946517132843879,0.0181134874900141,1.02614094930525,0.407978791968173,0.67,0.1,1.025,0.35,0.6,0.25,0.4,0.005,0.975,0.8,0.1,1.06678631562318,0.590972310362446,0.426714526249274,0.242248051787364,0.449661810078224,0.715544921358354,-1.39118922020732,3.62669672617488,5.55488181416759
52,-0.00197248156648438,0.409608551043982,0.0962422871396602,-0.0136839335017997,-0.00559365672450096,0.00982247015187809,0.0582041423423478,0.0312865004485044,0.028182668121798,1.70737087328118,3.24334052864063,0.289139923314051,3.85034125093822,0.339737997686205,3.83140997145427,1.51203548250164,2.40855129578675,-0.0891768068341192,3.29459612581704,9.48278712939403,0.55535242731582,0.191759141867618,0.296683223776918,0.0156513131496838,1.06189273039124,2.78850981279919,0.711468129362128,0.309798058883726,0.637135638234742,0.265473182597809,0.116569371833393,0.395338959613642,0.405764520420338,-0.0246965292488746,1.02461321289592,1.00301765602568,1.02153058497076,0.664076390831682,0.0639122306890921,0.272011368232472,1.03996874534341,1.0348753852962,0.394642049210861,0.628633143863889,-0.0232751930747496,0.00722433936435659,0.947842389299175,0.0180785677210239,1.02491388356642,0.394073490162984,0.67,0.1,1.025,0.35,0.6,0.25,0.4,0.005,0.975,0.8,0.1,1.07136488992041,0.595321509801793,0.428545955968164,0.24488760572012,0.446760685777965,0.704967381009358,-1.39530111643152,3.62691902473797,5.5587216531678
53,-0.00175418171895679,0.416270700988169,0.0956343876388555,-0.0120315589651654,-0.005751542572068,0.0104195854189832,0.0559585262841178,0.0302440496221596,0.0272688645197035,1.80484765580653,3.41483718278285,0.30381239492926,3.90311892330527,0.343580943427271,3.84270402008985,1.53179023879897,2.39936673505865,-0.0884529537677772,3.40888868990952,9.69558232947222,0.574609328519955,0.190756387354008,0.293233673088576,0.0156689439312012,1.06225358621411,2.8148317242582,0.711709902763452,0.313270564717438,0.637352151728464,0.265563396553527,0.118505592049994,0.396735718000324,0.39052014410318,-0.0234491643704772,1.02352306777759,1.00323704737245,1.0202205654768,0.661417173112386,0.0632542263244261,0.275328590298427,1.03942544604819,1.03454115186759,0.398623008899644,0.624395405556775,-0.0230184144564194,0.00720978493983397,0.94938570334723,0.0180905126752688,1.02371476063933,0.380195647622121,0.67,0.1,1.025,0.35,0.6,0.25,0.4,0.005,0.975,0.8,0.1,1.076037834661,0.599826757042657,0.4304151338644,0.247713786756895,0.443341487050791,0.692831743871017,-1.39837223388219,3.62761481345898,5.56349864406989
54,-0.00145069377973863,0.423409627973087,0.095221254486687,-0.0101676736343013,-0.00587312247222893,0.011175877554841,0.0534893248302648,0.029101603015421,0.0262694235717402,1.91949124841995,3.61657546464228,0.321823366571746,3.96151178975577,0.348629443633827,3.85466197909452,1.55283807690645,2.3896357740271,-0.0878118718390327,3.541204900693,9.94344729333557,0.598359497453488,0.189416659224101,0.289370255736892,0.015718559086947,1.06228137937849,2.84152804335952,0.711728524183589,0.317121074177888,0.637368827627094,0.265570344844623,0.120541083857507,0.398082533357118,0.375765108107902,-0.0221002215047026,1.02241739799353,1.00354205275136,1.01880872375045,0.658487853282252,0.0627020394537816,0.278810096984294,1.03877238072162,1.03412068920657,0.40284675681763,0.619933936357355,-0.022780693174985,0.00718470781274258,0.951118804259378,0.018154498286043,1.02254478398778,0.366358960100682,0.67,0.1,1.025,0.35,0.6,0.25,0.4,0.005,0.975,0.8,0.1,1.08085292786489,0.604540435139182,0.432341171145957,0.250686568154348,0.439446611345247,0.679375177846487,-1.40046276969603,3.62897472157746,5.56951880043975
55,-0.00107547387557929,0.431077204142918,0.0950094194987604,-0.00816716033666187,-0.00595574910266261,0.012045518479336,0.050845374325519,0.0278767589261598,0.0251987835798442,2.053460717245,3.85128950834441,0.34354466413781,4.02471904584938,0.354858204857192,3.86743317973361,1.57535484666314,2.3793416494434,-0.0872633163729356,3.69394734158564,10.2283588040731,0.626937617976407,0.187820135324003,0.285133492599376,0.0157980653543408,1.06197306393469,2.86864266994462,0.71152195283624,0.3212510376653,0.637183838360812,0.265493265983672,0.122688357646504,0.399397060672788,0.361606671428182,-0.0206615118561179,1.0212931985391,1.00391914875504,1.01730622411735,0.655270791458596,0.0622568975109745,0.282472300739689,1.03802205744953,1.03362056873937,0.407338607663199,0.615225018472663,-0.0225636261358615,0.00713857886411383,0.953001041574836,0.0182665636444865,1.02140882963558,0.352577082738725,0.67,0.1,1.025,0.35,0.6,0.25,0.4,0.005,0.975,0.8,0.1,1.08584414582624,0.609514518087633,0.434337658330494,0.253756065366989,0.435138413486561,0.664915231802099,-1.4016650341041,3.63108150165998,5.57702416321132
56,-0.000657769882152997,0.439297306617086,0.0949883265544614,-0.00621879344445997,-0.00599811610024792,0.0129562551043649,0.0481118459950942,0.0266032765111394,0.0240852304056764,2.20757956881608,4.1187746953396,0.369048468098317,4.09078186278388,0.36207070313916,3.88104876940286,1.59942446559573,2.36843525171409,-0.0868109479069614,3.86815445037534,10.5482076916667,0.660209521783179,0.186104051214375,0.280616885959149,0.0159012984526634,1.06134251366339,2.89611977555637,0.711099484154473,0.325495161828375,0.636805508198035,0.265335628415848,0.124953635250844,0.400698480024475,0.348123485648457,-0.0191757899389609,1.02014977797609,1.00433894126844,1.01574253079113,0.651769115268467,0.0619104575592336,0.286320416874786,1.03720311737569,1.03305982499803,0.41211140612434,0.61025650344468,-0.0223679095690201,0.00706527773194357,0.954962003124129,0.0184110399446112,1.02031373780917,0.338863616585301,0.67,0.1,1.025,0.35,0.6,0.25,0.4,0.005,0.975,0.8,0.1,1.09102973353005,0.6147859274667,0.436411893412021,0.256843497521395,0.430546460986513,0.64998526212597,-1.40220168497227,3.63385621722583,5.58613487313826
57,-0.000232802372892959,0.448055714809554,0.0951354830813185,-0.00446242710849254,-0.00600233468910771,0.0138153085425226,0.0454093218690962,0.0253333705390259,0.0229735028958688,2.38000333382119,4.41277595018445,0.397799364176241,4.15639584042757,0.369885328656251,3.89535111697699,1.62499154447778,2.35680982229033,-0.0864502497911173,4.06211918294414,10.8934787611755,0.697252781863943,0.184458077507996,0.275968534093384,0.016018338822568,1.06041727052858,2.92376423679014,0.71047957125415,0.329620216393404,0.636250362317149,0.265104317632146,0.127333772862827,0.402008185433912,0.335336517869697,-0.0177151843984828,1.01899002271662,1.00476603361524,1.01415651865758,0.64800783666063,0.0616485385811892,0.29034361445827,1.03635729787741,1.03246733011247,0.417161764287629,0.605031421177562,-0.0221931854651905,0.0069629704775671,0.956906241212885,0.0185737868274853,1.01926672563052,0.325232095175856,0.67,0.1,1.025,0.35,0.6,0.25,0.4,0.005,0.975,0.8,0.1,1.09640583193477,0.620375499632188,0.438562332773909,0.259833228673739,0.425872217094672,0.635309572253424,-1.40230817762638,3.63700821032605,5.59678761149863
58,0.000174317962609895,0.457312959704103,0.0954215775064945,-0.0029836337484237,-0.00597290338373635,0.0145646145209395,0.0428232538561694,0.0241059955939176,0.0218973027598377,2.56848585666102,4.72651433516012,0.429176430267905,4.21877621680347,0.377938365027404,3.91005800194318,1.6519073159016,2.34432119985003,-0.086170513808444,4.27358411534801,11.2545838919578,0.737084442753485,0.183008777662725,0.271302950310505,0.016140161266619,1.059219722464,2.95130163916724,0.709677214050881,0.33346164424773,0.635531833478401,0.264804930616001,0.129817834877332,0.403346403884562,0.32322452929754,-0.0163310911793728,1.01782199965796,1.00517518955242,1.01258169743641,0.644025083319958,0.0614538894041419,0.294521016977784,1.03551599074484,1.03186587796639,0.422476422365384,0.599561745294935,-0.0220381676603188,0.00683234953979508,0.958767982152069,0.0187432471782697,1.01827444798086,0.311695971176269,0.67,0.1,1.025,0.35,0.6,0.25,0.4,0.005,0.975,0.8,0.1,1.10194033187727,0.626289898221519,0.440776132750908,0.26263856402116,0.421261465332895,0.621377650874164,-1.40219788599151,3.64010853081222,5.60879265205783
59,0.000549634846981209,0.467022469095781,0.095810733282799,-0.00186153172089021,-0.00591568449870117,0.0151903672600882,0.0403853402938098,0.0229366274288118,0.0208700976006886,2.7720797149706,5.05664091429413,0.462834398377402,4.27640601270216,0.385956732625969,3.92487766608785,1.68000169603528,2.33083336173305,-0.0859573916804806,4.50148325288264,11.6265754438347,0.779093496637783,0.181793932994552,0.26667442922821,0.0162597573148923,1.05776568083869,2.97846525346809,0.708703006161922,0.336960424778854,0.634659408503214,0.264441420209672,0.132392091117785,0.40472373203909,0.311753004116542,-0.0150406992241035,1.01665609310245,1.00555238302122,1.01104239845553,0.639863542817342,0.0613057952382592,0.29883065165194,1.03469405272198,1.03126756846696,0.428039250892076,0.593861404107488,-0.0219006549995631,0.00667641553661302,0.960523208874339,0.0189066852079132,1.0173422109792,0.29826860310669,0.67,0.1,1.025,0.35,0.6,0.25,0.4,0.005,0.975,0.8,0.1,1.10758460005625,0.632515692732042,0.443033840022501,0.26522382185404,0.416767656513188,0.608351024199132,-1.4021087459418,3.64270380442415,5.62191892547906
60,0.000882859905496271,0.477139008194844,0.0962592251082078,-0.00118416183488823,-0.00583785334344022,0.0156974707426412,0.0381014586390576,0.0218289737019642,0.0198951331143552,2.99069976408935,5.40208238576032,0.498570488370437,4.32841468532218,0.393686747979381,3.93956863538369,1.70911725954998,2.31624496601297,-0.0857935901792655,4.74558719593581,12.0074255964859,0.822834038905603,0.180813794263991,0.262109777573986,0.01637039273505,1.05607402279649,3.00503655005121,0.707569595273647,0.340106992969536,0.633644413677892,0.264018505699122,0.135043621967511,0.406143377090046,0.300887671654589,-0.0138451560797121,1.01550183001331,1.00588727420502,1.00955828357197,0.635566996675938,0.0611791866043767,0.303253806436305,1.0338988208215,1.03067959369535,0.433833604065011,0.587943803087818,-0.021777407152829,0.00649971563451493,0.962166855720192,0.0190486912428336,1.01647353882358,0.284963242158299,0.67,0.1,1.025,0.35,0.6,0.25,0.4,0.005,0.975,0.8,0.1,1.11328876259196,0.639025278553174,0.445315505036786,0.267581078527756,0.412403065207663,0.596245753314128,-1.40233296552406,3.64437577490194,5.63593011291341
61,0.00115289219748028,0.487598004065845,0.0967210995453531,-0.000977500417366217,-0.00574815497835846,0.0160460722032727,0.036034343670552,0.0208148593435367,0.019000542260755,3.21862154864133,5.7498666664414,0.534943858366013,4.37199682227927,0.400651175452877,3.95380825806409,1.73902124476721,2.30044387171206,-0.0856568584151884,5.00006001099054,12.3813267818871,0.866400249967953,0.180173880809437,0.2577155754514,0.0164620745642508,1.05418274032029,3.03074008985171,0.706302436014593,0.342761531849677,0.632509644192172,0.263545685080072,0.137756663227442,0.407606282017578,0.290558524020206,-0.012783738496844,1.01436672923,1.00615865665847,1.00815783128954,0.631185969700289,0.0610490010070119,0.307765019021161,1.03315964620442,1.03012541667355,0.439834491523545,0.581829902100117,-0.0216643936236627,0.00630773106229418,0.963650439964814,0.0191577515889229,1.01567001361937,0.271793019115975,0.67,0.1,1.025,0.35,0.6,0.25,0.4,0.005,0.975,0.8,0.1,1.11900845380003,0.645778425986125,0.447603381520012,0.269653463491729,0.408303713680095,0.585426769366044,-1.40308370329189,3.64463721017817,5.65048376939695
62,0.00132062781320747,0.498281058716276,0.0971537693265116,-0.00120770518228352,-0.00565578009092937,0.0161298579839848,0.0343342623233883,0.0199705260856093,0.0182539130624896,3.43778228557068,6.06259972856172,0.568036762726495,4.40119465479838,0.40605449869053,3.96698670730981,1.76927113690155,2.28323463835522,-0.0855190679469528,5.24669113540026,12.7049295764961,0.905093695093766,0.18014126977278,0.253724127523657,0.0165215016236938,1.05215117849597,3.05509212800103,0.704941289592303,0.34457610799292,0.631290707097585,0.263037794623994,0.140503556844753,0.409117716849388,0.2806038722112,-0.0119563413372928,1.0132599295782,1.00632723095227,1.00688910963819,0.626788366509377,0.060894852376393,0.312316770856239,1.03254383491782,1.02965799927395,0.445998756093985,0.575558933471591,-0.0215576895655763,0.00610671829622273,0.964858114064738,0.0192274093359135,1.0149311575296,0.258770931399802,0.67,0.1,1.025,0.35,0.6,0.25,0.4,0.005,0.975,0.8,0.1,1.12468789667901,0.652720660927052,0.449875158671604,0.271311957890527,0.404800313918815,0.576790254583222,-1.40437269505732,3.64275209999619,5.66498920967634
63,0.00135082619580261,0.509016347216378,0.0975208370114943,-0.00181207441375131,-0.00556924613469767,0.0158554113941689,0.0331382192700126,0.0193678154962928,0.0177193278729306,3.62394958205573,6.29413012030748,0.592989104612906,4.41043462866957,0.409164789136232,3.97822732736704,1.79922759688957,2.26435018773722,-0.0853504572597494,5.4608999843543,12.9264339199652,0.933341622719978,0.180964501093694,0.250356787188381,0.0165381862305884,1.0500329548224,3.0774294473339,0.703522079731009,0.345216793549263,0.630019772893441,0.262508238705601,0.143241695684692,0.410684275793555,0.270778107139698,-0.0114541214436164,1.01219751676685,1.00635758032678,1.00580304312725,0.622456796874947,0.0607025078347385,0.316840685046161,1.03211943434486,1.02933270198799,0.452268673665859,0.569185720524389,-0.021454394190248,0.00590256949849196,0.965682924275338,0.0192547040057063,1.01425461997285,0.245909830238178,0.67,0.1,1.025,0.35,0.6,0.25,0.4,0.005,0.975,0.8,0.1,1.13023439259247,0.659779566799497,0.452093757036988,0.272446507080289,0.402207492062583,0.571152978877472,-1.40604499392537,3.63776281198217,5.67865075985249
64,0.00122942330263029,0.519611673999436,0.0977895910958234,-0.00275511517707283,-0.00549583259770114,0.0152050676746862,0.0324861070418715,0.019030525319727,0.0174184367962139,3.75948138984262,6.41643330922455,0.606689993151737,4.39798190642314,0.409659760409663,3.98662526401517,1.82819928523812,2.24355136288809,-0.085125384111038,5.62447732747293,13.0158987404569,0.947732386117963,0.182717372515855,0.247699390541844,0.016508016667601,1.04786001972706,3.09708712438554,0.702066213217133,0.344564172481926,0.628716011836239,0.261965004931766,0.145920720123661,0.412298984596375,0.260822127793394,-0.011292420121354,1.01120190340603,1.00623557041914,1.00493555697381,0.618275755898268,0.0604609333537528,0.321263300516405,1.03191712080767,1.02917694103468,0.45858317854456,0.56276956430775,-0.02135274285231,0.00569848270942609,0.966090731491348,0.0192354862641676,1.01363710307866,0.233222407985213,0.67,0.1,1.025,0.35,0.6,0.25,0.4,0.005,0.975,0.8,0.1,1.13552279305717,0.666852906107183,0.454209117222867,0.273036087137685,0.400629311725108,0.568746483716476,-1.40794029117902,3.62872284977198,5.69065710991401
65,0.000963496841815493,0.529891475703377,0.0979268709857688,-0.00404589226794816,-0.00544208178083538,0.0142338775825948,0.0323214204648028,0.0189325741871367,0.0173284617586553,3.84044521113497,6.43136471593791,0.609006696416006,4.36621002736391,0.407637652148659,3.9914965097019,1.85559411640019,2.22072739387675,-0.0848250005750465,5.73283929892067,12.9773492499591,0.94825108057728,0.185293509438551,0.245694627429761,0.016431732587662,1.04564876257484,3.11357230901431,0.700584670925143,0.342731148063373,0.627389257544904,0.26141219064371,0.148493538053045,0.413937156275956,0.250534943142682,-0.0114092153110523,1.0102958892199,1.00596831432602,1.00430189980364,0.614319154106713,0.0601583525482948,0.325522483123266,1.0319239517665,1.02918348077222,0.464886819239328,0.556364608732328,-0.0212514279716561,0.00549476972283542,0.966121024752373,0.0191622720686643,1.01307534505209,0.220721185594898,0.67,0.1,1.025,0.35,0.6,0.25,0.4,0.005,0.975,0.8,0.1,1.14042459239916,0.673814504250426,0.456169836959662,0.273141332693089,0.399946226301583,0.569218776106429,-1.41002864908825,3.61494083170161,5.7003562352943
66,0.000579390284640277,0.539733202613781,0.0978954324833586,-0.00573392809821316,-0.00541462580284624,0.0130579069529175,0.0325043986406479,0.0190044852032196,0.0173879185626053,3.87838588632578,6.37019979117622,0.60277977723089,4.32080732418337,0.40352481962289,3.99257535867467,1.8810527337432,2.19595978591868,-0.0844371609872145,5.7969374842673,12.8476136931586,0.938180440971387,0.188425966884207,0.244162284329986,0.0163130051048215,1.04340594239696,3.12670600873269,0.699081981405962,0.340046862403622,0.626043565438175,0.260851485599239,0.150927102685889,0.415566488956323,0.239825784503798,-0.0116844041925543,1.00949666996517,1.00558228723606,1.00389265282294,0.6106390474322,0.0597787736396014,0.329582168712391,1.03208656275933,1.02931248833692,0.471137690527554,0.55001085481017,-0.021148545337725,0.00529074226763621,0.965878435030266,0.0190238685600384,1.01256647523626,0.208418500264441,0.67,0.1,1.025,0.35,0.6,0.25,0.4,0.005,0.975,0.8,0.1,1.14483668272717,0.680543589054487,0.45793467309087,0.272889591264795,0.399847152514588,0.571711654244974,-1.41249403168214,3.59616666368276,5.70738623722297
67,0.000125965839202739,0.549098440890277,0.0976634331541104,-0.0077779354306875,-0.0054209135033283,0.0118366316777971,0.0328357411937991,0.0191472999665968,0.0175093384359378,3.89590316078862,6.28119279417165,0.592635913220704,4.26943522755059,0.397980252919229,3.99009970543925,1.90453267624537,2.16952233034216,-0.0839553011482845,5.83895174889552,12.6825882280191,0.922818811884078,0.191726308470194,0.242837321155644,0.0161579468924297,1.04112585610782,3.13668543797268,0.697554323592242,0.337002870635855,0.624675513664695,0.260281464026956,0.153210396608655,0.417154878391299,0.228738753801874,-0.0119661899928703,1.00881121359632,1.0051265956684,1.00366582472675,0.607252332924591,0.0593063476242583,0.333441309236631,1.03232025795269,1.02949882331843,0.477314557741286,0.543726345330344,-0.0210409030716295,0.0050861349196166,0.965517450499148,0.0188176621438569,1.01210789638369,0.196326493258942,0.67,0.1,1.025,0.35,0.6,0.25,0.4,0.005,0.975,0.8,0.1,1.14870587690087,0.686954756323845,0.459482350760349,0.272448861541772,0.399895246159227,0.574992669351994,-1.41562083168891,3.57268669499138,5.71174783534032
68,-0.000361150075975075,0.558008606849348,0.0972081275941939,-0.0101038108495313,-0.00546731336917794,0.0106708699322235,0.0331830392231595,0.019295696833639,0.0176350768438651,3.9089134424347,6.1952688600951,0.581554544855064,4.21703128273007,0.391434571481615,3.98460709033114,1.92619413135088,2.14178769304548,-0.0833747340652151,5.87469640391008,12.518305775832,0.905584433342115,0.194940281195313,0.241549433121757,0.0159700510706515,1.03881837382318,3.14391996143685,0.696008310461532,0.333933100463139,0.62329102429391,0.259704593455796,0.155351451070819,0.418676817301151,0.21739610460038,-0.012161513824378,1.00823355644207,1.00463704417364,1.00357991205807,0.604150483119207,0.0587283372491457,0.337121169413437,1.03256778727903,1.02969834082139,0.483408799834968,0.537515404779216,-0.0209242046141835,0.00488242834090385,0.965141693124753,0.0185459137753171,1.01169678228176,0.18445709792943,0.67,0.1,1.025,0.35,0.6,0.25,0.4,0.005,0.975,0.8,0.1,1.15204461456038,0.69300088140216,0.460817845824151,0.271930924979216,0.399816667984185,0.578249896126349,-1.41966788045626,3.5451228673815,5.71365522581183
69,-0.000863324666775262,0.56651283354348,0.0965186632831256,-0.0126116119748229,-0.00555837448116125,0.00959722870073842,0.0334911210868256,0.0194229685187293,0.0177416805910304,3.92425524924642,6.1238296933024,0.570629573243178,4.16563671529979,0.384078956314755,3.9767072861277,1.94626896767118,2.11312891669629,-0.0826905982397739,5.91112670491196,12.3684979381907,0.887768435336733,0.197970260233899,0.240232946077744,0.0157505040185751,1.03650463895803,3.14887058824256,0.694458108101883,0.330987128208921,0.621902783374821,0.259126159739509,0.157367772239542,0.420127774916378,0.205933914510313,-0.0122454279552375,1.00775006145774,1.00413235870989,1.00360281462545,0.60131151555485,0.0580377836981045,0.340650690520006,1.03280450265892,1.02989186899806,0.489417205651651,0.531376529539327,-0.0207937351909785,0.00468306863462428,0.964795052366656,0.0182156743328217,1.01132947541747,0.172822027936087,0.67,0.1,1.025,0.35,0.6,0.25,0.4,0.005,0.975,0.8,0.1,1.15490571881213,0.698685729523594,0.461962287524851,0.271383623132554,0.399514959988871,0.581153262691751,-1.42477181192697,3.51419998126335,5.71338623943543
70,-0.00136762293860328,0.574670536148724,0.0956008731151436,-0.0151510417753743,-0.00569626734337492,0.00862156213907861,0.0337441213411187,0.0195222336618175,0.0178233059210467,3.94402699191041,6.06855218950039,0.560061507433575,4.11591545123354,0.376031507664178,3.96695618030002,1.9649894396583,2.08386522654222,-0.0818984859005027,5.95053282095774,12.2358043828836,0.869695375940783,0.200795501554788,0.238870232203133,0.0155008467435326,1.03420135191975,3.15196580201035,0.692914905786233,0.328219873431703,0.620520811151851,0.258550337979938,0.159279112165761,0.421516189190512,0.194469567137819,-0.0122275368393113,1.00734496729717,1.0036255389467,1.00370599213166,0.598705087216335,0.0572367290763598,0.344058173466259,1.03302084315637,1.03007142396442,0.49533933584053,0.525305834455832,-0.0206451702963628,0.00449209684596764,0.964491935200837,0.0178413743571192,1.01100128521428,0.161432765688276,0.67,0.1,1.025,0.35,0.6,0.25,0.4,0.005,0.975,0.8,0.1,1.15735596804083,0.704046446557422,0.462942387216333,0.270819926185035,0.398978123459339,0.583609159845985,-1.43087292411908,3.48062054430021,5.71121278666847
71,-0.00186203006135769,0.582541476226166,0.0944804334132482,-0.017530887504419,-0.00587982537697129,0.00773608118520075,0.033945500214978,0.0195964370433747,0.0178828639140925,3.96794378562483,6.02655248173429,0.549697048781396,4.06793283520832,0.367424007741139,3.95579607906347,1.98255138130149,2.05424111961224,-0.0809964218502545,5.99282100433521,12.1176588085752,0.851349196496616,0.203429306691043,0.237462937955474,0.0152245618243352,1.03191338745675,3.15355723024525,0.691381969596023,0.325635613084108,0.61914803247405,0.257978346864188,0.161103469282153,0.422851403660899,0.183090816344173,-0.0121299042902245,1.00700332054584,1.00312865978834,1.00386257607107,0.596295125299948,0.0563382218805463,0.347366642559355,1.03321364216205,1.03023350567339,0.501176335098358,0.519299043366911,-0.0204753784652697,0.0043125253278278,0.96423289383277,0.0174442064711229,1.0107067854981,0.150300551012793,0.67,0.1,1.025,0.35,0.6,0.25,0.4,0.005,0.975,0.8,0.1,1.15946272283921,0.709131075737365,0.463785089135682,0.270235043211264,0.398230553764841,0.585632820676737,-1.43768154454699,3.44500740062048,5.70737410677747
72,-0.00233375721482379,0.590181233471428,0.0932021403404456,-0.0195510413288729,-0.00610391331735038,0.0069305660101322,0.0341039592236792,0.0196512423639435,0.0179257044210775,3.99498773953942,5.99379635524754,0.539375138332319,4.02162018630742,0.358442548529354,3.9435433145679,1.99910401839531,2.02442644758365,-0.0799871514110663,6.03712638809822,12.0101424818793,0.832758314856938,0.205889912167944,0.236014220737008,0.0149277794063309,1.0296311170855,3.15390754203265,0.689852848447283,0.323220303554778,0.617778670251298,0.257407779271374,0.162855282004453,0.424138120451013,0.171857102283956,-0.0119746840326142,1.00671232493852,1.0026545739991,1.00404700785759,0.594041740741922,0.0553659616887112,0.350592287285216,1.0333808551842,1.03037524626995,0.506930914391227,0.513352152138203,-0.0202830665294291,0.00414580598067483,0.964015166814944,0.0170488958242174,1.01044027056176,0.139436370061515,0.67,0.1,1.025,0.35,0.6,0.25,0.4,0.005,0.975,0.8,0.1,1.1612868273965,0.713987067510257,0.464514730958601,0.269620159228168,0.397302419258016,0.587263096294094,-1.44469903477492,3.40788585841673,5.70207643150173
73,-0.00276582577350626,0.597642177268899,0.0918295684670866,-0.0209927434322309,-0.00635957193191095,0.00620181594059832,0.0342219501347138,0.0196895035956031,0.0179547644724931,4.02471177121528,5.96741216434812,0.529154745098146,3.97713371885793,0.349357112041078,3.93040403057318,2.01475877434151,1.9945254753621,-0.0788802191304189,6.08310092888185,11.9106498083227,0.814251328839543,0.208175576652663,0.234514782227026,0.0146196908307374,1.02732809918694,3.15319801224864,0.688309826455247,0.320969748559892,0.616396859512162,0.256832024796734,0.164545193327602,0.425373493982832,0.160809158812388,-0.0117752499019647,1.00646178343201,1.00222034509763,1.00423204174125,0.591900984559575,0.0543540119873494,0.353744993140402,1.0335165145913,1.03049056709719,0.51260856610909,0.507460673215122,-0.0200692393242115,0.00399152602184811,0.963841946493461,0.0166838594485874,1.01019630285243,0.128850944469392,0.67,0.1,1.025,0.35,0.6,0.25,0.4,0.005,0.975,0.8,0.1,1.16288001610169,0.718656506880701,0.465152006440678,0.268971696774472,0.396206102616175,0.588490524783309,-1.45123085208094,3.36969447152752,5.6955117765917
74,-0.00313923793582749,0.604971797773267,0.090443827697235,-0.0216243303964173,-0.00663408630658269,0.00554878071030074,0.0343011957204062,0.0197138665680749,0.0179728345934745,4.05660724334788,5.94455600780798,0.519203174028654,3.9346884416222,0.340497226978954,3.9164820470178,2.02959058391558,1.96458482295331,-0.0776933598510845,6.13029431006115,11.8165999238792,0.796319153587576,0.210276424953132,0.232950874187751,0.0143121124310526,1.02496416082381,3.15152720947625,0.68672598775195,0.318875427589557,0.614978496494284,0.256241040205952,0.166179942155444,0.426545765059908,0.149976341047274,-0.011538884101306,1.00624387674023,1.00184506587449,1.00439070971708,0.589825866077377,0.0533461090028748,0.356828014574598,1.03361349512925,1.03057237908366,0.518217767769676,0.501619769826148,-0.0198375375958238,0.0038471655576683,0.963717730374722,0.0163801607647246,1.00997034248821,0.11855472077349,0.67,0.1,1.025,0.35,0.6,0.25,0.4,0.005,0.975,0.8,0.1,1.16428598209672,0.723172362542593,0.46571439283869,0.268287841392168,0.394948556150963,0.589293486958469,-1.45640162522252,3.33078784085672,5.68786782712453
75,-0.00343998020755762,0.612205901652102,0.0891358996492285,-0.021272509117761,-0.00691123446055297,0.00496387660620967,0.0343517044041758,0.0197306684620681,0.0179858664982743,4.08912998438445,5.92105924949525,0.509637804219764,3.89424714587097,0.332193558273498,3.90178119475832,2.04363078481052,1.93460312572157,-0.0764527157737757,6.17719623466624,11.7237938989939,0.779396773028366,0.21219721909987,0.231318290538727,0.0140181263088802,1.02249372466645,3.14890725352543,0.685070795526521,0.31690203897438,0.61349623479987,0.255623431166612,0.167761753628602,0.427636882893876,0.139377706433018,-0.011274023983218,1.00605307376472,1.0015428198914,1.00450330608311,0.587771363081588,0.0523915292363307,0.359837097301221,1.03366938464472,1.03061746885463,0.523768679688125,0.495825631719312,-0.0195943114074369,0.00370864256119762,0.963639636216793,0.0161647983901124,1.00975921466136,0.108557860103518,0.67,0.1,1.025,0.35,0.6,0.25,0.4,0.005,0.975,0.8,0.1,1.16553959338,0.727556512198632,0.466215837352,0.267564747836361,0.393551481184731,0.589703565005803,-1.45925719077427,3.291421200888,5.6793221158623
76,-0.00366364724815608,0.619367411209374,0.0879878257291687,-0.0199604734947511,-0.0071728200701543,0.00444115052143834,0.0343789420123025,0.0197430872548605,0.0179967870045439,4.12141847263433,5.89487043576959,0.500739789746501,3.85568009082202,0.324723764968537,3.88625843737117,2.0568911202392,1.90455848148923,-0.0751911643572607,6.22295879473995,11.6300339857693,0.764022337634912,0.213938739549335,0.229612775758087,0.0137499472771342,1.01987506604437,3.14530372877679,0.683316294249728,0.31501761539038,0.611925039626622,0.254968766511092,0.169289537682913,0.428628496180146,0.12902966896775,-0.0109839301308865,1.00588641787042,1.0013180345156,1.00456236999369,0.585701187395257,0.0515345740059011,0.362764228179811,1.03368413257191,1.03062535625925,0.529272860615665,0.490075097212926,-0.0193479578285903,0.00357115168922725,0.963605216185401,0.0160479851674665,1.00956132426997,0.0988702281540219,0.67,0.1,1.025,0.35,0.6,0.25,0.4,0.005,0.975,0.8,0.1,1.16666366562886,0.731821115279538,0.466665466251545,0.266810147214173,0.392030579243361,0.589745964266611,-1.45904309500358,3.25175793130832,5.67004947141499
77,-0.00380642035639584,0.626481926471807,0.0870587720604199,-0.0178831621803358,-0.00740243485416625,0.0039992798613282,0.0343556404269404,0.0197378003850433,0.0179938494774581,4.15678581201551,5.87151174726331,0.49333588423071,3.81943239009287,0.318320988260626,3.86992892429001,2.06943044098698,1.87444339641073,-0.0739449131076947,6.27089353408658,11.5412548524907,0.751229469378676,0.215440563412723,0.227798984471414,0.0135175099950345,1.01707072410988,3.14071912351743,0.68143738515362,0.313266744859292,0.610242434465928,0.25426768102747,0.170763282328631,0.429505719406019,0.118967366306649,-0.0106510517424669,1.00574280381859,1.00117454754182,1.00456289693739,0.583586949756837,0.0508063632363162,0.365606676548005,1.03364711030802,1.0305882531176,0.534746369112359,0.484361194502976,-0.0191075636153346,0.00343029208641328,0.963635515886105,0.0160240645884239,1.00937651881087,0.0895013854481341,0.67,0.1,1.025,0.35,0.6,0.25,0.4,0.005,0.975,0.8,0.1,1.16767070517522,0.735975538152423,0.467068282070087,0.266059389690232,0.390342835058823,0.589268679245345,-1.45542621824266,3.2119350804396,5.66026435984754
78,-0.00385850732563177,0.633599750523711,0.086380873986581,-0.0153158300788168,-0.00758824558791604,0.00368711920150178,0.0342150681755658,0.0196820946896952,0.0179481916941017,4.20378426733567,5.86485209268182,0.488806284966455,3.78668430938332,0.313174130563534,3.85296350543693,2.08142310006683,1.84428971660027,-0.0727493112301704,6.32958455707571,11.4724748392381,0.742558690012284,0.216567167143371,0.225802336111066,0.0133275857124651,1.01404698376448,3.13527026071342,0.679411479122201,0.311791557737116,0.608428190258687,0.25351174594112,0.172189977470151,0.430257863583781,0.109265054464819,-0.0102368471727929,1.00562036802359,1.00112220013774,1.00449312569957,0.58140189212006,0.0502220035787827,0.368376093801803,1.03353229275855,1.03048694432955,0.540213551758205,0.478667839443013,-0.0188813912012179,0.00328343829213255,0.963781738146387,0.0160783770523361,1.00920552429827,0.0804605779024914,0.67,0.1,1.025,0.35,0.6,0.25,0.4,0.005,0.975,0.8,0.1,1.16857459242995,0.740035196677571,0.46742983697198,0.265373437193884,0.38837564715809,0.587896909672675,-1.44855453877003,3.17214261184314,5.65026649418432
79,-0.00381859746708022,0.640787694031216,0.0859621305679327,-0.0125340233229579,-0.00772382520268378,0.00353316327054509,0.0339126597064804,0.0195533220530806,0.0178396446275341,4.26909143999795,5.88491656592542,0.488037234905727,3.75795238713128,0.309325080289177,3.83564287753626,2.0931214648518,1.8141557141115,-0.0716343014270394,6.40586903663156,11.4342540758685,0.738909903864578,0.217240056763586,0.223577652382252,0.0131818900967137,1.01078909387758,3.12915095872113,0.677228692897976,0.310683655529467,0.606473456326546,0.252697273469394,0.173583924981782,0.430880449216072,0.100018462488589,-0.00972150960889434,1.00551383470879,1.00116230954558,1.00434647321589,0.579122681939197,0.0497826195997087,0.371094687921493,1.03332432198776,1.03031043630968,0.54570290605268,0.472973050941797,-0.018675956994477,0.00313007524505812,0.964076077027478,0.0161934749081109,1.00904929830507,0.0717567277026309,0.67,0.1,1.025,0.35,0.6,0.25,0.4,0.005,0.975,0.8,0.1,1.16940453900074,0.744022747949131,0.467761815600294,0.264789000713631,0.386062676104483,0.585403304963353,-1.43894198423135,3.13259309415543,5.64039727050636
80,-0.00369818605599039,0.648109035125244,0.0857925117218869,-0.00976534916793514,-0.00780757388641351,0.0035287536525721,0.0334485224418545,0.0193497942218862,0.0176663153825849,4.35468602346448,5.93366967602471,0.491129929808465,3.7327138088532,0.306667515262781,3.8182560395741,2.1047812028514,1.78409634636002,-0.0706215096373158,6.50198720935482,11.4280994432777,0.740253486998306,0.217481865088789,0.221131372574744,0.0130775515643769,1.00730403078329,3.12255868875721,0.674893700624805,0.309932334038224,0.604382418469975,0.251826007695823,0.174961882049847,0.431381940089839,0.0913149323469156,-0.00911632225646076,1.00541577866366,1.00128332301373,1.00412715917158,0.576734008478831,0.0494794591828309,0.373786521759615,1.03302741441025,1.03006256201969,0.551241504246051,0.46725424588316,-0.0184957501292117,0.00297122207779553,0.964514271581725,0.016352975893371,1.00890856695862,0.0633984244978716,0.67,0.1,1.025,0.35,0.6,0.25,0.4,0.005,0.975,0.8,0.1,1.17019924385052,0.747973821116659,0.468079697540207,0.26430263750568,0.383420033020059,0.581834422667206,-1.42728944098526,3.09344744740418,5.63097137088585
81,-0.00352185999500794,0.655601523093976,0.085849045748419,-0.00718770265685376,-0.0078414976556227,0.0036283866370006,0.0328691092913291,0.019091944919962,0.0174456818108529,4.45692953834828,6.00428445254642,0.497386497716796,3.7094703730041,0.304974306701754,3.80100204630627,2.11658655952194,1.75413868344518,-0.0697231966608519,6.61459487469999,11.4457724307682,0.745645909030217,0.217415841854444,0.218522056814779,0.0130083012725181,1.00361896677792,3.11562392628095,0.672424707741205,0.309419653903823,0.60217138006675,0.250904741694479,0.176337065024683,0.431781572698929,0.083206739958564,-0.00846003518623557,1.00531922791956,1.00146053070502,1.00385306968796,0.574233921579614,0.0492974342039823,0.376468633600292,1.03266617983813,1.02976272506799,0.556849623792967,0.461493748773382,-0.0183433725663493,0.00280840642410997,0.965054630301126,0.0165418512799358,1.00878368109257,0.0553939169243665,0.67,0.1,1.025,0.35,0.6,0.25,0.4,0.005,0.975,0.8,0.1,1.17099440223156,0.7519262733751,0.468397760892624,0.263873799571241,0.380545364184798,0.577513828377215,-1.41433723248866,3.05474584054501,5.62221223925174
82,-0.00332159283099195,0.663264022347467,0.0861000109559976,-0.00492974973375238,-0.00783019085031622,0.00376603056489144,0.0322491008571057,0.0188142397875127,0.0172076237941644,4.56766251745202,6.08357077222851,0.505531374804296,3.6862357707018,0.303953156412756,3.78393605919227,2.12860719402754,1.7242716616085,-0.0689427964437734,6.73577777083035,11.4721735768122,0.753507813758423,0.217222776682695,0.215840224558389,0.0129660789851447,0.999774742134099,3.10837182463188,0.669849077229846,0.308962347422308,0.599864845280459,0.249943685533525,0.177714717331896,0.43210422494488,0.0756993892799245,-0.00780295277364362,1.00522032495022,1.00166179920485,1.00355262200095,0.571636303428322,0.0492178919880245,0.379145793932162,1.03227796794088,1.02944027007171,0.562537833813692,0.455682029145221,-0.0182198629589133,0.00264258172568102,0.96563311122386,0.0167465948392626,1.00867480686858,0.0477511044646944,0.67,0.1,1.025,0.35,0.6,0.25,0.4,0.005,0.975,0.8,0.1,1.17180989592946,0.75590759780893,0.468723958371786,0.263442387745894,0.377583129804585,0.572926774235985,-1.40076694996503,3.01637886059263,5.6142181400762
83,-0.00312889240202529,0.671055763514664,0.0865085443624529,-0.00307204233995162,-0.00777999780880045,0.0038761770740583,0.0316664604937592,0.0185535917469908,0.0169843484637901,4.67655725489175,6.15606271275388,0.514054571520403,3.6611406475145,0.303307614677818,3.76697099166309,2.1407959298523,1.69445155377838,-0.0682764919676038,6.85534703950029,11.4900122555313,0.762028247525898,0.217084576197606,0.213180996557571,0.0129425532952811,0.995817332827026,3.10072462393521,0.667197612994107,0.308371090809812,0.597490399696216,0.248954333206756,0.179090721441376,0.432373957921116,0.0687559680316584,-0.00719006222843866,1.00511967194623,1.00185546313596,1.00325816340817,0.568969217702475,0.0492206988104846,0.381810072802117,1.03190192685311,1.02912621026491,0.568306985795811,0.449818052097688,-0.0181250378934987,0.00247384498843758,0.966183796426728,0.0169554993120724,1.00858219736069,0.0404775296520253,0.67,0.1,1.025,0.35,0.6,0.25,0.4,0.005,0.975,0.8,0.1,1.17264272342937,0.759925044217793,0.469057089371748,0.262949401533572,0.374679314670847,0.568566917589194,-1.38714999213014,2.97810760416998,5.60696556311605
84,-0.00297163499794957,0.678899810363367,0.0870363485131607,-0.00164408036073316,-0.00769829112750942,0.0039008359728625,0.0311937157042339,0.0183452193809573,0.016806773285471,4.77210680801266,6.20566792323868,0.521346874516447,3.6326604448369,0.302767081128641,3.74989796970201,2.15299947569746,1.66461362904218,-0.0677151350376349,6.96181925082092,11.4816829566688,0.769328754567537,0.21716501049476,0.210633992703454,0.0129299339600842,0.991793648798105,3.09251524015468,0.66450174469473,0.307470784637836,0.595076189278863,0.247948412199526,0.180452043383953,0.432608711542278,0.0623065402684693,-0.0066558768340993,1.00502218757792,1.00201350682706,1.00300263492494,0.566271880360042,0.0492862367322195,0.384441872190969,1.03157484769226,1.02884997503401,0.574148815005906,0.443909045657172,-0.0180578606630772,0.00230139163654361,0.966646107887283,0.0171594818736687,1.00850647716169,0.0335803706265501,0.67,0.1,1.025,0.35,0.6,0.25,0.4,0.005,0.975,0.8,0.1,1.17346767116925,0.763959374544998,0.4693870684677,0.262343705207901,0.37196618799,0.564883864645433,-1.37391571211945,2.93960142958856,5.600325124387
85,-0.00287058503871121,0.686689992099396,0.0876489740317827,-0.000607441637263784,-0.00759273029736784,0.00379486013810748,0.0308913757385953,0.0182193156252486,0.0167015818823915,4.84304873553277,6.21771546181884,0.525892761850788,3.59980685965401,0.302120141093019,3.73241583805507,2.16497774456165,1.63468454284599,-0.0672464493525673,7.04384256015746,11.4315090555413,0.773688271611073,0.217593987169733,0.20827427155657,0.0129218180198333,0.987746698785853,3.08350707420659,0.661790288186522,0.306117708873449,0.592648019271512,0.246936674696463,0.181777907106699,0.432818207852439,0.0562607445769754,-0.00622122174823251,1.0049365490417,1.0021150620361,1.0028155319808,0.563590164190776,0.0493980996657255,0.387011725395877,1.0313270782834,1.02863596014255,0.58004730407794,0.437969565496702,-0.0180168695746423,0.00212346021803684,0.966970575290216,0.0173544002005898,1.00844894546802,0.0270664340515224,0.67,0.1,1.025,0.35,0.6,0.25,0.4,0.005,0.975,0.8,0.1,1.17424030835731,0.767966219697775,0.469696123342922,0.261585326303535,0.369549159637337,0.562241329890341,-1.36131652447403,2.90048451287849,5.59408824718961
86,-0.00283802633274489,0.69430089551314,0.0883189861531608,0.000116957128507789,-0.0074702051936435,0.00353046248820066,0.0308015548079001,0.0181974849443517,0.0166880023988672,4.88045063696844,6.18182511376624,0.526543713002588,3.56221418051922,0.301230975864593,3.71417446633882,2.17643403641239,1.60459764207791,-0.06685721215147,7.09229653796256,11.3287068552499,0.773831173190276,0.218453760528189,0.206153972437868,0.0129136964745647,0.983712038205659,3.0734255333525,0.659087065597792,0.304216827431767,0.590227222923395,0.245928009551415,0.183041895946459,0.433003012046416,0.0505217100629244,-0.00589209293897662,1.00487414562774,1.00214778353559,1.00272051900622,0.560972083564242,0.04954448568062,0.389483419976928,1.03117883552105,1.02850038816742,0.585980560724108,0.43201999707343,-0.0180005577975375,0.00193786472083194,0.967123932194133,0.0175400459786759,1.0084117106237,0.0209421483959051,0.67,0.1,1.025,0.35,0.6,0.25,0.4,0.005,0.975,0.8,0.1,1.17490171954754,0.771879786415127,0.469960687819014,0.26064851208287,0.367494173913307,0.560880770075219,-1.34943800976063,2.86038768967395,5.58800176023235
87,-0.00287808806420183,0.701599961825681,0.0890257762797008,0.000607785283661233,-0.00733620276936786,0.0030995015900368,0.0309439002851367,0.0182902333173226,0.0167754923960884,4.87964452387525,6.09431032828891,0.522749350388917,3.52009865360014,0.30003325978844,3.69482817873691,2.1870531376794,1.57430993548142,-0.0665348944239136,7.10225415288199,11.1697614031829,0.769150595723467,0.219771444306573,0.204297542163216,0.0129028799700232,0.97971674021347,3.06199971636386,0.656410215943025,0.301734055559978,0.587830044128082,0.244929185053367,0.184214952979229,0.433155159592203,0.044998418244972,-0.00566143200034,1.00484755772186,1.00210752149548,1.00273427368582,0.558463987146954,0.0497176899800144,0.391818312063711,1.03113796112037,1.02844936122829,0.591922826145342,0.426084748552396,-0.0180075746977384,0.0017430651606521,0.967092058474868,0.0177174762106839,1.00839748314092,0.0152135575902461,0.67,0.1,1.025,0.35,0.6,0.25,0.4,0.005,0.975,0.8,0.1,1.17538504012846,0.775618785743159,0.470154016051386,0.259522917802695,0.365820441183537,0.560901411547191,-1.33825393840018,2.81899992070064,5.58180429638464
88,-0.00298268253872314,0.708466609415039,0.0897561943988663,0.000950693598920527,-0.00719484474405985,0.00252186491524675,0.0313044466747506,0.0184912803074298,0.0169586838908973,4.84268521459546,5.96099399903451,0.514842730833236,3.47439691922996,0.29854421674129,3.67410475930884,2.19655593140833,1.54381772524496,-0.066268897344452,7.07546512023631,10.9613890463134,0.7600067647077,0.221493520555519,0.202690117414214,0.0128887144776256,0.975775383253112,3.04901938496013,0.653769506779585,0.298726837165153,0.585465229951867,0.243943845813278,0.185269546323008,0.43325979216932,0.0396201443968378,-0.0055069993266221,1.00486879900062,1.00200240404858,1.00286066674138,0.556104608971165,0.0499138333889214,0.393981546798256,1.03119431645143,1.02847434306884,0.597847931756182,0.420188815066714,-0.0180367468228963,0.00153934715394484,0.966889023751821,0.0178897914915882,1.00840898637833,0.00988631506204951,0.67,0.1,1.025,0.35,0.6,0.25,0.4,0.005,0.975,0.8,0.1,1.17562324827537,0.779097646701549,0.470249299310148,0.258219287170323,0.364481995193685,0.562192626419982,-1.32766595641121,2.77612826856648,5.57527617539181
89,-0.00312876563097967,0.714821588536536,0.0905002801081733,0.00118288051562265,-0.00704876112022679,0.00185805863371469,0.0318171054307424,0.018768244764512,0.017209101879042,4.78085809258529,5.80006470254309,0.504316549657333,3.42691737423568,0.296866340766566,3.65191155833431,2.20478661001763,1.51317614383543,-0.066051195518762,7.02290684647059,10.7235545954434,0.748004174957938,0.223448567564444,0.2012622973929,0.0128724800528011,0.97188651363596,3.03442074647203,0.651163964136093,0.295385827295031,0.583131908181576,0.24297162840899,0.186186423696777,0.433298041572384,0.0343589036807034,-0.00538350320303133,1.00494718341302,1.00185559054087,1.00308586676697,0.553917839523357,0.050129719633778,0.39595242996718,1.03131347521573,1.02854769541767,0.603734941221652,0.414351804435707,-0.018086745657359,0.00132921612482456,0.966570580483345,0.0180574097332841,1.00844823516036,0.00496567815652482,0.67,0.1,1.025,0.35,0.6,0.25,0.4,0.005,0.975,0.8,0.1,1.17556055731373,0.78224243859926,0.470224222925491,0.256783404073288,0.363343230768818,0.564331850629041,-1.31760552425384,2.73177001328846,5.56831185554383
90,-0.00328363959728448,0.720648855581658,0.0912469662904271,0.00129377750559567,-0.00689994397836535,0.0011958652721793,0.0323768751066867,0.0190693351026793,0.0174810665826482,4.71107784778918,5.63624712490652,0.493314823640047,3.37995301492921,0.295149293528827,3.62840355236271,2.2117746116331,1.48250490123313,-0.0658759605035215,6.96127590626578,10.483279968086,0.7354445111323,0.225384360600357,0.199909178686643,0.0128563544669474,0.968037823740584,3.01833741146216,0.648585341906191,0.291993366943224,0.58082269424435,0.242009455935146,0.186960913756861,0.433251090236734,0.0292434466562037,-0.00523162080268195,1.00508658256359,1.00169994220473,1.0033808930361,0.55190810476891,0.0503599402312623,0.397731944088313,1.03144576476836,1.02863042940772,0.609572386233846,0.408583246002989,-0.0181556322368346,0.00111672791094759,0.966222103425978,0.0182171432482887,1.00851602622362,0.000456502948222304,0.67,0.1,1.025,0.35,0.6,0.25,0.4,0.005,0.975,0.8,0.1,1.1751690839506,0.785005848787346,0.470067633580239,0.255289311462814,0.362214609568648,0.566674022417251,-1.3081024362024,2.68614446576006,5.56096799492172
91,-0.00342739219551764,0.725975398996879,0.0919826651729916,0.00125768655741587,-0.00675060674191463,0.000590813388505973,0.0329124134074295,0.0193592409504703,0.0177433758685856,4.6441600858461,5.48436240716448,0.483131823057441,3.3348965909679,0.29347083364355,3.60389091287911,2.21766943231862,1.45195941420825,-0.065737933647751,6.90136879947822,10.2568578154285,0.723705705402435,0.227140703005564,0.198564981843598,0.0128409823491956,0.964227308236242,3.00102262793253,0.646032296518282,0.288737837527344,0.578536384941745,0.24105682705906,0.187601421692054,0.433106717762595,0.0243319000048351,-0.00502040775947482,1.00528384252512,1.0015554708435,1.00372258131492,0.550067687896442,0.0505966919582601,0.399335609196256,1.03156026034902,1.0286988356727,0.615354206308909,0.402886615968154,-0.0182408222770632,0.000906384210954422,0.965899854253045,0.0183641533409939,1.00861178177095,-0.00363676055132689,0.67,0.1,1.025,0.35,0.6,0.25,0.4,0.005,0.975,0.8,0.1,1.1744596360292,0.787369858823871,0.469783854411682,0.253790946645065,0.360982813956853,0.568796515449076,-1.29925358958214,2.63960135480926,5.55339764661139
92,-0.00355358188753266,0.730846219354928,0.0926932646377521,0.00107088171042435,-0.00660346696540171,6.15743891752007e-05,0.0333949124476932,0.0196235902725864,0.0179832826182653,4.58409560791502,5.34904924159485,0.474159501416107,3.2922171191277,0.291836396184533,3.57872479137299,2.2226612225425,1.42169488289858,-0.0656313140680919,6.84729877794504,10.049525449631,0.713190082343882,0.228664943192672,0.19720776985749,0.0128254988113341,0.960463990811591,2.98276250334141,0.643510873843766,0.285695303804332,0.576278394486955,0.240115997702898,0.188122995705158,0.43286730999612,0.0196838935446295,-0.00474769688582938,1.00553161167956,1.00142865020303,1.00409710814215,0.548384061759965,0.0508315089598418,0.400784418292104,1.0316465691112,1.0287453636302,0.621076319671335,0.397262982145419,-0.0183393018167547,0.000702174328695131,0.965625145779413,0.0184950355884082,1.0087336919867,-0.00731007278523466,0.67,0.1,1.025,0.35,0.6,0.25,0.4,0.005,0.975,0.8,0.1,1.1734674997273,0.789350639781343,0.469386999890919,0.252313950023921,0.359616158836888,0.570543496094735,-1.29115415637065,2.59251678164358,5.54577753300419
93,-0.00365409011219099,0.735326442219312,0.0933654772830105,0.000743806922945067,-0.00646134707244961,-0.00037077087240589,0.0337914783925387,0.0198460611433882,0.0181863232509017,4.53509652184841,5.23496217912744,0.466813031705832,3.25239609439377,0.290260999386646,3.5532892285024,2.22698460671961,1.39185453537327,-0.0655499135904784,6.80343431740198,9.86654628831351,0.704333351508932,0.229898103731546,0.195812080911941,0.0128092340069325,0.956753030304125,2.96387333124592,0.641024530303764,0.282946382584079,0.574051818182475,0.239188257576031,0.188544914897581,0.432545928810854,0.0153640790739999,-0.00440815040850112,1.0058213243856,1.00132763943725,1.00448772686518,0.546838960847729,0.0510558805764937,0.40210514754739,1.03169294739007,1.02876150644166,0.626738906829212,0.391708764996846,-0.0184476718260578,0.000507121902096385,0.965422306606922,0.0186075988194984,1.00887899814015,-0.0105598086378103,0.67,0.1,1.025,0.35,0.6,0.25,0.4,0.005,0.975,0.8,0.1,1.17223639169752,0.790993253553672,0.468894556679009,0.250886555325223,0.358079974053762,0.571736286227102,-1.28388567292007,2.54527317003084,5.53831409595955
94,-0.00373525435451344,0.739474653226532,0.0939867721675639,0.0002854325761803,-0.0063269045433979,-0.000721277660579611,0.0341133374920447,0.0200318551969776,0.0183569935711234,4.49543378362103,5.13862258900152,0.460756867952346,3.21505351340358,0.288686506942505,3.5279091925307,2.23084122484584,1.36255455662044,-0.0654865889355682,6.76827689992867,9.70419740885945,0.696746965526146,0.230888514126877,0.194393077297158,0.0127901795668632,0.953110194871469,2.94462541202481,0.638583830563884,0.280459149889207,0.571866116922881,0.238277548717867,0.188886622665067,0.432157503100638,0.011417663583015,-0.00402155967658401,1.00614306450795,1.00124606937371,1.00489090073262,0.545416432044652,0.0512619299350264,0.403321626950586,1.03170704166119,1.02875356287118,0.632340886088842,0.38622155000623,-0.018562436095072,0.000323284950080169,0.965280216961936,0.0186997450053093,1.00904427957037,-0.0133827610121126,0.67,0.1,1.025,0.35,0.6,0.25,0.4,0.005,0.975,0.8,0.1,1.1708188331803,0.792344120400938,0.468327533272122,0.249506399448373,0.356412212533494,0.572467476818854,-1.27748972811931,2.49819124721363,5.53117183849691
95,-0.00382427413605468,0.743305703311216,0.0945435906718873,-0.000314957929873128,-0.0062026455664872,-0.00105400737821448,0.0344342803418208,0.0202166559931337,0.0185266496527609,4.45556532507386,5.04651183457402,0.454688843702244,3.17870895823672,0.286948872171895,3.50273089140546,2.23429672113823,1.33386673535554,-0.0654325650883194,6.73253213151309,9.5476192751842,0.688969446457245,0.23182989943087,0.19302093553926,0.012764295671426,0.949569199903038,2.92515286733426,0.636211363935036,0.278051645679032,0.569741519941823,0.23739229997576,0.18915981412987,0.431722175413692,0.00783650412936854,-0.00364196404778274,1.00648824879689,1.00115660449326,1.00532548482395,0.544114249281126,0.051442514862776,0.404443224743866,1.03172284327707,1.02874774126046,0.63787278852112,0.380807654572308,-0.0186804430934276,0.000152087654474579,0.965138207742455,0.0187677525543154,1.00922563607446,-0.0157761439949673,0.67,0.1,1.025,0.35,0.6,0.25,0.4,0.005,0.975,0.8,0.1,1.16926061902548,0.793440304098037,0.467704247610194,0.248127365185683,0.354743394046885,0.573207523942792,-1.27195502130606,2.45144606508252,5.52437668489368
96,-0.00396191219100013,0.746767235587524,0.0950195029524445,-0.00108815726086187,-0.00609128186562258,-0.00146270563891049,0.0348694214250725,0.0204562774871275,0.0187444025697709,4.40130505555395,4.93983048842681,0.446763870400352,3.14130476052498,0.284816878061422,3.47765825601968,2.2372202048693,1.30581535750356,-0.0653773063531807,6.68216653305042,9.37607325005586,0.678929571376839,0.233003281215062,0.191799556765821,0.012726129268246,0.946177905560687,2.90541139724521,0.63393919672566,0.275451847247371,0.567706743336412,0.236544476390172,0.189362008587896,0.431262283560353,0.00454011543805815,-0.00334206765541003,1.00685321143258,1.00101827824804,1.00582899764302,0.542951020288048,0.0515909360752929,0.405458032480226,1.03179048801959,1.02878224021624,0.643312263646868,0.375486968922955,-0.0187992325698227,-5.31767057537037e-06,0.964903757192422,0.0188058398397199,1.00941875635869,-0.0177375956063269,0.67,0.1,1.025,0.35,0.6,0.25,0.4,0.005,0.975,0.8,0.1,1.16758081859638,0.794293163555634,0.467032327438553,0.24667374225723,0.35325388405029,0.57466682751297,-1.26722465856731,2.40503343526418,5.51776022584633
97,-0.00416921870096327,0.749775904964923,0.0953958550767195,-0.00205906050801208,-0.00599609940951118,-0.00199133198774681,0.0354765764239641,0.0207784034835414,0.0190345592152534,4.32662548012678,4.81141867386307,0.436219655586548,3.10201757393652,0.282163633279828,3.45249039165321,2.2393939586911,1.27840654568224,-0.0653101127201398,6.61107751813239,9.18162829004415,0.665745345377747,0.234538396984939,0.190779577553705,0.0126721692315101,0.942969900777399,2.8852923196775,0.631789833520857,0.272538223682551,0.565781940466439,0.23574247519435,0.189480317670429,0.430795752529479,0.00141613150927074,-0.00315315929649021,1.00724126900279,1.00080993520553,1.00642612904911,0.541954960753358,0.0517002568941366,0.406344771149364,1.03193378415665,1.02887493183811,0.648631481815432,0.370285330488544,-0.0189168123039763,-0.000147782573165661,0.964531034274973,0.0188082496844686,1.00961890252634,-0.0192651801302602,0.67,0.1,1.025,0.35,0.6,0.25,0.4,0.005,0.975,0.8,0.1,1.16576077215461,0.794892165818799,0.466304308861845,0.245108438386644,0.352021092838613,0.577190636221396,-1.26324541972531,2.3588796823728,5.51106872215158
98,-0.00443420809363493,0.752277394679554,0.095653774143939,-0.00323316532962181,-0.00592082898465618,-0.00260426625523646,0.036215008561554,0.0211624257064094,0.0193788185122243,4.23808200059333,4.67073660207261,0.423899231661733,3.06182940723107,0.279032867961264,3.42713288569796,2.24068559245906,1.25166921214955,-0.0652219189106533,6.52558795063489,8.97472108908314,0.650312468020395,0.236324223573595,0.189926868415258,0.0126022873080508,0.939951117206481,2.8647816094941,0.629767248528342,0.269429409394675,0.563970670323888,0.23498777930162,0.189503865991094,0.430326247742997,-0.00161939412002752,-0.00304559588295208,1.00765858722874,1.0005436208659,1.00711110062017,0.541145690714956,0.0517626276786142,0.407091670353391,1.03213453462693,1.02901183164389,0.653807619135526,0.365223425497396,-0.0190310446329212,-0.000273854903767026,0.964052437655288,0.0187707404441202,1.00982078600905,-0.0203573900252694,0.67,0.1,1.025,0.35,0.6,0.25,0.4,0.005,0.975,0.8,0.1,1.16376654075597,0.79521329491593,0.465506616302387,0.243463051881685,0.35097178389119,0.580518445313424,-1.26001947419682,2.31299857621681,5.50413028720029
99,-0.00472312947121341,0.754285626134921,0.0957759896309058,-0.00459905823507301,-0.00586924517121223,-0.00321537750655165,0.0369771941929825,0.0215553635709734,0.0197303528872563,4.14925384030426,4.53573254623581,0.411496594695136,3.02274670534353,0.27557792658621,3.40172314640133,2.24115478565675,1.22567429539347,-0.0651059346488881,6.43907265731831,8.77529335383792,0.634487243861942,0.238098840101393,0.189154638736637,0.0125186572294835,0.937106948339245,2.84404390583822,0.627861655387294,0.266393259902244,0.562264169003547,0.234276737084811,0.18943480874409,0.429846823515778,-0.00458492844044408,-0.00295281746334531,1.00810809239138,1.00025325488143,1.00785284873767,0.540522531882996,0.0517690804088968,0.407708376401666,1.03234855409465,1.02915981156822,0.658829272460849,0.360309832000891,-0.0191391044617396,-0.000382367251979924,0.963552200282159,0.0186908375510953,1.01001863548524,-0.0210131474120522,0.67,0.1,1.025,0.35,0.6,0.25,0.4,0.005,0.975,0.8,0.1,1.1615827617769,0.795243117836991,0.464633104710761,0.241817261009953,0.349947740527462,0.583993005497692,-1.25762200399641,2.26757299297707,5.49695545977404
100,-0.00499518730898096,0.755892245332508,0.0957504510970044,-0.00610989216918945,-0.00584480207381888,-0.00372726360957309,0.0376364529258993,0.0218956264429653,0.0200348549647597,4.07405320450141,4.42377987582611,0.400685227277877,2.98686688328078,0.27198482366887,3.37663735998374,2.24107005880883,1.20052467018759,-0.0649573690126843,6.3654019914017,8.60283095154221,0.62013703754181,0.239571152415882,0.188364372888721,0.0124243556077467,0.934412306114824,2.8234142639272,0.626056245096932,0.263723136992134,0.560647383668894,0.233603076528706,0.189292424324424,0.42935139445594,-0.00742428761235485,-0.00279989913453299,1.00858613066896,0.999979836754474,1.0086064674488,0.540060990473389,0.051711083457722,0.408227914705687,1.03252612264729,1.02928215795973,0.663698768889902,0.355538526113254,-0.019237295003156,-0.000473889183832709,0.963128793123068,0.0185700169571389,1.01020677101393,-0.0212318051372384,0.67,0.1,1.025,0.35,0.6,0.25,0.4,0.005,0.975,0.8,0.1,1.15923248696071,0.79500538278018,0.463692994784285,0.240264848016665,0.348783519290314,0.58685637063453,-1.25615950525949,2.22294276269662,5.4897521165953
101,-0.00502291414507182,0.757452615441596,0.0957303919911521,-0.00605817785311835,-0.00584990978059918,-0.0037977097556553,0.0377845968404846,0.021995312892828,0.0201292278718354,4.05251762749417,4.38076666765349,0.396473293200585,2.96252705020702,0.269509957661676,3.35265709211331,2.24117851403767,1.17626799849169,-0.0647894204160552,6.34428814046338,8.51135766867038,0.613543997380004,0.239716369633219,0.187209975075876,0.0123501669337985,0.931659533537389,2.80368418121261,0.62421188747005,0.262489293351074,0.558995720122433,0.232914883384347,0.189124370701686,0.428797864712353,-0.0100228092217269,-0.00253089364026631,1.00906055173691,0.999951971284203,1.00910901794714,0.539612107691675,0.0516572785924958,0.408730602295262,1.03247180699682,1.0292268167733,0.66847830018458,0.350846497620857,-0.0193247978054374,-0.000490261200660452,0.963128793123068,0.0185700169571389,1.01038040393075,-0.0212318051372384,0.67,0.1,1.025,0.35,0.6,0.25,0.4,0.005,0.975,0.8,0.1,1.15677887610838,0.794640925583829,0.462711550443352,0.239078930797423,0.346934348594795,0.586489898938497,-1.25421667926322,2.17983989188729,5.48326575365813
102,-0.00504978460404972,0.758967358774746,0.09571463652844,-0.00601753977090935,-0.00585392160176956,-0.00386584193350903,0.0379282165214744,0.0220920699369622,0.0202208521269949,4.03184959002032,4.33955217616711,0.392454239233853,2.93927359245104,0.267147581991564,3.32980172789035,2.24145668862002,1.15295319220315,-0.0646081529328125,6.32420838267987,8.42360265085341,0.607273250900441,0.239865944868855,0.186094818890399,0.0122795826078365,0.929010912216607,2.7848317267365,0.622437311185127,0.261326616156126,0.557406547329964,0.232252728054152,0.188963840829324,0.42816618232684,-0.0124365461761097,-0.00231762410046592,1.00951365963314,0.99992496647293,1.00958941268767,0.53917598329721,0.0516070332661567,0.409216971958103,1.03241917529475,1.02917317119676,0.673150196855754,0.346252806149397,-0.0194030030051508,-0.000491154260295564,0.963128793123068,0.0185700169571389,1.01055557252162,-0.0212318051372384,0.67,0.1,1.025,0.35,0.6,0.25,0.4,0.005,0.975,0.8,0.1,1.15442328751134,0.794112118474724,0.461769315004538,0.237943974506461,0.345146713977092,0.586158349496348,-1.25192534512891,2.13836155155228,5.47742846024848
103,-0.0050758164779076,0.760437252544137,0.0957022612812251,-0.00598560856864183,-0.00585707269431202,-0.0039317138790258,0.0380674886514928,0.0221860083317865,0.0203098309587154,4.01200186460854,4.30003743519447,0.388614028381058,2.91695522823904,0.264889690407824,3.30801165664928,2.24189539459488,1.13053464862906,-0.064418386574661,6.30510583467575,8.33937152397801,0.601297584511971,0.240019544810221,0.185017366116869,0.012212252297751,0.926465056713233,2.76680733852451,0.620731587997866,0.260205127446471,0.55587903402794,0.231616264178308,0.188810969337891,0.427558433796432,-0.0146747159031736,-0.00211314336669053,1.00995092875867,0.999898804439703,1.01005314165227,0.538752599691038,0.051559842061571,0.4096875467103,1.0323681523466,1.02912114424946,0.677716896821857,0.341756549242087,-0.019473446063945,-0.000492354769696898,0.963128793123068,0.0185700169571389,1.01073235338089,-0.0212318051372384,0.67,0.1,1.025,0.35,0.6,0.25,0.4,0.005,0.975,0.8,0.1,1.1521644412553,0.793608112594958,0.46086577650212,0.236855890349073,0.34341804795554,0.585859996813486,-1.24939068854662,2.09843005727935,5.47220781445958
104,-0.0051010293776929,0.761863187007134,0.0956925409947992,-0.00596052059240104,-0.00585954774375497,-0.00399538455712922,0.0382025673824622,0.0222772230566887,0.0203962524499754,3.99293167622124,4.26213374403382,0.384940652288252,2.89552471120474,0.262729314270076,3.28722908747142,2.24248566201505,1.10896717787592,-0.0642237524195586,6.28692891250913,8.25848549803518,0.595594101797,0.240176825410252,0.183976123552623,0.0121478876582303,0.924017369105362,2.74956532762181,0.619091637300593,0.259123596089253,0.554410421463218,0.231004342276341,0.188665251137422,0.426975378668679,-0.0167466616136107,-0.00191784950305604,1.01037293339748,0.999873465475419,1.01050079663537,0.538341850706773,0.051515299617974,0.410142838079009,1.03231867703913,1.02907067477411,0.682181132602476,0.337356219590084,-0.0195373521925606,-0.000493556378280255,0.963128793123068,0.0185700169571389,1.01091071561071,-0.0212318051372384,0.67,0.1,1.025,0.35,0.6,0.25,0.4,0.005,0.975,0.8,0.1,1.14999723036172,0.793130569559315,0.459998892144689,0.235811258952512,0.341745906083813,0.585593122959726,-1.24669278633392,2.05996835731792,5.46757240116203
105,-0.00512544413554079,0.763246132776521,0.0956849060452458,-0.00594081039035022,-0.00586149180104023,-0.00405691629779426,0.0383335971059871,0.022365803094965,0.0204801991214585,3.97459966426956,4.22575869903889,0.381423485912704,2.87493965616955,0.260660295557398,3.26739984941823,2.24321871654923,1.0882081062646,-0.0640269733956062,6.26962960157409,8.18077735020509,0.590143055358545,0.24033745515135,0.18296965537994,0.0120862472840489,0.92166349527817,2.73306343084222,0.617514541836374,0.258080736990408,0.552998097166902,0.230415873819543,0.188526234396052,0.426415775188488,-0.0186616785908918,-0.00173192652515557,1.01078022925917,0.999848928643781,1.01093295227132,0.537943564048302,0.0514730793836065,0.410583344912106,1.03227069252134,1.02902170596388,0.686545516291387,0.333050179474776,-0.019595695766163,-0.000494546821963185,0.963128793123068,0.0185700169571389,1.01109055207618,-0.0212318051372384,0.67,0.1,1.025,0.35,0.6,0.25,0.4,0.005,0.975,0.8,0.1,1.14791696212379,0.792677529180737,0.459166784849518,0.234807154123719,0.340127975512895,0.585356074788662,-1.24389242225904,2.0229038490121,5.46349174740501
106,-0.00514908234411622,0.764587115341466,0.0956789090349049,-0.00592532589875927,-0.00586301879095086,-0.00411637337511572,0.0384607139506058,0.0224518323990387,0.0205617488375519,3.95696942349902,4.19083552022615,0.378053047375009,2.85516020022471,0.258677144595285,3.2484731288391,2.24408600216079,1.06821720574706,-0.0638300790687582,6.25316302823983,8.10609044379643,0.58492723989663,0.240501114516146,0.181996584056481,0.0120271269950943,0.919399308892342,2.71726242536785,0.615997536957869,0.257075228603311,0.551639585335405,0.229849827223085,0.188393511936124,0.425878470499898,-0.0204288818641616,-0.00155539014675465,1.01117335267017,0.999825172244163,1.01135016474984,0.537557518752572,0.0514329169377565,0.411009552593358,1.03222414555956,1.02897418469249,0.690812548898244,0.328836706778859,-0.019649255677103,-0.000495182355020982,0.963128793123068,0.0185700169571389,1.01127170256754,-0.0212318051372384,0.67,0.1,1.025,0.35,0.6,0.25,0.4,0.005,0.975,0.8,0.1,1.14591930252845,0.792247258466722,0.458367721011379,0.23384104404674,0.338562065839602,0.58514726239001,-1.24103556378116,1.98716819778824,5.45993636401203
107,-0.00517196600339214,0.765887195260521,0.095674198560866,-0.00591316158962119,-0.00586421819301908,-0.00417382093048557,0.0385840469609185,0.0225353906471848,0.0206409755159354,3.94000713134893,4.15729248449559,0.374820807990531,2.83614879690042,0.256774927566659,3.23040122834547,2.24507919909037,1.04895659928012,-0.0636345700250181,6.23748711198183,8.03427786138922,0.579931517791893,0.24066749564714,0.181055590174989,0.0119703522597206,0.917220895639874,2.70212580599599,0.614538000078716,0.256105737206279,0.550332537383925,0.229305223909969,0.188266714104613,0.425362390616818,-0.0220571150344427,-0.00138813309188063,1.01155282121612,0.999802174166591,1.01175297209103,0.537183458757587,0.0513945968967862,0.411421932568401,1.03217898602576,1.02892806098307,0.69498462896519,0.324714029352127,-0.0196986583173168,-0.000495370466342581,0.963128793123068,0.0185700169571389,1.01145397148078,-0.0212318051372384,0.67,0.1,1.025,0.35,0.6,0.25,0.4,0.005,0.975,0.8,0.1,1.14400022945613,0.791838214081662,0.457600091782451,0.232910714014554,0.337046100774843,0.584965157653884,-1.23815680766624,1.9526971320118,5.45687777283754
108,-0.0051941172512137,0.767147452814834,0.0956704986150251,-0.00590360581567817,-0.0058651602878268,-0.00422932416273381,0.0387037190273649,0.0226165538367677,0.0207179496831394,3.92368124352343,4.12506244424236,0.371719041265558,2.81787003644979,0.254949177167241,3.21313934621977,2.24619023775765,1.03039065214746,-0.0634415436853408,6.22256228031922,7.96520163446357,0.575142447025608,0.240836302127942,0.18014541158689,0.0119157722781499,0.915124539244811,2.68761951250612,0.613133441294023,0.255170934762491,0.549074723546887,0.228781134811203,0.188145503089813,0.424866531331094,-0.0235548898332297,-0.00122995963569739,1.01191913435054,0.99977991216253,1.0121418944713,0.536821103422105,0.0513579426314608,0.411820942107717,1.03213516649036,1.02888328758593,0.699064060324765,0.320680350623356,-0.0197444109481212,-0.00049505668616687,0.963128793123068,0.0185700169571389,1.01163714123887,-0.0212318051372384,0.67,0.1,1.025,0.35,0.6,0.25,0.4,0.005,0.975,0.8,0.1,1.14215599458636,0.791449010895197,0.456862397834545,0.232014205936094,0.335578110544661,0.584808292884115,-1.23528203106948,1.91943022652978,5.45428852224357
109,-0.0052155581592081,0.76836897616712,0.0956675924059526,-0.00589609936220736,-0.00586590027699496,-0.00428294772509674,0.0388198476209772,0.0226953947496153,0.0207927389096355,3.90796224328222,4.09408241476441,0.368740702217753,2.80029048683466,0.253195821295334,3.19664537419621,2.24741130914605,1.01248585565225,-0.0632517906020867,6.20835123289567,7.89873205502498,0.570547988266465,0.24100724883863,0.179264842010434,0.0118632553554639,0.913106708909956,2.67371169734604,0.611781494969671,0.254269511879576,0.547864025345974,0.228276677227489,0.188029568371223,0.424389950732906,-0.0249303484958099,-0.00108061186997849,1.01227277397099,0.999758364049996,1.01251743458319,0.536470155660371,0.0513228081896743,0.412207024249168,1.03209264189669,1.02883981964149,0.703053059087343,0.316733868518911,-0.0197869276062539,-0.000494214531657719,0.963128793123068,0.0185700169571389,1.01182098240737,-0.0212318051372384,0.67,0.1,1.025,0.35,0.6,0.25,0.4,0.005,0.975,0.8,0.1,1.14038309217145,0.791078396915669,0.456153236868578,0.231149770909275,0.33415622494371,0.584675259422428,-1.23243043070298,1.88731068255963,5.45214219296648
110,-0.00523631057960353,0.769552852274662,0.0956653096529713,-0.00589020283546438,-0.00586648151880953,-0.00433475528214167,0.0389325453758961,0.0227719833176369,0.0208654081509478,3.89282243317742,4.06429321746948,0.365879330355486,2.78337855199371,0.251511125824723,3.18087971178917,2.24873487216376,0.995210707782137,-0.0630658681567312,6.19481874413479,7.83474705739649,0.566137273300367,0.241180061851548,0.178412729289059,0.0118126852768897,0.91116404797193,2.66037252595707,0.610479912141193,0.253400187043518,0.546698428783158,0.227791011992982,0.187918623057941,0.423931763003295,-0.0261912429510627,-0.000939789621617962,1.01261420496607,0.999737507867498,1.01288007801772,0.536130308211732,0.0512890719494183,0.412580607875419,1.03205136929946,1.02879761440974,0.706953759939228,0.312872789277013,-0.0198265492162412,-0.000492837860449023,0.963128793123068,0.0185700169571389,1.01200526124898,-0.0212318051372384,0.67,0.1,1.025,0.35,0.6,0.25,0.4,0.005,0.975,0.8,0.1,1.13867823324045,0.790725233231683,0.45547129329618,0.230315831967861,0.332778666970268,0.584564706260681,-1.22961609090777,1.85628510930798,5.45041339616906
111,-0.00525639603165694,0.770700159964302,0.0956635166069505,-0.00588557101312692,-0.00586693806940575,-0.00438480919013962,0.0390419205532685,0.0228463869107998,0.020936020015636,3.87823576045992,4.03563916867692,0.363128971167363,2.76710434466299,0.24989164840158,3.16580509555555,2.25015365841272,0.978535594095319,-0.0628841569524899,6.1819314962922,7.77313166047623,0.561900421078965,0.241354478344029,0.177587973423901,0.0117639584625113,0.909293363576192,2.64757400370132,0.609226553596049,0.252561713027355,0.545576018145715,0.227323340894048,0.187812400924473,0.423491133213142,-0.0273449262914906,-0.000807165504820969,1.01294387573675,0.999717321988185,1.01323029366168,0.535801248452444,0.0512566316293552,0.412942107891553,1.03201130765324,1.02875663105199,0.710768221825056,0.30909533738166,-0.0198635592067157,-0.00049093507083153,0.963128793123068,0.0185700169571389,1.01218974529755,-0.0212318051372384,0.67,0.1,1.025,0.35,0.6,0.25,0.4,0.005,0.975,0.8,0.1,1.13703832410932,0.790388477884873,0.454815329643728,0.229510954749783,0.331443746980486,0.584475338628857,-1.22684918913937,1.82630331101621,5.44907776516619
112,-0.00527583561884769,0.771811964703188,0.0956621082124833,-0.00588193267620585,-0.00586729667860997,-0.00443317027245271,0.0391480774128974,0.0229186705648352,0.0210046349765309,3.86417766931301,4.00806780597132,0.360484112138731,2.75143957155761,0.248334200893993,3.15138644186228,2.25166067474236,0.962432671072997,-0.0627069039530722,6.16965793657268,7.71377746245735,0.557828390808127,0.241530246512068,0.176789524472554,0.011716981728475,0.907491617222089,2.63528982462888,0.6080193835388,0.25175288116432,0.544494970333253,0.226872904305522,0.187710653994761,0.423067272921673,-0.0283983530998527,-0.000682396243384951,1.013262218696,0.999697785203058,1.01356853410472,0.535482662068822,0.0512254003647363,0.413291925476007,1.03197241764012,1.02871683045325,0.714498433080699,0.305399762557922,-0.0198981956386206,-0.000488524717466043,0.963128793123068,0.0185700169571389,1.01237420740413,-0.0212318051372384,0.67,0.1,1.025,0.35,0.6,0.25,0.4,0.005,0.975,0.8,0.1,1.13546044831729,0.790067172832758,0.454184179326915,0.228733824334167,0.330149857307298,0.584405916553747,-1.22413692243662,1.79731808188647,5.44811194205893
113,-0.00529464996991945,0.772889314698195,0.0956610019518352,-0.00587907475453631,-0.0058675783575034,-0.00447989766781109,0.0392511165132929,0.0229888971622909,0.0210713115380675,3.85062497457124,3.98152964574109,0.357939630208508,2.73635742914538,0.246835818653324,3.13759070189171,2.25324920391752,0.946875753443156,-0.0625342554689708,6.15796815340528,7.65658218136616,0.553912863913325,0.241707125474472,0.176016380382082,0.0116716705204636,0.905755916057876,2.62349523831231,0.606856463758777,0.250972524013322,0.543453549634726,0.226438979014469,0.187613150557954,0.422659436413238,-0.0293580860553252,-0.000565131135642213,1.01356965074999,0.999678876780231,1.0138952360527,0.53517423584175,0.0511953036194296,0.41363044838403,1.03193466152802,1.02867817507672,0.718146316075899,0.301784344552101,-0.0199306606279996,-0.000485632211289922,0.963128793123068,0.0185700169571389,1.0125584286078,-0.0212318051372384,0.67,0.1,1.025,0.35,0.6,0.25,0.4,0.005,0.975,0.8,0.1,1.1339418513006,0.789760433344586,0.45357674052024,0.227983226883999,0.328895467296242,0.584355253388073,-1.22148421921338,1.76928501043003,5.44749356030367
114,-0.00531285919836052,0.773933238035011,0.0956601330097391,-0.00587682986543658,-0.00586779960963302,-0.00452504873427173,0.0393511349562652,0.0230571275775835,0.0211361063697662,3.83755575274588,3.95597796683811,0.355490748270487,2.72183250857536,0.245393735156482,3.12438672775846,2.25491280368767,0.931840206437084,-0.0623662823662988,6.14683376806971,7.60144923586756,0.55014614857589,0.241884885161048,0.175267584805939,0.0116279475152189,0.90408350482895,2.61216693174699,0.605735948235396,0.250219516820858,0.54245010289737,0.226020876207237,0.187519673524886,0.422266917446464,-0.0302303068858982,-0.000455018332230293,1.01386657376401,0.999660576505648,1.0142108207448,0.534875659738412,0.0511662767542485,0.413958051287627,1.03189800305309,1.02864062884328,0.721713731419357,0.298247396251622,-0.019961127670979,-0.000482287349121282,0.963128793123068,0.0185700169571389,1.01274220010562,-0.0212318051372384,0.67,0.1,1.025,0.35,0.6,0.25,0.4,0.005,0.975,0.8,0.1,1.13247992726317,0.789467439316605,0.452991970905267,0.227258035034831,0.327679118716405,0.584322214312921,-1.21889428589545,1.74216229411675,5.44720122407018
115,-0.00533048287609451,0.774944740629463,0.0956594504755933,-0.00587506652067571,-0.00586797339805223,-0.00456867899549074,0.0394482265886485,0.0231234207943667,0.0211990744137114,3.82494924708151,3.93136861630793,0.353132998855808,2.70784070858468,0.244005360914976,3.11174514873493,2.25664530450799,0.91730284354435,-0.0622029993174009,6.13622783871658,7.54828736166654,0.546521101962551,0.24206330618127,0.174542224940625,0.0115857415091687,0.902471758400701,2.60128292391722,0.60465607812847,0.249492778088068,0.541483055040421,0.225617939600175,0.18743001905419,0.421889046417419,-0.0310208302227094,-0.000351709441262193,1.01415337501551,0.999642864709525,1.01451569437271,0.534586628464622,0.0511382631105259,0.414275096139655,1.03186240732094,1.0286041570306,0.725202481773102,0.294787265569378,-0.0199897473424805,-0.000478522477343437,0.963128793123068,0.0185700169571389,1.01292532453548,-0.0212318051372384,0.67,0.1,1.025,0.35,0.6,0.25,0.4,0.005,0.975,0.8,0.1,1.13107220781989,0.789187428105189,0.452428883127955,0.226557196206063,0.326499421509896,0.584305714818225,-1.21636902651466,1.71591056472722,5.44721448509967
116,-0.00534754001807831,0.775924804812085,0.0956589143604624,-0.00587368143122557,-0.0058681099048814,-0.00461084211893215,0.0395424821709587,0.0231878340016922,0.0212602689721383,3.81278578406968,3.90765983393183,0.350862193544595,2.6943591554142,0.242668265781816,3.09963825668994,2.25844080613057,0.903241830046437,-0.062044379487073,6.12612477447973,7.4970102595492,0.543031066370605,0.242242179671936,0.173839429407415,0.0115449865312667,0.9009181747916,2.59082247109842,0.603615177110372,0.248791269478899,0.54055090487496,0.2252295436979,0.187343995392461,0.421525187859691,-0.0317351192834437,-0.000254862856449221,1.01443042763615,0.999625722281831,1.01481024850034,0.534306842597836,0.0511112124982755,0.414581932552642,1.03182784072277,1.0285687261878,0.728614315317663,0.29140233641683,-0.0200166517344928,-0.000474371139367641,0.963128793123068,0.0185700169571389,1.01310761673771,-0.0212318051372384,0.67,0.1,1.025,0.35,0.6,0.25,0.4,0.005,0.975,0.8,0.1,1.1297163520788,0.788919688563611,0.451886540831522,0.22587972319491,0.325355049847755,0.584304719167127,-1.2139093645874,1.69049272447048,5.44751381765487
117,-0.00536404907522951,0.776874388405187,0.0956584932540521,-0.00587259346093671,-0.00586821712790753,-0.00465158991797343,0.0396339895205904,0.0232504226739903,0.0213197417798741,3.8010466993914,3.88481209294205,0.348674396972734,2.68136612892692,0.241380163977289,3.0880398999394,2.26029367325582,0.88963659240608,-0.0618903657225069,6.11650025788595,7.44753627168819,0.539669816358676,0.242421307123742,0.173158366196627,0.0115056211311594,0.899420368663236,2.58076598133472,0.602611647004369,0.248113995249134,0.539652221197942,0.224855092165809,0.187261421885012,0.421174738220884,-0.0323783025932702,-0.000164146111831706,1.01469809104453,0.999609130679394,1.015094860483,0.534036009394879,0.051085080002121,0.414878898185143,1.03179427086313,1.02853430406224,0.731950928904831,0.288091029012786,-0.0200419579176168,-0.000469867091403624,0.963128793123068,0.0185700169571389,1.01328890412425,-0.0212318051372384,0.67,0.1,1.025,0.35,0.6,0.25,0.4,0.005,0.975,0.8,0.1,1.12841013789911,0.788663556036456,0.451364055159646,0.225224686555873,0.32424473846405,0.584318238850411,-1.21151548984434,1.66587379269449,5.44808059205544
118,-0.00538002793367227,0.777794424181727,0.0956581624843485,-0.00587173887612646,-0.00586830134918959,-0.00469097237168392,0.0397228336354481,0.0233112406387646,0.0213775430653081,3.78971427168455,3.86278795475804,0.346565904545786,2.66884099425389,0.240138901301869,3.07692538479081,2.26219853040921,0.876467733447203,-0.0617408790656044,6.1073311741582,7.39978808331368,0.536431514586717,0.242600500187673,0.172498240685989,0.0114675878046662,0.897976065222836,2.57109493682208,0.6016439636993,0.247460001333379,0.538785639133701,0.224494016305709,0.187182128123229,0.420837123867857,-0.0329551911649714,-7.9237496662548e-05,1.01495671137047,0.999593071926659,1.01536989388511,0.533773843347907,0.0510598250368692,0.415166319130198,1.03176166649697,1.02850085953598,0.735213970930598,0.284851799715251,-0.0200657706458495,-0.000465043597918784,0.963128793123068,0.0185700169571389,1.01346902675528,-0.0212318051372384,0.67,0.1,1.025,0.35,0.6,0.25,0.4,0.005,0.975,0.8,0.1,1.12715145411716,0.788418408118887,0.450860581646865,0.224591208379302,0.323167279243313,0.584345331037301,-1.20918704717501,1.64202076285692,5.44889704720911
119,-0.005395493918736,0.778685819618999,0.0956579026720761,-0.00587106761352085,-0.00586836750313036,-0.00472903765747379,0.039809096802554,0.0233703401349978,0.0214337216027201,3.77877166286368,3.84155193597583,0.344533223162892,2.656764138397,0.23894244411892,3.0662713841356,2.26415025618715,0.863716953163621,-0.0615958252151736,6.0985955463117,7.35369244724433,0.533310674593637,0.242779580462748,0.171858293740265,0.011430832526999,0.896583094500671,2.56179182315595,0.600710673315449,0.246828374193863,0.537949856700403,0.224145773625168,0.187105953201872,0.420511799283058,-0.0334702957207521,1.72890318733522e-07,1.01520662187176,0.99957752861167,1.01563569889551,0.533520066546156,0.0510354105992718,0.415444510301817,1.03172999747408,1.02846836256987,0.738405043957135,0.281683140517945,-0.0200881844750796,-0.00045993293869044,0.963128793123068,0.0185700169571389,1.01364783720043,-0.0212318051372384,0.67,0.1,1.025,0.35,0.6,0.25,0.4,0.005,0.975,0.8,0.1,1.12593829357584,0.788183661029511,0.450375317430337,0.223978457168759,0.322121518039279,0.584385097028651,-1.20692328114732,1.61890246932052,5.44994626247983
120,-0.00541046380248795,0.779549456878828,0.0956576985952694,-0.00587054034836409,-0.00586841946558481,-0.00476583219291338,0.0398928607960987,0.0234277734727261,0.0214883263320442,3.76820268305713,3.82107004553614,0.342573020416035,2.64511684434673,0.237788859821305,3.05605584516761,2.26614397148843,0.851366972960783,-0.061455099281608,6.09027229425531,7.3091795215319,0.53030208518799,0.242958384775204,0.171237801866317,0.0113953042322578,0.895239385970338,2.55284005879067,0.599810388600126,0.246218233715638,0.537143631582203,0.223809846492585,0.187032745065464,0.420198245422052,-0.033927845205262,7.43809636563059e-05,1.0154481433437,0.999562483878499,1.01589261273949,0.533274408888441,0.0510118026740209,0.415713775816498,1.0316992332219,1.02843678244698,0.741525707087347,0.278583578342926,-0.020109285430273,-0.000454566075320162,0.963128793123068,0.0185700169571389,1.01382520024423,-0.0212318051372384,0.67,0.1,1.025,0.35,0.6,0.25,0.4,0.005,0.975,0.8,0.1,1.12476874682656,0.78795876647806,0.449907498730624,0.223385640869758,0.321106355400114,0.584436693968134,-1.2047231436678,1.59648945977996,5.45121211592647
121,-0.005424953813854,0.780386192960637,0.0956575382974259,-0.00587012619120986,-0.00586846028094612,-0.00480140068388368,0.039974198117703,0.0234835863027964,0.0215413997668011,3.75799250055525,3.80131110933874,0.340682253346947,2.63388151271512,0.236676349910559,3.04625793413645,2.26817505099866,0.839401473090042,-0.0613185899522606,6.08234193317085,7.26618434544059,0.527400968380092,0.243136741404268,0.170636066985422,0.0113609550748469,0.893942962814685,2.54422395464033,0.598941785085839,0.245628756068648,0.536365777688811,0.223485740703671,0.186962359787333,0.419895968397103,-0.0343317981926969,0.000143675013820713,1.01568158469729,0.999547921417077,1.01614096026266,0.533036608181512,0.050988969761053,0.415974409367552,1.03166934890372,1.02840609494614,0.744577478348045,0.275551673968608,-0.0201291523166531,-0.000448972435991952,0.963128793123068,0.0185700169571389,1.01400099248151,-0.0212318051372384,0.67,0.1,1.025,0.35,0.6,0.25,0.4,0.005,0.975,0.8,0.1,1.12364099555782,0.787743209288392,0.449456398223129,0.22281201460016,0.320120727856868,0.58449927670775,-1.20258538738113,1.57475389158301,5.45267929930401
122,-0.00543897965059409,0.781196859985342,0.0956574123869862,-0.00586980087863476,-0.00586849234051479,-0.00483578617688751,0.0400531861149771,0.02353782841634,0.0215929885629163,3.74812639598685,3.78224438046511,0.338857926819766,2.62304118180061,0.235603177590816,3.03685793732461,2.27023909606858,0.827805022974656,-0.0611861817186272,6.07478533827131,7.22464391155496,0.524602661954232,0.243314507724186,0.170052428618256,0.011327739262278,0.892691939352209,2.53592863820319,0.59810359936598,0.245059133969291,0.535615163611326,0.223172984838052,0.186894661508311,0.419604497062311,-0.0346858644899072,0.000208324734605348,1.01590724277916,0.999533825451153,1.01638105375836,0.532806410151706,0.0509668824983115,0.416226694590702,1.03164031549578,1.02837627079631,0.747561836253476,0.272586021493326,-0.0201478577468015,-0.000443179794459819,0.963128793123068,0.0185700169571389,1.01417510183797,-0.0212318051372384,0.67,0.1,1.025,0.35,0.6,0.25,0.4,0.005,0.975,0.8,0.1,1.12255331011442,0.78753650306654,0.449021324045769,0.222256859886481,0.319163631251803,0.584572087485764,-1.20050861891846,1.55366941388516,5.45433324093023
123,-0.00545255649256585,0.781982265577117,0.095657313487092,-0.00586954535197837,-0.00586851752260276,-0.00486903011386974,0.0401298971013277,0.0235905461495153,0.0216431360779848,3.73859056883061,3.76384106878181,0.337097244595274,2.61257977529099,0.234567706614225,3.02783720119646,2.27233193514793,0.816563023217981,-0.0610577571694576,6.06758452514171,7.1844988788553,0.521902807509038,0.243491542619931,0.169486252254409,0.0112956134689965,0.891484514099343,2.52794001091006,0.59729462444656,0.244508602124044,0.534890708459606,0.222871128524836,0.186829521456757,0.419323383756667,-0.0349935181732104,0.000268589312586051,1.01612540339602,0.999520180724971,1.01661319400175,0.532583568391241,0.0509455133596751,0.416470905419852,1.03161210679005,1.02834728384061,0.750480222070411,0.26968524691359,-0.0201654689840004,-0.000437214205459683,0.963128793123068,0.0185700169571389,1.0143474270427,-0.0212318051372384,0.67,0.1,1.025,0.35,0.6,0.25,0.4,0.005,0.975,0.8,0.1,1.12150404161133,0.787338191869689,0.448601616644531,0.221719494496984,0.318234099422877,0.584654388700847,-1.19849135169942,1.53321107086452,5.45616009564259
124,-0.00546569901583958,0.782743193317255,0.0956572358033865,-0.00586934464091171,-0.00586853730258163,-0.00490117238829857,0.0402044012317235,0.0236417845627802,0.0216918844997368,3.72937185267349,3.74607378408346,0.335397552060258,2.60248196846229,0.233568382105562,3.01917807485071,2.27444962139683,0.805661652048321,-0.0609331985944417,6.06072237027009,7.14569283002987,0.519297272006477,0.243667713908761,0.168936930356559,0.0112645364350983,0.890318966429874,2.52024469021867,0.596513707508016,0.243976417518944,0.534191379857924,0.222579741607468,0.186766817708989,0.419052202587259,-0.0352579952258877,0.000324732352277761,1.01633634373417,0.999506972489081,1.01683767268094,0.532367844255809,0.0509248364121185,0.416707306432335,1.03158469740683,1.02831910873222,0.753334041586319,0.266848006998992,-0.0201820485853112,-0.000431105749234469,0.963128793123068,0.0185700169571389,1.01451787934792,-0.0212318051372384,0.67,0.1,1.025,0.35,0.6,0.25,0.4,0.005,0.975,0.8,0.1,1.12049161861358,0.787147847317953,0.448196647445434,0.221199265991509,0.317331206569611,0.584745479974752,-1.19653204384063,1.51335521245568,5.45814672862271
125,-0.0054784214073298,0.783480403249991,0.0956571747845315,-0.00586918698646421,-0.00586855283932275,-0.00493225140157305,0.0402767661427236,0.0236915871779212,0.0217392745924822,3.72045774163546,3.72891654784827,0.33375633596983,2.59273318947673,0.232603729331629,3.01086383157643,2.2765884096328,0.795087810810005,-0.0608123888663714,6.05418261406291,7.10817222784973,0.516782145390351,0.24384289731826,0.168403881948848,0.011234468955263,0.889193651265753,2.51283000214034,0.595759746348055,0.243461903890372,0.533516190759452,0.222298412816438,0.186706434523606,0.418790544113937,-0.0354823613233643,0.000376950674446643,1.01654032350854,0.999494186485633,1.0170547635528,0.53215900672639,0.050904827119589,0.416936153183223,1.03155806293346,1.02829172108244,0.756124666202606,0.264072988778841,-0.0201976549814461,-0.00042486433787473,0.963128793123068,0.0185700169571389,1.01468637466801,-0.0212318051372384,0.67,0.1,1.025,0.35,0.6,0.25,0.4,0.005,0.975,0.8,0.1,1.11951454136407,0.786965058977678,0.447805816545629,0.2206955526805,0.316454066961668,0.584844694940865,-1.19462912080041,1.49407940250986,5.46028065029024
126,-0.0054907373796875,0.784194632424567,0.0956571268555514,-0.00586906315215741,-0.00586856504309374,-0.00496230411906284,0.0403470574801304,0.0237399963337099,0.0217853460342525,3.71183628997141,3.71234461303382,0.332171205836945,2.58331953198923,0.231672344354496,3.00287863458783,2.27874476513557,0.784829082034094,-0.0606952125818384,6.04794976921849,7.07188610808943,0.514353711185801,0.244016976966333,0.167886550230916,0.011205373576198,0.888106999460262,2.50568390180723,0.595031689638376,0.242964378837933,0.532864199676157,0.222026749865065,0.186648262854824,0.418538020439741,-0.035669466895564,0.00042548805872377,1.01673759934704,0.999481808933414,1.01726473684603,0.531956832245338,0.0508854621837696,0.417157692528482,1.03153217970873,1.02826509723656,0.758853434463865,0.261358908413626,-0.0202123428774907,-0.000418518074907505,0.963128793123068,0.0185700169571389,1.0148528408445,-0.0212318051372384,0.67,0.1,1.025,0.35,0.6,0.25,0.4,0.005,0.975,0.8,0.1,1.11857138318311,0.786789444310983,0.447428553273246,0.220207758666523,0.315601830927302,0.584951401680487,-1.19278100221713,1.47536234983844,5.46255002832049
127,-0.00550266018625938,0.784886595461341,0.0956570892083818,-0.00586896588289876,-0.00586857462888979,-0.00499136612527407,0.0404153387945576,0.0237870531023094,0.0218301373347784,3.70349610461449,3.69633442937409,0.330639889711997,2.57422773527673,0.230772891290371,2.99520747577954,2.2809153504985,0.774873681786171,-0.0605815565051326,6.04200910085589,7.03678597903653,0.51200843903337,0.244189844804874,0.16738440171725,0.0111772145361342,0.887057509663924,2.49879495011901,0.594328531474829,0.242483201824719,0.532234505798354,0.221764377415981,0.186592199061975,0.418294262357123,-0.0358219801378273,0.000470555661143253,1.01692841569264,0.999469826512809,1.01746785017087,0.531761104534482,0.0508667194140026,0.41737216293694,1.03150702486064,1.02823921431553,0.761521653822839,0.258704509805215,-0.0202261636280541,-0.000412086296178272,0.963128793123068,0.0185700169571389,1.01501721425915,-0.0212318051372384,0.67,0.1,1.025,0.35,0.6,0.25,0.4,0.005,0.975,0.8,0.1,1.11766078114179,0.78662064372555,0.447064312456715,0.219735313479984,0.314773683689752,0.585065000709615,-1.19098611436018,1.45718382781027,5.46494364753099
128,-0.00551420263596821,0.78555698513245,0.0956570596373498,-0.00586888947994713,-0.00586858215832364,-0.00501947167777805,0.0404816716031865,0.0238327973218464,0.0218736858644509,3.6954263162614,3.68086357591973,0.329160226967424,2.56544515157662,0.229904098234051,2.98783612815892,2.28309701815634,0.765210419979563,-0.0604713099769825,6.03634658980595,7.00282567904403,0.509742972881507,0.244361400327877,0.166896925062299,0.0111499576570141,0.886043746571708,2.49215227877206,0.593649310203045,0.242017760075676,0.531626247943025,0.221510936642927,0.186538144939672,0.418058916708855,-0.0359423985561582,0.00051235362217822,1.01711300754548,0.999458226350852,1.01766435127468,0.531571614401258,0.0508485776203034,0.417579794791146,1.03148257627828,1.02821405018865,0.764130601621351,0.256108563909528,-0.0202391655308788,-0.000405586816262526,0.963128793123068,0.0185700169571389,1.01517943928686,-0.0212318051372384,0.67,0.1,1.025,0.35,0.6,0.25,0.4,0.005,0.975,0.8,0.1,1.11678143474931,0.786458316025285,0.446712573899725,0.219277670661174,0.313968843596522,0.585184923638594,-1.18924290131641,1.43952460825333,5.46745088396396
129,-0.00552537710800607,0.786206472949712,0.0956570364099478,-0.00586882946705003,-0.0058685880725301,-0.0050466537596493,0.0405461154500959,0.0238772676285282,0.0219160278829534,3.68761655191694,3.66591069795236,0.327730161655633,2.55695971262387,0.229064753527196,2.98075110043986,2.28528680300724,0.755828662621033,-0.0603643651884095,6.03094889778146,6.96996124341058,0.507554120243232,0.24453155028109,0.16642362994975,0.0111235702488122,0.885064337707638,2.48574555757621,0.592993106264118,0.241567467235173,0.531038602624583,0.22126608442691,0.186486007423808,0.41783164652769,-0.0360330597609298,0.000551071573741978,1.01729160080438,0.999446996006454,1.01785447839579,0.531388159537461,0.05083101652469,0.417780810677287,1.03145881258492,1.02818958344731,0.766681526233374,0.253569867846284,-0.0202513940796585,-0.000399036007838769,0.963128793123068,0.0185700169571389,1.01533946776616,-0.0212318051372384,0.67,0.1,1.025,0.35,0.6,0.25,0.4,0.005,0.975,0.8,0.1,1.11593210277828,0.786302139083012,0.446372841111311,0.218834306479179,0.313186560450672,0.585310631870973,-1.1875498330648,1.42236639837616,5.47006167971774
130,-0.0055361955662611,0.786835709754134,0.0956570181653288,-0.00586878232819943,-0.00586859271801043,-0.00507294413024617,0.040608727965259,0.0239205014883474,0.0219571985675995,3.68005690909736,3.6514554479409,0.326347736375423,2.54875989913618,0.22825370231183,2.97393959455385,2.28748191513187,0.746718296775203,-0.0602606173532135,6.02580333428816,6.93815077997018,0.505438842357573,0.244700208373444,0.165964046044295,0.0110980210235341,0.88411797037399,2.47956496392102,0.592359040150573,0.241131762124424,0.530470782224394,0.221029492593497,0.186435698314505,0.417612130224179,-0.0360961515915634,0.000586889098532262,1.01746441260137,0.999436123455907,1.01803846061029,0.531210544314145,0.0508140166870724,0.417975425664398,1.03143571311219,1.02816579337981,0.76917564812707,0.251087244052566,-0.0202628921796355,-0.000392448883736437,0.963128793123068,0.0185700169571389,1.01549725849008,-0.0212318051372384,0.67,0.1,1.025,0.35,0.6,0.25,0.4,0.005,0.975,0.8,0.1,1.11511160027024,0.7861518087209,0.446044640108097,0.218404718758584,0.312426113940517,0.585441615340129,-1.1859054111844,1.4056917822279,5.4727665184999
131,-0.00554666957342104,0.787445326302731,0.0956570038345774,-0.00586874530164172,-0.00586859636693426,-0.00509837337422792,0.0406695649222942,0.0239625352284063,0.0219972320414043,3.6727379315625,3.63747843023547,0.325011086591978,2.54083471211648,0.227469843337235,2.96738946587258,2.28967973263143,0.737869698045763,-0.0601599648046187,6.02089782516963,6.90735435274661,0.503394245141899,0.244867294991215,0.165517722002396,0.0110732800173048,0.883203388761222,2.47360115422151,0.591746270470019,0.240710107552459,0.529922033256733,0.220800847190305,0.186387134015518,0.417400060816519,-0.0361337216056643,0.000619976187233213,1.01763165162744,0.999425597078712,1.01821651816998,0.531038579575349,0.0507975594427477,0.418163847573145,1.03141325787515,1.02814265994719,0.771614160852332,0.24865953948141,-0.0202737003337421,-0.000385839179691676,0.963128793123068,0.0185700169571389,1.01565277671935,-0.0212318051372384,0.67,0.1,1.025,0.35,0.6,0.25,0.4,0.005,0.975,0.8,0.1,1.11431879571389,0.786007037662494,0.445727518285556,0.217988425797998,0.311686812161093,0.585577391284126,-1.18430817276612,1.38948416635908,5.47555640192191
132,-0.00555681030471405,0.788035933849381,0.0956569925780837,-0.00586871621807605,-0.00586859923308458,-0.00512297094875414,0.0407286802950197,0.0240034040678721,0.0220361614008934,3.66565058646117,3.62396114922295,0.323718435363871,2.53317364584642,0.22671212599357,2.96108918594962,2.29187779460271,0.72927370038246,-0.0600623090355517,6.01622088269111,6.87753387308311,0.501417570841178,0.245032736915845,0.165084224538696,0.0110493185192888,0.882319391209394,2.46784523719091,0.591153992110294,0.240301989180497,0.529391634725636,0.220579847802348,0.186340235288611,0.417195145202874,-0.0361476859669312,0.000650493688922386,1.01779351844959,0.999415405643762,1.01838886283126,0.530872082432662,0.050781626849173,0.418346277234481,1.03139142754834,1.02812016375984,0.773998231960589,0.246285624844716,-0.0202838568053053,-0.000379219436202794,0.963128793123068,0.0185700169571389,1.0158059937188,-0.0212318051372384,0.67,0.1,1.025,0.35,0.6,0.25,0.4,0.005,0.975,0.8,0.1,1.11355260838241,0.785867554554996,0.445421043352965,0.217584965367622,0.310967990221327,0.585717503059087,-1.18275669296581,1.37372772936306,5.47842282654789
133,-0.00556662856126067,0.788608124717277,0.0956569837363527,-0.00586869337356155,-0.00586860148438328,-0.0051467652288455,0.0407861263128397,0.0240431421485586,0.0220740187436426,3.65878624278761,3.6108859606942,0.322468088437352,2.52576666245813,0.225979547549544,2.9550278076044,2.29407379426491,0.720921568036875,-0.0599675546973838,6.01176157707697,6.84865299770697,0.499506190295944,0.245196467046153,0.164663137544848,0.0110261090064309,0.881464827612454,2.46228874880303,0.590581434500344,0.239906914438866,0.528878896567472,0.220366206903114,0.186294927021702,0.416997103473264,-0.0361398377661022,0.000678593751352376,1.01795020581887,0.999405538295933,1.0185556981749,0.530710876062139,0.0507662016401815,0.418522908738516,1.03137020344266,1.02809828605509,0.776329003862951,0.243964393899011,-0.0202933977619621,-0.000372601078310269,0.963128793123068,0.0185700169571389,1.01595688631758,-0.0212318051372384,0.67,0.1,1.025,0.35,0.6,0.25,0.4,0.005,0.975,0.8,0.1,1.11281200581839,0.785733103054852,0.445124802327356,0.217193893775652,0.310269008931273,0.585861518991178,-1.18124958653435,1.35840737500255,5.48135776170427
134,-0.00557613478302115,0.789162472861162,0.0956569767913652,-0.00586867542968827,-0.00586860325272953,-0.00516978355091335,0.0408419535149711,0.024081782565119,0.0221108351955286,3.65213665105776,3.59823602619451,0.321258429673696,2.51860416798068,0.225271150574817,2.94919493218522,2.29626557225032,0.712804969503315,-0.0598756095684164,6.00750950942402,6.82067703323318,0.497657595763307,0.245358424125634,0.16425406125769,0.0110036250832104,0.880638596957335,2.45692362881961,0.590027859961414,0.239524411495418,0.528383158174401,0.220159649239334,0.18625113800969,0.416805668258406,-0.0361118548087955,0.000704420248525704,1.01810189896954,0.999395984543064,1.01871721991662,0.530554789504677,0.0507512671861966,0.418693929673931,1.03134956748304,1.02807700867552,0.778607594632222,0.241694762772158,-0.0203023574043798,-0.000365994492476311,0.963128793123068,0.0185700169571389,1.01610543649324,-0.0212318051372384,0.67,0.1,1.025,0.35,0.6,0.25,0.4,0.005,0.975,0.8,0.1,1.11209600145587,0.785603440970787,0.444838400582349,0.216814784995224,0.309589253564248,0.586009031267095,-1.17978550858138,1.34350868864794,5.48435362805139
135,-0.00558533906132997,0.789699534418043,0.0956569713362284,-0.00586866133516351,-0.005868604641727,-0.0051920522544866,0.0408962108035072,0.0241193573948264,0.0221466409376655,3.64569392412337,3.5859952701493,0.320087916779985,2.51167698976527,0.224586020530415,2.94358067886119,2.2984511100682,0.704915953293649,-0.0597863845006669,6.00345478591985,6.79357284665175,0.495869394235486,0.24551855247537,0.163856611473849,0.0109818414257532,0.879839644990321,2.45174219876996,0.589492562143515,0.239154028273803,0.527903786994193,0.21995991124758,0.18620880074709,0.416620584113193,-0.0360653069029629,0.000728109194063634,1.01824877590914,0.999386734243363,1.0188736162083,0.530403657470643,0.0507368074593,0.418859521358277,1.03132950218697,1.02805631404799,0.780835098753737,0.239475669328825,-0.0203107680825627,-0.000359409100099094,0.963128793123068,0.0185700169571389,1.01625163097913,-0.0212318051372384,0.67,0.1,1.025,0.35,0.6,0.25,0.4,0.005,0.975,0.8,0.1,1.11140365237045,0.785478339459324,0.444561460948178,0.216447229845169,0.308928132689052,0.586159654862812,-1.17836315476937,1.32901789677547,5.48740327691439
136,-0.00559425115101538,0.790219848245448,0.095656967051337,-0.00586865026421912,-0.00586860573275438,-0.00521359672217425,0.0409489454953142,0.0241558977269203,0.0221814652330009,3.63945051904967,3.57414833957371,0.318955077317363,2.50497635520061,0.223923283512687,2.93817565580447,2.30062852374929,0.697246925406608,-0.0596997933514307,5.99958799330036,6.76730878137917,0.49413930120839,0.245676801733074,0.16347041880802,0.0109607337297711,0.879066962003631,2.44673714127977,0.588974864542433,0.238795331519926,0.527440177202179,0.219766740500908,0.186167851231678,0.416441606932654,-0.0360016626774778,0.000749789139229254,1.01839100769965,0.999377777593229,1.01902506792997,0.530257320149316,0.0507228070022534,0.419019859059512,1.03130999064364,1.02803618516352,0.783012587829557,0.237306072572345,-0.0203186604019021,-0.000352853427296985,0.963128793123068,0.0185700169571389,1.01639546089493,-0.0212318051372384,0.67,0.1,1.025,0.35,0.6,0.25,0.4,0.005,0.975,0.8,0.1,1.11073405714905,0.785357582268523,0.44429362285962,0.21609083521904,0.308285077067843,0.586313026510235,-1.17698126108791,1.31492182929275,5.49049997036665
137,-0.00560288048210626,0.790723936446622,0.095656963685648,-0.00586864156823208,-0.00586860658973265,-0.0052344414179164,0.0410002033727436,0.0241914336914877,0.0222153364525416,3.63339921998911,3.56268056619068,0.317858504963988,2.49849387163647,0.223282104138089,2.93297093313455,2.30279605767612,0.689790628362937,-0.059615752904506,5.99590017548539,6.74185457848804,0.492465134859462,0.245833126598611,0.1630951279923,0.0109402786618913,0.878319580735582,2.44190148065502,0.58847411909284,0.238447905914654,0.526991748441349,0.219579895183896,0.186128228778454,0.41626850339849,-0.0359222959618152,0.000769581555106518,1.01852875872959,0.999369105115483,1.01917174897246,0.530115623023532,0.0507092509007567,0.4191751122091,1.03129101649397,1.02801660555774,0.785141111240075,0.23518495208057,-0.0203260633206447,-0.000346335170874743,0.963128793123068,0.0185700169571389,1.01653692139918,-0.0212318051372384,0.67,0.1,1.025,0.35,0.6,0.25,0.4,0.005,0.975,0.8,0.1,1.11008635387212,0.78524096502625,0.444034541548848,0.215745223357816,0.307659538615521,0.586468803701256,-1.1756386033227,1.30120788447753,5.49363736205646
138,-0.0056112361711316,0.791212304882261,0.0956569610419723,-0.00586863473772259,-0.00586860726287042,-0.00525460992358084,0.0410500287331519,0.0242259944878555,0.0222482821011792,3.62753312198918,3.5515779307959,0.316796856012432,2.49222150743926,0.222661683557621,2.92795801750633,2.30495207860317,0.682540121687911,-0.059534182784749,5.99238281133536,6.71718130275827,0.49084481059932,0.24598748658634,0.162730397214134,0.0109204538140161,0.877596574378113,2.43722856463477,0.587989704833336,0.238111353230878,0.526557944626868,0.219399143594528,0.186089875843323,0.416101050454393,-0.0358284917553049,0.000787601198589161,1.01866218697731,0.999360707648013,1.01931382651088,0.529978416689744,0.050696124758377,0.41932544460702,1.03127256391116,1.0279975592921,0.787221696766753,0.233111307473332,-0.020333004240085,-0.0003398612603722,0.963128793123068,0.0185700169571389,1.01667601136344,-0.0212318051372384,0.67,0.1,1.025,0.35,0.6,0.25,0.4,0.005,0.975,0.8,0.1,1.10945971820123,0.785128294569745,0.443783887280491,0.215410031162424,0.307050989416798,0.586626663728629,-1.17433399630633,1.28786399633229,5.49680947876489
139,-0.0056193270320207,0.791685443668588,0.0956569589654225,-0.00586862937250554,-0.00586860779160558,-0.00527412497396507,0.0410984644372147,0.0242596084124684,0.0222803288430911,3.62184561567751,3.54082702972032,0.315768846083504,2.48615157410871,0.222061257590957,2.92312882823227,2.30709506986893,0.675488763732046,-0.0594550053687031,5.98902779347504,6.69326127322063,0.489276335966173,0.246139845784524,0.162375897490555,0.0109012376604146,0.876897054685809,2.43271204723352,0.587521026639492,0.237785291532861,0.526138232811486,0.219224263671452,0.186052737855917,0.415939034808498,-0.0357214518127379,0.000803956462268731,1.01879144426534,0.999352576332819,1.01945146126891,0.529845556683644,0.0506834146736988,0.419471014618994,1.03125461758204,1.02797903093569,0.789255351179341,0.231084157909164,-0.0203395090885051,-0.000333437916265853,0.963128793123068,0.0185700169571389,1.01681273306673,-0.0212318051372384,0.67,0.1,1.025,0.35,0.6,0.25,0.4,0.005,0.975,0.8,0.1,1.10885336156605,0.785019388313647,0.443541344626419,0.215084909542836,0.306458920797377,0.586786302762999,-1.17306629301668,1.27487860417288,5.500010702681
140,-0.00562716158661348,0.7921438276617,0.0956569573343378,-0.00586862515824393,-0.00586860820691548,-0.00529300849026881,0.0411455519560233,0.0242923028862278,0.0223115025266888,3.61633037277175,3.53041504325267,0.31477324704036,2.48027670939015,0.221480094971406,2.91847567483727,2.30922362580116,0.66863019472945,-0.0593781456933379,5.98582740813381,6.67006799788907,0.487757805835719,0.246290172621971,0.162031312076535,0.0108826095172911,0.876220170180919,2.4283458726003,0.587067514021216,0.237469354415989,0.525732102108552,0.21905504254523,0.186016763061074,0.415782252461479,-0.0356022998715747,0.00081874970832913,1.01891667650609,0.999344702605453,1.01958480777415,0.529716903311387,0.0506711072193349,0.419611975366256,1.031237162689,1.02796100554769,0.791243060790599,0.229102541609067,-0.0203456023996662,-0.000327070704425714,0.963128793123068,0.0185700169571389,1.01694709190966,-0.0212318051372384,0.67,0.1,1.025,0.35,0.6,0.25,0.4,0.005,0.975,0.8,0.1,1.10826652944491,0.784914073653918,0.443306611777964,0.214769522800927,0.305882842445915,0.586947434965359,-1.17183438357314,1.26224062428381,5.50323575437896
141,-0.00563474807479171,0.792587916928244,0.0956569560531562,-0.00586862184803283,-0.00586860853313242,-0.00531128161210137,0.0411913314169586,0.024324104481272,0.0223418282090917,3.61098133236547,3.52032970589434,0.31380888408829,2.47458986132093,0.220917495693705,2.91399123595219,2.31133644631535,0.661958321001233,-0.0593035313643952,5.98277431595439,6.64757611239981,0.48628739792222,0.246438439642072,0.161696335905423,0.01086454950462,0.875565104449177,2.42412425982708,0.586628619980949,0.237163190284892,0.525339062669506,0.218891276112294,0.185981902368507,0.415630508258831,-0.0354720865443901,0.000832077586803997,1.01903802393892,0.999337078184834,1.01971401460443,0.529592321486389,0.0506591894225125,0.419748474908159,1.03122018489258,1.02794346866043,0.793185791981314,0.227165515405174,-0.0203513073864878,-0.000320764586927631,0.963128793123068,0.0185700169571389,1.01707909614707,-0.0212318051372384,0.67,0.1,1.025,0.35,0.6,0.25,0.4,0.005,0.975,0.8,0.1,1.10769849973368,0.784812187405389,0.443079399893471,0.214463548044689,0.305322281583682,0.587109791634128,-1.170637194168,1.24993942348586,5.50647967648024
142,-0.00564209446424258,0.793018157202514,0.0956569550468159,-0.00586861924793391,-0.00586860878936879,-0.00532896472808597,0.0412358416483371,0.0243550389471797,0.0223713301801082,3.60579268794496,3.51055927832831,0.312874633047011,2.46908427315395,0.220372789457436,2.90966853945872,2.31343233170546,0.65546730021869,-0.0592310924654341,5.97986153372448,6.62576132229711,0.484863368549073,0.246584623284287,0.161370675059537,0.0108470385100596,0.874931074521537,2.42004168864446,0.58620381992943,0.236866461668067,0.524958644712922,0.218732768630384,0.185948109210234,0.415483615466054,-0.0353317938986658,0.000844031338613741,1.01915562135873,0.999329695063436,1.0198392246255,0.529471680571658,0.0506476487470052,0.419880656417921,1.03120367031467,1.02792640626309,0.795084491698089,0.225272154312336,-0.0203566460104257,-0.000314523969412068,0.963128793123068,0.0185700169571389,1.01720875663835,-0.0212318051372384,0.67,0.1,1.025,0.35,0.6,0.25,0.4,0.005,0.975,0.8,0.1,1.107148581198,0.784713575270854,0.442859432479198,0.214166674631682,0.304776782179,0.58727312038603,-1.16947368596131,1.23796479447399,5.50973781798327
143,-0.00564920845986661,0.793434980330188,0.0956569542563574,-0.0058686172056126,-0.00586860899063679,-0.00534607750512639,0.0412791202228259,0.0243851312365815,0.0224000319857038,3.60075887509477,3.50109252099274,0.311969417783456,2.46375346910519,0.219845334199526,2.90550094380477,2.31551017762542,0.649151527647705,-0.0591607614683541,5.97708241698797,6.6046003487243,0.483484048669417,0.246728703673149,0.161054046269124,0.0108300581547895,0.874317329337209,2.41609288594707,0.58579261065593,0.236578844567188,0.524590397602325,0.218579332334302,0.185915339405372,0.415341395365481,-0.0351823397446263,0.000854697083813274,1.01926959833634,0.999322545497834,1.01996057522005,0.529354854227541,0.0506364730762247,0.420008658351784,1.03118760552229,1.02790980478586,0.796940087926195,0.223421551120765,-0.0203616390469598,-0.000308352745156555,0.963128793123068,0.0185700169571389,1.01733608661438,-0.0212318051372384,0.67,0.1,1.025,0.35,0.6,0.25,0.4,0.005,0.975,0.8,0.1,1.10661611200439,0.784618091339818,0.442646444801754,0.213878603639844,0.30424590420379,0.587437184369894,-1.16834285396018,1.22630693279459,5.51300581924202
144,-0.00565609751284199,0.793838804698911,0.0956569536354695,-0.00586861560141361,-0.00586860914872855,-0.00536263891639621,0.0413212034996316,0.0244144055301668,0.0224279564509444,3.59587455985268,3.49191866915724,0.311092207794109,2.45859124087541,0.21933451470984,2.90148212041513,2.31756897025906,0.643005623302018,-0.0590924731459461,5.97443064349458,6.58407087729621,0.482147840119133,0.246870664414764,0.160746176437992,0.0108135907611304,0.873723148283658,2.41227281309535,0.585394509350051,0.236300027839272,0.524233888970195,0.218430787070914,0.185883551031928,0.415203676873599,-0.0350245816504089,0.000864156095597718,1.01938007943058,0.999315621999594,1.02007819850834,0.52924172026478,0.0506256506973241,0.420132614611851,1.03117197751195,1.02789365108477,0.798753490139539,0.221612816007986,-0.0203663061475254,-0.000302254336012274,0.963128793123068,0.0185700169571389,1.01746110146027,-0.0212318051372384,0.67,0.1,1.025,0.35,0.6,0.25,0.4,0.005,0.975,0.8,0.1,1.10610045832588,0.784525597615156,0.442440183330353,0.213599047363987,0.303729222929686,0.587601761512473,-1.16724372589782,1.21495641534141,5.51627959757468
145,-0.00566276882935753,0.794230035655992,0.0956569531477755,-0.00586861434135011,-0.00586860927290611,-0.00537866726811032,0.0413621266654657,0.024442885261078,0.022455125702403,3.59113462767724,3.48302740940717,0.310242015926844,2.45359163489986,0.21883974132443,2.89760603712751,2.31960778167566,0.637024419938683,-0.0590261644868413,5.97190019744847,6.56415150994539,0.480853212086258,0.247010492400807,0.160446802194242,0.0107976193218248,0.873147839809452,2.40857665394438,0.585009052672332,0.236029712610038,0.523888703885671,0.218286959952363,0.185852704305237,0.415070296177767,-0.0348593207025471,0.000872485060613052,1.0194871843926,0.999308917326496,1.02019222156057,0.52913216050273,0.0506151702861909,0.420252654702877,1.03115677369457,1.02787793242701,0.80052558972964,0.219845076168528,-0.0203706658981687,-0.000296231730436541,0.963128793123068,0.0185700169571389,1.01758381851292,-0.0212318051372384,0.67,0.1,1.025,0.35,0.6,0.25,0.4,0.005,0.975,0.8,0.1,1.10560101301821,0.784435963566092,0.442240405207284,0.213327728836481,0.303226328261358,0.587766643795377,-1.1661753611238,1.20390418025894,5.51955533348303
146,-0.00566922937902634,0.794609065913508,0.0956569527647025,-0.0058686133515975,-0.00586860937044498,-0.0053941802251366,0.0414019237742955,0.0244705931386833,0.0224815611900196,3.58653417299366,3.47440885744807,0.309417896233072,2.44874894028243,0.218360448691398,2.89386694258895,2.32162576536781,0.631202951834242,-0.0589617746130997,5.96948535451867,6.54482171954958,0.479598697782239,0.24714817761992,0.160155669464615,0.0107821274708693,0.872590740106099,2.40499980355383,0.584635795871086,0.23576761171682,0.523554444063659,0.218147685026525,0.185822761462716,0.414941096391307,-0.0346873050285391,0.000879756326112114,1.0195910283623,0.999302424474078,1.02030276660131,0.529026060632609,0.0506050208932301,0.420368903883239,1.03114198188092,1.02786263647674,0.802257260415299,0.218117475459859,-0.0203747358751576,-0.000290287518761855,0.963128793123068,0.0185700169571389,1.01770425687257,-0.0212318051372384,0.67,0.1,1.025,0.35,0.6,0.25,0.4,0.005,0.975,0.8,0.1,1.10511719436275,0.784349065705989,0.442046877745099,0.213064381370736,0.302736824104849,0.587931636562173,-1.16513684951344,1.19314150815075,5.52282945746305
147,-0.00567548590299207,0.794976275941101,0.0956569524638069,-0.00586861257416849,-0.00586860944705958,-0.00540919483550217,0.0414406277858914,0.0244975511717264,0.0225072837084105,3.58206848928546,3.46605353714816,0.308618941941696,2.44405767737399,0.21789609460477,2.89025935155228,2.32362215196789,0.625536444284976,-0.0588992447005802,5.96718066757518,6.5260618071612,0.478382891301686,0.247283712976463,0.159872533071058,0.0107670994558002,0.87205121185522,2.40153785753629,0.584274311942997,0.235513449179485,0.523230727113132,0.218012802963805,0.185793686654623,0.414815927226004,-0.03450923309714,0.000886038134500855,1.01969172205727,0.999296136667493,1.02040995120605,0.528923310085595,0.0505951919298571,0.420481483310344,1.03112759026765,1.02784775128145,0.803949358634522,0.216429174063226,-0.020378532697748,-0.000284423925891714,0.963128793123068,0.0185700169571389,1.01782243722747,-0.0212318051372384,0.67,0.1,1.025,0.35,0.6,0.25,0.4,0.005,0.975,0.8,0.1,1.10464844487275,0.784264787193583,0.441859377949098,0.212808748126249,0.302260327768852,0.588096557854726,-1.16412731040205,1.18266000449809,5.52609863738732
148,-0.00568154492173933,0.795332034346803,0.09565695222746,-0.00586861196351474,-0.00586860950723866,-0.00542372755384801,0.0414782706031845,0.0245237806908491,0.0225323134176206,3.57773305970174,3.45795236074243,0.307844283547043,2.43951258695684,0.21744615890211,2.88677803101608,2.32559624513927,0.620020303778963,-0.0588385179021609,5.96498095311698,6.50785286167237,0.477204444658337,0.247417094116494,0.15959715634822,0.0107525201113454,0.871528643037594,2.39818660200443,0.583924190835188,0.235266959697877,0.522917185822556,0.217882160759398,0.185765445840529,0.4146946446811,-0.0343257568109114,0.00089139484586247,1.01978937195434,0.999290047353652,1.02051388849011,0.528823801905638,0.0505856731556314,0.420590510180677,1.03111358742371,1.02783326525877,0.805602723920107,0.214779348158172,-0.0203820720782786,-0.000278642841603164,0.963128793123068,0.0185700169571389,1.01793838169094,-0.0212318051372384,0.67,0.1,1.025,0.35,0.6,0.25,0.4,0.005,0.975,0.8,0.1,1.10419423015945,0.784183017456345,0.441677692063779,0.212560581694036,0.301796469397,0.588261237777829,-1.16314589154797,1.17245158320161,5.52935976643944
149,-0.00568741274261972,0.795676698246178,0.0956569520418146,-0.00586861148385953,-0.00586860955450808,-0.00543779426388125,0.0415148831084495,0.0245493023704889,0.0225566698633189,3.57352354815147,3.45009661012744,0.307093087003555,2.4351086199999,0.217010142421924,2.88341798715584,2.32754741763793,0.614650108791735,-0.0587795392738282,5.96288127835905,6.49017672176107,0.476062064986011,0.247548319260864,0.159329310780647,0.0107383748343597,0.871022445800841,2.39494200407992,0.583585038686564,0.235027888174367,0.522613467480505,0.21775561145021,0.185738006691221,0.414577110747912,-0.0341374844045911,0.000895887148978441,1.01988408046401,0.999284150193667,1.02061468729025,0.528727432626818,0.0505764546659753,0.420696097864739,1.03109996227739,1.02781916718383,0.80721817926016,0.213167189609585,-0.0203853688697446,-0.000272945848585717,0.963128793123068,0.0185700169571389,1.01805211364996,-0.0212318051372384,0.67,0.1,1.025,0.35,0.6,0.25,0.4,0.005,0.975,0.8,0.1,1.10375403785501,0.784103651834773,0.441501615142005,0.212319643701396,0.30134489142935,0.588425517891196,-1.16219176812667,1.16250845116554,5.53260995158143
150,-0.00569309546710424,0.796010613620125,0.0956569518959942,-0.0058686111071008,-0.00586860959163715,-0.00545141029987395,0.0415504951983316,0.024574136250153,0.0225803719964364,3.56943579085809,3.44247791918012,0.306364552020492,2.43084092795151,0.216587566017205,2.88017445299741,2.32947510753998,0.609421601161039,-0.0587222557036108,5.9608769489476,6.47301593997412,0.474954511894058,0.247677389045284,0.159068775658537,0.0107246495599722,0.870532055382646,2.39180020292974,0.583256477106373,0.234795989260239,0.522319233229587,0.217633013845661,0.185711338495765,0.414463193129276,-0.0339449831619224,0.000899572261373578,1.01997594609793,0.99927843905556,1.02071245233904,0.528634102155078,0.0505675268804304,0.42079835603704,1.03108670410375,1.02780544617694,0.808796531444714,0.211591905666274,-0.0203884371109876,-0.000267334248421258,0.963128793123068,0.0185700169571389,1.01816365762473,-0.0212318051372384,0.67,0.1,1.025,0.35,0.6,0.25,0.4,0.005,0.975,0.8,0.1,1.10332737658924,0.784026591246455,0.441330950635697,0.212085704435006,0.300905248091378,0.588589250627878,-1.16126414175767,1.15282309385001,5.53584650253466
151,-0.00569859899777283,0.796334115661648,0.0956569517814555,-0.00586861081116508,-0.00586860962080116,-0.00546459046725345,0.0415851358177369,0.0245983017550729,0.0226034381922492,3.56546578834905,3.43508825703882,0.305657910450467,2.42670485353864,0.216177969621704,2.87704287678705,2.33137881463074,0.604330677999626,-0.0586666158433107,5.95896349727352,6.45635374881306,0.473880594967736,0.247804306367218,0.158815337750977,0.010711330738876,0.870056929086622,2.38875750129776,0.582938142488037,0.234571026924562,0.522034157451973,0.217514232271656,0.185685412073484,0.414352764973035,-0.0337487819626846,0.000902504118938319,1.02006506362966,0.999272908007238,1.02080728443232,0.528543713654197,0.0505588805314109,0.420897390801388,1.03107380251253,1.02779209169186,0.810338571399503,0.210052718670121,-0.0203912900696241,-0.000261809085604048,0.963128793123068,0.0185700169571389,1.01827303913828,-0.0212318051372384,0.67,0.1,1.025,0.35,0.6,0.25,0.4,0.005,0.975,0.8,0.1,1.10291377501735,0.783951741868844,0.441165510006938,0.211858542481401,0.300477204908888,0.588752298738176,-1.16036223956467,1.14338826172288,5.53906692125555
152,-0.00570392904505123,0.796647529111912,0.0956569516914878,-0.00586861057871391,-0.00586860964370894,-0.00547734906232811,0.041618832992608,0.0246218177162464,0.0226258862689096,3.56160969785659,3.42791991228855,0.304972424765997,2.42269592204343,0.215780911365783,2.87401891101555,2.3332580969504,0.599373384108106,-0.0586125700429622,5.95713667135583,6.44017402869818,0.472839171404517,0.247929076239435,0.158568790995665,0.0106984053156986,0.869596545308077,2.3858103575016,0.582629685356411,0.234352774044426,0.521757927184846,0.217399136327019,0.185660199690596,0.414245704618839,-0.0335493736709023,0.00090473355558757,1.02015152424892,0.999267551309723,1.02089928058989,0.528456173435821,0.0505505066534188,0.420993304811631,1.03106124743651,1.02777909350437,0.811845074507856,0.20854886577497,-0.0203939402828255,-0.00025637116975465,0.963128793123068,0.0185700169571389,1.01838028459576,-0.0212318051372384,0.67,0.1,1.025,0.35,0.6,0.25,0.4,0.005,0.975,0.8,0.1,1.10251278089605,0.783879014839719,0.441005112358419,0.211637944383988,0.30006043824734,0.588914534758144,-1.15948531326932,1.13419695754751,5.54226889188747
153,-0.00570909113370497,0.796951168585899,0.0956569516208201,-0.00586861039612852,-0.00586860966170244,-0.0054896998911893,0.041651613861607,0.0246447023898721,0.022647733505431,3.55786382610753,3.42096547799655,0.304307386618714,2.41880983302981,0.215395966738891,2.87109840205664,2.33511256749173,0.59454590485284,-0.0585600702879375,5.95539242426803,6.42446127769422,0.471829143778062,0.248051705650066,0.158328936204165,0.010685860708394,0.869150402607069,2.38295537786685,0.582330769746736,0.234141012015381,0.521490241564242,0.217287600651767,0.185635674981296,0.414141895357586,-0.0333472173744528,0.000906308473456305,1.02023541570957,0.999262363410626,1.02098853420973,0.528371390853434,0.0505423965726923,0.421086197388048,1.03104902912029,1.02776644170136,0.81331680092157,0.207079598674484,-0.0203963995960534,-0.000251021096161052,0.963128793123068,0.0185700169571389,1.01848542117253,-0.0212318051372384,0.67,0.1,1.025,0.35,0.6,0.25,0.4,0.005,0.975,0.8,0.1,1.10212396020562,0.783808325974382,0.440849584082247,0.211423704315745,0.299654634874212,0.589075840501789,-1.15863263831808,1.12524242444793,5.54545027117057
154,-0.00571409060909994,0.797245338887968,0.0956569515653121,-0.00586861025271168,-0.00586860967583602,-0.00550165628782895,0.0416835047067311,0.0246669734761872,0.0226689966591328,3.55422462248062,3.41421783754748,0.30366211547621,2.41504245249449,0.215022727795923,2.86827738038267,2.33694189104485,0.58984455947643,-0.0585090701386101,5.95372690408139,6.40920058288942,0.470849457922125,0.248172203428965,0.158095580781812,0.0106736847886023,0.868718018826312,2.38018930957246,0.582041072613629,0.233935530381012,0.521230811295787,0.217179504706578,0.185611812873048,0.414041225202831,-0.0331427404855806,0.000907274004113683,1.02031682247147,0.999257338937854,1.02107513521592,0.528289278200088,0.0505345418972595,0.421176164629555,1.03103713810952,1.02775412667024,0.814754495861578,0.205644183338271,-0.0203986791998493,-0.000245759264770723,0.963128793123068,0.0185700169571389,1.01858847671071,-0.0212318051372384,0.67,0.1,1.025,0.35,0.6,0.25,0.4,0.005,0.975,0.8,0.1,1.10174689631536,0.783739595498689,0.440698758526144,0.211215623766862,0.299259491543066,0.589236106576079,-1.1578035130419,1.11651813469708,5.54860907929181
155,-0.00571893264323873,0.797530335317632,0.0956569515217119,-0.0058686101400609,-0.00586860968693759,-0.00551323113150948,0.0417145309828837,0.024688648137716,0.0226896919825523,3.55068867251195,3.40767015123107,0.30303595733187,2.41138980541845,0.214660802404898,2.86555205132272,2.33874578118435,0.585265794810854,-0.0584595246724825,5.95213644430063,6.39437759332679,0.469899100927211,0.24829058012021,0.157868538461439,0.0106618658629263,0.868298930251602,2.37750903388299,0.581760283268573,0.233736126480656,0.520979358150961,0.2170747325629,0.185588589515886,0.413943586673558,-0.0329363407112374,0.000907672661188157,1.02039582583653,0.999252472693545,1.02115917020049,0.528209750609777,0.050526934507375,0.421263299521902,1.03102556524046,1.02774213908879,0.816158889909118,0.204241899755651,-0.0204007896647691,-0.000240585897718006,0.963128793123068,0.0185700169571389,1.01868947962348,-0.0212318051372384,0.67,0.1,1.025,0.35,0.6,0.25,0.4,0.005,0.975,0.8,0.1,1.10138118919042,0.783672747797049,0.440552475676169,0.211013511246563,0.298874714598116,0.589395231917897,-1.15699725784769,1.10801777917808,5.55174349115772
156,-0.0057236222405813,0.797806443965823,0.0956569514874648,-0.00586861005157613,-0.00586860969565761,-0.00552443686342108,0.041744717346428,0.0247097430169407,0.0227098352398323,3.54725269172935,3.40131584353798,0.302428283483319,2.40784806869619,0.21430981353356,2.86291878633075,2.3405239973939,0.580806179365531,-0.0584113904286806,5.9506175547683,6.37997849439315,0.468977099243276,0.248406847860562,0.157647629050147,0.0106503926550775,0.867892690812575,2.37491155974469,0.581488102844425,0.23354260511426,0.520735614487545,0.216973172703144,0.185565982215516,0.413848876587723,-0.0327283879014795,0.00090754448492637,1.02047250407898,0.999247759648216,1.02124072255938,0.528132725962304,0.0505195665463187,0.421347692042005,1.03101430162998,1.02773046991532,0.817530699288059,0.202872041686491,-0.0204027409745504,-0.000235501055541902,0.963128793123068,0.0185700169571389,1.01878845880664,-0.0212318051372384,0.67,0.1,1.025,0.35,0.6,0.25,0.4,0.005,0.975,0.8,0.1,1.10102645463771,0.783607711174599,0.440410581855084,0.210817181998439,0.298500019598102,0.589553123352099,-1.15621321444091,1.09973525747198,5.55485182807307
157,-0.00572816424365856,0.79807394200196,0.0956569514605645,-0.00586860998207328,-0.00586860970250702,-0.00553528550266058,0.0417740876827502,0.0247302742534052,0.022729441722594,3.54391351979823,3.39514859112254,0.30183848937542,2.40441356442179,0.213969398572656,2.86037411473349,2.34227634232357,0.576462397764634,-0.0583646253547201,5.94916691301545,6.36598998357781,0.468082516882202,0.24852102026368,0.157432678188381,0.0106392542888462,0.867498871321723,2.37239401772419,0.581224243785554,0.233354778223545,0.520499322793034,0.216874717830431,0.185543969370036,0.413756995866023,-0.032519225783733,0.00090692717895658,1.02054693257037,0.999243194935123,1.02131987262283,0.528058124791515,0.0505124304115386,0.421429429258568,1.03100333866594,1.02771911037926,0.818870626138991,0.201533916418603,-0.0204045425575941,-0.000230504652116043,0.963128793123068,0.0185700169571389,1.01888544355712,-0.0212318051372384,0.67,0.1,1.025,0.35,0.6,0.25,0.4,0.005,0.975,0.8,0.1,1.10068232358896,0.783544417632776,0.440272929435585,0.210626457728628,0.29813513095843,0.589709695169863,-1.15545074507814,1.09166466852911,5.55793254980888
158,-0.0057325633384866,0.798333097952087,0.0956569514394349,-0.00586860992748039,-0.00586860970788716,-0.0055457886615623,0.0418026651328557,0.0247502575002636,0.0227485262653043,3.54066811496218,3.38916231139351,0.301265993504041,2.40108275351174,0.213639208693798,2.85791471592955,2.34400265917508,0.572231245509921,-0.0583191887554488,5.94778135603708,6.35239924751886,0.467214453714245,0.248633112309907,0.157223517120633,0.0106284402718543,0.867117058749702,2.36995365426981,0.580968429362301,0.233172464588557,0.520270235249821,0.216779264687426,0.185522530410083,0.413667849345353,-0.0323091735900745,0.000905856239801071,1.0206191838991,0.999238773844821,1.02139669778026,0.527985870196763,0.0505055187461195,0.42150859542915,1.03099266799788,1.02770805197201,0.820179358785617,0.200226844531223,-0.0204062033168405,-0.000225596468475569,0.963128793123068,0.0185700169571389,1.01898046349768,-0.0212318051372384,0.67,0.1,1.025,0.35,0.6,0.25,0.4,0.005,0.975,0.8,0.1,1.10034844141907,0.783482802657564,0.440139376567629,0.210441166346221,0.297779781610521,0.5898648687265,-1.15470923184864,1.08380030188435,5.56098424704384
159,-0.00573682405978955,0.798584171968346,0.095656951422838,-0.00586860988459881,-0.005868609712113,-0.00555595756041105,0.0418304721190285,0.0247697079402857,0.022767103260148,3.5375135487624,3.38335115169679,0.300710236377017,2.397852229646,0.213318908239948,2.85553741201332,2.34570282921032,0.568109624047069,-0.0582750412440713,5.94645787247194,6.33919394025995,0.466372043852945,0.248743140241454,0.157019982477119,0.0106179404800514,0.866746855535076,2.36758782627659,0.580720393208501,0.232995489538834,0.520048113321045,0.216686713883769,0.185501645742234,0.413581345601467,-0.0320985275843119,0.000904365079394112,1.02068932798505,0.999234491819911,1.02147127259995,0.5279158877575,0.0504988244305636,0.421585272093797,1.03098228152809,1.02769728643825,0.82145757199394,0.198950159664173,-0.0204077316581134,-0.000220776165546195,0.963128793123068,0.0185700169571389,1.01907354850767,-0.0212318051372384,0.67,0.1,1.025,0.35,0.6,0.25,0.4,0.005,0.975,0.8,0.1,1.10002446729782,0.78342280501974,0.440009786919129,0.210261141715312,0.297433712677439,0.590018572057972,-1.15398807598383,1.07613662937917,5.5640056341637
160,-0.00574095079603818,0.798827416090078,0.0956569514098015,-0.0058686098509162,-0.00586860971543246,-0.0055658030415664,0.0418575303695792,0.0247886403013333,0.0227851866714174,3.53444700102127,3.37770947905574,0.300170679528997,2.39471871350959,0.213008174146672,2.85323916079854,2.34737676937857,0.56409453611513,-0.058232144695166,5.94519359516711,6.32636216264573,0.465554454123419,0.248851121462767,0.156821916065833,0.0106077451429163,0.86638787892674,2.36529399593766,0.580479878880916,0.232823684678423,0.519832727356044,0.216596969731685,0.185481296695506,0.41349739678036,-0.0318875624951669,0.000902485141000588,1.02075743218928,0.999230344449981,1.02154366894367,0.527848105450851,0.0504923405748679,0.421659538165384,1.03097217140301,1.02768680576741,0.822705927224696,0.19770320829231,-0.0204091355170061,-0.000216043295885308,0.963128793123068,0.0185700169571389,1.01916472865928,-0.0212318051372384,0.67,0.1,1.025,0.35,0.6,0.25,0.4,0.005,0.975,0.8,0.1,1.09971007357336,0.783364366586443,0.439884029429345,0.210086223418135,0.297096673164881,0.590170739515354,-1.15328669719364,1.06866829735672,5.56699554240341
161,-0.00574494779431148,0.799063074496774,0.0956569513995617,-0.00586860982445925,-0.00586860971803971,-0.00557533558302414,0.0418838609427084,0.0248070688713178,0.0228027900494277,3.53146575507585,3.37223187043759,0.299646804587064,2.39167904731842,0.212706695392452,2.8510170492184,2.3490244300578,0.560183081360204,-0.0581904621996065,5.94398579410879,6.31389244278911,0.464760882609239,0.248957074445914,0.156629164674398,0.0105978448293288,0.866039760357372,2.3630697258654,0.580246639439439,0.232656887624007,0.519623856214423,0.216509940089343,0.185461465470776,0.413415918437935,-0.0316765328614301,0.000900246008893651,1.02082356141905,0.999226327466717,1.02161395607649,0.527782453572079,0.0504860605108857,0.421731470016793,1.03096233000495,1.0276766021856,0.823925072879442,0.196485349504935,-0.0204104223843766,-0.000211397314512287,0.963128793123068,0.0185700169571389,1.01925403415897,-0.0212318051372384,0.67,0.1,1.025,0.35,0.6,0.25,0.4,0.005,0.975,0.8,0.1,1.0994049451858,0.783307432143488,0.439761978074321,0.209916256528745,0.296768419666699,0.590321311416481,-1.15260453302867,1.06139011929789,5.56995291331772
162,-0.00574881916498788,0.799291383753163,0.0956569513915185,-0.00586860980367798,-0.00586860972008774,-0.00558456531144069,0.0419094842495134,0.0248250075126559,0.022819926543973,3.52856719324809,3.36691310351579,0.299138112384214,2.38873018961368,0.212414172476428,2.84886828708016,2.35064579290564,0.556372452195819,-0.0581499580213029,5.94283186970153,6.30177371754697,0.463990557273418,0.249061018640784,0.156441579881192,0.0105882304340796,0.865702144846318,2.36091267446695,0.580020437047033,0.232494941755471,0.519421286907791,0.216425536211579,0.18544213509299,0.413336829387521,-0.0314656742945875,0.000897675512102372,1.02088777822837,0.999222436739187,1.02168220077192,0.527718864657824,0.0504799777849608,0.421801141565036,1.03095274994409,1.02766666814772,0.825115644540678,0.195295954789841,-0.0204115993305193,-0.000206837588890744,0.963128793123068,0.0185700169571389,1.01934149529367,-0.0212318051372384,0.67,0.1,1.025,0.35,0.6,0.25,0.4,0.005,0.975,0.8,0.1,1.09910877910935,0.783251949227798,0.43964351164374,0.209751091396757,0.296448716084139,0.590470233714109,-1.151941038267,1.05429706886938,5.57287679256602
163,-0.00575256888627257,0.799512573046651,0.0956569513852008,-0.00586860978735471,-0.00586860972169634,-0.00559350201464537,0.0419344200761639,0.0248424696762345,0.0228366089173324,3.5257487925392,3.36174814790027,0.298644122117956,2.38586921031027,0.212130316922043,2.84679020115384,2.35224086881577,0.552659929893753,-0.0581105975556818,5.9417293463789,6.28999531494598,0.463242734649301,0.249162974389942,0.156259017875228,0.0105788931649843,0.865374690430442,2.35882059155968,0.579801042588396,0.2323376959783,0.519224814258265,0.216343672607611,0.185423289366007,0.413260051554856,-0.0312552046641046,0.000894799822493471,1.02095014291419,0.999218668269296,1.02174846741258,0.527657273412016,0.0504740861508208,0.421868624352455,1.03094342405084,1.02765699632994,0.826278265206328,0.194134407821747,-0.0204126730280752,-0.000202363408115723,0.963128793123068,0.0185700169571389,1.01942714238149,-0.0212318051372384,0.67,0.1,1.025,0.35,0.6,0.25,0.4,0.005,0.975,0.8,0.1,1.0988212838216,0.783197867969433,0.43952851352864,0.209590583440652,0.296137333358076,0.590617457679847,-1.15129568432487,1.04738427335619,5.57576632399796
164,-0.00575620080856722,0.799726864417372,0.0956569513802383,-0.00586860977453307,-0.00586860972295988,-0.00560215515366236,0.0419586876052743,0.0248594684148978,0.0228528495568391,3.52300812053634,3.35673215680955,0.298164370551506,2.38309328598554,0.211854850805173,2.84478022957569,2.35380969597531,0.549042880890208,-0.0580723472898286,5.94067586652963,6.27854693750335,0.462516698597425,0.249262962847924,0.156081339284339,0.010569824530575,0.865057067621524,2.35679131421288,0.579588235306421,0.232185004497091,0.519034240572914,0.216264266905381,0.185404912829935,0.413185509840127,-0.0310453252101113,0.000891643547590623,1.0210107136085,0.99921501818739,1.02181281808659,0.527597616634349,0.0504683795627215,0.421933987625099,1.03093434536842,1.02764757962242,0.827413545518906,0.193000104254838,-0.0204136497737438,-0.000197973991377478,0.963128793123068,0.0185700169571389,1.01951100572663,-0.0212318051372384,0.67,0.1,1.025,0.35,0.6,0.25,0.4,0.005,0.975,0.8,0.1,1.09854217879855,0.783145140942676,0.439416871519421,0.209434592950205,0.295834049213515,0.590762939603248,-1.15066795869,1.04064700745364,5.57862074402675
165,-0.00575971865868793,0.79993447298106,0.0956569513763404,-0.00586860976446202,-0.00586860972395242,-0.00561053387426447,0.0419823054364982,0.024876016396474,0.0228686604870251,3.52034283152041,3.35186045915957,0.297698411255117,2.38039969539538,0.211587506305399,2.8428359165484,2.35535233801928,0.545518753293344,-0.0580351747642167,5.93966918472368,6.26741864639071,0.461811759124639,0.249361005904838,0.1559084090112,0.010561016328339,0.864748958888861,2.35482276280317,0.579381802455537,0.232036726599765,0.518849375333316,0.216187239722215,0.185386990720849,0.413113131986749,-0.030836221588085,0.000888229818245484,1.02106954636644,0.999211482748019,1.02187531267986,0.527539833151237,0.0504628521688306,0.421997298408383,1.03092550714578,1.02763841112227,0.828522083989638,0.191892451519214,-0.0204145355088518,-0.000193668495741305,0.963128793123068,0.0185700169571389,1.01959311557811,-0.0212318051372384,0.67,0.1,1.025,0.35,0.6,0.25,0.4,0.005,0.975,0.8,0.1,1.09827119403406,0.783093723025681,0.439308477613624,0.209282984897596,0.295538647915718,0.590906640505366,-1.15005736437671,1.03408068739513,5.5814393762775
166,-0.00576312604393715,0.800135607144981,0.0956569513732787,-0.00586860975655146,-0.00586860972473191,-0.00561864701807968,0.0420052916063702,0.0248921259163503,0.0228840533813518,3.51775066276437,3.34712855204634,0.297245813885356,2.37778581520559,0.211328025279148,2.84095490732115,2.35686888227795,0.542085073579148,-0.0579990485359535,5.93870716222364,6.25660084639325,0.461127251262029,0.249457126114054,0.155740096076779,0.0105524606334778,0.86445005816583,2.35291293727129,0.579181538971106,0.231892726451758,0.518670034899498,0.216112514541458,0.185369508932738,0.413042848456495,-0.0306280648496418,0.00088458037162737,1.02112669525057,0.999208058325843,1.02193600896439,0.527483863749151,0.0504574983048417,0.422058621580139,1.0309169028307,1.02762948412686,0.829604467217799,0.190810868621038,-0.0204153358388371,-0.000189446023322588,0.963128793123068,0.0185700169571389,1.01967350209217,-0.0212318051372384,0.67,0.1,1.025,0.35,0.6,0.25,0.4,0.005,0.975,0.8,0.1,1.09800806958247,0.783043571268221,0.439203227832987,0.209135628756791,0.295250920037323,0.591048525866182,-1.14946341940199,1.02768086539409,5.58422162649848
167,-0.00576642645603512,0.800330468817129,0.0956569513708738,-0.00586860975033787,-0.00586860972534431,-0.00562650313326996,0.0420276636074225,0.0249078089096136,0.0228990395735412,3.51522943101205,3.34253209360055,0.296806163500169,2.3752491159269,0.211076158853532,2.8391349434334,2.3583594381133,0.53873944346357,-0.0579639381434765,5.9377877617676,6.24608427161848,0.460462533998388,0.249551346623848,0.155576273470828,0.0105441497881634,0.864160070379195,2.35105991356937,0.578987247154061,0.231752872899839,0.518496042227517,0.216040017594799,0.185352453981592,0.412974592310688,-0.0304210123634904,0.000880715629566544,1.02118221241154,0.999204741411685,1.02199496268283,0.52742965111025,0.0504523124878101,0.422118019941151,1.03090852606322,1.02762079212723,0.830661270105504,0.189754785946196,-0.0204160560517001,-0.000185305627848466,0.963128793123068,0.0185700169571389,1.01975219529795,-0.0212318051372384,0.67,0.1,1.025,0.35,0.6,0.25,0.4,0.005,0.975,0.8,0.1,1.09775255512329,0.782994644767065,0.439101022049315,0.20899239833082,0.294970662235877,0.591188565365294,-1.14888565628149,1.02144322437981,5.58696697772364
168,-0.00576962327491584,0.8005192536089,0.0956569513689848,-0.00586860974545722,-0.00586860972582526,-0.00563411048480089,0.042049438406599,0.0249230769627684,0.0229136300685175,3.51277702912802,3.33806689619357,0.296379059907772,2.37278715804305,0.21083166703975,2.83737385820774,2.3598241353407,0.53547953693967,-0.0579298140726338,5.93690904261005,6.23585997191244,0.459816989266153,0.249643691112819,0.155416818009031,0.0105360763912652,0.863878711000026,2.34926184028788,0.578798736370018,0.231617039284933,0.518327226600016,0.215969677750007,0.185335812971493,0.412908299097127,-0.0302152086801547,0.000876654772691115,1.0212361481652,0.999201528608709,1.02205222762936,0.527377139750217,0.0504472894102008,0.42217555428327,1.0309003706693,1.02761232880188,0.831693056068161,0.188723645067313,-0.0204167011354739,-0.000181246320718967,0.963128793123068,0.0185700169571389,1.01982922506638,-0.0212318051372384,0.67,0.1,1.025,0.35,0.6,0.25,0.4,0.005,0.975,0.8,0.1,1.09750440954675,0.782946904548599,0.439001763818701,0.208853171586553,0.294697677041218,0.59132673263529,-1.14832362154467,1.01536357300828,5.58967498567508
169,-0.00577271977239288,0.800702151031454,0.095656951367501,-0.00586860974162351,-0.00586860972620307,-0.00564147706431961,0.0420706384155715,0.0249379448615265,0.0229278388123186,3.51039045931404,3.33372620128791,0.295963815102885,2.37039792162845,0.210594353019915,2.83566956613258,2.36126310910893,0.532303103442837,-0.0578966464191859,5.9360681922126,6.22591691456249,0.459189753687236,0.249734197352249,0.15526160422299,0.0105282319836217,0.863605705615177,2.34751693051876,0.578615822762168,0.231485098329937,0.518163423369106,0.215901426403794,0.185319573562614,0.412843906742471,-0.0300107877552846,0.000872414399138219,1.02128855106642,0.999198416628745,1.0221078557272,0.527326275958228,0.0504424239341417,0.422231283455188,1.03089242541019,1.02760408169889,0.83270037430833,0.187716901074463,-0.0204172753827932,-0.00017726707655327,0.963128793123068,0.0185700169571389,1.01990462108192,-0.0212318051372384,0.67,0.1,1.025,0.35,0.6,0.25,0.4,0.005,0.975,0.8,0.1,1.09726340055924,0.782900313458254,0.438905360223698,0.20871780462746,0.294431761324347,0.591463037292342,-1.14777684939916,1.00943785225867,5.59234524212968
170,-0.00577571911569949,0.800879344685946,0.0956569513663355,-0.00586860973861225,-0.00586860972649983,-0.00564861059965782,0.0420912672040294,0.024952416188038,0.0229416694245423,3.50806977492238,3.32951181519815,0.295560690344313,2.36807842940355,0.21036391996378,2.83402007836833,2.36267654122816,0.529207946304205,-0.0578644091640358,5.93526545325701,6.21625174677674,0.458580813542796,0.249822860918971,0.155110528830166,0.0105206123987393,0.863340788919507,2.34582347431753,0.57843832857607,0.231356941918102,0.518004473351704,0.215835197229877,0.185303723812507,0.41278135561674,-0.0298078693009014,0.000868014449559855,1.02133946814531,0.999195402288722,1.02216189726841,0.527277007738968,0.0504377110858734,0.422285264425978,1.03088469542626,1.02759605804958,0.833683769315543,0.18673401445815,-0.020417783773693,-0.000173366825908225,0.963128793123068,0.0185700169571389,1.01997841281696,-0.0212318051372384,0.67,0.1,1.025,0.35,0.6,0.25,0.4,0.005,0.975,0.8,0.1,1.0970293035467,0.78285483637301,0.438811721418682,0.208586237801856,0.294172752753434,0.591597391537118,-1.14724494665347,1.00366209513576,5.59497747201717
171,-0.00577862437090804,0.801051012447829,0.0956569513654201,-0.00586860973624703,-0.00586860972673287,-0.00565551856397706,0.042111346750911,0.0249665053711339,0.0229551355001357,3.50581201596898,3.32541696329392,0.295168991296221,2.36582686873988,0.210140191750144,2.83242347917105,2.36406461399763,0.52619194052162,-0.0578330753481945,5.93449809967394,6.20685374951864,0.457989317183443,0.249909722258679,0.154963472575136,0.0105132094852722,0.863083706206696,2.34417981953252,0.578266083158487,0.231232450685119,0.517850223724018,0.215770926551674,0.18528825255135,0.412720587546566,-0.0296065640854898,0.000863469161194533,1.02138894445944,0.999192482507237,1.02221440046917,0.527229284756619,0.0504331460503891,0.422337552346461,1.03087716930845,1.02758824512553,0.834643771103434,0.185774459355112,-0.0204182304585464,-0.000169544510378085,0.963128793123068,0.0185700169571389,1.0200506295088,-0.0212318051372384,0.67,0.1,1.025,0.35,0.6,0.25,0.4,0.005,0.975,0.8,0.1,1.09680190360713,0.782810438416916,0.438720761442853,0.20845833164499,0.293920457484963,0.591729816281333,-1.14672749723787,0.998032460895115,5.59757142329197
172,-0.00578143850623279,0.801217326645414,0.095656951364701,-0.00586860973438907,-0.00586860972691605,-0.00566220818456931,0.0421308920889427,0.0249802227114226,0.0229682468304174,3.5036153502614,3.32143801596527,0.294788371166346,2.3636411239002,0.209922960362511,2.83087792834714,2.36542752467631,0.523253022534565,-0.0578026188637279,5.9337645325882,6.19771511471182,0.45741472944258,0.249994806581844,0.154820326277704,0.0105060167774501,0.862834211021752,2.34258437477744,0.578098921384574,0.231111514247584,0.517700526613051,0.215708552755438,0.18527314893135,0.412661547418659,-0.0294069730433519,0.000858793391429388,1.02143702368869,0.999189654301236,1.02226541206835,0.52718305828076,0.0504287241662569,0.42238820060849,1.03086984157073,1.02758063730082,0.835580899129402,0.184837720228937,-0.0204186193583385,-0.000165799009697555,0.963128793123068,0.0185700169571389,1.02012130013885,-0.0212318051372384,0.67,0.1,1.025,0.35,0.6,0.25,0.4,0.005,0.975,0.8,0.1,1.09658099270083,0.782767088085917,0.438632397080331,0.208333979317285,0.293674699605488,0.591860298705557,-1.14622409786058,0.992545216155066,5.60012690048795
173,-0.00578416439522058,0.801378454232856,0.0956569513641362,-0.0058686097329298,-0.00586860972705983,-0.00566868645132956,0.0421499178078256,0.0249935782136168,0.0229810129271365,3.50147800716128,3.31757146824579,0.294418495073128,2.36151915279157,0.209712025000254,2.82938165822516,2.36676548425274,0.520389188386719,-0.0577730144142952,5.93306322822216,6.18882829119242,0.456856533679795,0.250078139358337,0.154680983957065,0.0104990280207083,0.862592065498613,2.34103560681035,0.577936683884071,0.230994025893537,0.517555239299168,0.215648016374653,0.185258402550203,0.412604181695343,-0.0292091878843539,0.000854001092481595,1.02148374802171,0.999186914782803,1.02231497721701,0.527138281134086,0.0504244409206176,0.422437260902223,1.03086270688433,1.02757322910856,0.836495662360779,0.183923291812802,-0.0204189541735809,-0.000162129198168627,0.963128793123068,0.0185700169571389,1.02019045341403,-0.0212318051372384,0.67,0.1,1.025,0.35,0.6,0.25,0.4,0.005,0.975,0.8,0.1,1.09636637020688,0.782724754513495,0.438546548082752,0.208213077408965,0.293435308140179,0.59198882888368,-1.14573435737734,0.987196731884381,5.60264376110645
174,-0.0057868048198333,0.801534556957748,0.0956569513636925,-0.00586860973178349,-0.00586860972717285,-0.00567496012491253,0.04216843806891,0.0250065815959985,0.0229934430313396,3.49939827509903,3.3138139347886,0.294059039565082,2.35945898362875,0.209507191788889,2.82793297037437,2.36807871630501,0.517598491554593,-0.0577442374852379,5.93239273424926,6.18018597463456,0.456314231032625,0.250159746272189,0.154545342722308,0.0104922371638921,0.86235704001902,2.33953203804986,0.577779216812744,0.230879882448883,0.517414224011412,0.215589260004755,0.185244003426969,0.412548438753047,-0.0290132916869058,0.000849105341812788,1.02152915820957,0.999184261156067,1.0223631395351,0.527094907641909,0.0504202919443521,0.422484783271467,1.03085576007268,1.02756601523589,0.837388559462797,0.183030678932973,-0.0204192383957693,-0.000158533934819685,0.963128793123068,0.0185700169571389,1.02025811775017,-0.0212318051372384,0.67,0.1,1.025,0.35,0.6,0.25,0.4,0.005,0.975,0.8,0.1,1.09615784261241,0.78268340819054,0.438463137044965,0.20809552581473,0.293202116889547,0.592115399601149,-1.14525789634398,0.981983479730812,5.60512191224509
175,-0.00578936247342616,0.801685791523491,0.095656951363344,-0.0058686097308831,-0.00586860972726155,-0.00568103574458745,0.0421864666193479,0.025019242299557,0.0230055461219339,3.49737449920366,3.31016214507601,0.293709692162683,2.35745871215401,0.2093082735037,2.82653023249028,2.3693674559227,0.514879040882896,-0.0577162643153197,5.93175166632601,6.17178109794714,0.455787339702839,0.25023965317918,0.154413302667544,0.0104856383517766,0.862128912887645,2.33807224421263,0.577626371634723,0.230768984142053,0.517277347732587,0.215532228221911,0.18522994197954,0.412494268801397,-0.0288193594549359,0.000844118391849688,1.02157329362223,0.999181690714207,1.02240994117097,0.527052893583354,0.0504162730074126,0.42253081616714,1.03084899610657,1.02755899051915,0.838260078983081,0.182159396335296,-0.0204194753183767,-0.000155012066668504,0.963128793123068,0.0185700169571389,1.0203243212572,-0.0212318051372384,0.67,0.1,1.025,0.35,0.6,0.25,0.4,0.005,0.975,0.8,0.1,1.09595522321778,0.782643020887164,0.438382089287113,0.207981227613451,0.292974964272962,0.592240006182631,-1.14479434659587,0.976902028527556,5.6075613073993
176,-0.00579183996362551,0.801832309746599,0.0956569513630703,-0.00586860973017589,-0.00586860972733128,-0.00568691963580337,0.0422040168057207,0.0250315694968013,0.0230173309239492,3.49540507904364,3.30661293885256,0.293370150921648,2.35551649898289,0.209115089306102,2.82517187543751,2.37063194868796,0.512228998619497,-0.0576890718699473,5.93113870479525,6.16360682211861,0.455275394275697,0.250317886067033,0.154284766771395,0.0104792259178938,0.861907470021656,2.3366548520655,0.577478004914509,0.230661234474596,0.517144482012993,0.215476867505414,0.185216209003393,0.412441623806772,-0.0286274586409783,0.000839051717024377,1.02161619230259,0.999179200836556,1.02245542285833,0.527012196144198,0.0504123800143104,0.422575406498953,1.03084241009945,1.0275521499392,0.839110699532996,0.181308968514382,-0.0204196680473783,-0.000151562431700687,0.963128793123068,0.0185700169571389,1.02038909172609,-0.0212318051372384,0.67,0.1,1.025,0.35,0.6,0.25,0.4,0.005,0.975,0.8,0.1,1.09575833185557,0.782603565580334,0.43830333274223,0.207870088952735,0.29275369317863,0.592362646328433,-1.14434335085095,0.97194904096554,5.60996194342852
177,-0.0057942398151097,0.801974258709098,0.0956569513628553,-0.00586860972962044,-0.00586860972738601,-0.00569261791747644,0.0422211015871639,0.0250435721002608,0.0230288059165081,3.49348846647295,3.30316326176971,0.293040124016493,2.35363056706998,0.208927464492107,2.82385639044128,2.37187244971307,0.50964657854394,-0.0576626378157245,5.93055259155255,6.15565652748554,0.454777945070529,0.250394471018104,0.154159640800633,0.0104729943776542,0.861692504654005,2.33527853728635,0.577333978118183,0.230556540097515,0.517015502792403,0.215423126163501,0.185202795651571,0.412390457419465,-0.0284376496374673,0.000833916058169149,1.02165789101822,0.999176788985815,1.02249962397068,0.526972773871299,0.0504086089997558,0.422618599685334,1.03083599730287,1.02754548861696,0.839940889965937,0.180478929545368,-0.0204198195113048,-0.000148183861572101,0.963128793123068,0.0185700169571389,1.0204524566173,-0.0212318051372384,0.67,0.1,1.025,0.35,0.6,0.25,0.4,0.005,0.975,0.8,0.1,1.09556699462273,0.782565016385802,0.438226797849092,0.207762018938171,0.292538150819691,0.592483319959269,-1.14390456233386,0.967121270421476,5.61232385767942
178,-0.00579656447229666,0.802111780906172,0.0956569513626865,-0.00586860972918413,-0.00586860972742898,-0.00569813650901085,0.0422377335480074,0.0250552587706829,0.0230399793405182,3.49162316357707,3.29981016123118,0.2927193293433,2.35179919928868,0.208745230252247,2.82258232641944,2.37308922273172,0.507130044183943,-0.05763694049622,5.92999212706741,6.14792380540247,0.454294557521077,0.250469434174424,0.154037833217777,0.0104669384217496,0.861483817049788,2.33394202242773,0.577194157423358,0.230454810693017,0.516890290229873,0.215370954262447,0.185189693415804,0.412340724904254,-0.0282499862381549,0.000828721464460975,1.02169842531077,0.999174452705342,1.02254258257349,0.526934586628543,0.0504049561244439,0.422660439701699,1.03082975310219,1.02753900180907,0.840751109552651,0.179668822918179,-0.0204199324708299,-0.000144875184087924,0.963128793123068,0.0185700169571389,1.02051444305077,-0.0212318051372384,0.67,0.1,1.025,0.35,0.6,0.25,0.4,0.005,0.975,0.8,0.1,1.09538104362514,0.782527348494072,0.438152417450058,0.207656929527088,0.292328188596139,0.592602029069003,-1.14347764441896,0.962415557932315,5.61464712525869
179,-0.00579881630194132,0.802245014389209,0.0956569513625538,-0.0058686097288414,-0.00586860972746273,-0.00570348113706465,0.0422539249099501,0.0250666379249419,0.0230508592060927,3.48980772071385,3.29655078242864,0.292407494140715,2.35002073611922,0.20856822344239,2.82134828744746,2.37428253924167,0.504677707114639,-0.0576119589088453,5.92945616755179,6.14040245029166,0.453824811584087,0.250542801705004,0.153919255092423,0.0104610529098269,0.861281214235039,2.33264407497792,0.577058413537476,0.230355958861435,0.516768728541024,0.21532030355876,0.185176894108724,0.41229238307422,-0.0280645160714804,0.000823477333017404,1.0217378295433,0.999172189616549,1.02258433547416,0.526897595554272,0.0504014176709816,0.422700969127097,1.03082367301233,1.0275326849037,0.841541808153691,0.178878201374206,-0.0204200095278968,-0.000141635225427414,0.963128793123068,0.0185700169571389,1.02057507779721,-0.0212318051372384,0.67,0.1,1.025,0.35,0.6,0.25,0.4,0.005,0.975,0.8,0.1,1.0952003167341,0.782490538110175,0.438080126693641,0.207554735426616,0.292123661962259,0.59271877758499,-1.14306227029037,0.957828829307411,5.61693185644855
180,-0.00580099759564625,0.802374092904381,0.0956569513624496,-0.00586860972857217,-0.00586860972748926,-0.0057086573420696,0.0422696875437871,0.0250777177436676,0.0230614532997129,3.48804073464432,3.29338236455784,0.29210435462822,2.34829357343938,0.208396286364863,2.82015293034909,2.37545267769613,0.502287925335717,-0.0575876726827543,5.92894362226863,6.13308645205272,0.453368301174748,0.250614599775284,0.153803820016158,0.0104553328644193,0.861084509737359,2.33138350551424,0.57692662152403,0.230259900013037,0.516650705842415,0.21527112743434,0.185164389847102,0.412245390227657,-0.0278812810075648,0.000818192446313159,1.02177613694551,0.999169997416375,1.02262491826976,0.52686176302013,0.050397990039951,0.422740229189299,1.03081775267372,1.02752653341651,0.842313426389053,0.178106626745344,-0.0204200531343974,-0.000138462812191779,0.963128793123068,0.0185700169571389,1.02063438727058,-0.0212318051372384,0.67,0.1,1.025,0.35,0.6,0.25,0.4,0.005,0.975,0.8,0.1,1.09502465735398,0.782454562397056,0.438009862941591,0.207455353995888,0.291924430299341,0.592833571235683,-1.14265812261767,0.953358092370288,5.61917819425798
181,-0.00580311057228835,0.802499146026905,0.0956569513623678,-0.00586860972836067,-0.00586860972751013,-0.00571367048451588,0.0422850329807065,0.0250885061786042,0.0230717691911386,3.48632084674913,3.29030223720607,0.291809655660803,2.34661616041298,0.208229266559391,2.81899496240603,2.37659992274178,0.499959101721942,-0.0575640620576903,5.92845345097347,6.1259699888134,0.452924633627629,0.250684854518618,0.153691444020853,0.0104497734651254,0.860893523337822,2.33015916594381,0.576798660636341,0.23016655226453,0.516536114002693,0.215223380834456,0.185152173036059,0.412199706087903,-0.0277003175404733,0.000812875007466504,1.02181337965711,0.99916787387485,1.02266436539281,0.526827052591276,0.0503946697461033,0.42277825980839,1.03081198784843,1.0275205429868,0.843066395805092,0.177353669795322,-0.0204200656004149,-0.000135356773225907,0.963128793123068,0.0185700169571389,1.02069239752181,-0.0212318051372384,0.67,0.1,1.025,0.35,0.6,0.25,0.4,0.005,0.975,0.8,0.1,1.09485391420063,0.78241939942233,0.437941565680253,0.207358705152214,0.29173035679337,0.592946417425136,-1.1422648932458,0.949000434322459,5.6213863121034
182,-0.0058051573803649,0.802620299291116,0.0956569513623035,-0.00586860972819458,-0.00586860972752645,-0.00571852575101095,0.0422999724231724,0.0250990109597107,0.0230818142400787,3.48464674132603,3.28730781690209,0.291523150399191,2.34498699747101,0.208067016603329,2.81787313918006,2.37772456450097,0.4976896825428,-0.0575411078637124,5.92798466148253,6.11904742000354,0.452493429181832,0.250753592009704,0.153582045500199,0.010444370043025,0.860708080833618,2.32896994782709,0.576674414158524,0.230075836339977,0.516424848500171,0.215177020208405,0.185140236354186,0.412155291745961,-0.0275216571471958,0.000807532673603341,1.02184958876918,0.999165816832733,1.02270271015511,0.526793428987932,0.0503914534146797,0.422815099638906,1.03080637441639,1.02751470937371,0.843801139038766,0.17661891006328,-0.0204200491020466,-0.000132315941295177,0.963128793123068,0.0185700169571389,1.02074913423347,-0.0212318051372384,0.67,0.1,1.025,0.35,0.6,0.25,0.4,0.005,0.975,0.8,0.1,1.09468794108997,0.782385028108242,0.437875176435988,0.207264711281029,0.291541308317492,0.593057325114107,-1.14188228289819,0.944753019222267,5.62355641161256
183,-0.00580714010026142,0.802737674316484,0.095656951362253,-0.00586860972806413,-0.00586860972753933,-0.00572322816012105,0.0423145167554116,0.0251092396020119,0.0230915956026295,3.4830171439645,3.28439660382041,0.291244599994839,2.34340463438115,0.207909393920733,2.81678626244174,2.37882689789613,0.495478156047351,-0.0575187915017466,5.92753630736094,6.11231327973568,0.452074320489146,0.250820838239846,0.153475545134312,0.0104391180753203,0.86052801381091,2.32781478077998,0.57655376925331,0.229987675475965,0.516316808286546,0.215132003452728,0.18512857273953,0.412112109605767,-0.0273453266247906,0.000802172587317985,1.02188479436388,0.999163824199237,1.02273998478964,0.52676085804819,0.0503883377778543,0.422850786110577,1.03080090837175,1.02750902845262,0.844518069979274,0.175901935709546,-0.0204200056888208,-0.00012933915457811,0.963128793123068,0.0185700169571389,1.02080462271552,-0.0212318051372384,0.67,0.1,1.025,0.35,0.6,0.25,0.4,0.005,0.975,0.8,0.1,1.09452659673617,0.782351428184638,0.437810638694468,0.20717329714949,0.291357155318993,0.593166304707436,-1.14151000089203,0.940613085572169,5.62568872054564
184,-0.00580906074644446,0.802851388929703,0.0956569513622133,-0.00586860972796166,-0.00586860972754943,-0.00572778256800432,0.0423286765535171,0.0251191994122083,0.0231011202374884,3.48143081999356,3.28156617863201,0.290973773288947,2.34186766840094,0.207756260599833,2.81573317819989,2.3799072220142,0.493323051110596,-0.0574970949249086,5.92710748572533,6.10576227047639,0.451666952144065,0.250886619093971,0.153371865817264,0.0104340131801937,0.860353159427439,2.32669263095042,0.576436616816384,0.229901995330768,0.516211895656463,0.21508828985686,0.185117175376397,0.412070123331968,-0.0271713484069958,0.000796801406393358,1.02191902555241,0.999161893949823,1.02277622049078,0.526729306692062,0.0503853196712949,0.42288535546772,1.03079558581939,1.02750349621164,0.845217593927148,0.175202343363577,-0.0204199372907254,-0.000126425258011154,0.963128793123068,0.0185700169571389,1.02085888790182,-0.0212318051372384,0.67,0.1,1.025,0.35,0.6,0.25,0.4,0.005,0.975,0.8,0.1,1.0943697445591,0.782318580144761,0.43774789782364,0.207084389823532,0.291177771710599,0.593273367947409,-1.14114776486504,0.93657794400835,5.62778349082809
185,-0.00581092126958155,0.80296155728297,0.0956569513621821,-0.00586860972788117,-0.00586860972755732,-0.00573219367384337,0.0423424620951859,0.0251288974950563,0.0231103949119537,3.4798865729992,3.27881419949422,0.290710446524784,2.34037474251081,0.20760748321847,2.81471277482655,2.3809658395092,0.491222935937911,-0.0574760006205548,5.92669733515479,6.0993892569935,0.451270980234572,0.250950960329307,0.153270932587408,0.0104290511118725,0.860183360204398,2.32560249956547,0.576322851336947,0.229818723897366,0.516110016122639,0.2150458400511,0.185106037682918,0.412029297800097,-0.0269997408615534,0.000791425331849083,1.02195231051127,0.99916002412407,1.02281144745276,0.526698742886722,0.0503823960308377,0.422918842807322,1.03079040297152,1.02749810874824,0.845900107750844,0.17451973797402,-0.0204198457248637,-0.000123573104503555,0.963128793123068,0.0185700169571389,1.0209119543476,-0.0212318051372384,0.67,0.1,1.025,0.35,0.6,0.25,0.4,0.005,0.975,0.8,0.1,1.09421725250044,0.78228646520372,0.437686901000178,0.206997918588254,0.291003034765875,0.593378527812812,-1.14079530051281,0.932644975086942,5.62984099668963
186,-0.00581272355859123,0.803068289968573,0.0956569513621577,-0.00586860972781789,-0.00586860972756365,-0.00573646602508582,0.042355883369104,0.0251383407595246,0.0231194262077167,3.4783832434078,3.27613839917273,0.290454403072657,2.33892454372301,0.207462932677126,2.81372398127234,2.38200305604103,0.489176416824331,-0.0574554915930203,5.92630503370511,6.09318926056525,0.450886071912653,0.251013887555624,0.153172672560368,0.0104242277558904,0.860018463827155,2.32454342154546,0.576212370764194,0.229737791420083,0.516011078296293,0.215004615956789,0.185095153299343,0.411989599049008,-0.0268305185694167,0.000786050134414485,1.02198467651712,0.999158212823616,1.02284569490651,0.526669135612881,0.050379563889271,0.42295128211588,1.03078535614446,1.027492862266,0.846566000040889,0.173853732660866,-0.0204197327017554,-0.00012078155601358,0.963128793123068,0.0185700169571389,1.02096384622753,-0.0212318051372384,0.67,0.1,1.025,0.35,0.6,0.25,0.4,0.005,0.975,0.8,0.1,1.09406899284816,0.782255065259479,0.437627597139262,0.206913814871478,0.290832825018541,0.59348179842342,-1.14045234133629,0.928811627161481,5.63186153290442
187,-0.00581446944262529,0.803171694129917,0.0956569513621385,-0.00586860972776826,-0.00586860972756853,-0.00574060402249921,0.0423689500839929,0.0251475359247378,0.0231282205264539,3.47691970713235,3.27353658228919,0.290205433166894,2.33751580146254,0.207322484039156,2.81276576536733,2.38301917974866,0.487182136965677,-0.0574355513470079,5.92592979702097,6.08715745343801,0.450511904983581,0.251075426216976,0.153077014864555,0.0104195391245384,0.859858322954389,2.32351446418161,0.576105076379441,0.229659130314697,0.515914993772634,0.214964580738597,0.185084516077015,0.411950994235486,-0.0266636925869048,0.000780681179545264,1.02201614998,0.999156458210161,1.02287899115498,0.526640454832286,0.0503768203732265,0.422982706305013,1.03078044175547,1.02748775307144,0.847215651261626,0.173203948569671,-0.0204195998312976,-0.00011804948451836,0.963128793123068,0.0185700169571389,1.02101458733461,-0.0212318051372384,0.67,0.1,1.025,0.35,0.6,0.25,0.4,0.005,0.975,0.8,0.1,1.09392484206878,0.782224362856203,0.437569936827513,0.206832012170343,0.290667026165515,0.593583194949641,-1.14011862839864,0.925075414346635,5.63384541312729
188,-0.00581616069298577,0.803271873569069,0.0956569513621234,-0.00586860972772929,-0.0058686097275723,-0.00574461192504838,0.0423816716773312,0.0251564895257134,0.0231367840952277,3.47549487427834,3.27100662268817,0.289963333654249,2.33614728601694,0.207186016377877,2.81183713220317,2.38401452075607,0.485238775318701,-0.0574161638715954,5.92557087654126,6.08128915352018,0.450148167513026,0.251135601574848,0.152983890579109,0.0104149813524957,0.859702795035268,2.32251472587392,0.57600087267363,0.229582675091899,0.515821677021161,0.214925698758817,0.185074120067993,0.411913451590895,-0.026499270691904,0.000775323450963847,1.02204675647526,0.999154758503549,1.02291136360697,0.526612671456276,0.0503741627001709,0.423013147245912,1.0307756563197,1.02748277757095,0.847849433900598,0.172570014727805,-0.0204194486284037,-0.000115375772864985,0.963128793123068,0.0185700169571389,1.0210642010796,-0.0212318051372384,0.67,0.1,1.025,0.35,0.6,0.25,0.4,0.005,0.975,0.8,0.1,1.09378468064731,0.782194341149831,0.437513872258924,0.206752445980811,0.290505524973512,0.593682733527085,-1.13979391009115,0.921433914563504,5.63579296832153
189,-0.00581779902497878,0.80336892885097,0.0956569513621115,-0.00586860972769865,-0.0058686097275753,-0.00574849385460119,0.0423940573237635,0.0251652079189012,0.0231451229717028,3.47410768790637,3.26854646091754,0.289727907753147,2.33481780705136,0.207053412630179,2.81093712259191,2.38498939070912,0.483345045507614,-0.0573973136248307,5.92522755779287,6.07557981930049,0.449794557451129,0.251194438692647,0.152893232674149,0.0104105506926335,0.859551742134272,2.32154333492632,0.575899667229962,0.229508362283829,0.515731045280563,0.214887935533568,0.185063959515273,0.411876940379782,-0.0263372576149801,0.0007699815729776,1.02207652077406,0.999153111979896,1.0229428388095,0.526585757315381,0.050371588175498,0.42304263580265,1.03077099644729,1.02747793226794,0.848467712615618,0.171951567902717,-0.0204192805183349,-0.000112759315532093,0.963128793123068,0.0185700169571389,1.02111271049107,-0.0212318051372384,0.67,0.1,1.025,0.35,0.6,0.25,0.4,0.005,0.975,0.8,0.1,1.09364839293412,0.782164983875745,0.437459357173648,0.20667505372994,0.290348211189044,0.593780431175808,-1.13947794190754,0.917884767662127,5.6377045452736
190,-0.00581938609970759,0.803462957404378,0.0956569513621022,-0.00586860972767456,-0.00586860972757774,-0.00575225380047095,0.0424061159432096,0.0251736972875319,0.0231532430491837,3.4727571228486,3.26615410181681,0.289498964823261,2.33352621218594,0.206924559456338,2.81006481159769,2.38594410234206,0.48149969477452,-0.0573789855188861,5.92489915876852,6.0700250449794,0.449450782272697,0.251251962421451,0.152804975953218,0.0104062435119832,0.859405030763318,2.3205994483961,0.575801370611423,0.229436130373679,0.515643018457991,0.21485125769083,0.185054028843586,0.411841430860343,-0.0261776552563974,0.000764659831453331,1.02210546687264,0.999151516969794,1.02297344247894,0.526559685129907,0.0503690941897154,0.423071201864408,1.03076645884052,1.0274732137599,0.849070844379557,0.171348252462184,-0.0204190968417401,-0.000110199019294724,0.963128793123068,0.0185700169571389,1.02116013821595,-0.0212318051372384,0.67,0.1,1.025,0.35,0.6,0.25,0.4,0.005,0.975,0.8,0.1,1.09351586699876,0.782136275318414,0.437406346799503,0.206599774710818,0.290194977451643,0.593876305724007,-1.13917048622649,0.914425673617093,5.63958050519057
191,-0.00582092352580671,0.803554053619679,0.0956569513620949,-0.00586860972765568,-0.00586860972757963,-0.00575589562379886,0.0424178562086858,0.0251819636467825,0.0231611500614824,3.47144218457647,3.26382761220792,0.289276320144888,2.3322713856324,0.206799347105735,2.80921930713753,2.38687896907183,0.479701502971451,-0.0573611649057474,5.92458502838452,6.06462055580328,0.449116558632738,0.251308197386956,0.152719056997843,0.0104020562878622,0.859262531720848,2.31968225099486,0.575705896252968,0.229365919728113,0.515557519032509,0.214815632930212,0.185044322650735,0.411806894246641,-0.0260204628898451,0.000759362193661598,1.02213361802029,0.999149971856564,1.02300319953072,0.526534428481498,0.0503666782157231,0.423098874376643,1.03076204029106,1.02746861873571,0.849659178622893,0.170759720236526,-0.0204188988594189,-0.00010769380380097,0.963128793123068,0.0185700169571389,1.02120650652061,-0.0212318051372384,0.67,0.1,1.025,0.35,0.6,0.25,0.4,0.005,0.975,0.8,0.1,1.09338699449014,0.782108200282884,0.437354797796056,0.206526550020029,0.290045719210192,0.59397037573596,-1.13887131210176,0.911054390792429,5.64142122237609
192,-0.00582241286111935,0.803642308943633,0.0956569513620891,-0.00586860972764081,-0.00586860972758108,-0.00575942306178545,0.0424292865538493,0.0251900128487659,0.0231688495876205,3.47016190811714,3.26156511868383,0.289059794707667,2.33105224688725,0.206677669288196,2.80839974864738,2.38779430461899,0.477949281591811,-0.0573438375634141,5.92428454501425,6.05936220359135,0.4487916120366,0.251363167977561,0.152635414114098,0.010397985604151,0.859124119937546,2.31879095403854,0.575613160358156,0.229297672532453,0.515474471962528,0.214781029984387,0.185034835699434,0.411773302672512,-0.0258656773536861,0.000754092326988382,1.02216099674623,0.999148475074575,1.02303213410793,0.526509961785613,0.0503643378061818,0.423125681371228,1.03075773767737,1.02746414397295,0.850233057374049,0.170185630382773,-0.0204186877568225,-0.000105242602091584,0.963128793123068,0.0185700169571389,1.02125183729226,-0.0212318051372384,0.67,0.1,1.025,0.35,0.6,0.25,0.4,0.005,0.975,0.8,0.1,1.0932616705029,0.78208074406801,0.437304668201159,0.206455322497554,0.289900334642194,0.594062660443974,-1.13858019505968,0.907768734272164,5.6432270829812
193,-0.00582385561431991,0.803727811971179,0.0956569513620846,-0.00586860972762915,-0.00586860972758219,-0.00576283973177516,0.0424404151802766,0.0251978505873499,0.0231763470563729,3.46891535701625,3.25936480548991,0.288849215008182,2.32986774947867,0.206559423050683,2.80760530581042,2.38869042265379,0.476241872839215,-0.0573269896825861,5.92399711509392,6.05424596244591,0.448475676523992,0.251416898333509,0.152553987281083,0.0103940281477134,0.8589896743284,2.31792479444386,0.575523081800028,0.229231332728423,0.51539380459704,0.2147474185821,0.185025562909624,0.411740629157058,-0.025713293230479,0.000748853616594194,1.0221876248853,0.999147025107608,1.02306026960868,0.526486260264915,0.0503620705909668,0.423151649995622,1.03075354796213,1.02745978633539,0.85079281539756,0.169625649250745,-0.0204184646483049,-0.000102844361023463,0.963128793123068,0.0185700169571389,1.02129615204091,-0.0212318051372384,0.67,0.1,1.025,0.35,0.6,0.25,0.4,0.005,0.975,0.8,0.1,1.09313979344957,0.782053892441333,0.43725591737983,0.206386036668987,0.289758724575874,0.594153179684188,-1.13829691690374,0.904566574253205,5.64499848382607
194,-0.00582525324648354,0.80381064853437,0.0956569513620811,-0.00586860972761993,-0.00586860972758307,-0.00576614913519924,0.0424512500644866,0.0252054824028137,0.0231836477506598,3.46770162234479,3.25722491249372,0.288644412856009,2.32871687976481,0.206444508659088,2.80683517734402,2.38956763646606,0.474578148731786,-0.0573106078538195,5.92372217179665,6.0492679246372,0.448168494366232,0.251469412337049,0.152474718101248,0.0103901807049552,0.858859077650796,2.31708303376902,0.575435582026033,0.229166845954408,0.515315446590477,0.214714769412699,0.185016499351245,0.411708847571665,-0.0255633030154704,0.000743649182084477,1.02221352360262,0.999145620487284,1.0230876287123,0.526463299923519,0.0503598742747048,0.423176806541081,1.03074946818975,1.02745554277043,0.851338780330092,0.169079450251048,-0.0204182305811398,-0.000100498041648017,0.963128793123068,0.0185700169571389,1.02133947190153,-0.0212318051372384,0.67,0.1,1.025,0.35,0.6,0.25,0.4,0.005,0.975,0.8,0.1,1.09302126493837,0.782027631615488,0.437208505975347,0.206318638689971,0.289620792414966,0.594241953835995,-1.1380212655258,0.90144583449735,5.64673583128919
195,-0.00582660717260453,0.80389090178853,0.0956569513620783,-0.00586860972761283,-0.00586860972758385,-0.00576935466138362,0.0424617989647198,0.025212913686348,0.0231907568117917,3.46651982174777,3.25514373323898,0.288445225187813,2.32759865578091,0.206332829484879,2.80608858984269,2.39042625865769,0.472957010240133,-0.057294679055129,5.92345917377158,6.04442429665413,0.447869815776077,0.251520733603538,0.152397549752459,0.0103864401585142,0.858732216368377,2.31626495729641,0.575350584966812,0.229104159488072,0.515239329821026,0.214683054092094,0.185007640237417,0.411677932608458,-0.0254156972747403,0.000738481893222516,1.02223871341723,0.999144259791532,1.02311423340461,0.526441057522084,0.0503577466343911,0.423201176469948,1.03074549548404,1.02745141030677,0.851871272814352,0.168546713724961,-0.0204179865393128,-9.82026195238332e-05,0.963128793123068,0.0185700169571389,1.02138181763662,-0.0212318051372384,0.67,0.1,1.025,0.35,0.6,0.25,0.4,0.005,0.975,0.8,0.1,1.09290598965617,0.782001948226062,0.437162395862467,0.206253076292753,0.289486444066089,0.594329003764948,-1.13775303472377,0.898404490839495,5.64843954026067
196,-0.00582791876306518,0.803968652295738,0.0956569513620761,-0.00586860972760705,-0.00586860972758441,-0.00577245959122563,0.0424720693963853,0.025220149662428,0.0231976792225294,3.46536910250459,3.25311961879178,0.288251494440373,2.3265121288343,0.206224292150714,2.80536479556736,2.39126659978107,0.471377386414343,-0.0572791906280537,5.92320760677719,6.03971140361334,0.447579399456883,0.251570885409561,0.152322427015839,0.0103828034938508,0.858608980520415,2.31546987540625,0.575268016948678,0.229043224442256,0.515165388312249,0.214652245130104,0.184998980918033,0.411647859505758,-0.0252704681511409,0.00073335101518142,1.02226321375086,0.999142941643119,1.02314010452771,0.52641951055371,0.0503556855170841,0.42322478444206,1.0307416270578,1.02744738606458,0.852390606583749,0.168027126867143,-0.020417733450892,-9.59559863774669e-05,0.963128793123068,0.0185700169571389,1.0214232091652,-0.0212318051372384,0.67,0.1,1.025,0.35,0.6,0.25,0.4,0.005,0.975,0.8,0.1,1.09279387525661,0.781976828846578,0.437117550102645,0.20618929892888,0.289355588009305,0.594414350617979,-1.13749202378787,0.89544056966758,5.65011003061527
197,-0.00582918934505695,0.804043978105691,0.0956569513620744,-0.00586860972760261,-0.00586860972758485,-0.00577546710074495,0.0424820687377986,0.0252271954632538,0.023204419878304,3.46424862800527,3.25115095768959,0.288063066617658,2.32545637365666,0.206118805608107,2.80466307496274,2.3920889713959,0.469838233878712,-0.057264130311872,5.9229669733526,6.03512565938593,0.447297009678556,0.251619890884491,0.152249295994021,0.0103792677646625,0.858489263871846,2.31469711551782,0.575187806794137,0.228983986465,0.515093558323107,0.214622315967961,0.184990516933063,0.411618604961078,-0.0251275988781935,0.000728266331566865,1.02228704484784,0.999141664708218,1.023165263703,0.526398637220623,0.0503536888376753,0.423247654340296,1.03073786017252,1.02744346721329,0.852897088691779,0.167520383489956,-0.0204174721817351,-9.37595358567376e-05,0.963128793123068,0.0185700169571389,1.0214636670698,-0.0212318051372384,0.67,0.1,1.025,0.35,0.6,0.25,0.4,0.005,0.975,0.8,0.1,1.09268483260352,0.781952261758158,0.437073933041408,0.206127257093756,0.289228134779937,0.594498016242249,-1.13723803823934,0.89255214709417,5.65174773413542
198,-0.00583042020395542,0.80411695483406,0.095656951362073,-0.00586860972759917,-0.00586860972758518,-0.00577838026451272,0.0424918041298438,0.0252340560576501,0.023210983519091,3.46315759034263,3.24923619377381,0.287879793012626,2.32443049692255,0.20601628192213,2.80398273162738,2.39289368240429,0.468338535396594,-0.0572494861735058,5.92273680172841,6.03066359118899,0.447022418885359,0.251667772798049,0.152178104321788,0.0103758301241091,0.858372962909698,2.313946029035,0.575109885149497,0.228926399940454,0.515023777745819,0.214593240727424,0.184982243816557,0.411590145923749,-0.0249870751534383,0.000723225970983319,1.02231022495013,0.999140427695025,1.0231897305052,0.526378416411615,0.0503517545767308,0.423269809295294,1.0307341921769,1.02743965101211,0.853391019643168,0.16702618390379,-0.020417203546958,-9.16109731098091e-05,0.963128793123068,0.0185700169571389,1.02150321100269,-0.0212318051372384,0.67,0.1,1.025,0.35,0.6,0.25,0.4,0.005,0.975,0.8,0.1,1.09257877454416,0.781928234690185,0.437031509817664,0.206066902957621,0.289103997385007,0.594580022650454,-1.13699088849552,0.889737346354956,5.65335308556082
199,-0.00583161258465067,0.804187655738395,0.095656951362072,-0.0058686097275964,-0.00586860972758541,-0.00578120205896471,0.0425012825200773,0.0252407362819692,0.0232173747589448,3.46209520481824,3.24737381752234,0.287701529372857,2.32343363301933,0.205916635848955,2.80332309311521,2.39368103998815,0.466877299749781,-0.0572352466227183,5.92251664113665,6.02632182615716,0.446755406408488,0.251714553625775,0.152108801033852,0.0103724878093941,0.858259977675376,2.31321598779548,0.575034185042502,0.228870418178253,0.514955986605225,0.214564994418844,0.184974157295512,0.411562459874366,-0.0248488812854917,0.000718231946129865,1.02233277220898,0.999139229352426,1.02321352437696,0.526358827680212,0.0503498807784033,0.423291271709371,1.03073062049024,1.02743593479264,0.853872693400133,0.16654423491025,-0.0204169283103829,-8.95093368716872e-05,0.963128793123068,0.0185700169571389,1.02154186025778,-0.0212318051372384,0.67,0.1,1.025,0.35,0.6,0.25,0.4,0.005,0.975,0.8,0.1,1.09247561701741,0.78190473538407,0.436990246806965,0.2060081900699,0.288983091067801,0.594660392143877,-1.13675039022671,0.886994337698144,5.65492652452242
200,-0.0058327676928345,0.804256151791665,0.0956569513620711,-0.00586860972759429,-0.00586860972758563,-0.00578393536560118,0.0425105106684143,0.0252472408438893,0.0232235980895855,3.4610607090996,3.24556236447008,0.287528135749702,2.32246494268803,0.205819784747968,2.80268350981356,2.39445134940286,0.465453560812201,-0.057221400401494,5.92230606083528,6.02209708809916,0.446495758235319,0.251760255544345,0.152041336524251,0.0103692381391433,0.858150211313444,2.31250638332753,0.574960641580008,0.228815995865181,0.514890126788067,0.214537552828361,0.184966253211526,0.411535525184614,-0.0247130003020311,0.000713286093108528,1.02235470423388,0.999138068468701,1.02323666417872,0.526339851223556,0.0503480655484114,0.423312063279665,1.03072714260039,1.02743231595681,0.854342397569881,0.166074249618916,-0.020416647188797,-8.74536809456761e-05,0.963128793123068,0.0185700169571389,1.02157963377428,-0.0212318051372384,0.67,0.1,1.025,0.35,0.6,0.25,0.4,0.005,0.975,0.8,0.1,1.09237527852665,0.781881752308776,0.43695011141066,0.205951073317263,0.288865333245827,0.594739147270691,-1.13651636419822,0.884321336737441,5.65646849478263
