Time,n_A,psi_o_A,psi_y_A,n_y_A,n_m_A,n_o_A,mu_o_A,mu_m_A,mu_y_A,s_o_A,s_m_A,s_y_A,h_m_A,h_y_A,a_A,a_o_A,a_m_A,a_y_A,z_o_A,z_m_A,z_y_A,c_o_A,c_m_A,c_y_A,y_A,k_A,w_A,inv_A,b_A,gov_A,e_A,t_A,f_A,nx_A,tilde_R_A,g_A,q_A,tilde_s_m_A,tilde_s_y_A,tilde_s_o_A,Omega_m_A,Omega_y_A,eta_o_A,eta_m_A,eta_y_A,walras_A,gamma_A,phi_A,R_star,fy_target_A,repl,pen_bar_A,alpha,delta,beta,sigma,b_y,g_y,x,omega,nu,Lambda_A,w_indiv_A,t_indiv_A,e_indiv_A,c_y_indiv_A,c_m_indiv_A,c_o_indiv_A,a_y_indiv_A,a_m_indiv_A,a_o_indiv_A
0,0.0151473707256848,0.224588712641349,0.200736853628425,0.0151473707256848,0.0151473707256848,0.0151473707256848,0.101720684722269,0.0476308371882791,0.0407366774776927,0.52097826182806,1.76955954400664,0.314966866571548,2.83725921601491,0.505008519179905,2.90668240441411,0.749539417116666,2.30936712365009,-0.152224136352638,1.34209109081027,6.86608509839304,0.696108392472481,0.136518424716877,0.327037381442429,0.0283571430736666,1.07900408108206,2.63789394321881,0.722932734324979,0.310849465143838,0.647402448649235,0.269751020270515,0.0649450128513351,0.34579456760395,-0.37861398745393,0.00649064643473372,1.0377129724424,1.02022310757931,1.01714317655927,0.701594094475625,0.140835791049321,0.157570114475054,1.08902028665486,1.07342310848684,0.25786766933271,0.794502736227068,-0.0523704055597782,-1.51788304147971e-16,0.903832782801923,0.0431880062659022,1.0377129724424,-0.350892081032951,0.4,0,0.67,0.1,1.025,0.5,0.6,0.25,0.005,0.975,0.8,0.1,1.03041450892671,0.492869837883112,0.412165803570683,0.201348981408681,0.466134740895814,0.866397953518593,-1.08086257916732,3.29160000324136,4.75686280747947
1,0.0155866455234307,0.224919118022668,0.201023215445545,0.0165955325378835,0.0151473707256848,0.0166408124493351,0.100118428812248,0.047075643961169,0.0403078139966228,0.528975049413973,1.79610820407218,0.320535936522198,2.85781062182474,0.509896332122747,2.90812303172229,0.750640368176506,2.3097788876681,-0.152296224122307,1.34973648946662,6.91221832858858,0.706618283294529,0.135133496882664,0.32539713099449,0.0284822387718919,1.07853737614697,2.63871521275188,0.722620042018467,0.312677258341784,0.647122425688179,0.269634344036741,0.0650124250065188,0.345743526047539,-0.377714606717763,0.00722522460017772,1.03771773837181,1.02066457875105,1.01670789794786,0.701290631836264,0.140975697773564,0.157733670390172,1.08807732282645,1.07279979678637,0.25811850461185,0.794250746087756,-0.0523692506996059,-1.23174807836578e-05,0.905326224525573,0.0434787057116278,1.0377129724424,-0.350844422874474,0.4,0,0.67,0.1,1.025,0.5,0.6,0.25,0.005,0.975,0.8,0.1,1.03041450892671,0.493010330313756,0.412165803570684,0.202036515666979,0.463997544274145,0.856719409041809,-1.08030126133461,3.29361149687706,4.75891017003352
2,0.0157993232245011,0.225438053486518,0.201339559435646,0.016802239102347,0.0152046430891088,0.0175469326063169,0.0989401462569733,0.0466559980136052,0.0399792869829686,0.535753104659114,1.81746183839309,0.325226683490717,2.87334937270602,0.513908673518402,2.91060257325374,0.752449099509006,2.310580731826,-0.15242725808126,1.35736061076603,6.94872445295944,0.715305503073069,0.134297457474628,0.324199674874063,0.0285974041452109,1.07815054392436,2.64077910637648,0.722360864429319,0.314504127936894,0.646890326354614,0.269537635981089,0.0651390508767138,0.345493699589584,-0.377066859477355,0.00682598530269891,1.03757671905641,1.02087831984062,1.01635689473589,0.700880074752444,0.14111488546788,0.158005039779676,1.08742687430739,1.07237978609401,0.25852004200989,0.793849614871461,-0.0523696568813501,0.000188258209773109,0.906395865414775,0.0435822832201476,1.03762585353753,-0.350701495431892,0.4,0,0.67,0.1,1.025,0.5,0.6,0.25,0.005,0.975,0.8,0.1,1.03064830981886,0.492942675980074,0.412259323927542,0.20265334908074,0.462560838226957,0.849956796706569,-1.08016427590806,3.29668486101864,4.76218417183545
3,0.0158432476742568,0.226036348753291,0.201549795800156,0.0163280425211521,0.0152679118871293,0.0179623548917329,0.0981716309790344,0.0463727929256576,0.0397539554984476,0.541009358973705,1.83300409326059,0.328664552756043,2.8838212650867,0.516689496327616,2.91374988045254,0.754659483519719,2.31168084162725,-0.152590444694428,1.36430149061241,6.97502910852733,0.721443851115308,0.133935702416324,0.323451580415213,0.0286802467260775,1.07800411037314,2.64370943826833,0.722262753950002,0.315715609402754,0.646802466223882,0.269501027593284,0.065303054297342,0.34533408208758,-0.37676202403967,0.00639146991123036,1.03740225180033,1.02092246391263,1.01614205629734,0.700483122377741,0.141182230276689,0.158334647345569,1.08704320276058,1.0721421475849,0.258999404376543,0.793369690754394,-0.0523690951309369,0.000328473908253637,0.907067146148746,0.0435553927747845,1.03747508046621,-0.350463439757336,0.4,0,0.67,0.1,1.025,0.5,0.6,0.25,0.005,0.975,0.8,0.1,1.03109230026604,0.492994150830312,0.412436920106415,0.203143459838181,0.461754994634674,0.845902679304331,-1.08080488879784,3.30012354013671,4.76623086716236
4,0.0157579742843718,0.226629897130591,0.201586183314145,0.015493261778603,0.0153099591600312,0.0179760594666418,0.097785192166568,0.0462201389201806,0.0396286314710266,0.544574526366767,1.84260286800238,0.330685780855062,2.88948734691348,0.518094522771452,2.91717333966573,0.756998064208994,2.31292735696019,-0.152752081503455,1.37006356201274,6.99113970990701,0.724749034495596,0.133971928535314,0.323131448409113,0.0287208123725369,1.07810987237321,2.64712532547596,0.722333614490051,0.316352592766681,0.646865923423926,0.269527468093303,0.0654809570983394,0.345324304111889,-0.376817909234153,0.00599007147556352,1.03721828471644,1.02083676415579,1.01604714988316,0.700174163904251,0.141145437356631,0.158680398739118,1.08689835511815,1.07206604222795,0.259497114532845,0.792865931366657,-0.0523630458995022,0.000415550720699008,0.907374379082544,0.0434326229077869,1.03728135216733,-0.350130490783014,0.4,0,0.67,0.1,1.025,0.5,0.6,0.25,0.005,0.975,0.8,0.1,1.03164848366046,0.493197724100988,0.412659393464184,0.203483817191825,0.461501530715294,0.844287823826136,-1.08223180546388,3.30336004411109,4.77058332487273
5,0.0155474717451149,0.227146432097903,0.20139351308086,0.0143468258656663,0.0153172366628291,0.0176313481824928,0.0977830433624522,0.0462002046964517,0.0396054268920516,0.546215718138775,1.84602928852338,0.331147202345506,2.89028522892872,0.517953879045146,2.9205549289894,0.759214752839221,2.31421914072004,-0.152878964569861,1.37414595464548,6.99665728841412,0.724933414203359,0.134368173339294,0.323246998852546,0.0287112973825679,1.07847928930014,2.65070020147916,0.722581123831095,0.316432174707376,0.647087573580085,0.269619822325035,0.0656526896718104,0.345457755220524,-0.377232846069847,0.00564737633154732,1.03704520797423,1.02062520910384,1.01608817685859,0.700015427202397,0.140978566095089,0.159006006702514,1.08699001645905,1.07215003681074,0.259955649292037,0.792390212461807,-0.0523458617538439,0.000453446361773918,0.907319335881688,0.0432093585317614,1.03706378717099,-0.349702977089368,0.4,0,0.67,0.1,1.025,0.5,0.6,0.25,0.005,0.975,0.8,0.1,1.03223599902488,0.493500202704305,0.412894399609952,0.203657181214358,0.461771250020016,0.845050926853886,-1.084412821072,3.30595448441585,4.77475517173163
6,0.0152036612430171,0.227514744658183,0.20091961414433,0.0128896510022909,0.0152787026161718,0.016924952988254,0.0982094335100825,0.0463291272415744,0.0396970605547408,0.545536441115575,1.84244657746645,0.329800259109448,2.88566064863037,0.516013005169589,2.92360112720884,0.761051501482927,2.31548727532753,-0.152937649601619,1.37591691673719,6.99015364332671,0.721517748494098,0.135128020898208,0.323847717596871,0.0286421338166806,1.07913371311871,2.65413164174023,0.723019587789533,0.315919650313298,0.647480227871224,0.269783428279676,0.06579904675952,0.345731012095028,-0.378010742402622,0.00536730529856535,1.03690024802971,1.02027967954923,1.01629020827683,0.700067170631713,0.140657225798437,0.15927560356985,1.08734097333783,1.07240905133824,0.260313041477133,0.791998352227709,-0.0523113937048412,0.000445456915406587,0.906863792136629,0.0428745947139095,1.03684014318146,-0.349181320580798,0.4,0,0.67,0.1,1.025,0.5,0.6,0.25,0.005,0.975,0.8,0.1,1.0327860212858,0.493854056580105,0.413114408514319,0.203630731760096,0.462595206835143,0.848391202855796,-1.08730745067289,3.30752158144785,4.77820510125499
7,0.0147301084600086,0.227672931254249,0.200122879180409,0.0111582704326456,0.0151839228288659,0.0158897605510537,0.0990676765708409,0.046607858663361,0.0399042219976907,0.542414773251176,1.83193028183751,0.326602606187399,2.87570755871022,0.512187688341976,2.92607420761224,0.76227112530117,2.31669982225808,-0.152896739947016,1.37500128609075,6.97176415666268,0.714401177787157,0.136218182679104,0.324938998414167,0.0285076232047978,1.08008427116409,2.65716452916425,0.723656461679939,0.314833020303038,0.648050562698453,0.270021067791022,0.0659027951406999,0.34614395712264,-0.379140884250465,0.00516950701927878,1.03679905800956,1.01980375900231,1.01666526413266,0.700380259342247,0.140162114020692,0.15945762663706,1.08794985125614,1.07284160803415,0.26050984056325,0.791743359150419,-0.0522531997136688,0.000395871752680105,0.906006772362486,0.0424258382187112,1.0366264206554,-0.348566036069298,0.4,0,0.67,0.1,1.025,0.5,0.6,0.25,0.005,0.975,0.8,0.1,1.03323366418059,0.494222891786979,0.413293465672234,0.203390362680954,0.463946540582582,0.854259439024189,-1.09085640592182,3.30777430025481,4.78039929087974
8,0.0141443294659475,0.227576981998667,0.198980619914397,0.00923102923247665,0.0150245758360819,0.0145968093382718,0.100314189681035,0.0470202709445509,0.0402141719072176,0.537046533735096,1.81552384682926,0.321741768105192,2.86122780119143,0.506595557352797,2.92782709299263,0.762687354012686,2.31786932339051,-0.152729584410565,1.3713489050245,6.94329739320513,0.703915104074706,0.137565754160189,0.326475724763891,0.0283073630272828,1.08132569891827,2.6596176665976,0.724488218275241,0.313255067619423,0.648795419350962,0.270331424729567,0.0659507368834684,0.346688915305289,-0.380585992955934,0.00507912204178114,1.03675363492409,1.01921505111328,1.01720793250812,0.700988168062029,0.13948306023364,0.159528771704331,1.08878748342089,1.07342737307942,0.260496036749095,0.791668787043052,-0.0521648237921472,0.000311242576136612,0.904790167581278,0.0418719159838836,1.03643600623483,-0.347857730766397,0.4,0,0.67,0.1,1.025,0.5,0.6,0.25,0.005,0.975,0.8,0.1,1.033524175277,0.494571707627754,0.413409670110798,0.202944809067616,0.465736427002005,0.862325665085364,-1.09496869479876,3.30657410352382,4.78087648932847
9,0.013475891553774,0.227207608056148,0.197494066776075,0.007214740612417,0.0147961239828793,0.0131490362946731,0.101861438596605,0.0475346575941057,0.0406020423809963,0.529912322870436,1.79506070585225,0.315602493865018,2.84361379135276,0.499540498855595,2.9288284277997,0.762190584340298,2.3190547994735,-0.152416956014091,1.36523181859833,6.9079463053218,0.690772824403471,0.139064477091138,0.328366862904013,0.0280467876969492,1.08283447170621,2.66140645049843,0.725499096043163,0.311328679565212,0.649700683023728,0.270708617926553,0.0659355657035457,0.347349241782447,-0.382278705722459,0.00511794854296613,1.03677030347284,1.01854327101154,1.017895196974,0.70190132970663,0.138621348079297,0.159477322214073,1.08979920444301,1.07412899555492,0.260237362181814,0.791802885224977,-0.0520402474067912,0.000201097979382328,0.903296098706519,0.0412317175424597,1.03627856833053,-0.347057103683915,0.4,0,0.67,0.1,1.025,0.5,0.6,0.25,0.005,0.975,0.8,0.1,1.03361977722196,0.494869046519155,0.413447910888783,0.202326611922035,0.46782481953875,0.872001580917356,-1.09952008205044,3.30396125683759,4.77930387693104
10,0.0127644837014822,0.226579881684187,0.195686203939003,0.00521208017452635,0.0144988133552151,0.0116959685697162,0.103558417079401,0.0480973340397294,0.0410259350609536,0.521840098560523,1.77339308022341,0.308797512493251,2.8249974847145,0.491531394201079,2.92921310633475,0.760788107547697,2.32037535037771,-0.151950351590663,1.35733274965007,6.87066665728601,0.676116882823566,0.14056323112435,0.330460750403295,0.0277383277198989,1.08456836392478,2.6625911200983,0.726660803829606,0.309280850530869,0.650741018354871,0.271142090981196,0.0658586875824993,0.348100795396703,-0.38411903211842,0.00530296009517628,1.0368475166608,1.01782830611999,1.0186860695723,0.703103315271581,0.137587618742424,0.159309065985995,1.09089609522539,1.07488752316512,0.259724396934193,0.792149722857769,-0.0518741197919619,8.01530699990132e-05,0.901664441835708,0.0405281682652452,1.03615812372771,-0.346164944944119,0.4,0,0.67,0.1,1.025,0.5,0.6,0.25,0.005,0.975,0.8,0.1,1.03350501703853,0.495091955671188,0.413402006815414,0.201604824427026,0.470003117928197,0.882330395036701,-1.10438971892614,3.30019116675825,4.7755481010389
11,0.0120518512247922,0.225760688579994,0.193580764427914,0.00322587057650714,0.0141372407878007,0.0104706564989259,0.105143369887803,0.0486161293205871,0.041413922725944,0.514204222983782,1.7552008088366,0.302277161049573,2.80873980157426,0.483323164837723,2.92942017381997,0.75868460812224,2.32207172037067,-0.151336154672943,1.34899014113855,6.83949966830191,0.661666371422091,0.141837369469078,0.332510001193455,0.0274022002077367,1.08647703641651,2.66349478619995,0.727939614399059,0.307479177502277,0.651886221849904,0.271619259104127,0.0657360594365549,0.348916950725979,-0.385960834229879,0.00565878150805246,1.03697297077989,1.01711211048092,1.019526716961,0.704552099060287,0.136387733915382,0.159060167024331,1.09193460005524,1.07561193162859,0.258987978199762,0.79267280983469,-0.0516607880344512,-2.97525682193322e-05,0.900134293825537,0.0397684991553158,1.03607036987067,-0.345182134999976,0.4,0,0.67,0.1,1.025,0.5,0.6,0.25,0.005,0.975,0.8,0.1,1.03319487000318,0.4952322918225,0.413277948001271,0.20091396360275,0.47194522823358,0.891721492077783,-1.10960238379527,3.29581264957949,4.76979637526841
12,0.0113806145244921,0.224876002722378,0.191195376703739,0.00122469448041884,0.0137161528855829,0.00974371485956493,0.106284684371875,0.0489757411792974,0.0416763533837261,0.508692570271524,1.74605939171311,0.297110314767819,2.79885870726224,0.475760589298185,2.93024713824361,0.756317548314171,2.3245240676277,-0.15059447769826,1.34204781090149,6.82412288680582,0.6493384865937,0.142639127964434,0.334216476346347,0.027062060225956,1.0885175533963,2.66475497719178,0.729306760775518,0.306375572575872,0.653110532037777,0.272129388349074,0.0656014356486416,0.349771004631939,-0.387618370985948,0.00619594100083621,1.03711984784355,1.01643751759711,1.02034786190826,0.706179091343025,0.135018177389634,0.15880273126734,1.09273873046038,1.0761929611327,0.258107085386051,0.793286012396836,-0.0513930977828865,-0.000101013066223603,0.899006986701767,0.038953230179293,1.03600052682277,-0.344109643766244,0.4,0,0.67,0.1,1.025,0.5,0.6,0.25,0.005,0.975,0.8,0.1,1.03275043075618,0.495300709012409,0.413100172302473,0.200432717647051,0.473274386686708,0.898215835622529,-1.11536446876835,3.29169200295476,4.76262304985756
13,0.0107885636132127,0.224091723849162,0.1885548966955,-0.000754137090060669,0.0132390753407479,0.00970529676639376,0.106704947245352,0.0490807877237504,0.0417394230264642,0.506760256946472,1.75041922110147,0.29410294792027,2.79860519862232,0.469508330480122,2.93270924796545,0.754284502578237,2.32817703656121,-0.149752291174002,1.33835185901348,6.83243763054482,0.640597142843923,0.142808764617612,0.335341420217803,0.0267381556175333,1.09066588468237,2.66721873975223,0.730746142737186,0.306341473552851,0.65439953080942,0.272666471170592,0.0655016651288406,0.350640896779196,-0.388909022596201,0.00687689498601343,1.03724742845456,1.01584250643128,1.02107110293945,0.707891121145668,0.133476337219283,0.158632541635049,1.09316424115924,1.07654140256406,0.257197164379062,0.793865617020489,-0.0510627813995504,-0.000107295480037369,0.898532918667589,0.0380948878157275,1.03592384942469,-0.342948529662287,0.4,0,0.67,0.1,1.025,0.5,0.6,0.25,0.005,0.975,0.8,0.1,1.03228606901373,0.495331677859881,0.412914427605493,0.20032131668107,0.473718923999327,0.900248859065492,-1.12193887166667,3.28889142272788,4.75491658145118
14,0.0103015346513999,0.223573120548009,0.185712527354992,-0.00255512453259243,0.0127109793391,0.0103673173422265,0.10629659990069,0.0488944520175114,0.0415748764014047,0.509180644390306,1.77005805214251,0.293551598217876,2.80926919470337,0.464871967712984,2.93775268813849,0.753186392929527,2.33340162558144,-0.148835330372476,1.33923872397627,6.86778733664783,0.636031154242097,0.142356523181896,0.335796694386763,0.0264429186837126,1.09291494588811,2.6717140274309,0.732253013745031,0.307514812268211,0.655748967532864,0.273228736472027,0.0654848365254642,0.351514783578786,-0.389710306825279,0.0076084320883876,1.03730889974093,1.01535304232466,1.02162386529715,0.709579354255106,0.131777775237639,0.158642870507255,1.09315703517793,1.07662232445212,0.256381824004317,0.79428116447838,-0.050662988482697,-3.31711928906275e-05,0.898805856835868,0.037229198096813,1.03580982523448,-0.341699938567543,0.4,0,0.67,0.1,1.025,0.5,0.6,0.25,0.005,0.975,0.8,0.1,1.03195366290459,0.495384739523313,0.412781465161837,0.200662961838803,0.473233462012535,0.897339557250298,-1.12944182055037,3.28842942172545,4.74768510252771
15,0.00992660467112922,0.223450233032269,0.182750041835262,-0.00400318787056697,0.0121425054709983,0.0115861788528131,0.105118764674987,0.0484359936799657,0.0411975939253968,0.516087490460234,1.80445466936473,0.295353771885374,2.8303138018298,0.461857370117534,2.94603805292357,0.753500610986559,2.34040246257468,-0.147865020637663,1.34542838128112,6.9293704706866,0.635528366315442,0.141429768926563,0.335630927799311,0.0261822449501975,1.09526356843198,2.6788630719828,0.733826590849428,0.30980009751384,0.657158141059189,0.273815892107995,0.0655894890922322,0.352395199967521,-0.389983160118419,0.00828443918088839,1.03726317331827,1.01497623769448,1.02195808610693,0.711136256956145,0.129960180709307,0.158903562334546,1.09275085403989,1.07645389277714,0.255767439732029,0.794423704626566,-0.0501911443585951,0.000120197953185867,0.899765938840411,0.0363990633340786,1.03562858741737,-0.340365102690678,0.4,0,0.67,0.1,1.025,0.5,0.6,0.25,0.005,0.975,0.8,0.1,1.03190715375757,0.495538227056327,0.412762861503028,0.201463592981311,0.471964302925436,0.890035231738888,-1.13777173770176,3.29107458617316,4.74187362395427
16,0.00965884200738945,0.223806678953094,0.179764602159526,-0.00497486625755994,0.0115500083670523,0.0131636243803328,0.103309407939858,0.0477508593682526,0.0406424604191965,0.527311952661131,1.852141377894,0.299272698245148,2.8603538404952,0.460357556679002,2.95788998329858,0.755543652211491,2.34920659276485,-0.146860261677761,1.35722988788473,7.01448499438392,0.638729545260339,0.140214609223017,0.334947633017675,0.0259595520139509,1.09770119526876,2.68900658832211,0.735459800830072,0.312974451826023,0.658620717161258,0.274425298817191,0.0658403262109128,0.353295351042263,-0.389737322184791,0.00884613278437403,1.03708446285885,1.01470713621743,1.02205299030895,0.712468268235934,0.128076574790719,0.159455156973346,1.09201925452821,1.076078359594,0.255433317285248,0.794217029149038,-0.0496503464342858,0.000333517586531729,0.901281888296443,0.0356408513503585,1.03535793164635,-0.338945339353545,0.4,0,0.67,0.1,1.025,0.5,0.6,0.25,0.005,0.975,0.8,0.1,1.0322702548579,0.495875208473522,0.412908101943159,0.202687744080989,0.470122878380258,0.879335682109391,-1.14665981595569,3.29727890700518,4.73828295398301
17,0.00947684997215431,0.224670436821795,0.176851520267585,-0.00542955203896334,0.0109529204319052,0.0148545847789869,0.101087159600077,0.0469128690032057,0.039966419107222,0.542244919360157,1.91019287868814,0.304845891459146,2.89694589406953,0.460090527979975,2.97326879389089,0.759438528285229,2.35966726074114,-0.145836995135473,1.37436878483099,7.11780980168033,0.644872699449621,0.13893100798398,0.333916745261923,0.0257732751459741,1.10021301554679,2.70215935043249,0.737142720416352,0.316700385673751,0.660127809328076,0.275053253886698,0.0662456707983793,0.354229743335963,-0.389018365869676,0.00926255744003476,1.03676406062655,1.01452423422201,1.02192143435744,0.713510048802058,0.126185336856843,0.160304614341099,1.09107745442324,1.07556459250698,0.255422089097465,0.793627292169496,-0.0490493812669612,0.000575790154433197,0.903151037248845,0.0349768791697165,1.03498781010122,-0.337442049691149,0.4,0,0.67,0.1,1.025,0.5,0.6,0.25,0.005,0.975,0.8,0.1,1.03312170817212,0.496460763139487,0.413248683268846,0.204249366748642,0.467991650324406,0.866668801487896,-1.15573646485507,3.30712547735366,4.73747141594616
18,0.00934584149148489,0.226003610054718,0.174097277186169,-0.00536496028233546,0.010370304053517,0.0163657463723133,0.0987625131525708,0.0460305856487627,0.0392541048676637,0.559548444024075,1.9730888316064,0.311197620163885,2.93617795469869,0.460524609373583,2.99170700240713,0.765067909226159,2.37144390840064,-0.14480481521966,1.39566093780266,7.22985118163129,0.652531972807642,0.137838981725129,0.332794284038501,0.0256145584898338,1.10278249631033,2.71797201302833,0.738864272527921,0.320533895245617,0.661669497786198,0.275695624077583,0.0667943971727052,0.355210475414988,-0.387934508407397,0.00948864716895387,1.03630864712294,1.01439257069894,1.02160512316144,0.714234244912631,0.124346237312408,0.16141951777496,1.09008832596211,1.07501275699946,0.255729557944816,0.792672513214793,-0.048402071159609,0.000816505564712906,0.90509164928303,0.0344215026714108,1.03452005290385,-0.335856717268892,0.4,0,0.67,0.1,1.025,0.5,0.6,0.25,0.005,0.975,0.8,0.1,1.03448452351694,0.497330501785782,0.413793809406774,0.205993836592575,0.465945572351001,0.853917689912163,-1.16452912729359,3.32026072019373,4.73962454957128
19,0.00923501888155198,0.227713713029036,0.171576860907091,-0.00479975880637684,0.00981945543723373,0.0174604628257873,0.0966305617044376,0.0452112403119937,0.0385902205839745,0.577525246206623,2.03428670137524,0.317332588492118,2.97384362993211,0.461086551524028,3.01235833900045,0.772102599183304,2.38402474257882,-0.143769002761673,1.41931934694279,7.33963065883285,0.660124486812199,0.137149625729582,0.331833805503012,0.0254743495577269,1.10537663815512,2.73578587266192,0.74060234756393,0.324053479067453,0.663225982893072,0.27634415953878,0.0674581241767214,0.356244127007602,-0.386653516554551,0.00948816275032715,1.03573940126779,1.01428119397596,1.02115607330519,0.714647849865132,0.122617034733861,0.162735115401006,1.089202647951,1.07451641370007,0.256311670888077,0.791414723710783,-0.0477263945988599,0.00103305600823931,0.9068427607725,0.0339838304978932,1.03396514596357,-0.334190906618475,0.4,0,0.67,0.1,1.025,0.5,0.6,0.25,0.005,0.975,0.8,0.1,1.03631788398118,0.498489048941842,0.41452715359247,0.207755387438774,0.46433191615372,0.842778311193758,-1.17250431861872,3.33594335032104,4.74453591212145
20,0.00912160801918201,0.229685086095639,0.169336857862924,-0.00386163487103408,0.00931537218141809,0.01805326114717,0.0948527913903911,0.0445161874182902,0.0380238328818291,0.594825073938159,2.08905777983756,0.322591111816871,3.00717169889307,0.461443353130194,3.03424496908594,0.78012347601432,2.39685785945076,-0.142736366379138,1.44368591922124,7.43925834970568,0.666646555794406,0.136937639323102,0.331167418924953,0.0253484572264786,1.107945770148,2.75482356958003,0.742323665999162,0.327011620616559,0.664767462088802,0.276986442537001,0.0682002700543392,0.357327258598501,-0.385346062582889,0.00928392548324122,1.03508898596573,1.01416721605928,1.02062950722046,0.714785071326671,0.121039458025785,0.164175470647544,1.08850220968081,1.07412846545309,0.257106292986157,0.789935514063403,-0.0470418070495595,0.00121026603666846,0.908266284915254,0.0336528049922767,1.03333913270106,-0.332446261693895,0.4,0,0.67,0.1,1.025,0.5,0.6,0.25,0.005,0.975,0.8,0.1,1.0385270982526,0.49990867595386,0.415410839301038,0.209423089296043,0.463310486200128,0.834093173498998,-1.17925483728398,3.35325674192116,4.75176634449314
21,0.00898289011016993,0.231794364469573,0.167387771971739,-0.00274480302912683,0.00886737157258488,0.0181321530401071,0.0935197369002278,0.0439813756318316,0.0375839629313856,0.610320276396373,2.13398442863171,0.326509871238634,3.03427302011783,0.461343415592767,3.05640197513632,0.788682266501743,2.40943486026112,-0.14171515162654,1.46723596376807,7.52300635964151,0.671370914776567,0.137215521295531,0.330872168559796,0.0252327795717059,1.11044933167103,2.77430973018541,0.744001052219592,0.329267097753764,0.66626959900262,0.277612332917758,0.0689821004255735,0.35844293429065,-0.384177354051705,0.00890767896242911,1.03439269720645,1.01402780456072,1.02008316986392,0.714703235522579,0.119632582215117,0.165664182262303,1.08803396017797,1.07388135720039,0.258042715885175,0.788323944252121,-0.0463666601372961,0.00134175261004819,0.909287471720266,0.0334025752521799,1.03266008120872,-0.330624504249058,0.4,0,0.67,0.1,1.025,0.5,0.6,0.25,0.005,0.975,0.8,0.1,1.04099298175919,0.501526950593085,0.416397192703677,0.210918957900061,0.462950427694465,0.828275125146075,-1.18458658170326,3.37123821539633,4.76072893809349
22,0.00880020363094754,0.233925346503444,0.165704440008233,-0.00166418106095811,0.00847755439434761,0.017748908143155,0.0926494878580042,0.0436155824679822,0.037277915950664,0.623295133015756,2.16756640139484,0.328891045753884,3.05437545568214,0.460641424277315,3.07799983492402,0.797359613884497,2.42135411211977,-0.140713891080245,1.4888261085841,7.58821562590793,0.673941721810481,0.137938976464969,0.33096444439932,0.0251231428595271,1.11286324768252,2.79356877176775,0.745618375947286,0.330785293086181,0.66771794860951,0.278215811920629,0.0697676147811218,0.359573588259146,-0.383286885453241,0.00840859748708127,1.03368455006026,1.0138442046491,1.01956942232364,0.714474648680004,0.118391621559599,0.167133729760397,1.08780872774995,1.07378528296394,0.259051220483135,0.786664795964259,-0.045716016447394,0.00142698146480816,0.909894689783667,0.0331989908343964,1.03194578204527,-0.328727432138618,0.4,0,0.67,0.1,1.025,0.5,0.6,0.25,0.005,0.975,0.8,0.1,1.04358968834628,0.503269904570387,0.417435875338514,0.212203722937269,0.463227694657577,0.825320996920963,-1.18854602400567,3.38899933901537,4.77078812892882
23,0.00855941930974332,0.235978582536308,0.164232262528169,-0.000815796031526594,0.00814088800164647,0.0169896563304652,0.092211051461153,0.0434083976355922,0.0370974836033949,0.633444517972083,2.19000330543601,0.329750546940891,3.06762293746329,0.459263798639715,3.0984156143311,0.805801465809069,2.43235332195504,-0.13973917343301,1.50775045491132,7.634930476916,0.674289620278909,0.139031254785644,0.331420098052879,0.0250144481313135,1.11518442765887,2.81208350120282,0.747173566531445,0.331611523245752,0.669110656595324,0.278796106914718,0.0705267836554752,0.360704380540233,-0.382778543467042,0.00784105268965935,1.03299357077654,1.01360221640629,1.01913112861869,0.714178156471822,0.117291094485564,0.168530749042614,1.08781281796268,1.07383477657673,0.260068875873754,0.785031327206072,-0.0451002030798262,0.00146994383890827,0.910117953996012,0.0330057069770815,1.03121207173353,-0.326756917543714,0.4,0,0.67,0.1,1.025,0.5,0.6,0.25,0.005,0.975,0.8,0.1,1.04620053100283,0.505062185494698,0.418480212401134,0.213268093720383,0.464058015565973,0.824960759834332,-1.19138775237713,3.40580750043005,4.78133201440479
24,0.00825254238410073,0.237873756601514,0.162901273067161,-0.000321449378862582,0.00784645250563365,0.0159405957874947,0.092158953892148,0.0433432029501718,0.037029349378838,0.640702641698211,2.20229081508308,0.329181374318572,3.07459166557773,0.457154315468377,3.11722919347435,0.813723469908709,2.44229864839764,-0.138792924831993,1.52360355754095,7.66453427190258,0.672442887575956,0.140413710008144,0.332205464461813,0.0249001226210004,1.11742867014002,2.82949698349906,0.748677208993814,0.331825391751096,0.670457202084012,0.279357167535005,0.0712362640741182,0.361824887376146,-0.382724992108726,0.00724905624667976,1.03234179159463,1.01329380509602,1.01879808837556,0.713890509767674,0.116293672871719,0.169815817360607,1.08802462599762,1.07401846913223,0.261040629162604,0.783483823874769,-0.0445244530373736,0.00147775751628246,0.909998777969543,0.0327936601468549,1.03047177549436,-0.324714905124346,0.4,0,0.67,0.1,1.025,0.5,0.6,0.25,0.005,0.975,0.8,0.1,1.04872833964057,0.506835267349186,0.419491335856229,0.214114164649931,0.465345119337593,0.826858841482201,-1.19346926969185,3.42111096166897,4.79180021364414
25,0.0078777269162137,0.239556422070898,0.161632164504879,-0.000269461378590186,0.00758025461343226,0.0147076507847999,0.0924113284155843,0.0433892805519782,0.037048858962181,0.645406573029371,2.20675595724528,0.327455472450764,3.07656858767372,0.454342750496726,3.13425332057771,0.820936680324933,2.45118938183478,-0.137872741582012,1.53644731767825,7.68055200994684,0.668700055406106,0.141985137666783,0.333253625952307,0.0247745740406272,1.11962333514514,2.84563596326393,0.750147634547243,0.331563245907959,0.671774001087083,0.279905833786285,0.0718810733428339,0.362932091787994,-0.383156643773306,0.00668216944712169,1.03174450155793,1.01291711555079,1.01858729181104,0.713679806972877,0.115353611964451,0.170966581062671,1.08840325941473,1.07431226092728,0.261924163862279,0.782064859193602,-0.0439890230558808,0.00145874834405646,0.909609886503556,0.0325363590118175,1.02973439907283,-0.322603410100238,0.4,0,0.67,0.1,1.025,0.5,0.6,0.25,0.005,0.975,0.8,0.1,1.05109830377441,0.50853630471541,0.420439321509766,0.214770683108408,0.466951177119365,0.830484746107987,-1.19521824444042,3.43457858536264,4.80173771518541
26,0.00743521340453243,0.241001180913778,0.160338719074461,-0.000734597374569157,0.0073264329009759,0.0134015936460736,0.092864733394544,0.0435075246504815,0.037124593968594,0.648191654099178,2.20654790889922,0.32494604884802,3.0752719438123,0.450905047069883,3.14954521383763,0.827361654921205,2.45915557601769,-0.136972017101264,1.54673471577549,7.68787326178019,0.663511680550461,0.143637107012433,0.334480335446227,0.0246326017338236,1.12180815665432,2.8605194219312,0.751611464958396,0.330996253132243,0.673084893992593,0.280452039163581,0.0724557002573234,0.364028962563148,-0.384059102086157,0.00618839047282563,1.03120960499447,1.01247238947155,1.01850639653758,0.713602745492647,0.114418150140309,0.171979104367043,1.08889715899213,1.07468523809516,0.262692420253612,0.780797038636968,-0.04348945889058,0.00142142969318936,0.90904204534475,0.0322076983372846,1.02900620891199,-0.320424516262054,0.4,0,0.67,0.1,1.025,0.5,0.6,0.25,0.005,0.975,0.8,0.1,1.05326313513481,0.510128309991065,0.421305254053925,0.215285789043233,0.468720639822249,0.835200924793042,-1.19711791296484,3.44611282895215,4.81082662900388
27,0.00693547010991217,0.242210067915156,0.158945772538215,-0.00168118179465004,0.00706774381489206,0.0121193004105407,0.0934173325194833,0.0436600037840517,0.0372263310024286,0.649776721130701,2.20464810709135,0.321998044625721,3.07243857297911,0.446937724804258,3.1633436981311,0.833013533538231,2.46640971010007,-0.136079545507194,1.55510063035064,7.69132536021122,0.657326061463336,0.145273352686672,0.335803294331028,0.0244698375405504,1.12402393732454,2.8743145944663,0.75309603800744,0.330299352318395,0.674414362394723,0.281005984331134,0.0729629770049667,0.365121713717099,-0.385385258729919,0.00579614033362609,1.03073692549883,1.01197014746046,1.01854479411815,0.713696486235557,0.11343903936252,0.172864474401922,1.08945305642212,1.07510410098187,0.263333236293725,0.779684392675132,-0.0430176289688572,0.00137597578313233,0.908385368878711,0.0317981852794066,1.02828977974283,-0.318180373914952,0.4,0,0.67,0.1,1.025,0.5,0.6,0.25,0.005,0.975,0.8,0.1,1.05520491207642,0.511592421651057,0.422081964830568,0.215709139270401,0.470512747095402,0.840388710226839,-1.19958302072993,3.45582437025761,4.8188821700948
28,0.00640524869200521,0.24321064988244,0.157410906035429,-0.00293294708678993,0.00678915450764284,0.0109482511196393,0.0939673864361008,0.0438100714613313,0.0373253751986827,0.650919790303779,2.20367963051681,0.318940485281309,3.06976558971904,0.442605630005522,3.17598946867395,0.837983956617009,2.4731873096573,-0.135181797600363,1.56229632514941,7.69536520181518,0.650650092236393,0.146804890987496,0.337134511934707,0.0242857745499252,1.12629336041601,2.88727370917705,0.754616551478728,0.329642900895113,0.675776016249607,0.281573340104003,0.0734123127588747,0.366214711466047,-0.387060256752705,0.00551979978818019,1.03031990349167,1.01143727493547,1.018669104871,0.713968734648433,0.112386465401978,0.173644799949588,1.09001281885956,1.07553037558846,0.263849728181906,0.778713951068043,-0.0425636792499492,0.00133214215658734,0.907732062729166,0.0313229749671194,1.02758425868362,-0.31587319775649,0.4,0,0.67,0.1,1.025,0.5,0.6,0.25,0.005,0.975,0.8,0.1,1.05693220845351,0.512928218973589,0.422772883381405,0.216091630456221,0.472197864659601,0.845432117921847,-1.2028298702771,3.46399945772854,4.82585114475232
29,0.00587578689590391,0.244053987392682,0.155723709627845,-0.004305718838719,0.00648218120708566,0.00997217713124798,0.09440664219711,0.0439193078311097,0.0373918568718045,0.652452310250674,2.2062254457433,0.316142897487466,3.06895427789343,0.43815532174264,3.18789909474553,0.842438075291098,2.47972829891506,-0.134267279460625,1.56921585183287,7.70441474389546,0.644115632605337,0.148144390781264,0.338372568476365,0.0240846928358553,1.12861810224989,2.89970828517849,0.756174128507423,0.329193833286429,0.677170861349931,0.282154525562471,0.0738189244901692,0.367308281374732,-0.388980051782894,0.00537130691181739,1.0299477115043,1.01090516583038,1.01883712371602,0.71439915218576,0.111248886133354,0.174351961680886,1.09051384319174,1.07592233028775,0.26426121129185,0.777856583268881,-0.0421177945607314,0.0012967843956837,0.907180625806977,0.0308044141035492,1.0268864694467,-0.313505264690987,0.4,0,0.67,0.1,1.025,0.5,0.6,0.25,0.005,0.975,0.8,0.1,1.05847568014863,0.514149940199291,0.42339027205945,0.216493788593847,0.473646374636767,0.84968582717991,-1.20690897794409,3.47106836749195,4.83182447257462
30,0.0053878684018763,0.244808869171357,0.153915843488388,-0.00553604203897007,0.00614474192556891,0.00925684159049722,0.0946389604245229,0.0439547174960388,0.0374006020042559,0.655136987317441,2.21428491793023,0.31394425393164,3.07143229853239,0.433886786993934,3.19948929519224,0.846589348873534,2.48622960540754,-0.133329659088834,1.57674634875173,7.72200943240409,0.638377081397722,0.149221627252388,0.339418742137314,0.0238756995609809,1.13097085717412,2.91192767942285,0.757750474306663,0.329089980826744,0.678582514304474,0.282742714293531,0.0742016146916294,0.368394342703283,-0.391020898535082,0.00534714356738092,1.0296058556759,1.01041480774389,1.01899323702001,0.714936964328348,0.110040125905626,0.175022909766026,1.09089610813056,1.07623820749121,0.264601400884263,0.7770707681897,-0.0416721690739632,0.00127494953578493,0.906820490244288,0.0302826489226048,1.02619159299488,-0.311078911582495,0.4,0,0.67,0.1,1.025,0.5,0.6,0.25,0.005,0.975,0.8,0.1,1.05988431444237,0.515282271143125,0.423953725776949,0.216972666693035,0.474753382567347,0.852583398664043,-1.21164582457114,3.47755079042981,4.83702019355793
31,0.00497972515395578,0.245552636034544,0.152054742019885,-0.00637844176317359,0.0057831686976777,0.00883889210737498,0.0945935744992999,0.0438926426951624,0.0373338652334656,0.659585730734485,2.22914436410699,0.312630910435615,3.07817792263542,0.430117043318743,3.21112318443807,0.850672258131357,2.49282158114026,-0.132370654833545,1.58567205381412,7.75047903362207,0.634048803750001,0.149994378429578,0.340188998311169,0.0236715048291889,1.13329979384441,2.92419716244848,0.759310861875755,0.329422000258606,0.679979876306646,0.283324948461103,0.0745803134813012,0.369457029303985,-0.393053854317061,0.0054287457684242,1.02927815390409,1.01000462377973,1.01908261573322,0.715508529578652,0.108796464878109,0.175695005543238,1.09111270208508,1.07644420793177,0.264914240267675,0.776308299931006,-0.0412225401986811,0.00126921778634131,0.906718408954042,0.0298014254535572,1.02549405188752,-0.308596532948595,0.4,0,0.67,0.1,1.025,0.5,0.6,0.25,0.005,0.975,0.8,0.1,1.06121846279442,0.51635587002932,0.424487385117769,0.217576047674981,0.475450653972636,0.853720217975489,-1.21668158043413,3.48398583397493,4.84175549271381
32,0.00468518842563484,0.246366287175203,0.150232222314548,-0.00663985146643153,0.00541094840397705,0.00874242868540054,0.0942103113202453,0.0437129326092989,0.0371765643029098,0.666377043948313,2.25193289543884,0.312510828158924,3.08997786724976,0.427197462041297,3.22309761932274,0.854932902808897,2.49956704625166,-0.13140232973782,1.5967669995377,7.79174661455716,0.631793899078212,0.150431903990289,0.340600075783754,0.0234879386158109,1.13553242493889,2.93672735597627,0.760806724709053,0.330255143345353,0.681319454963331,0.283883106234721,0.0749748512097986,0.37047545454219,-0.394949191616855,0.00559433812058646,1.02894869993801,1.00970861436776,1.01905508707807,0.716025395419726,0.107570086387558,0.176404518192715,1.09112264072935,1.07651030822907,0.265251942249072,0.775517015063549,-0.0407689573126209,0.00127991884837078,0.906931263455299,0.0294013275021984,1.02478829193447,-0.306060578597297,0.4,0,0.67,0.1,1.025,0.5,0.6,0.25,0.005,0.975,0.8,0.1,1.06254153773844,0.517405467616162,0.425016615095377,0.218350095315416,0.475681558171687,0.852766729171575,-1.22155084327438,3.49089161116477,4.84643427258998
33,0.00451273597464898,0.247324425030307,0.148532450594349,-0.00632494775551296,0.00504644446290947,0.0089551490816242,0.0934650900997244,0.043406792113789,0.0369218873171167,0.67592332461863,2.28336438543646,0.31382676115158,3.10711220725717,0.42538803268623,3.2356566962782,0.85961151037715,2.50649109004915,-0.130445904148095,1.61067267108689,7.84680650537188,0.632107503430318,0.15054164865831,0.340604666023647,0.0233386137406035,1.13760502847482,2.94969418941138,0.762195369078133,0.33160384498942,0.682563017084895,0.284401257118706,0.0754038125672048,0.371429525683594,-0.396600510218079,0.00580805059318808,1.02860230035931,1.00953529965452,1.0188869083739,0.71640582746171,0.10640951317296,0.177184659365329,1.09091066000996,1.07642513760441,0.265668330172837,0.774646794559246,-0.040315124732083,0.00130694735094937,0.907480226166456,0.0290962335055754,1.02406893205102,-0.303473551209377,0.4,0,0.67,0.1,1.025,0.5,0.6,0.25,0.005,0.975,0.8,0.1,1.06391564649698,0.518462457235449,0.425566258598794,0.219328263467087,0.475435364938948,0.849631391326689,-1.22588573388232,3.49870282173704,4.85150076454845
34,0.00444406556377942,0.248492606910932,0.14699967753893,-0.00566152731096814,0.00470649011886981,0.00945199763176219,0.0923473291643566,0.0429681735712246,0.0365643430048208,0.688653123614009,2.32454316621519,0.31681968646632,3.12975292856871,0.424838673161772,3.24905718707957,0.86495043674693,2.51363439223852,-0.129527641905884,1.6280658860435,7.91696552401205,0.635362335287561,0.150347509248695,0.340177496308032,0.0232316175653537,1.13948528909102,2.96329882826792,0.763455143690981,0.333468780872636,0.68369117345461,0.284871322272754,0.0758851835661329,0.372312684372577,-0.397932814642966,0.00603787762211701,1.02822559180687,1.0094662858916,1.01858339023051,0.716592998143465,0.105338939653745,0.17806806220279,1.09047681101132,1.07619013726733,0.266215824743539,0.773650398912029,-0.0398662236555684,0.00135068520142886,0.908370189812189,0.0288655695932649,1.02333059896469,-0.300838003868531,0.4,0,0.67,0.1,1.025,0.5,0.6,0.25,0.005,0.975,0.8,0.1,1.06539576254433,0.519559478444748,0.426158305017731,0.220541593087204,0.47471507144133,0.844326081773577,-1.22962735652788,3.50775740029668,4.85741477751296
35,0.00444804630690918,0.249926638884098,0.145632489704839,-0.00494160452399361,0.00439993550778595,0.0101962512987019,0.090862149494536,0.0423953890192752,0.0361013882923141,0.704995998819726,2.37675592302572,0.321673405321228,3.15798753226617,0.425567927291694,3.2635916496919,0.871191263043073,2.52107239221831,-0.128672005569474,1.64964056078244,8.00367937597342,0.641736931852896,0.149889844327862,0.339319018228351,0.0231676048094481,1.14117883392757,2.97778539530631,0.764589818731475,0.33583646327148,0.684707300356545,0.285294708481894,0.0764365454082236,0.37313432896636,-0.398901045970948,0.00626019020307908,1.02780724314437,1.00947028653844,1.01816492951843,0.716558674952819,0.104354223852979,0.179087101194201,1.08983350784838,1.07581593547192,0.266942485487676,0.77248401667193,-0.0394265021596059,0.00141100460546083,0.909589636434861,0.0286735212362341,1.02256811257318,-0.29815653754179,0.4,0,0.67,0.1,1.025,0.5,0.6,0.25,0.005,0.975,0.8,0.1,1.06703030115687,0.520731018978912,0.426812120462748,0.22200926760845,0.473539753392412,0.836966165225503,-1.23303112052997,3.51830559079381,4.86462317628537
36,0.0044936949818621,0.251666412578366,0.144403055279041,-0.00435037206878619,0.00412649794096764,0.0111163605447933,0.0890594801061138,0.0417029058666714,0.0355432045953753,0.72510665381213,2.44022149210727,0.328355164410746,3.19135989608133,0.427435501275644,3.27952068939942,0.878536030145615,2.52887943689469,-0.127894777640877,1.67581756552117,8.10683297507595,0.651035786192746,0.149247441136892,0.338078492432696,0.0231398981472338,1.14271973985949,2.99338166777402,0.765622225705856,0.33863778868759,0.685631843915692,0.285679934964872,0.0770725595734629,0.373915883265831,-0.399492822290285,0.00645048660126727,1.02733832340714,1.00951616345677,1.01765416007738,0.716296733811342,0.103435436848755,0.180267829339902,1.08901649450997,1.07532742194491,0.267885497104887,0.771112511980397,-0.0389980090852837,0.00148569788893652,0.911087007484939,0.028492942425448,1.02177720289295,-0.295431798512682,0.4,0,0.67,0.1,1.025,0.5,0.6,0.25,0.005,0.975,0.8,0.1,1.06886181322098,0.522012548174361,0.427544725288392,0.22371344726923,0.471981061024548,0.827920554007894,-1.23646964268045,3.53049136974111,4.87350423734844
37,0.00456012208252462,0.253737656001758,0.143276789362958,-0.0039491160497851,0.00388061105580806,0.0121426635570441,0.0869986332512262,0.0409095280810626,0.0349037633870256,0.749079425856601,2.51492639412839,0.336780511082641,3.22929413958894,0.430255510041662,3.29702987432896,0.887135837267035,2.5370963405201,-0.127202303458176,1.70691014425078,8.22594311887537,0.662974005484392,0.148498849629152,0.336519451004561,0.0231402878182645,1.1441475415221,3.01025961131844,0.766578852819806,0.341787868739249,0.686488524913259,0.286036885380525,0.0778039685020059,0.37468564645319,-0.399718261902737,0.00659258487431696,1.02681317241027,1.00958292269294,1.01706670084254,0.715812211762013,0.102559275488059,0.181628512749928,1.08806180880051,1.07474792626252,0.269071215937154,0.769509660884055,-0.0385808768212085,0.00157161407603096,0.912804814918957,0.0283103466325677,1.02095481379292,-0.292666475769668,0.4,0,0.67,0.1,1.025,0.5,0.6,0.25,0.005,0.975,0.8,0.1,1.07092173090038,0.523441260565924,0.428368692360153,0.225628425202348,0.470122534199576,0.817596573251746,-1.24028083128363,3.54436023698854,4.8843423526155
38,0.00463134500300866,0.256169972152639,0.142202975519655,-0.00386671895492818,0.00365535787259152,0.0132763466345216,0.0846662720601675,0.0400067561348358,0.0341752239680288,0.777678891079643,2.60347687383057,0.347208178008582,3.27241602393354,0.433985091011817,3.31636848290997,0.89716519517816,2.54579827108032,-0.126594983348516,1.74384646209754,8.36431117601011,0.67776091679775,0.147644978981109,0.33462895742557,0.0231626311258678,1.14549939857942,3.02864008700125,0.767484597048211,0.345312626419689,0.687299639147652,0.286374849644855,0.0786426031413679,0.375475646788318,-0.399571243238931,0.0067087427679407,1.02622886150158,1.00965450172802,1.01641587270219,0.71511680890608,0.101691738070565,0.183191453023355,1.08696807360585,1.07407784739877,0.270526390478292,0.767646383143969,-0.0381727736222609,0.00166661221438911,0.914749386174909,0.0281013467953605,1.02009873964651,-0.289863298352432,0.4,0,0.67,0.1,1.025,0.5,0.6,0.25,0.005,0.975,0.8,0.1,1.07322969826739,0.525054986978542,0.429291879306956,0.227772988891143,0.467936081571701,0.805959975448669,-1.24488956281454,3.55997543250962,4.89741841320393
39,0.00471322917421591,0.259015455422548,0.141131007358518,-0.00412363739973054,0.00344059510393091,0.0145866064873978,0.0819735662355184,0.0389577257903901,0.0333272935222583,0.812630255817567,2.71181616087982,0.360353689597762,3.32280536359517,0.438787281199844,3.33793189590856,0.908882281022496,2.55511980859228,-0.12607019370622,1.78851741695485,8.53000842556199,0.69627576383821,0.146611150909435,0.332309729144688,0.0232049867468239,1.14679768192237,3.04884695077844,0.76835444688799,0.349355270437083,0.688078609153424,0.286699420480593,0.079606270794653,0.376311810238012,-0.398993664023308,0.00684764129938186,1.02558156018252,1.00973679532009,1.01569197531067,0.714210996193735,0.100797317359353,0.184991686446912,1.08568798318305,1.07328581843381,0.272289042845665,0.765479910395531,-0.0377689532411956,0.00176948290436732,0.916995152696304,0.0278542015957251,1.01920731062019,-0.287025032658654,0.4,0,0.67,0.1,1.025,0.5,0.6,0.25,0.005,0.975,0.8,0.1,1.07580876097232,0.526891650007492,0.430323504388929,0.230214328662098,0.46528229180967,0.792528322355225,-1.25072965242484,3.57754196198232,4.91309798012638
40,0.00482675140173347,0.26235181145955,0.140028448963312,-0.0046113070349395,0.00322620147170372,0.0161486727902544,0.0788171491491737,0.0377187316916708,0.0323240109972589,0.856396655595724,2.84810205918289,0.377253397747975,3.38318280536826,0.444955302324828,3.36224355372325,0.922632483322039,2.56523513248958,-0.125624062088365,1.84361834722706,8.73397352357326,0.719853180072075,0.145308742129386,0.329434403643929,0.0232685420876377,1.14804730601183,3.07128726276142,0.769191695027927,0.354091787640094,0.688828383607098,0.287011826502958,0.0807195338200875,0.377210817916534,-0.397872092645266,0.00705315931050842,1.0248637033163,1.00985088515874,1.01486637124172,0.713073356935634,0.0998505561687591,0.187076086895606,1.08416094595224,1.07232885846545,0.274409770908958,0.762953394506072,-0.0373631654150306,0.00187884469731725,0.919629335906608,0.0275754030646232,1.01827947545154,-0.284154479713906,0.4,0,0.67,0.1,1.025,0.5,0.6,0.25,0.005,0.975,0.8,0.1,1.07869924958837,0.52899300506411,0.431479699835347,0.233033675328869,0.461992304774424,0.776736057187645,-1.25812080481601,3.59743511314661,4.93185686440456
41,0.00497577047878046,0.266256540297426,0.138878243149352,-0.00523308585882543,0.00300568979266247,0.0179339848164255,0.0752007109415893,0.0362843729515518,0.031159372958175,0.911124313100663,3.01884867223848,0.398707061262131,3.4547627309781,0.452586245244714,3.38979887510274,0.938755117307769,2.57629305886586,-0.12524930107089,1.91162768008967,8.98406716636092,0.749394673495783,0.143755760158718,0.325981242685434,0.023350668059829,1.14926068325537,3.09633804448394,0.770004657781097,0.359549173787949,0.689556409953221,0.287315170813842,0.0820075104774794,0.378186119374144,-0.396095579334413,0.00731661025618039,1.02406421803974,1.01000064933117,1.01392431650206,0.711675500301125,0.0988362431742565,0.189488256524618,1.08238525546235,1.07120133312339,0.276935343918963,0.760013544672489,-0.0369488885914521,0.00199205749341529,0.922642094659782,0.0272729088965593,1.0173152579503,-0.281254472407378,0.4,0,0.67,0.1,1.025,0.5,0.6,0.25,0.005,0.975,0.8,0.1,1.08196032806425,0.531402470949366,0.432784131225701,0.236256127407229,0.458047582848509,0.758652608849363,-1.26724060980409,3.62003898936493,4.95415987526282
42,0.00514845259002347,0.270794564467184,0.137665099657806,-0.00598390019526607,0.00277564862987045,0.019866759801239,0.0711845629383608,0.0346698477186592,0.029843497683652,0.979007215423594,3.23053841228751,0.425480752670956,3.53788707336458,0.461644593044704,3.42100597414576,0.957545664510634,2.58839538889333,-0.1249350792582,1.99507969536417,9.28726528822697,0.785636404495802,0.142018874543888,0.321988069973295,0.0234461380383422,1.15045711726245,3.12430018719855,0.770806268565843,0.365662860849965,0.690274270357471,0.287614279315613,0.0834920591139452,0.379262612274103,-0.393568483410259,0.00762458366501395,1.02317446762312,1.01017419485297,1.01286933762155,0.709995483343325,0.0977415989710512,0.192262917685624,1.08039203193116,1.06991959708785,0.279901780850221,0.756618201840443,-0.0365199826906634,0.00210231087633417,0.925972352655133,0.0269446150835708,1.01631711163362,-0.27832787269616,0.4,0,0.67,0.1,1.025,0.5,0.6,0.25,0.005,0.975,0.8,0.1,1.08564953812969,0.53417609149875,0.434259815251874,0.239878805801881,0.453507208886842,0.738670130743094,-1.27821808291885,3.64565050006338,4.98039703150845
43,0.00532855060600218,0.276005476507595,0.136381631518488,-0.00681371495545779,0.00253301993156119,0.0218248081354706,0.0668950729801212,0.0329174917545891,0.0284087177778389,1.0618621988216,3.4878103122593,0.458052751072669,3.63154090411117,0.471903685378606,3.45608231228588,0.979200606007808,2.60154689480257,-0.124665188524501,2.09609372567333,9.64732257793706,0.828837456897152,0.140218337402262,0.317565651535647,0.0235462089703782,1.1516564766857,3.15530293633963,0.771609839379418,0.372251800500618,0.690993886011419,0.287914119171425,0.0851874165583462,0.380468654607792,-0.390214510065167,0.00796472588529651,1.02219175540771,1.01035519335903,1.01171524838639,0.708021189316557,0.0965610849486524,0.19541772573479,1.07824636582173,1.0685221954902,0.283326760587321,0.752744483186541,-0.0360712437738625,0.00219563322007284,0.929503900405324,0.0265950091831783,1.0152921529078,-0.275377568780833,0.4,0,0.67,0.1,1.025,0.5,0.6,0.25,0.005,0.975,0.8,0.1,1.08981178956557,0.537369022776075,0.435924715826227,0.243847808699532,0.448525632180852,0.717531313369995,-1.29104999794476,3.67439129514445,5.01080750134572
44,0.00548759685880278,0.281884520148988,0.135027844049853,-0.00767273439862848,0.00227632630369756,0.0236252732073359,0.0625483959965558,0.0311092489530326,0.0269204000063321,1.1599647682262,3.78918228303913,0.496018922505221,3.73221542840049,0.482785438782515,3.49491630745979,1.00373785236527,2.61559406385561,-0.124415608761091,2.21516303098823,10.0593311395318,0.878025551591262,0.138554894459179,0.312938236720685,0.0236367990646173,1.15288139260576,3.18919915540548,0.77243053304586,0.378976105981377,0.691728835563457,0.28822034815144,0.0870944840624236,0.381831660561771,-0.386011683509142,0.00829801323945928,1.02112009336183,1.0105150348431,1.01049470631615,0.705759950486017,0.0952972445308579,0.198942804983124,1.07606326157929,1.06708286791903,0.287199395940562,0.748399627845938,-0.0355990237865006,0.00225699498900338,0.933047360347291,0.0262299062682046,1.01425228605628,-0.272406472255169,0.4,0,0.67,0.1,1.025,0.5,0.6,0.25,0.005,0.975,0.8,0.1,1.09446637275738,0.541022000892548,0.437786549102952,0.248032345331492,0.443406056840122,0.696455920941358,-1.30555305532265,3.70606756880211,5.04535890328085
45,0.00560135161626097,0.28838610363159,0.133610971945909,-0.00850866066939204,0.00200556880997049,0.0251165323073879,0.0583525559282643,0.0293301902235913,0.0254480405979232,1.27239057217354,4.12858401737059,0.538339945002517,3.83541639133951,0.493599040697081,3.53706392052395,1.03099966916871,2.63022121155523,-0.124156960199991,2.35140008725495,10.5126627202337,0.931486532597569,0.137210205101253,0.308338397340896,0.0237045070979619,1.15413730744984,3.22558277661874,0.773271995991395,0.385491880702215,0.692482384469906,0.288534326862461,0.0892003591885523,0.383374698618831,-0.381001240564694,0.0085782997423943,1.01997047674076,1.01062935837434,1.00924287256156,0.703236326694893,0.0939600891173751,0.202803584187732,1.07395323947425,1.06567522501137,0.291484602013068,0.743617098999334,-0.0351017010124015,0.0022796906026629,0.936427731706395,0.0258566627040308,1.01321124968478,-0.269417515232731,0.4,0,0.67,0.1,1.025,0.5,0.6,0.25,0.005,0.975,0.8,0.1,1.09959051692574,0.545157700286382,0.439836206770296,0.252282722596721,0.438456299307006,0.676566963304946,-1.3213797620487,3.74016687095345,5.08373495122418
46,0.00566221553278042,0.295435565763676,0.132154576010511,-0.00919684999062331,0.00172219438918164,0.0262088204342366,0.0544665430737446,0.0276514969971661,0.024051361907665,1.39709358159799,4.49572548033402,0.583465102321412,3.93660783734263,0.503723004405713,3.58179772930867,1.06068337591395,2.64497322403521,-0.123858870640493,2.50260437863564,10.992241972457,0.987069604369379,0.136308209185454,0.30395194589349,0.0237403682827461,1.15539990328742,3.26384246067643,0.774117935202574,0.391524552747934,0.693239941972455,0.288849975821856,0.0914807880617526,0.385101420054175,-0.375284673340221,0.00875816989163134,1.01875905414819,1.01069052661044,1.00798318310631,0.700481161040532,0.0925717908406617,0.206947048118806,1.07199790100879,1.06435525335106,0.296131567462538,0.738448517735176,-0.0345800851977143,0.00226668146431238,0.939519483863646,0.0254933943230938,1.01218135228951,-0.266413647453242,0.4,0,0.67,0.1,1.025,0.5,0.6,0.25,0.005,0.975,0.8,0.1,1.10512313286578,0.549766990852581,0.442049253146314,0.256453592040895,0.433918801530627,0.658662254062213,-1.33797639124951,3.77593769988936,5.12538538508179
47,0.00568256078157034,0.302953608555085,0.130697467851165,-0.0096106484093319,0.00143091520210215,0.0269146461593668,0.0509396021041903,0.0261016853713174,0.0227557973531187,1.53257246946859,4.88268105867529,0.630304403547567,4.03323841989489,0.512912315870177,3.62828369653234,1.09243562378895,2.6593460975038,-0.123498024760408,2.66695480408354,11.4871656181147,1.04346353950776,0.13585361654982,0.299834382772302,0.0237448448504247,1.1566091046935,3.30330417611765,0.774928100144643,0.396975570435044,0.693965462816098,0.289152276173374,0.0939069057238224,0.38699375941305,-0.368985942401409,0.00882147001469538,1.01750517608992,1.01071097358548,1.00672220118512,0.697519791570702,0.091164070534363,0.211316137894935,1.07021689266903,1.06313764360266,0.301088810897836,0.732948776868083,-0.0340375877659193,0.00222694389783655,0.942293825591007,0.0251608240363808,1.01117153729068,-0.263397833371538,0.4,0,0.67,0.1,1.025,0.5,0.6,0.25,0.005,0.975,0.8,0.1,1.11097650490982,0.55481401974502,0.444390601963927,0.260462753705961,0.429857885605115,0.642892766748206,-1.35467870221808,3.81257439522308,5.16967437826306
48,0.00568828839550916,0.310882486158711,0.129282552227355,-0.00969872643781478,0.00113949357023291,0.027341236294254,0.0477023235968342,0.0246578894418283,0.0215440618940935,1.67998942293859,5.29170264850725,0.679275076271721,4.12594842666382,0.521428539654388,3.67580996374911,1.12596800427186,2.6729069608006,-0.12306500132335,2.84522740843535,11.9998161626187,1.10136652314556,0.135723958543797,0.29589014026053,0.0237279085427976,1.15768149209901,3.34340641249106,0.775646599706334,0.401955389924222,0.694608895259404,0.289420373024752,0.0964539773189022,0.389014586092835,-0.362205344001354,0.00879239934483718,1.01622740284243,1.01071672983749,1.00545224279193,0.694364863294181,0.0897692617036702,0.215865875002148,1.06856367571392,1.06199115018014,0.306318339461546,0.727161356860347,-0.0334796963218923,0.00217132245807103,0.944820350937464,0.0248718945834294,1.01018690964367,-0.260373049232013,0.4,0,0.67,0.1,1.025,0.5,0.6,0.25,0.005,0.975,0.8,0.1,1.11705911504009,0.560245206313128,0.446823646016038,0.264321083770565,0.426130635206365,0.628742076729111,-1.37090356974963,3.84942715580378,5.21605373827918
49,0.00569425016365374,0.319191705114478,0.127934514554045,-0.0095794862022861,0.00085651044547097,0.0276072482929257,0.0446514791135588,0.0232790500077212,0.0203828199157904,1.84289986442326,5.73375328420408,0.731950349423678,4.21683495521983,0.529688598153075,3.72390228742319,1.16110269232442,2.68536297349336,-0.1225633783946,3.04066658843146,12.5428288246701,1.16277622763251,0.13577026066493,0.291985139448959,0.0237006584503615,1.15854941072898,3.38378810357994,0.776228105188419,0.406645404115471,0.69512964643739,0.289637352682246,0.0991062289811487,0.391120577492243,-0.35501546259414,0.0087009179899618,1.01493922189511,1.01072272141447,1.00417176777696,0.691024726391219,0.0884059129157022,0.220569360693079,1.0669774154338,1.06087470277724,0.311797303663366,0.721115315663003,-0.0329126193263692,0.00210967737705342,0.947191010283181,0.0246180500202127,1.00922924975043,-0.257342280131427,0.4,0,0.67,0.1,1.025,0.5,0.6,0.25,0.005,0.975,0.8,0.1,1.12330004346178,0.56600084274092,0.449320017384711,0.268089064053451,0.422539351050159,0.615544517326927,-1.38637082466948,3.88605916826928,5.26411596187239
50,0.00569845529931203,0.327863216021527,0.126655726321152,-0.00941461045631797,0.000586902910808984,0.0277699408877181,0.0417396018351205,0.0219459930594153,0.0192563449767207,2.02460306912081,6.21812652385105,0.789554750010589,4.30675939896289,0.537846222671321,3.77224033712519,1.19772075230689,2.69652102941767,-0.122001444599372,3.25638993893921,13.1260990397259,1.22906686360792,0.135920419471918,0.288065278425232,0.0236673355253828,1.15918269251334,3.4242215437934,0.776652403983939,0.411133488185264,0.695509615508005,0.289795673128336,0.10185430196041,0.393279213053044,-0.347490822176221,0.00855077930956813,1.01364835900439,1.01072694757581,1.00289040619288,0.687512531386755,0.0870773990176831,0.225410069595562,1.06543283324909,1.05977224957434,0.317509131250011,0.714832775334953,-0.0323419065849636,0.00204971846764121,0.949447103547588,0.0243824492923645,1.00829788117053,-0.254308517072974,0.4,0,0.67,0.1,1.025,0.5,0.6,0.25,0.005,0.975,0.8,0.1,1.12965563321062,0.572032065015274,0.451862253284247,0.271796537245866,0.418996404100718,0.602991781670584,-1.4010690026995,3.92214091571338,5.31351928711917
51,0.00568486019486026,0.336870532012093,0.125432912308126,-0.00932668054140295,0.000331145264230281,0.0278130288068112,0.0389999290805255,0.0206752223542804,0.0181787422753906,2.22535115771452,6.74267133424833,0.851664714287244,4.39397129718137,0.545623287848752,3.82049510750921,1.23567478004315,2.70620427177251,-0.121383944306445,3.49254602883864,13.745593806563,1.29952783950387,0.13620904743602,0.28419320834456,0.0236237816743224,1.15958624171557,3.46448298512513,0.776922781949435,0.415349826702927,0.695751745029345,0.289896560428894,0.104688956355048,0.395476476965634,-0.339739622645262,0.00831731431028863,1.01235988835269,1.01071328449583,1.00162915030614,0.683852591528888,0.0857776221449274,0.230369786326185,1.06395436532197,1.05870374066696,0.323433153366538,0.708338630365848,-0.0317717837323858,0.00199650281856225,0.951561717960283,0.0241498677660936,1.0073906123602,-0.25127475401452,0.4,0,0.67,0.1,1.025,0.5,0.6,0.25,0.005,0.975,0.8,0.1,1.1360968600155,0.578306614414472,0.454438744006202,0.27540728086876,0.415576707414664,0.591262637380576,-1.415100363838,3.95729182764703,5.36387518410741
52,0.00563109404407853,0.346163702740323,0.124246798035086,-0.00937040094014374,8.65824616251842e-05,0.027675743491284,0.0365207304002971,0.0195098237355331,0.0171869119726126,2.44050055931496,7.28851993616879,0.915598879799923,4.47431958957454,0.55238823218023,3.86820094560124,1.27472083204393,2.71418821117357,-0.120708097616264,3.7443732698007,14.3782007197284,1.37083951239196,0.13674724670448,0.280516161676085,0.0235604980280694,1.15978437812302,3.50424755388716,0.777055533342425,0.419098243562158,0.695870626873813,0.289946094530755,0.107595368262668,0.39771235447779,-0.33191723515973,0.00796388558459189,1.01108017881742,1.0106592495143,1.00041648983406,0.68008219437542,0.0844980350518207,0.23541977057276,1.06260163795554,1.05771576251172,0.329538421082672,0.701666808251009,-0.031205229333681,0.00195224803688172,0.95346325642488,0.0239112257822081,1.00650463789857,-0.248243984913934,0.4,0,0.67,0.1,1.025,0.5,0.6,0.25,0.005,0.975,0.8,0.1,1.14259061591234,0.584800422312254,0.457036246364935,0.278828945710043,0.412473909765728,0.580865601779256,-1.42853141546115,3.99097084679044,5.41467196634601
53,0.005521654758815,0.355666818884058,0.123085540866966,-0.00949560746050904,-0.000150640392982848,0.0272978890610489,0.0343955726718663,0.0184977545893996,0.0163224996303395,2.66058808527856,7.82202959603714,0.97683769566277,4.54280082890075,0.5574376138948,3.91471791496287,1.314499388165,2.72018346107625,-0.119964934278379,4.00219481012317,14.9851301181694,1.43777851455234,0.137657782440404,0.277191259422329,0.0234681392731442,1.15979799459739,3.54304518092661,0.777064656380249,0.422145573287525,0.695878796758432,0.289949498649346,0.110550445760799,0.399989629113137,-0.324206062722172,0.00747165849560942,1.00982004317934,1.01054926303261,0.999278392573278,0.676245750957496,0.083236074015591,0.240518175026913,1.06143847004958,1.05685894087688,0.335783935578279,0.694860656671862,-0.030644592250141,0.00191408302902792,0.955077723277943,0.0236695607846508,1.00563800566139,-0.245219200774409,0.4,0,0.67,0.1,1.025,0.5,0.6,0.25,0.005,0.975,0.8,0.1,1.14908619430141,0.591485607926989,0.459634477720565,0.281946734642342,0.409897228973128,0.572338379105862,-1.4412613244578,4.02247771202222,5.46528090036402
54,0.0053559194762476,0.365282621531508,0.121959269547936,-0.00952970201257852,-0.000382891826606779,0.0266427409421981,0.0326944992977786,0.0176777687883091,0.0156198155638221,2.8724239551782,8.30008590791423,1.0299267769379,4.59494378331165,0.560258007580757,3.9592555643909,1.35454787749434,2.72385182621187,-0.119144139315305,4.25248206798056,15.5185659143839,1.49438262621265,0.139032772002442,0.274333620207063,0.0233419810092967,1.15962690218862,3.58025991291092,0.776950024466373,0.424286769509363,0.69577614131317,0.289906725547154,0.113522536694418,0.402300801205502,-0.316780489833192,0.00685200256463082,1.00859517688,1.01038269907363,0.998230846395857,0.67238557896873,0.0820036540655921,0.245610766965678,1.06051346244078,1.05617284494736,0.342121859896356,0.687970701035256,-0.0300925609316119,0.00187303134866701,0.956352236816904,0.023444139646874,1.00479128504327,-0.242203386692705,0.4,0,0.67,0.1,1.025,0.5,0.6,0.25,0.005,0.975,0.8,0.1,1.15551262366159,0.598318604367646,0.462205049464635,0.284645620677174,0.408000452103422,0.566069532374655,-1.45291256435969,4.05102654103553,5.51501831222092
55,0.00514299203066483,0.374892323371002,0.120908106085145,-0.0092218759506687,-0.000608146090412931,0.0256834351970434,0.0310734299170032,0.0168224827712547,0.0148634957354852,3.00775718321665,8.60163484951438,1.06462394740931,4.69606209280597,0.573718113515003,4.02300460566846,1.40327949291899,2.73814281600849,-0.118417703259022,4.4329409472277,15.934321950555,1.54285660018356,0.137746679915676,0.268054856649326,0.0229322425182754,1.15924829275455,3.59245348737935,0.776696356145549,0.402655684972152,0.69554897565273,0.289812073188637,0.11584240882362,0.407123691722338,-0.264997857363621,0.0523481237232614,1.01197197956249,1.01016870699082,1.00178512020734,0.66853838273304,0.0808317097014779,0.250629907565482,1.06029787499504,1.05619358698621,0.348813792293917,0.680621347574407,-0.0294351398683233,-0.0143013682127778,0.957243278106669,0.0232671606547819,1.00396776976387,-0.196174471936316,0,0.462205049464635,0.67,0.1,1.025,0.5,0.6,0.25,0.005,0.975,0.8,0.1,1.16178274307954,0.608975792920046,0.462205049464635,0.283703544103758,0.400956569693868,0.549601926017896,-1.46499070347954,4.09571520009777,5.59901053529438
56,0.00489017007709163,0.384356739693325,0.119989533336339,-0.00840944143440525,-0.000818378782970974,0.0244066531936189,0.0307584518868741,0.016712749846388,0.0147827069062869,3.0782613614096,8.54859242770361,1.048398250785,4.62960164871645,0.561315346268599,4.10954904418528,1.46288993416877,2.76464036929527,-0.117981259278765,4.56342287539402,15.8483425814221,1.51411505689024,0.140363822982668,0.264869385103884,0.0223827191154086,1.15622433956453,3.55824150846386,0.774670307508233,0.356774699643799,0.693734603738716,0.289056084891132,0.11809224316702,0.415309058111089,-0.142427068017299,0.124988694292985,1.01912932772526,1.00991462092748,1.00912424338339,0.664740570657352,0.0797619108629071,0.25549751847974,1.05967849472979,1.05563357204375,0.355973348520745,0.672735703983585,-0.0287090525043293,-0.0422110664653502,0.957720838517015,0.0231648515799612,1.00317223065687,-0.0805444795607946,0,0.462205049464635,0.67,0.1,1.025,0.5,0.6,0.25,0.005,0.975,0.8,0.1,1.16537238992675,0.624768633724877,0.462205049464635,0.280619143564395,0.398455272320686,0.549374505935949,-1.47916791363672,4.1589764358167,5.72565222109885
57,0.00459468573245119,0.393521599559015,0.119252612780119,-0.00713747924993569,-0.00100209333273227,0.0228186827203378,0.0310781465581309,0.0169238600961076,0.0149812797958599,3.07872365125153,8.26575082684519,1.00415288436302,4.52373662194519,0.544186529011937,4.20354262099668,1.52820039849627,2.79271517919233,-0.117372956691908,4.63060000247947,15.4960709716335,1.45273021449359,0.14391046552677,0.262253337157071,0.0217637578105436,1.14838429363333,3.50776120120632,0.769417476734328,0.335850202464129,0.689030576179995,0.287096073408331,0.120234512795093,0.421032483228098,0.00675084361037296,0.151025217729359,1.0227125918035,1.00961765916111,1.01297018977785,0.661037180461812,0.078830410914874,0.260132408623314,1.05930462023541,1.05522958738389,0.363550589653323,0.664371800405392,-0.0279223900587154,-0.0535147604628789,0.957774942314101,0.0231414838628701,1.00240981796231,0.0616585937172395,0,0.462205049464635,0.67,0.1,1.025,0.5,0.6,0.25,0.005,0.975,0.8,0.1,1.16395491732674,0.636927083184576,0.462205049464635,0.276083272406704,0.396730085551098,0.553220055464756,-1.48892991080123,4.22474750549021,5.87470206647411
58,0.00426792793732074,0.402262300573732,0.118716654090251,-0.00563862535413884,-0.00114947744397631,0.0210364808003496,0.0317172078111907,0.0172788759779055,0.0153002228003646,3.05291127678137,7.93282492240612,0.956036473432771,4.42743600937344,0.528702412757901,4.28481354776234,1.58974690455121,2.81126108308168,-0.116194439870554,4.66848746510011,15.0893430142322,1.38980883108558,0.14807138709467,0.260726886531406,0.0212643847654638,1.13896975891416,3.47406355866756,0.763109738472486,0.346134646211534,0.683381855348495,0.28474243972854,0.12224210332714,0.42020385131205,0.127368133746288,0.120543116574522,1.02037863414697,1.00928926757701,1.01098730257638,0.657471293033717,0.0780527920693535,0.26447591489693,1.0592362314534,1.05507356993333,0.371018922254239,0.65609881310934,-0.0271177353635794,-0.0425131019919773,0.957507566433221,0.0231781017500545,1.00168548775647,0.177249932985651,0,0.462205049464635,0.67,0.1,1.025,0.5,0.6,0.25,0.005,0.975,0.8,0.1,1.16067385231579,0.639121214514382,0.462205049464635,0.27243592703986,0.396560107329333,0.559867189238673,-1.48866474587239,4.27586894343311,6.01093262186375
59,0.00392650369634831,0.41051189693419,0.118360474009048,-0.00425315255993031,-0.00125666918194989,0.0192255617782875,0.0323208147288498,0.0175835391769819,0.015566096770065,3.04408250203035,7.70330323132795,0.923639336407938,4.37561674861079,0.519651444394437,4.33568998066024,1.63820434070555,2.81180879516218,-0.114323155207489,4.71042669340479,14.8070005896142,1.34998156934107,0.152244828451457,0.260359474961377,0.0210139437461854,1.13154362215478,3.48009276352294,0.758134226843705,0.381159043898629,0.67892617329287,0.282885905538696,0.124104977782565,0.414046566395603,0.176671043844429,0.0488183241014532,1.01278478215115,1.00894613621483,1.00380460938254,0.654076834015288,0.0774168441123872,0.268506321872325,1.05946796306818,1.0552014457774,0.377841669495031,0.648526257113521,-0.0263679266085516,-0.0149378985430134,0.957077058266168,0.0232384107767998,1.00100348349042,0.223201579673769,0,0.462205049464635,0.67,0.1,1.025,0.5,0.6,0.25,0.005,0.975,0.8,0.1,1.15909047288775,0.633024355646152,0.462205049464635,0.271438909543757,0.398056407781737,0.567006495004798,-1.47672197850799,4.29889677929865,6.10117605158109
60,0.00358926162444242,0.418267496876263,0.11813259065941,-0.00325068173367538,-0.00132790519819037,0.0175395169117154,0.0327842761928596,0.0177989507325134,0.0157489457493038,3.05393249329205,7.56580477029302,0.904520135841912,4.35009267622204,0.514958513492289,4.36690713133545,1.6765702258318,2.80262174250525,-0.112284837001607,4.76075039283334,14.6318704485876,1.32811014698661,0.156077755763977,0.260431941239105,0.0209163346540152,1.12859674115388,3.50729409157834,0.756159816573102,0.401939041032186,0.67715804469233,0.282149185288471,0.125830082054492,0.40907913490133,0.182454995064774,0.00595784697002376,1.00761444475679,1.00860720793256,0.999015708823048,0.65087213162293,0.0768892110966295,0.272238657280441,1.05981690218359,1.055455832938,0.383926237817448,0.641786431040538,-0.0257126688579862,0.0011246362061056,0.956639942047487,0.0232873425709593,1.00036697133822,0.226101586980297,0,0.462205049464635,0.67,0.1,1.025,0.5,0.6,0.25,0.005,0.975,0.8,0.1,1.16176400837387,0.628509218671421,0.462205049464635,0.272032114202979,0.400127657316846,0.573312244936606,-1.46034580665023,4.30594829051445,6.1584575922468
61,0.0032789955413203,0.425589672259525,0.117968313218305,-0.00276219101352237,-0.00137348186811792,0.0161084371496079,0.0330850658267352,0.0179361088034658,0.0158646933012761,3.0740170429324,7.47340002935035,0.891669350981707,4.32526100399314,0.511199465958781,4.39432553413275,1.71197835956276,2.79286968101028,-0.110522506440284,4.81795874919804,14.5045801269641,1.31317950052566,0.159402482368044,0.260155727306556,0.0208331900254562,1.12809708458804,3.52972922398012,0.75582504667399,0.399134051075833,0.676858250752826,0.282024271147011,0.127439135665161,0.40871873197774,0.187738059399807,0.00556448836371761,1.00674016562204,1.00829539051903,0.998457570160877,0.647853860631246,0.0764262271506346,0.27571991221812,1.06006434363023,1.05563663597049,0.389588424040284,0.635562763686206,-0.0251511877264902,0.000982874301426298,0.956338074435061,0.0233002133515585,0.999777808612459,0.228972139925045,0,0.462205049464635,0.67,0.1,1.025,0.5,0.6,0.25,0.005,0.975,0.8,0.1,1.16665978641779,0.630881062558614,0.462205049464635,0.272592155889029,0.401565450351827,0.578131920490175,-1.44613322626075,4.31095629852233,6.20912122664694
62,0.00301047322647293,0.432581963332564,0.117803226743574,-0.00280378301743522,-0.0014063373563391,0.0150002110352729,0.0331107950284554,0.0179410286963204,0.0158670365645654,3.11531133855678,7.45337419705221,0.88800064852531,4.30888072926186,0.508820423293343,4.41757605813891,1.74514311696096,2.78143605013934,-0.109003108961387,4.89352029144919,14.4577547177263,1.30858126971153,0.162028347337938,0.259386992275465,0.0207633068542652,1.12723512914136,3.54878813741986,0.755247536524714,0.397323991991064,0.676341077484818,0.281808782285341,0.128962511406483,0.40992428552212,0.192446843234231,0.00508716257990119,1.00599388941291,1.00802552559261,0.997984538954508,0.645001001300129,0.0759831992059917,0.279015799493879,1.06014997887671,1.05570135667309,0.395045403631641,0.629629465012796,-0.0246748686444366,0.000836545817389935,0.956258184079424,0.023262905090464,0.999236329846192,0.231810405618822,0,0.462205049464635,0.67,0.1,1.025,0.5,0.6,0.25,0.005,0.975,0.8,0.1,1.1709245954694,0.635540541326037,0.462205049464635,0.273261814075182,0.402149751322274,0.580713879399836,-1.4345685638463,4.3122972592799,6.25463905673643
63,0.00278088808654502,0.439357072204734,0.117580550985743,-0.00332686872530974,-0.00143935465128509,0.0142001256349078,0.0328495819167567,0.0178078031662671,0.0157508431196313,3.18093437200296,7.50904664739616,0.893464911982281,4.30342333470404,0.507671193549357,4.43797948810016,1.77672916278206,2.76893920832154,-0.107688883003438,4.99119099107742,14.4960136975512,1.31414613209107,0.163958537323697,0.258142158621754,0.0206989095628674,1.12613878134639,3.56544249590182,0.754512983502084,0.396236475627233,0.675683268807836,0.281534695336598,0.130431081031293,0.410975332009831,0.19685372339051,0.00487587591005577,1.00533878197139,1.00779479252698,0.997562985467078,0.642286489262685,0.0755203992982048,0.282193111439111,1.0600705045322,1.0556483989365,0.400346411592509,0.623918883750155,-0.0242652953426645,0.000692128964188465,0.956407609720923,0.0231687294779211,0.998741384126128,0.234613583036058,0,0.462205049464635,0.67,0.1,1.025,0.5,0.6,0.25,0.005,0.975,0.8,0.1,1.17472965120009,0.639862956609304,0.462205049464635,0.274083688052739,0.401911238889812,0.581015378042191,-1.42595754265295,4.31106562976306,6.29614647119205
64,0.00258439097491683,0.446025892866528,0.117255202742596,-0.00424680815527589,-0.00148388980285152,0.0136721763858676,0.0323186443494027,0.0175440436512335,0.0155224851203601,3.27254329726528,7.63984555082367,0.907581644162373,4.308477770569,0.507500565364219,4.45667922588903,1.8073527011726,2.75586613848501,-0.106539613768588,5.11327662206887,14.6189288885639,1.32917469010758,0.165254168608865,0.256475126555454,0.0206320943495798,1.12488437111957,3.58056379960293,0.753672528650113,0.395860739030928,0.674930622671743,0.281221092779893,0.131873544977882,0.411936830780888,0.201184803614351,0.00488767208575898,1.00474839315927,1.00759731292979,0.997172561167083,0.639680223095358,0.075005834249475,0.285313942655167,1.05983730832595,1.05548587225948,0.405537982333038,0.618367622797727,-0.0239056051307652,0.00055347770909228,0.956770850376597,0.0230167681543205,0.998290988401853,0.237378905779073,0,0.462205049464635,0.67,0.1,1.025,0.5,0.6,0.25,0.005,0.975,0.8,0.1,1.17820201631865,0.643973060144897,0.462205049464635,0.275073193385942,0.400942716838099,0.579201167215976,-1.42041768929906,4.30819343632294,6.33461051483552
65,0.00241767838889879,0.452697898703823,0.11679378680622,-0.00547800661547659,-0.00154895945148092,0.0133866558958244,0.0315309316983124,0.0171549050425343,0.0151861560445101,3.39338070071957,7.84992937930198,0.930490227116227,4.32395611724553,0.508138729008149,4.47467667690161,1.83758411072967,2.74260806146737,-0.105515495295434,5.26361491982656,14.8310011181993,1.3536705124641,0.165966682523384,0.254424415868651,0.0205570516351584,1.12352967456642,3.59492307501673,0.752764881959503,0.39618155883155,0.674117804739854,0.280882418641606,0.133316574146068,0.41284802627526,0.205635797145019,0.00509597915417917,1.00420001132915,1.00742976678084,0.996794063905802,0.637148963089299,0.074415040158856,0.288435996751845,1.0594572583636,1.05521777391082,0.410662991633636,0.612917593716833,-0.0235805853504696,0.000421567911895157,0.957336098294046,0.0228087157721961,0.997883084199316,0.24010364480818,0,0.462205049464635,0.67,0.1,1.025,0.5,0.6,0.25,0.005,0.975,0.8,0.1,1.18145822337939,0.647961544618252,0.462205049464635,0.276248613066319,0.399317005296597,0.57540211482748,-1.41793238396683,4.30450054908585,6.37085568869072
66,0.00227513259257958,0.459476869647858,0.116171639065865,-0.00695939064937512,-0.00164124263875598,0.0133087825927563,0.0305085975534745,0.0166496081660337,0.0147494594616443,3.5471703437422,8.1448383399264,0.962478529002155,4.34945451034342,0.509398665815616,4.49282008038051,1.86793251714856,2.7294660342528,-0.104578471020853,5.44648322208215,15.1377178017457,1.38776754494328,0.166164564704406,0.252037069927343,0.0204688211463601,1.12212002651628,3.60917579988625,0.751820417765907,0.397149488605358,0.673272015909768,0.28053000662907,0.134784203513012,0.413742265061683,0.210372264584491,0.00547398339954843,1.00367385964804,1.00728650825554,0.996413484566814,0.634659312955748,0.0737294126344851,0.291611274409767,1.05894144911797,1.0548506942189,0.415759474835316,0.607517324402101,-0.023276799237417,0.000296092104194088,0.958084315963729,0.0225459437734398,0.997515842254673,0.242785111134921,0,0.462205049464635,0.67,0.1,1.025,0.5,0.6,0.25,0.005,0.975,0.8,0.1,1.18460472007338,0.651912382936278,0.462205049464635,0.277620835633598,0.397121833371594,0.569815296204613,-1.41840911630889,4.30067908645518,6.40555657845991
67,0.002143027111544,0.466444726550159,0.115373411927731,-0.00862464170025445,-0.00176567218682699,0.0133723127926932,0.0293172779979034,0.0160584900428546,0.0142381488837092,3.73378587854884,8.5196525217228,1.00249668434789,4.38264408891404,0.510864455239064,4.51170103805175,1.89877052616268,2.71662194824849,-0.103691436359424,5.6622640775311,15.5321222850786,1.43003069314485,0.166002170058744,0.249422431059738,0.020360989917317,1.12069686856091,3.62377538741755,0.750866901935807,0.398589317364032,0.672418121136544,0.280174217140227,0.136294497239164,0.414648197069349,0.215507529497651,0.00597091842777778,1.0031530648473,1.0071537422471,0.996027739130592,0.632183925367207,0.0729372164354807,0.294878858197313,1.05832549178063,1.05440892882316,0.42085468654692,0.602128094334368,-0.0229827808812882,0.000176824593070957,0.95896260982079,0.0222323890504987,0.997187589377254,0.245420658475767,0,0.462205049464635,0.67,0.1,1.025,0.5,0.6,0.25,0.005,0.975,0.8,0.1,1.18773488506476,0.65589803921145,0.462205049464635,0.279157759404324,0.394540925593544,0.562950396218866,-1.42165332633922,4.2972018731266,6.43915449812328
68,0.00201134805692324,0.473658018481985,0.114399221411867,-0.0103528649449716,-0.0019253176144538,0.0135093172822869,0.0280322986461887,0.0154174028830514,0.0136829111883499,3.95101269744868,8.96397686619325,1.04885600444791,4.42059160968279,0.512102039598901,4.53162337582117,1.93031338052912,2.7041293959006,-0.102819400608547,5.90911365519736,16.0010647959167,1.47836700791136,0.165646038717088,0.246694862517011,0.0202283644730995,1.11928356262879,3.63895791400236,0.749919986961286,0.400299993585491,0.671570137577271,0.279820890657196,0.137858461497534,0.415592048584306,0.221095324241546,0.00652854345039604,1.00262548375357,1.00702140479721,0.995634729289068,0.629700224197739,0.0720372153710992,0.298262560431162,1.05764850240072,1.05391913052413,0.425965094722667,0.596724213739538,-0.0226893084622053,6.48692285033085e-05,0.959912398768702,0.0218802370336178,0.996896392126525,0.248007685863687,0,0.462205049464635,0.67,0.1,1.025,0.5,0.6,0.25,0.005,0.975,0.8,0.1,1.19091586463497,0.659983961596625,0.462205049464635,0.280804364367685,0.391765562464757,0.555369867668385,-1.42730948272881,4.29431226476974,6.47185948427016
69,0.00187210929561349,0.481146309254205,0.113264346227884,-0.0120194282642078,-0.00212015571762669,0.0136558137332272,0.0267303933778705,0.0147638203557557,0.0131160282514323,4.19405763379974,9.46099545282871,1.09918556965402,4.45996053796697,0.512698782520208,4.55261210537356,1.96261691191206,2.69192655765063,-0.101931364189123,6.18245406559156,16.5244530661207,1.5300207838109,0.16525942921424,0.24396405654585,0.020067795825796,1.11788580076402,3.65475311702177,0.748983486511896,0.40207420625013,0.670731480458414,0.279471450191006,0.139479909334477,0.416589947640445,0.227127507893376,0.00708571515125578,1.0020836237171,1.00688146984209,0.995234944460992,0.62719099158155,0.0710383776215024,0.301770630796948,1.05695080134839,1.05340945389958,0.431096888222814,0.591292755750765,-0.0223896439735796,-3.68524142541677e-05,0.960875117482962,0.0215048310471322,0.99663952636034,0.250543640214985,0,0.462205049464635,0.67,0.1,1.025,0.5,0.6,0.25,0.005,0.975,0.8,0.1,1.19418725167469,0.664215451484651,0.462205049464635,0.282492316093121,0.388978891311338,0.54763258034026,-1.4348774226267,4.29203638729338,6.5036710389244
70,0.00171054050162907,0.48890003920072,0.111995431277175,-0.0135239633903147,-0.00234713075442328,0.0137301637809673,0.025515149604254,0.0141495465434947,0.0125823599330172,4.44968317359184,9.97276602030816,1.14873658921042,4.4956231384681,0.512085238473668,4.57436791916729,1.99553396854831,2.67983460723959,-0.101000656620607,6.46912427329959,17.0591938850613,1.57969749351213,0.165060673641867,0.241379857871161,0.0198763224486422,1.11650383799391,3.67094433218826,0.748057571455922,0.403619983694345,0.669902302796348,0.279125959498479,0.14115354248243,0.417647832630223,0.233521284182685,0.00756571108006782,1.00152461394097,1.00671909320414,0.994840189981264,0.624650402503471,0.0699579912258375,0.305391606270692,1.05629263534391,1.0529244595956,0.436242559367979,0.585837137413165,-0.0220796967811439,-0.000124670240648302,0.961770916626498,0.0211210863737629,0.996413264793522,0.253026018848885,0,0.462205049464635,0.67,0.1,1.025,0.5,0.6,0.25,0.005,0.975,0.8,0.1,1.19756197780048,0.668610523512634,0.462205049464635,0.284117969946817,0.38642392113054,0.540488573531917,-1.44373294388282,4.29013508435976,6.53434451888478
71,0.00150497766363054,0.496859536149152,0.11062617794159,-0.0147950899729299,-0.00260091374456495,0.0136371601905458,0.0245118921673338,0.0136384945091074,0.0121374948858525,4.69319039632671,10.4341879716159,1.18984144750747,4.52074629263599,0.509552523185194,4.5962385822807,2.02868216214871,2.66756163037329,-0.100005210241295,6.74432526242776,17.5332491873684,1.6190398483306,0.165316173574334,0.239127122769604,0.0196510878792269,1.11513584095247,3.68704391683763,0.747141013438158,0.40457113026744,0.669081504571485,0.278783960238119,0.142863469621996,0.418767183411769,0.240113160871585,0.00788202407501566,1.00095176970995,1.00651250255195,0.994475247125201,0.62208950986892,0.0688193848143553,0.309091105316725,1.05575340007566,1.0525252107268,0.441378776543418,0.580379278103012,-0.0217580546464302,-0.000195657851264159,0.962501962817947,0.0207421037731322,0.996213085983491,0.255452371957377,0,0.462205049464635,0.67,0.1,1.025,0.5,0.6,0.25,0.005,0.975,0.8,0.1,1.20101850551312,0.673162264864436,0.462205049464635,0.285545823058968,0.384393433703761,0.534846104370861,-1.45315466726512,4.28806721228167,6.56337929902553
72,0.00124632817162044,0.504934493865471,0.109194916741682,-0.0157753878237955,-0.00287476441168211,0.0133305079629897,0.0237897482167623,0.0132673593716373,0.0118136527172043,4.90173773730224,10.7892072939993,1.21640322210781,4.53100484224253,0.504784097189122,4.61739373743571,2.0615524545265,2.65477206998386,-0.0989307870746605,6.98487080100979,17.886009951185,1.64165042017088,0.166168317688075,0.237300121760175,0.0193938879486082,1.11376056848634,3.70243975525716,0.74621958088585,0.404719423721043,0.668256341091806,0.278440142121586,0.14458770850703,0.419945204084916,0.246697641086741,0.00798687530512332,1.00037548233773,1.00625255981248,0.994159440969928,0.619529012623499,0.0676494189524796,0.312821568424021,1.05538050195637,1.05224965556144,0.446475343398242,0.574950333661216,-0.0214256770594581,-0.000248200058266986,0.963014476607811,0.0203800647278251,0.996034042452719,0.25782030502288,0,0.462205049464635,0.67,0.1,1.025,0.5,0.6,0.25,0.005,0.975,0.8,0.1,1.20449497227879,0.677845904756885,0.462205049464635,0.286682254613768,0.383033105673757,0.531192009953861,-1.46240409166196,4.28514567661939,6.59018642772138
73,0.000951564567817167,0.513041451077699,0.107747247950917,-0.0163767663282282,-0.00316101665166357,0.0128436950162205,0.0233206768374473,0.013023853370649,0.0116005868003472,5.06914090240935,11.0274494211475,1.228131240899,4.52738673797907,0.498184251647917,4.63709873032907,2.09368784564717,2.64118567366825,-0.0977747889863548,7.18406036853295,18.1077576917007,1.64765446217171,0.167537150256401,0.235832781095186,0.0191137586111446,1.11232895165357,3.71661166946207,0.745260397607893,0.40414600314718,0.667397370992143,0.278082237913393,0.146305529779974,0.421163475418605,0.253089689874851,0.00789945116316745,0.999809603910108,1.00595632239066,0.993889676575678,0.616983571392945,0.066478281848518,0.316538146758537,1.05515734320164,1.05208620238413,0.451508144942731,0.569577191961325,-0.0210853369040561,-0.000282430532900571,0.963332322147603,0.0200507237126276,0.995871251424694,0.260127481181343,0,0.462205049464635,0.67,0.1,1.025,0.5,0.6,0.25,0.005,0.975,0.8,0.1,1.20790963027645,0.682617001402091,0.462205049464635,0.287518841938462,0.382235106459566,0.529279494342279,-1.47077791825534,4.28080389191778,6.61433026978668
74,0.00064839862860204,0.52112024178646,0.106334990731383,-0.0165124539068582,-0.00345055040981657,0.0122419719336666,0.023034575333549,0.0128736974822123,0.0114688141776781,5.20137686959235,11.1696062542105,1.22849561872995,4.51352808240508,0.490498872680422,4.654836274129,2.12476045715978,2.62662240026965,-0.0965465833004205,7.34738048143953,18.2225077347928,1.64127134418289,0.1692437892482,0.234591052040502,0.0188234360729419,1.11078449851148,3.72921004031964,0.744225614002692,0.403057755172623,0.666470699106889,0.27769612462787,0.148000634560799,0.422385559869749,0.259155534702475,0.00767292563946407,0.99926590655317,1.00565164062175,0.993650152984758,0.614456225903613,0.0653381970863012,0.320205577010086,1.05503755801617,1.05199943218023,0.456462984309229,0.564278149774697,-0.0207411340839253,-0.000300584290119642,0.963512965831947,0.0197702781248031,0.995720474251873,0.262371623528445,0,0.462205049464635,0.67,0.1,1.025,0.5,0.6,0.25,0.005,0.975,0.8,0.1,1.21119386968249,0.687413589550001,0.462205049464635,0.288092370349295,0.38178643514518,0.528547287740928,-1.47764382253918,4.27471036916741,6.63561352366093
75,0.000365103398199363,0.529140461930541,0.105009243904255,-0.0161541042836979,-0.00373300185372349,0.0115998906472929,0.0228454101437463,0.0127739093207404,0.0113811564610753,5.31227473496266,11.254344875296,1.22289355752109,4.49408421636712,0.482563084037968,4.670348402025,2.15460374920307,2.6110105360036,-0.0952658831816729,7.48828872815382,18.2733537107898,1.62872756160472,0.171073027334743,0.233422163426036,0.0185368032273388,1.10907498382187,3.74007974906913,0.743080239160654,0.401707519231436,0.665444990293123,0.277268745955468,0.14966278334665,0.423572158857728,0.264823662662744,0.0073732555245917,0.998752063966543,1.00536692891519,0.99342044704436,0.61193903865078,0.064259255764215,0.323801705585005,1.05496321914075,1.05194449055111,0.461336834799917,0.559061190139802,-0.0203980249397194,-0.000306530877741607,0.963626317572685,0.0195492516169958,0.995578553274609,0.264550517366628,0,0.462205049464635,0.67,0.1,1.025,0.5,0.6,0.25,0.005,0.975,0.8,0.1,1.21430435423603,0.692180318797164,0.462205049464635,0.288468999631048,0.381446759697979,0.528326517075226,-1.48252391112698,4.26678209934184,6.65408400277075
76,0.00011485789869347,0.537084019997426,0.103813939014053,-0.0153354948303748,-0.00399815121914904,0.0109540194987165,0.0227094605024942,0.0127024956558162,0.0113185520487445,5.40936632849651,11.3028118779889,1.21446565257568,4.47147221283065,0.474881742113436,4.6835206128207,2.18313500602623,2.59434357304634,-0.0939579662518619,7.61412928676319,18.2837609861263,1.61365365129749,0.172912768378028,0.232249394665308,0.0182642228602395,1.10717117123981,3.74915634874752,0.741804684730675,0.400215852595646,0.664302702743888,0.276792792809954,0.151284816137576,0.424688612325827,0.270061561329286,0.00704119013047639,0.998271194551304,1.00511543218819,0.993190595410536,0.609422416859137,0.0632665416176113,0.327311041523252,1.05490529007986,1.05189895225867,0.466131183462734,0.553930213511729,-0.0200613969744627,-0.000305050199838016,0.963707585331144,0.0193914800638157,0.995443642184694,0.266662012390737,0,0.462205049464635,0.67,0.1,1.025,0.5,0.6,0.25,0.005,0.975,0.8,0.1,1.21722579315972,0.696870677180866,0.462205049464635,0.288686917180176,0.381097557687955,0.528282723287673,-1.48511304473939,4.25705307398628,6.66990944108171
77,-8.53592981697356e-05,0.544961463896207,0.102778252039278,-0.0141713169916722,-0.00423721219718942,0.0103677010107077,0.0225476280350477,0.0126193868296226,0.0112462079565947,5.5101793476949,11.3584901206891,1.20852130873505,4.44982155250721,0.468071865029829,4.69447062203992,2.2104294131075,2.57669322160096,-0.0926520126685383,7.74231321904083,18.3012919775079,1.60195710384468,0.174570798680719,0.230951083128122,0.0180159427483434,1.10504544103788,3.75655225834602,0.740380445495377,0.398812197371408,0.663027264622726,0.276261360259469,0.152866340442284,0.425716445077863,0.274891099071168,0.00673483757738304,0.997824486374243,1.00491421390534,0.992944942530424,0.606891968633688,0.0623752957128465,0.330732735653466,1.05481145448056,1.05182235571186,0.470858077741464,0.548878335611207,-0.0197364133526712,-0.000300778727567948,0.963820049117956,0.0192916075648884,0.995315150380219,0.268704024810104,0,0.462205049464635,0.67,0.1,1.025,0.5,0.6,0.25,0.005,0.975,0.8,0.1,1.21995426494474,0.701469894281662,0.462205049464635,0.288831380155412,0.380547272108524,0.527830419736951,-1.48539596661914,4.24571975701365,6.68343098465927
78,-0.000226385364064495,0.55280612155413,0.101914728159416,-0.0128088241847794,-0.00444434959214446,0.00988655960834173,0.0222989556088815,0.0124934442950714,0.0111370182423575,5.63023663416831,11.4573164715233,1.20915871506756,4.43220873826949,0.462531370363189,4.70349672763868,2.23668468366115,2.55818864909945,-0.0913766051219157,7.88841204863656,18.3649951586404,1.59811167925693,0.175903350193322,0.22944204419389,0.0177981989480916,1.10268784282438,3.7625089355349,0.738800854692332,0.397670536103734,0.661612705694626,0.275671960706094,0.154412619386232,0.426640110246631,0.279375086409155,0.00649854063212217,0.997408956855651,1.00477248270912,0.992671449526952,0.604331540376199,0.0615902846556017,0.3340781749682,1.05464246345691,1.05168451893937,0.475536566341789,0.543890810865679,-0.019427377207468,-0.000296787952877852,0.964011756239196,0.0192391818474655,0.995193313743698,0.270674539405009,0,0.462205049464635,0.67,0.1,1.025,0.5,0.6,0.25,0.005,0.975,0.8,0.1,1.22250917804559,0.705970285749187,0.462205049464635,0.288977377643486,0.379662534328526,0.526533498364764,-1.48362043839986,4.23308809516539,6.69509369737804
79,-0.000308405680734187,0.560658762561415,0.101224768458246,-0.0113557675268634,-0.00461705436811677,0.00952241448372271,0.0219421315723976,0.0123133880633823,0.0109810627566845,5.77743893479466,11.6152983509445,1.21807957018158,4.41968637555112,0.458368023056998,4.71095290950242,2.26213881871391,2.5389697751787,-0.0901556843901834,8.06051146637658,18.492037794576,1.60390448467731,0.176864803251634,0.227699637684789,0.0176125758289094,1.10010617683563,3.76730049031411,0.737071138479874,0.396850037201556,0.66006370610138,0.275026544208908,0.155931090383622,0.427454793696759,0.283588713086927,0.00634683597226798,0.997018594591532,1.00469005229086,0.992364353880246,0.601726884787433,0.0609096645877098,0.337363450624857,1.05438574134491,1.05147590627297,0.48018710060781,0.53895036183813,-0.0191374624459404,-0.000294257312431618,0.964298602689243,0.0192256256713415,0.995078684237989,0.272571611515448,0,0.462205049464635,0.67,0.1,1.025,0.5,0.6,0.25,0.005,0.975,0.8,0.1,1.22492638622961,0.710380081900051,0.462205049464635,0.289158969239558,0.378410277887495,0.524255970598026,-1.48015401168988,4.21947205512617,6.7053464580233
80,-0.000337293435346659,0.568557233922946,0.100703165189869,-0.00988346525747097,-0.00475504630835077,0.00926580610556438,0.0214818754076489,0.0120809722410478,0.0107797004869532,5.95449841441271,11.8356922202046,1.23553729660606,4.41203130313347,0.455518093952475,4.71716704630455,2.28701648004981,2.51915755590514,-0.0890069896503915,8.26155967277191,18.685584312386,1.61950619263622,0.177473795716446,0.225740025694049,0.0174577917280779,1.09731772291687,3.77117631528244,0.735202874354301,0.396336072198524,0.658390633750121,0.274329430729217,0.157429017407051,0.42816608180298,0.287600097271993,0.00627361882482287,0.996646670950297,1.00466102009748,0.992022832590437,0.599067707190253,0.0603280142770961,0.340604278532652,1.05404613182678,1.0512004309059,0.484828384833531,0.534040353283373,-0.0188687381169034,-0.00029301197426852,0.964675403405381,0.0192445022093966,0.994971766065275,0.274393368960285,0,0.462205049464635,0.67,0.1,1.025,0.5,0.6,0.25,0.005,0.975,0.8,0.1,1.22724504347355,0.714720684597012,0.462205049464635,0.289381176179469,0.376818885385785,0.521055685151742,-1.4753840436645,4.20512994719827,6.71458529500111
81,-0.000320870921319463,0.576528634708182,0.100344690116605,-0.00840178899676625,-0.00485936696202627,0.00909290441949295,0.0209419040596111,0.0118076218557483,0.0105427001908567,6.15947769622475,12.1111232517511,1.26069046262971,4.40813393007136,0.453824347189856,4.72238132214612,2.31148795158258,2.49883549274507,-0.0879421221815339,8.4898477301791,18.9372709179344,1.64390387336533,0.177793576864598,0.223604134407624,0.017331185727301,1.09434278283902,3.77431751667054,0.733209664502142,0.396060712641458,0.65660566970341,0.273585695709754,0.158911494492834,0.428783773461403,0.29145813577217,0.00625985706863001,0.996287217637674,1.00467752472407,0.991648756063589,0.596347968087863,0.0598403520594434,0.343811679852694,1.05364071747471,1.05087140101737,0.48947507494632,0.529147335270564,-0.0186224102168839,-0.000292379580348362,0.965121957418248,0.019294546292742,0.994872881032944,0.276138013884866,0,0.462205049464635,0.67,0.1,1.025,0.5,0.6,0.25,0.005,0.975,0.8,0.1,1.22949972790737,0.719016071835141,0.462205049464635,0.289623725978162,0.374955808308681,0.517124889243943,-1.46961237952235,4.1902305809096,6.72312224114357
82,-0.000273614803764645,0.584579190493098,0.100142785442791,-0.00693325132142486,-0.00493106197667914,0.00896392521584599,0.0203667706584771,0.0115155237032951,0.0102892188529907,6.38363592769606,12.4198261490791,1.29120162889298,4.40575457494311,0.453003619020312,4.72670605125916,2.33563131032663,2.47804197127492,-0.0869672303423913,8.73682837050032,19.2231984656067,1.67446697480402,0.177940980023552,0.221365198192006,0.0172289572331265,1.091207092319,3.77679842420493,0.73110875185373,0.395887521107272,0.6547242553914,0.27280177307975,0.16037984754592,0.429319323971376,0.295183371662829,0.00627478940183965,0.995936104133433,1.00472501712222,0.991252419478956,0.593569748767885,0.0594417279961939,0.346988523235922,1.05320183916354,1.05051432970215,0.494135087944476,0.524264031738301,-0.0183991196827769,-0.00029212671854671,0.965600944619654,0.019373223067972,0.994782282452315,0.277803824535283,0,0.462205049464635,0.67,0.1,1.025,0.5,0.6,0.25,0.005,0.975,0.8,0.1,1.23171498104704,0.723283699788516,0.462205049464635,0.289846170592983,0.372938814101477,0.512815174300644,-1.46306699475426,4.17481176629834,6.73114859403753
83,-0.000219094345667277,0.592683159457806,0.100085204703858,-0.00554357079188128,-0.0049714429114418,0.00882254886380873,0.0198231998037592,0.0112386179602232,0.0100487372676405,6.60844708354861,12.7202652677878,1.3225890216965,4.40132775708491,0.452603107521714,4.73007799291127,2.35939544697802,2.45676585240839,-0.0860833064751502,8.98410599651475,19.498356857553,1.70625452627967,0.178093728671295,0.219134584396207,0.0171457035365991,1.08794542773835,3.77855098058552,0.728923436584698,0.3956022515832,0.652767256643013,0.271986356934589,0.161830262683176,0.429786832460337,0.298759755682733,0.00627553505111975,0.995592123066213,1.0047798101826,0.990856019375308,0.590748280255843,0.0591251625578583,0.350126557186299,1.05277888413968,1.05016861789165,0.498806880248897,0.519392250210306,-0.0181991304592024,-0.000292732434653762,0.966056743295341,0.01947340846816,0.994700340720873,0.27938915695754,0,0.462205049464635,0.67,0.1,1.025,0.5,0.6,0.25,0.005,0.975,0.8,0.1,1.23389853334658,0.727529553322108,0.462205049464635,0.289989960193696,0.370944091959613,0.508655299108124,-1.45595044057446,4.15873551310959,6.73869319122403
84,-0.000186045265888347,0.600774580836089,0.100154511816516,-0.00429392856409416,-0.00498295905922841,0.00860119974189111,0.0193951956896656,0.0110204345680082,0.00985926509102598,6.80434481076964,12.9496967430069,1.34801824241452,4.3902432682651,0.452028842326104,4.73222600337878,2.38256986738182,2.43494253823593,-0.0852864022389716,9.20213940372684,19.6954559514797,1.73183530598404,0.178477295039869,0.217052484576028,0.0170746234823913,1.08459962446784,3.7793367710913,0.726681748393451,0.394930120716878,0.650759774680703,0.271149906116959,0.163252569464489,0.430202665789289,0.302129457606779,0.00621066698340622,0.995258060562612,1.00481302450778,0.990490804047996,0.587913984374561,0.0588822380951369,0.353203777530302,1.05243385820677,1.04988394195794,0.50347761617486,0.514544854049117,-0.018022470223977,-0.000295472447693597,0.966420146339142,0.0195872822214505,0.994627751522536,0.280892446619936,0,0.462205049464635,0.67,0.1,1.025,0.5,0.6,0.25,0.005,0.975,0.8,0.1,1.23603412694208,0.731744229977707,0.462205049464635,0.289979186164825,0.369190885647897,0.505309700501594,-1.44842324269626,4.14166460222288,6.74559565597344
85,-0.000206411933861445,0.608737416103662,0.100333122861689,-0.00319460434401519,-0.00496909763669684,0.00821932180447926,0.019187355731643,0.0109158579181144,0.00976890148436066,6.92893449950552,13.0218006201738,1.35802846599977,4.36683737292924,0.450560541465303,4.73262389418229,2.40474433242173,2.41244769157106,-0.084568129810496,9.34842195387278,19.7225411038776,1.74102881674695,0.179371498075344,0.215288457390048,0.0170079390923695,1.08121668473912,3.77870738514333,0.724415178775211,0.393527953180788,0.648730010843473,0.27030417118478,0.164628376129812,0.430582140588661,0.305186498195493,0.00601917430792288,0.994941381829238,1.00479255600647,0.99019581293836,0.585113356763722,0.0587062503121896,0.356180392924089,1.05224217858936,1.04972055070067,0.508120735175647,0.509748449382733,-0.0178691845583801,-0.000302508492131881,0.966606376121578,0.0197109483247814,0.994565769380208,0.282312209957068,0,0.462205049464635,0.67,0.1,1.025,0.5,0.6,0.25,0.005,0.975,0.8,0.1,1.23807664002403,0.735895251084718,0.462205049464635,0.289712577484071,0.367943159904629,0.503597338985398,-1.44053025633178,4.12304327645906,6.75147868943545
86,-0.000293948819554003,0.616430586271118,0.100608371228034,-0.00220356442401104,-0.00493337542766237,0.00764218945183859,0.0192532829483106,0.0109535283174221,0.00980288358158551,6.9561382058201,12.8899328468532,1.34733970854844,4.32857629908253,0.447838476837306,4.73064284887661,2.42541960440397,2.38914237346181,-0.0839191289891662,9.39653671687481,19.5303736722727,1.7282004038296,0.180914180497956,0.213926501693477,0.0169413474330206,1.07782415072304,3.77614040271631,0.722142180984437,0.391228350491885,0.646694490433824,0.26945603768076,0.165935273847214,0.430937832166107,0.307807955726471,0.00567412209706639,0.994654903310768,1.00470458143635,0.989997380014717,0.582397968102301,0.0585941109772891,0.35900792092041,1.05223986822087,1.04970680399335,0.512704019704199,0.50503545707941,-0.0177394767836095,-0.000316389171124414,0.966573578686926,0.0198455340722498,0.994516313354115,0.283647045833933,0,0.462205049464635,0.67,0.1,1.025,0.5,0.6,0.25,0.005,0.975,0.8,0.1,1.23994625760368,0.739937046089437,0.462205049464635,0.289130548283034,0.367320137449208,0.503928102851145,-1.43221097802291,4.10225053024591,6.7558944052983
87,-0.00042382357090294,0.623751223412944,0.100973782921509,-0.00126402316941321,-0.00487832575439318,0.00693958992235033,0.0195194183869251,0.0110955564587813,0.0099281956820859,6.90970193830519,12.6139879531836,1.32213663577897,4.28014288838217,0.444332963387129,4.72591787320893,2.4442779768747,2.36497421291164,-0.0833343165774025,9.36971363399378,19.1833693272594,1.70001334780289,0.182891360763969,0.212850157755521,0.0168780652142023,1.07440873747962,3.77134656016939,0.719853854111348,0.388294471863542,0.644645242487774,0.268602184369906,0.167157641950082,0.431267969137852,0.309926070551765,0.00523149251364913,0.994413116379903,1.00457405731124,0.989885324175566,0.579802575092996,0.0585448593547724,0.361652565552232,1.05237053129857,1.04979717009251,0.517207036273569,0.500426430666226,-0.0176334669397944,-0.000338995001164994,0.966383523178114,0.0199945029333377,0.994481801373968,0.284895636928678,0,0.462205049464635,0.67,0.1,1.025,0.5,0.6,0.25,0.005,0.975,0.8,0.1,1.24154994309207,0.743818650803128,0.462205049464635,0.288292864654844,0.36710798968318,0.505710115687136,-1.42342671065977,4.07893016434484,6.75863580047432
88,-0.000559218566304668,0.630660365566256,0.101423225795716,-0.000375547123719677,-0.0048052434156981,0.00621828934123858,0.0198606394311904,0.0112768733029687,0.0100879554064779,6.83449842468741,12.2934333382194,1.2929299222135,4.22870991364234,0.440800489445381,4.71849305321665,2.46128676782835,2.34001993166492,-0.0828136462766237,9.31244511923238,18.7880488799391,1.66774086083062,0.184951114806868,0.211870446959502,0.0168240954483627,1.07094721547672,3.76436881591555,0.717534634369402,0.385153818385755,0.642568329286031,0.26773680386918,0.168291188090252,0.431549883822366,0.311555908015074,0.00478129484175728,0.99422444152875,1.00443798534086,0.98983158347138,0.577339341465432,0.0585556183901984,0.364105040144371,1.05254415361582,1.04992004492335,0.521625599544001,0.495925267934796,-0.0175508674787961,-0.000370358834705404,0.966138207633007,0.0201568361705546,0.99446467529036,0.286056751032635,0,0.462205049464635,0.67,0.1,1.025,0.5,0.6,0.25,0.005,0.975,0.8,0.1,1.24282996642515,0.747480472622885,0.462205049464635,0.287318209778806,0.36697732467308,0.507960875063783,-1.41427327647326,4.05311012709677,6.75982613932626
89,-0.000674912366054829,0.637170074058642,0.101945057623464,0.000405476225576518,-0.00471535484085683,0.00555802408175321,0.0201777398119219,0.0114459465368791,0.0102371089403665,6.76475139466566,11.9998045890431,1.26726196843586,4.1795327393989,0.437770339707958,4.7087223115304,2.47663142434633,2.31445007785384,-0.0823591906697721,9.25886494199405,18.4212167425528,1.63945641136576,0.18682296777869,0.210848262027968,0.0167832938917115,1.06743242307267,3.7554909516651,0.715179723458692,0.382137682262347,0.640459453843605,0.266858105768169,0.169340844796636,0.431760797687708,0.312771906021696,0.00439039247943431,0.994088836041432,1.00432171307211,0.989811156228634,0.575005059632125,0.0586189239379801,0.366376016429895,1.05269295103972,1.05002231483452,0.52596676136151,0.491524011128534,-0.0174907724900439,-0.000408281135645291,0.96591703605557,0.0203257698659246,0.994466816939935,0.287129242266367,0,0.462205049464635,0.67,0.1,1.025,0.5,0.6,0.25,0.005,0.975,0.8,0.1,1.24377987893923,0.750881736525829,0.462205049464635,0.286311872757482,0.366689402981713,0.509921390595277,-1.40499321954305,4.02509515191844,6.75980772016563
90,-0.000770596324666866,0.643303716783616,0.102521237915866,0.00101482159419808,-0.00461098847530728,0.00497100668992023,0.020450232378905,0.0115920930707309,0.0103662926965439,6.70702364792676,11.7448460833733,1.24619024587394,4.13352537083137,0.435262973575547,4.69701801582831,2.49053615873239,2.28845270709782,-0.0819708500018974,9.2157093213034,18.095678865065,1.61623675269485,0.188463397165162,0.209766793598133,0.0167543832472568,1.06388633947626,3.74503189331449,0.712803847449091,0.379312056606731,0.638331803685753,0.265971584869064,0.170313882520907,0.431891757613526,0.313654318828068,0.00406715489154622,0.994000209757623,1.00422555069371,0.989817684952327,0.57279511173681,0.0587236639274145,0.368481224335776,1.05280594548926,1.05009601973904,0.530237727498514,0.487213951359362,-0.0174516788578768,-0.000449030901638533,0.965735014577555,0.0204924675705908,0.994489136243606,0.28811205221051,0,0.462205049464635,0.67,0.1,1.025,0.5,0.6,0.25,0.005,0.975,0.8,0.1,1.24443074468243,0.754007408170714,0.462205049464635,0.285308887878082,0.366216102930916,0.511459973313121,-1.39587424420959,3.99523784370096,6.75892282767411
91,-0.000874558461930365,0.649048013683456,0.103127462159068,0.00139082114942712,-0.00449575241682687,0.00439347333141105,0.0207512589374197,0.0117528740797818,0.0105082344909333,6.63864727334479,11.4818259843468,1.22429009599355,4.08697385282999,0.432744154957987,4.68358013039675,2.50306269092852,2.26216036590251,-0.0816429264342772,9.16059189181597,17.7612157172715,1.59212171281409,0.1900938143688,0.20874533183283,0.0167303882968315,1.06036143742085,3.73313126669325,0.710442163071969,0.376435735751801,0.63621686245251,0.265090359355212,0.171211886826138,0.431952345431339,0.314232001250989,0.00375428367775542,0.99395161767969,1.00412106874576,0.98987228593981,0.570719093941865,0.058856811763947,0.370424094294189,1.05293647185441,1.05018349255932,0.534433621554476,0.48299811317862,-0.0174317347330964,-0.00048847586238091,0.965531580654971,0.020646836289132,0.994531447779808,0.289004210950305,0,0.462205049464635,0.67,0.1,1.025,0.5,0.6,0.25,0.005,0.975,0.8,0.1,1.24481933513922,0.756856306397451,0.462205049464635,0.284255769135625,0.365758451134094,0.513178859844437,-1.3871449028146,3.96370191555732,6.75728908967946
92,-0.00100891816992974,0.654364168282568,0.1037343210326,0.001484302026731,-0.00437450756818647,0.00378035760202788,0.0211347173400618,0.0119557799741496,0.010686850874739,6.54474200390853,11.1819086097616,1.19798041671146,4.03738309271478,0.429795359140613,4.66845616925915,2.51416268900094,2.23565910326387,-0.0813656230056653,9.07874878641481,17.3866649351661,1.56311492899262,0.19187678940211,0.207871140449029,0.0167047761462209,1.0569029244259,3.71982317894218,0.708124959365351,0.37334422863445,0.634141754655538,0.264225731106474,0.172032695896771,0.431967948342118,0.31449123566143,0.00340324251508909,0.993940783332975,1.00398603723922,0.989994627879618,0.56879634791651,0.0590037029569415,0.372199949126549,1.05312266831866,1.05031468292197,0.538542635476841,0.478886171832402,-0.0174288073092432,-0.000522983827476019,0.9652624059668,0.0207785647329078,0.994592589708544,0.289804838032788,0,0.462205049464635,0.67,0.1,1.025,0.5,0.6,0.25,0.005,0.975,0.8,0.1,1.24495342130659,0.75944219741285,0.462205049464635,0.2831140302908,0.365457937995658,0.515520729791586,-1.37899180776913,3.93050889207191,6.75487112478383
93,-0.00118280598700374,0.659207903085831,0.10431158466629,0.00128802404008521,-0.00425313579348008,0.00311758218769564,0.0216185574225133,0.012209636277085,0.0109097458192434,6.42277044170236,10.8416622274676,1.16647533194749,3.9842251812965,0.426223889212806,4.65165556023552,2.52376006872225,2.2090224970069,-0.0811270054936209,8.96762423044085,16.9681680071969,1.52824497994736,0.193867099368942,0.207175159655684,0.0166727642806823,1.05354331999532,3.70512765389832,0.705874024396864,0.369997906099053,0.632125991997191,0.26338582999883,0.172773379352694,0.431956966167117,0.314401914340017,0.00299438721296653,0.993968521076029,1.00381127998306,0.990194612171325,0.567047887446175,0.0591496637211828,0.373802448832643,1.05337688102002,1.05049910829189,0.542550933972089,0.47488952447181,-0.0174404584438994,-0.000549826620838462,0.96491255628352,0.0208804765057918,0.99467065463167,0.290513143335689,0,0.462205049464635,0.67,0.1,1.025,0.5,0.6,0.25,0.005,0.975,0.8,0.1,1.24482259792188,0.761764527705993,0.462205049464635,0.281874202350054,0.365357431430955,0.518635177416236,-1.37155480504562,3.89565422235452,6.75158784166277
94,-0.00138326700697102,0.663565862284421,0.104831274030347,0.000823789389368557,-0.00413768306674189,0.00244586565027527,0.0221530897547198,0.0124885387488191,0.011154244758844,6.28972112389882,10.4951647770932,1.13326667136232,3.93017146855192,0.422230409983469,4.6333358686286,2.53189628930019,2.18235545975942,-0.0809158804310117,8.84410581518236,16.542517487645,1.49121457325275,0.195924269923828,0.206591870647127,0.0166333723379727,1.05029225441636,3.68920188561032,0.703695810458964,0.366581049145507,0.630175352649818,0.262573063604091,0.173435867940482,0.431929722052269,0.313958630368463,0.0025557953929658,0.994036384201368,1.00360981665799,0.990461001578775,0.565483838140532,0.0592803911958426,0.375235770663626,1.05366569273628,1.05071072165295,0.546452137528635,0.47101171200122,-0.0174638495298554,-0.000567166635127482,0.964521563039563,0.0209482477098944,0.994763220894822,0.291128427847188,0,0.462205049464635,0.67,0.1,1.025,0.5,0.6,0.25,0.005,0.975,0.8,0.1,1.24441365605233,0.763823283566466,0.462205049464635,0.280588100085602,0.36533647243829,0.522136441249524,-1.36496873247163,3.85927114545946,6.74748114984451
95,-0.00160183539368349,0.667445629786945,0.105269506566258,0.000129752975510211,-0.00403374519393063,0.00178951626154045,0.0227065196122358,0.012775938742715,0.0114058619011455,6.15568047981407,10.1614161644971,1.10030500678857,3.87687611488707,0.417924830217117,4.61374425694007,2.53868049506461,2.15578506446955,-0.0807213025940863,8.71829819007627,16.1304444803891,1.45409372664907,0.19796220883829,0.206081570574145,0.0165851922374705,1.04716364219222,3.67227155564696,0.70159964026879,0.363208098044514,0.628298185315335,0.261790910548056,0.174024993640695,0.431885206230043,0.31317451597778,0.00210941266515579,0.99414264228123,1.00339015542935,0.990783731434797,0.564106426065263,0.0593832051227456,0.376510368811992,1.05396879497945,1.05093394789959,0.550243003011249,0.467252830762516,-0.017495833773765,-0.000573750715407849,0.96411428095945,0.0209798569758014,0.99486749575303,0.291650084355758,0,0.462205049464635,0.67,0.1,1.025,0.5,0.6,0.25,0.005,0.975,0.8,0.1,1.24373630196445,0.765609442251022,0.462205049464635,0.279290957825344,0.365323919480228,0.525781559384202,-1.35932882752345,3.82159281450934,6.74265758755844
96,-0.00183676995210605,0.670861929350736,0.105607259840888,-0.000750296997827915,-0.00394609868674833,0.00115217202880813,0.0232715744001619,0.0130679511596962,0.011661168582062,6.02309670714487,9.84394189757532,1.06790132205885,3.82477867101165,0.413301050416274,4.59313286712579,2.54422943943234,2.12943563479548,-0.080532207102031,8.59274691381944,15.7360234794489,1.41719635462525,0.199966868647223,0.205637788054408,0.0165261892521601,1.04417554427885,3.65456296263,0.699597614666829,0.359910050040859,0.626505326567309,0.261043886069712,0.174546101404999,0.431827102678916,0.312064577928483,0.0016593160021997,0.994283629657258,1.00315404619813,0.991157473197169,0.562914350602977,0.0594478420922933,0.37763780730473,1.05428232586722,1.05116596957108,0.553920279063192,0.463612896959836,-0.0175331760230273,-0.000568553787714022,0.963695937566714,0.0209749179185122,0.994980363100372,0.292077598049404,0,0.462205049464635,0.67,0.1,1.025,0.5,0.6,0.25,0.005,0.975,0.8,0.1,1.24281360728757,0.767127542966981,0.462205049464635,0.277994771054988,0.365309194612174,0.529520256656566,-1.35466998073713,3.78287679558087,6.73722119506777
97,-0.00207444135998026,0.673854692426434,0.105831915595204,-0.00175952310381,-0.00387854803182242,0.000565221050805143,0.023806475264511,0.0133433423244008,0.0119016951571139,5.9021758709238,9.56057106135616,1.03806815221078,3.77572738484387,0.408551404341263,4.57183481525146,2.54873772217918,2.10343633786655,-0.0803392447942676,8.47773074742143,15.3790142002347,1.38273724292207,0.201824956277012,0.205207569457944,0.0164569311642939,1.04132991006386,3.63637674085903,0.697691039742789,0.356830563016795,0.624797946038319,0.260332477515966,0.175007801958551,0.431762886452931,0.310660128354107,0.00122791531954235,0.994455274879435,1.00291518643322,0.991564678979614,0.561896681973483,0.0594666022198426,0.378636715806675,1.05457943528795,1.05138627937392,0.557486835198968,0.460085812982393,-0.0175726481813611,-0.000550502687688121,0.963299728844093,0.0209356335545575,0.995098361320829,0.292410547023726,0,0.462205049464635,0.67,0.1,1.025,0.5,0.6,0.25,0.005,0.975,0.8,0.1,1.24167139996693,0.768402626861048,0.462205049464635,0.276742415910264,0.365205163228972,0.533030601237467,-1.3509977331017,3.74345748132717,6.73135386976184
98,-0.00228192314684766,0.676520472773786,0.105938291190018,-0.00283233299658414,-0.00383361688095929,0.000107233864250045,0.0242091934585865,0.0135507628513382,0.0120828935886024,5.81536051737635,9.35108332745789,1.01538451951168,3.73384142551519,0.404171652061002,4.55040420450464,2.55259651202277,2.07794474786513,-0.0801370553832674,8.39578538399046,15.1033601013284,1.35580112549397,0.203255233969398,0.204662122954882,0.0163820093045566,1.03860469219124,3.6182027676357,0.69586514376813,0.354298004949785,0.623162815314743,0.25965117304781,0.175426879378061,0.431693621303435,0.309038621554196,0.000874304425543707,0.994651025951271,1.00270666723742,0.991966103797493,0.561022796272838,0.0594337963557899,0.379543407371372,1.05479452525393,1.05154492473507,0.560960388859668,0.456650586286438,-0.0176109751461068,-0.000518156460736192,0.963007247352352,0.0208666318924087,0.995217571652671,0.292648602698283,0,0.462205049464635,0.67,0.1,1.025,0.5,0.6,0.25,0.005,0.975,0.8,0.1,1.24035092404643,0.769476078639579,0.462205049464635,0.275634576773265,0.364801794712367,0.535525660627583,-1.34834152110259,3.70385082686476,6.72544025912992
99,-0.00241625464975624,0.679027925860191,0.105928829007125,-0.00390131912525404,-0.00381234176199652,-0.000120075350536597,0.0243448456470989,0.0136226606375203,0.0121462352812662,5.79074221302687,9.26423863403779,1.0054921161515,3.70421628881074,0.40080198342372,4.52967229849584,2.55644453987132,2.05315268510858,-0.079924926484062,8.37525029103954,14.9629607300642,1.34267765785331,0.203894204741119,0.203835386725458,0.0163084847621529,1.0359624375709,3.60075519891418,0.694094833172506,0.352725549213204,0.621577462542543,0.258990609392726,0.175830666599768,0.431612568554157,0.307339637039119,0.000678483656485353,0.994858769782209,1.00257166407699,0.992306889800355,0.560237662494146,0.0593453195536935,0.380417017952162,1.05484176644155,1.05157673395651,0.564377370241194,0.453267377810159,-0.0176447480513531,-0.000470280920240321,0.962926127970557,0.0207743591564872,0.995333658455054,0.292791530140864,0,0.462205049464635,0.67,0.1,1.025,0.5,0.6,0.25,0.005,0.975,0.8,0.1,1.23892926098977,0.770409769726375,0.462205049464635,0.274806587693871,0.363837350416597,0.535975508768535,-1.34677725362569,3.66478875405853,6.72011087630365
100,-0.00243995406904606,0.681606276496759,0.105812901228315,-0.00490445301996345,-0.00381423419857507,-3.15971293555206e-05,0.0240938809578686,0.0134988606528267,0.0120395175565468,5.85516078444107,9.34520258900418,1.01361126300224,3.69117642488914,0.399007513157459,4.51067578901319,2.56111561166333,2.02926575409071,-0.079705576740849,8.44345690345653,15.0073858343928,1.34915639698667,0.203435672715505,0.202582656228246,0.0162431975678186,1.03336441998515,3.58490051912303,0.692354161390053,0.352456609903754,0.620018651991092,0.258341104996288,0.176255165363369,0.431512571570625,0.305756617899064,0.000712474537946807,0.995059901341883,1.00254784616061,0.992531084828119,0.559465855833965,0.059198705343974,0.381335438822062,1.05464513671236,1.05142360016973,0.567789779510294,0.449880649591198,-0.0176704291014919,-0.000407295964406084,0.963151065839432,0.0206662428360997,0.995442313223227,0.292839188299341,0,0.462205049464635,0.67,0.1,1.025,0.5,0.6,0.25,0.005,0.975,0.8,0.1,1.23752710584634,0.771293845854799,0.462205049464635,0.274384337857349,0.362100124816852,0.533482210160993,-1.34640743032673,3.62714852556247,6.71617518574871
101,-0.00248974724307451,0.684115048291252,0.105722264525114,-0.00469070787967807,-0.00383741975433705,-0.000170868153764325,0.0241354716773812,0.0135244199144463,0.0120629843343081,5.85090996303881,9.29498459745133,1.00702913673394,3.6684962873894,0.396139425548045,4.49240279542287,2.56579615214761,2.00607198772239,-0.0794653444471299,8.44383723190458,14.911857032514,1.33986600492314,0.203796016634353,0.201674253975906,0.0161627870882791,1.03094341820292,3.5696887953819,0.690732090195954,0.351317189707966,0.61856605092175,0.257735854550729,0.176664899916187,0.431361996170926,0.304147949119213,0.000606204667751252,0.99523580006913,1.00249780402071,0.992756089916153,0.558709997182073,0.0590680861149085,0.382221916703019,1.05461855002809,1.05139564436059,0.57114116186896,0.446547667039336,-0.0176888289082962,-0.000348888422067532,0.963151065839432,0.0206662428360997,0.995539877967287,0.292839188299341,0,0.462205049464635,0.67,0.1,1.025,0.5,0.6,0.25,0.005,0.975,0.8,0.1,1.23629806819236,0.772067796077673,0.462205049464635,0.273629774576353,0.360964104800481,0.533187679011874,-1.34531774556808,3.59054249582122,6.71284413588767
102,-0.00253803376659448,0.686553176021873,0.105651398398366,-0.00452326736540332,-0.00385554709497737,-0.00030537315800927,0.0241763071849029,0.0135495371432882,0.0120860525097832,5.84659278246062,9.24615084555273,1.00080057207656,3.64650894223898,0.393433272729277,4.47481935372414,2.57051580630228,1.98351789285539,-0.079214345433524,8.44419778974634,14.8190834979114,1.33110733604949,0.204149537293512,0.200791752068062,0.0160878366771764,1.02860289841906,3.55502225061797,0.689163941940768,0.350151946899213,0.617161739051434,0.257150724604764,0.177060336310069,0.431278007137032,0.302635364054738,0.000620090766164957,0.995420133344076,1.00244927606457,0.992988031526052,0.557972016293671,0.058950523788582,0.383077459917748,1.05459228874148,1.05136797818422,0.574440128889917,0.443262115415907,-0.0177022443058237,-0.000348989889835167,0.963151065839432,0.0206662428360997,0.995637882220454,0.292839188299341,0,0.462205049464635,0.67,0.1,1.025,0.5,0.6,0.25,0.005,0.975,0.8,0.1,1.23512276927173,0.772938417237832,0.462205049464635,0.272904049756593,0.359859896562234,0.53291973204935,-1.34374285998909,3.55486984101981,6.71017242010064
103,-0.00258481091443365,0.688920352327402,0.105595988497225,-0.00439215051204267,-0.00386972032032684,-0.000435148785837836,0.0242160783112127,0.0135740089215152,0.0121085305123902,5.84228989875584,9.19887703749899,0.994903124353549,3.6252506278699,0.390869082104274,4.45788894576636,2.57526651971583,1.96158131209918,-0.078958886048662,8.44460982246117,14.7291958167633,1.32283086100784,0.20449534657909,0.199934258756258,0.0160175405986784,1.02633543634988,3.54087468721613,0.687644742354418,0.349022336945109,0.615801261809926,0.256583859087469,0.177441942589588,0.431197322893405,0.301212996740303,0.000631755861820542,0.995598507211869,1.00240226503099,0.993212547440807,0.557253214835856,0.0588437040638487,0.383903081100295,1.05456670110446,1.05134101672934,0.577687454993481,0.440024714825396,-0.0177121698188775,-0.000349661478547606,0.963151065839432,0.0206662428360997,0.995736475548713,0.292839188299341,0,0.462205049464635,0.67,0.1,1.025,0.5,0.6,0.25,0.005,0.975,0.8,0.1,1.23398972683714,0.773790642052048,0.462205049464635,0.272204832335137,0.358785294428764,0.532674408324598,-1.34184085289715,3.5200897184182,6.70811630981165
104,-0.00263008910050906,0.691216847554787,0.105552662649921,-0.00428950824544982,-0.00388080230055499,-0.00056026898245054,0.0242548235233501,0.013597857975483,0.0121304389415761,5.83799961446964,9.1531185455302,0.989297308602508,3.6047026367984,0.388430741290662,4.4415814611348,2.58004090369897,1.94024389366669,-0.0787033362308604,8.44506387902081,14.6421094666296,1.31497595130514,0.204833544852067,0.199101343244168,0.0159512376428315,1.02413976599912,3.52722130284287,0.686173643219413,0.347926919622321,0.614483859599474,0.256034941499781,0.177810183999867,0.431116690609584,0.299876298692449,0.000642282498219264,0.995771239408646,1.00235676045399,0.993429962958139,0.556554412973131,0.0587458001988778,0.384699786827992,1.05454176597073,1.0513147385619,0.580883391710959,0.436836273438385,-0.0177196651493447,-0.000350503360264007,0.963151065839432,0.0206662428360997,0.995835696633266,0.292839188299341,0,0.462205049464635,0.67,0.1,1.025,0.5,0.6,0.25,0.005,0.975,0.8,0.1,1.23289588084272,0.774617325027656,0.462205049464635,0.27152983853876,0.357739222981924,0.532450372642531,-1.33972702668818,3.48617107050117,6.70663460713734
105,-0.00267388846640371,0.693443368874099,0.105518784837136,-0.00420917561651724,-0.00388946747001584,-0.000680834253225626,0.0242925767131838,0.0136211043444171,0.0121517959679747,5.83372209062008,9.10883023001599,0.983951284591491,3.58484232460817,0.386105192982515,4.42586897542002,2.58483229557494,1.91948734891789,-0.0784506690728171,8.44555312231218,14.5577394764321,1.30749421309315,0.205164255580791,0.198292502695249,0.0158884045919586,1.02201427756938,3.51403972130841,0.684749565971487,0.346865406098982,0.61320856654163,0.255503569392346,0.178165519463632,0.431036636166316,0.298620687569974,0.000651420791686888,0.995938639184589,1.00231274209126,0.99364060473443,0.55587606328294,0.0586553667176669,0.385468569999394,1.05451746415791,1.05128912411927,0.584028201000614,0.433697282854359,-0.0177254838549726,-0.000351281581630644,0.963151065839432,0.0206662428360997,0.995935518557158,0.292839188299341,0,0.462205049464635,0.67,0.1,1.025,0.5,0.6,0.25,0.005,0.975,0.8,0.1,1.2318385539529,0.775418595326201,0.462205049464635,0.270877252689191,0.356720707713436,0.532246391920135,-1.33748493041452,3.4530850952308,6.70568885961054
106,-0.00271623624629571,0.695600950185988,0.105492294322553,-0.0041463151040152,-0.00389624303257274,-0.000796963484735125,0.0243293678843689,0.0136437657645657,0.0121726176736339,5.82945885851914,9.06596711424465,0.978839205825442,3.56564731746208,0.383881766432869,4.41072552353374,2.58963463133495,1.89929374648889,-0.0782028542901011,8.44607270752427,14.4760015108013,1.30034674303039,0.20548761670428,0.197507184962473,0.0158286250621788,1.01995722873592,3.50130953059528,0.683371343253069,0.345837279529996,0.611974337241554,0.254989307183981,0.178508399034105,0.430957490896267,0.297441655696905,0.00065904950687922,0.99610097113821,1.00227018257247,0.993844762079594,0.555218339222003,0.0585712564544867,0.386210404323511,1.05449377836461,1.05126415571084,0.587122145216406,0.430608011391399,-0.0177301566078052,-0.00035183421386416,0.963151065839432,0.0206662428360997,0.99603586829095,0.292839188299341,0,0.462205049464635,0.67,0.1,1.025,0.5,0.6,0.25,0.005,0.975,0.8,0.1,1.23081550982383,0.776194625523616,0.462205049464635,0.270245612273635,0.355728856577809,0.532061317882448,-1.3351746065217,3.42080513613845,6.70524305493783
107,-0.00275716473562563,0.697690866184831,0.105471580002146,-0.00409713364550934,-0.00390154113548935,-0.000908787739958061,0.024365224021488,0.0136658581886761,0.0121929185245281,5.82521237434913,9.02448469309244,0.973939914408672,3.54709556739487,0.381751661432496,4.39612684333233,2.59444235101888,1.87964563858377,-0.0779611462703263,8.44661923841602,14.3968124622204,1.29350199503481,0.205803775144388,0.196744806171585,0.0157715654639683,1.01796678862474,3.48901195129826,0.682037748378578,0.344841884291824,0.610780073174846,0.254491697156186,0.178839262096381,0.430879505356293,0.296334818859225,0.000665113914374763,0.996258465012208,1.0022290494407,0.99404269469956,0.554581203770427,0.0584925558011588,0.386926240428415,1.05447069274555,1.05123981709192,0.590165489641414,0.427568563320581,-0.0177340529619952,-0.000352053517582706,0.963151065839432,0.0206662428360997,0.996136641520554,0.292839188299341,0,0.462205049464635,0.67,0.1,1.025,0.5,0.6,0.25,0.005,0.975,0.8,0.1,1.22982485475817,0.776945742890087,0.462205049464635,0.269633720871808,0.354762845970937,0.531894076029884,-1.33283877243028,3.3893064276334,6.70526338080934
108,-0.00279670972908676,0.699714565374606,0.105455382236887,-0.00405865887588586,-0.00390568399957092,-0.00101644557331326,0.0244001697628471,0.0136873961879687,0.0122127117361399,5.82098568343916,8.98433916069638,0.969235928304473,3.52916545989028,0.379707547885062,4.38205016942303,2.59925032580973,1.86052613771835,-0.0777262941050531,8.447190355851,14.3200908676798,1.28693413854314,0.20611288274327,0.196004763933416,0.0157169564586581,1.01604107432722,3.47712957498577,0.680747519799239,0.34387846653163,0.609624644596333,0.254010268581805,0.179158536141163,0.430802865240631,0.295295949840925,0.000669608406355382,0.996411322844579,1.00218930672227,0.994234638267509,0.553964462638628,0.0584185341532085,0.387617003208165,1.05444819258486,1.05121609313658,0.593158504653419,0.424578922143976,-0.0177374267973953,-0.000351872327913193,0.963151065839432,0.0206662428360997,0.996237713885682,0.292839188299341,0,0.462205049464635,0.67,0.1,1.025,0.5,0.6,0.25,0.005,0.975,0.8,0.1,1.22886496465264,0.777672385677311,0.462205049464635,0.269040582521957,0.353821909441288,0.531743656850315,-1.33050743623947,3.35856587055485,6.70571802654859
109,-0.00283490932327509,0.701673617955407,0.10544271614219,-0.00402856262303863,-0.00390892355262251,-0.00112007951450876,0.0244342279197596,0.0137083932622132,0.0122320095554045,5.81678216927725,8.9454875759068,0.96471265497488,3.51183588803037,0.377743254861289,4.36847406469241,2.60405380168556,1.84191895705682,-0.0774986940499713,8.44778442827934,14.2457571941276,1.28062179443728,0.20641509329106,0.195286447219398,0.015664578651085,1.01417817864707,3.46564615766191,0.679499379693537,0.342946205870512,0.608506907188242,0.253544544661767,0.179466635974523,0.430727705607786,0.294320999842259,0.00067256255841007,0.996559724583801,1.00215091613011,0.994420808825982,0.553367805454186,0.0583486044327326,0.388283590113082,1.05442626404567,1.05119296958736,0.596101467726113,0.421638981890937,-0.0177404496170508,-0.000351253605162268,0.963151065839432,0.0206662428360997,0.996338949436146,0.292839188299341,0,0.462205049464635,0.67,0.1,1.025,0.5,0.6,0.25,0.005,0.975,0.8,0.1,1.22793442805337,0.778375072352211,0.462205049464635,0.268465352400056,0.352905328598062,0.531609108772648,-1.32820133066449,3.32856183338139,6.70657701739897
110,-0.00287180300251027,0.703569675376176,0.105432811634866,-0.00400502194735652,-0.00391145677156191,-0.00121983345011689,0.024467419876063,0.0137288620780877,0.0122508234773798,5.81260536778389,8.90788797987844,0.960357780363981,3.49508630296461,0.375853528912426,4.35537828164641,2.60884835561818,1.82380842564203,-0.07727849961379,8.44840032052656,14.173734026097,1.27454706120992,0.206710560382702,0.194589243692632,0.0156142515473018,1.01237619112156,3.45454645605888,0.678292048051444,0.342044239568918,0.607425714672935,0.25309404778039,0.17976396325821,0.430654121970775,0.293406110914603,0.000674030581208599,0.996703832484647,1.00211383798248,0.99460140625468,0.552790837591533,0.058282292253268,0.388926870155199,1.05440489397898,1.05117043286472,0.598994665196499,0.418748569630642,-0.0177432348271409,-0.000350182431593543,0.963151065839432,0.0206662428360997,0.996440206935611,0.292839188299341,0,0.462205049464635,0.67,0.1,1.025,0.5,0.6,0.25,0.005,0.975,0.8,0.1,1.22703200184488,0.779054377686689,0.462205049464635,0.267907299861327,0.352012425785568,0.531489532467159,-1.32593445841103,3.29927397781812,6.70781207422652
111,-0.00290743094438726,0.705404439037316,0.105425066571194,-0.00398660990213495,-0.00391343767302677,-0.00131585069355655,0.0244997658943378,0.0137488146516601,0.0122691644110548,5.80845883171606,8.87149947687196,0.956160793753161,3.47889674634149,0.37403384602078,4.34274364733545,2.61362986126682,1.80617948662695,-0.0770657005583235,8.44903722258682,14.1039461806586,1.26869476424481,0.206999435902965,0.193912545100952,0.015565825029193,1.01063321382847,3.44381609726015,0.677124253265075,0.341171680881515,0.606379928297082,0.252658303457117,0.180050906299019,0.43058217898234,0.292547621778217,0.000674083354430442,0.996843794547909,1.00207803190089,0.994776617003515,0.552233104719575,0.0582192118278782,0.389547683452547,1.05438406977862,1.05114846992272,0.601838393770016,0.415907461572934,-0.0177458553429497,-0.000348659897702494,0.963151065839432,0.0206662428360997,0.996541344503522,0.292839188299341,0,0.462205049464635,0.67,0.1,1.025,0.5,0.6,0.25,0.005,0.975,0.8,0.1,1.22615657677552,0.779710914290424,0.462205049464635,0.267365780821845,0.351142558176444,0.531384076188917,-1.32371597173393,3.27068310680892,6.70939649313868
112,-0.00294183349567679,0.707179636166691,0.105419010114077,-0.00397220975768797,-0.00391498668576129,-0.00140827258191678,0.0245312853495676,0.013768262487405,0.0122870428055967,5.80434603345509,8.83628228681664,0.952112617945447,3.46324786908099,0.372280265109678,4.33055196699617,2.61839446184581,1.78901768431834,-0.0768601791679781,8.44969452426164,14.0363207686386,1.26305187665665,0.207281868985054,0.19325575119601,0.0155191727694994,1.00894737315455,3.43344147428309,0.675994740013549,0.340327632921778,0.60536842389273,0.252236843288637,0.180327840024315,0.430511917240121,0.291742068820354,0.000672802440711407,0.996979747210762,1.00204345733684,0.994946616248021,0.551694111684282,0.0581590471395223,0.390146841176196,1.05436377927169,1.05112706814045,0.604632961756685,0.413115394515863,-0.0177483562725481,-0.000346698447140361,0.963151065839432,0.0206662428360997,0.996642222977562,0.292839188299341,0,0.462205049464635,0.67,0.1,1.025,0.5,0.6,0.25,0.005,0.975,0.8,0.1,1.22530715064148,0.780345318397182,0.462205049464635,0.266840217176689,0.35029511300386,0.531291931930426,-1.32155155471499,3.24277103276777,6.71130504082001
113,-0.00297505078014168,0.708897001316478,0.105414274094336,-0.00396094771013211,-0.00391619797718457,-0.00149723747496522,0.0245619969064799,0.013787216683483,0.0123044687458868,5.8002702970689,8.80219777624616,0.948205321134405,3.44812093985124,0.370589313771099,4.31878594259943,2.62313854840375,1.77230914416261,-0.0766617499669194,8.45037172470158,13.9707872163615,1.25760707208155,0.207558005324157,0.192618272533394,0.0154741871429608,1.00731682843905,3.42340966190062,0.674902275054165,0.339511199059651,0.604390097063431,0.251829207109763,0.180595126095231,0.430443358622268,0.290986183635387,0.00067027561584759,0.997111817450227,1.00201007396596,0.995111569590969,0.551173336986274,0.058101537218561,0.390725125795166,1.0543440106365,1.05110621524096,0.607378690045728,0.410372073938659,-0.0177507639843869,-0.000344318346720282,0.963151065839432,0.0206662428360997,0.996742708294214,0.292839188299341,0,0.462205049464635,0.67,0.1,1.025,0.5,0.6,0.25,0.005,0.975,0.8,0.1,1.22448280743118,0.78095823897408,0.462205049464635,0.266330081504581,0.349469503707489,0.531212332203502,-1.31944443532604,3.21552046376791,6.71351386237419
114,-0.00300712240836409,0.710558262261273,0.105410570620315,-0.00395214012852474,-0.00391714518113273,-0.00158288006022222,0.0245919186532736,0.0138056880108921,0.0123214520242765,5.79623475259132,8.76920847272381,0.944431892145866,3.43349784583277,0.368957898982128,4.30742910331899,2.62785874217792,1.75604054858053,-0.0764701874394563,8.45106836840391,13.9072772586404,1.25235037897968,0.207827986754916,0.191999532425258,0.0154307752911458,1.00573977820232,3.41370834826181,0.673845651395556,0.338721490644953,0.603443866921393,0.25143494455058,0.180853113120247,0.43037651047361,0.290276888135787,0.000666593558924038,0.997240124427373,1.00197784197959,0.995271634407742,0.550670243835185,0.0580464646262946,0.391283291538521,1.05432475234164,1.05108589923142,0.610075912834689,0.407677179695596,-0.0177530925302848,-0.000341545023456108,0.963151065839432,0.0206662428360997,0.996842673118954,0.292839188299341,0,0.462205049464635,0.67,0.1,1.025,0.5,0.6,0.25,0.005,0.975,0.8,0.1,1.22368270110712,0.781550329424412,0.462205049464635,0.265834885733175,0.348665166812107,0.531144547311844,-1.31739612277465,3.18891490549852,6.71600039921259
115,-0.00303808726632124,0.712165129339534,0.105407674571771,-0.00394525222201048,-0.00391788587593711,-0.00166533089003529,0.0246210682016615,0.0138236869724453,0.0123380021939796,5.79224230706006,8.73727806671972,0.940786064865739,3.41936108775478,0.367383237214076,4.29646574557936,2.63255188001305,1.74019911066945,-0.0762852451031389,8.45178400115585,13.8457249110667,1.24727291305369,0.208091951023287,0.191398968252972,0.0153888560770118,1.00421446451127,3.40432577886434,0.672823691222551,0.337957632670773,0.602528678706762,0.251053616127818,0.181102136940552,0.430311368892311,0.289611288008262,0.000661847428188122,0.997364780772446,1.00194672229735,0.995426960912258,0.550184288545725,0.0579936464415294,0.391822065012746,1.05430599310126,1.05106610835949,0.612724978133888,0.405030370010377,-0.0177553481442649,-0.000338407068779434,0.963151065839432,0.0206662428360997,0.996941997905907,0.292839188299341,0,0.462205049464635,0.67,0.1,1.025,0.5,0.6,0.25,0.005,0.975,0.8,0.1,1.22290604299333,0.782122241312509,0.462205049464635,0.26535417276317,0.347881559393285,0.531087883007604,-1.31540694169061,3.16293857694343,6.71874331509996
116,-0.00306798336461989,0.713719287486015,0.105405409912096,-0.0039398656686217,-0.00391846508564575,-0.00174471609363613,0.0246494627609896,0.0138412238462225,0.0123541286083383,5.78829562809764,8.70637140400949,0.937262180859114,3.40569377072605,0.36586279960034,4.28588088084356,2.6372150020811,1.72477254715182,-0.0761066683893593,8.45251814091321,13.7860664276376,1.24236666979581,0.208350031699728,0.190816032298295,0.0153483577257196,1.00273917591067,3.39525071020204,0.671835247860152,0.337218767852643,0.601643505546405,0.250684793977669,0.181342520965259,0.430247921312057,0.288986665095115,0.000656127111976953,0.997485893589541,1.00191667671856,0.995577693003846,0.549714926871312,0.0579429272016684,0.39234214592702,1.05428772184272,1.05104683108198,0.615326248069233,0.402431284280572,-0.0177575323498047,-0.000334934755355405,0.963151065839432,0.0206662428360997,0.997040571526537,0.292839188299341,0,0.462205049464635,0.67,0.1,1.025,0.5,0.6,0.25,0.005,0.975,0.8,0.1,1.22215209196498,0.782674619662961,0.462205049464635,0.264887510296127,0.347118157013343,0.531041678449919,-1.31347641662066,3.13757633791812,6.72172242890177
117,-0.00309684773432951,0.715222390364492,0.105403638985716,-0.00393565327116863,-0.00391891801758093,-0.00182115722033838,0.0246771191924767,0.0138583087171265,0.0123698404492628,5.78439713678763,8.67645447097438,0.93385508165733,3.39247959202831,0.364394268805348,4.27566018969383,2.64184534132782,1.70974905148987,-0.0759342031238626,8.45327025976903,13.7282402482389,1.23762436333365,0.208602358193406,0.190250192214066,0.0153092159948391,1.00131224925366,3.38647237100896,0.67087920699995,0.336504059492136,0.600787349552194,0.250328062313414,0.181574576539818,0.43018614853222,0.288400469132668,0.000649519992685908,0.99760356524245,1.001887668027,0.995723968942561,0.54926161873941,0.0578941733703188,0.392844207890271,1.0542699276836,1.05102805604294,0.617880099006885,0.399879545060856,-0.0177596440677404,-0.00033115894689017,0.963151065839432,0.0206662428360997,0.997138291575515,0.292839188299341,0,0.462205049464635,0.67,0.1,1.025,0.5,0.6,0.25,0.005,0.975,0.8,0.1,1.22142014681394,0.783208099483674,0.462205049464635,0.264434486298199,0.346374452033808,0.531005304402179,-1.31160354666697,3.11281362679929,6.72491865290714
118,-0.00312471635849135,0.716676056137057,0.105402254149479,-0.00393235911996959,-0.00391927220285682,-0.00189477118021264,0.0247040540482933,0.0138749514993701,0.0123851467474232,5.78054900734866,8.64749437464592,0.930560024103228,3.37970282676567,0.362975504992275,4.26578998106464,2.64644031421489,1.69511726776008,-0.0757676009103314,8.45403977406557,13.6721869393508,1.23303930093818,0.208849055836945,0.189700931226659,0.015271372753008,0.999932070690417,3.37798042948467,0.66995448736258,0.335812693410339,0.59995924241425,0.249983017672604,0.181798603334923,0.430126026315063,0.287850309165718,0.000642110099338028,0.997717893970005,1.00185966005972,0.995865921890233,0.548823831749988,0.0578472689974031,0.393328899252609,1.05425259991585,1.05100977205873,0.620386921522655,0.397374759489871,-0.0177616810125262,-0.000327110308475838,0.963151065839432,0.0206662428360997,0.997235064437377,0.292839188299341,0,0.462205049464635,0.67,0.1,1.025,0.5,0.6,0.25,0.005,0.975,0.8,0.1,1.22070954030249,0.783723303238411,0.462205049464635,0.263994705673894,0.345649952229253,0.530978161619432,-1.30978699986222,3.08863640697782,6.72831393585258
119,-0.00315162413082423,0.718081864506099,0.105401171228901,-0.00392978306904757,-0.00391954917010429,-0.00196567025643835,0.0247302835991423,0.0138911619520937,0.0124000563961943,5.77675317169408,8.6194593189255,0.927372613627886,3.36734831205322,0.361604518871956,4.25625715572697,2.65099751243574,1.68086626565102,-0.0756066223597939,8.45482604040217,13.6178491304823,1.22860528501385,0.209090246018729,0.189167748140456,0.0152347748738054,0.998597076016462,3.36976496524605,0.66906004093103,0.335143879172219,0.599158245609877,0.249649269004116,0.182014889746379,0.430067526643117,0.287333944871044,0.000633977553107008,0.99782897436871,1.00183261774852,0.996003680346514,0.548401043718471,0.0578021123110787,0.393796843970451,1.0542357279952,1.05099196810839,0.622847120237718,0.394916520349148,-0.0177636405868662,-0.000322818745969703,0.963151065839432,0.0206662428360997,0.997330805178476,0.292839188299341,0,0.462205049464635,0.67,0.1,1.025,0.5,0.6,0.25,0.005,0.975,0.8,0.1,1.2200196345259,0.784220839054234,0.462205049464635,0.263567787831265,0.344944179642312,0.530959679388438,-1.30802524919669,3.06503112075387,6.73189120996274
120,-0.00317760483505027,0.719441354743509,0.105400324401293,-0.00392776858979527,-0.00391976575421982,-0.00203396216960294,0.0247558238531881,0.0139069496898228,0.0124145781609103,5.77301132741635,8.5923185780851,0.924288751480874,3.3554014302653,0.360279450268099,4.24704917330979,2.65551469536531,1.66698551678839,-0.0754510388439035,8.45562835582852,13.5651714481866,1.22431653627802,0.209326046345624,0.188650157197761,0.0151993733729482,0.997305750536611,3.36181644502995,0.66819485285953,0.33449685077294,0.598383450321967,0.249326437634153,0.18222371329877,0.43001061870958,0.286849277957877,0.000625198232483254,0.997936897772271,1.00180650714077,0.996137368502878,0.547992744482164,0.0577586130379747,0.394248642479862,1.0542193015345,1.05097463332777,0.625261113540581,0.39250440688662,-0.0177655204272003,-0.000318313019297575,0.963151065839432,0.0206662428360997,0.997425437313845,0.292839188299341,0,0.462205049464635,0.67,0.1,1.025,0.5,0.6,0.25,0.005,0.975,0.8,0.1,1.2193498172881,0.784701299496085,0.462205049464635,0.263153364900834,0.344256669631693,0.530949314191529,-1.30631666647356,3.04198464956618,6.73563434147007
121,-0.00320269113974471,0.720756024483313,0.105399662194579,-0.00392619326846877,-0.00391993511974154,-0.00209975017890396,0.0247806905685381,0.0139223241890864,0.0124287206846343,5.76932494808742,8.56604246840698,0.921304592826964,3.34384809173834,0.358998550984612,4.23815402229153,2.65998978306656,1.65346487248135,-0.0753006332563812,8.45644596092975,13.5141004490208,1.22016763328858,0.209556570823372,0.18814768783471,0.0151651227333827,0.996056628566059,3.35412570138801,0.667357941139259,0.333870866918283,0.597633977139635,0.249014157141515,0.182425341047608,0.429955269698724,0.28639434376389,0.000615843601842071,0.998041752551139,1.00178129540456,0.996267106532561,0.547598437140473,0.0577166902928853,0.394684872566642,1.0542033102999,1.0509577570066,0.627629333213403,0.390137985496632,-0.0177673187100343,-0.000313620487046239,0.963151065839432,0.0206662428360997,0.997518892487012,0.292839188299341,0,0.462205049464635,0.67,0.1,1.025,0.5,0.6,0.25,0.005,0.975,0.8,0.1,1.21869949926111,0.785165260777451,0.462205049464635,0.262751080431445,0.343586970074653,0.530946548472005,-1.30465958588868,3.01948427960395,6.73952808418677
122,-0.0032269146047668,0.722027329102324,0.105399144358529,-0.0039249613727641,-0.00392006756108421,-0.00216313320882222,0.0248048992609814,0.0139372947922221,0.0124424924913749,5.76569529503697,8.54060231862358,0.918416513312608,3.33267471722692,0.357760171032475,4.22956019250872,2.66442084972365,1.64029454291072,-0.0751552001256532,8.45727804482986,13.4645845524422,1.21615346459496,0.209781930045353,0.187659884363869,0.0151319803755286,0.994848292662523,3.34668391378308,0.66654835608389,0.33326521100139,0.596908975597514,0.248712073165631,0.18262002997611,0.429901445400997,0.285967303128125,0.000605980660396308,0.998143624350126,1.00175695082221,0.996393010830504,0.547217638861366,0.0576762709138825,0.395106090224752,1.05418774420908,1.0509413285874,0.629952223978931,0.387816810318932,-0.017769034297863,-0.000308766949644894,0.963151065839432,0.0206662428360997,0.997611110091754,0.292839188299341,0,0.462205049464635,0.67,0.1,1.025,0.5,0.6,0.25,0.005,0.975,0.8,0.1,1.21806811174951,0.785613282304867,0.462205049464635,0.262360588431981,0.342934640693137,0.530950889483937,-1.30305234604832,2.99751767198842,6.74355803578736
123,-0.00325030569622536,0.723256681551466,0.105398739418149,-0.00392399803739585,-0.00392017112829424,-0.00222420599261686,0.0248284652082908,0.0139518707091499,0.0124559019874634,5.76212342998117,8.51597043967008,0.915621082241396,3.32186822033742,0.356562747484291,4.22125664981931,2.66880611740676,1.62746507773175,-0.0750145453191938,8.45812375138707,13.41657397436,1.21226919064621,0.210002231382932,0.187186305606705,0.0150999062397214,0.993679372662333,3.3394825916276,0.665765179683763,0.332679190854625,0.5962076235974,0.248419843165583,0.182808027383787,0.429849110697786,0.28556643459431,0.000595671978646182,0.998242596278182,1.00173344277529,0.996515194214301,0.546849881356963,0.057637288145988,0.39551283049705,1.05417259333093,1.05092533766583,0.632230242982494,0.385540423798056,-0.0177706667805507,-0.00030377656587947,0.963151065839432,0.0206662428360997,0.99770203685782,0.292839188299341,0,0.462205049464635,0.67,0.1,1.025,0.5,0.6,0.25,0.005,0.975,0.8,0.1,1.21745510492152,0.786045906476473,0.462205049464635,0.261981552662145,0.342299252478976,0.530961868213018,-1.3014933167777,2.97607283683289,6.74771059652556
124,-0.00327289380763049,0.724445452530261,0.105398422760508,-0.00392324471632888,-0.00392025211637037,-0.0022830592261367,0.0248514034520969,0.0139660610177236,0.0124689574616453,5.7586102280355,8.49212009414131,0.912915040912831,3.31141599010589,0.355404795387754,4.21323281262851,2.67314395010022,1.61496734803435,-0.0748784855060657,8.45898218604346,13.3700206618518,1.20851021324996,0.210217579172646,0.186726524493366,0.0150688624554395,0.992548544576783,3.33251355890518,0.665007524866445,0.332112138337242,0.59552912674607,0.248137136144196,0.18298957126491,0.429798229943312,0.285190126977263,0.000584975797286328,0.998338749061287,1.00171074172333,0.996633766094748,0.546494711108125,0.0575996805977556,0.39590560829412,1.05415784788611,1.05090977399195,0.634463859221799,0.383308357229562,-0.0177722164513609,-0.000298671823392147,0.963151065839432,0.0206662428360997,0.997791626417177,0.292839188299341,0,0.462205049464635,0.67,0.1,1.025,0.5,0.6,0.25,0.005,0.975,0.8,0.1,1.21685994639914,0.786463658672583,0.462205049464635,0.261613646101133,0.341680387198517,0.530979038358241,-1.29998091532791,2.95513811059523,6.75197293015949
125,-0.00329470728542511,0.725594970920468,0.105398175138682,-0.00392265562589322,-0.0039203154478985,-0.0023397797270871,0.0248737287980993,0.0139798746631152,0.0124816670843018,5.75515639077011,8.46902546575508,0.91029528500137,3.30130587384313,0.354284900295976,4.20547853004069,2.67743284794528,1.60279252958646,-0.0747468474910528,8.45985242293676,13.3248782293999,1.20487215088401,0.210428074896912,0.186280127642824,0.0150388130777177,0.991454529392244,3.32576894009568,0.664274534692803,0.33156340880558,0.594872717635346,0.247863632348061,0.183164890675539,0.429748767265198,0.284836872309666,0.000573946169568313,0.998432161167001,1.00168881917815,0.996748832622671,0.546151689399986,0.0575633914116669,0.396284919188347,1.05414349824829,1.05089462747191,0.636653552935712,0.381120131309036,-0.0177736842447476,-0.000293473548419349,0.963151065839432,0.0206662428360997,0.99787983886315,0.292839188299341,0,0.462205049464635,0.67,0.1,1.025,0.5,0.6,0.25,0.005,0.975,0.8,0.1,1.21628212012415,0.786867047389945,0.462205049464635,0.261256550542114,0.341077636961035,0.531001975366363,-1.29851361530278,2.93470213622762,6.75633292689785
126,-0.00331577345751132,0.726706524413205,0.105397981501873,-0.00392219496298474,-0.00392036497226356,-0.00239445059615528,0.024895455815194,0.0139933204565831,0.0124940389061202,5.75176245906151,8.44666162905072,0.90775885010269,3.29152616033586,0.353201712070792,4.19798406144456,2.68167144166322,1.5909320872773,-0.0746194674959613,8.46073351199255,13.2811018968866,1.20135081855315,0.210633817356082,0.185846714933092,0.0150097238756323,0.990396091807527,3.31924114718483,0.663565381511043,0.331032380501495,0.594237655084516,0.247599022951882,0.183334206088268,0.42970068680064,0.284505259175214,0.000562633132724602,0.99852290890728,1.0016676476752,0.996860496817263,0.5458203922164,0.057528367602169,0.396651240181432,1.05412953494563,1.05087988817007,0.63879981496176,0.378975256692574,-0.0177750716543334,-0.000288200943381662,0.963151065839432,0.0206662428360997,0.997966640311564,0.292839188299341,0,0.462205049464635,0.67,0.1,1.025,0.5,0.6,0.25,0.005,0.975,0.8,0.1,1.21572112543564,0.787256564482256,0.462205049464635,0.260909956274623,0.340490603838432,0.531030275512908,-1.29708995068283,2.91475384570562,6.76077916820984
127,-0.00333611866371405,0.727781360278401,0.105397830080578,-0.00392183472951502,-0.00392040369962543,-0.00244715137736462,0.0249165988339561,0.0140064070738856,0.0125060808564507,5.74842882556722,8.42500451949676,0.905302899768365,3.28206556346688,0.352153939691336,4.19074005737327,2.68585848713558,1.57937776067467,-0.0744961904369792,8.46162448579908,13.2386484295026,1.19794221118392,0.210834902830509,0.185425899068687,0.0149815621612031,0.989372038934212,3.31292286758676,0.662879266085922,0.330518453886488,0.593623223360527,0.247343009733553,0.183497729734236,0.429653952881526,0.284193966425982,0.000551082897623368,0.99861106652469,1.00164720074297,0.996968858679957,0.545500410030389,0.0574945595252688,0.397005030444342,1.05411594866243,1.05086554631105,0.640903146070826,0.376873234572464,-0.0177763806432904,-0.000282871643851,0.963151065839432,0.0206662428360997,0.998052002470481,0.292839188299341,0,0.462205049464635,0.67,0.1,1.025,0.5,0.6,0.25,0.005,0.975,0.8,0.1,1.21517647630914,0.78763268547789,0.462205049464635,0.26057356182751,0.339918899526321,0.531063555024818,-1.29570851663344,2.89528244458457,6.76530089336519
128,-0.003355768287378,0.728820686236693,0.105397711671222,-0.00392155303102493,-0.00392043398388431,-0.00249795821576437,0.0249371719448006,0.0140191430535336,0.0125178007415276,5.74515574670526,8.40403090413671,0.902924715500801,3.27291320629735,0.351140346859389,4.18373754150848,2.68999286012575,1.56812155061109,-0.0743768692283557,8.46252436613068,13.1974760796584,1.19464248978155,0.211031425231873,0.18501730515059,0.0149542966497152,0.988381218979594,3.30680705284462,0.662215416716328,0.330021050942234,0.593028731387756,0.247095304744898,0.183655665932205,0.429608530178969,0.283901757276106,0.000539338048574723,0.998696706265967,1.00162745287119,0.997074015296988,0.545191347519241,0.0574619204514779,0.397346732029281,1.0541027302408,1.05085159228183,0.64296405628634,0.374813557268624,-0.0177776135549643,-0.000277501788292357,0.963151065839432,0.0206662428360997,0.998135902223216,0.292839188299341,0,0.462205049464635,0.67,0.1,1.025,0.5,0.6,0.25,0.005,0.975,0.8,0.1,1.21464770071934,0.787995869952442,0.462205049464635,0.260247073752834,0.339362145038555,0.531101449240866,-1.2943679682819,2.87627739828675,6.76988796758877
129,-0.0033747467874909,0.729825671402814,0.105397619076739,-0.0039213327461407,-0.00392045766575566,-0.00254694401112721,0.0249571889960607,0.0140315367950256,0.0125292062426827,5.74194335406265,8.38371835286914,0.900621688297445,3.26405860563875,0.35015974823888,4.17696789371904,2.69407355113199,1.55715570671689,-0.0742613641298418,8.46343217003345,13.1575445309416,1.19144796975101,0.211223476243518,0.184620570252466,0.0149278973445269,0.987422519927179,3.30088690800287,0.66157308835121,0.32953961445337,0.592453511956307,0.246855629981795,0.183808211404702,0.429564383815563,0.283627473759855,0.000527437747293937,0.998779898445989,1.00160837947857,0.997176060933061,0.544892823226266,0.0574304062200508,0.397676770553684,1.05408987068216,1.05083801663364,0.644983064194267,0.372795708834248,-0.0177787730285149,-0.000272106095790267,0.963151065839432,0.0206662428360997,0.998218321227812,0.292839188299341,0,0.462205049464635,0.67,0.1,1.025,0.5,0.6,0.25,0.005,0.975,0.8,0.1,1.21413434009663,0.788346561938818,0.462205049464635,0.259930206436797,0.338819970428942,0.531143611806725,-1.29306701828473,2.85772841986998,6.77453085172925
130,-0.00339307773087818,0.730797447276451,0.105397546669128,-0.00392116048605584,-0.00392047618465219,-0.00259417856674693,0.0249766635921538,0.0140435965571672,0.0125403049146467,5.73879166518808,8.36404521043015,0.898391311423998,3.25549165713087,0.349211006202598,4.17042283404207,2.69809966036584,1.54647271582289,-0.0741495421466625,8.46434691542234,13.1188148441302,1.18835511092094,0.211411145449817,0.184235343005822,0.0149023354410042,0.986494868226035,3.29515588156688,0.660951561711444,0.329073607284317,0.591896920935621,0.246623717056509,0.183955555581398,0.429521479451879,0.283370031539575,0.000515417936656708,0.998860711504485,1.00158995688047,0.997275087118003,0.544604469186151,0.0573999749572631,0.397995555856586,1.05407736114858,1.05082481008364,0.646960696249298,0.370819165672948,-0.0177798619222458,-0.000266697948090827,0.963151065839432,0.0206662428360997,0.998299245535066,0.292839188299341,0,0.462205049464635,0.67,0.1,1.025,0.5,0.6,0.25,0.005,0.975,0.8,0.1,1.21363594885506,0.788685190361639,0.462205049464635,0.259622681927992,0.338292014535137,0.531189713902226,-1.29180443374531,2.83962545906742,6.77922057335252
131,-0.00341078382413195,0.731737108762045,0.105397490047371,-0.00392102578082998,-0.00392049066617439,-0.00263972873275731,0.0249956090919586,0.0140553304565471,0.0125511041840008,5.73570059374751,8.34499056912607,0.896231174167094,3.24720262083307,0.348293027986921,4.16409440752824,2.70207039285263,1.53606529116069,-0.0740412764850755,8.46526762616504,13.0812494052449,1.18536050891439,0.211594520454871,0.183861283195939,0.0148775832454515,0.98559722749741,3.2896076559825,0.660350142423265,0.328622511659005,0.591358336498446,0.246399306874353,0.184097880889976,0.429479783352401,0.283128415047299,0.000503311541051762,0.998939212057276,1.00157216225675,0.997371182727824,0.544325930526847,0.0573705868452293,0.398303482627925,1.05406519296392,1.05081196351636,0.648897486081862,0.368883397164014,-0.017780883245876,-0.000261289473260194,0.963151065839432,0.0206662428360997,0.998378665226315,0.292839188299341,0,0.462205049464635,0.67,0.1,1.025,0.5,0.6,0.25,0.005,0.975,0.8,0.1,1.2131520939745,0.789012169485867,0.462205049464635,0.259324229776266,0.337777924740755,0.531239443498747,-1.29057903285562,2.82195869242156,6.78394869918014
132,-0.00342788694502771,0.732645715203232,0.105397445769934,-0.00392092044306513,-0.00392050199052585,-0.00268365854362562,0.0250140386074805,0.0140667464662168,0.0125616113478237,5.73266995903885,8.32653424234842,0.894138956371765,3.23918210732973,0.347404763176875,4.15797496988374,2.70598505365265,1.52592636229401,-0.0739364460629247,8.46619333664763,13.0448118756095,1.18246088759156,0.211773686990948,0.183498061369767,0.0148536141058429,0.98472859726484,3.28423613858186,0.659768160167443,0.32818582844999,0.590837158358904,0.24618214931621,0.184235363034822,0.429439262434988,0.282901672942975,0.000491148661145856,0.999015464943408,1.00155497362025,0.997464434061308,0.544056865057806,0.0573422039306904,0.398600931011504,1.05405335761463,1.05079946798478,0.650793973809877,0.366987866292201,-0.0177818401020783,-0.000255891629062411,0.963151065839432,0.0206662428360997,0.998456574071568,0.292839188299341,0,0.462205049464635,0.67,0.1,1.025,0.5,0.6,0.25,0.005,0.975,0.8,0.1,1.21268235462362,0.789327899371989,0.462205049464635,0.259034586877695,0.337277356752534,0.531292504645042,-1.2893896815039,2.80471851436317,6.78870730880092
133,-0.00344440817325242,0.733524291421016,0.105397411145585,-0.0039208380702993,-0.00392051084601319,-0.0027260293496596,0.0250319650028611,0.0140778524146048,0.0125718335725608,5.72969949487363,8.30865673888881,0.892112423611484,3.23142106434557,0.346545201460611,4.15205717385069,2.70984304320278,1.51604906572029,-0.0738349350723861,8.46712309582969,13.0094671438711,1.1796530923516,0.211948729017211,0.183145358456543,0.0148304023518877,0.98388801171227,3.27903545295146,0.659204967847221,0.327763076481652,0.590332807027362,0.245972002928067,0.184368171263933,0.429399884307137,0.282688913871865,0.000478956761487523,0.999089533269196,1.00153836978588,0.997554924912953,0.543796942852048,0.0573147899654894,0.398888267182463,1.05404184675039,1.05078731471119,0.652650705358573,0.365132030278447,-0.0177827356370201,-0.00025051428457872,0.963151065839432,0.0206662428360997,0.998532969208096,0.292839188299341,0,0.462205049464635,0.67,0.1,1.025,0.5,0.6,0.25,0.005,0.975,0.8,0.1,1.21222632181397,0.789632766331982,0.462205049464635,0.258753497322722,0.336789974390076,0.531348616780096,-1.28823528999834,2.78789552910886,6.79348896958961
134,-0.00346036782032071,0.734373828747341,0.105397384069818,-0.00392077365587706,-0.00392051777088309,-0.00276689994249368,0.0250494008937587,0.0140886559846825,0.0125817778931303,5.72678885784322,8.29133923806346,0.890149422871911,3.22391076386295,0.345713370605416,4.14633395627482,2.71364385277894,1.50642673608677,-0.0737366325908877,8.46805597080704,12.9751812799292,1.17693408412896,0.212119728809339,0.182802865401495,0.0148079232425194,0.983074538473348,3.27399993068703,0.658659940777143,0.327353791850809,0.589844723084009,0.245768634618337,0.184496468624456,0.429361617291653,0.282489302503783,0.000466760850043729,0.999161478449959,1.00152233034058,0.99764273664291,0.543545845827616,0.0572883102722472,0.399165843900138,1.05403065218442,1.05077549508768,0.654468231791186,0.363315341208113,-0.0177835729992983,-0.000245166299195131,0.963151065839432,0.0206662428360997,0.998607850839242,0.292839188299341,0,0.462205049464635,0.67,0.1,1.025,0.5,0.6,0.25,0.005,0.975,0.8,0.1,1.21178359807764,0.7899271433818,0.462205049464635,0.258480712245635,0.336315449386159,0.531407514071787,-1.28711480999307,2.77148054327055,6.79828671277252
135,-0.00347578545859715,0.735195286047801,0.105397362896939,-0.00392072328465121,-0.00392052318603642,-0.00280632667461833,0.0250663586471132,0.0140991647133871,0.0125914512122725,5.72393763499247,8.2745635656478,0.888247878655049,3.21664278973089,0.344908334617539,4.14079852581519,2.71738706008024,1.49705289797056,-0.0736414322356151,8.46899104990606,12.9419214907116,1.17430093395631,0.21228676704064,0.182470282812777,0.0147861529193326,0.982287277454058,3.26912410350564,0.658132475894219,0.326957527267041,0.589372366472435,0.245571819363514,0.184620412207293,0.429324430443773,0.282302055837112,0.000454583649017936,0.999231360250017,1.00150683561411,0.99772794824441,0.543303267332578,0.0572627316301441,0.399434001037279,1.05401976589347,1.05076400067638,0.656247108652858,0.361537246653613,-0.0177843553064716,-0.000239855598263831,0.963151065839432,0.0206662428360997,0.99868122195296,0.292839188299341,0,0.462205049464635,0.67,0.1,1.025,0.5,0.6,0.25,0.005,0.975,0.8,0.1,1.2113537971627,0.790211390687194,0.462205049464635,0.258215989674319,0.335853461196064,0.531468944780259,-1.2860272316602,2.75546455908604,6.80309401058381
136,-0.00349067994937362,0.735989590728803,0.105397346340036,-0.00392068389502365,-0.00392052742061233,-0.00284436357308149,0.0250828503812955,0.0141093859913017,0.0126008603001401,5.72114535092777,8.25831217061626,0.886405789430649,3.20960902575308,0.344129192055979,4.13544435125552,2.72107232493571,1.4879212581767,-0.0735492318568882,8.46992744533759,12.9096560777367,1.17175081799456,0.212449922855323,0.182147320621568,0.0147650683648194,0.981525359690033,3.26440269569044,0.657621990992322,0.326573851414133,0.58891521581402,0.245381339922508,0.184740153381215,0.429288293561448,0.282126439751058,0.000442445756657109,0.999299236821361,1.00149186665088,0.997810636409009,0.543068911736619,0.0572380221768111,0.39969306608657,1.05400918001764,1.05075282320934,0.657987895329697,0.359797190288625,-0.0177850856183219,-0.000234589244975173,0.963151065839432,0.0206662428360997,0.99875308805942,0.292839188299341,0,0.462205049464635,0.67,0.1,1.025,0.5,0.6,0.25,0.005,0.975,0.8,0.1,1.21093654374246,0.790485856000622,0.462205049464635,0.25795909437977,0.335403696814644,0.531532670645099,-1.28497158112296,2.73983876819361,6.80790475446063
137,-0.00350506946997435,0.736757639725749,0.105397333392765,-0.0039206530928626,-0.00392053073199272,-0.00288106244754027,0.0250988879666341,0.014119327062587,0.0126100117941251,5.71841147438915,8.2425681026777,0.884621224377241,3.20280164424143,0.343375074476601,4.13026515038094,2.72469938513437,1.47902569851239,-0.0734599332658264,8.47086429544114,12.8783543963964,1.16928101295253,0.212609273934545,0.181833697755145,0.0147446473645174,0.980787946239319,3.25983061684703,0.657127923980343,0.326202348333571,0.588472767743591,0.24519698655983,0.184855838016935,0.429253177190079,0.281961765790321,0.000430365800058928,0.999365164741306,1.00147740518268,0.997890875589965,0.5428424940314,0.0572141513231877,0.399943354645413,1.05399888685989,1.05074195458824,0.65969115442457,0.358094612491399,-0.0177857669159687,-0.000229373508348703,0.963151065839432,0.0206662428360997,0.998823456946895,0.292839188299341,0,0.462205049464635,0.67,0.1,1.025,0.5,0.6,0.25,0.005,0.975,0.8,0.1,1.21053147313543,0.790750875087626,0.462205049464635,0.257709797725195,0.334965850600169,0.531598466295417,-1.28394691814741,2.72459454588468,6.81271323422807
138,-0.00351897153987873,0.737500300469768,0.105397323268176,-0.00392062900598689,-0.00392053332144693,-0.00291647299286868,0.0251144830263021,0.014128995025153,0.0126189121989127,5.71573542431668,8.22731499059346,0.882892320367309,3.19621309502044,0.342645144987711,4.12525487938714,2.72826805237947,1.47036026899969,-0.0733734419920178,8.47180076655042,12.8479868168948,1.16688889183538,0.212764896555842,0.181529141822642,0.0147248684723757,0.980074227110855,3.25540295495361,0.656649732164273,0.32584261683042,0.588044536266513,0.245018556777714,0.184967606701567,0.42921905262281,0.281807388167016,0.000418360578979679,0.99942919904935,1.00146343360242,0.9979687380639,0.542623739441209,0.0571910896788717,0.40018517087992,1.05398887888534,1.05073138688374,0.661357451150943,0.356428950935058,-0.0177864020860006,-0.000224213927118967,0.963151065839432,0.0206662428360997,0.99889233845508,0.292839188299341,0,0.462205049464635,0.67,0.1,1.025,0.5,0.6,0.25,0.005,0.975,0.8,0.1,1.21013823103369,0.791006772141628,0.462205049464635,0.257467877514765,0.334539624104136,0.531666118682055,-1.28295233407879,2.70972344577821,6.81751411822833
139,-0.00353240304586545,0.73821841183128,0.105397315350886,-0.00392061017037504,-0.00392053534636483,-0.00295064288655023,0.0251296469375466,0.0141383968310596,0.0126275678867486,5.71311657544227,8.21253702126208,0.881217279160576,3.1898360948675,0.341938596901995,4.12040772279196,2.7317782083671,1.46191918149214,-0.0732896670672834,8.472736054512,12.8185246867789,1.16457191997409,0.212916865646534,0.181233388813133,0.0147057109787986,0.979383420228606,3.25111496968932,0.656186891553166,0.325494269901677,0.587630052137164,0.244845855057152,0.185075594943906,0.42918589189723,0.281662700965472,0.000406445200894875,0.999491393283364,1.00144993493891,0.998044293990931,0.542412383044936,0.0571688089860126,0.400418807969052,1.05397914872029,1.05072111233465,0.662987352745778,0.354799641163072,-0.0177869939088507,-0.000219115369584081,0.963151065839432,0.0206662428360997,0.998959744264946,0.292839188299341,0,0.462205049464635,0.67,0.1,1.025,0.5,0.6,0.25,0.005,0.975,0.8,0.1,1.20975647323819,0.791253860186437,0.462205049464635,0.257233117842225,0.334124725906413,0.53173542653119,-1.28198695000302,2.69521719486818,6.82230243435079
140,-0.00354538026619067,0.738912785039254,0.105397309159673,-0.0039205954411814,-0.00392053692982286,-0.00298361788109058,0.0251443908332399,0.0141475392871323,0.0126359850979101,5.71055426343715,8.19821891955291,0.879594364776677,3.18366361737358,0.341254652472674,4.1157180838217,2.73522980098954,1.45369680366421,-0.0732085208320432,8.47366938588741,12.7899402949968,1.16232765129825,0.213065254831673,0.180946182805652,0.0146871548809454,0.978714770431007,3.24696208602669,0.655738896188775,0.325156934186877,0.587228862258604,0.244678692607752,0.185179933370946,0.429153667789198,0.281527135536405,0.000394633207615954,0.999551799515245,1.00143689283248,0.998117611473348,0.542208169410008,0.0571472820602069,0.400644548529785,1.05396968915115,1.05071112334683,0.664581427902298,0.353206117148422,-0.0177875450507201,-0.000214082089507813,0.963151065839432,0.0206662428360997,0.999025687704206,0.292839188299341,0,0.462205049464635,0.67,0.1,1.025,0.5,0.6,0.25,0.005,0.975,0.8,0.1,1.20938586539982,0.791492441466111,0.462205049464635,0.257005308939661,0.333720871455228,0.531806199818624,-1.28104991511084,2.68106768890261,6.82707355192228
141,-0.00355791889382034,0.739584204575477,0.105397304318229,-0.00392058392315153,-0.00392053816806548,-0.00301544189169123,0.0251587256037259,0.0141564290557758,0.012644169941363,5.7080477896451,8.1843459288699,0.878021901024351,3.17768888320923,0.340592561704021,4.11118057524676,2.73862284066291,1.44568765334505,-0.0731299187611977,8.47460001886901,12.7622068374208,1.16015372482213,0.213210136477032,0.180667275690719,0.0146691808549516,0.978067548505177,3.24293988807606,0.655305257498469,0.324830249440587,0.586840529103106,0.244516887126294,0.18528074791603,0.429122353804359,0.281400158067599,0.000382936693715747,0.999610468386057,1.00142429151171,0.998188756612928,0.542010852238635,0.057126482737178,0.400862665024187,1.05396049312305,1.05070141249196,0.666140246223199,0.351647811835235,-0.0177880580584343,-0.000209117778123015,0.963151065839432,0.0206662428360997,0.999090183567493,0.292839188299341,0,0.462205049464635,0.67,0.1,1.025,0.5,0.6,0.25,0.005,0.975,0.8,0.1,1.2090260827655,0.791722807821985,0.462205049464635,0.256784247026727,0.333327782911578,0.531878259264099,-1.28014040524159,2.66726698805755,6.83182316441885
142,-0.00357003405874124,0.740233429043482,0.105397300532286,-0.00392057491620845,-0.00392053913635426,-0.00304615707942435,0.0251726618989408,0.0141650726559727,0.0126521283955932,5.70559642542981,8.17090379242465,0.876498269168593,3.17190535078045,0.339951601228186,4.10679001064289,2.74195739677894,1.43788639317079,-0.0730537793068367,8.47552724393738,12.7352983837757,1.15804786131975,0.213351581727654,0.180396426902941,0.0146517702298112,0.977441050255213,3.23904411317056,0.654885503670993,0.324513868026228,0.586464630153128,0.244360262563803,0.185378159999028,0.429091924167827,0.281281267319206,0.000371366417255131,0.999667449140726,1.00141211577097,0.998257793566942,0.541820194026493,0.0571063858242716,0.401073420149236,1.0539515537384,1.05069197250601,0.66766437769476,0.350124157661933,-0.0177885353566933,-0.000204225612479968,0.963151065839432,0.0206662428360997,0.999153247950352,0.292839188299341,0,0.462205049464635,0.67,0.1,1.025,0.5,0.6,0.25,0.005,0.975,0.8,0.1,1.20867680992889,0.791945241056936,0.462205049464635,0.25656973416069,0.332945188997737,0.531951435845008,-1.27925762158436,2.65380731287486,6.83654727296236
143,-0.00358174034937897,0.740861192012068,0.10539729757173,-0.0039205678729014,-0.00392053989354291,-0.00307580393014273,0.0251862101307821,0.01417347646445,0.0126598663095969,5.70319941616395,8.15787873519852,0.875021905720854,3.16630670725953,0.339331073241717,4.10254139605598,2.74523359427975,1.43028782553168,-0.0729800237554492,8.47645038428719,12.7091898459119,1.15600786016983,0.213489660542392,0.180133403164241,0.0146349049627108,0.976834595603771,3.23527064618138,0.654479179054526,0.324207454430679,0.586100757362262,0.244208648900943,0.185472286698901,0.429062353812407,0.281169992512335,0.000359931903065587,0.999722789662278,1.00140035094887,0.998324784602875,0.541635965733829,0.0570869670559996,0.401277067210172,1.05394286425519,1.05068279628767,0.669154392182101,0.348634587065155,-0.017788979247256,-0.00019940830026101,0.963151065839432,0.0206662428360997,0.999214898096163,0.292839188299341,0,0.462205049464635,0.67,0.1,1.025,0.5,0.6,0.25,0.005,0.975,0.8,0.1,1.20833774058525,0.792160013286964,0.462205049464635,0.256361578087598,0.332572824849601,0.53202557032888,-1.27840078951574,2.64068104043621,6.84124217056718
144,-0.00359305183315288,0.741468202833529,0.105397295256616,-0.00392056236513105,-0.00392054048565404,-0.00310442132935396,0.0251993804757018,0.0141816467169987,0.0126673894040145,5.70085598488601,8.14525744657243,0.873591300340068,3.16088685997618,0.338730304496276,4.09842992204986,2.74845161035481,1.42288688779268,-0.0729085760976353,8.47736879604668,12.6838569473678,1.15403159635436,0.213624441724876,0.179877978237281,0.0146185676156483,0.976247527726065,3.23161551405371,0.654085843576463,0.323910684798884,0.585748516635639,0.244061881931516,0.185563240919019,0.429033618365682,0.281065891360507,0.000348641539102281,0.999776536505636,1.00138898290768,0.998389790151912,0.541457946468818,0.0570682030530148,0.401473850478168,1.05393441808522,1.05067387689651,0.670610858945749,0.347178532963914,-0.0177893919096631,-0.000194668121242931,0.963151065839432,0.0206662428360997,0.999275152255167,0.292839188299341,0,0.462205049464635,0.67,0.1,1.025,0.5,0.6,0.25,0.005,0.975,0.8,0.1,1.20800857729056,0.792367387280352,0.462205049464635,0.256159592094884,0.332210431872643,0.532100512824043,-1.27756915755531,2.62788070074916,6.84590442710359
145,-0.00360398207619938,0.742055147436864,0.105397293446228,-0.00392055805812963,-0.00392054094867689,-0.00313204663327826,0.0252121828775015,0.0141895895099313,0.0126747032723971,5.69856533564926,8.13302706360271,0.872204993834367,3.15563992815445,0.338148645338912,4.0944509561177,2.75161167125872,1.4156786477676,-0.0728393629086167,8.47828186831371,12.6592761941653,1.15211701759786,0.213755992951282,0.179629932688641,0.0146027413332027,0.975679212215355,3.2280748805544,0.653705072184288,0.323623246487877,0.585407527329213,0.243919803053839,0.185651131545555,0.429005694136218,0.280968548234091,0.000337502666166378,0.999828734930969,1.00137799801342,0.998452868861186,0.541285923182951,0.0570500712840258,0.401664005533024,1.0539262087922,1.0506652075511,0.672034346179532,0.345755429223635,-0.017789775403167,-0.000190006965652517,0.963151065839432,0.0206662428360997,0.999334029554786,0.292839188299341,0,0.462205049464635,0.67,0.1,1.025,0.5,0.6,0.25,0.005,0.975,0.8,0.1,1.20768903122452,0.792567616784701,0.462205049464635,0.255963594865682,0.331857757601295,0.53217612234788,-1.27676199642211,2.61539897332433,6.85053087494665
146,-0.00361454416229526,0.742622689096358,0.105397292030529,-0.00392055469011321,-0.00392054131075448,-0.00315871573630078,0.0252246270503071,0.0141973108016637,0.0126818133825889,5.69632665658631,8.12117515492207,0.870861576255161,3.15056023498164,0.337585468798022,4.09060003543892,2.75471404924805,1.40865829942897,-0.0727723132380912,8.47918902303033,12.6354248467862,1.15026214163644,0.21388438079527,0.179389053661345,0.014587409821345,0.975129036278981,3.22464504122295,0.653336454306917,0.323344837639406,0.585077421767389,0.243782259069745,0.18573606359929,0.428978558099105,0.280877572448589,0.000326521661423667,0.999879428936562,1.00136738311689,0.99851407764481,0.541119690378142,0.0570325500302546,0.401847759591604,1.05391823008971,1.05065678162694,0.673425420569739,0.344364711099852,-0.0177901316695907,-0.000185426369553573,0.963151065839432,0.0206662428360997,0.999391549880463,0.292839188299341,0,0.462205049464635,0.67,0.1,1.025,0.5,0.6,0.25,0.005,0.975,0.8,0.1,1.20737882195778,0.792760946842147,0.462205049464635,0.255773410335093,0.331514555561608,0.532252266412135,-1.27597859817748,2.60322868392496,6.85511859528008
147,-0.00362475071101315,0.743171469176002,0.105397290923472,-0.00392055205637021,-0.00392054159389421,-0.00318446313501886,0.0252367224817008,0.0142048164144072,0.0126887250782159,5.6941391227103,8.1096897052441,0.869559685076462,3.14564229999574,0.337040169711618,4.08687285996436,2.75775905963566,1.4018211588369,-0.072707358508204,8.48008971471523,12.6122808932782,1.14846505360708,0.214009670750405,0.179155134656306,0.0145725573272011,0.974596407963969,3.22132241851774,0.652979593335859,0.323075166770429,0.584757844778381,0.243649101990992,0.185818138381131,0.428952187881013,0.280792596668241,0.000315704016115959,0.999928661291207,1.00135712553543,0.998573471733713,0.540959049825222,0.0570156183521141,0.402025331822664,1.05391047583908,1.05064859265433,0.674784646875389,0.343005815661495,-0.017790462536884,-0.000180927547480119,0.963151065839432,0.0206662428360997,0.999447733766304,0.292839188299341,0,0.462205049464635,0.67,0.1,1.025,0.5,0.6,0.25,0.005,0.975,0.8,0.1,1.20707767722313,0.792947614093161,0.462205049464635,0.255588867548619,0.331180585137062,0.532328820624681,-1.27521827544133,2.59136280147234,6.85966490502675
148,-0.00363461389514019,0.743702107850281,0.105397290057769,-0.00392054999681912,-0.00392054181530554,-0.00320932198907453,0.0252484784359923,0.0142121120359579,0.0126954435802672,5.69200189847351,8.09855910045056,0.868298003453484,3.14088083177813,0.336512163895012,4.08326528581371,2.76074705796046,1.39516266027184,-0.0726444324185952,8.48098343007271,12.5898230234422,1.14672390354959,0.214131927250362,0.178927975322317,0.0145581686196905,0.974080755411233,3.21810355715,0.652634106125526,0.322813952380788,0.58444845324674,0.243520188852808,0.185897453611624,0.428926561744909,0.280713275416973,0.000305054407771779,0.999976473566093,1.00134721303538,0.998631104724268,0.540803810293452,0.0569992560578456,0.402196933648703,1.0539029400472,1.0506406343161,0.676112587529395,0.341678182193792,-0.017790769723187,-0.000176511422504627,0.963151065839432,0.0206662428360997,0.999502602294825,0.292839188299341,0,0.462205049464635,0.67,0.1,1.025,0.5,0.6,0.25,0.005,0.975,0.8,0.1,1.20678533269097,0.793127847069281,0.462205049464635,0.255409800522942,0.330855611437403,0.532405668307244,-1.27448036067124,2.57979443509246,6.86416734437817
149,-0.00364414545739106,0.744215204801896,0.105397289380801,-0.00392054838627831,-0.00392054198844627,-0.00323332417895328,0.0252599039576078,0.0142192032215718,0.012701973988758,5.68991414010181,8.08777211324083,0.867075258555315,3.13627072093908,0.336000887345392,4.07977331896986,2.76367843727029,1.38867835255722,-0.0725834708576443,8.48186968749453,12.5680306040538,1.14503690401404,0.214251213687183,0.178707381254188,0.0145442289709799,0.973581526137411,3.21498511959813,0.652299622512066,0.32256092257732,0.584148915682447,0.243395381534353,0.185974103564753,0.428901658574559,0.280639283689287,0.00029457676730988,1.00002290616616,1.00133763381532,0.998687028625746,0.540653787290661,0.0569834436738997,0.40236276903544,1.05389561686424,1.05063290044534,0.677409802260316,0.34038125258093,-0.0177910548412458,-0.000172178653922581,0.963151065839432,0.0206662428360997,0.999556177005163,0.292839188299341,0,0.462205049464635,0.67,0.1,1.025,0.5,0.6,0.25,0.005,0.975,0.8,0.1,1.20650153174897,0.793301866475185,0.462205049464635,0.255236048109209,0.330539405170417,0.532482700128529,-1.27376420549483,2.56851683129087,6.86862366489694
150,-0.00365335672644508,0.744711339897025,0.105397288851421,-0.0039205471268573,-0.00392054212383985,-0.00325650036091918,0.025270981563512,0.0142260777463416,0.01270830458208,5.68787871102258,8.07732623970112,0.865891218543982,3.13180801791423,0.33550597946585,4.07639326022169,2.76655372310693,1.38236394867189,-0.0725244115571379,8.48275174976995,12.546892989982,1.14340351032936,0.214367494836721,0.178493110685858,0.0145307238766626,0.973098186343367,3.21196400736984,0.651975784850056,0.322315940287993,0.58385891180602,0.243274546585842,0.186048179196283,0.428877457858917,0.28057034104582,0.000284299732965632,1.00006799836092,1.00132837648992,0.998741293906581,0.540508802813636,0.0569681624168845,0.40252303476948,1.05388852690932,1.05062541581076,0.678676846539895,0.339114472140314,-0.0177913186802084,-0.000167929662674393,0.963151065839432,0.0206662428360997,0.999608479809137,0.292839188299341,0,0.462205049464635,0.67,0.1,1.025,0.5,0.6,0.25,0.005,0.975,0.8,0.1,1.20622602528613,0.79346988546048,0.462205049464635,0.255067449259271,0.330231644252057,0.532559571303756,-1.27306917548815,2.55752346950864,6.87303206061562
151,-0.00366225863233657,0.745191073838722,0.105397288437453,-0.00392054614200721,-0.00392054222971583,-0.0032788800192457,0.0252817752136639,0.01423277804458,0.0127144753730648,5.68588701636418,8.06719350698653,0.864742601767783,3.12748598146908,0.335026536225365,4.07312122625205,2.76937325797489,1.37621516328073,-0.072467195003566,8.48362154744359,12.5263714255732,1.14181958337823,0.214481041371402,0.178285096054682,0.0145176403886454,0.97263023279692,3.20903695397387,0.651662255973937,0.322078487165953,0.583578139678152,0.24315755819923,0.186119768266883,0.428853933756143,0.280506132600028,0.000274174277687196,1.00011178569357,1.0013194300745,0.998793946921766,0.540368685108355,0.0569533941669325,0.402677920724713,1.05388160905847,1.05061810954322,0.679914273143354,0.337877290372539,-0.0177915635158934,-0.000163764660679057,0.963151065839432,0.0206662428360997,0.999659532914592,0.292839188299341,0,0.462205049464635,0.67,0.1,1.025,0.5,0.6,0.25,0.005,0.975,0.8,0.1,1.20595858704,0.793632098925476,0.462205049464635,0.254903866591228,0.329932323926084,0.53263670624253,-1.2723946669651,2.54680776515532,6.8773903793651
152,-0.00367086172122636,0.745654948799095,0.105397288113736,-0.00392054537186781,-0.00392054231250938,-0.00330049151589618,0.0252922640174993,0.0142392896185168,0.0127204724924534,5.68394225027514,8.05737295960544,0.863629359678174,3.12330098628868,0.334562244277451,4.0699536323742,2.77213753555724,1.3702278599198,-0.072411763102835,8.48448263052546,12.5064572916185,1.14028480541674,0.214591800153373,0.178083096018922,0.0145049645639471,0.972177151942257,3.2062009568731,0.651358691801312,0.321848461312107,0.583306291165354,0.243044287985564,0.186188955460292,0.428831081586955,0.280446384335752,0.000264225561751009,1.00015430841393,1.00131078397017,0.998845038348986,0.540233268439681,0.0569391214423622,0.402827610117958,1.05387488739683,1.05061101046835,0.681122633315456,0.336669157364414,-0.0177917906798697,-0.000159683653407485,0.963151065839432,0.0206662428360997,0.99970935875548,0.292839188299341,0,0.462205049464635,0.67,0.1,1.025,0.5,0.6,0.25,0.005,0.975,0.8,0.1,1.20569896349143,0.793788732829281,0.462205049464635,0.254745141767424,0.329641113242188,0.532713733526199,-1.27174008429574,2.53636334518482,6.8816969490882
153,-0.00367917616958143,0.746103489030857,0.105397287860593,-0.00392054476962933,-0.00392054237725292,-0.00332136213779366,0.0253024561704357,0.0142456175106146,0.012726300571939,5.68204356071995,8.04785479530738,0.862550381433574,3.11924859666914,0.334112613073607,4.06688703026686,2.77484707652673,1.36439801340149,-0.0723580596613599,8.48533464542771,12.4871324466545,1.13879761837416,0.214699830677759,0.177886938208849,0.014492683528342,0.971738462822358,3.20345311083356,0.65106477009098,0.321625622314661,0.583043077693415,0.24293461570559,0.186255822496726,0.428808873158649,0.28039084173989,0.000254458866727771,1.00019560242249,1.00130242794957,0.998894614158338,0.540102392870143,0.0569253273755297,0.402972279754328,1.053868356626,1.05060411299773,0.682302472597122,0.335489528784748,-0.0177920013818695,-0.000155686479570694,0.963151065839432,0.0206662428360997,0.999757979928195,0.292839188299341,0,0.462205049464635,0.67,0.1,1.025,0.5,0.6,0.25,0.005,0.975,0.8,0.1,1.2054469276301,0.793939961791185,0.462205049464635,0.254591131865356,0.329357804292525,0.532790570132145,-1.27110484905993,2.52618398180201,6.88595026491256
154,-0.00368721179778846,0.7465372014589,0.105397287662639,-0.00392054429868716,-0.00392054242788131,-0.00334151814181538,0.0253123597013033,0.0142517666640373,0.0127319641529976,5.68019008809125,8.0386295153977,0.861504590500631,3.11532451829816,0.333677168743658,4.06391809322335,2.77750242676016,1.35872169677788,-0.0723060303146815,8.48617725816739,12.468379297152,1.13735651375341,0.214805191557743,0.177696455321503,0.0144807848238027,0.97131370022863,3.20079060816094,0.650780179153182,0.32140974120703,0.582788220137178,0.242828425057158,0.186320448241761,0.428787290509985,0.280339264925239,0.000244875083806837,1.00023570268889,1.00129435214322,0.998942719039546,0.53997590404742,0.0569119956897797,0.403112100262801,1.05386201154288,1.05059741163848,0.683454332258669,0.334337864497517,-0.0177921967561855,-0.00015177282241353,0.963151065839432,0.0206662428360997,0.999805419133678,0.292839188299341,0,0.462205049464635,0.67,0.1,1.025,0.5,0.6,0.25,0.005,0.975,0.8,0.1,1.20520225861047,0.794085971792419,0.462205049464635,0.254441698068992,0.329082194204537,0.532867138986167,-1.27048839947228,2.51626357138069,6.89014898076595
155,-0.0036949780832259,0.746956576252481,0.105397287507842,-0.00392054393041685,-0.0039205424674722,-0.00336098479763713,0.0253219824376454,0.0142577418996156,0.0127374676651476,5.67838097509374,8.02968793359601,0.860490945817252,3.11152460238844,0.333255453485188,4.06104361163627,2.78010415528005,1.35319507881672,-0.0722556224605009,8.48701016198357,12.4501807979663,1.13596003323982,0.214907940420652,0.17751148492396,0.0144692563978764,0.970902414520367,3.19821073510991,0.650504617728646,0.321200596603566,0.58254144871222,0.242725603630092,0.186382908810875,0.428766315969784,0.280291427814134,0.000235474770232929,1.00027464319807,1.00128654702636,0.998989396360822,0.539853653000176,0.0568991106774183,0.403247236322406,1.05385584707692,1.05059090103756,0.684578748997437,0.333213628866803,-0.0177923778642401,-0.000147942226012944,0.963151065839432,0.0206662428360997,0.999851699124862,0.292839188299341,0,0.462205049464635,0.67,0.1,1.025,0.5,0.6,0.25,0.005,0.975,0.8,0.1,1.20496474204359,0.794226942036909,0.462205049464635,0.254296705618263,0.328814084960731,0.532943368392556,-1.26989018985102,2.50659613266761,6.89429190050861
156,-0.00370248417281835,0.747362087378635,0.105397287386793,-0.00392054364243433,-0.00392054249843166,-0.00337978642854586,0.0253313320098653,0.0142635479182779,0.0127428154281504,5.67661536790054,8.02102116497763,0.859508440528357,3.10784484018123,0.332847024975796,4.05826048845105,2.78265285229807,1.34781442134844,-0.0722067851954629,8.48783307644976,12.4325204335712,1.13460676689848,0.215008133921006,0.177331869301169,0.0144580865897888,0.970504171069045,3.19571086852252,0.650237794616261,0.320997974507229,0.582302502641427,0.242626042767261,0.186443277669865,0.42874593237897,0.280247117287105,0.000226258093040677,1.00031245697866,1.00127900340632,0.999034688209412,0.539735495941888,0.0568866571786403,0.403377846879472,1.05384985828727,1.05058457597873,0.685676254694603,0.332116291003674,-0.0177925456982767,-0.00014419411044886,0.963151065839432,0.0206662428360997,0.999896842659055,0.292839188299341,0,0.462205049464635,0.67,0.1,1.025,0.5,0.6,0.25,0.005,0.975,0.8,0.1,1.20473416980207,0.794363045607681,0.462205049464635,0.254156023694384,0.328553283292418,0.533019191768479,-1.26930969012141,2.49717580459737,6.89837796950093
157,-0.00370973889509571,0.747754193137393,0.105397287292134,-0.00392054341723602,-0.00392054252264151,-0.00339794645033098,0.0253404158553855,0.0142691893034961,0.0127480116542265,5.67489241718985,8.01262061532286,0.858556100769504,3.10428135789796,0.332451455808899,4.05556573481951,2.7851491273459,1.34257607672875,-0.0721594692551429,8.48864574655726,12.4153822000091,1.13329535144031,0.215105827752804,0.177157455309271,0.0144472641170479,0.970118549732367,3.19328847259081,0.649979428320686,0.320801668038678,0.58207112983942,0.242529637433092,0.186501625731292,0.428726123070919,0.280206132389281,0.000217224867136753,1.00034917612878,1.00127171241043,0.999078635429115,0.539621294082348,0.0568746205613503,0.403504085356302,1.05384404035981,1.05057843137942,0.686747376187743,0.331045324997285,-0.0177927011850286,-0.000140527785662057,0.963151065839432,0.0206662428360997,0.999940872454878,0.292839188299341,0,0.462205049464635,0.67,0.1,1.025,0.5,0.6,0.25,0.005,0.975,0.8,0.1,1.20451033984122,0.794494449667685,0.462205049464635,0.254019525307667,0.328299600575503,0.533094547389431,-1.26874638534608,2.48799684417915,6.90240626655999
158,-0.00371675077177854,0.748133336679405,0.105397287218112,-0.003920543241134,-0.00392054254157326,-0.0034154874083594,0.0253492412227705,0.0142746705237159,0.0127530604502593,5.67321127907989,8.00447797087808,0.857632984498677,3.10083041188302,0.332068332952163,4.05295646593852,2.78759360749157,1.33747648540387,-0.0721136269569211,8.48944794178535,12.3987505875443,1.13202446855646,0.21520107666105,0.176988094234137,0.0144367780625364,0.969745144347336,3.19094109574167,0.649729246712715,0.320611477178584,0.581847086608402,0.242436286086834,0.186558021447164,0.428706871857937,0.280168283588446,0.00020837458837694,1.00038483184143,1.00126466547436,0.999121277656873,0.539510913446495,0.056862986701826,0.40362609985168,1.05383838860434,1.05057246228772,0.687792635059688,0.330000210129656,-0.0177928451893441,-0.000136942464182441,0.963151065839432,0.0206662428360997,0.999983811153404,0.292839188299341,0,0.462205049464635,0.67,0.1,1.025,0.5,0.6,0.25,0.005,0.975,0.8,0.1,1.20429305602388,0.794621315663995,0.462205049464635,0.253887087187996,0.328052852728233,0.533169378145094,-1.26819977527852,2.47905362443889,6.90637599628945
159,-0.0037235280289103,0.748499946506505,0.105397287160228,-0.0039205431034246,-0.00392054255637764,-0.00343243101293067,0.0253578151758094,0.0142799959347674,0.0127579658199813,5.67157111597044,7.99658518851175,0.856738180374059,3.09748838393544,0.331697257227564,4.05042989706582,2.78998693563906,1.33251217357223,-0.0720692121454701,8.49023945516414,12.38261056399,1.13079284331823,0.215293934452623,0.1768236416549,0.0144266178620723,0.969383562241929,3.18866636763937,0.649486986702093,0.320427208520345,0.581630137345158,0.242345890560482,0.186612530897982,0.428688163017802,0.280133392081296,0.000199706464200245,1.00041945442923,1.00125785433094,0.999162653358382,0.539404224700281,0.0568517419661755,0.403744033333543,1.05383289845174,1.05056666387941,0.688812547443123,0.328980431074611,-0.0177929785177345,-0.000133437272693264,0.963151065839432,0.0206662428360997,1.00002568128317,0.292839188299341,0,0.462205049464635,0.67,0.1,1.025,0.5,0.6,0.25,0.005,0.975,0.8,0.1,1.20408212794955,0.794743799524376,0.462205049464635,0.253758589677966,0.327812860110896,0.53324363130529,-1.26766937393666,2.47034063241281,6.91028648176746
160,-0.00373007860755594,0.748854436955785,0.105397287114963,-0.00392054299573774,-0.00392054256795449,-0.00344879817300647,0.0253661445975566,0.0142851697822552,0.0127627316661448,5.66997109729805,7.98893448624841,0.855870806675629,3.09425177682173,0.331337842812095,4.04798333970473,2.79232976890853,1.32767975093683,-0.0720261801406333,8.49102010233488,12.3669475586775,1.12959924263951,0.215384454006637,0.176663957312271,0.0144167732924199,0.969033423764667,3.18646199630129,0.649252393922327,0.320248675032872,0.5814200542588,0.242258355941167,0.186665217878344,0.428669981280544,0.280101289144643,0.000191219441964206,1.00045307334874,1.00125127099941,0.999202799862744,0.539301102983279,0.0568408731925448,0.403858023824177,1.05382756545117,1.05056103145508,0.689807623840416,0.327985478081402,-0.0177931019218178,-0.000130011262664749,0.963151065839432,0.0206662428360997,1.0000665052288,0.292839188299341,0,0.462205049464635,0.67,0.1,1.025,0.5,0.6,0.25,0.005,0.975,0.8,0.1,1.20387737078753,0.794862051846823,0.462205049464635,0.253633916628691,0.32757944742744,0.533317258295719,-1.26715470919402,2.46185246718844,6.91413715757742
161,-0.00373641017408547,0.749197208667708,0.105397287079567,-0.0039205429115281,-0.00392054257700747,-0.00346460902839829,0.0253742361943265,0.0142901962039269,0.0127673617926715,5.66841040021202,7.9815183341653,0.855030010268694,3.09111720996238,0.330989716758206,4.04561419795025,2.79462277709503,1.32297590854273,-0.0719844876875,8.49178972061217,12.3517474470403,1.12844247379913,0.215472687284355,0.176508904981475,0.014407234459734,0.968694361831433,3.18432576532286,0.64902522242706,0.320075695832875,0.58121661709886,0.242173590457858,0.186716143979224,0.428652311815479,0.280071815528536,0.000182912235117714,1.00048571722411,1.00124490777504,0.999241753396163,0.539201427747724,0.056830367674039,0.403968204578238,1.05382238526743,1.05055556043717,0.690778368958131,0.327014847143511,-0.0177932161016421,-0.000126663419982427,0.963151065839432,0.0206662428360997,1.00010630520281,0.292839188299341,0,0.462205049464635,0.67,0.1,1.025,0.5,0.6,0.25,0.005,0.975,0.8,0.1,1.20367860511438,0.794976218082331,0.462205049464635,0.253512955298289,0.327352443629022,0.53339021448314,-1.26665532238644,2.45358383798959,6.91792756316737
162,-0.00374253013006035,0.74952864903878,0.105397287051887,-0.00392054284567733,-0.00392054258408669,-0.00347988298049606,0.0253820964996399,0.014295079232015,0.012771859906782,5.66688821017734,7.9743294456363,0.854214965607482,3.08808141528489,0.330652518533133,4.04331996498921,2.79686664120297,1.31839741669476,-0.0719440929085155,8.49254816805196,12.3369965357865,1.12732138302052,0.215558685338751,0.176358352349575,0.0143979917884208,0.968366021488902,3.18225553120735,0.648805234397564,0.319908095966303,0.581019612893341,0.242091505372226,0.186765368667096,0.428635140218506,0.280044820888515,0.000174783347420981,1.00051741387027,1.00123875721929,0.999279549114711,0.539105082603752,0.0568202131423189,0.40407470425393,1.05381735367818,1.05055024636724,0.691725281555712,0.326068040153162,-0.0177933217088741,-0.000123392673793908,0.963151065839432,0.0206662428360997,1.00014510322061,0.292839188299341,0,0.462205049464635,0.67,0.1,1.025,0.5,0.6,0.25,0.005,0.975,0.8,0.1,1.20348565675543,0.795086438711166,0.462205049464635,0.253395596253006,0.327131681819443,0.533462458969688,-1.2661707679328,2.44552956230204,6.92165733652397
163,-0.00374844562173946,0.749849132659272,0.105397287030242,-0.00392054279418286,-0.0039205425896226,-0.00349463872161371,0.0253897318781191,0.0142998227955545,0.0127762296211014,5.6654037215107,7.96736076890908,0.853424873777048,3.08514123323644,0.330325899576269,4.04109821974744,2.79906205205418,1.31394112295074,-0.071904955257486,8.49329532252868,12.322681548632,1.12623485410623,0.215642498323802,0.176212170897046,0.0143890360104,0.968048059493962,3.18024922079676,0.648592199860955,0.319745706198486,0.580828835696377,0.242012014873491,0.186812949360008,0.42861845249969,0.280020163254304,0.000166831095239972,1.00054819031542,1.00123281215015,0.999316221136161,0.539011955170546,0.056810397751842,0.404177647077613,1.05381246657138,1.05054508490313,0.69264885430779,0.325144565042058,-0.0177934193498485,-0.000120197904502218,0.963151065839432,0.0206662428360997,1.00018292107813,0.292839188299341,0,0.462205049464635,0.67,0.1,1.025,0.5,0.6,0.25,0.005,0.975,0.8,0.1,1.20329835663058,0.79519284941291,0.462205049464635,0.253281733270973,0.326916999162462,0.53353395439603,-1.26570061296842,2.43768456403718,6.925326208148
164,-0.00375416354922097,0.750159021736507,0.105397287013316,-0.00392054275391496,-0.00392054259395158,-0.00350889426302281,0.0253971484668013,0.0143044306834051,0.0127804744194177,5.66395616030231,7.96060552328032,0.852658966713281,3.08229362088175,0.330009524182046,4.03894661620151,2.80120970313559,1.30960394846366,-0.0718670353977345,8.49403109732872,12.3087896661253,1.12518181369545,0.21572417539159,0.176070236066124,0.0143803581978541,0.967740143908525,3.17830483941669,0.648385896418712,0.31958837342961,0.580644086345115,0.241935035977131,0.186858941500768,0.428602233852152,0.279997690439705,0.000159036122986689,1.00057807072191,1.00122706563303,0.999351800472237,0.53892193693316,0.0568009100647166,0.404277153002123,1.05380771998728,1.05054007186493,0.693549573519556,0.324243936082631,-0.0177935096021865,-0.000117071276770685,0.963151065839432,0.0206662428360997,1.00021977823086,0.292839188299341,0,0.462205049464635,0.67,0.1,1.025,0.5,0.6,0.25,0.005,0.975,0.8,0.1,1.20311654060415,0.795295578968628,0.462205049464635,0.253171264007385,0.326708237315567,0.533604666476062,-1.26524443562352,2.43004386853542,6.92893398089423
165,-0.00375969057523534,0.750458666504152,0.10539728700008,-0.00392054272242603,-0.00392054259733676,-0.0035226669617433,0.0254043523787352,0.0143089066719467,0.0127845977747626,5.66254471299998,7.95405704968871,0.851916489877308,3.07953560932749,0.329703064877061,4.03686290418994,2.80331030732862,1.30538289231155,-0.0718302954502316,8.49475538674076,12.2953083411028,1.12416120891861,0.215803765039494,0.175932426244957,0.0143719496144685,0.96744195477562,3.17642043406768,0.648186109699666,0.319435916527349,0.580465172865372,0.241860488693905,0.186903398627336,0.42858647322973,0.279977297256881,0.000151434791209039,1.00060708496174,1.00122151097189,0.999386323602301,0.53883492310478,0.0567917390361406,0.40437333785908,1.05380310997369,1.05053520307726,0.694427919367368,0.323365673616928,-0.0177935929842963,-0.000114026135762957,0.963151065839432,0.0206662428360997,1.00025569845438,0.292839188299341,0,0.462205049464635,0.67,0.1,1.025,0.5,0.6,0.25,0.005,0.975,0.8,0.1,1.20294005066487,0.795394757934777,0.462205049464635,0.253064087460373,0.326505240661148,0.533674564653665,-1.26480182979642,2.42260261229896,6.93248056899721
166,-0.00376503313360401,0.750748405618008,0.10539728698973,-0.00392054269780195,-0.00392054259998398,-0.0035359735461522,0.0254113494930265,0.014313254393212,0.0127886030274217,5.6611686037442,7.94770895482929,0.851196718999223,3.07686434256903,0.329406206591808,4.03484490028088,2.80536457729253,1.30127502157352,-0.071794698585176,8.49546812337778,12.2822254694264,1.12317202886167,0.215881314781592,0.175798623631126,0.0143638018558123,0.967153180285386,3.1745941288187,0.647992630791209,0.31928819477252,0.580291908171232,0.241788295071347,0.186946372440549,0.428571157614632,0.27995886329094,0.000144003410656215,1.0006352555894,1.00121614170073,0.999419819470405,0.538750812494185,0.0567828740003997,0.404466313505416,1.05379863273508,1.05053047453182,0.695284365725342,0.322509304256984,-0.0177936699823265,-0.000111053237665755,0.963151065839432,0.0206662428360997,1.00029070272939,0.292839188299341,0,0.462205049464635,0.67,0.1,1.025,0.5,0.6,0.25,0.005,0.975,0.8,0.1,1.20276873048466,0.79549050818231,0.462205049464635,0.252960106522808,0.326307858019283,0.533743621095657,-1.26437239835149,2.41535602619173,6.93596594727281
167,-0.00377019743737801,0.751028566538713,0.105397286981636,-0.00392054267854636,-0.0039205426020541,-0.00354883014047347,0.0254181455349926,0.0143174773850455,0.0127924934312819,5.65982706703537,7.94155504954045,0.850498952947935,3.07427705935991,0.329118644597691,4.0328904955274,2.80737323056682,1.2972774741019,-0.0717602091413094,8.49616925599902,12.2695293119818,1.12221329518956,0.215956871266129,0.175668713780624,0.0143559067852484,0.966873520196509,3.17282410836098,0.647805258531661,0.319145059564074,0.580124112117905,0.241718380049127,0.186987912869301,0.428556273730591,0.279942275048518,0.000136740095263979,1.00066260668979,1.00121095157544,0.999452318330331,0.538669507378221,0.0567743046573989,0.40455618796438,1.0537942845762,1.05052588232612,0.696119379804569,0.321674361240758,-0.0177937410453266,-0.000108151343956464,0.963151065839432,0.0206662428360997,1.00032481175432,0.292839188299341,0,0.462205049464635,0.67,0.1,1.025,0.5,0.6,0.25,0.005,0.975,0.8,0.1,1.20260242998461,0.795582946241813,0.462205049464635,0.25285922693159,0.326115941917016,0.533811810796336,-1.26395575558947,2.40829944211233,6.93939016158121
168,-0.00377518948666943,0.751299465901807,0.105397286975307,-0.00392054266348874,-0.00392054260367281,-0.00356125228820192,0.0254247460799276,0.0143215790933775,0.0127962721559098,5.65851934799693,7.93558934180161,0.849822512934981,3.07177108831314,0.328840084165661,4.03099765191971,2.80933698856195,1.29338745594514,-0.0717267925873759,8.49685874871201,12.2572084827612,1.12128406103855,0.216030480286393,0.175542585507567,0.0143482565252808,0.966602684057099,3.17110861622926,0.647623798318257,0.319006367391719,0.57996161043426,0.241650671014275,0.187028068133258,0.428541809511964,0.279927425256197,0.000129642537804263,1.00068916167622,1.0012059345659,0.999483849553984,0.53859091337905,0.0567660210597043,0.404643065561246,1.0537900618994,1.05052142266065,0.696933422231976,0.320860384359167,-0.0177938065911434,-0.000105319205940487,0.963151065839432,0.0206662428360997,1.00035804593644,0.292839188299341,0,0.462205049464635,0.67,0.1,1.025,0.5,0.6,0.25,0.005,0.975,0.8,0.1,1.20244100342345,0.795672186192945,0.462205049464635,0.252761357189186,0.325929348503553,0.53387911142566,-1.26355152692376,2.40142828966534,6.94275332425468
169,-0.00378001507618871,0.751561409875566,0.105397286970357,-0.00392054265171393,-0.00392054260493868,-0.00357325497451733,0.0254311565566058,0.0143255628743222,0.0127999422884623,5.65724470262024,7.92980603006375,0.849166741757282,3.06934384562725,0.328570240216998,4.02916439980567,2.81125657555768,1.28960223973244,-0.071694415484451,8.49753658016399,12.2452519375243,1.12038340993877,0.216102186789309,0.175420130787871,0.0143408434489424,0.966340390902435,3.16944595275875,0.647448061904631,0.318871979361195,0.579804234541461,0.241585097725609,0.187066884803238,0.428527753217668,0.279914212505466,0.000122708348648614,1.00071494329932,1.00120108484843,0.999514441647669,0.538514939345995,0.0567580136000744,0.404727047053931,1.05378596120238,1.05051709183645,0.697726946980084,0.320066920028202,-0.017793867008286,-0.000102555559139372,0.963151065839432,0.0206662428360997,1.00039042538153,0.292839188299341,0,0.462205049464635,0.67,0.1,1.025,0.5,0.6,0.25,0.005,0.975,0.8,0.1,1.20228430930984,0.795758338177391,0.462205049464635,0.252666408482689,0.325747937468385,0.53394550317887,-1.26315934855685,2.39473809454314,6.94605560962936
170,-0.00378467980249969,0.751814694507015,0.105397286966487,-0.00392054264250619,-0.00392054260592856,-0.003584852647736,0.0254373822507531,0.0143294319962632,0.012803506835589,5.65600239796917,7.92419949681998,0.848531003067238,3.06699283203096,0.328308836987746,4.02738883539719,2.81313271775909,1.28591916308788,-0.0716630454497819,8.49820274275312,12.2336489628632,1.1195104547767,0.216172034884185,0.175301244666147,0.0143336601714955,0.966086368930374,3.16783447312658,0.647277867183351,0.31874176104304,0.579651821358224,0.241521592232593,0.187104407859331,0.428514093441566,0.279902540912383,0.000115935060443416,1.00073997366593,1.00119639679849,0.999544122278093,0.538441497241799,0.0567502729994588,0.404808229758743,1.05378197907583,1.05051288625273,0.698500401310586,0.31929352134722,-0.0177939226578065,-9.98591275306499e-05,0.963151065839432,0.0206662428360997,1.00042196988501,0.292839188299341,0,0.462205049464635,0.67,0.1,1.025,0.5,0.6,0.25,0.005,0.975,0.8,0.1,1.20213221027553,0.795841508569933,0.462205049464635,0.252574294605282,0.325571571961186,0.534010968633268,-1.26277886716889,2.3882244768932,6.94929724980062
171,-0.003789189071004,0.752059606056503,0.10539728696346,-0.00392054263530583,-0.0039205426067026,-0.00359605923984974,0.0254434283084605,0.0143331896419055,0.0128069687253033,5.65479171234986,7.91876430241253,0.847914680669782,3.06471562986269,0.328055607705841,4.02566911837851,2.81496614240698,1.28233562709356,-0.0716326511220275,8.49885724186147,12.2223891656596,1.11866433679602,0.216240067851494,0.17518582516566,0.0143266995424207,0.965840355189322,3.16627258546604,0.647113037976846,0.318615582319586,0.579504213113593,0.24146008879733,0.187140680746858,0.428500819102053,0.279892319798876,0.000109320140221371,1.00076427425734,1.00119186498364,0.999572918297424,0.5383705020331,0.0567427902954449,0.404886707671455,1.05377811220123,1.05050880240444,0.699254225727443,0.31853974814765,-0.0177939738750931,-9.7228627390343e-05,0.963151065839432,0.0206662428360997,1.00045269892461,0.292839188299341,0,0.462205049464635,0.67,0.1,1.025,0.5,0.6,0.25,0.005,0.975,0.8,0.1,1.20198457295318,0.795921800105808,0.462205049464635,0.252484931879897,0.325400118513345,0.534075492611532,-1.26240973961723,2.38188314971001,6.95247853058979
172,-0.00379354810266576,0.752296421321219,0.105397286961094,-0.00392054262967523,-0.0039205426073079,-0.00360688818619415,0.0254492997395367,0.014336838910294,0.0128103308088251,5.65361193544861,7.91349517906676,0.847317177845321,3.06250990025863,0.327810294280413,4.0240034696115,2.8167575769407,1.27884909479861,-0.0716032021278078,8.49950009511075,12.2114624629218,1.11784422463561,0.216306328151698,0.175073773201203,0.0143199546376878,0.965602095277434,3.16475874905099,0.646953403835881,0.318493317237933,0.579361257166461,0.241400523819359,0.187175745430258,0.428487919432438,0.279883463394055,0.000102861000317201,1.00078786594698,1.00118748415682,0.999600855767608,0.538301871584974,0.0567355568311354,0.404962571583891,1.05377435734859,1.05050483688001,0.699988853939122,0.317805167032454,-0.0177940209715752,-9.46627707639949e-05,0.963151065839432,0.0206662428360997,1.00048263165432,0.292839188299341,0,0.462205049464635,0.67,0.1,1.025,0.5,0.6,0.25,0.005,0.975,0.8,0.1,1.20184126785774,0.795999312004618,0.462205049464635,0.252398239085041,0.32523344696112,0.534139062051291,-1.26205163264589,2.37570991724991,6.95559978771319
173,-0.00379776194048718,0.75252540794802,0.105397286959243,-0.00392054262527219,-0.0039205426077813,-0.00361735244428973,0.0254550014208004,0.0143403828187981,0.0128135958623914,5.6524623684409,7.90838702514335,0.846737916697521,3.06037338044555,0.327572647002775,4.0223901689335,2.81850774821115,1.27545708977184,-0.0715746690494879,8.5001313316412,12.2008590719819,1.1170493134031,0.216370857434132,0.174964992494803,0.0143134187522963,0.96537134305265,3.16329147254772,0.646798799845275,0.318374843868491,0.57922280583159,0.241342835763162,0.187209642444984,0.428475383971602,0.279875890554192,9.65550083509823e-05,1.00081076901769,1.00118324924981,0.999627959983949,0.538235526559362,0.0567285642444363,0.405035909196202,1.05377071137431,1.05050098635897,0.700704712829534,0.317089351406805,-0.0177940642363393,-9.2160268586085e-05,0.963151065839432,0.0206662428360997,1.00051178689952,0.292839188299341,0,0.462205049464635,0.67,0.1,1.025,0.5,0.6,0.25,0.005,0.975,0.8,0.1,1.20170216927132,0.796074140089942,0.462205049464635,0.25231413738274,0.325071430370373,0.534201665880743,-1.26170422260436,2.36970067346747,6.9586614031445
174,-0.00380183545574499,0.752746824735917,0.105397286957796,-0.00392054262182917,-0.00392054260815144,-0.00362746451189588,0.0254605380993107,0.014343824305061,0.012816766589037,5.65134232407363,7.90343489959982,0.846176337524938,3.05830388113407,0.327342424258607,4.02082755304365,2.82021738174199,1.2721571946958,-0.0715470233941279,8.50075099141408,12.1905695010421,1.11627882378249,0.216433696545952,0.174859389494122,0.0143070853930762,0.965147860353149,3.16186931233165,0.64664906643661,0.318260044168842,0.579088716211889,0.241286965088287,0.187242410947489,0.428463202554918,0.279869524500112,9.0399496326296e-05,1.00083300317847,1.00117915536698,0.999654255497982,0.538171390317241,0.0567218044577421,0.405106805225017,1.05376717121901,1.05049724760982,0.701402222437253,0.316391881500403,-0.0177941039376554,-8.97198334564384e-05,0.963151065839432,0.0206662428360997,1.00054018315324,0.292839188299341,0,0.462205049464635,0.67,0.1,1.025,0.5,0.6,0.25,0.005,0.975,0.8,0.1,1.20156715513142,0.79614637690485,0.462205049464635,0.252232550248555,0.32491394496286,0.534263294900054,-1.26136719517502,2.36385140047278,6.96166380166212
175,-0.00380577335399732,0.752960921928558,0.105397286956664,-0.00392054261913666,-0.00392054260844088,-0.00363723644431335,0.0254659143955377,0.0143471662289149,0.0128198456203434,5.65025112672317,7.89863401665287,0.845631898215508,3.0562992840084,0.327119392250873,4.01931401347376,2.82188720103698,1.26894705000032,-0.0715202375635396,8.50135912453793,12.1805845400529,1.11553200117458,0.216494885541164,0.174756873293482,0.0143009482717397,0.964931416727839,3.16049087086617,0.646504049207652,0.31814880385266,0.578958850036703,0.24123285418196,0.18727408876338,0.428451365305451,0.279864292570879,8.43917689902567e-05,1.00085458758077,1.00117519777923,0.999679766139655,0.538109388824382,0.0567152696679985,0.40517534150762,1.0537637339055,1.05049361748775,0.702081795942565,0.315712344381851,-0.0177941403244166,-8.73401821567854e-05,0.963151065839432,0.0206662428360997,1.00056783857339,0.292839188299341,0,0.462205049464635,0.67,0.1,1.025,0.5,0.6,0.25,0.005,0.975,0.8,0.1,1.20143610692258,0.796216111823465,0.462205049464635,0.252153403403617,0.324760870044056,0.534323941668332,-1.26104024510871,2.35815816700878,6.96460744757318
176,-0.00380958018087019,0.753167941497053,0.105397286955779,-0.00392054261703123,-0.00392054260866725,-0.00364667987097311,0.0254711348064699,0.0143504113742596,0.0128228355181562,5.6491881124312,7.89397974063397,0.845104073663031,3.05435753930861,0.326903324733049,4.01784799463989,2.82351792693159,1.2658243525337,-0.0714942848253967,8.50195579061872,12.1708952519108,1.11480811486886,0.216554463689731,0.174657355557382,0.0142950012981754,0.964721789176487,3.15915479514137,0.646363598748246,0.318041012263565,0.578833073505892,0.241180447294122,0.187304712433803,0.428439862625412,0.279860125992626,7.85291113711773e-05,1.00087554083427,1.00117137191823,0.999704515038828,0.538049450560556,0.0567089523371301,0.405241597102314,1.05376039653671,1.05049009293252,0.702743839661977,0.315050333965515,-0.0177941736274917,-8.50200378593061e-05,0.963151065839432,0.0206662428360997,1.00059477098091,0.292839188299341,0,0.462205049464635,0.67,0.1,1.025,0.5,0.6,0.25,0.005,0.975,0.8,0.1,1.20130890957113,0.796283431158699,0.462205049464635,0.252076624748642,0.324612087932473,0.534383600395929,-1.26072307596813,2.35261712694796,6.96749284160657
177,-0.00381326032763226,0.753368117413442,0.105397286955087,-0.00392054261538477,-0.00392054260884422,-0.00365580601134285,0.0254762037086613,0.0143535624509076,0.0128257387762701,5.64815262892049,7.88946758103041,0.844592355204757,3.05247666350175,0.326694002752225,4.01642799197128,2.82511027698692,1.2627868542697,-0.071469139285349,8.50254105813403,12.1614929639638,1.11410645724561,0.216612469486769,0.174560750446442,0.0142892385739737,0.964518761899144,3.15785977517018,0.646227570472427,0.317936562253586,0.578711257139486,0.241129690474786,0.187334317260147,0.428428685187879,0.279856959661604,7.28087957153292e-05,1.00089588102232,1.00116767337073,0.999728524646133,0.537991506432048,0.0567028451828181,0.405305648385134,1.05375715629366,1.05048667096636,0.703388753049746,0.31440545101125,-0.017794204060996,-8.27581321278961e-05,0.963151065839432,0.0206662428360997,1.00062099785869,0.292839188299341,0,0.462205049464635,0.67,0.1,1.025,0.5,0.6,0.25,0.005,0.975,0.8,0.1,1.20118545134327,0.796348418266325,0.462205049464635,0.252002144299871,0.324467483890455,0.534442266841879,-1.26041539987848,2.34722451780788,6.97032051796727
178,-0.00381681803656644,0.753561675915124,0.105397286954546,-0.00392054261409724,-0.00392054260898267,-0.00366462569018444,0.0254811253612167,0.0143566220963923,0.0128285578220835,5.64714403559198,7.88509318770413,0.844096250079184,3.0506547370383,0.326491214401686,4.01505255011285,2.82666496492414,1.25983236104881,-0.0714447758600976,8.50311500383082,12.1523692598092,1.11342634300695,0.216668940661815,0.174466974545664,0.0142836543861785,0.964322126054493,3.15660454253971,0.64609582445651,0.317835350066149,0.578593275632696,0.241080531513623,0.187362937347113,0.428417823928764,0.279854731940447,6.72280877335177e-05,1.00091562571685,1.00116409787325,0.99975181675319,0.537935489687359,0.0566969411696126,0.405367569143029,1.05375401043357,1.05048334869192,0.70401692870609,0.313777303117393,-0.0177942318234825,-8.05532066706946e-05,0.963151065839432,0.0206662428360997,1.00064653635132,0.292839188299341,0,0.462205049464635,0.67,0.1,1.025,0.5,0.6,0.25,0.005,0.975,0.8,0.1,1.2010656237461,0.796411153645496,0.462205049464635,0.251929894126882,0.324326946056416,0.534499938216238,-1.26011693728531,2.34197665928494,6.97309104154503
179,-0.00382025740614594,0.753748835760552,0.105397286954122,-0.00392054261309038,-0.00392054260909092,-0.00367314935219143,0.0254859039087166,0.0143595928777417,0.0128312950182197,5.64616170350534,7.88085234628178,0.843615280903338,3.04888990219042,0.32629475458259,4.01372026119846,2.82818270009754,1.25695873135231,-0.0714211702513891,8.50367771214686,12.1435159713755,1.11276710843579,0.216723914188201,0.174375946794932,0.014278243201253,0.964131679526802,3.15538786901556,0.645968225282957,0.317737275223312,0.578479007716081,0.2410329198817,0.187390605644226,0.428407270039035,0.279853384466815,6.17842522952775e-05,1.00093479199287,1.00116064130682,0.999774412512203,0.537881335835952,0.0566912335003686,0.405427430663679,1.05375095628787,1.05048012329021,0.704628752391665,0.313165504707391,-0.017794257099056,-7.84040148925377e-05,0.963151065839432,0.0206662428360997,1.0006714032654,0.292839188299341,0,0.462205049464635,0.67,0.1,1.025,0.5,0.6,0.25,0.005,0.975,0.8,0.1,1.20094932143169,0.796471715035851,0.462205049464635,0.251859808292233,0.324190365378498,0.534556613087149,-1.25982741671911,2.336869951806,6.97580500527021
180,-0.00382358239602282,0.753929808476466,0.105397286953792,-0.00392054261230312,-0.00392054260917551,-0.00368138707603538,0.0254905433840799,0.0143624772932168,0.0128339526641176,5.64520501534418,7.87674097370921,0.843148985168737,3.04718036096897,0.326104424774375,4.01242976319144,2.82966418700468,1.25416387510765,-0.0713982989208929,8.5042292746555,12.1349251712749,1.11212811068147,0.216777426292487,0.174287588421673,0.014272999659255,0.963947226701141,3.15420856519712,0.645844641889764,0.317642240417115,0.578368336020684,0.240986806675285,0.187417353985846,0.428397014957174,0.279852861973628,5.64745585958895e-05,1.00095339644258,1.001157299692,0.999796332454968,0.537828982569952,0.056685715607991,0.405485301822057,1.05374799126038,1.05047699201866,0.70522460304798,0.312569677010437,-0.017794280058416,-7.63093232699277e-05,0.963151065839432,0.0206662428360997,1.00069561507051,0.292839188299341,0,0.462205049464635,0.67,0.1,1.025,0.5,0.6,0.25,0.005,0.975,0.8,0.1,1.20083644210409,0.796530177511315,0.462205049464635,0.251791822792882,0.324057635549613,0.534612291292417,-1.25954657456645,2.33190087509746,6.97846302761044
181,-0.00382679683183607,0.75410479859696,0.105397286953533,-0.00392054261168739,-0.00392054260924168,-0.00368934858784797,0.025495047711368,0.0143652777740138,0.012836532997589,5.64427336536745,7.87275511396376,0.842696914755297,3.04552437311593,0.325920032813543,4.0111797382897,2.83111012483178,1.25144575252384,-0.0713761390659244,8.50476978953349,12.1265891654158,1.11150872707113,0.216829512463988,0.17420182287559,0.0142679185682116,0.963768578246562,3.15306547922171,0.645724947425197,0.317550151404907,0.578261146947937,0.240942144561641,0.187443213129734,0.428387050361874,0.279853112120054,5.12962847744311e-05,1.00097145518905,1.001154069184,0.999817596511292,0.537778369688656,0.0566803811474783,0.405541249163866,1.05374511282545,1.05047395220919,0.705804852823381,0.311989448036448,-0.0177943008598289,-7.42679125493482e-05,0.963151065839432,0.0206662428360997,1.00071918790072,0.292839188299341,0,0.462205049464635,0.67,0.1,1.025,0.5,0.6,0.25,0.005,0.975,0.8,0.1,1.20072688642914,0.796586613570728,0.462205049464635,0.251725875503332,0.323928652943857,0.534666973855413,-1.25927415484749,2.32706598677139,6.98106575020147
182,-0.00382990440984634,0.754274003894643,0.10539728695333,-0.003920542611206,-0.00392054260929342,-0.00369704327416442,0.0254994207085278,0.0143679966859333,0.0128390381963465,5.64336615934824,7.86889093391807,0.842258635462449,3.04392025416935,0.325741392680482,4.00996891139252,2.83252120703274,1.24880237295576,-0.0713546685959834,8.50529936105113,12.1185004858659,1.11090835444563,0.216880207464377,0.1741185757654,0.0142629948986876,0.963595550906941,3.15195749551572,0.645609019107651,0.317460916908387,0.578157330544165,0.240898887726735,0.187468212794232,0.428377368164957,0.27985408533263,4.62467221293109e-05,1.00098898389953,1.0011509460681,0.999838224026849,0.537729439025764,0.0566752239882519,0.405595336985984,1.05374231852615,1.05047100126628,0.706369867104289,0.311424452545748,-0.0177943196500371,-7.22785787746285e-05,0.963151065839432,0.0206662428360997,1.00074213755656,0.292839188299341,0,0.462205049464635,0.67,0.1,1.025,0.5,0.6,0.25,0.005,0.975,0.8,0.1,1.20062055794702,0.796641093225383,0.462205049464635,0.251661906120462,0.323803316554253,0.534720662905135,-1.25900990899964,2.32236192092865,6.98361383560637
183,-0.00383290870140392,0.754437615604162,0.105397286953172,-0.00392054261082952,-0.00392054260933394,-0.00370448019435154,0.0255036660900761,0.0143706363310126,0.0128414703794978,5.64248281450132,7.86514471935007,0.841833726556875,3.04236637359807,0.32556832429401,4.00879604862626,2.83389812094035,1.24623179379598,-0.071333866110075,8.50581809908492,12.1106518839557,1.11032640851935,0.21692954533735,0.174037774797503,0.0142582237785396,0.96342796729918,3.15088353359093,0.64549673809045,0.317374448516323,0.578056780379508,0.240856991824795,0.187492381694108,0.428367960504531,0.279855734655824,4.13231788839639e-05,1.00100599779835,1.00114792675509,0.999858233780498,0.537682134379222,0.056670238206761,0.405647627414017,1.05373960597257,1.05046813666518,0.706920004551343,0.310874332013762,-0.0177943365651044,-7.03401342159127e-05,0.963151065839432,0.0206662428360997,1.00076447950746,0.292839188299341,0,0.462205049464635,0.67,0.1,1.025,0.5,0.6,0.25,0.005,0.975,0.8,0.1,1.20051736298753,0.796693684083628,0.462205049464635,0.251599856109985,0.32368152793181,0.534773361600228,-1.25875359566716,2.31778538677841,6.98610796519706
184,-0.00383581315725646,0.754595818638329,0.105397286953048,-0.00392054261053509,-0.00392054260936558,-0.00371166809254531,0.0255077874697244,0.0143731989491249,0.01284383160901,5.6416227594004,7.86151287109299,0.841421780336144,3.04086115300321,0.325400653313335,4.00765995592664,2.83524154740806,1.24373211939337,-0.0713137108747854,8.5063261186517,12.103036323613,1.10976232326254,0.216977559418367,0.17395934971651,0.0142536004878492,0.963265655718511,3.14984254688411,0.645387989331402,0.317290660590719,0.577959393431106,0.240816413929628,0.18751574757512,0.428358819738342,0.279858015611423,3.65229835708742e-05,1.00102251167945,1.00114500777696,0.999877644001061,0.537636401443571,0.0566654180793524,0.405698180477077,1.05373697284002,1.05046535595003,0.707455617140161,0.310338734591043,-0.0177943517312044,-6.84514081320081e-05,0.963151065839432,0.0206662428360997,1.00078622889453,0.292839188299341,0,0.462205049464635,0.67,0.1,1.025,0.5,0.6,0.25,0.005,0.975,0.8,0.1,1.20041721058789,0.796744451432576,0.462205049464635,0.251539668654503,0.323563191125868,0.534825074056812,-1.25850498049657,2.31333316727422,6.98854883715274
185,-0.00383862111170253,0.754748791797111,0.105397286952952,-0.00392054261030483,-0.00392054260939034,-0.00371861540911722,0.0255117883629475,0.0143756867195442,0.0128461238911432,5.640785433886,7.85799190131971,0.841022401707605,3.03940306438405,0.325238210947124,4.00655947767494,2.83655216048087,1.24130149999715,-0.0712941828030831,8.50682353946396,12.0956469749189,1.10921555030567,0.217024282344441,0.173883232247568,0.0142491204540283,0.963108449950627,3.14883352163837,0.64528266146692,0.317209470176311,0.577865069970376,0.240777112487657,0.187538337247346,0.428349938437355,0.279860886066187,3.18434880510857e-05,1.00103853991857,1.00114218578274,0.999896472383599,0.537592187744716,0.0566607580753948,0.40574705417989,1.05373441686745,1.05046265673217,0.707977050206405,0.309817315058949,-0.0177943652653544,-6.66112474295234e-05,0.963151065839432,0.0206662428360997,1.00080740053372,0.292839188299341,0,0.462205049464635,0.67,0.1,1.025,0.5,0.6,0.25,0.005,0.975,0.8,0.1,1.2003200124131,0.796793458317076,0.462205049464635,0.251481288603091,0.3234482126257,0.534875805279963,-1.25826383593768,2.30900211776627,6.99093716456971
186,-0.00384133578659691,0.754896707969709,0.105397286952876,-0.00392054261012487,-0.00392054260940966,-0.00372533029169264,0.025515672189492,0.0143781017624756,0.0128483491778521,5.63997028896524,7.8545784299574,0.840635207782071,3.03799062846573,0.325080833769419,4.00549349538589,2.837830627094,1.23893813072571,-0.0712752624338211,8.50731048550591,12.0884772078782,1.10868555836476,0.217069746063994,0.17380935604042,0.0142447792470917,0.962956189090378,3.14785547582444,0.645180646690553,0.317130796913301,0.577773713454227,0.240739047272595,0.187560176617325,0.428341309379523,0.279864306107223,2.72820701901839e-05,1.00105409648506,1.00113945753447,0.99991473610518,0.537549442577013,0.056656252850648,0.405794304572339,1.05373193585571,1.05046003668834,0.708484642494859,0.309309734781239,-0.0177943772760972,-6.48185172131212e-05,0.963151065839432,0.0206662428360997,1.00082800891926,0.292839188299341,0,0.462205049464635,0.67,0.1,1.025,0.5,0.6,0.25,0.005,0.975,0.8,0.1,1.20022568267871,0.796840765616003,0.462205049464635,0.25142466242239,0.323336501303355,0.534925561098647,-1.25802994105012,2.30478916466965,6.99327367367748
187,-0.00384396029521315,0.755039734329953,0.105397286952817,-0.00392054260998409,-0.00392054260942487,-0.00373182060573862,0.0255194422758315,0.0143804461405533,0.0128505093681587,5.63917678670397,7.85126918122577,0.840259827481561,3.03662241308619,0.324928363542111,4.00446092644516,2.83907760679788,1.23664025055919,-0.0712569309119136,8.50778708462954,12.0815205863943,1.10817183268685,0.217113981846744,0.173737656615134,0.0142405725750886,0.962808717366798,3.14690745810046,0.645081840635755,0.317054562953101,0.577685230420079,0.240702179341699,0.187581290719058,0.428332925543765,0.279868237924629,2.28361362844855e-05,1.00106919495339,1.00113681990331,0.999932451840173,0.537508116942599,0.0566518972408673,0.405839985816533,1.05372952766605,1.05045749355904,0.708978726212256,0.308815661651879,-0.0177943878641351,-6.30721012540286e-05,0.963151065839432,0.0206662428360997,1.00084806822739,0.292839188299341,0,0.462205049464635,0.67,0.1,1.025,0.5,0.6,0.25,0.005,0.975,0.8,0.1,1.20013413807599,0.796886432115977,0.462205049464635,0.251369738149136,0.323227968357708,0.534974348104019,-1.25780308131517,2.30069130414872,6.99555910215642
188,-0.00384649764596899,0.755178032525241,0.105397286952771,-0.00392054260987396,-0.00392054260943664,-0.00373809394474067,0.025523101857563,0.0143827218603046,0.0128526063094939,5.63840440011236,7.84806098029595,0.8398959011607,3.03529703164033,0.324780647043729,4.00346072289408,2.84029375150822,1.23440614135502,-0.0712391699691638,8.50825346817032,12.0747708624422,1.10767387451495,0.217157020293647,0.173668071309446,0.0142364962796893,0.962665883974213,3.14598854680868,0.644986142262723,0.316980692877101,0.577599530384528,0.240666470993553,0.187601703743905,0.428324780104129,0.27987264570087,1.85031231249787e-05,1.00108384851425,1.0011342698658,0.999949635775076,0.537468163492866,0.0566476862556362,0.405884150251497,1.05372719021847,1.05045502514688,0.709459627083578,0.308334770039341,-0.0177943971229192,-6.13709023481656e-05,0.963151065839432,0.0206662428360997,1.00086759232029,0.292839188299341,0,0.462205049464635,0.67,0.1,1.025,0.5,0.6,0.25,0.005,0.975,0.8,0.1,1.20004529769936,0.796930514582589,0.462205049464635,0.251316465344121,0.323122527259703,0.535022173590888,-1.25758304845285,2.29670560081724,6.99779419755193
189,-0.00384895074601953,0.755311758859235,0.105397286952734,-0.00392054260978791,-0.00392054260944596,-0.00374415763998748,0.0255266540817506,0.0143849308735815,0.0128546417990106,5.63765261302443,7.84495075006384,0.839543080241146,3.03401314157895,0.324637535904291,4.00249187025983,2.8414797052799,1.23223412688565,-0.0712219619057199,8.50870977058176,12.0682219704311,1.10719120057164,0.217198891346856,0.173600539227668,0.0142325463319201,0.962527542909221,3.14509784900777,0.644893453749179,0.316909113618228,0.577516525745533,0.240631885727305,0.187621439069433,0.428316866424137,0.279877495506526,1.42804998694831e-05,1.00109806998542,1.00113180450025,0.999966303622886,0.537429536472009,0.0566436150724153,0.405926848455576,1.05372492149024,1.05045262931494,0.709927664411574,0.307866740727622,-0.0177944051391955,-5.97138426254056e-05,0.963151065839432,0.0206662428360997,1.00088659475026,0.292839188299341,0,0.462205049464635,0.67,0.1,1.025,0.5,0.6,0.25,0.005,0.975,0.8,0.1,1.19995908297602,0.796973067829228,0.462205049464635,0.251264795047503,0.323020093698757,0.535069045502237,-1.25736964024396,2.29282918645434,6.99997971578091
190,-0.00385132240472347,0.755441064468507,0.105397286952706,-0.00392054260972063,-0.00392054260945318,-0.00375001876997771,0.0255301020092139,0.0143870750789607,0.0128566175848662,5.63692091997244,7.84193550803473,0.839201026858631,3.03276944296044,0.32449888644598,4.00155338642906,2.84263610410345,1.23012257189775,-0.0712052895721369,8.50915612908836,12.0618680217504,1.10672334256052,0.217239624299717,0.173535001191093,0.0142287188280419,0.962393552813306,3.14423449953909,0.644803680384915,0.316839754385216,0.577436131687984,0.240598388203327,0.187640519287237,0.428309178051316,0.279882755201985,1.01657696629777e-05,1.00111187182226,1.00112942098325,0.999982470637037,0.537392191662565,0.056639679030803,0.405968129306632,1.05372271951439,1.05045030398519,0.710383151139251,0.307411260854262,-0.0177944119935127,-5.80998637513003e-05,0.963151065839432,0.0206662428360997,1.00090508876405,0.292839188299341,0,0.462205049464635,0.67,0.1,1.025,0.5,0.6,0.25,0.005,0.975,0.8,0.1,1.1998754175978,0.797014144783586,0.462205049464635,0.251214679735451,0.322920585530311,0.535114972376647,-1.25716266035711,2.28905925873624,7.00211641972608
191,-0.00385361533698676,0.755566095493362,0.105397286952684,-0.00392054260966801,-0.00392054260945884,-0.00375568416946703,0.0255334486167633,0.0143891563231109,0.0128585353674773,5.63620882605651,7.83901236331432,0.838869413522074,3.03156467705325,0.324364559529422,4.00064432056316,2.84376357572293,1.22806988119226,-0.0711891363520236,8.50959268335643,12.0557032994916,1.10626984668504,0.217279247806777,0.173471399689862,0.0142250099855665,0.962263776820889,3.14339766012594,0.644716730469996,0.316772546589556,0.577358266092533,0.240565944205222,0.187658966229786,0.4283017087119,0.279888394344687,6.15647101340282e-06,1.00112526612791,1.00112711658633,0.999998151624916,0.537356086332877,0.0566358736269975,0.406008040040125,1.05372058237827,1.05044804713701,0.710826393915117,0.306968023845575,-0.0177944177606916,-5.65279271084557e-05,0.963151065839432,0.0206662428360997,1.00092308730733,0.292839188299341,0,0.462205049464635,0.67,0.1,1.025,0.5,0.6,0.25,0.005,0.975,0.8,0.1,1.199794227455,0.797053796551918,0.462205049464635,0.251166073278079,0.322823922724496,0.535159963298518,-1.25696191818058,2.28539307998366,7.00420507791393
192,-0.00385583216648857,0.755686993242995,0.105397286952667,-0.00392054260962682,-0.00392054260946328,-0.00376116043817043,0.0255366967993835,0.01439117640213,0.0128603968007455,5.6355158468102,7.83617851370223,0.838547922784328,3.03039762498708,0.324234420405347,3.99976375205339,2.8448627394742,1.22607449872445,-0.0711734861452548,8.51001957518188,12.0497222533392,1.10583027318383,0.217317789893799,0.173409678836237,0.014221416139406,0.962138082412615,3.1425865185042,0.644632515216452,0.316707423774871,0.577282849447569,0.240534520603154,0.18767680099632,0.428294452305693,0.279894384101627,2.25017902912502e-06,1.00113826466324,1.00112488867268,1.00001336096096,0.537321179186397,0.0566321945084539,0.406046626305149,1.05371850822209,1.05044585680564,0.711257693160924,0.306536729349338,-0.0177944225102619,-5.49970138802253e-05,0.963151065839432,0.0206662428360997,1.00094060302929,0.292839188299341,0,0.462205049464635,0.67,0.1,1.025,0.5,0.6,0.25,0.005,0.975,0.8,0.1,1.19971544057233,0.797092072481135,0.462205049464635,0.251118930898627,0.322730027315899,0.535204027850935,-1.25676722865878,2.28182797592485,7.00624646327255
193,-0.0038579754287938,0.755803894355207,0.105397286952653,-0.00392054260959462,-0.00392054260946673,-0.00376645394913355,0.0255398493723648,0.0143931370628502,0.0128622034932554,5.63484150806253,7.83343124288444,0.838236246924151,3.02926710645103,0.324108338571424,3.99891078951429,2.84593420614234,1.22413490672367,-0.0711583233517278,8.51043694819482,12.0439194946261,1.105404195882,0.21735527796779,0.173349784319227,0.0142179337381513,0.962016341273677,3.14180028758339,0.644550948653363,0.316644321548815,0.577209804764206,0.240504085318419,0.187694043977844,0.428287402901098,0.27990069716669,-1.55549362442193e-06,1.00115087885643,1.00112273469406,1.00002811259937,0.537287430312775,0.0566286374687291,0.406083932218497,1.05371649523759,1.0504437310807,0.71167734314173,0.306117083165135,-0.0177944263068652,-5.35061251011863e-05,0.963151065839432,0.0206662428360997,1.00095764828739,0.292839188299341,0,0.462205049464635,0.67,0.1,1.025,0.5,0.6,0.25,0.005,0.975,0.8,0.1,1.19963898704674,0.797129020218798,0.462205049464635,0.251073209133851,0.322638823354408,0.535247176071079,-1.2565784121333,2.27836133447428,7.0082413519653
194,-0.00386004757435627,0.755916930950823,0.105397286952642,-0.00392054260956942,-0.00392054260946939,-0.00377157085678692,0.0255429090733848,0.0143950400041142,0.0128639570094448,5.63418534579687,7.83076791772048,0.837934087638924,3.02817197843683,0.323986187634079,3.99808456981369,2.84697857783735,1.22224962483198,-0.0711436328556463,8.51084494758,12.038289791545,1.10499120175783,0.217391738827014,0.173291663360539,0.014214559340473,0.961898429156989,3.14103820463684,0.644471947535182,0.316583177517195,0.577139057494193,0.240474607289247,0.187710714881243,0.428280554730308,0.279907307682654,-5.26289580116255e-06,1.00116311981236,1.00112065218777,1.00004242008643,0.537254801140655,0.0566251984425065,0.406120000416838,1.05371454166663,1.05044166810483,0.712085632038045,0.305708797172583,-0.0177944292106288,-5.20542816778606e-05,0.963151065839432,0.0206662428360997,1.00097423515214,0.292839188299341,0,0.462205049464635,0.67,0.1,1.025,0.5,0.6,0.25,0.005,0.975,0.8,0.1,1.19956479898717,0.797164685771105,0.462205049464635,0.251028865795596,0.322550236857112,0.535289418408067,-1.25639529418834,2.27499060452694,7.01019052229694
195,-0.00386205097141682,0.75602623078302,0.105397286952634,-0.00392054260954977,-0.0039205426094715,-0.00377651710469684,0.0255458785645391,0.0143968868780206,0.0128656588707478,5.63354690600731,7.82818598562234,0.837641155747775,3.02711113402562,0.323867845175101,3.99728425713796,2.84799644788703,1.22041720926124,-0.0711294000103128,8.51124371981279,12.0328280645124,1.10459089052421,0.217427198670998,0.17323526467179,0.0142112896116429,0.961784225751043,3.14029953051988,0.644395431253199,0.316523931220404,0.577070535450626,0.240446056437761,0.187726832752552,0.428273902184635,0.279914191167448,-8.87433722833328e-06,1.00117499832169,1.00111863877373,1.00005629657243,0.537223254392133,0.0566218735007957,0.406154872107072,1.05371264579988,1.05043966607222,0.712482842019891,0.305311589257622,-0.0177944312775121,-5.06405243249111e-05,0.963151065839432,0.0206662428360997,1.00099037541199,0.292839188299341,0,0.462205049464635,0.67,0.1,1.025,0.5,0.6,0.25,0.005,0.975,0.8,0.1,1.19949281045611,0.797199113558898,0.462205049464635,0.250985859933498,0.322464195761231,0.535330765683095,-1.25621770550057,2.27171329476818,7.01209475368853
196,-0.00386398790879994,0.756131917381711,0.105397286952628,-0.00392054260953434,-0.00392054260947317,-0.00378129843302566,0.0255487604343247,0.0143986792911407,0.012867310556712,5.63292574455256,7.82568297202101,0.837357170904637,3.02608350121639,0.323753192622847,3.99650904209086,2.84898840074615,1.21863625196812,-0.0711156106234124,8.51163341240982,12.0275293816785,1.10420287422424,0.217461683110526,0.17318053841296,0.01420812132017,0.961673614552267,3.13958354891503,0.644321321750019,0.316466524071986,0.57700416873136,0.240418403638067,0.187742415999418,0.428267439809995,0.279921324444471,-1.23920879262503e-05,1.00118652486964,1.00111669215166,1.00006975482332,0.53719275403879,0.0566186588462987,0.406188587114912,1.05371080597556,1.05043772322728,0.712869249322561,0.304925183237065,-0.0177944325596259,-4.92639135156625e-05,0.963151065839432,0.0206662428360997,1.00100608057822,0.292839188299341,0,0.462205049464635,0.67,0.1,1.025,0.5,0.6,0.25,0.005,0.975,0.8,0.1,1.19942295741296,0.797232346471804,0.462205049464635,0.250944151798799,0.32238062987807,0.535371229051803,-1.25604548169303,2.2685269724992,7.01395482571786
197,-0.00386586059861285,0.756234110193159,0.105397286952623,-0.00392054260952224,-0.0039205426094745,-0.00378592038571202,0.025551557199575,0.0144004188057062,0.0128689135060878,5.63232142700829,7.82325647791843,0.837081861320993,3.0250880417947,0.323642115127889,3.99575814082482,2.849955011921,1.2169053798466,-0.0711022509427702,8.51201417369411,12.0223889545773,1.10382677684066,0.217495217177593,0.173127436152025,0.0142050513345467,0.961566482741716,3.13888956560307,0.644249543436949,0.316410899299241,0.576939889645029,0.240391620685429,0.187757482412778,0.428261162302529,0.279928685576721,-1.58183777699487e-05,1.0011977096446,1.00111481009839,1.00008280723187,0.537163265259268,0.0566155508089388,0.406221183931794,1.05370902057814,1.05043583786332,0.713245124323938,0.304549308781591,-0.0177944331055284,-4.79235293495056e-05,0.963151065839432,0.0206662428360997,1.00102136188998,0.292839188299341,0,0.462205049464635,0.67,0.1,1.025,0.5,0.6,0.25,0.005,0.975,0.8,0.1,1.19935517765906,0.797264425920532,0.462205049464635,0.250903702809228,0.322299470847961,0.535410819968738,-1.25587846319326,2.26542926247804,7.01577151722229
198,-0.00386767117885052,0.756332924714969,0.105397286952619,-0.00392054260951291,-0.0039205426094755,-0.00379038831738432,0.0255542713073475,0.0144021069407687,0.012870469117894,5.63173352851775,7.82090417752048,0.836814963497819,3.02412375024017,0.323534501442916,3.99503079420316,2.85089684790837,1.21522325393735,-0.0710893076425688,8.5123861525737,12.0174021339139,1.10346223391827,0.217527825335346,0.173075910825749,0.0142020766201036,0.96146272106595,3.13821690775913,0.644180023114187,0.316357001885887,0.57687763263957,0.240365680266488,0.187772049187776,0.428255064504359,0.279936253804458,-1.91553961893768e-05,1.00120856254644,1.00111299046526,1.00009546582863,0.537134754398319,0.056612545841544,0.406252699760137,1.05370728803714,1.05043400832124,0.713610731623159,0.30418370133734,-0.0177944329604985,-4.6618471433726e-05,0.963151065839432,0.0206662428360997,1.00103623031921,0.292839188299341,0,0.462205049464635,0.67,0.1,1.025,0.5,0.6,0.25,0.005,0.975,0.8,0.1,1.19928941078441,0.797295391887416,0.462205049464635,0.250864475514925,0.322220652096182,0.535449550153833,-1.25571649509536,2.26241784577616,7.01754560546089
199,-0.00386942171590999,0.756428472626631,0.105397286952616,-0.00392054260950547,-0.00392054260947627,-0.00379470740001642,0.0255569051367664,0.014403745173332,0.0128719787524566,5.63116163364122,7.818623815949,0.836556221966472,3.02318965267113,0.323430243806743,3.99432626699214,2.85181446614831,1.21358856865384,-0.0710767678100075,8.51274949833353,12.0125644054813,1.10310889219917,0.217559531487968,0.173025916701593,0.0141991942359659,0.961362223721947,3.13756492327271,0.644112689893705,0.316304778516569,0.576817334233168,0.240340555930487,0.187786132943967,0.42824914139948,0.279944009486264,-2.24052919286301e-05,1.00121909319459,1.00111123117551,1.00010774229249,0.537107188927276,0.0566096405156809,0.406283170557043,1.05370560682592,1.05043223298826,0.713966330120502,0.303828102046286,-0.0177944321667885,-4.53478587071875e-05,0.963151065839432,0.0206662428360997,1.00105069657569,0.292839188299341,0,0.462205049464635,0.67,0.1,1.025,0.5,0.6,0.25,0.005,0.975,0.8,0.1,1.19922559811598,0.797325282975246,0.462205049464635,0.25082643356537,0.322144108789839,0.535487431560797,-1.25555942702585,2.25949045865062,7.01927786533287
200,-0.00387111420701745,0.756520861915732,0.105397286952613,-0.0039205426094997,-0.00392054260947694,-0.00379888262933803,0.02555946100082,0.0144053349394566,0.0128734437324234,5.63060533620468,7.8164132070295,0.836305389038172,3.02228480582528,0.323329237832279,3.9936438470816,2.85270841498961,1.21200005102438,-0.0710646189323903,8.51310436044002,12.0078713862049,1.10276640927017,0.217590358990538,0.172977409340699,0.0141964013321107,0.961264888245882,3.13693298009086,0.644047475124741,0.31625417752328,0.576758932947529,0.24031622206147,0.187799749744807,0.428243388109772,0.27995193404321,-2.55701729567537e-05,1.00122931093588,1.00110953022195,1.0001196479609,0.537080537405895,0.0566068315176328,0.406312631076472,1.05370397546051,1.05043051029669,0.714312173098323,0.303482257665534,-0.0177944307638566,-4.41108292598616e-05,0.963151065839432,0.0206662428360997,1.00106477111204,0.292839188299341,0,0.462205049464635,0.67,0.1,1.025,0.5,0.6,0.25,0.005,0.975,0.8,0.1,1.19916368266759,0.797354136454455,0.462205049464635,0.25078954167729,0.322069777795676,0.535524476347342,-1.25540711301345,2.25664489143165,7.02096906864975
