Time,n_A,psi_o_A,psi_y_A,n_y_A,n_m_A,n_o_A,mu_o_A,mu_m_A,mu_y_A,s_o_A,s_m_A,s_y_A,h_m_A,h_y_A,a_A,a_o_A,a_m_A,a_y_A,z_o_A,z_m_A,z_y_A,c_o_A,c_m_A,c_y_A,y_A,k_A,w_A,inv_A,b_A,gov_A,e_A,t_A,f_A,nx_A,tilde_R_A,g_A,q_A,tilde_s_m_A,tilde_s_y_A,tilde_s_o_A,Omega_m_A,Omega_y_A,eta_o_A,eta_m_A,eta_y_A,walras_A,gamma_A,phi_A,R_star,fy_target_A,alpha,delta,beta,sigma,b_y,g_y,repl,x,omega,nu,Lambda_A,w_indiv_A,t_indiv_A,e_indiv_A,c_y_indiv_A,c_m_indiv_A,c_o_indiv_A,a_y_indiv_A,a_m_indiv_A,a_o_indiv_A
0,0.0151473707256848,0.224588712641349,0.200736853628425,0.0151473707256848,0.0151473707256848,0.0151473707256848,0.101720684722269,0.0476308371882791,0.0407366774776927,0.52097826182806,1.76955954400664,0.314966866571548,2.83725921601491,0.505008519179905,2.90668240441411,0.749539417116666,2.30936712365009,-0.152224136352638,1.34209109081027,6.86608509839304,0.696108392472481,0.136518424716877,0.327037381442429,0.0283571430736666,1.07900408108206,2.63789394321881,0.722932734324979,0.310849465143838,0.647402448649235,0.269751020270515,0.0649450128513351,0.34579456760395,-0.37861398745393,0.00649064643473372,1.0377129724424,1.02022310757931,1.01714317655927,0.701594094475625,0.140835791049321,0.157570114475054,1.08902028665486,1.07342310848684,0.25786766933271,0.794502736227068,-0.0523704055597782,-1.51788304147971e-16,0.903832782801923,0.0431880062659022,1.0377129724424,-0.350892081032951,0.67,0.1,1.025,0.5,0.6,0.25,0.4,0.005,0.975,0.8,0.1,1.03041450892671,0.492869837883112,0.412165803570683,0.201348981408681,0.466134740895814,0.866397953518593,-1.08086257916732,3.29160000324136,4.75686280747947
1,0.0155866455234307,0.224919118022668,0.201023215445545,0.0165955325378835,0.0151473707256848,0.0166408124493351,0.100118428812248,0.0470756439611691,0.0403078139966228,0.528975049413973,1.79610820407218,0.320535936522198,2.85781062182474,0.509896332122747,2.90812303172229,0.750640368176506,2.3097788876681,-0.152296224122307,1.34973648946662,6.91221832858858,0.706618283294529,0.135133496882664,0.32539713099449,0.0284822387718919,1.07853737614697,2.63871521275188,0.722620042018467,0.312677258341784,0.647122425688179,0.269634344036741,0.0650124250065188,0.345743526047539,-0.377714606717763,0.00722522460017761,1.03771773837181,1.02066457875105,1.01670789794786,0.701290631836264,0.140975697773564,0.157733670390172,1.08807732282645,1.07279979678637,0.25811850461185,0.794250746087756,-0.0523692506996059,-1.23174807837733e-05,0.905326224525573,0.0434787057116278,1.0377129724424,-0.350844422874474,0.67,0.1,1.025,0.5,0.6,0.25,0.4,0.005,0.975,0.8,0.1,1.03041450892671,0.493010330313756,0.412165803570684,0.202036515666979,0.463997544274145,0.856719409041809,-1.08030126133461,3.29361149687706,4.75891017003352
2,0.0157993232245011,0.225438053486518,0.201339559435646,0.016802239102347,0.0152046430891088,0.0175469326063169,0.0989401462569733,0.0466559980136052,0.0399792869829686,0.535753104659114,1.81746183839309,0.325226683490717,2.87334937270602,0.513908673518402,2.91060257325374,0.752449099509006,2.310580731826,-0.15242725808126,1.35736061076603,6.94872445295943,0.715305503073069,0.134297457474628,0.324199674874063,0.0285974041452109,1.07815054392436,2.64077910637648,0.722360864429319,0.314504127936893,0.646890326354614,0.269537635981089,0.0651390508767138,0.345493699589584,-0.377066859477353,0.00682598530270093,1.03757671905641,1.02087831984062,1.01635689473589,0.700880074752444,0.14111488546788,0.158005039779676,1.08742687430739,1.07237978609401,0.258520042009889,0.793849614871461,-0.0523696568813501,0.000188258209772399,0.906395865414775,0.0435822832201476,1.03762585353753,-0.350701495431892,0.67,0.1,1.025,0.5,0.6,0.25,0.4,0.005,0.975,0.8,0.1,1.03064830981886,0.492942675980074,0.412259323927542,0.20265334908074,0.462560838226957,0.849956796706569,-1.08016427590806,3.29668486101865,4.76218417183545
3,0.0158432476742568,0.226036348753291,0.201549795800156,0.0163280425211521,0.0152679118871293,0.0179623548917329,0.0981716309790344,0.0463727929256576,0.0397539554984476,0.541009358973704,1.83300409326059,0.328664552756043,2.8838212650867,0.516689496327616,2.91374988045254,0.754659483519719,2.31168084162725,-0.152590444694428,1.36430149061241,6.97502910852733,0.721443851115308,0.133935702416324,0.323451580415213,0.0286802467260775,1.07800411037314,2.64370943826833,0.722262753950002,0.315715609402755,0.646802466223882,0.269501027593284,0.065303054297342,0.34533408208758,-0.37676202403967,0.00639146991122872,1.03740225180033,1.02092246391263,1.01614205629734,0.700483122377741,0.141182230276689,0.158334647345569,1.08704320276058,1.0721421475849,0.258999404376543,0.793369690754394,-0.0523690951309369,0.000328473908254083,0.907067146148746,0.0435553927747845,1.03747508046621,-0.350463439757336,0.67,0.1,1.025,0.5,0.6,0.25,0.4,0.005,0.975,0.8,0.1,1.03109230026604,0.492994150830312,0.412436920106415,0.203143459838181,0.461754994634674,0.845902679304331,-1.08080488879784,3.30012354013671,4.76623086716236
4,0.0157579742843718,0.226629897130591,0.201586183314145,0.015493261778603,0.0153099591600312,0.0179760594666418,0.097785192166568,0.0462201389201806,0.0396286314710266,0.544574526366767,1.84260286800238,0.330685780855062,2.88948734691348,0.518094522771452,2.91717333966573,0.756998064208994,2.31292735696019,-0.152752081503455,1.37006356201274,6.991139709907,0.724749034495595,0.133971928535314,0.323131448409113,0.0287208123725369,1.07810987237321,2.64712532547596,0.722333614490051,0.316352592766682,0.646865923423926,0.269527468093303,0.0654809570983394,0.345324304111889,-0.376817909234153,0.00599007147556333,1.03721828471644,1.02083676415579,1.01604714988316,0.700174163904251,0.141145437356631,0.158680398739118,1.08689835511815,1.07206604222795,0.259497114532845,0.792865931366657,-0.0523630458995022,0.000415550720698556,0.907374379082544,0.0434326229077869,1.03728135216733,-0.350130490783014,0.67,0.1,1.025,0.5,0.6,0.25,0.4,0.005,0.975,0.8,0.1,1.03164848366046,0.493197724100988,0.412659393464184,0.203483817191825,0.461501530715294,0.844287823826136,-1.08223180546388,3.30336004411109,4.77058332487274
5,0.0155474717451149,0.227146432097903,0.20139351308086,0.0143468258656663,0.0153172366628291,0.0176313481824928,0.0977830433624522,0.0462002046964517,0.0396054268920516,0.546215718138775,1.84602928852338,0.331147202345506,2.89028522892872,0.517953879045146,2.9205549289894,0.759214752839222,2.31421914072004,-0.152878964569861,1.37414595464548,6.99665728841412,0.72493341420336,0.134368173339294,0.323246998852546,0.028711297382568,1.07847928930014,2.65070020147916,0.722581123831095,0.316432174707376,0.647087573580085,0.269619822325035,0.0656526896718104,0.345457755220524,-0.377232846069847,0.00564737633154716,1.03704520797423,1.02062520910384,1.01608817685859,0.700015427202397,0.140978566095089,0.159006006702514,1.08699001645905,1.07215003681074,0.259955649292037,0.792390212461807,-0.0523458617538439,0.000453446361773963,0.907319335881688,0.0432093585317614,1.03706378717099,-0.349702977089368,0.67,0.1,1.025,0.5,0.6,0.25,0.4,0.005,0.975,0.8,0.1,1.03223599902488,0.493500202704306,0.412894399609952,0.203657181214358,0.461771250020016,0.845050926853886,-1.084412821072,3.30595448441585,4.77475517173164
6,0.0152036612430171,0.227514744658183,0.20091961414433,0.0128896510022909,0.0152787026161718,0.016924952988254,0.0982094335100825,0.0463291272415744,0.0396970605547408,0.545536441115575,1.84244657746645,0.329800259109447,2.88566064863037,0.516013005169588,2.92360112720884,0.761051501482927,2.31548727532753,-0.152937649601619,1.37591691673719,6.99015364332671,0.721517748494097,0.135128020898208,0.323847717596871,0.0286421338166806,1.07913371311871,2.65413164174023,0.723019587789533,0.315919650313297,0.647480227871224,0.269783428279677,0.06579904675952,0.345731012095028,-0.378010742402623,0.00536730529856481,1.03690024802971,1.02027967954923,1.01629020827683,0.700067170631713,0.140657225798437,0.15927560356985,1.08734097333783,1.07240905133824,0.260313041477133,0.791998352227708,-0.0523113937048412,0.000445456915407674,0.906863792136629,0.0428745947139095,1.03684014318146,-0.349181320580798,0.67,0.1,1.025,0.5,0.6,0.25,0.4,0.005,0.975,0.8,0.1,1.0327860212858,0.493854056580105,0.41311440851432,0.203630731760095,0.462595206835144,0.848391202855796,-1.08730745067289,3.30752158144785,4.77820510125499
7,0.0147301084600086,0.227672931254249,0.200122879180409,0.0111582704326456,0.0151839228288659,0.0158897605510537,0.0990676765708409,0.046607858663361,0.0399042219976907,0.542414773251177,1.83193028183751,0.3266026061874,2.87570755871023,0.512187688341976,2.92607420761223,0.76227112530117,2.31669982225808,-0.152896739947016,1.37500128609075,6.97176415666268,0.714401177787158,0.136218182679104,0.324938998414167,0.0285076232047978,1.08008427116409,2.65716452916425,0.723656461679939,0.314833020303038,0.648050562698453,0.270021067791022,0.0659027951406999,0.34614395712264,-0.379140884250465,0.00516950701927907,1.03679905800956,1.01980375900231,1.01666526413266,0.700380259342247,0.140162114020692,0.15945762663706,1.08794985125614,1.07284160803415,0.26050984056325,0.791743359150418,-0.0522531997136688,0.00039587175268025,0.906006772362486,0.0424258382187112,1.0366264206554,-0.348566036069298,0.67,0.1,1.025,0.5,0.6,0.25,0.4,0.005,0.975,0.8,0.1,1.03323366418059,0.494222891786979,0.413293465672234,0.203390362680954,0.463946540582582,0.854259439024189,-1.09085640592182,3.30777430025481,4.78039929087974
8,0.0141443294659475,0.227576981998667,0.198980619914397,0.00923102923247665,0.0150245758360819,0.0145968093382718,0.100314189681035,0.0470202709445509,0.0402141719072176,0.537046533735096,1.81552384682926,0.321741768105192,2.86122780119142,0.506595557352796,2.92782709299262,0.762687354012685,2.3178693233905,-0.152729584410565,1.3713489050245,6.94329739320512,0.703915104074706,0.137565754160189,0.326475724763891,0.0283073630272827,1.08132569891827,2.6596176665976,0.724488218275241,0.313255067619423,0.648795419350962,0.270331424729567,0.0659507368834684,0.346688915305289,-0.380585992955936,0.00507912204177927,1.03675363492409,1.01921505111328,1.01720793250812,0.700988168062029,0.13948306023364,0.159528771704331,1.08878748342089,1.07342737307942,0.260496036749095,0.791668787043053,-0.0521648237921472,0.000311242576137817,0.904790167581278,0.0418719159838836,1.03643600623483,-0.347857730766397,0.67,0.1,1.025,0.5,0.6,0.25,0.4,0.005,0.975,0.8,0.1,1.033524175277,0.494571707627754,0.413409670110799,0.202944809067616,0.465736427002005,0.862325665085365,-1.09496869479876,3.30657410352382,4.78087648932847
9,0.013475891553774,0.227207608056148,0.197494066776075,0.007214740612417,0.0147961239828793,0.0131490362946731,0.101861438596605,0.0475346575941057,0.0406020423809963,0.529912322870436,1.79506070585225,0.315602493865018,2.84361379135276,0.499540498855594,2.9288284277997,0.762190584340298,2.3190547994735,-0.152416956014091,1.36523181859833,6.9079463053218,0.69077282440347,0.139064477091138,0.328366862904013,0.0280467876969492,1.08283447170621,2.66140645049844,0.725499096043163,0.311328679565213,0.649700683023728,0.270708617926553,0.0659355657035457,0.347349241782447,-0.382278705722461,0.00511794854296685,1.03677030347284,1.01854327101154,1.017895196974,0.70190132970663,0.138621348079297,0.159477322214073,1.08979920444301,1.07412899555492,0.260237362181814,0.791802885224977,-0.0520402474067912,0.000201097979379991,0.903296098706519,0.0412317175424597,1.03627856833053,-0.347057103683915,0.67,0.1,1.025,0.5,0.6,0.25,0.4,0.005,0.975,0.8,0.1,1.03361977722196,0.494869046519155,0.413447910888783,0.202326611922035,0.46782481953875,0.872001580917356,-1.09952008205044,3.30396125683759,4.77930387693104
10,0.0127644837014822,0.226579881684187,0.195686203939003,0.00521208017452635,0.0144988133552151,0.0116959685697162,0.103558417079401,0.0480973340397294,0.0410259350609536,0.521840098560523,1.77339308022341,0.308797512493251,2.8249974847145,0.491531394201079,2.92921310633475,0.760788107547698,2.32037535037771,-0.151950351590663,1.35733274965007,6.87066665728601,0.676116882823566,0.14056323112435,0.330460750403295,0.0277383277198989,1.08456836392479,2.6625911200983,0.726660803829606,0.309280850530867,0.650741018354871,0.271142090981196,0.0658586875824993,0.348100795396703,-0.38411903211842,0.00530296009517836,1.0368475166608,1.01782830611999,1.0186860695723,0.703103315271581,0.137587618742424,0.159309065985995,1.09089609522539,1.07488752316512,0.259724396934194,0.792149722857769,-0.0518741197919619,8.01530699991149e-05,0.901664441835708,0.0405281682652452,1.03615812372771,-0.346164944944119,0.67,0.1,1.025,0.5,0.6,0.25,0.4,0.005,0.975,0.8,0.1,1.03350501703853,0.495091955671188,0.413402006815414,0.201604824427026,0.470003117928196,0.882330395036701,-1.10438971892614,3.30019116675825,4.77554810103891
11,0.0120518512247922,0.225760688579994,0.193580764427914,0.00322587057650714,0.0141372407878007,0.0104706564989259,0.105143369887803,0.0486161293205871,0.041413922725944,0.514204222983783,1.7552008088366,0.302277161049573,2.80873980157426,0.483323164837724,2.92942017381997,0.758684608122241,2.32207172037067,-0.151336154672943,1.34899014113855,6.83949966830191,0.661666371422091,0.141837369469078,0.332510001193455,0.0274022002077367,1.08647703641651,2.66349478619995,0.727939614399059,0.307479177502277,0.651886221849904,0.271619259104127,0.0657360594365549,0.348916950725979,-0.385960834229878,0.00565878150805256,1.03697297077989,1.01711211048092,1.019526716961,0.704552099060287,0.136387733915382,0.159060167024331,1.09193460005524,1.07561193162859,0.258987978199762,0.792672809834689,-0.0516607880344512,-2.97525682189196e-05,0.900134293825537,0.0397684991553158,1.03607036987067,-0.345182134999976,0.67,0.1,1.025,0.5,0.6,0.25,0.4,0.005,0.975,0.8,0.1,1.03319487000318,0.495232291822501,0.413277948001271,0.20091396360275,0.47194522823358,0.891721492077784,-1.10960238379527,3.29581264957949,4.76979637526841
12,0.0113806145244921,0.224876002722378,0.191195376703739,0.00122469448041884,0.0137161528855829,0.00974371485956493,0.106284684371875,0.0489757411792974,0.0416763533837261,0.508692570271523,1.74605939171311,0.297110314767818,2.79885870726224,0.475760589298185,2.93024713824361,0.756317548314171,2.32452406762769,-0.150594477698259,1.34204781090149,6.82412288680581,0.6493384865937,0.142639127964434,0.334216476346347,0.027062060225956,1.0885175533963,2.66475497719178,0.729306760775518,0.306375572575872,0.653110532037777,0.272129388349074,0.0656014356486416,0.349771004631939,-0.387618370985947,0.00619594100083619,1.03711984784355,1.01643751759711,1.02034786190826,0.706179091343025,0.135018177389634,0.15880273126734,1.09273873046038,1.0761929611327,0.258107085386051,0.793286012396835,-0.0513930977828865,-0.00010101306622286,0.899006986701767,0.038953230179293,1.03600052682277,-0.344109643766244,0.67,0.1,1.025,0.5,0.6,0.25,0.4,0.005,0.975,0.8,0.1,1.03275043075618,0.495300709012409,0.413100172302473,0.200432717647051,0.473274386686708,0.898215835622529,-1.11536446876835,3.29169200295476,4.76262304985756
13,0.0107885636132127,0.224091723849162,0.1885548966955,-0.000754137090060669,0.0132390753407479,0.00970529676639376,0.106704947245352,0.0490807877237504,0.0417394230264642,0.506760256946472,1.75041922110147,0.29410294792027,2.79860519862232,0.469508330480122,2.93270924796545,0.754284502578237,2.32817703656121,-0.149752291174002,1.33835185901348,6.83243763054482,0.640597142843923,0.142808764617612,0.335341420217803,0.0267381556175333,1.09066588468237,2.66721873975223,0.730746142737186,0.30634147355285,0.65439953080942,0.272666471170592,0.0655016651288406,0.350640896779196,-0.3889090225962,0.00687689498601356,1.03724742845456,1.01584250643128,1.02107110293945,0.707891121145668,0.133476337219283,0.158632541635049,1.09316424115924,1.07654140256406,0.257197164379062,0.793865617020488,-0.0510627813995504,-0.000107295480037339,0.898532918667589,0.0380948878157275,1.03592384942469,-0.342948529662287,0.67,0.1,1.025,0.5,0.6,0.25,0.4,0.005,0.975,0.8,0.1,1.03228606901373,0.495331677859881,0.412914427605493,0.20032131668107,0.473718923999327,0.900248859065493,-1.12193887166667,3.28889142272788,4.75491658145118
14,0.0103015346513999,0.223573120548009,0.185712527354992,-0.00255512453259243,0.0127109793391,0.0103673173422265,0.10629659990069,0.0488944520175115,0.0415748764014047,0.509180644390306,1.77005805214251,0.293551598217876,2.80926919470337,0.464871967712984,2.93775268813849,0.753186392929528,2.33340162558143,-0.148835330372476,1.33923872397627,6.86778733664783,0.636031154242097,0.142356523181896,0.335796694386763,0.0264429186837126,1.09291494588811,2.6717140274309,0.732253013745031,0.30751481226821,0.655748967532864,0.273228736472027,0.0654848365254642,0.351514783578786,-0.389710306825278,0.0076084320883876,1.03730889974093,1.01535304232466,1.02162386529715,0.709579354255106,0.131777775237639,0.158642870507255,1.09315703517793,1.07662232445212,0.256381824004317,0.79428116447838,-0.050662988482697,-3.31711928904236e-05,0.898805856835868,0.037229198096813,1.03580982523448,-0.341699938567543,0.67,0.1,1.025,0.5,0.6,0.25,0.4,0.005,0.975,0.8,0.1,1.03195366290459,0.495384739523313,0.412781465161837,0.200662961838803,0.473233462012536,0.897339557250298,-1.12944182055037,3.28842942172545,4.74768510252771
15,0.00992660467112922,0.223450233032269,0.182750041835262,-0.00400318787056697,0.0121425054709983,0.0115861788528131,0.105118764674987,0.0484359936799657,0.0411975939253968,0.516087490460233,1.80445466936473,0.295353771885374,2.8303138018298,0.461857370117534,2.94603805292357,0.753500610986559,2.34040246257467,-0.147865020637663,1.34542838128112,6.9293704706866,0.635528366315442,0.141429768926563,0.335630927799311,0.0261822449501975,1.09526356843198,2.6788630719828,0.733826590849428,0.30980009751384,0.657158141059189,0.273815892107995,0.0655894890922322,0.352395199967521,-0.389983160118418,0.00828443918088813,1.03726317331827,1.01497623769448,1.02195808610693,0.711136256956145,0.129960180709307,0.158903562334546,1.09275085403989,1.07645389277713,0.255767439732029,0.794423704626566,-0.0501911443585952,0.000120197953186546,0.899765938840411,0.0363990633340786,1.03562858741737,-0.340365102690678,0.67,0.1,1.025,0.5,0.6,0.25,0.4,0.005,0.975,0.8,0.1,1.03190715375757,0.495538227056327,0.412762861503028,0.201463592981311,0.471964302925436,0.890035231738889,-1.13777173770176,3.29107458617316,4.74187362395427
16,0.00965884200738945,0.223806678953094,0.179764602159526,-0.00497486625755994,0.0115500083670523,0.0131636243803328,0.103309407939858,0.0477508593682527,0.0406424604191965,0.52731195266113,1.852141377894,0.299272698245148,2.8603538404952,0.460357556679002,2.95788998329858,0.755543652211491,2.34920659276485,-0.146860261677761,1.35722988788473,7.01448499438392,0.638729545260339,0.140214609223017,0.334947633017675,0.0259595520139509,1.09770119526876,2.68900658832211,0.735459800830071,0.312974451826023,0.658620717161258,0.274425298817191,0.0658403262109128,0.353295351042262,-0.389737322184791,0.00884613278437369,1.03708446285885,1.01470713621743,1.02205299030895,0.712468268235934,0.128076574790719,0.159455156973346,1.09201925452821,1.076078359594,0.255433317285248,0.794217029149038,-0.0496503464342858,0.000333517586532242,0.901281888296443,0.0356408513503585,1.03535793164635,-0.338945339353545,0.67,0.1,1.025,0.5,0.6,0.25,0.4,0.005,0.975,0.8,0.1,1.0322702548579,0.495875208473521,0.412908101943159,0.202687744080989,0.470122878380258,0.879335682109391,-1.14665981595569,3.29727890700517,4.73828295398301
17,0.00947684997215431,0.224670436821795,0.176851520267585,-0.00542955203896334,0.0109529204319052,0.0148545847789869,0.101087159600077,0.0469128690032057,0.039966419107222,0.542244919360157,1.91019287868814,0.304845891459146,2.89694589406953,0.460090527979975,2.97326879389089,0.759438528285229,2.35966726074114,-0.145836995135473,1.37436878483099,7.11780980168033,0.644872699449622,0.13893100798398,0.333916745261923,0.0257732751459741,1.10021301554679,2.70215935043249,0.737142720416351,0.316700385673753,0.660127809328076,0.275053253886698,0.0662456707983793,0.354229743335962,-0.389018365869677,0.00926255744003344,1.03676406062655,1.01452423422201,1.02192143435744,0.713510048802058,0.126185336856843,0.160304614341099,1.09107745442324,1.07556459250698,0.255422089097465,0.793627292169496,-0.0490493812669612,0.000575790154432116,0.903151037248845,0.0349768791697165,1.03498781010122,-0.337442049691149,0.67,0.1,1.025,0.5,0.6,0.25,0.4,0.005,0.975,0.8,0.1,1.03312170817212,0.496460763139487,0.413248683268846,0.204249366748642,0.467991650324406,0.866668801487897,-1.15573646485507,3.30712547735366,4.73747141594616
18,0.00934584149148489,0.226003610054718,0.174097277186169,-0.00536496028233546,0.010370304053517,0.0163657463723133,0.0987625131525708,0.0460305856487627,0.0392541048676637,0.559548444024075,1.9730888316064,0.311197620163885,2.93617795469869,0.460524609373583,2.99170700240713,0.765067909226159,2.37144390840063,-0.14480481521966,1.39566093780266,7.22985118163129,0.652531972807641,0.137838981725129,0.332794284038501,0.0256145584898338,1.10278249631033,2.71797201302833,0.738864272527921,0.320533895245617,0.661669497786198,0.275695624077583,0.0667943971727052,0.355210475414988,-0.387934508407397,0.00948864716895517,1.03630864712294,1.01439257069894,1.02160512316144,0.714234244912631,0.124346237312408,0.16141951777496,1.09008832596211,1.07501275699946,0.255729557944816,0.792672513214793,-0.048402071159609,0.00081650556471172,0.90509164928303,0.0344215026714108,1.03452005290385,-0.335856717268892,0.67,0.1,1.025,0.5,0.6,0.25,0.4,0.005,0.975,0.8,0.1,1.03448452351694,0.497330501785782,0.413793809406774,0.205993836592575,0.465945572351001,0.853917689912163,-1.16452912729359,3.32026072019373,4.73962454957129
19,0.00923501888155198,0.227713713029036,0.171576860907091,-0.00479975880637684,0.00981945543723373,0.0174604628257873,0.0966305617044376,0.0452112403119937,0.0385902205839745,0.577525246206623,2.03428670137524,0.317332588492118,2.97384362993211,0.461086551524027,3.01235833900045,0.772102599183304,2.38402474257882,-0.143769002761673,1.41931934694279,7.33963065883285,0.660124486812199,0.137149625729582,0.331833805503012,0.0254743495577269,1.10537663815512,2.73578587266192,0.74060234756393,0.324053479067453,0.663225982893072,0.27634415953878,0.0674581241767214,0.356244127007602,-0.386653516554551,0.0094881627503272,1.03573940126779,1.01428119397596,1.02115607330519,0.714647849865132,0.122617034733861,0.162735115401006,1.089202647951,1.07451641370007,0.256311670888077,0.791414723710783,-0.0477263945988599,0.00103305600823844,0.9068427607725,0.0339838304978932,1.03396514596357,-0.334190906618475,0.67,0.1,1.025,0.5,0.6,0.25,0.4,0.005,0.975,0.8,0.1,1.03631788398118,0.498489048941843,0.41452715359247,0.207755387438774,0.464331916153719,0.842778311193759,-1.17250431861872,3.33594335032104,4.74453591212145
20,0.00912160801918201,0.229685086095639,0.169336857862924,-0.00386163487103408,0.00931537218141809,0.01805326114717,0.094852791390391,0.0445161874182901,0.0380238328818291,0.594825073938159,2.08905777983756,0.322591111816871,3.00717169889307,0.461443353130195,3.03424496908594,0.780123476014321,2.39685785945076,-0.142736366379138,1.44368591922124,7.43925834970568,0.666646555794406,0.136937639323102,0.331167418924953,0.0253484572264786,1.107945770148,2.75482356958003,0.742323665999162,0.327011620616558,0.664767462088802,0.276986442537001,0.0682002700543392,0.357327258598501,-0.385346062582888,0.00928392548324217,1.03508898596573,1.01416721605928,1.02062950722046,0.714785071326671,0.121039458025785,0.164175470647544,1.08850220968081,1.07412846545309,0.257106292986157,0.789935514063403,-0.0470418070495595,0.0012102660366691,0.908266284915254,0.0336528049922767,1.03333913270106,-0.332446261693895,0.67,0.1,1.025,0.5,0.6,0.25,0.4,0.005,0.975,0.8,0.1,1.0385270982526,0.49990867595386,0.415410839301038,0.209423089296043,0.463310486200128,0.834093173498998,-1.17925483728398,3.35325674192116,4.75176634449314
21,0.00898289011016993,0.231794364469573,0.167387771971739,-0.00274480302912683,0.00886737157258488,0.0181321530401071,0.0935197369002277,0.0439813756318316,0.0375839629313856,0.610320276396373,2.13398442863171,0.326509871238635,3.03427302011783,0.461343415592766,3.05640197513632,0.788682266501743,2.40943486026112,-0.14171515162654,1.46723596376807,7.52300635964152,0.671370914776567,0.137215521295531,0.330872168559796,0.0252327795717059,1.11044933167103,2.77430973018541,0.744001052219592,0.329267097753766,0.66626959900262,0.277612332917758,0.0689821004255735,0.35844293429065,-0.384177354051706,0.00890767896242715,1.03439269720645,1.01402780456072,1.02008316986392,0.714703235522579,0.119632582215117,0.165664182262303,1.08803396017797,1.07388135720039,0.258042715885175,0.788323944252121,-0.0463666601372962,0.00134175261004847,0.909287471720266,0.0334025752521799,1.03266008120872,-0.330624504249058,0.67,0.1,1.025,0.5,0.6,0.25,0.4,0.005,0.975,0.8,0.1,1.04099298175919,0.501526950593085,0.416397192703677,0.210918957900061,0.462950427694465,0.828275125146074,-1.18458658170326,3.37123821539633,4.7607289380935
22,0.00880020363094754,0.233925346503444,0.165704440008233,-0.00166418106095811,0.00847755439434761,0.017748908143155,0.0926494878580042,0.0436155824679822,0.0372779159506641,0.623295133015756,2.16756640139484,0.328891045753884,3.05437545568214,0.460641424277315,3.07799983492402,0.797359613884497,2.42135411211977,-0.140713891080245,1.4888261085841,7.58821562590793,0.673941721810481,0.137938976464969,0.330964444399321,0.0251231428595271,1.11286324768252,2.79356877176775,0.745618375947286,0.33078529308618,0.66771794860951,0.278215811920629,0.0697676147811218,0.359573588259146,-0.38328688545324,0.00840859748708309,1.03368455006026,1.0138442046491,1.01956942232364,0.714474648680004,0.118391621559599,0.167133729760397,1.08780872774995,1.07378528296394,0.259051220483135,0.786664795964259,-0.0457160164473941,0.00142698146480684,0.909894689783667,0.0331989908343964,1.03194578204527,-0.328727432138618,0.67,0.1,1.025,0.5,0.6,0.25,0.4,0.005,0.975,0.8,0.1,1.04358968834628,0.503269904570387,0.417435875338514,0.212203722937269,0.463227694657577,0.825320996920964,-1.18854602400567,3.38899933901537,4.77078812892882
23,0.00855941930974332,0.235978582536308,0.164232262528169,-0.000815796031526594,0.00814088800164647,0.0169896563304652,0.092211051461153,0.0434083976355922,0.0370974836033949,0.633444517972084,2.19000330543601,0.329750546940891,3.06762293746329,0.459263798639715,3.0984156143311,0.80580146580907,2.43235332195504,-0.13973917343301,1.50775045491132,7.634930476916,0.674289620278909,0.139031254785644,0.331420098052878,0.0250144481313135,1.11518442765887,2.81208350120282,0.747173566531445,0.331611523245753,0.669110656595324,0.278796106914718,0.0705267836554752,0.360704380540233,-0.382778543467042,0.00784105268965921,1.03299357077654,1.01360221640629,1.01913112861869,0.714178156471822,0.117291094485564,0.168530749042614,1.08781281796268,1.07383477657673,0.260068875873754,0.785031327206072,-0.0451002030798262,0.00146994383890718,0.910117953996012,0.0330057069770815,1.03121207173353,-0.326756917543714,0.67,0.1,1.025,0.5,0.6,0.25,0.4,0.005,0.975,0.8,0.1,1.04620053100283,0.505062185494698,0.418480212401134,0.213268093720383,0.464058015565973,0.824960759834333,-1.19138775237713,3.40580750043005,4.78133201440479
24,0.00825254238410073,0.237873756601514,0.162901273067161,-0.000321449378862582,0.00784645250563365,0.0159405957874947,0.0921589538921479,0.0433432029501718,0.037029349378838,0.640702641698212,2.20229081508308,0.329181374318572,3.07459166557773,0.457154315468378,3.11722919347435,0.813723469908709,2.44229864839764,-0.138792924831993,1.52360355754095,7.66453427190259,0.672442887575957,0.140413710008144,0.332205464461813,0.0249001226210004,1.11742867014002,2.82949698349906,0.748677208993814,0.331825391751094,0.670457202084013,0.279357167535005,0.0712362640741183,0.361824887376146,-0.382724992108724,0.00724905624668128,1.03234179159463,1.01329380509602,1.01879808837556,0.713890509767674,0.116293672871719,0.169815817360607,1.08802462599762,1.07401846913223,0.261040629162604,0.783483823874769,-0.0445244530373736,0.00147775751628199,0.909998777969543,0.0327936601468549,1.03047177549436,-0.324714905124346,0.67,0.1,1.025,0.5,0.6,0.25,0.4,0.005,0.975,0.8,0.1,1.04872833964057,0.506835267349186,0.419491335856229,0.214114164649931,0.465345119337593,0.826858841482201,-1.19346926969185,3.42111096166897,4.79180021364414
25,0.0078777269162137,0.239556422070898,0.161632164504879,-0.000269461378590186,0.00758025461343226,0.0147076507847999,0.0924113284155843,0.0433892805519782,0.037048858962181,0.645406573029371,2.20675595724529,0.327455472450764,3.07656858767372,0.454342750496726,3.13425332057771,0.820936680324934,2.45118938183478,-0.137872741582012,1.53644731767825,7.68055200994685,0.668700055406106,0.141985137666783,0.333253625952307,0.0247745740406272,1.11962333514514,2.84563596326393,0.750147634547243,0.331563245907961,0.671774001087083,0.279905833786285,0.0718810733428339,0.362932091787994,-0.383156643773307,0.00668216944711806,1.03174450155793,1.01291711555079,1.01858729181104,0.713679806972877,0.115353611964451,0.170966581062671,1.08840325941473,1.07431226092728,0.261924163862279,0.782064859193602,-0.0439890230558808,0.00145874834405806,0.909609886503556,0.0325363590118175,1.02973439907283,-0.322603410100238,0.67,0.1,1.025,0.5,0.6,0.25,0.4,0.005,0.975,0.8,0.1,1.05109830377441,0.50853630471541,0.420439321509766,0.214770683108408,0.466951177119366,0.830484746107988,-1.19521824444042,3.43457858536264,4.80173771518541
26,0.00743521340453243,0.241001180913778,0.160338719074461,-0.000734597374569157,0.0073264329009759,0.0134015936460736,0.092864733394544,0.0435075246504814,0.037124593968594,0.648191654099179,2.20654790889922,0.32494604884802,3.0752719438123,0.450905047069883,3.14954521383763,0.827361654921206,2.45915557601769,-0.136972017101264,1.54673471577549,7.68787326178019,0.663511680550462,0.143637107012433,0.334480335446227,0.0246326017338236,1.12180815665432,2.8605194219312,0.751611464958396,0.330996253132243,0.673084893992594,0.280452039163581,0.0724557002573234,0.364028962563148,-0.384059102086157,0.00618839047282747,1.03120960499447,1.01247238947155,1.01850639653758,0.713602745492647,0.114418150140309,0.171979104367043,1.08889715899213,1.07468523809516,0.262692420253612,0.780797038636968,-0.04348945889058,0.0014214296931876,0.90904204534475,0.0322076983372846,1.02900620891199,-0.320424516262054,0.67,0.1,1.025,0.5,0.6,0.25,0.4,0.005,0.975,0.8,0.1,1.05326313513481,0.510128309991065,0.421305254053925,0.215285789043233,0.468720639822249,0.835200924793042,-1.19711791296484,3.44611282895216,4.81082662900388
27,0.00693547010991217,0.242210067915156,0.158945772538215,-0.00168118179465004,0.00706774381489206,0.0121193004105407,0.0934173325194833,0.0436600037840517,0.0372263310024286,0.649776721130702,2.20464810709135,0.321998044625721,3.07243857297911,0.446937724804258,3.16334369813111,0.833013533538232,2.46640971010007,-0.136079545507194,1.55510063035064,7.69132536021122,0.657326061463336,0.145273352686672,0.335803294331028,0.0244698375405503,1.12402393732454,2.8743145944663,0.75309603800744,0.330299352318395,0.674414362394723,0.281005984331134,0.0729629770049667,0.365121713717099,-0.385385258729919,0.00579614033362629,1.03073692549883,1.01197014746046,1.01854479411815,0.713696486235557,0.11343903936252,0.172864474401922,1.08945305642212,1.07510410098187,0.263333236293726,0.779684392675132,-0.0430176289688572,0.00137597578313216,0.908385368878711,0.0317981852794066,1.02828977974283,-0.318180373914952,0.67,0.1,1.025,0.5,0.6,0.25,0.4,0.005,0.975,0.8,0.1,1.05520491207642,0.511592421651058,0.422081964830568,0.215709139270401,0.470512747095402,0.840388710226839,-1.19958302072993,3.45582437025762,4.8188821700948
28,0.00640524869200521,0.24321064988244,0.157410906035429,-0.00293294708678993,0.00678915450764284,0.0109482511196393,0.0939673864361008,0.0438100714613313,0.0373253751986827,0.65091979030378,2.20367963051681,0.31894048528131,3.06976558971904,0.442605630005521,3.17598946867395,0.837983956617009,2.4731873096573,-0.135181797600363,1.56229632514941,7.69536520181518,0.650650092236393,0.146804890987496,0.337134511934707,0.0242857745499252,1.12629336041601,2.88727370917705,0.754616551478728,0.329642900895113,0.675776016249607,0.281573340104003,0.0734123127588747,0.366214711466047,-0.387060256752704,0.00551979978818026,1.03031990349167,1.01143727493547,1.018669104871,0.713968734648433,0.112386465401978,0.173644799949588,1.09001281885956,1.07553037558846,0.263849728181906,0.778713951068043,-0.0425636792499492,0.00133214215658704,0.907732062729166,0.0313229749671194,1.02758425868362,-0.31587319775649,0.67,0.1,1.025,0.5,0.6,0.25,0.4,0.005,0.975,0.8,0.1,1.05693220845351,0.512928218973589,0.422772883381405,0.216091630456221,0.472197864659601,0.845432117921848,-1.2028298702771,3.46399945772854,4.82585114475232
29,0.00587578689590391,0.244053987392682,0.155723709627845,-0.004305718838719,0.00648218120708566,0.00997217713124798,0.09440664219711,0.0439193078311096,0.0373918568718045,0.652452310250674,2.2062254457433,0.316142897487466,3.06895427789343,0.43815532174264,3.18789909474553,0.842438075291098,2.47972829891506,-0.134267279460625,1.56921585183287,7.70441474389546,0.644115632605336,0.148144390781264,0.338372568476365,0.0240846928358552,1.12861810224989,2.89970828517849,0.756174128507424,0.329193833286429,0.677170861349931,0.282154525562472,0.0738189244901692,0.367308281374732,-0.388980051782894,0.00537130691181705,1.0299477115043,1.01090516583038,1.01883712371602,0.71439915218576,0.111248886133354,0.174351961680886,1.09051384319174,1.07592233028775,0.26426121129185,0.777856583268881,-0.0421177945607314,0.00129678439568435,0.907180625806977,0.0308044141035492,1.0268864694467,-0.313505264690987,0.67,0.1,1.025,0.5,0.6,0.25,0.4,0.005,0.975,0.8,0.1,1.05847568014863,0.51414994019929,0.42339027205945,0.216493788593847,0.473646374636767,0.84968582717991,-1.20690897794409,3.47106836749195,4.83182447257462
30,0.0053878684018763,0.244808869171357,0.153915843488388,-0.00553604203897007,0.00614474192556891,0.00925684159049722,0.0946389604245229,0.0439547174960388,0.0374006020042559,0.655136987317441,2.21428491793023,0.313944253931641,3.07143229853239,0.433886786993934,3.19948929519224,0.846589348873535,2.48622960540754,-0.133329659088834,1.57674634875173,7.7220094324041,0.638377081397722,0.149221627252388,0.339418742137314,0.0238756995609809,1.13097085717412,2.91192767942285,0.757750474306663,0.329089980826744,0.678582514304475,0.282742714293531,0.0742016146916295,0.368394342703283,-0.391020898535082,0.00534714356738099,1.0296058556759,1.01041480774389,1.01899323702001,0.714936964328348,0.110040125905626,0.175022909766026,1.09089610813056,1.07623820749121,0.264601400884263,0.7770707681897,-0.0416721690739632,0.00127494953578495,0.906820490244288,0.0302826489226048,1.02619159299488,-0.311078911582495,0.67,0.1,1.025,0.5,0.6,0.25,0.4,0.005,0.975,0.8,0.1,1.05988431444237,0.515282271143125,0.42395372577695,0.216972666693035,0.474753382567348,0.852583398664043,-1.21164582457114,3.47755079042982,4.83702019355794
31,0.00497972515395578,0.245552636034544,0.152054742019885,-0.00637844176317359,0.0057831686976777,0.00883889210737498,0.0945935744992999,0.0438926426951624,0.0373338652334656,0.659585730734485,2.22914436410699,0.312630910435614,3.07817792263542,0.430117043318743,3.21112318443807,0.850672258131357,2.49282158114026,-0.132370654833545,1.58567205381412,7.75047903362207,0.634048803750001,0.149994378429578,0.340188998311169,0.0236715048291889,1.13329979384441,2.92419716244848,0.759310861875755,0.329422000258607,0.679979876306646,0.283324948461103,0.0745803134813012,0.369457029303985,-0.39305385431706,0.0054287457684242,1.02927815390409,1.01000462377973,1.01908261573322,0.715508529578652,0.108796464878109,0.175695005543238,1.09111270208508,1.07644420793177,0.264914240267675,0.776308299931006,-0.0412225401986811,0.00126921778634053,0.906718408954042,0.0298014254535572,1.02549405188752,-0.308596532948595,0.67,0.1,1.025,0.5,0.6,0.25,0.4,0.005,0.975,0.8,0.1,1.06121846279442,0.51635587002932,0.424487385117769,0.217576047674981,0.475450653972636,0.853720217975489,-1.21668158043413,3.48398583397493,4.84175549271381
32,0.00468518842563484,0.246366287175203,0.150232222314548,-0.00663985146643153,0.00541094840397705,0.00874242868540054,0.0942103113202454,0.0437129326092989,0.0371765643029098,0.666377043948313,2.25193289543884,0.312510828158924,3.08997786724976,0.427197462041297,3.22309761932274,0.854932902808897,2.49956704625166,-0.13140232973782,1.5967669995377,7.79174661455716,0.631793899078212,0.150431903990289,0.340600075783753,0.0234879386158109,1.13553242493889,2.93672735597626,0.760806724709053,0.33025514334535,0.681319454963331,0.283883106234721,0.0749748512097986,0.37047545454219,-0.394949191616853,0.00559433812058778,1.02894869993801,1.00970861436776,1.01905508707807,0.716025395419726,0.107570086387558,0.176404518192715,1.09112264072935,1.07651030822907,0.265251942249072,0.775517015063549,-0.0407689573126209,0.00127991884837268,0.906931263455299,0.0294013275021984,1.02478829193447,-0.306060578597297,0.67,0.1,1.025,0.5,0.6,0.25,0.4,0.005,0.975,0.8,0.1,1.06254153773844,0.517405467616161,0.425016615095377,0.218350095315416,0.475681558171687,0.852766729171575,-1.22155084327438,3.49089161116478,4.84643427258999
33,0.00451273597464898,0.247324425030307,0.148532450594349,-0.00632494775551296,0.00504644446290947,0.0089551490816242,0.0934650900997244,0.043406792113789,0.0369218873171167,0.67592332461863,2.28336438543646,0.31382676115158,3.10711220725717,0.42538803268623,3.2356566962782,0.85961151037715,2.50649109004915,-0.130445904148095,1.61067267108689,7.84680650537188,0.632107503430318,0.15054164865831,0.340604666023647,0.0233386137406035,1.13760502847482,2.94969418941139,0.762195369078132,0.331603844989424,0.682563017084895,0.284401257118706,0.0754038125672047,0.371429525683594,-0.39660051021808,0.00580805059318512,1.02860230035931,1.00953529965452,1.0188869083739,0.71640582746171,0.10640951317296,0.177184659365329,1.09091066000996,1.07642513760441,0.265668330172837,0.774646794559246,-0.040315124732083,0.00130694735094811,0.907480226166456,0.0290962335055754,1.02406893205102,-0.303473551209377,0.67,0.1,1.025,0.5,0.6,0.25,0.4,0.005,0.975,0.8,0.1,1.06391564649698,0.51846245723545,0.425566258598794,0.219328263467087,0.475435364938948,0.849631391326689,-1.22588573388232,3.49870282173704,4.85150076454845
34,0.00444406556377942,0.248492606910932,0.14699967753893,-0.00566152731096814,0.00470649011886981,0.00945199763176219,0.0923473291643566,0.0429681735712247,0.0365643430048208,0.688653123614009,2.32454316621519,0.31681968646632,3.12975292856871,0.424838673161771,3.24905718707957,0.86495043674693,2.51363439223852,-0.129527641905884,1.6280658860435,7.91696552401206,0.635362335287561,0.150347509248695,0.340177496308032,0.0232316175653537,1.13948528909102,2.96329882826792,0.763455143690981,0.333468780872635,0.68369117345461,0.284871322272754,0.0758851835661329,0.372312684372577,-0.397932814642965,0.00603787762211806,1.02822559180687,1.0094662858916,1.01858339023051,0.716592998143465,0.105338939653745,0.17806806220279,1.09047681101132,1.07619013726733,0.266215824743539,0.773650398912029,-0.0398662236555683,0.00135068520142929,0.908370189812189,0.0288655695932649,1.02333059896469,-0.300838003868531,0.67,0.1,1.025,0.5,0.6,0.25,0.4,0.005,0.975,0.8,0.1,1.06539576254433,0.519559478444748,0.426158305017731,0.220541593087204,0.47471507144133,0.844326081773576,-1.22962735652788,3.50775740029668,4.85741477751296
35,0.00444804630690918,0.249926638884098,0.145632489704839,-0.00494160452399361,0.00439993550778595,0.0101962512987019,0.090862149494536,0.0423953890192753,0.0361013882923141,0.704995998819726,2.37675592302572,0.321673405321228,3.15798753226617,0.425567927291694,3.2635916496919,0.871191263043073,2.52107239221831,-0.128672005569474,1.64964056078244,8.00367937597342,0.641736931852896,0.149889844327862,0.339319018228351,0.0231676048094481,1.14117883392757,2.97778539530631,0.764589818731475,0.33583646327148,0.684707300356545,0.285294708481894,0.0764365454082236,0.37313432896636,-0.398901045970947,0.0062601902030796,1.02780724314437,1.00947028653844,1.01816492951843,0.716558674952819,0.104354223852979,0.179087101194201,1.08983350784838,1.07581593547192,0.266942485487676,0.77248401667193,-0.0394265021596059,0.00141100460545959,0.909589636434861,0.0286735212362341,1.02256811257318,-0.29815653754179,0.67,0.1,1.025,0.5,0.6,0.25,0.4,0.005,0.975,0.8,0.1,1.06703030115687,0.520731018978912,0.426812120462748,0.22200926760845,0.473539753392412,0.836966165225502,-1.23303112052997,3.51830559079381,4.86462317628537
36,0.0044936949818621,0.251666412578366,0.144403055279041,-0.00435037206878619,0.00412649794096764,0.0111163605447933,0.0890594801061138,0.0417029058666714,0.0355432045953753,0.72510665381213,2.44022149210726,0.328355164410745,3.19135989608133,0.427435501275645,3.27952068939942,0.878536030145615,2.52887943689469,-0.127894777640877,1.67581756552117,8.10683297507595,0.651035786192746,0.149247441136892,0.338078492432696,0.0231398981472338,1.14271973985949,2.99338166777402,0.765622225705856,0.338637788687589,0.685631843915692,0.285679934964872,0.0770725595734629,0.373915883265831,-0.399492822290284,0.00645048660126762,1.02733832340714,1.00951616345677,1.01765416007738,0.716296733811342,0.103435436848755,0.180267829339902,1.08901649450997,1.07532742194491,0.267885497104887,0.771112511980397,-0.0389980090852837,0.00148569788893708,0.911087007484939,0.028492942425448,1.02177720289295,-0.295431798512682,0.67,0.1,1.025,0.5,0.6,0.25,0.4,0.005,0.975,0.8,0.1,1.06886181322098,0.522012548174361,0.427544725288392,0.22371344726923,0.471981061024548,0.827920554007894,-1.23646964268045,3.53049136974111,4.87350423734844
37,0.00456012208252462,0.253737656001758,0.143276789362958,-0.0039491160497851,0.00388061105580806,0.0121426635570441,0.0869986332512262,0.0409095280810626,0.0349037633870256,0.749079425856601,2.51492639412839,0.336780511082641,3.22929413958894,0.430255510041662,3.29702987432896,0.887135837267035,2.5370963405201,-0.127202303458176,1.70691014425078,8.22594311887537,0.662974005484392,0.148498849629152,0.336519451004561,0.0231402878182645,1.1441475415221,3.01025961131844,0.766578852819806,0.341787868739248,0.686488524913259,0.286036885380525,0.0778039685020058,0.37468564645319,-0.399718261902736,0.0065925848743169,1.02681317241027,1.00958292269294,1.01706670084254,0.715812211762013,0.102559275488059,0.181628512749928,1.08806180880051,1.07474792626252,0.269071215937154,0.769509660884055,-0.0385808768212085,0.00157161407603155,0.912804814918957,0.0283103466325677,1.02095481379292,-0.292666475769668,0.67,0.1,1.025,0.5,0.6,0.25,0.4,0.005,0.975,0.8,0.1,1.07092173090038,0.523441260565924,0.428368692360153,0.225628425202348,0.470122534199576,0.817596573251746,-1.24028083128363,3.54436023698854,4.8843423526155
38,0.00463134500300866,0.256169972152639,0.142202975519655,-0.00386671895492818,0.00365535787259152,0.0132763466345216,0.0846662720601675,0.0400067561348358,0.0341752239680288,0.777678891079643,2.60347687383057,0.347208178008582,3.27241602393354,0.433985091011817,3.31636848290997,0.89716519517816,2.54579827108032,-0.126594983348516,1.74384646209754,8.36431117601011,0.67776091679775,0.147644978981109,0.33462895742557,0.0231626311258678,1.14549939857942,3.02864008700125,0.767484597048211,0.345312626419688,0.687299639147652,0.286374849644855,0.0786426031413679,0.375475646788318,-0.399571243238931,0.00670874276793988,1.02622886150158,1.00965450172802,1.01641587270219,0.71511680890608,0.101691738070565,0.183191453023355,1.08696807360585,1.07407784739877,0.270526390478292,0.767646383143969,-0.0381727736222609,0.00166661221439036,0.914749386174909,0.0281013467953605,1.02009873964651,-0.289863298352432,0.67,0.1,1.025,0.5,0.6,0.25,0.4,0.005,0.975,0.8,0.1,1.07322969826739,0.525054986978541,0.429291879306956,0.227772988891143,0.467936081571701,0.805959975448669,-1.24488956281454,3.55997543250962,4.89741841320393
39,0.00471322917421591,0.259015455422548,0.141131007358518,-0.00412363739973054,0.00344059510393091,0.0145866064873978,0.0819735662355185,0.0389577257903901,0.0333272935222583,0.812630255817567,2.71181616087982,0.360353689597762,3.32280536359517,0.438787281199844,3.33793189590856,0.908882281022495,2.55511980859228,-0.12607019370622,1.78851741695484,8.53000842556198,0.69627576383821,0.146611150909435,0.332309729144688,0.0232049867468238,1.14679768192237,3.04884695077844,0.76835444688799,0.349355270437083,0.688078609153424,0.286699420480593,0.079606270794653,0.376311810238012,-0.398993664023308,0.00684764129938208,1.02558156018252,1.00973679532009,1.01569197531067,0.714210996193735,0.100797317359353,0.184991686446912,1.08568798318305,1.07328581843381,0.272289042845665,0.765479910395531,-0.0377689532411956,0.00176948290436782,0.916995152696304,0.0278542015957251,1.01920731062019,-0.287025032658654,0.67,0.1,1.025,0.5,0.6,0.25,0.4,0.005,0.975,0.8,0.1,1.07580876097232,0.526891650007492,0.430323504388929,0.230214328662098,0.46528229180967,0.792528322355225,-1.25072965242484,3.57754196198232,4.91309798012638
40,0.00482675140173347,0.26235181145955,0.140028448963312,-0.0046113070349395,0.00322620147170372,0.0161486727902544,0.0788171491491737,0.0377187316916708,0.0323240109972589,0.856396655595724,2.84810205918289,0.377253397747975,3.38318280536826,0.444955302324828,3.36224355372325,0.922632483322039,2.56523513248958,-0.125624062088365,1.84361834722706,8.73397352357326,0.719853180072075,0.145308742129386,0.329434403643929,0.0232685420876377,1.14804730601183,3.07128726276142,0.769191695027927,0.354091787640095,0.688828383607098,0.287011826502958,0.0807195338200875,0.377210817916534,-0.397872092645267,0.00705315931050688,1.0248637033163,1.00985088515874,1.01486637124172,0.713073356935634,0.0998505561687591,0.187076086895606,1.08416094595224,1.07232885846545,0.274409770908958,0.762953394506072,-0.0373631654150306,0.0018788446973172,0.919629335906608,0.0275754030646232,1.01827947545154,-0.284154479713906,0.67,0.1,1.025,0.5,0.6,0.25,0.4,0.005,0.975,0.8,0.1,1.07869924958837,0.528993005064111,0.431479699835347,0.233033675328869,0.461992304774424,0.776736057187645,-1.25812080481601,3.59743511314661,4.93185686440456
41,0.00497577047878046,0.266256540297426,0.138878243149352,-0.00523308585882543,0.00300568979266247,0.0179339848164255,0.0752007109415893,0.0362843729515518,0.031159372958175,0.911124313100663,3.01884867223848,0.39870706126213,3.4547627309781,0.452586245244714,3.38979887510274,0.938755117307769,2.57629305886586,-0.12524930107089,1.91162768008967,8.98406716636092,0.749394673495783,0.143755760158718,0.325981242685434,0.023350668059829,1.14926068325537,3.09633804448393,0.770004657781097,0.359549173787948,0.689556409953221,0.287315170813842,0.0820075104774794,0.378186119374144,-0.396095579334413,0.00731661025618219,1.02406421803974,1.01000064933117,1.01392431650206,0.711675500301125,0.0988362431742565,0.189488256524618,1.08238525546235,1.07120133312339,0.276935343918963,0.760013544672489,-0.0369488885914521,0.00199205749341489,0.922642094659782,0.0272729088965593,1.0173152579503,-0.281254472407378,0.67,0.1,1.025,0.5,0.6,0.25,0.4,0.005,0.975,0.8,0.1,1.08196032806425,0.531402470949365,0.432784131225701,0.236256127407228,0.458047582848509,0.758652608849362,-1.26724060980409,3.62003898936493,4.95415987526282
42,0.00514845259002347,0.270794564467184,0.137665099657806,-0.00598390019526607,0.00277564862987045,0.019866759801239,0.0711845629383608,0.0346698477186592,0.029843497683652,0.979007215423594,3.23053841228751,0.425480752670956,3.53788707336458,0.461644593044704,3.42100597414576,0.957545664510634,2.58839538889333,-0.1249350792582,1.99507969536417,9.28726528822697,0.785636404495802,0.142018874543888,0.321988069973295,0.0234461380383422,1.15045711726245,3.12430018719855,0.770806268565843,0.365662860849965,0.690274270357471,0.287614279315613,0.0834920591139452,0.379262612274103,-0.393568483410258,0.00762458366501442,1.02317446762312,1.01017419485297,1.01286933762155,0.709995483343325,0.0977415989710512,0.192262917685624,1.08039203193116,1.06991959708785,0.279901780850221,0.756618201840443,-0.0365199826906634,0.00210231087633416,0.925972352655133,0.0269446150835708,1.01631711163362,-0.27832787269616,0.67,0.1,1.025,0.5,0.6,0.25,0.4,0.005,0.975,0.8,0.1,1.08564953812969,0.534176091498749,0.434259815251874,0.239878805801882,0.453507208886842,0.738670130743093,-1.27821808291885,3.64565050006338,4.98039703150845
43,0.00532855060600218,0.276005476507595,0.136381631518488,-0.00681371495545779,0.00253301993156119,0.0218248081354706,0.0668950729801212,0.0329174917545892,0.0284087177778389,1.0618621988216,3.4878103122593,0.458052751072669,3.63154090411116,0.471903685378606,3.45608231228588,0.979200606007808,2.60154689480257,-0.124665188524501,2.09609372567333,9.64732257793706,0.828837456897151,0.140218337402262,0.317565651535647,0.0235462089703782,1.1516564766857,3.15530293633963,0.771609839379418,0.372251800500619,0.690993886011419,0.287914119171425,0.0851874165583461,0.380468654607792,-0.390214510065168,0.00796472588529471,1.02219175540771,1.01035519335903,1.01171524838639,0.708021189316557,0.0965610849486524,0.19541772573479,1.07824636582173,1.0685221954902,0.283326760587321,0.752744483186541,-0.0360712437738625,0.00219563322007301,0.929503900405324,0.0265950091831783,1.0152921529078,-0.275377568780833,0.67,0.1,1.025,0.5,0.6,0.25,0.4,0.005,0.975,0.8,0.1,1.08981178956557,0.537369022776075,0.435924715826227,0.243847808699531,0.448525632180852,0.717531313369995,-1.29104999794476,3.67439129514444,5.01080750134572
44,0.00548759685880278,0.281884520148988,0.135027844049853,-0.00767273439862848,0.00227632630369756,0.0236252732073359,0.0625483959965558,0.0311092489530326,0.0269204000063321,1.1599647682262,3.78918228303913,0.496018922505221,3.73221542840048,0.482785438782515,3.49491630745979,1.00373785236527,2.61559406385561,-0.124415608761091,2.21516303098823,10.0593311395318,0.878025551591262,0.138554894459179,0.312938236720685,0.0236367990646173,1.15288139260576,3.18919915540547,0.77243053304586,0.378976105981378,0.691728835563457,0.28822034815144,0.0870944840624236,0.381831660561771,-0.386011683509143,0.00829801323945907,1.02112009336183,1.0105150348431,1.01049470631615,0.705759950486017,0.0952972445308579,0.198942804983124,1.0760632615793,1.06708286791903,0.287199395940562,0.748399627845938,-0.0355990237865006,0.00225699498900262,0.933047360347291,0.0262299062682046,1.01425228605628,-0.272406472255169,0.67,0.1,1.025,0.5,0.6,0.25,0.4,0.005,0.975,0.8,0.1,1.09446637275738,0.541022000892548,0.437786549102952,0.248032345331492,0.443406056840122,0.696455920941358,-1.30555305532265,3.7060675688021,5.04535890328085
45,0.00560135161626097,0.28838610363159,0.133610971945909,-0.00850866066939204,0.00200556880997049,0.0251165323073879,0.0583525559282642,0.0293301902235913,0.0254480405979232,1.27239057217354,4.12858401737059,0.538339945002517,3.83541639133951,0.493599040697081,3.53706392052395,1.03099966916871,2.63022121155523,-0.124156960199991,2.35140008725495,10.5126627202337,0.931486532597568,0.137210205101253,0.308338397340896,0.0237045070979619,1.15413730744984,3.22558277661874,0.773271995991395,0.385491880702214,0.692482384469906,0.288534326862461,0.0892003591885523,0.38337469861883,-0.381001240564695,0.00857829974239444,1.01997047674076,1.01062935837434,1.00924287256156,0.703236326694893,0.0939600891173751,0.202803584187732,1.07395323947425,1.06567522501137,0.291484602013068,0.743617098999334,-0.0351017010124015,0.00227969060266331,0.936427731706395,0.0258566627040308,1.01321124968478,-0.269417515232731,0.67,0.1,1.025,0.5,0.6,0.25,0.4,0.005,0.975,0.8,0.1,1.09959051692574,0.545157700286382,0.439836206770296,0.252282722596721,0.438456299307006,0.676566963304946,-1.3213797620487,3.74016687095345,5.08373495122418
46,0.00566221553278042,0.295435565763676,0.132154576010511,-0.00919684999062331,0.00172219438918164,0.0262088204342366,0.0544665430737446,0.0276514969971661,0.024051361907665,1.39709358159799,4.49572548033402,0.583465102321413,3.93660783734263,0.503723004405712,3.58179772930867,1.06068337591395,2.64497322403521,-0.123858870640493,2.50260437863564,10.9922419724569,0.987069604369378,0.136308209185454,0.30395194589349,0.0237403682827461,1.15539990328742,3.26384246067644,0.774117935202574,0.391524552747936,0.693239941972455,0.288849975821856,0.0914807880617526,0.385101420054175,-0.375284673340223,0.00875816989162968,1.01875905414819,1.01069052661044,1.00798318310631,0.700481161040532,0.0925717908406617,0.206947048118806,1.07199790100879,1.06435525335106,0.296131567462538,0.738448517735176,-0.0345800851977143,0.00226668146431207,0.939519483863646,0.0254933943230938,1.01218135228951,-0.266413647453242,0.67,0.1,1.025,0.5,0.6,0.25,0.4,0.005,0.975,0.8,0.1,1.10512313286578,0.549766990852581,0.442049253146314,0.256453592040895,0.433918801530627,0.658662254062213,-1.33797639124951,3.77593769988936,5.12538538508179
47,0.00568256078157034,0.302953608555085,0.130697467851165,-0.0096106484093319,0.00143091520210215,0.0269146461593668,0.0509396021041904,0.0261016853713174,0.0227557973531188,1.53257246946859,4.88268105867528,0.630304403547566,4.03323841989488,0.512912315870176,3.62828369653234,1.09243562378895,2.6593460975038,-0.123498024760408,2.66695480408353,11.4871656181147,1.04346353950776,0.13585361654982,0.299834382772302,0.0237448448504247,1.1566091046935,3.30330417611765,0.774928100144643,0.396975570435042,0.693965462816099,0.289152276173374,0.0939069057238224,0.38699375941305,-0.368985942401408,0.00882147001469919,1.01750517608992,1.01071097358548,1.00672220118512,0.697519791570702,0.091164070534363,0.211316137894935,1.07021689266903,1.06313764360266,0.301088810897836,0.732948776868083,-0.0340375877659193,0.00222694389783523,0.942293825591007,0.0251608240363808,1.01117153729068,-0.263397833371538,0.67,0.1,1.025,0.5,0.6,0.25,0.4,0.005,0.975,0.8,0.1,1.11097650490982,0.55481401974502,0.444390601963927,0.260462753705961,0.429857885605115,0.642892766748207,-1.35467870221808,3.81257439522308,5.16967437826306
48,0.00568828839550916,0.310882486158711,0.129282552227355,-0.00969872643781478,0.00113949357023291,0.027341236294254,0.0477023235968342,0.0246578894418283,0.0215440618940935,1.67998942293859,5.29170264850724,0.679275076271721,4.12594842666382,0.521428539654387,3.67580996374911,1.12596800427186,2.6729069608006,-0.12306500132335,2.84522740843535,11.9998161626187,1.10136652314556,0.135723958543797,0.29589014026053,0.0237279085427976,1.15768149209901,3.34340641249106,0.775646599706334,0.401955389924221,0.694608895259404,0.289420373024752,0.0964539773189021,0.389014586092836,-0.362205344001353,0.00879239934483566,1.01622740284243,1.01071672983749,1.00545224279193,0.694364863294181,0.0897692617036702,0.215865875002148,1.06856367571392,1.06199115018014,0.306318339461546,0.727161356860347,-0.0334796963218923,0.00217132245807287,0.944820350937464,0.0248718945834294,1.01018690964367,-0.260373049232013,0.67,0.1,1.025,0.5,0.6,0.25,0.4,0.005,0.975,0.8,0.1,1.11705911504009,0.560245206313128,0.446823646016038,0.264321083770565,0.426130635206365,0.628742076729111,-1.37090356974963,3.84942715580378,5.21605373827918
49,0.00569425016365374,0.319191705114478,0.127934514554045,-0.0095794862022861,0.00085651044547097,0.0276072482929257,0.0446514791135587,0.0232790500077212,0.0203828199157904,1.84289986442326,5.73375328420408,0.731950349423678,4.21683495521983,0.529688598153075,3.72390228742319,1.16110269232442,2.68536297349336,-0.1225633783946,3.04066658843146,12.5428288246701,1.16277622763251,0.13577026066493,0.291985139448959,0.0237006584503615,1.15854941072898,3.38378810357994,0.776228105188419,0.406645404115472,0.69512964643739,0.289637352682246,0.0991062289811487,0.391120577492243,-0.35501546259414,0.00870091798996177,1.01493922189511,1.01072272141447,1.00417176777696,0.691024726391219,0.0884059129157022,0.220569360693079,1.0669774154338,1.06087470277724,0.311797303663367,0.721115315663003,-0.0329126193263692,0.00210967737705307,0.947191010283181,0.0246180500202127,1.00922924975043,-0.257342280131427,0.67,0.1,1.025,0.5,0.6,0.25,0.4,0.005,0.975,0.8,0.1,1.12330004346178,0.566000842740919,0.449320017384711,0.268089064053451,0.422539351050159,0.615544517326927,-1.38637082466948,3.88605916826928,5.26411596187239
50,0.00569845529931203,0.327863216021527,0.126655726321152,-0.00941461045631797,0.000586902910808984,0.0277699408877181,0.0417396018351205,0.0219459930594153,0.0192563449767207,2.02460306912081,6.21812652385105,0.789554750010589,4.30675939896289,0.537846222671322,3.77224033712519,1.19772075230689,2.69652102941767,-0.122001444599372,3.25638993893921,13.1260990397259,1.22906686360792,0.135920419471918,0.288065278425232,0.0236673355253828,1.15918269251334,3.42422154379341,0.776652403983939,0.411133488185267,0.695509615508005,0.289795673128336,0.10185430196041,0.393279213053044,-0.347490822176222,0.00855077930956612,1.01364835900439,1.01072694757581,1.00289040619288,0.687512531386755,0.0870773990176831,0.225410069595562,1.06543283324909,1.05977224957434,0.317509131250011,0.714832775334952,-0.0323419065849636,0.00204971846764022,0.949447103547588,0.0243824492923645,1.00829788117053,-0.254308517072974,0.67,0.1,1.025,0.5,0.6,0.25,0.4,0.005,0.975,0.8,0.1,1.12965563321062,0.572032065015274,0.451862253284247,0.271796537245866,0.418996404100718,0.602991781670584,-1.4010690026995,3.92214091571338,5.31351928711917
51,0.00568486019486026,0.336870532012093,0.125432912308126,-0.00932668054140295,0.000331145264230281,0.0278130288068112,0.0389999290805256,0.0206752223542804,0.0181787422753906,2.22535115771451,6.74267133424833,0.851664714287244,4.39397129718137,0.545623287848752,3.82049510750921,1.23567478004315,2.70620427177251,-0.121383944306445,3.49254602883863,13.745593806563,1.29952783950387,0.13620904743602,0.28419320834456,0.0236237816743224,1.15958624171557,3.46448298512513,0.776922781949435,0.415349826702921,0.695751745029345,0.289896560428894,0.104688956355048,0.395476476965634,-0.339739622645261,0.00831731431029188,1.01235988835269,1.01071328449583,1.00162915030614,0.683852591528888,0.0857776221449274,0.230369786326185,1.06395436532197,1.05870374066696,0.323433153366538,0.708338630365848,-0.0317717837323859,0.00199650281856552,0.951561717960283,0.0241498677660936,1.0073906123602,-0.25127475401452,0.67,0.1,1.025,0.5,0.6,0.25,0.4,0.005,0.975,0.8,0.1,1.1360968600155,0.578306614414472,0.454438744006202,0.27540728086876,0.415576707414664,0.591262637380576,-1.415100363838,3.95729182764703,5.36387518410741
52,0.00563109404407853,0.346163702740323,0.124246798035086,-0.00937040094014374,8.65824616251842e-05,0.027675743491284,0.0365207304002971,0.0195098237355331,0.0171869119726126,2.44050055931496,7.28851993616879,0.915598879799923,4.47431958957454,0.55238823218023,3.86820094560124,1.27472083204393,2.71418821117357,-0.120708097616264,3.7443732698007,14.3782007197284,1.37083951239196,0.13674724670448,0.280516161676085,0.0235604980280694,1.15978437812302,3.50424755388715,0.777055533342424,0.419098243562159,0.695870626873813,0.289946094530755,0.107595368262668,0.39771235447779,-0.33191723515973,0.00796388558459082,1.01108017881742,1.0106592495143,1.00041648983406,0.68008219437542,0.0844980350518207,0.23541977057276,1.06260163795554,1.05771576251172,0.329538421082673,0.701666808251008,-0.031205229333681,0.00195224803688082,0.95346325642488,0.0239112257822081,1.00650463789857,-0.248243984913934,0.67,0.1,1.025,0.5,0.6,0.25,0.4,0.005,0.975,0.8,0.1,1.14259061591234,0.584800422312254,0.457036246364935,0.278828945710043,0.412473909765728,0.580865601779256,-1.42853141546116,3.99097084679044,5.41467196634602
53,0.005521654758815,0.355666818884058,0.123085540866966,-0.00949560746050904,-0.000150640392982848,0.0272978890610489,0.0343955726718663,0.0184977545893996,0.0163224996303395,2.66058808527856,7.82202959603714,0.97683769566277,4.54280082890074,0.557437613894799,3.91471791496287,1.314499388165,2.72018346107625,-0.119964934278379,4.00219481012316,14.9851301181694,1.43777851455233,0.137657782440404,0.27719125942233,0.0234681392731442,1.15979799459739,3.54304518092662,0.777064656380249,0.422145573287528,0.695878796758432,0.289949498649346,0.110550445760799,0.399989629113137,-0.324206062722175,0.00747165849560719,1.00982004317934,1.01054926303261,0.999278392573278,0.676245750957496,0.083236074015591,0.240518175026913,1.06143847004958,1.05685894087688,0.335783935578279,0.694860656671862,-0.030644592250141,0.00191408302902668,0.955077723277943,0.0236695607846508,1.00563800566139,-0.245219200774409,0.67,0.1,1.025,0.5,0.6,0.25,0.4,0.005,0.975,0.8,0.1,1.14908619430141,0.591485607926988,0.459634477720565,0.281946734642342,0.409897228973128,0.572338379105862,-1.44126132445781,4.02247771202222,5.46528090036402
54,0.0053559194762476,0.365282621531508,0.121959269547936,-0.00952970201257852,-0.000382891826606779,0.0266427409421981,0.0326944992977787,0.0176777687883091,0.0156198155638221,2.8724239551782,8.30008590791422,1.0299267769379,4.59494378331164,0.560258007580757,3.9592555643909,1.35454787749434,2.72385182621186,-0.119144139315305,4.25248206798056,15.5185659143839,1.49438262621265,0.139032772002442,0.274333620207063,0.0233419810092967,1.15962690218862,3.58025991291092,0.776950024466373,0.42428676950936,0.69577614131317,0.289906725547154,0.113522536694418,0.402300801205502,-0.316780489833192,0.00685200256463229,1.00859517688,1.01038269907363,0.998230846395857,0.67238557896873,0.0820036540655921,0.245610766965678,1.06051346244078,1.05617284494736,0.342121859896356,0.687970701035256,-0.0300925609316119,0.00187303134866885,0.956352236816904,0.023444139646874,1.00479128504327,-0.242203386692705,0.67,0.1,1.025,0.5,0.6,0.25,0.4,0.005,0.975,0.8,0.1,1.15551262366159,0.598318604367647,0.462205049464635,0.284645620677174,0.408000452103422,0.566069532374656,-1.45291256435969,4.05102654103553,5.51501831222092
55,0.00514299203066483,0.374892323371002,0.120908106085145,-0.0092218759506687,-0.000608146090412931,0.0256834351970434,0.0314765706166149,0.0170838567319568,0.0151092506976654,3.0590967649566,8.67161962612898,1.06884894024628,4.62676392770506,0.560561975213662,4.0008843447822,1.39430108491229,2.7248225069304,-0.118239247060493,4.47787499788998,15.923158172065,1.53435461698001,0.140948148624767,0.272028953036922,0.0231829485805613,1.15924829275455,3.61513367340333,0.776696356145548,0.425335870996137,0.69554897565273,0.289812073188637,0.116471000603678,0.404619514409187,-0.309798304273863,0.00612135580407057,1.00742364121588,1.01016870699082,0.997282567004955,0.66853838273304,0.0808317097014779,0.250629907565482,1.05986780829732,1.05569131849142,0.348498223081798,0.681055054861514,-0.0295532779433116,0.00181894252345459,0.957243278106669,0.0232671606547819,1.00396776976387,-0.239199518913216,0.67,0.1,1.025,0.5,0.6,0.25,0.4,0.005,0.975,0.8,0.1,1.16178274307954,0.605230043419599,0.464713097231815,0.286805124698945,0.406901024777134,0.56237561587873,-1.4627829535855,4.07579067605827,5.56318716491569
56,0.00489017007709163,0.384356739693325,0.119989533336339,-0.00840944143440525,-0.000818378782970974,0.0244066531936189,0.0307817356725639,0.0167398525708803,0.0148122787010531,3.20320833682626,8.88985580613248,1.08855274515453,4.63540341171337,0.558312883809643,4.03859909044728,1.43311340768692,2.7227384626057,-0.117252779845346,4.66043037094218,16.1489515369261,1.55261054930332,0.143456135844745,0.270331068013304,0.0229977001844902,1.15862812247294,3.64682923039856,0.776280842056867,0.425150646247585,0.695176873483761,0.289657030618234,0.119347509415747,0.406903630518103,-0.30340701343504,0.00528980862371894,1.00632388792998,1.00991462092748,0.996444518256209,0.664740570657352,0.0797619108629071,0.25549751847974,1.05953235341125,1.0554403516519,0.354854090636724,0.674178942159863,-0.0290330327965875,0.00174573294085817,0.957720838517015,0.0231648515799612,1.00317223065687,-0.236210561890779,0.67,0.1,1.025,0.5,0.6,0.25,0.4,0.005,0.975,0.8,0.1,1.16779519157258,0.612123960052148,0.467118076629031,0.288329353392976,0.406671534649942,0.561477609247779,-1.47003473934918,4.09594145865541,5.60910891117152
57,0.00459468573245119,0.393521599559015,0.119252612780119,-0.00713747924993569,-0.00100209333273227,0.0228186827203378,0.0306211153987487,0.0166535494113808,0.0147361153188436,3.29193990112446,8.9284458333116,1.08667019145418,4.61982552177201,0.553674925880013,4.07143687792587,1.47030785190264,2.71732732842811,-0.116198302404883,4.78672272450161,16.1682747747812,1.54694274156839,0.146574788956177,0.269259162920573,0.0227959266390834,1.15774161925896,3.67453737867987,0.775686884903506,0.423656931436285,0.694644971555378,0.289435404814741,0.122099817481671,0.409103813252455,-0.297745472309376,0.00436821655419006,1.00531399026565,1.00961765916111,0.995737328030649,0.661037180461812,0.078830410914874,0.260132408623314,1.05952173456966,1.05543334613203,0.361127507557402,0.667412368139748,-0.0285398756971502,0.00165118793791474,0.957774942314101,0.0231414838628701,1.00240981796231,-0.233239465365114,0.67,0.1,1.025,0.5,0.6,0.25,0.4,0.005,0.975,0.8,0.1,1.1734391163317,0.618881698857918,0.469375646532679,0.289176808474332,0.407328318102265,0.563462237296335,-1.4740288811936,4.11070270893044,5.65215176257309
58,0.00426792793732074,0.402262300573732,0.118716654090251,-0.00563862535413884,-0.00114947744397631,0.0210364808003496,0.0308674377706887,0.0167640846490551,0.0148287380437146,3.3324070110537,8.82537005029562,1.06863884811665,4.58568601837997,0.547521879777192,4.09881886446678,1.50537570558333,2.70854630931406,-0.115103150430608,4.86321290094954,16.0245169380994,1.52365140502089,0.1501149215963,0.268636358432597,0.0225938275576529,1.15656266164018,3.69775594287341,0.774896983298921,0.421109943504789,0.693937596984108,0.289140665410045,0.124684737283788,0.411175184976094,-0.292874675390729,0.00343163311145095,1.00441083038828,1.00928926757701,0.995166462831379,0.657471293033717,0.0780527920693535,0.26447591489693,1.059758152367,1.05561203588768,0.367270610232045,0.660811418819888,-0.0280820290519327,0.00153531202734474,0.957507566433221,0.0231781017500545,1.00168548775647,-0.230289161449787,0.67,0.1,1.025,0.5,0.6,0.25,0.4,0.005,0.975,0.8,0.1,1.17860200363027,0.625388803028709,0.471440801452107,0.28946853736606,0.408590247633551,0.567593921188634,-1.4746833185459,4.11964193419949,5.6919198338722
59,0.00392650369634831,0.41051189693419,0.118360474009048,-0.00425315255993031,-0.00125666918194989,0.0192255617782875,0.031324168684203,0.0169762004490797,0.0150084312066978,3.34448604011865,8.65265136757221,1.0435611271777,4.54186856254252,0.540920046047724,4.12072444489496,1.53809145708397,2.69663561460693,-0.114002626795942,4.90927716810151,15.7985226787742,1.4928843992357,0.153779026134592,0.268198887800646,0.0224058528062244,1.15508637430963,3.71642922681261,0.773907870787452,0.417957455989102,0.693051824585777,0.288771593577407,0.127079355235703,0.413076117039357,-0.288756606503427,0.00257311979779824,1.00362382416302,1.00894613621483,0.994724879891228,0.654076834015288,0.0774168441123872,0.268506321872325,1.06011735656497,1.05588238324543,0.373257537030768,0.654408138828039,-0.0276656758588066,0.00140043820385946,0.957077058266168,0.0232384107767998,1.00100348349042,-0.227362561738569,0.67,0.1,1.025,0.5,0.6,0.25,0.4,0.005,0.975,0.8,0.1,1.18320636130244,0.631540662437989,0.473282544520978,0.289418317978675,0.410041869476112,0.572720318323508,-1.47258168558825,4.12281168567407,5.72832492865972
60,0.00358926162444242,0.418267496876263,0.11813259065941,-0.00325068173367538,-0.00132790519819037,0.0175395169117154,0.0317984024643539,0.0171969442314099,0.0151955858701348,3.3493943685489,8.47805112967405,1.019522157901,4.4968379392679,0.534721413921789,4.13764530383493,1.56851790896865,2.68205769792176,-0.112930303055492,4.94590015356266,15.5666949151115,1.46355281118535,0.157271723632664,0.267699584324438,0.0222395424180489,1.15333469603597,3.73091251072194,0.772734246344097,0.414669797180896,0.692000817621579,0.288333674008991,0.129283847587564,0.41478281026748,-0.285268024508597,0.00186961673366143,1.00295227227038,1.00860720793256,0.994393322179627,0.65087213162293,0.0768892110966295,0.272238657280441,1.06047675894921,1.05615194815966,0.379084671060347,0.64820870349518,-0.0272933745555272,0.0012507577372658,0.956639942047487,0.0232873425709593,1.00036697133822,-0.224462554432041,0.67,0.1,1.025,0.5,0.6,0.25,0.4,0.005,0.975,0.8,0.1,1.18722896372488,0.637272346003249,0.474891585489953,0.289241391618645,0.41129366478933,0.577697984568936,-1.46874056118963,4.12071368186273,5.76155467646492
61,0.0032789955413203,0.425589672259525,0.117968313218305,-0.00276219101352237,-0.00137348186811792,0.0161084371496079,0.0321171344073478,0.0173440590604843,0.0153200204978578,3.36597171830924,8.35501588567558,1.00262028071328,4.45776430865004,0.529551762495332,4.15047130971387,1.59697661390111,2.66540641557091,-0.111911719758148,4.991955758715,15.390007420564,1.44235726633603,0.160327314058649,0.266925197644209,0.0220969428855672,1.15134274246808,3.7418836197668,0.771399637453616,0.411687636304758,0.69080564548085,0.287835685617021,0.131319887554,0.416295250476887,-0.282217955533773,0.00137824580570959,1.00238624035022,1.00829539051903,0.994139465255544,0.647853860631246,0.0764262271506346,0.27571991221812,1.06072590914481,1.05633788126794,0.384769944117792,0.642193673121586,-0.0269636172393781,0.00109172015216949,0.956338074435061,0.0233002133515585,0.999777808612459,-0.221592001487293,0.67,0.1,1.025,0.5,0.6,0.25,0.4,0.005,0.975,0.8,0.1,1.19070007038623,0.642575858190093,0.476280028154493,0.289127747232826,0.412014520348967,0.58148616387131,-1.46431040665624,4.11420935729832,5.79202496132289
62,0.00301047322647293,0.432581963332564,0.117803226743574,-0.00280378301743522,-0.0014063373563391,0.0150002110352729,0.0321745888821635,0.0173677525057132,0.0153393668686168,3.40616517871603,8.31241935665816,0.995874401330527,4.42873259349806,0.525648742421544,4.16028372748705,1.62394673416289,2.64729725207558,-0.110960258751413,5.05968095103097,15.3019054661941,1.43253709708579,0.162793154474568,0.265759707002965,0.0219742120851278,1.14915774070086,3.75018093091515,0.769935686269576,0.409298014472838,0.689494644420516,0.287289435175215,0.133224116322519,0.417632243228931,-0.279391847848611,0.00111340458903878,1.00190809612081,1.00802552559261,0.993931275234123,0.645001001300129,0.0759831992059917,0.279015799493879,1.06079831877831,1.05639076020467,0.390345188101823,0.636326131937792,-0.0266713200396155,0.000929812901106796,0.956258184079424,0.023262905090464,0.999236329846192,-0.218753735793515,0.67,0.1,1.025,0.5,0.6,0.25,0.4,0.005,0.975,0.8,0.1,1.19369688530346,0.64749084480041,0.477478754121383,0.289198300607946,0.412029913856371,0.583454968391995,-1.46032622883644,4.10433045334723,5.82026801746943
63,0.00278088808654502,0.439357072204734,0.117580550985743,-0.00332686872530974,-0.00143935465128509,0.0142001256349078,0.0319598167557387,0.0172627277493329,0.0152490664446674,3.47316226809069,8.3527872412588,0.999072555569635,4.40996400923341,0.522792123703115,4.16811417088247,1.64992378188657,2.62826566158951,-0.110075272593613,5.15272857787333,15.3056814359526,1.43365124984654,0.164680261141034,0.264217811647021,0.0218618431674018,1.14683971386933,3.75661438429528,0.768382608292453,0.407556755846301,0.688103828321599,0.286709928467333,0.135037733244964,0.418829320516354,-0.276604041734414,0.00104168171856381,1.00149634435616,1.00779479252698,0.99375026719971,0.642286489262685,0.0755203992982048,0.282193111439111,1.06068991799082,1.05630809618376,0.395844190980319,0.630564699966712,-0.0264088909470317,0.000771431881677974,0.956407609720923,0.0231687294779211,0.998741384126128,-0.215950558376279,0.67,0.1,1.025,0.5,0.6,0.25,0.4,0.005,0.975,0.8,0.1,1.19632379185575,0.652091126807214,0.4785295167423,0.289482621524242,0.411370651670302,0.583572930966345,-1.45755681400681,4.09204569226831,5.84678971599412
64,0.00258439097491683,0.446025892866528,0.117255202742596,-0.00424680815527589,-0.00148388980285152,0.0136721763858676,0.0314893630422813,0.0170361610676812,0.0150550684454948,3.56847485359531,8.47426767896244,1.01152657680889,4.40070694070481,0.520688749012941,4.17486601390334,1.67537427040087,2.60873717904157,-0.10924543553909,5.27309486082127,15.3992141142273,1.44472025256978,0.166046398428898,0.262343491965776,0.0217503622870353,1.14444080047543,3.76190169689121,0.766775336318538,0.406441234184178,0.686664480285258,0.286110200118857,0.136800661603803,0.419934159871204,-0.27370016327312,0.00112871431136459,1.00113084694375,1.00759731292979,0.993582291354824,0.639680223095358,0.075005834249475,0.285313942655167,1.06041306089264,1.05609907033272,0.401300129111079,0.624867282052603,-0.0261674111636816,0.000620399179320662,0.956770850376597,0.0230167681543205,0.998290988401853,-0.213185235633265,0.67,0.1,1.025,0.5,0.6,0.25,0.4,0.005,0.975,0.8,0.1,1.1986853878461,0.656475133527153,0.479474155138439,0.289982272774834,0.410116621546181,0.581977862293197,-1.45649250664597,4.07818951540835,5.87203784998948
65,0.00241767838889879,0.452697898703823,0.11679378680622,-0.00547800661547659,-0.00154895945148092,0.0133866558958244,0.0307756802082726,0.0166928569778534,0.0147612093878676,3.69527685206517,8.67993729526273,1.03319931788622,4.4004790887835,0.519125956750537,4.18132476692369,1.70073892361034,2.58903916661781,-0.108453323304464,5.4244049606377,15.5854768121398,1.46550457116615,0.166939752388851,0.260166135356753,0.0216326198338601,1.1419971921323,3.76667049218401,0.765138118728639,0.40592849423725,0.685198315279378,0.285499298033074,0.13855056742666,0.420993244847669,-0.270544040539699,0.00135336869906853,1.00079422789525,1.00742976678084,0.993413398030919,0.637148963089299,0.074415040158856,0.288435996751845,1.05997555013826,1.05576873705405,0.406746430476775,0.619191120263695,-0.0259375507404691,0.000477523583440135,0.957336098294046,0.0228087157721961,0.997883084199316,-0.210460496604157,0.67,0.1,1.025,0.5,0.6,0.25,0.4,0.005,0.975,0.8,0.1,1.2008779156114,0.660745397444311,0.480351166244558,0.290702253034875,0.408328586293705,0.578775722409144,-1.45741133879583,4.0634754454665,5.89641703103224
66,0.00227513259257958,0.459476869647858,0.116171639065865,-0.00695939064937512,-0.00164124263875598,0.0133087825927563,0.0298399214075502,0.0162413542818246,0.0143744170138869,3.85714072806867,8.97402788968941,1.0641792029392,4.40850345555089,0.517882454792708,4.18815201808868,1.72642022537727,2.56940990402522,-0.107678111313807,5.61066047761715,15.868221098959,1.49588603610634,0.16742166769664,0.25772140069052,0.0215024896882342,1.13953524620883,3.77144980910812,0.763488614959916,0.405968970060107,0.683721147725298,0.284883811552207,0.140322143525424,0.42204706396284,-0.267018938744738,0.00169459810502605,1.00047119764473,1.00728650825554,0.993233989977074,0.634659312955748,0.0737294126344851,0.291611274409767,1.05938997896855,1.05532538514843,0.412215272492698,0.613494900120126,-0.0257101726128238,0.000342308416094668,0.958084315963729,0.0225459437734398,0.997515842254673,-0.207779030277417,0.67,0.1,1.025,0.5,0.6,0.25,0.4,0.005,0.975,0.8,0.1,1.2029896975815,0.664997826940054,0.481195879032599,0.291640593894776,0.40607834066163,0.574126182314138,-1.46044987293772,4.04848688355161,5.92027941605347
67,0.002143027111544,0.466444726550159,0.115373411927731,-0.00862464170025445,-0.00176567218682699,0.0133723127926932,0.0287442589167224,0.0157097530578537,0.0139183155554252,4.0533333326922,9.34935018008072,1.10311656194408,4.42236131164663,0.51656071344143,4.19580623139167,1.75272071771143,2.54998140006984,-0.10689588638959,5.83153392250232,16.2380756036787,1.53413394940805,0.167623120950145,0.255096157868442,0.0213525604121253,1.13708061581303,3.77660682260229,0.761844012594731,0.406411503043496,0.682248369487819,0.284270153953258,0.14214324885145,0.423130566607828,-0.26304896069844,0.00211273094553803,1.00014849619002,1.0071537422471,0.993044511713321,0.632183925367207,0.0729372164354807,0.294878858197313,1.05869577288491,1.05479761311965,0.417731568392776,0.607745272170029,-0.0254768405628051,0.000214388640028206,0.95896260982079,0.0222323890504987,0.997187589377254,-0.20514348293657,0.67,0.1,1.025,0.5,0.6,0.25,0.4,0.005,0.975,0.8,0.1,1.20509867781312,0.669315605204689,0.482039471125249,0.292752609102014,0.40351572957232,0.568447402349825,-1.46558768779103,4.03360683141171,5.94386701178362
68,0.00201134805692324,0.473658018481985,0.114399221411867,-0.0103528649449716,-0.0019253176144538,0.0135093172822869,0.0275595453793273,0.015131042669148,0.0134208908316385,4.28086407939229,9.79311725563057,1.14803480799373,4.43925857506415,0.51478346329625,4.20451972210238,1.77982441824225,2.53077715399198,-0.106081850131852,6.08433768404559,16.6795927642771,1.57791342497644,0.16768158050663,0.252379629819901,0.0211770038183195,1.13464627506825,3.78233330414401,0.760213004295727,0.407086140429019,0.68078776504095,0.283661568767062,0.14403239409558,0.424273154066213,-0.25860134708258,0.00256552677209954,0.999816275636762,1.00702140479721,0.992845108230945,0.629700224197739,0.0720372153710992,0.298262560431162,1.05793663202684,1.05421725217642,0.423312182099193,0.601918250183999,-0.0252304322831924,9.48249552171777e-05,0.959912398768702,0.0218802370336178,0.996896392126525,-0.20255645554865,0.67,0.1,1.025,0.5,0.6,0.25,0.4,0.005,0.975,0.8,0.1,1.20726176533328,0.673770054007448,0.482904706133314,0.293973104168815,0.400793298337224,0.562194531771716,-1.47259787299345,4.01901898195492,5.96730751479291
69,0.00187210929561349,0.481146309254205,0.113264346227884,-0.0120194282642078,-0.00212015571762669,0.0136558137332272,0.0263577391419886,0.0145396725453003,0.0129115948571521,4.53406258921428,10.2862668168964,1.19632508630308,4.45621690815496,0.512226463107265,4.2143058132534,1.80779222233663,2.51172667638715,-0.105213085470384,6.36358629065538,17.1707637726876,1.62431090830999,0.167729747456478,0.24965728260674,0.0209724443700289,1.13223285215325,3.7886558938706,0.758596010942679,0.407821033275265,0.679339711291951,0.283058213038313,0.145998268352013,0.425492099585068,-0.253689791909149,0.00300755123408662,0.999468104418206,1.00688146984209,0.99263730076883,0.62719099158155,0.0710383776215024,0.301770630796948,1.05715747216744,1.05361764563807,0.428965600135466,0.596000097688242,-0.0249656978237088,-1.34198276596116e-05,0.960875117482962,0.0215048310471322,0.99663952636034,-0.200020501197352,0.67,0.1,1.025,0.5,0.6,0.25,0.4,0.005,0.975,0.8,0.1,1.20951356305321,0.678409137401878,0.483805425221286,0.295226961428815,0.398056231606889,0.555818659402075,-1.48107387855853,4.00472377649029,5.99061683889655
70,0.00171054050162907,0.48890003920072,0.111995431277175,-0.0135239633903147,-0.00234713075442328,0.0137301637809673,0.0252364242409273,0.0139836903845854,0.0124318030747806,4.79849807950556,10.7885967460016,1.24304360440111,4.46894047313731,0.508474715822011,4.2249205484574,1.8365213749429,2.49266876896056,-0.104269595446055,6.65492845238755,17.6670558760125,1.66798478313266,0.167946597717331,0.247050639376942,0.0207360583555951,1.12984057958595,3.7954068155998,0.756993188322588,0.408374298285539,0.677904347751571,0.282460144896488,0.148037599778236,0.426792436858668,-0.248390614893969,0.00337946611795173,0.999101090133818,1.00671909320414,0.992432841373781,0.624650402503471,0.0699579912258375,0.305391606270692,1.05642392783078,1.05304942259384,0.434687789717951,0.589991868573878,-0.0246796582918289,-0.000106625163894827,0.961770916626498,0.0211210863737629,0.996413264793522,-0.197538122563452,0.67,0.1,1.025,0.5,0.6,0.25,0.4,0.005,0.975,0.8,0.1,1.21186696636825,0.683250079001265,0.4847467865473,0.296407286605118,0.395502249557215,0.549938486418212,-1.49046011211862,3.99050214163067,6.01366028807959
71,0.00150497766363054,0.496859536149152,0.11062617794159,-0.0147950899729299,-0.00260091374456495,0.0136371601905458,0.0243142958456133,0.0135228929264434,0.0120333119255595,5.04814002633674,11.2334838283662,1.28046202108409,4.47199123629148,0.503043282043889,4.23583517607069,1.86571128853455,2.47335901371681,-0.103235126180671,6.93227210981355,18.0963122545034,1.70073565964355,0.16855331496237,0.244714492987226,0.0204654826962423,1.12747352011399,3.80220141580673,0.755407258476375,0.408437180013227,0.676484112068395,0.281868380028498,0.15013252002011,0.428170941618065,-0.242850351804429,0.00361654192069815,0.998717323137907,1.00651250255195,0.992255258236458,0.62208950986892,0.0688193848143553,0.309091105316725,1.05582099324659,1.05257994549228,0.440458896765962,0.583912950081119,-0.0243718468470806,-0.000181872494269539,0.962501962817947,0.0207421037731322,0.996213085983491,-0.19511176945496,0.67,0.1,1.025,0.5,0.6,0.25,0.4,0.005,0.975,0.8,0.1,1.21430637632123,0.688278671839821,0.48572255052849,0.297379622782872,0.393375051507926,0.545319202212738,-1.50008789615244,3.97588928036734,6.03612092500288
72,0.00124632817162044,0.504934493865471,0.109194916741682,-0.0157753878237955,-0.00287476441168211,0.0133305079629897,0.0236570978981942,0.0131918948699104,0.011746447976121,5.25959516174246,11.5655938889995,1.3026910747463,4.46229749204688,0.495793067571963,4.24637229572386,1.89494580559776,2.45352725097049,-0.102100760844384,7.17195434531963,18.3999329672653,1.71654670808246,0.169667626079239,0.242729981344943,0.0201633266085861,1.12512191768678,3.80854662658293,0.753831684850146,0.40782854556382,0.675073150612071,0.281280479421696,0.152254248099825,0.429616038753664,-0.237247481471134,0.00368958455341223,0.998324843425184,1.00625255981248,0.992121544129267,0.619529012623499,0.0676494189524796,0.312821568424021,1.05539861725048,1.05225003765746,0.446250510702038,0.577793721346858,-0.0240442320488957,-0.000237625884912073,0.963014476607811,0.0203800647278251,0.996034042452719,-0.192743836389457,0.67,0.1,1.025,0.5,0.6,0.25,0.4,0.005,0.975,0.8,0.1,1.21678189316416,0.693455883420831,0.486712757265665,0.29805616841661,0.391797601724999,0.542378285915563,-1.50926293862339,3.96031049551758,6.05759319967737
73,0.000951564567817167,0.513041451077699,0.107747247950917,-0.0163767663282282,-0.00316101665166357,0.0128436950162205,0.0232381679255668,0.0129792855407331,0.0115618014095856,5.42725383691057,11.7771724676119,1.30982587907261,4.44127356939595,0.487163879228657,4.25592709206193,1.92383998955008,2.43295599583115,-0.100868893319309,7.36793869681502,18.5713028105262,1.71596045904405,0.171217396728508,0.241042242105133,0.0198395940620993,1.12274922083932,3.81401177308763,0.752241977962342,0.406615360707898,0.67364953250359,0.280687305209829,0.154372526374143,0.431100513544398,-0.231734213529297,0.00362149066868061,0.997934971450758,1.00595632239066,0.992026143917626,0.616983571392945,0.066478281848518,0.316538146758537,1.05513868397059,1.05204643465668,0.452037816422745,0.571662987453207,-0.0237008038759528,-0.000274168642831827,0.963332322147603,0.0200507237126276,0.995871251424694,-0.190436660230995,0.67,0.1,1.025,0.5,0.6,0.25,0.4,0.005,0.975,0.8,0.1,1.2192252968163,0.698722840498193,0.487690118726519,0.298437226571335,0.390678541992519,0.540906043969217,-1.51732100340914,3.94330758327704,6.07775084693863
74,0.00064839862860204,0.52112024178646,0.106334990731383,-0.0165124539068582,-0.00345055040981657,0.0122419719336666,0.0229906976632877,0.0128528462611545,0.0114518072705344,5.5580512402745,11.8915222964604,1.30567635059909,4.41239198955856,0.477845857442534,4.26406920287479,1.95210796269991,2.41151477623447,-0.0995535360595897,7.5267418280016,18.6369431815221,1.70347655721755,0.17304504580156,0.239537765592027,0.0195078852355088,1.1203076681268,3.8182991498436,0.750606137644957,0.404979410558274,0.672184600876081,0.2800769170317,0.156462420774376,0.432582491321631,-0.226414547844886,0.00345458387839349,0.997557787972415,1.00565164062175,0.99195163382389,0.614456225903613,0.0653381970863012,0.320205577010086,1.05499183944148,1.05193039080126,0.457804005944324,0.565543067314355,-0.0233470732586795,-0.000293939970662427,0.963512965831947,0.0197702781248031,0.995720474251873,-0.188192517883893,0.67,0.1,1.025,0.5,0.6,0.25,0.4,0.005,0.975,0.8,0.1,1.22157788627029,0.704008638996993,0.488631154508117,0.298567853192246,0.389836989998376,0.54041858801263,-1.52366518359996,3.92463234087688,6.09642087101569
75,0.000365103398199363,0.529140461930541,0.105009243904255,-0.0161541042836979,-0.00373300185372349,0.0115998906472929,0.022832638840094,0.0127720832547202,0.0113815925748684,5.66675950324378,11.9490947009928,1.29584606892093,4.37973391119876,0.468562219669402,4.27057985556249,1.97959444143726,2.38916397363046,-0.0981785595052309,7.66280844212368,18.6412072964433,1.68541240643108,0.174962137717194,0.238087051687346,0.019182677345977,1.11774937183415,3.82126812643697,0.748892079128878,0.403143722278134,0.670649623100487,0.279437342958536,0.158507640274551,0.434019738062834,-0.221337893974974,0.00323746578407315,0.997200232494143,1.00536692891519,0.991876899680937,0.61193903865078,0.064259255764215,0.323801705585005,1.05489668148288,1.05185316149323,0.463542307693603,0.559447207272933,-0.0229895149665359,-0.00030102593711548,0.963626317572685,0.0195492516169958,0.995578553274609,-0.186013624045709,0.67,0.1,1.025,0.5,0.6,0.25,0.4,0.005,0.975,0.8,0.1,1.22380177081046,0.709253227281876,0.489520708324185,0.298520067153649,0.389069885477951,0.54033729501546,-1.52785086502519,3.9042516046993,6.11360103202908
76,0.00011485789869347,0.537084019997426,0.103813939014053,-0.0153354948303748,-0.00399815121914904,0.0109540194987165,0.022722388978723,0.0127163286128458,0.0113333229518254,5.76136478325738,11.9717843511638,1.28355954676809,4.3453939555464,0.45974925317427,4.27535846138857,2.00621303392003,2.3659182398862,-0.0967728124176635,7.78394976519283,18.6080188740447,1.66541062399031,0.176869934419207,0.236625682976768,0.0188746364656128,1.11504543292705,3.82285672624652,0.747080440061121,0.401218570411926,0.669027259756228,0.278761358231762,0.160497986403789,0.435377084532602,-0.216525524614174,0.00299565058699722,0.996865547621645,1.00511543218819,0.991792102377156,0.609422416859137,0.0632665416176113,0.327311041523252,1.0548223490219,1.05179027448594,0.469250251654555,0.553384765570701,-0.0226350172252561,-0.000300400165224826,0.963707585331144,0.0193914800638157,0.995443642184694,-0.183902129021601,0.67,0.1,1.025,0.5,0.6,0.25,0.4,0.005,0.975,0.8,0.1,1.22588276931369,0.714409369409915,0.490353107725477,0.298335201877997,0.388278600246275,0.540372648585525,-1.52960490558449,3.8822304110173,6.12937780706525
77,-8.53592981697356e-05,0.544961463896207,0.102778252039278,-0.0141713169916722,-0.00423721219718942,0.0103677010107077,0.0225845665267309,0.0126478399542707,0.0112743574133633,5.85997536013563,12.0033461587766,1.27411953393427,4.31264193959738,0.451885508503549,4.27849570696861,2.03201062536908,2.34185338101084,-0.0953682994113093,7.90815660843049,18.5843770194921,1.64923076008959,0.178602289092825,0.235052226335863,0.0185940170630848,1.11216727557249,3.82314613121952,0.745152074633571,0.399400097962631,0.667300365343496,0.278041818893123,0.162431666167043,0.436635388404988,-0.211950789594403,0.00277366848192681,0.996555303946369,1.00491421390534,0.991681966636251,0.606891968633688,0.0623752957128465,0.330732735653466,1.05471330292603,1.05169762724068,0.474935763534698,0.547354383737389,-0.0222901472720868,-0.000296842256960045,0.963820049117956,0.0192916075648884,0.995315150380219,-0.181860116602233,0.67,0.1,1.025,0.5,0.6,0.25,0.4,0.005,0.975,0.8,0.1,1.22781666778546,0.719461470857814,0.491126667114183,0.298099060703215,0.387304888652658,0.540019991489324,-1.5289434434163,3.85876482478935,6.14396582592348
78,-0.000226385364064495,0.55280612155413,0.101914728159416,-0.0128088241847794,-0.00444434959214446,0.00988655960834173,0.0223611822528866,0.0125373436666671,0.0111793148353639,5.97842367599108,12.079335338429,1.2715388570116,4.28374601599754,0.445248307554916,4.28023108217206,2.05714061779924,2.31708610634448,-0.0939956419716498,8.05128501736234,18.608149030157,1.64113832463171,0.180036251713401,0.233296759542416,0.0183468020368453,1.10910067456358,3.82232716490864,0.743097451957599,0.397838957568175,0.665460404738149,0.277275168640895,0.164315528141375,0.437782261801198,-0.207556487474725,0.00260023461026362,0.99626753838203,1.00477248270912,0.991535452579122,0.604331540376199,0.0615902846556017,0.3340781749682,1.05452770864945,1.05154210028195,0.48061438233267,0.541346030590635,-0.0219604129233049,-0.00029349954841482,0.964011756239196,0.0192391818474655,0.995193313743698,-0.179889602007329,0.67,0.1,1.025,0.5,0.6,0.25,0.4,0.005,0.975,0.8,0.1,1.22961884712325,0.724407436237197,0.4918475388493,0.297884676770635,0.386041012185444,0.538904559480841,-1.52614397704526,3.83413069074978,6.15766240340319
79,-0.000308405680734187,0.560658762561415,0.101224768458246,-0.0113557675268634,-0.00461705436811677,0.00952241448372271,0.0220320981634773,0.0123743038829946,0.0110389632961352,6.1245849440888,12.2150407974686,1.2774100615188,4.25932341319016,0.439883799048259,4.28085067441037,2.08179556230773,2.29173526702193,-0.0926801549192884,8.22135335478,18.6953406615628,1.64274793988059,0.181133664230706,0.231341826714309,0.0181342342328187,1.10584741665958,3.82062256067509,0.740917769161918,0.396587017998236,0.663508449995747,0.276461854164895,0.166160815847234,0.438817126329732,-0.20328033626046,0.00248039275713777,0.995997572088751,1.00469005229086,0.991348097672222,0.601726884787433,0.0609096645877098,0.337363450624857,1.05425198892517,1.05131300952786,0.486304176586223,0.535345762168548,-0.0216499387547705,-0.000291573438523461,0.964298602689243,0.0192256256713415,0.995078684237989,-0.17799252989689,0.67,0.1,1.025,0.5,0.6,0.25,0.4,0.005,0.975,0.8,0.1,1.23131903841002,0.729262955376755,0.492527615364007,0.297723429534002,0.384463171852514,0.536909567101042,-1.52160015239994,3.8085970977207,6.17077978794642
80,-0.000337293435346659,0.568557233922946,0.100703165189869,-0.00988346525747097,-0.00475504630835077,0.00926580610556438,0.0216020420789101,0.0121604881540517,0.0108546737256264,6.3009450543907,12.4128973230717,1.29187688354524,4.23899220770898,0.435707116423423,4.28061999258475,2.10616209451971,2.26589834172786,-0.0914404436628141,8.42103954273806,18.8481188188356,1.65409825317865,0.181911650654854,0.229202325838073,0.0179546968727993,1.10241895511307,3.8182382632952,0.738620699925754,0.395630800855827,0.661451373067839,0.275604738778266,0.167979256827207,0.439749320414825,-0.19906964377829,0.00240562526436541,0.995739937489368,1.00466102009748,0.991120305824901,0.599067707190253,0.0603280142770961,0.340604278532652,1.05389102628478,1.05101430148686,0.492022673857563,0.529338821398085,-0.021361495255648,-0.000290883151119544,0.964675403405381,0.0192445022093966,0.994971766065275,-0.176170772452052,0.67,0.1,1.025,0.5,0.6,0.25,0.4,0.005,0.975,0.8,0.1,1.23295028435105,0.734056126105239,0.49318011374042,0.297617899212305,0.382598365906046,0.53408504273212,-1.51572109174377,3.78237437026171,6.18360433871591
81,-0.000320870921319463,0.576528634708182,0.100344690116605,-0.00840178899676625,-0.00485936696202627,0.00909290441949295,0.0210938349279538,0.0119067654878456,0.010635699966466,6.50523502809075,12.6648381409866,1.31401445705199,4.22174919915061,0.432575254601967,4.2797348043771,2.13038544195141,2.23963802782818,-0.0902886654024914,8.64826556928469,19.0575136597853,1.67410633901774,0.18242508647569,0.226913346218072,0.0178052927662794,1.0988307898527,3.81532601434828,0.736216629201309,0.394910654793521,0.65929847391162,0.274707697463175,0.169779987233156,0.440591574803134,-0.194889683882805,0.00235945709556734,0.995489693711471,1.00467752472407,0.990854945207293,0.596347968087863,0.0598403520594434,0.343811679852694,1.05346274441543,1.05066023399052,0.497784451450716,0.52331233831069,-0.0210967897614052,-0.000290744959604392,0.965121957418248,0.019294546292742,0.994872881032944,-0.174426127527472,0.67,0.1,1.025,0.5,0.6,0.25,0.4,0.005,0.975,0.8,0.1,1.2345420268001,0.738816258929919,0.493816810720038,0.297546591112836,0.380504937319816,0.530595954604711,-1.50882577216126,3.75558926612827,6.19637309257256
82,-0.000273614803764645,0.584579190493098,0.100142785442791,-0.00693325132142486,-0.00493106197667914,0.00896392521584599,0.0205503815089347,0.0116342916844176,0.0104002462509267,6.72830484564272,12.9487046053787,1.34144569670607,4.20577445844207,0.430259059022657,4.27828209733681,2.15453455785146,2.21297886260789,-0.0892313231225378,8.89404835979378,19.2996316971772,1.70015546818447,0.182776087156049,0.224537544964356,0.0176820355782831,1.09510545673833,3.81195164567482,0.73372065601468,0.394306663818294,0.657063274042997,0.273776364184582,0.171567130856451,0.441356881798891,-0.190732822381005,0.00231768359025307,0.995243406695976,1.00472501712222,0.990562979656466,0.593569748767885,0.0594417279961939,0.346988523235922,1.05300094963484,1.050277983039,0.503598058480675,0.51725875299001,-0.0208568114706858,-0.000290922553489164,0.965600944619654,0.019373223067972,0.994782282452315,-0.172760316877055,0.67,0.1,1.025,0.5,0.6,0.25,0.4,0.005,0.975,0.8,0.1,1.23611531338603,0.743563637997131,0.494446125354411,0.297468397611444,0.378283336424143,0.526749661491764,-1.50115627742604,3.72825412211711,6.20923867382948
83,-0.000219094345667277,0.592683159457806,0.100085204703858,-0.00554357079188128,-0.0049714429114418,0.00882254886380873,0.0200360558831251,0.0113755295217049,0.0101764303075873,6.95125576468889,13.223270724252,1.36973670595419,4.1883088017733,0.42840912149733,4.27620375370573,2.1785658796642,2.18590746222532,-0.088269588183785,9.13960590119809,19.5305605755934,1.7274555705485,0.183121654859603,0.222170468923374,0.0175793312807621,1.09127672273842,3.8080652479317,0.731155404234745,0.393629123380342,0.654766033643055,0.272819180684606,0.173337398014599,0.442058522654134,-0.186627527869021,0.00224886304014873,0.995000135983889,1.0047798101826,0.990266848418324,0.590748280255843,0.0591251625578583,0.350126557186299,1.05255704132184,1.04990923998404,0.50946259933855,0.511179445163497,-0.0206420445020474,-0.000291899430411226,0.966056743295341,0.01947340846816,0.994700340720873,-0.171174984454798,0.67,0.1,1.025,0.5,0.6,0.25,0.4,0.005,0.975,0.8,0.1,1.23767673757441,0.748302682256961,0.495070695029764,0.297324024497344,0.376083141244449,0.523015609930342,-1.49292761939397,3.70023499903993,6.22222403570776
84,-0.000186045265888347,0.600774580836089,0.100154511816516,-0.00429392856409416,-0.00498295905922841,0.00860119974189111,0.0196318736649813,0.0111721219893834,0.0100005222471487,7.14441366059234,13.4273640240752,1.39225121114534,4.16595542930833,0.426587608400257,4.27326621585919,2.20229182052325,2.15837394442008,-0.0873995490841396,9.35528962055974,19.6857840752429,1.74892947868765,0.183661864251493,0.219931981742295,0.0174902082261907,1.08738803771545,3.80347582623136,0.728549985269355,0.392633570462029,0.652432822629273,0.271847009428864,0.175077724807334,0.442708680966346,-0.182642433001441,0.002118362416884,0.994762432823109,1.00481302450778,0.989997550350627,0.587913984374561,0.0588822380951369,0.353203777530302,1.05219553315675,1.04960654742981,0.515364994661454,0.505087639148209,-0.0204526338096627,-0.000294958812300277,0.966420146339142,0.0195872822214505,0.994627751522536,-0.169671694792402,0.67,0.1,1.025,0.5,0.6,0.25,0.4,0.005,0.975,0.8,0.1,1.23921186539627,0.753016075025518,0.495684746158509,0.297037082692603,0.37408870615021,0.519988391788182,-1.48431092145185,3.67124103488747,6.23518761866671
85,-0.000206411933861445,0.608737416103662,0.100333122861689,-0.00319460434401519,-0.00496909763669684,0.00821932180447926,0.0194385106260929,0.0110764689625281,0.00991833018721018,7.26568785455925,13.4778779208746,1.39992596860001,4.13474805547968,0.424293928908445,4.26902036616511,2.22534023782406,2.1302929315545,-0.0866128032134527,9.4989103161807,19.6782601045287,1.75501390171489,0.1846446694128,0.217965637823974,0.0174068074198926,1.08349075773636,3.79781697070878,0.725938807683361,0.391016011500454,0.650094454641816,0.27087268943409,0.176762445615417,0.443314366479253,-0.178891059185488,0.0018872111613398,0.994537016109421,1.00479255600647,0.98979337592049,0.585113356763722,0.0587062503121896,0.356180392924089,1.05199513965322,1.04943393669518,0.521276556903169,0.499012126631804,-0.0202886835349731,-0.000302269016188965,0.966606376121578,0.0197109483247814,0.994565769380208,-0.16825193145527,0.67,0.1,1.025,0.5,0.6,0.25,0.4,0.005,0.975,0.8,0.1,1.24068062930327,0.75765552324978,0.496272251721306,0.296506885166847,0.372518650111745,0.518402116121401,-1.47535914409217,3.64082088868592,6.24778983355869
86,-0.000293948819554003,0.616430586271118,0.100608371228034,-0.00220356442401104,-0.00493337542766237,0.00764218945183859,0.019507293853937,0.011115754956801,0.00995374532404273,7.28956408932406,13.3309720874234,1.38781415547907,4.09319848083073,0.421301842786169,4.26293166336901,2.24724765263012,2.1015840344443,-0.0859000237054096,9.54464507012601,19.4626260633683,1.74054087519691,0.186190196309766,0.21634178249061,0.0173249006370746,1.07961985798432,3.79065464351776,0.723345304849495,0.388624497749532,0.647771914790592,0.26990496449608,0.178356868137934,0.443874983028666,-0.175494894939337,0.00154989440366271,0.994335389271231,1.00470458143635,0.989679362116282,0.582397968102301,0.0585941109772891,0.35900792092041,1.05199386689845,1.0494220674546,0.527160140037079,0.492990317556121,-0.0201504575932,-0.000316378102405696,0.966573578686926,0.0198455340722498,0.994516313354115,-0.166917095578404,0.67,0.1,1.025,0.5,0.6,0.25,0.4,0.005,0.975,0.8,0.1,1.24201206815068,0.762150638119495,0.496804827260273,0.295676482638156,0.371467268671186,0.518624201472824,-1.46601803957234,3.60850165959911,6.25960465403859
87,-0.00042382357090294,0.623751223412944,0.100973782921509,-0.00126402316941321,-0.00487832575439318,0.00693958992235033,0.019767138790813,0.011253633363553,0.0100751685134735,7.24003192108385,13.0457509999997,1.36197067461492,4.04508456088087,0.417958437155203,4.25469122597364,2.26769791263616,2.07224955767357,-0.0852562443360895,9.5160025695634,19.1016579944401,1.71192075756763,0.188104143621377,0.214963055878778,0.0172478901336008,1.07576977872362,3.78174024556471,0.720765751744826,0.385684818554034,0.645461867234172,0.268942444680905,0.179831407777994,0.444375571751999,-0.172510886825244,0.00116658235525803,0.994170684785531,1.00457405731124,0.989643996428142,0.579802575092996,0.0585448593547724,0.361652565552232,1.05213333470767,1.04952317171812,0.53298765813898,0.487050516150998,-0.0200381742899778,-0.000339156500332355,0.966383523178114,0.0199945029333377,0.994481801373968,-0.16566850448366,0.67,0.1,1.025,0.5,0.6,0.25,0.4,0.005,0.975,0.8,0.1,1.24312271574375,0.766425660804842,0.4972490862975,0.294609814144079,0.370752157912199,0.520123902160484,-1.45625500301317,3.57406063148511,6.27037695467047
88,-0.000559218566304668,0.630660365566256,0.101423225795716,-0.000375547123719677,-0.0048052434156981,0.00621828934123858,0.0200978008522604,0.0114281073899876,0.0102285488169246,7.16181021783119,12.7187478554765,1.33250956705711,3.99579279394079,0.414783142334826,4.24433699583681,2.28661880916676,2.04239970202062,-0.0846815153505671,9.45732778621739,18.6972151316384,1.6797930391525,0.190071490479379,0.213673782487223,0.0171818451111328,1.07192030903674,3.77110255178252,0.718186607054616,0.38257456829212,0.643152185422044,0.267980077259185,0.181172731259941,0.444787604767886,-0.169917741367755,0.000809166439599706,0.994050836311627,1.00443798534086,0.989658745307495,0.577339341465432,0.0585556183901984,0.364105040144371,1.05231939728735,1.04966092587138,0.538745818583599,0.481205828854772,-0.0199516474383712,-0.000370621031899582,0.966138207633007,0.0201568361705546,0.99446467529036,-0.164507390379703,0.67,0.1,1.025,0.5,0.6,0.25,0.4,0.005,0.975,0.8,0.1,1.24395923761523,0.770409311859649,0.497583695046091,0.293427780006314,0.370100852550365,0.522023783038033,-1.44617233458749,3.53760701087249,6.28010754330701
89,-0.000674912366054829,0.637170074058642,0.101945057623464,0.000405476225576518,-0.00471535484085683,0.00555802408175321,0.0204043061891447,0.0115903209660437,0.010371305006881,7.08898127581816,12.419142539796,1.30665233532623,3.94911569262208,0.412114183481475,4.23216738897883,2.30412936096625,2.01221588350052,-0.0841778554879432,9.40257977185848,18.3223234137716,1.65171914637533,0.191853116645856,0.212361609233731,0.0171304830555716,1.06806215856302,3.75897716100451,0.715601646237224,0.379589607764818,0.640837295137812,0.267015539640755,0.182383981571783,0.445089334856477,-0.167647067163499,0.000520360538807841,0.993976248232799,1.00432171307211,0.989699052898428,0.575005059632125,0.0586189239379801,0.366376016429895,1.05248055926018,1.04977795660476,0.544432473764277,0.475457537133486,-0.0198900108977628,-0.000408558316518147,0.96591703605557,0.0203257698659246,0.994466816939935,-0.163434899145971,0.67,0.1,1.025,0.5,0.6,0.25,0.4,0.005,0.975,0.8,0.1,1.24451365122778,0.774061597199223,0.497805460491112,0.292234689836612,0.369321288006743,0.523650861525664,-1.43601843624774,3.49947509120683,6.2889743259358
90,-0.000770596324666866,0.643303716783616,0.102521237915866,0.00101482159419808,-0.00461098847530728,0.00497100668992023,0.0206674132439419,0.011730381884944,0.0104948071290925,7.02805058179585,12.158041612948,1.28536512892961,3.90558128575462,0.409927381684765,4.21852865995303,2.32038675417055,1.9818868344962,-0.083744928713728,9.35837481893534,17.9887793307112,1.62863984293591,0.193413399678601,0.211015251200896,0.0170922610352614,1.06421214684809,3.74563786837864,0.713022138388221,0.376793645517488,0.638527288108855,0.266053036712023,0.183475916709658,0.44527648469963,-0.165636496534463,0.000293785695738135,0.993941808041758,1.00422555069371,0.989759528977482,0.57279511173681,0.0587236639274145,0.368481224335776,1.0526046873121,1.04986496999558,0.550046459610017,0.469805231693809,-0.0198516913038257,-0.000449232991915656,0.965735014577555,0.0204924675705908,0.994489136243606,-0.162452089201828,0.67,0.1,1.025,0.5,0.6,0.25,0.4,0.005,0.975,0.8,0.1,1.24481184245134,0.777374798729476,0.497924736980537,0.291062578390686,0.368395691368703,0.524893500414431,-1.42608487129211,3.46002749305383,6.29716414548198
91,-0.000874558461930365,0.649048013683456,0.103127462159068,0.00139082114942712,-0.00449575241682687,0.00439347333141105,0.0209577709519778,0.0118842678898637,0.0106303180887655,6.95621571265608,11.8895420130712,1.2633400652336,3.86232336168111,0.407812044570789,4.20358859107841,2.33541038985432,1.95155485967017,-0.0833766584460799,9.30212360021813,17.6480360794029,1.60483536173383,0.19495177578112,0.209733988499185,0.0170599103755186,1.06041805399126,3.73121926259615,0.710480096174144,0.373980592411129,0.636250832394756,0.265104513497815,0.184454278073384,0.445361952655328,-0.163881503912497,7.57944678527769e-05,0.993941438770347,1.00412106874576,0.989862148806291,0.570719093941865,0.058856811763947,0.370424094294189,1.0527473011216,1.04996680628125,0.55557539451195,0.464259243592987,-0.0198346381049366,-0.000488521041360992,0.965531580654971,0.020646836289132,0.994531447779808,-0.161559930462033,0.67,0.1,1.025,0.5,0.6,0.25,0.4,0.005,0.975,0.8,0.1,1.24488580059057,0.780352291316004,0.497954320236229,0.289854476724624,0.36749075109891,0.526293453325662,-1.41660168037088,3.41946656487537,6.30469352784472
92,-0.00100891816992974,0.654364168282568,0.1037343210326,0.001484302026731,-0.00437450756818647,0.00378035760202788,0.0213273371113722,0.0120782305072114,0.0108006043318856,6.85844813089175,11.5852352799929,1.23705636344911,3.81742100884547,0.405437063505722,4.18738757707823,2.3491243704397,1.92132599476123,-0.0830627881227075,9.21886912326199,17.2699364492126,1.57645733070718,0.196613929577296,0.208590273278289,0.0170266918750476,1.05672425957267,3.71576731684255,0.708005253913692,0.371002338267063,0.634034555743605,0.264181064893169,0.185317307646768,0.445369146248417,-0.162414295507928,-0.000167226494969116,0.993973010883368,1.00398603723922,0.99002672747981,0.56879634791651,0.0590037029569415,0.372199949126549,1.05294830014244,1.05011544449969,0.560999985599331,0.458836436655297,-0.0198364222546281,-0.000522811823220707,0.9652624059668,0.0207785647329078,0.994592589708544,-0.16075930337955,0.67,0.1,1.025,0.5,0.6,0.25,0.4,0.005,0.975,0.8,0.1,1.24474296733286,0.783002823206928,0.497897186933145,0.288569886664113,0.366722244336397,0.528248136623057,-1.40775551296032,3.37788032887169,6.31145806428091
93,-0.00118280598700374,0.659207903085831,0.10431158466629,0.00128802404008521,-0.00425313579348008,0.00311758218769564,0.0217934572817821,0.0123207032000879,0.0110129019551188,6.73206281650681,11.2414889624609,1.20569934886224,3.77045088509055,0.402632926217058,4.16993457858037,2.36142790846656,1.89129759617634,-0.0827909260625245,9.10587921559764,16.8505416400682,1.54252907043233,0.198448589698006,0.207610522307642,0.0169877214155486,1.05316410463451,3.69931391852143,0.705619950105119,0.367820587210461,0.631898462780703,0.263291026158626,0.18606009907373,0.44531362413789,-0.161277802721764,-0.000444935103682006,0.994037170202005,1.00381127998306,0.990263000649663,0.567047887446175,0.0591496637211828,0.373802448832643,1.05322062473351,1.05032109014858,0.566298550724623,0.453555699864294,-0.019854250588917,-0.000549407052096388,0.96491255628352,0.0208804765057918,0.99467065463167,-0.160050998076649,0.67,0.1,1.025,0.5,0.6,0.25,0.4,0.005,0.975,0.8,0.1,1.24437453295706,0.785319254328693,0.497749813182822,0.287198951723963,0.366125201951922,0.530891625557151,-1.39968549023002,3.33534016799572,6.31731524456599
94,-0.00138326700697102,0.663565862284421,0.104831274030347,0.000823789389368557,-0.00413768306674189,0.00244586565027527,0.0223085082706962,0.0125870930623153,0.0112457493206811,6.59406501242323,10.8914880968189,1.17262272524313,3.72335662035979,0.399507183399387,4.15136168501,2.3723224361571,1.86158869550193,-0.0825494466490284,8.98003601554874,16.4250496450382,1.50652243565078,0.200331207723937,0.206743628435064,0.0169419736572881,1.04974812198207,3.68199793328566,0.703331241727986,0.364590638729608,0.629848873189241,0.262437030495517,0.186682640755521,0.445203845650525,-0.160485121464901,-0.000729856161967602,0.994135273515791,1.00360981665799,0.990559535204874,0.565483838140532,0.0592803911958426,0.375235770663626,1.05352902111926,1.05055558346341,0.571456456016163,0.448428452337427,-0.0198849083535899,-0.000566500897378339,0.964521563039563,0.0209482477098944,0.994763220894822,-0.159435713565149,0.67,0.1,1.025,0.5,0.6,0.25,0.4,0.005,0.975,0.8,0.1,1.24376895375248,0.78729720572471,0.497507581500992,0.285793890956581,0.365604840475892,0.533880891391669,-1.39252533567656,3.29202811812155,6.3222182468412
95,-0.00160183539368349,0.667445629786945,0.105269506566258,0.000129752975510211,-0.00403374519393063,0.00178951626154045,0.0228421372200842,0.0128617704897598,0.0114855130979808,6.4546036392793,10.5537779814606,1.13969962820884,3.67732408075901,0.39611049324709,4.13187460271072,2.38187090998485,1.83233068870523,-0.0823269959793488,8.8514699774998,16.0132862158575,1.47037109191162,0.20218649182549,0.20595921209514,0.016887966435036,1.04648841298951,3.66401566568101,0.701147236702971,0.361413859169242,0.627893047793705,0.261622103247377,0.187191063589836,0.445041489540423,-0.160034110763997,-0.0010083536075759,0.994265871714152,1.00339015542935,0.990906544512298,0.564106426065263,0.0593832051227456,0.376510368811992,1.05385186501385,1.05080183173023,0.576462535533439,0.443462317927829,-0.0199248534612687,-0.000572866175200451,0.96411428095945,0.0209798569758014,0.99486749575303,-0.15891405705658,0.67,0.1,1.025,0.5,0.6,0.25,0.4,0.005,0.975,0.8,0.1,1.24293431931558,0.788931784813484,0.497173727726231,0.284389608141366,0.365107012752434,0.537001125529296,-1.38636834790541,3.24820034667224,6.32617613560124
96,-0.00183676995210605,0.670861929350736,0.105607259840888,-0.000750296997827915,-0.00394609868674833,0.00115217202880813,0.0233874778029003,0.0131411118521765,0.0117290081155238,6.31619317180954,10.231839670783,1.10722468293375,3.63264202867429,0.392419812470791,4.11168244509055,2.39014706178245,1.80364751491203,-0.0821121316039297,8.72274944467448,15.6191376977978,1.43435595136272,0.204003189636808,0.205252964806415,0.016823587562114,1.0434002904242,3.64556453662463,0.699078194584217,0.358318563176604,0.626040174254523,0.260850072606051,0.187593978554319,0.44483371320633,-0.159922265788611,-0.00128058992464297,0.994425740105368,1.00315404619813,0.991299136831631,0.562914350602977,0.0594478420922933,0.37763780730473,1.0541849176095,1.05105658175327,0.58130633718678,0.438664108656236,-0.0199704458430156,-0.000567497439144673,0.963695937566714,0.0209749179185122,0.994980363100372,-0.158486543362933,0.67,0.1,1.025,0.5,0.6,0.25,0.4,0.005,0.975,0.8,0.1,1.24189087351457,0.790233385824747,0.496756349405827,0.28299744734208,0.364625567968829,0.540208595884018,-1.38124663089452,3.20412423840325,6.32920490361218
97,-0.00207444135998026,0.673854692426434,0.105831915595204,-0.00175952310381,-0.00387854803182242,0.000565221050805143,0.0239044551696097,0.0134049745566205,0.0119587809344649,6.18927064883654,9.94338154670764,1.07717585449568,3.59065109887028,0.388558738499327,4.09105958831064,2.39729668157303,1.77565805545738,-0.0818951487197686,8.60434554505958,15.2617419774535,1.40058878717145,0.205682236935617,0.204583334922714,0.0167493428962136,1.04048308840706,3.62689672604761,0.69712366923273,0.355425591353967,0.624289853044236,0.260120772101765,0.187904022285603,0.444591610728213,-0.160126990781204,-0.00152885382255963,0.994611221342313,1.00291518643322,0.991720172150908,0.561896681973483,0.0594666022198426,0.378636715806675,1.05449973188238,1.0512974848491,0.58598429815716,0.434033779540916,-0.0200180776980761,-0.000549335980657953,0.963299728844093,0.0209356335545575,0.995098361320829,-0.158153594388612,0.67,0.1,1.025,0.5,0.6,0.25,0.4,0.005,0.975,0.8,0.1,1.24066165826839,0.791233735651769,0.496264663307358,0.281659658883701,0.364094221386359,0.543217887619315,-1.37716206513716,3.16011486172324,6.33138990883558
98,-0.00228192314684766,0.676520472773786,0.105938291190018,-0.00283233299658414,-0.00383361688095929,0.000107233864250045,0.0242951227836629,0.0136046321660584,0.0121327317076925,6.09681379828981,9.72800151141335,1.05407407258238,3.5543576702804,0.384868747211399,4.0704594327019,2.4036422872856,1.74848740425635,-0.0816702588400533,8.51928861158614,14.9837525334207,1.37394223846844,0.206977188843384,0.203848483881243,0.0166696775147182,1.03771039052826,3.6084096592099,0.695265961653933,0.353013878870525,0.622626234316955,0.259427597632064,0.188144662832656,0.444323425243333,-0.160576460824958,-0.00170948806954072,0.994816501631158,1.00270666723742,0.99213113279879,0.561022796272838,0.0594337963557899,0.379543407371372,1.05472684189403,1.05147012762782,0.590508842310497,0.42955529545555,-0.020064137766046,-0.00051694814413662,0.963007247352352,0.0208666318924087,0.995217571652671,-0.157915538714055,0.67,0.1,1.025,0.5,0.6,0.25,0.4,0.005,0.975,0.8,0.1,1.23928290663577,0.791988183359394,0.49571316265431,0.280474722074426,0.363351516614855,0.545332061691861,-1.37413834968826,3.11660669739705,6.3329838975011
99,-0.00241625464975624,0.679027925860191,0.105928829007125,-0.00390131912525404,-0.00381234176199652,-0.000120075350536597,0.024430012029111,0.0136760122107097,0.0121955816440677,6.06760309299413,9.63422343064174,1.04349100230073,3.52742167936735,0.381792473127859,4.05055934199868,2.40973158281183,1.72226389400979,-0.0814361348229463,8.49655014598809,14.8373869136363,1.36043868510889,0.207570840441594,0.202916314003299,0.0165913445032535,1.03503629081812,3.59067586293237,0.693474314848139,0.351437402828132,0.62102177449087,0.258759072704529,0.18835537025946,0.44403591046223,-0.161138295424564,-0.00176958700807953,0.995030967665228,1.00257166407699,0.992478645984166,0.560237662494146,0.0593453195536935,0.380417017952162,1.05477528884193,1.0515034286783,0.594913289585261,0.425191621351776,-0.0201049109370364,-0.000469096654610582,0.962926127970557,0.0207743591564872,0.995333658455054,-0.157772611271473,0.67,0.1,1.025,0.5,0.6,0.25,0.4,0.005,0.975,0.8,0.1,1.23782166261517,0.792584897783216,0.495128665046067,0.27957292383003,0.362196845352966,0.545640259626073,-1.37224191284817,3.07416657127687,6.33444738036104
100,-0.00243995406904606,0.681606276496759,0.105812901228315,-0.00490445301996345,-0.00381423419857507,-3.15971293555206e-05,0.0241943459362045,0.0135620001565484,0.0120979810434777,6.12897493947751,9.70659699776983,1.05053991519813,3.5127892619512,0.379710865064622,4.03220272017102,2.41629836009987,1.69709900177773,-0.0811946417065735,8.56388015377713,14.8701821912294,1.36557686478973,0.207197496260022,0.201669440779874,0.0165207262335476,1.03240895787342,3.57438842406866,0.691714001775191,0.350992863432809,0.619445374724052,0.258102239468355,0.188590642060264,0.443741490725947,-0.161631078621683,-0.00166762196183995,0.99523839765209,1.00254784616061,0.992709127512955,0.559465855833965,0.059198705343974,0.381335438822062,1.05456467058513,1.05133425188673,0.599250218254597,0.420886329270264,-0.0201365475248614,-0.000406186339347275,0.963151065839432,0.0206662428360997,0.995442313223227,-0.157724953112997,0.67,0.1,1.025,0.5,0.6,0.25,0.4,0.005,0.975,0.8,0.1,1.23638287227393,0.79315205047587,0.494553148909573,0.279072424600402,0.360467826011037,0.543347077575719,-1.37156110483823,3.03342730227559,6.33641176273511
101,-0.00248974724307451,0.684115048291252,0.105722264525114,-0.00469070787967807,-0.00383741975433705,-0.000170868153764325,0.0242363132416502,0.0135877768300573,0.0121216408969151,6.12130909649258,9.65088017860143,1.04337783147927,3.49193139932905,0.377053694808559,4.01456601637891,2.42267970132654,1.67281978578038,-0.0809334707280131,8.56268369364575,14.7696817509468,1.35593420565177,0.207527898050909,0.200687161567501,0.0164361500919555,1.02994482628053,3.55881349259525,0.690063033607957,0.349879199911917,0.61796689576832,0.257486206570133,0.188833002224286,0.443426259276376,-0.162214371984658,-0.00172392452782746,0.995423173029485,1.00249780402071,0.992942996021686,0.558709997182073,0.0590680861149085,0.382221916703019,1.05453829813167,1.05130664469751,0.603472378196361,0.416687576925795,-0.0201599551221568,-0.000347865384055729,0.963151065839432,0.0206662428360997,0.995539877967287,-0.157724953112997,0.67,0.1,1.025,0.5,0.6,0.25,0.4,0.005,0.975,0.8,0.1,1.23510056574677,0.793660864335441,0.49404022629871,0.278257705184173,0.35919736997672,0.542951330057181,-1.37017255935072,2.9940752702072,6.33841126177212
102,-0.00253803376659448,0.686553176021873,0.105651398398366,-0.00452326736540332,-0.00385554709497737,-0.00030537315800927,0.0242772493645555,0.0136129357474392,0.0121447386299348,6.11375866258644,9.59693049161008,1.03661877196909,3.47174094366616,0.374551552053181,3.99762084230019,2.4289187286831,1.64936481179806,-0.0806626981809773,8.56145743130135,14.6724752458011,1.34686495063572,0.207848647793924,0.199735479953238,0.0163573247944259,1.02756771703713,3.54381378913488,0.688470370414876,0.348707343540113,0.616540630222277,0.256891929259282,0.189068607762115,0.443173889188397,-0.162733577056969,-0.00162508162117952,0.995615201301241,1.00244927606457,0.993182622875283,0.557972016293671,0.058950523788582,0.383077459917748,1.05451249181106,1.05127960137767,0.607591070915111,0.412586605097862,-0.0201776760129731,-0.000347926682675817,0.963151065839432,0.0206662428360997,0.995637882220454,-0.157724953112997,0.67,0.1,1.025,0.5,0.6,0.25,0.4,0.005,0.975,0.8,0.1,1.23387974721034,0.794258271467052,0.493551898884134,0.27747547847224,0.357966840846214,0.542576031068371,-1.36831181467128,2.95599916059226,6.34054201258572
103,-0.00258481091443365,0.688920352327402,0.105595988497225,-0.00439215051204267,-0.00386972032032684,-0.000435148785837836,0.0243170320931873,0.0136373945088604,0.0121671960161669,6.1063549054731,9.54480365111009,1.03022400943278,3.45224320050535,0.372185119362502,3.98132868221999,2.43502121408531,1.62669606034133,-0.0803885922066482,8.56024014391555,14.5785606296375,1.33830394455612,0.20815964268203,0.198813595953534,0.0162834079674794,1.02526646463831,3.52935997060201,0.686928531307667,0.347571060615086,0.615159878782985,0.256316616159577,0.189295618324889,0.442932653034836,-0.163191167165004,-0.00152929968022988,0.99580077490184,1.00240226503099,0.993414330394644,0.557253214835856,0.0588437040638487,0.383903081100295,1.0544874061895,1.05125330924443,0.61161019560166,0.408581202451907,-0.0201913980535674,-0.000348559059168403,0.963151065839432,0.0206662428360997,0.995736475548713,-0.157724953112997,0.67,0.1,1.025,0.5,0.6,0.25,0.4,0.005,0.975,0.8,0.1,1.23270447441027,0.794849883755817,0.493081789764107,0.276723028003319,0.356774246716722,0.542219255144889,-1.36613752457565,2.91913266183756,6.34280195695839
104,-0.00263008910050906,0.691216847554787,0.105552662649921,-0.00428950824544982,-0.00388080230055499,-0.00056026898245054,0.0243557031409048,0.0136611778558747,0.0121890355133344,6.0990905484719,9.49444289960401,1.02415141617707,3.43342296442861,0.369939042131882,3.96565944965619,2.44099239170047,1.60478253589873,-0.0801154779430112,8.55903004478144,14.4878295449257,1.33018869884807,0.208461201427678,0.197920826407177,0.0162137184821305,1.02303952053511,3.51542685115284,0.685436478758522,0.346471346624548,0.613823712321065,0.255759880133777,0.189514096818608,0.442696797345714,-0.163591113817716,-0.00143808898689163,0.995980257331566,1.00235676045399,0.993638489434107,0.556554412973131,0.0587458001988778,0.384699786827992,1.05446301759646,1.05122774414729,0.615532529378749,0.404669779709713,-0.0202023090884619,-0.00034936355331139,0.963151065839432,0.0206662428360997,0.995835696633266,-0.157724953112997,0.67,0.1,1.025,0.5,0.6,0.25,0.4,0.005,0.975,0.8,0.1,1.23157136621539,0.795424107736051,0.492628546486156,0.275997916910496,0.355618106322935,0.541880210401274,-1.36376519975536,2.88342433101182,6.34518779390926
105,-0.00267388846640371,0.693443368874099,0.105518784837136,-0.00420917561651724,-0.00388946747001584,-0.000680834253225626,0.0243932995585024,0.0136843077761539,0.0122102770844142,6.09196073488545,9.44579162432849,1.01836689662571,3.41525884047315,0.36780084586344,3.95058529031044,2.44683712058683,1.58359444759254,-0.0798462778689223,8.55782730819679,14.400174605783,1.32246918067137,0.208753650110273,0.197056429239133,0.0161477160511402,1.02088525382798,3.50199148082926,0.683993120064744,0.345407679014766,0.612531152296786,0.255221313456994,0.189724197385761,0.44246638421443,-0.163937342815604,-0.00135142708340612,0.996153954942451,1.00231274209126,0.993855423671495,0.55587606328294,0.0586553667176669,0.385468569999394,1.05443930455071,1.05120288408665,0.619360661973015,0.40085059079087,-0.0202112527638851,-0.000350106960924715,0.963151065839432,0.0206662428360997,0.995935518557158,-0.157724953112997,0.67,0.1,1.025,0.5,0.6,0.25,0.4,0.005,0.975,0.8,0.1,1.23047773639534,0.795980279491214,0.492191094558136,0.275298185907967,0.354497058346677,0.541558161565809,-1.36127829961845,2.84882647804623,6.34769553478946
106,-0.00271623624629571,0.695600950185988,0.105492294322553,-0.0041463151040152,-0.00389624303257274,-0.000796963484735125,0.0244298546688754,0.0137068040527764,0.0122309386940099,6.08496234606971,9.39879383550258,1.01284263855761,3.39772930130006,0.365760311435873,3.9360802097139,2.45255989670642,1.56310322169602,-0.0795829086885377,8.55663343664135,14.3154902250211,1.31510501077649,0.209037315182483,0.196219625523497,0.016084969471549,1.01880188197626,3.48903274655371,0.682597260924096,0.344379351142106,0.611281129185757,0.254700470494066,0.189926121317261,0.442241501923016,-0.164233666025567,-0.00126922191676635,0.996322133471854,1.00227018257247,0.994065423471591,0.555218339222003,0.0585712564544867,0.386210404323511,1.05441624738805,1.05117870886934,0.62309703208134,0.397121790820492,-0.0202188229018317,-0.000350627920672481,0.963151065839432,0.0206662428360997,0.99603586829095,-0.157724953112997,0.67,0.1,1.025,0.5,0.6,0.25,0.4,0.005,0.975,0.8,0.1,1.22942131537042,0.796518181554854,0.491768526148169,0.274622237002,0.353409841970367,0.541252417962778,-1.35873658012405,2.81529465306623,6.35032062640141
107,-0.00275716473562563,0.697690866184831,0.105471580002146,-0.00409713364550934,-0.00390154113548935,-0.000908787739958061,0.0244653988830932,0.013728684751179,0.0122510367509871,6.07809348211623,9.35339446349626,1.0075557504457,3.38081297219047,0.363808989452369,3.92211983840827,2.45816486975001,1.54328154024613,-0.0793265715878777,8.55545076842981,14.2336731489018,1.30806330042191,0.209312518661278,0.195409616201704,0.0160251321117173,1.01678752069013,3.47653107373097,0.681247638862389,0.343385538136367,0.61007251241408,0.254196880172533,0.190120102097708,0.442022195629577,-0.164483747736786,-0.00119134549068773,0.996485026757654,1.0022290494407,0.994268752550879,0.554581203770427,0.0584925558011588,0.386926240428415,1.05439382787162,1.05115519972137,0.626743947412843,0.393481485479421,-0.0202254328922642,-0.000350819102779329,0.963151065839432,0.0206662428360997,0.996136641520554,-0.157724953112997,0.67,0.1,1.025,0.5,0.6,0.25,0.4,0.005,0.975,0.8,0.1,1.22840015895021,0.797037823540366,0.491360063580083,0.273968745120209,0.352355281558722,0.540962325092043,-1.35618234664839,2.78278731726542,6.35305805837377
108,-0.00279670972908676,0.699714565374606,0.105455382236887,-0.00405865887588586,-0.00390568399957092,-0.00101644557331326,0.0244999603301784,0.0137499665947495,0.0122705864498201,6.07135307073667,9.30953957424402,1.00248720443452,3.3644887824488,0.361939823284203,3.90868124245582,2.46365586389751,1.52410334221624,-0.0790779636579284,8.5542821151765,14.154622819063,1.30131698706919,0.209579574778632,0.194625594532024,0.0159679230083991,1.0148402235649,3.46446819180388,0.679942949788481,0.342425334859922,0.608904134138939,0.253710055891224,0.19030639423631,0.441808475410362,-0.164691083486998,-0.00111764588967518,0.996642843317079,1.00218930672227,0.99446565297795,0.553964462638628,0.0584185341532085,0.387617003208165,1.05437202889274,1.0511323389909,0.630303601413574,0.389927765319126,-0.0202313667327001,-0.000350613615628125,0.963151065839432,0.0206662428360997,0.996237713885682,-0.157724953112997,0.67,0.1,1.025,0.5,0.6,0.25,0.4,0.005,0.975,0.8,0.1,1.22741257904848,0.797539382410837,0.490965031619391,0.273336591543389,0.351332274285228,0.540687258412347,-1.35364511972414,2.751265550423,6.35590245914582
109,-0.00283490932327509,0.701673617955407,0.10544271614219,-0.00402856262303863,-0.00390892355262251,-0.00112007951450876,0.0245335653417987,0.0137706652536752,0.0122896020330381,6.06474057464127,9.26717652171742,0.997621015759588,3.34873607429157,0.360146856233072,3.8957427687312,2.46903640071645,1.50554379920049,-0.0788374311857463,8.55313049829814,14.0782416056428,1.29484355309254,0.209838787732616,0.193866755287508,0.0159131122856256,1.0129580124087,3.45282694922142,0.678681868313827,0.341497784684012,0.607774807445218,0.253239503102174,0.190485264792199,0.441600323459601,-0.164858987935446,-0.00104795610605095,0.996795771478467,1.00215091613011,0.994656349093287,0.553367805454186,0.0583486044327326,0.388283590113082,1.05435083424179,1.05111010992112,0.633778087335214,0.386458729073218,-0.0202368164084321,-0.000349974577188017,0.963151065839432,0.0206662428360997,0.996338949436146,-0.157724953112997,0.67,0.1,1.025,0.5,0.6,0.25,0.4,0.005,0.975,0.8,0.1,1.22645708988579,0.798023157666626,0.490582835954316,0.272724813906579,0.350339780118558,0.540426618780113,-1.35114510367826,2.72069279123456,6.35884818103536
110,-0.00287180300251027,0.703569675376176,0.105432811634866,-0.00400502194735652,-0.00391145677156191,-0.00121983345011689,0.0245662388239551,0.0137907955662162,0.0123080969922036,6.0582557746578,9.22625405209377,0.992943605186965,3.33353467993301,0.35842500381238,3.88328391757364,2.47430972291345,1.48757927485605,-0.0786050801958619,8.5519989608468,14.0044349449763,1.28862403870683,0.210090450262474,0.193132301480974,0.0158605099033455,1.01113890032468,3.44159116673866,0.677463063217535,0.340601901331848,0.606683340194807,0.25278472508117,0.190656986986924,0.441397699830019,-0.164990589359826,-0.000982100604063183,0.996943983382334,1.00211383798248,0.994841050583083,0.552790837591533,0.058282292253268,0.388926870155199,1.05433022843347,1.05108849647727,0.637169410074813,0.383072499057759,-0.0202419091325717,-0.000348887131069161,0.963151065839432,0.0206662428360997,0.996440206935611,-0.157724953112997,0.67,0.1,1.025,0.5,0.6,0.25,0.4,0.005,0.975,0.8,0.1,1.22553236621864,0.798489536753457,0.490212946487455,0.272132568747005,0.349376813701247,0.540179829124789,-1.34869575572423,2.69103460784067,6.36188937505422
111,-0.00290743094438726,0.705404439037316,0.105425066571194,-0.00398660990213495,-0.00391343767302677,-0.00131585069355655,0.0245980045408104,0.0138103717074302,0.0123260842210888,6.0518986109367,9.18672237090435,0.988443303189086,3.31886497435454,0.356769876465344,3.87128523702314,2.47947881804652,1.4701872746286,-0.0783808556519777,8.55089043638552,13.9331114069757,1.28264228097429,0.210334842835835,0.192421449212089,0.0158099569718349,1.00938090916668,3.43074552047062,0.676285209141676,0.3397366853711,0.605628545500008,0.25234522729167,0.190821835433527,0.441200547017758,-0.165088828947489,-0.000919900165558157,0.997087638097322,1.00207803190089,0.995019954889039,0.552233104719575,0.0582192118278782,0.389547683452547,1.05431019657409,1.05106748321546,0.640479496146108,0.37976723093618,-0.0202467270822873,-0.000347352350290274,0.963151065839432,0.0206662428360997,0.996541344503522,-0.157724953112997,0.67,0.1,1.025,0.5,0.6,0.25,0.4,0.005,0.975,0.8,0.1,1.22463721092037,0.798938968430369,0.489854884368147,0.271559103523698,0.3484424377452,0.539946332042447,-1.34630568142534,2.66225849566763,6.36502005626368
112,-0.00294183349567679,0.707179636166691,0.105419010114077,-0.00397220975768797,-0.00391498668576129,-0.00140827258191678,0.0246288853303479,0.0138294073171215,0.0123435761317607,6.04566906855408,9.14853318187024,0.984109963935815,3.30470790952604,0.355177641368584,3.85972823413342,2.48454644159482,1.45334639030448,-0.0781645977658806,8.54980766081975,13.8641827110695,1.27688432658195,0.210572233286069,0.191733431091258,0.0157613190434355,1.00768208262759,3.42027544805752,0.675146995360483,0.338901136578313,0.604609249576552,0.251920520656897,0.190980082615224,0.441008793637943,-0.165156463500643,-0.00086117543068336,0.997226884043992,1.00204345733684,0.995193249097546,0.551694111684282,0.0581590471395223,0.390146841176196,1.05429072426144,1.05104705518387,0.643710202086951,0.376541119515024,-0.0202513216019749,-0.000345382597702821,0.963151065839432,0.0206662428360997,0.996642222977562,-0.157724953112997,0.67,0.1,1.025,0.5,0.6,0.25,0.4,0.005,0.975,0.8,0.1,1.22377052983094,0.79937194234605,0.489508211932376,0.271003735766586,0.347535757642782,0.539725588066395,-1.34398002736127,2.63433369964294,6.36823416051385
113,-0.00297505078014168,0.708897001316478,0.105414274094336,-0.00396094771013211,-0.00391619797718457,-0.00149723747496522,0.0246589032672688,0.0138479155962331,0.0123605847419593,6.03956709690995,9.11163970415482,0.9799346644068,3.2910450345305,0.353644914540852,3.84859529984322,2.48951513899305,1.43703624250315,-0.0779560816529763,8.54875311635165,13.7975637048792,1.271337978223,0.210802876776254,0.191067498587595,0.0157144809283216,1.00604049593977,3.41016707279731,0.674047132279649,0.338094263121797,0.603624297563865,0.251510123984944,0.191131996327606,0.440822357382748,-0.165196070517948,-0.000805749449550032,0.997361860878009,1.00201007396596,0.995361111421215,0.551173336986274,0.058101537218561,0.390725125795166,1.05427179750953,1.05102719784872,0.646863321559005,0.373392401783998,-0.020255723343002,-0.00034299800958667,0.963151065839432,0.0206662428360997,0.996742708294214,-0.157724953112997,0.67,0.1,1.025,0.5,0.6,0.25,0.4,0.005,0.975,0.8,0.1,1.22293131225329,0.799788973452695,0.489172524901316,0.270465837576867,0.346655917052014,0.539517074432438,-1.34172149972088,2.60723105794746,6.37152559341206
114,-0.00300712240836409,0.710558262261273,0.105410570620315,-0.00395214012852474,-0.00391714518113273,-0.00158288006022222,0.0246880797851723,0.013865909378886,0.0123771217403257,6.03359255472052,9.07599667323793,0.975909469514149,3.27785850502726,0.352168676462172,3.83786964465686,2.49438726638987,1.42123742319859,-0.077755044931597,8.54772899924475,13.7331723162651,1.26599244372979,0.211027015995841,0.190422923566173,0.0156693426850633,1.00445426294982,3.40040714176224,0.67298435617638,0.337315088295368,0.602672557769893,0.251113565737455,0.191277837861484,0.440641147411531,-0.16521005487527,-0.00075344948568274,0.99749270095166,1.00197784197959,0.99552371236167,0.550670243835185,0.0580464646262946,0.391283291538521,1.05425340269268,1.05100789703937,0.649940591354505,0.370319358078564,-0.0202599494330696,-0.000340223844396707,0.963151065839432,0.0206662428360997,0.996842673118954,-0.157724953112997,0.67,0.1,1.025,0.5,0.6,0.25,0.4,0.005,0.975,0.8,0.1,1.22211861583319,0.800190590184521,0.488847446333275,0.269944824132582,0.345802094262363,0.539320284201467,-1.33953110550637,2.58092286465357,6.3748882723358
115,-0.00303808726632124,0.712165129339534,0.105407674571771,-0.00394525222201048,-0.00391788587593711,-0.00166533089003529,0.0247164357674209,0.0138834011856964,0.0123931985346029,6.02774517427035,9.04156032943989,0.972027248439174,3.26513108470394,0.350746205943076,3.82753524298433,2.49916500999923,1.40593143962857,-0.0775612066434727,8.54673720503558,13.6709294867016,1.26083806425568,0.211244881518919,0.18979899921687,0.0156258165169002,1.00292154116062,3.3909829748148,0.671957432577618,0.336562655370117,0.601752924696374,0.250730385290156,0.19141786075292,0.440465066289945,-0.165200656526845,-0.00070410825541216,0.997619530446992,1.00194672229735,0.995681215623488,0.550184288545725,0.0579936464415294,0.391822065012746,1.0542355265042,1.05098913890791,0.652943696489795,0.367320311995962,-0.0202640084857563,-0.000337088496926672,0.963151065839432,0.0206662428360997,0.996941997905907,-0.157724953112997,0.67,0.1,1.025,0.5,0.6,0.25,0.4,0.005,0.975,0.8,0.1,1.22133155483914,0.800577325561595,0.488532621935657,0.269440145183051,0.344973499186166,0.53913472563636,-1.33740868875475,2.55538274883276,6.37831616225577
116,-0.00306798336461989,0.713719287486015,0.105405409912096,-0.0039398656686217,-0.00391846508564575,-0.00174471609363613,0.0247439916140272,0.0139004032627637,0.0124088262868046,6.02202454004154,9.0082883972148,0.96828153072349,3.25284614076073,0.349375028169883,3.81757678445799,2.50385040399032,1.39110066043614,-0.077374279968464,8.54577932633686,13.6107590919244,1.25586610329129,0.211456692270525,0.189195040529086,0.015583824366382,1.00144053520273,3.38188242213474,0.670965158585827,0.335836031002948,0.600864321121636,0.250360133800682,0.191552309965527,0.440294011569488,-0.165169958798382,-0.000657564743365185,0.997742470253634,1.00191667671856,0.99583377883419,0.549714926871312,0.0579429272016684,0.39234214592702,1.05421815592623,1.05097090989973,0.655874274535578,0.364393629513762,-0.0202679040493394,-0.000333622023530871,0.963151065839432,0.0206662428360997,0.997040571526537,-0.157724953112997,0.67,0.1,1.025,0.5,0.6,0.25,0.4,0.005,0.975,0.8,0.1,1.22056929107712,0.800949710562545,0.488227716430847,0.268951278766829,0.344169370851697,0.538959921756299,-1.33535331584415,2.5305855679662,6.38180330607679
117,-0.00309684773432951,0.715222390364492,0.105403638985716,-0.00393565327116863,-0.00391891801758093,-0.00182115722033838,0.0247707672902718,0.0139169276097473,0.0124240159384669,6.01643007796514,8.97614005763005,0.964666393236,3.24098763500052,0.348052873769405,3.80797963090657,2.50844534691575,1.37672826452846,-0.0771939805376366,8.54485665954148,13.5525878542749,1.25106858251636,0.211662656060894,0.188610384429811,0.015543296048588,1.00000949909437,3.37309382840796,0.67000636439323,0.335134307541551,0.600005699456624,0.250002374773593,0.191681421400299,0.440127877079273,-0.165119896958011,-0.000613664701156884,0.997861636648555,1.001887668027,0.995981554113374,0.54926161873941,0.0578941733703188,0.392844207890271,1.05420127820803,1.05095319673255,0.658733919308937,0.361537717627102,-0.0202716369360394,-0.000329855058907938,0.963151065839432,0.0206662428360997,0.997138291575515,-0.157724953112997,0.67,0.1,1.025,0.5,0.6,0.25,0.4,0.005,0.975,0.8,0.1,1.21983102684461,0.801308269253173,0.487932410737845,0.268477726578211,0.343388975298663,0.538795410011531,-1.3333635501429,2.50650731374266,6.38534385014123
118,-0.00312471635849135,0.716676056137057,0.105402254149479,-0.00393235911996959,-0.00391927220285682,-0.00189477118021264,0.0247967823614913,0.0139329859996944,0.0124387782284019,6.01096105241481,8.94507591590338,0.96117637113471,3.22954011173641,0.346777646446434,3.79872977795048,2.51295161671368,1.36279819289177,-0.0770200316549679,8.54397021763465,13.4963452500204,1.24643815372597,0.211862970157894,0.188044389674447,0.0155041677997907,0.998626737570205,3.36460600224557,0.669079914172037,0.334456604488389,0.599176042542123,0.249656684392551,0.191805421651735,0.43996655398645,-0.165052266837211,-0.000572260910678059,0.997977141822468,1.00185966005972,0.996124688524722,0.548823831749988,0.0578472689974031,0.393328899252609,1.05418488085059,1.05093598638157,0.661524184031177,0.35875102272398,-0.0202752067551568,-0.000325818032189767,0.963151065839432,0.0206662428360997,0.997235064437377,-0.157724953112997,0.67,0.1,1.025,0.5,0.6,0.25,0.4,0.005,0.975,0.8,0.1,1.21911599946125,0.80165351527022,0.487646399784498,0.268019010551504,0.34263160379688,0.538640742036675,-1.33143764588827,2.48312502856578,6.38893206547678
119,-0.00315162413082423,0.718081864506099,0.105401171228901,-0.00392978306904757,-0.00391954917010429,-0.00196567025643835,0.0248220560174811,0.0139485899926826,0.0124531237048336,6.00561656874184,8.91505796544665,0.957806387488881,3.21848868344623,0.345547397296828,3.78981382040356,2.51737088434352,1.34929510343454,-0.0768521673744936,8.54312074701375,13.4419634140687,1.24196799855787,0.212057821875763,0.187496436558252,0.0154663811466585,0.99729060669658,3.35640818972493,0.668184706486708,0.333802069326946,0.598374364017948,0.249322651674145,0.191924527947374,0.439809931669774,-0.164968733339314,-0.000533213274161226,0.998089094287869,1.00183261774852,0.996263324437304,0.548401043718471,0.0578021123110787,0.393796843970451,1.05416895159593,1.05091926606924,0.664246584038106,0.35603202884802,-0.0202786128861259,-0.000321540611024108,0.963151065839432,0.0206662428360997,0.997330805178476,-0.157724953112997,0.67,0.1,1.025,0.5,0.6,0.25,0.4,0.005,0.975,0.8,0.1,1.21842347701608,0.801985949347602,0.487369390806433,0.267574670341142,0.341896571324737,0.53849548345206,-1.32957368341301,2.46041673131319,6.3925623653104
120,-0.00317760483505027,0.719441354743509,0.105400324401293,-0.00392776858979527,-0.00391976575421982,-0.00203396216960294,0.0248466070891772,0.0139637509448721,0.0124670627333671,6.00039557967702,8.88604954953827,0.954551697424748,3.20781901488728,0.344360304324515,3.78121892083836,2.5217047261292,1.33620432882212,-0.0766901341129584,8.54230874674829,13.3893770438471,1.23765174965916,0.212247389164289,0.18696592649988,0.015429882022857,0.995999513943174,3.34849005119459,0.667319674341927,0.333169877866992,0.597599708365904,0.248999878485794,0.192038948222221,0.439657898441514,-0.164870838722137,-0.000496388778022751,0.998197599195947,1.00180650714077,0.996397599816827,0.547992744482164,0.0577586130379747,0.394248642479862,1.05415347841981,1.05090302325846,0.6669025991148,0.353379255947938,-0.0202818550627383,-0.00031705131861473,0.963151065839432,0.0206662428360997,0.997425437313845,-0.157724953112997,0.67,0.1,1.025,0.5,0.6,0.25,0.4,0.005,0.975,0.8,0.1,1.21775275505248,0.802306057641286,0.487101102020993,0.267144261457807,0.341183215256905,0.538359213691219,-1.32776966203355,2.4383613510883,6.3962293193134
121,-0.00320269113974471,0.720756024483313,0.105399662194579,-0.00392619326846877,-0.00391993511974154,-0.00209975017890396,0.0248704540596721,0.0139784800142029,0.0124806055019163,5.99529689433087,8.85801532148972,0.951407843585594,3.19751730621561,0.343214656020285,3.77293278080658,2.52595463489246,1.32351183719708,-0.0765336912829594,8.54153448911985,13.3385233036292,1.23348342839959,0.212431841187166,0.186452281535928,0.0153946200766709,0.994751917842965,3.34084164067906,0.666483784954787,0.332559234230145,0.596851150705779,0.248687979460741,0.192148881290641,0.439510342145599,-0.16476001057826,-0.00046166136638077,0.998302758583632,1.00178129540456,0.996527648462911,0.547598437140473,0.0577166902928853,0.394684872566642,1.054138449527,1.05088724564811,0.669493675514787,0.350791258177187,-0.0202849336919736,-0.000312377281304557,0.963151065839432,0.0206662428360997,0.997518892487012,-0.157724953112997,0.67,0.1,1.025,0.5,0.6,0.25,0.4,0.005,0.975,0.8,0.1,1.21710315397379,0.802614310662932,0.486841261589515,0.266727353882392,0.340490894220902,0.538231525839128,-1.32602356258799,2.41693866788296,6.39992766499038
122,-0.0032269146047668,0.722027329102324,0.105399144358529,-0.0039249613727641,-0.00392006756108421,-0.00216313320882222,0.0248936150711451,0.0139927881636818,0.0124937620234492,5.99031918883946,8.83092120397505,0.94837062041611,3.18757027552449,0.342108838115642,3.76494361431121,2.53012202996165,1.31120419563905,-0.0763826112894841,8.54079804059575,13.2893417302286,1.22945739536846,0.212611338881712,0.185954943755821,0.0153605481261956,0.993546327343345,3.33345338736902,0.665676039320041,0.331969370569031,0.596127796406007,0.248386581835836,0.192254517087065,0.439367150654269,-0.164637569463814,-0.000428911751187202,0.998404671567276,1.00175695082221,0.996653600204938,0.547217638861366,0.0576762709138825,0.395106090224752,1.05412385334816,1.05087192117037,0.672021227713525,0.348266622282188,-0.0202878499957134,-0.000307544074063398,0.963151065839432,0.0206662428360997,0.997611110091754,-0.157724953112997,0.67,0.1,1.025,0.5,0.6,0.25,0.4,0.005,0.975,0.8,0.1,1.21647401700201,0.802911162674674,0.486589606800804,0.26632353102597,0.339818987090311,0.538112026470587,-1.32433338839698,2.39612925922375,6.40365231657758
123,-0.00325030569622536,0.723256681551466,0.105398739418149,-0.00392399803739585,-0.00392017112829424,-0.00222420599261686,0.0249161079289153,0.0140066861629847,0.0125065421372111,5.98546101794439,8.80473434803684,0.945436045338052,3.17796514111604,0.341041322822876,3.75724012320866,2.53420826614231,1.29926853619609,-0.0762366791297328,8.54009928262789,13.241774140707,1.2255683107598,0.21278603549475,0.18547337469907,0.0153276217286045,0.99238130092829,3.3263160787988,0.664895471621955,0.331399546592041,0.595428780556974,0.248095325232073,0.192356036953557,0.439228212280966,-0.164504736147113,-0.000398027179493501,0.998503434495788,1.00173344277529,0.996775581066199,0.546849881356963,0.057637288145988,0.39551283049705,1.05410967853808,1.05085703798906,0.674486639937744,0.345803966100129,-0.0202906060378735,-0.000302575638753671,0.963151065839432,0.0206662428360997,0.99770203685782,-0.157724953112997,0.67,0.1,1.025,0.5,0.6,0.25,0.4,0.005,0.975,0.8,0.1,1.21586470855964,0.80319705143038,0.486345883423854,0.265932388938592,0.339166892088982,0.538000335481752,-1.32269719103777,2.37591445201023,6.40739837177345
124,-0.00327289380763049,0.724445452530261,0.105398422760508,-0.00392324471632888,-0.00392025211637037,-0.0022830592261367,0.0249379501035365,0.0140201845889244,0.0125189555089279,5.98072082698232,8.77942309216129,0.942600335316139,3.16868960374207,0.340010660025987,3.7498114742833,2.53821464173351,1.28769252431162,-0.0760956917618348,8.53943793184966,13.1957645425357,1.22181110241796,0.212956077091408,0.185007054731353,0.0152957988376707,0.991255445573692,3.31942084540242,0.664141148534374,0.330849048948861,0.594753267344215,0.247813861393423,0.192453613957581,0.439093416123778,-0.164362638463331,-0.000368901173109039,0.998599141073133,1.00171074172333,0.996893713403886,0.546494711108125,0.0575996805977556,0.39590560829412,1.0540959139745,1.05084258449883,0.676891267505288,0.343401937175453,-0.0202932046807413,-0.000297494255914776,0.963151065839432,0.0206662428360997,0.997791626417177,-0.157724953112997,0.67,0.1,1.025,0.5,0.6,0.25,0.4,0.005,0.975,0.8,0.1,1.2152746129742,0.803472398174596,0.48610984518968,0.265553535695591,0.33853402598575,0.537896085910463,-1.3211130855611,2.35627627886933,6.41116111658581
125,-0.00329470728542511,0.725594970920468,0.105398175138682,-0.00392265562589322,-0.0039203154478985,-0.0023397797270871,0.0249591587316288,0.0140332938252011,0.0125310116303669,5.97609696390289,8.75495692172268,0.939859887648334,3.1597318289902,0.339015470006124,3.74264727778705,2.54214240567096,1.27646432947095,-0.0759594573548506,8.53881355938152,13.1512590465051,1.21818093982925,0.213121603035052,0.184555482411643,0.0152650395296415,0.990167415584045,3.31275914620888,0.66341216844131,0.330317190519182,0.594100449350427,0.247541853896011,0.192547413227383,0.43896265235095,-0.164212317772247,-0.000341433252079125,0.998691882457863,1.00168881917815,0.997008116030741,0.546151689399986,0.0575633914116669,0.396284919188347,1.05408254875757,1.05082854932467,0.679236438004399,0.341059211496334,-0.0202956495007338,-0.000292320555404791,0.963151065839432,0.0206662428360997,0.99787983886315,-0.157724953112997,0.67,0.1,1.025,0.5,0.6,0.25,0.4,0.005,0.975,0.8,0.1,1.21470313342828,0.803737607830535,0.485881253371311,0.265186590909366,0.337919823363358,0.537798923742941,-1.31957925848433,2.3371974384503,6.41493602854647
126,-0.00331577345751132,0.726706524413205,0.105397981501873,-0.00392219496298474,-0.00392036497226356,-0.00239445059615528,0.0249797506159663,0.0140460240617451,0.0125427198185383,5.97158769104242,8.73130642902216,0.937211264074188,3.15108042994498,0.338054437377512,3.73573756727565,2.54599276387342,1.26557259789683,-0.075827794494613,8.53822560905792,13.1082057825581,1.21467321273921,0.213282746437615,0.184118173859365,0.0152353057821186,0.989115911347875,3.30632275549081,0.662707660603076,0.329803309636895,0.593469546808725,0.247278977836969,0.192637592295547,0.438835812437801,-0.164054735023893,-0.000315528650514457,0.998781747345542,1.0016676476752,0.997118904322849,0.5458203922164,0.057528367602169,0.396651240181432,1.05406957220941,1.05081492132165,0.681523452336649,0.338774492347379,-0.0202979446840279,-0.000287073554572664,0.963151065839432,0.0206662428360997,0.997966640311564,-0.157724953112997,0.67,0.1,1.025,0.5,0.6,0.25,0.4,0.005,0.975,0.8,0.1,1.21414969109534,0.803993069324199,0.485659876438134,0.264831185328892,0.337323735948598,0.537708507705805,-1.31809397094302,2.31866125916944,6.418718778514
127,-0.00333611866371405,0.727781360278401,0.105397830080578,-0.00392183472951502,-0.00392040369962543,-0.00244715137736462,0.0249997422252055,0.0140583852938828,0.012554089214747,5.96719119646455,8.70844327409002,0.93465117749671,3.14272445021784,0.337126305981497,3.72907278060415,2.54976688486475,1.25500642713271,-0.0757005313933096,8.53767341446594,13.0665548186441,1.21128351337901,0.213439634580385,0.183694662128128,0.0152065612941125,0.988099678040789,3.30010375022198,0.662026784287329,0.329306769274472,0.592859806824474,0.247024919510197,0.192724301443747,0.438712789362693,-0.163890776442306,-0.000291098030964228,0.998868822038597,1.00164720074297,0.997226190317001,0.545500410030389,0.0574945595252688,0.397005030444342,1.05405697387375,1.0508016895747,0.68375358564379,0.336546509271773,-0.0203000949155623,-0.000281770715540668,0.963151065839432,0.0206662428360997,0.998052002470481,-0.157724953112997,0.67,0.1,1.025,0.5,0.6,0.25,0.4,0.005,0.975,0.8,0.1,1.2136137244158,0.80423915600403,0.485445489766322,0.264486960499789,0.336745231993308,0.537624509043362,-1.31665555868881,2.30065166598645,6.42250523125856
128,-0.003355768287378,0.728820686236693,0.105397711671222,-0.00392155303102493,-0.00392043398388431,-0.00249795821576437,0.0250191496935343,0.0140703873214925,0.012565128783646,5.9629056047419,8.68634014637493,0.93217648076955,3.13465334741246,0.336229874542009,3.72264374196859,2.55346590473838,1.24475534236236,-0.0755775051321485,8.53715621474252,13.0262580826288,1.20800762151755,0.21359238930583,0.183284496590726,0.015178771338144,0.987117504298476,3.29409449823071,0.661368727879979,0.32882695620603,0.592270502579086,0.246779376074619,0.19280768404359,0.438593477768305,-0.163721258841208,-0.000268057201808267,0.998953190507004,1.00162745287119,0.997330082800232,0.545191347519241,0.0574619204514779,0.397346732029281,1.05404474351557,1.05078884339828,0.685928088135574,0.334374017134424,-0.0203021052699977,-0.000276428015064188,0.963151065839432,0.0206662428360997,0.998135902223216,-0.157724953112997,0.67,0.1,1.025,0.5,0.6,0.25,0.4,0.005,0.975,0.8,0.1,1.21309468847841,0.804476226125041,0.485237875391364,0.264153568465594,0.336183795697999,0.537546611280774,-1.31526243011609,2.2831531498552,6.42629144499976
129,-0.0033747467874909,0.729825671402814,0.105397619076739,-0.0039213327461407,-0.00392045766575566,-0.00254694401112721,0.0250379888204424,0.014082039748269,0.0125758473123993,5.95872898709986,8.66497072740865,0.929784157122623,3.12685697707062,0.335363992928884,3.71644164489942,2.55709093152681,1.23480927432632,-0.0754585609537098,8.53667316911823,12.9872692872502,1.20484149173515,0.213741127381451,0.182887242338669,0.0151519026373556,0.98616822087678,3.2882876469612,0.660732707987443,0.328363280163236,0.591700932526068,0.246542055219195,0.192887876889894,0.438477774093389,-0.163546934587841,-0.000246326840921667,0.99903493444243,1.00160837947857,0.997430687393529,0.544892823226266,0.0574304062200508,0.397676770553684,1.05403287112049,1.05077637233591,0.688048185832878,0.332255795276921,-0.0203039811097985,-0.000271060022204912,0.963151065839432,0.0206662428360997,0.998218321227812,-0.157724953112997,0.67,0.1,1.025,0.5,0.6,0.25,0.4,0.005,0.975,0.8,0.1,1.21259205448018,0.804704623373819,0.485036821792072,0.263830671496549,0.335638926671504,0.537474509974167,-1.31391306313562,2.26615073954382,6.43007367004761
130,-0.00339307773087818,0.730797447276451,0.105397546669128,-0.00392116048605584,-0.00392047618465219,-0.00259417856674693,0.0250562750707496,0.0140933519811795,0.0125862534100293,5.95465937087921,8.64430965450734,0.927471311893622,3.11932557712789,0.334527558909096,3.71045803612777,2.56064304903338,1.2251585387064,-0.0753435516120105,8.53622337022561,12.9495438580804,1.20178124245291,0.213885960836879,0.182502479598503,0.0151259232621997,0.985250699311989,3.28267611277313,0.660117968539033,0.327915172994393,0.591150419587194,0.246312674827997,0.192965010523857,0.438365576679286,-0.163368496232557,-0.000225832227816428,0.999114133307766,1.00158995688047,0.997528106631168,0.544604469186151,0.0573999749572631,0.397995555856586,1.05402134689408,1.05076426615942,0.690115081238233,0.330190646755025,-0.0203057279932578,-0.000265679980165376,0.963151065839432,0.0206662428360997,0.998299245535066,-0.157724953112997,0.67,0.1,1.025,0.5,0.6,0.25,0.4,0.005,0.975,0.8,0.1,1.2121053092449,0.804924677416571,0.484842123697959,0.263517941836414,0.335110139421426,0.537407912449028,-1.31260600145047,2.24962997556238,6.43384834667872
131,-0.00341078382413195,0.731737108762045,0.105397490047371,-0.00392102578082998,-0.00392049066617439,-0.00263972873275731,0.025074023574985,0.0141043332301629,0.0125963555069953,5.95069474830028,8.6243324855492,0.925235165305981,3.11204975289591,0.33371951529202,3.70468480025732,2.56412332017918,1.21579381686082,-0.0752323367826797,8.53580585621065,12.9130388644309,1.19882314635783,0.214026997275611,0.182129803166311,0.0151008025425112,0.98436385059131,3.27725307072489,0.659523779896177,0.327482087834416,0.590618310354786,0.246090962647827,0.193039209544418,0.43825678585482,-0.163186580822354,-0.000206502985685555,0.99919086438352,1.00157216225675,0.99762244003681,0.544325930526847,0.0573705868452293,0.398303482627925,1.05401016126085,1.05075251486802,0.692129953944011,0.328177397649693,-0.0203073515937044,-0.000260299889680874,0.963151065839432,0.0206662428360997,0.998378665226315,-0.157724953112997,0.67,0.1,1.025,0.5,0.6,0.25,0.4,0.005,0.975,0.8,0.1,1.21163395478483,0.805136704456898,0.484653581913933,0.263215061460835,0.334596962871178,0.53734653752838,-1.31133985060388,2.23357688597356,6.43761210236381
132,-0.00342788694502771,0.732645715203232,0.105397445769934,-0.00392092044306513,-0.00392050199052585,-0.00268365854362562,0.025091249130172,0.0141149925081065,0.0126061618550349,5.9468330845302,8.6050156648513,0.923073046090701,3.10502046257868,0.332938847395132,3.69911414518418,2.5675327899136,1.20670613780266,-0.0751247825320773,8.5354196216999,12.877712953123,1.19596362194548,0.214164340162848,0.181768821861275,0.0150765109917259,0.983506623841043,3.27201194479635,0.658949437973499,0.327063498291256,0.590103974304626,0.245876655960261,0.193110592906745,0.438151304002575,-0.163001773916794,-0.000188272834330596,0.999265202812126,1.00155497362025,0.997713784197142,0.544056865057806,0.0573422039306904,0.398600931011504,1.05399930486302,1.05074110868706,0.694093961186957,0.326214896443154,-0.0203088576301111,-0.000254930591991809,0.963151065839432,0.0206662428360997,0.998456574071568,-0.157724953112997,0.67,0.1,1.025,0.5,0.6,0.25,0.4,0.005,0.975,0.8,0.1,1.2111775078943,0.805341007793407,0.48447100315772,0.262921721842936,0.334098939900267,0.537290115252307,-1.31011327403601,2.21797796389253,6.44136174844883
133,-0.00344440817325242,0.733524291421016,0.105397411145585,-0.0039208380702993,-0.00392051084601319,-0.0027260293496596,0.0251079662010487,0.0141253386311157,0.0126156805272805,5.94307232506829,8.58633649015511,0.920982385793569,3.09822900332338,0.332184580772332,3.6937385882147,2.5708724877326,1.19788686132416,-0.0750207608420602,8.53506362768456,12.8435262850349,1.19319922596458,0.214298089090944,0.181419157998665,0.0150530202407414,0.982678005038095,3.26694639851632,0.658394263375524,0.32665889765274,0.589606803022857,0.245669501259524,0.193179274207277,0.438049035609119,-0.162814613324481,-0.000171079354455701,0.99933722164094,1.00153836978588,0.997802232833664,0.543796942852048,0.0573147899654894,0.398888267182463,1.05398876855904,1.05073003806653,0.696008238356463,0.324302013452212,-0.0203102518086747,-0.000249581850063231,0.963151065839432,0.0206662428360997,0.998532969208096,-0.157724953112997,0.67,0.1,1.025,0.5,0.6,0.25,0.4,0.005,0.975,0.8,0.1,1.2107354997666,0.805537878369977,0.48429419990664,0.26263762372339,0.333615626905104,0.537238386590393,-1.30892498929564,2.20282014650838,6.44509427637943
134,-0.00346036782032071,0.734373828747341,0.105397384069818,-0.00392077365587706,-0.00392051777088309,-0.00276689994249368,0.0251241889217341,0.0141353802190807,0.0126249194186554,5.93941040247394,8.56827308072068,0.918960713643629,3.09166699780083,0.331455779159357,3.68855094283726,2.57414342984541,1.18932766217779,-0.0749201491859487,8.53473681038822,12.8104404743312,1.19052664659652,0.214428340023961,0.181080446882344,0.0150303029794837,0.981877015748909,3.26205032596569,0.657857600551769,0.326267798116481,0.589126209449345,0.245469253937227,0.193245361955097,0.437949887301349,-0.162625592577776,-0.000154863763506943,0.999406991864484,1.00152233034058,0.997887876873025,0.543545845827616,0.0572883102722472,0.399165843900138,1.05397854342184,1.05071929367932,0.697873899462905,0.32243764031166,-0.0203115397745649,-0.000244262427081377,0.963151065839432,0.0206662428360997,0.998607850839242,-0.157724953112997,0.67,0.1,1.025,0.5,0.6,0.25,0.4,0.005,0.975,0.8,0.1,1.21030747562811,0.805727595313541,0.484122990251245,0.262362476883263,0.333146593378202,0.537191103148611,-1.30777376448897,2.18809079548183,6.44880685354783
135,-0.00347578545859715,0.735195286047801,0.105397362896939,-0.00392072328465121,-0.00392052318603642,-0.00280632667461833,0.0251399310978342,0.0141451256965382,0.0126338862465462,5.93584524246769,8.55080434652079,0.917005651885433,3.08532638130688,0.330751542600338,3.68354430610919,2.57734662102621,1.18102051523372,-0.0748228301507395,8.53443808918704,12.7784185302767,1.18794269723971,0.214555185522807,0.180752336316631,0.0150083329046802,0.981102711898784,3.25731784313272,0.657338816972186,0.325889730044606,0.588661627139271,0.245275677974696,0.193308959829675,0.437853767870845,-0.162435164162801,-0.000139570703033998,0.999474582466289,1.00150683561411,0.997970804516202,0.543303267332578,0.0572627316301441,0.399434001037279,1.05396862073689,1.05070886641916,0.699692037571438,0.32062068950141,-0.0203127270728479,-0.000238980161601439,0.963151065839432,0.0206662428360997,0.99868122195296,-0.157724953112997,0.67,0.1,1.025,0.5,0.6,0.25,0.4,0.005,0.975,0.8,0.1,1.20989299438504,0.805910426455832,0.483957197754014,0.262095999918724,0.332691421503979,0.53714802687211,-1.30665841500568,2.17377767859211,6.45249681883158
136,-0.00349067994937362,0.735989590728803,0.105397346340036,-0.00392068389502365,-0.00392052742061233,-0.00284436357308149,0.0251552062089735,0.0141545832938141,0.0126425885517407,5.93237476944003,8.53390995852112,0.915114911498351,3.0791993893733,0.330071005726984,3.67871204662378,2.58048305618452,1.1729576815398,-0.0747286911005364,8.53416637365168,12.7474248015349,1.18544431079747,0.214678714952365,0.18043448613718,0.014987084672674,0.980354182573611,3.25274327960068,0.656837302324319,0.325524241244378,0.588212509544167,0.245088545643403,0.193370166925235,0.437760588287806,-0.16224374252107,-0.000125148037454578,0.999540060460599,1.00149186665088,0.998051101306686,0.543068911736619,0.0572380221768111,0.39969306608657,1.05395899199995,1.05069874739843,0.701463725205894,0.318850093911621,-0.0203138191175142,-0.000233742038934687,0.963151065839432,0.0206662428360997,0.99875308805942,-0.157724953112997,0.67,0.1,1.025,0.5,0.6,0.25,0.4,0.005,0.975,0.8,0.1,1.20949162827954,0.806086628836735,0.483796651311815,0.26183792001719,0.332249705769732,0.537108929745275,-1.30557780053433,2.15986895252194,6.45616167788511
137,-0.00350506946997435,0.736757639725749,0.105397333392765,-0.0039206530928626,-0.00392053073199272,-0.00288106244754027,0.0251700274117308,0.0141637610484375,0.0126510336996177,5.92899691140414,8.5175703200268,0.913286288242246,3.07327854587456,0.329413336167724,3.67404779302582,2.58355372168464,1.16513169521754,-0.0746376238763492,8.53392056977868,12.7174249228522,1.18302853439,0.214799014671992,0.18012656776043,0.0149665338563766,0.979630548855354,3.24832117055076,0.656352467733087,0.325170896275096,0.587778329313212,0.244907637213839,0.19342907798208,0.437670261705997,-0.162051706838146,-0.000111546663799413,0.999603490934077,1.00147740518268,0.998128850197817,0.5428424940314,0.0572141513231877,0.399943354645413,1.05394964891468,1.05068892794561,0.703190014726756,0.317124806440793,-0.0203148211675493,-0.000228554258579153,0.963151065839432,0.0206662428360997,0.998823456946895,-0.157724953112997,0.67,0.1,1.025,0.5,0.6,0.25,0.4,0.005,0.975,0.8,0.1,1.20910296255311,0.806256449187784,0.483641185021246,0.261587972734833,0.331821052590644,0.537073593490337,-1.30453082236143,2.14635314668299,6.45979909823779
138,-0.00351897153987873,0.737500300469768,0.105397323268176,-0.00392062900598689,-0.00392053332144693,-0.00291647299286868,0.0251844075429506,0.0141726668068038,0.0126592288815736,5.92570960443045,8.50176653907364,0.911517658981595,3.06755665161572,0.328777733068674,3.66954542304692,2.58655959644192,1.15753535113274,-0.0745495245277471,8.53369958547764,12.6883857640294,1.18069252442817,0.214916168210645,0.179828263751092,0.0149466569056524,0.978930962692064,3.24404624906566,0.655883745003683,0.324829275781445,0.587358577615238,0.244732740673016,0.193485783605381,0.437582703459895,-0.161859403633984,-9.87203321876261e-05,0.999664937087585,1.00146343360242,0.998204131619298,0.542623739441209,0.0571910896788717,0.40018517087992,1.05394058339001,1.05067939960264,0.704871938686681,0.315443799622356,-0.0203157383090373,-0.000223422297599393,0.963151065839432,0.0206662428360997,0.99889233845508,-0.157724953112997,0.67,0.1,1.025,0.5,0.6,0.25,0.4,0.005,0.975,0.8,0.1,1.20872659511563,0.806420124395066,0.483490638046252,0.261345901775573,0.331405079947808,0.537041809265673,-1.303516420938,2.1332191479952,6.46340690424545
139,-0.00353240304586545,0.73821841183128,0.105397315350886,-0.00392061017037504,-0.00392053534636483,-0.00295064288655023,0.0251983591234021,0.0141813082260715,0.012667181116667,5.92251079659985,8.48648040183834,0.909806978249708,3.06202677338563,0.328163425711846,3.66519905303396,2.58950165282083,1.1501616932854,-0.0744642930722651,8.53350233537664,12.6602753810837,1.17843354199987,0.215030256427877,0.179539267407099,0.0149274311105855,0.978254605802767,3.23991343872102,0.655430585887854,0.324498975853022,0.58695276348166,0.244563651450692,0.193540370471911,0.437497831055089,-0.161667149168716,-8.66254765490601e-05,0.999724460278068,1.00144993493891,0.998277023542927,0.542412383044936,0.0571688089860126,0.400418807969052,1.05393178753734,1.05067015412204,0.706510510166509,0.31380606527586,-0.0203165754423693,-0.000218350969959587,0.963151065839432,0.0206662428360997,0.998959744264946,-0.157724953112997,0.67,0.1,1.025,0.5,0.6,0.25,0.4,0.005,0.975,0.8,0.1,1.20836213621907,0.806577881941248,0.483344854487627,0.261111458771824,0.331001417038492,0.537013377364873,-1.30253357369198,2.12045618654343,6.46698307193645
140,-0.00354538026619067,0.738912785039254,0.105397309159673,-0.0039205954411814,-0.00392053692982286,-0.00298361788109058,0.0252118943617538,0.0141896927762708,0.0126748972534632,5.91939845151199,8.47169434704086,0.908152275022418,3.05668223345929,0.327569672218811,3.66100302794637,2.59238085735763,1.14300400386764,-0.0743818332788993,8.53332774500614,12.6330629695085,1.17624894852953,0.21514135766183,0.179259282361382,0.0149088345671962,0.977600688617271,3.23591784645272,0.654992461373572,0.324179607409538,0.586560413170363,0.244400172154318,0.193592921525305,0.437415564152877,-0.161475231676714,-7.52210550981954e-05,0.999782120060527,1.00143689283248,0.998347601547542,0.542208169410008,0.0571472820602069,0.400644548529785,1.05392325366761,1.05066118346387,0.708106723094359,0.312210614179362,-0.0203173372737207,-0.000213344481893984,0.963151065839432,0.0206662428360997,0.999025687704206,-0.157724953112997,0.67,0.1,1.025,0.5,0.6,0.25,0.4,0.005,0.975,0.8,0.1,1.20800920813548,0.806729940326869,0.483203683254191,0.260884403067309,0.330609703937952,0.536988106917511,-1.30158129306194,2.10805382204288,6.47052572378856
141,-0.00355791889382034,0.739584204575477,0.105397304318229,-0.00392058392315153,-0.00392053816806548,-0.00301544189169123,0.0252250251588333,0.0141978277426049,0.0126823839720598,5.91637055138402,8.45739144131093,0.906551649676599,3.05151659953281,0.326995758330206,3.65695191179913,2.59519817132822,1.13605579294338,-0.0743020524724664,8.53317475441711,12.6067188195389,1.1741362016796,0.215249547865286,0.178988022199862,0.0148908461452659,0.976968449250639,3.23205475568985,0.654568860997928,0.323870795611237,0.586181069550384,0.24424211231266,0.193643516160411,0.437335824549853,-0.161283913441102,-6.44684002235423e-05,0.99983797423004,1.00142429151171,0.998415938883132,0.542010852238635,0.057126482737178,0.400862665024187,1.05391497428819,1.05065247979256,0.709661552550042,0.310656475760019,-0.0203180283100609,-0.000208406483448231,0.963151065839432,0.0206662428360997,0.999090183567493,-0.157724953112997,0.67,0.1,1.025,0.5,0.6,0.25,0.4,0.005,0.975,0.8,0.1,1.20766744483879,0.806876509471261,0.483066977935517,0.260664501502294,0.330229591272202,0.536965815592475,-1.30065862472766,2.09600193105212,6.47403312346793
142,-0.00357003405874124,0.740233429043482,0.105397300532286,-0.00392057491620845,-0.00392053913635426,-0.00304615707942435,0.0252377631121374,0.0142057202279226,0.0126896477862748,5.91342509977308,8.4435553554895,0.905003271113483,3.04652367507465,0.32644099625321,3.65304047853045,2.59795455117977,1.12931078870669,-0.0742248613560144,8.53304232128631,12.5812142733361,1.17209285146868,0.21535490073077,0.178725210095014,0.0148734454580014,0.976357152511929,3.22831961974318,0.654159292182993,0.323572179293641,0.585814291507157,0.244089288127982,0.193692230397309,0.43725853615322,-0.161093432719891,-5.43310771544511e-05,0.999892078863776,1.00141211577097,0.998482106534112,0.541820194026493,0.0571063858242716,0.401073420149236,1.05390694209969,1.05064403547359,0.711175955056727,0.309142697800323,-0.0203186528570506,-0.000203540116324548,0.963151065839432,0.0206662428360997,0.999153247950352,-0.157724953112997,0.67,0.1,1.025,0.5,0.6,0.25,0.4,0.005,0.975,0.8,0.1,1.20733649169046,0.807017791093699,0.482934596676185,0.260451528201593,0.329860739901243,0.53694632930459,-1.29976464601384,2.08429069487851,6.47750367055763
143,-0.00358174034937897,0.740861192012068,0.10539729757173,-0.0039205678729014,-0.00392053989354291,-0.00307580393014273,0.0252501195205678,0.0142133771553445,0.0126966950459801,5.91056012395431,8.43017034183538,0.903505374030349,3.04169749007678,0.325904723570435,3.64926370327374,2.60065094884298,1.12276292827962,-0.0741501738488521,8.53292942355735,12.5565216840044,1.17011653658525,0.215457487805625,0.178470578454364,0.0148566128333223,0.975766088946618,3.2247080554401,0.653763279594234,0.323283410425969,0.585459653367971,0.243941522236654,0.193739137045561,0.437183624952443,-0.160904005534327,-4.47747510683858e-05,0.999944488362942,1.00140035094887,0.998546173281693,0.541635965733829,0.0570869670559996,0.401277067210172,1.05389914999261,1.0506358430701,0.712650868861558,0.307668346157717,-0.0203192150192742,-0.000198748058248288,0.963151065839432,0.0206662428360997,0.999214898096163,-0.157724953112997,0.67,0.1,1.025,0.5,0.6,0.25,0.4,0.005,0.975,0.8,0.1,1.207016005129,0.807153979075467,0.4828064020516,0.260245264365659,0.329502820612301,0.536929481925208,-1.29889846444486,2.0729105881262,6.48093589529966
144,-0.00359305183315288,0.741468202833529,0.105397295256616,-0.00392056236513105,-0.00392054048565404,-0.00310442132935396,0.0252621053893562,0.0142208052710226,0.0127035319395604,5.90777367698448,8.4172212121079,0.90205625632714,3.03703229218963,0.325386302204784,3.64561675401535,2.60328831194001,1.11640634901345,-0.0740779069381095,8.53283506166313,12.532614376361,1.16820498088041,0.215557378597906,0.178223868583317,0.0148403292865993,0.975194573912046,3.22121583699734,0.653380364521071,0.323004153592345,0.585116744347228,0.243798643478012,0.193784305859262,0.437111018987814,-0.16071582732922,-3.57670621343828e-05,0.999995255494586,1.00138898290768,0.998608205765308,0.541457946468818,0.0570682030530148,0.401473850478168,1.05389159104396,1.05062789533935,0.714087214206678,0.306232504495656,-0.0203197187023344,-0.000194032563999116,0.963151065839432,0.0206662428360997,0.999275152255167,-0.157724953112997,0.67,0.1,1.025,0.5,0.6,0.25,0.4,0.005,0.975,0.8,0.1,1.20670565236353,0.807285259803619,0.482682260945411,0.260045498065062,0.32915551382268,0.53691511499733,-1.29805921643079,2.06185236784172,6.48432845337104
145,-0.00360398207619938,0.742055147436864,0.105397293446228,-0.00392055805812963,-0.00392054094867689,-0.00313204663327826,0.0252737314351573,0.0142280111470165,0.0127101644964844,5.90506383947884,8.40469331649527,0.900654276636649,3.0325225382254,0.324885117435677,3.64209498361983,2.60586758390205,1.11023538025983,-0.0740079805420422,8.53275826037135,12.5094666093796,1.16635599002498,0.215654640673883,0.177984830361689,0.0148245764947016,0.974641946685118,3.2178388901231,0.653010104279029,0.322734085494912,0.584785168011071,0.243660486671279,0.193827803683415,0.437040648316422,-0.16052907451434,-2.72775080021848e-05,1.00004443143318,1.00137799801342,0.998668268543061,0.541285923182951,0.0570500712840258,0.401664005533024,1.05388425851377,1.05062018522913,0.715485893591965,0.304834274024446,-0.0203201676164103,-0.000189395503345225,0.963151065839432,0.0206662428360997,0.999334029554786,-0.157724953112997,0.67,0.1,1.025,0.5,0.6,0.25,0.4,0.005,0.975,0.8,0.1,1.20640511107161,0.807411812497303,0.482562044428646,0.259852024038619,0.328818509291866,0.536903077455748,-1.29724606606696,2.05110706321578,6.48768012071174
146,-0.00361454416229526,0.742622689096358,0.105397292030529,-0.00392055469011321,-0.00392054131075448,-0.00315871573630078,0.0252850080912782,0.0142350011842682,0.0127165985899701,5.90242872112744,8.39257252335967,0.899297851968812,3.02816288601431,0.32440057696268,3.63869392220611,2.60838970400847,1.1042445355812,-0.0739403173835598,8.53269807029162,12.4870535402316,1.16456744831917,0.215749339747863,0.177753221933375,0.0148093367712392,0.974107569601445,3.21457328634067,0.652652071632968,0.322472894478067,0.584464541760867,0.243526892400361,0.193869694592154,0.436972444975967,-0.160343905895425,-1.92773334261323e-05,1.00009206580192,1.00136738311689,0.998726424151138,0.541119690378142,0.0570325500302546,0.401847759591604,1.05387714584156,1.05061270587414,0.716847792030561,0.303472773250382,-0.020320565280943,-0.000184838396035046,0.963151065839432,0.0206662428360997,0.999391549880463,-0.157724953112997,0.67,0.1,1.025,0.5,0.6,0.25,0.4,0.005,0.975,0.8,0.1,1.20611406910158,0.807533809517455,0.482445627640633,0.259664643495393,0.32849150584256,0.536893225352625,-1.29645820403149,2.04066596580423,6.49098978841978
147,-0.00362475071101315,0.743171469176002,0.105397290923472,-0.00392055205637021,-0.00392054159389421,-0.00318446313501886,0.0252959248202585,0.0142417678713834,0.012722826969367,5.8998703686095,8.38085383241324,0.897986487554501,3.02394839980468,0.323932174802916,3.63540935946805,2.61085566789543,1.0984285348905,-0.073874843317877,8.53265747571426,12.4653600357044,1.16283841252763,0.215841479228628,0.177528779890037,0.0147945934880944,0.973590827225088,3.21141531207147,0.652305854240809,0.322220354618474,0.584154496335053,0.243397706806272,0.1939100400193,0.436906342946798,-0.160160448938474,-1.17243623483828e-05,1.00013820671367,1.00135712553543,0.998782733162144,0.540959049825222,0.0570156183521141,0.402025331822664,1.05387026763549,1.05060547520897,0.718173776251061,0.302147138399786,-0.0203209146508466,-0.000180362444068738,0.963151065839432,0.0206662428360997,0.999447733766304,-0.157724953112997,0.67,0.1,1.025,0.5,0.6,0.25,0.4,0.005,0.975,0.8,0.1,1.20583222417956,0.807651416660758,0.482332889671824,0.259483171728959,0.328174156523299,0.536885271010327,-1.29569485437559,2.03052067480041,6.4942566083052
148,-0.00363461389514019,0.743702107850281,0.105397290057769,-0.00392054999681912,-0.00392054181530554,-0.00320932198907453,0.0253065352101729,0.0142483463138793,0.0127288826090154,5.89737875693993,8.36950591131971,0.896716535400633,3.01987371636663,0.323479229010934,3.63223705633211,2.61326633430603,1.09278220783809,-0.0738114858120149,8.5326274429353,12.4443443951246,1.16116460798033,0.215931252056741,0.177311342630996,0.0147803293807747,0.973091133002072,3.2083612265881,0.651971059111389,0.321976021497207,0.583854679801244,0.243272783250518,0.193948900367408,0.436842276080534,-0.159978850057229,-4.62725046502577e-06,1.00018289925368,1.00134721303538,0.998837252686638,0.540803810293452,0.0569992560578456,0.402196933648703,1.05386357323452,1.05059843458956,0.719464697316681,0.300856521993767,-0.0203212193104474,-0.000175968563700157,0.963151065839432,0.0206662428360997,0.999502602294825,-0.157724953112997,0.67,0.1,1.025,0.5,0.6,0.25,0.4,0.005,0.975,0.8,0.1,1.20555929285634,0.807764789681296,0.482223717142537,0.259307408605034,0.327866296901243,0.536879409044289,-1.29495524883882,2.02066292255805,6.49747950736138
149,-0.00364414545739106,0.744215204801896,0.105397289380801,-0.00392054838627831,-0.00392054198844627,-0.00323332417895328,0.02531682560625,0.0142547269520151,0.0127347563317366,5.89495641804494,8.35852571340171,0.895487729512886,3.01593422672107,0.323041276306912,3.62917302938878,2.61562263139591,1.08730057332967,-0.0737501753367999,8.5326113664538,12.4239940616604,1.15954535932908,0.216018647421207,0.177100655454209,0.0147665288460798,0.972607904817346,3.20540750773247,0.651647296227622,0.321739695381144,0.583564742890407,0.243151976204336,0.193986330408256,0.436780188981402,-0.159799221234103,2.05891747248311e-06,1.00022619046452,1.00133763381532,0.998890041367404,0.540653787290661,0.0569834436738997,0.40236276903544,1.05385708033305,1.05059160554805,0.720721390306725,0.29960009195307,-0.0203214822597955,-0.000171657407102878,0.963151065839432,0.0206662428360997,0.999556177005163,-0.157724953112997,0.67,0.1,1.025,0.5,0.6,0.25,0.4,0.005,0.975,0.8,0.1,1.20529498090298,0.807874094751479,0.482117992361192,0.259137179047733,0.32756758505605,0.536875337494707,-1.29423865217503,2.01108472536256,6.50065769670038
150,-0.00365335672644508,0.744711339897025,0.105397288851421,-0.0039205471268573,-0.00392054212383985,-0.00325650036091918,0.0253268053808357,0.0142609155457942,0.0127404534255174,5.89260158721801,8.34790098779948,0.894298698279333,3.01212532389302,0.322617805568096,3.62621345022731,2.61792548248559,1.0819788124822,-0.0736908447404882,8.53260840984918,12.4042874520783,1.15797883563009,0.216103724529399,0.176896506800264,0.0147531765231518,0.972140589312484,3.20255075951598,0.651334194839365,0.321511107896499,0.583284353587491,0.243035147328121,0.194022384383829,0.436720015942739,-0.159621662876163,8.35562503764375e-06,1.00026812415248,1.00132837648992,0.998941154208413,0.540508802813636,0.0569681624168845,0.40252303476948,1.05385078303141,1.0505849819044,0.721944672707839,0.298377033598188,-0.0203217063060281,-0.000167429389988441,0.963151065839432,0.0206662428360997,0.999608479809137,-0.157724953112997,0.67,0.1,1.025,0.5,0.6,0.25,0.4,0.005,0.975,0.8,0.1,1.20503901407123,0.807979469842819,0.482015605628491,0.258972308342864,0.327277753626626,0.536872938596321,-1.29354435204052,2.00177833709632,6.50379048241263
151,-0.00366225863233657,0.745191073838722,0.105397288437453,-0.00392054614200721,-0.00392054222971583,-0.0032788800192457,0.0253364836606214,0.0142669177066565,0.0127459790426621,5.8903125305119,8.33761990542346,0.893148117377102,3.00844256091984,0.322208324032541,3.62335463406606,2.6201758059233,1.07681225730012,-0.0736334291573669,8.53261776317309,12.3852037168245,1.15646326982925,0.21618654110824,0.176698691994788,0.0147402575769735,0.971688652424556,3.19978770621465,0.651031397124452,0.321289999094423,0.583013191454733,0.242922163106139,0.194057114370358,0.436661698310719,-0.159446263603319,1.42842617898184e-05,1.00030874275213,1.0013194300745,0.998990644451692,0.540368685108355,0.0569533941669325,0.402677920724713,1.0538446755808,1.05057855763441,0.723135345708461,0.297186548390277,-0.020321894098738,-0.000163284717797576,0.963151065839432,0.0206662428360997,0.999659532914592,-0.157724953112997,0.67,0.1,1.025,0.5,0.6,0.25,0.4,0.005,0.975,0.8,0.1,1.20479112699491,0.808081057145567,0.481916450797964,0.258812627282041,0.326996543034976,0.536872100459747,-1.29287165821135,1.99273623171595,6.50687726113139
152,-0.00367086172122636,0.745654948799095,0.105397288113736,-0.00392054537186781,-0.00392054231250938,-0.00330049151589618,0.0253458693185719,0.0142727388917781,0.012751338194309,5.88808754841769,8.3276710507524,0.892034708904185,3.00488164941628,0.321812356565756,3.62059303388585,2.6223745148772,1.07179638493011,-0.0735778659214601,8.53263864636796,12.3667227196881,1.15499695722942,0.21626715342568,0.176507012998413,0.0147277576809419,0.971251578572942,3.19711518788317,0.650738557643871,0.321076118200106,0.582750947143765,0.242812894643236,0.194090570352615,0.436605179234804,-0.159273101141088,1.98650292910503e-05,1.00034808738958,1.00131078397017,0.999038563654767,0.540233268439681,0.0569391214423622,0.402827610117958,1.05383875239398,1.05057232688284,0.724294194442552,0.296027853694695,-0.0203220481372463,-0.000159223404725765,0.963151065839432,0.0206662428360997,0.99970935875548,-0.157724953112997,0.67,0.1,1.025,0.5,0.6,0.25,0.4,0.005,0.975,0.8,0.1,1.20455106277212,0.80817899367031,0.481820425108847,0.258657972021053,0.326723701241515,0.53687271674936,-1.29221990184624,1.98395109583996,6.5099175156075
153,-0.00367917616958143,0.746103489030857,0.105397287860593,-0.00392054476962933,-0.00392054237725292,-0.00332136213779366,0.0253549709799363,0.0142783844076288,0.0127565357536614,5.88592497607644,8.31804340634544,0.890957239623901,3.00143845360729,0.321429444982013,3.61792523488664,2.62452251710225,1.06692681226909,-0.0735240944847002,8.53267030920603,12.3488250110514,1.15357825311973,0.216345616344999,0.176321278175154,0.0147156629985196,0.97082886999538,3.19453015605467,0.650455342896904,0.320869223276256,0.582497321997228,0.242707217498845,0.194122800317657,0.43655040355134,-0.159102243165258,2.51169947667568e-05,1.00038619791986,1.00130242794957,0.999084961741695,0.540102392870143,0.0569253273755297,0.402972279754328,1.05383300804111,1.05056628395908,0.725421988215613,0.294900182561851,-0.0203221707774635,-0.000155245293160445,0.963151065839432,0.0206662428360997,0.999757979928195,-0.157724953112997,0.67,0.1,1.025,0.5,0.6,0.25,0.4,0.005,0.975,0.8,0.1,1.20431857270681,0.808273411327581,0.481727429082725,0.258508183913325,0.326458983523791,0.53687468645956,-1.29158843478704,1.97541582180254,6.5129108103969
154,-0.00368721179778846,0.7465372014589,0.105397287662639,-0.00392054429868716,-0.00392054242788131,-0.00334151814181538,0.0253637970282047,0.0142838594135048,0.012761576459196,5.88382318338433,8.30872633797401,0.889914519282472,2.99810898453377,0.321059147394416,3.61534794918285,2.62662071468846,1.06219929083351,-0.0734720563391208,8.53271203110409,12.3314918022586,1.15220557050336,0.216421983375212,0.176141302069763,0.0147039601655971,0.970420046109745,3.1920296696033,0.650181430893529,0.320669080886062,0.582252027665847,0.242605011527436,0.19415385034392,0.436497317741036,-0.158933748086292,3.0058157226031e-05,1.00042311296326,1.00129435214322,0.999129887052592,0.53997590404742,0.0569119956897797,0.403112100262801,1.05382743724582,1.05056042333296,0.726519480728295,0.293802783510386,-0.0203222642386801,-0.000151350071552261,0.963151065839432,0.0206662428360997,0.999805419133678,-0.157724953112997,0.67,0.1,1.025,0.5,0.6,0.25,0.4,0.005,0.975,0.8,0.1,1.20409341605812,0.808364437133668,0.481637366423248,0.258363109347747,0.32620215226177,0.536877913697258,-1.29097662889223,1.96712350101502,6.51585678766797
155,-0.0036949780832259,0.746956576252481,0.105397287507842,-0.00392054393041685,-0.0039205424674722,-0.00336098479763713,0.0253723556109964,0.014289168925027,0.0127664649178415,5.88178057500374,8.29970958035048,0.888905398996465,2.99488939449336,0.320701037592363,3.61285801072579,2.62867000379529,1.05760970187323,-0.0734216949427219,8.53276312083129,12.3147049410558,1.15087737791964,0.216496306717901,0.175966905193686,0.0146926362735336,0.970024642899098,3.18961089076385,0.649916510742396,0.320475465770129,0.582014785739459,0.242506160724775,0.19418376468564,0.436445869887434,-0.15876766577752,3.4705509829957e-05,1.00045886994105,1.00128654702636,0.999173386391974,0.539853653000176,0.0568991106774183,0.403247236322406,1.05382203488119,1.05055473963062,0.727587410298085,0.292734920312154,-0.0203223306102391,-0.000147537290755802,0.963151065839432,0.0206662428360997,0.999851699124862,-0.157724953112997,0.67,0.1,1.025,0.5,0.6,0.25,0.4,0.005,0.975,0.8,0.1,1.2038753597953,0.808452193408223,0.481550143918122,0.258222599590905,0.325952976729471,0.536882307470563,-1.29038387539967,1.95906741761527,6.51875516313173
156,-0.00370248417281835,0.747362087378635,0.105397287386793,-0.00392054364243433,-0.00392054249843166,-0.00337978642854586,0.0253806546458756,0.0142943178175995,0.0127712056081241,5.87979559029074,8.29098322342928,0.887928769706794,2.99177597170742,0.320354704445033,3.61045237044329,2.63067127437635,1.05315405171565,-0.0733729556487054,8.53282291612502,12.2984468880533,1.14959219735597,0.216568637310816,0.175797913819242,0.0146816788528482,0.969642212319153,3.1872710813029,0.649660282253833,0.320288160536952,0.581785327391492,0.242410553079788,0.194212585852887,0.436396009635493,-0.158604038251105,3.90750985051602e-05,1.00049350511056,1.00127900340632,0.999215505075924,0.539735495941888,0.0568866571786403,0.403377846879472,1.05381679596594,1.05054922763046,0.728626500079334,0.291695871778718,-0.0203223718580526,-0.000143806378998589,0.963151065839432,0.0206662428360997,0.999896842659055,-0.157724953112997,0.67,0.1,1.025,0.5,0.6,0.25,0.4,0.005,0.975,0.8,0.1,1.20366417835854,0.808536797962382,0.481465671343417,0.258086510633655,0.325711232892805,0.536887781483762,-1.28980958431594,1.95124104238836,6.52160572209703
157,-0.00370973889509571,0.747754193137393,0.105397287292134,-0.00392054341723602,-0.00392054252264151,-0.00339794645033098,0.0253887018260882,0.0142993108298284,0.0127758028832754,5.87786670314825,8.28253769925521,0.886983560695992,2.98876513520436,0.320019751329693,3.60812809158699,2.63262540989822,1.04882846732659,-0.0733257856378224,8.53289078322755,12.2827006941609,1.14834860224539,0.21663902486855,0.175634159781696,0.0146710758575319,0.969272321727429,3.18500759883599,0.649412455557378,0.32010695536632,0.581563393036458,0.242318080431857,0.194240354687472,0.436347688150414,-0.158442900285459,4.318207706707e-05,1.00052705359942,1.00127171241043,0.999256286978068,0.539621294082348,0.0568746205613503,0.403504085356302,1.05381171566063,1.05054388225918,0.729637458281796,0.290684931549135,-0.0203223898309316,-0.00014015665559235,0.963151065839432,0.0206662428360997,0.999940872454878,-0.157724953112997,0.67,0.1,1.025,0.5,0.6,0.25,0.4,0.005,0.975,0.8,0.1,1.20345965342553,0.808618364277941,0.481383861370211,0.257954703042041,0.325476703213446,0.536894253938602,-1.28925318382962,1.9436380269429,6.52440831565201
158,-0.00371675077177854,0.748133336679405,0.105397287218112,-0.003920543241134,-0.00392054254157326,-0.0034154874083594,0.0253965046262162,0.014304152566895,0.0127802609743028,5.87599242181325,8.27436376933644,0.886068738165886,2.98585342991011,0.319695795583639,3.60588234527809,2.63453328705654,1.04462919207516,-0.0732801338536066,8.53296611635535,12.2674499789541,1.14714521554587,0.216707517920541,0.175475480288874,0.014660815649954,0.96891455333331,3.18281789328566,0.649172750733318,0.31993164772506,0.581348731999986,0.242228638333328,0.194267110434986,0.436300858076791,-0.158284280007554,4.70407590128692e-05,1.00055954943915,1.00126466547436,0.999295774574367,0.539510913446495,0.056862986701826,0.40362609985168,1.05380678926396,1.05053869858791,0.730620978387874,0.289701407878834,-0.0203223862667085,-0.00013658734345918,0.963151065839432,0.0206662428360997,0.999983811153404,-0.157724953112997,0.67,0.1,1.025,0.5,0.6,0.25,0.4,0.005,0.975,0.8,0.1,1.20326157368399,0.808697001678097,0.481304629473598,0.257827041812476,0.325249176458554,0.53690164734187,-1.2887141197466,1.93625219812862,6.52716285697246
159,-0.0037235280289103,0.748499946506505,0.105397287160228,-0.0039205431034246,-0.00392054255637764,-0.00343243101293067,0.0254040703077457,0.0143088475038821,0.0127845839930171,5.87417128858602,8.26645251251992,0.88518330387285,2.98303752193697,0.319382467978694,3.60371240624295,2.63639577549229,1.04055258169096,-0.0732359509402997,8.53304833711177,12.2526789099263,1.14598070789759,0.216774163846674,0.175321717738022,0.0146508869863407,0.968568503668294,3.18069950347526,0.648940897457757,0.31976204209453,0.581141102200977,0.242142125917074,0.194292890813206,0.4362554734982,-0.158128199433292,5.06646662349846e-05,1.00059102559799,1.00125785433094,0.999334008986728,0.539404224700281,0.0568517419661755,0.403744033333543,1.05380201220912,1.05053367182839,0.731577739368679,0.288744623429459,-0.0203223627981383,-0.000133097580580686,0.963151065839432,0.0206662428360997,1.00002568128317,-0.157724953112997,0.67,0.1,1.025,0.5,0.6,0.25,0.4,0.005,0.975,0.8,0.1,1.20306973461014,0.808772815490283,0.481227893844057,0.257703396231155,0.325028447516219,0.536909888319244,-1.28819185494566,1.92907755268165,6.5298693177573
160,-0.00373007860755594,0.748854436955785,0.105397287114963,-0.00392054299573774,-0.00392054256795449,-0.00344879817300647,0.0254114059245448,0.0143133999890515,0.0127887759350163,5.87240187950844,8.25879531334778,0.88432629381805,2.98031419406214,0.319079412217225,3.60161564872991,2.63821373751057,1.03659510040263,-0.0731931891832964,8.53313689385261,12.2383721825887,1.14485379585478,0.216839008910684,0.17517271953958,0.0146412790027991,0.968233783075705,3.17865005385339,0.648716634660722,0.319597949709362,0.580940269845423,0.242058445768926,0.194317732077083,0.436211489897294,-0.157974674968906,5.40665748106995e-05,1.00062151401295,1.00125127099941,0.999371030025437,0.539301102983279,0.0568408731925448,0.403858023824177,1.05379738006025,1.05052879732928,0.732508405899017,0.28781391505955,-0.0203223209585673,-0.000129686430456951,0.963151065839432,0.0206662428360997,1.0000665052288,-0.157724953112997,0.67,0.1,1.025,0.5,0.6,0.25,0.4,0.005,0.975,0.8,0.1,1.20288393825302,0.808845907201526,0.481153575301207,0.257583639737601,0.324814317216428,0.536918907435368,-1.28768586885284,1.92210825208487,6.53252772479059
161,-0.00373641017408547,0.749197208667708,0.105397287079567,-0.0039205429115281,-0.00392054257700747,-0.00346460902839829,0.0254185183282486,0.0143178142470689,0.0127928406826239,5.87068280399781,8.25138385087486,0.88349677699023,2.97768034138804,0.318786284448712,3.59958954259959,2.63998802780427,1.03275331724728,-0.0731518024519577,8.53323126101314,12.2245150013774,1.14376324018885,0.21690209829158,0.175028337947604,0.0146319812018681,0.967910015219172,3.17666725134425,0.648499710196846,0.319439188306947,0.580746009131503,0.241977503804793,0.194341669080518,0.436168864116479,-0.157823717876167,5.72585580236929e-05,1.00065104562107,1.00124490777504,0.99940687623042,0.539201427747724,0.056830367674039,0.403968204578238,1.05379288850895,1.05052407057252,0.733413628571384,0.286908633615982,-0.0203222621873657,-0.000126352891643663,0.963151065839432,0.0206662428360997,1.00010630520281,-0.157724953112997,0.67,0.1,1.025,0.5,0.6,0.25,0.4,0.005,0.975,0.8,0.1,1.20270399302477,0.808916374606762,0.481081597209909,0.257467649792317,0.324606592157421,0.536928639020084,-1.28719565693351,1.91533861763154,6.53513815662929
162,-0.00374253013006035,0.74952864903878,0.105397287051887,-0.00392054284567733,-0.00392054258408669,-0.00347988298049606,0.0254254141735483,0.0143220943821764,0.0127967820077797,5.86901270444189,8.24421008792757,0.882693854158697,2.97513296717645,0.318502752805955,3.59763164958075,2.64171949318411,1.0290239025413,-0.0731117461446583,8.53333093840415,12.2110930613329,1.14270784425957,0.216963476113267,0.174888429896539,0.0146229834395718,0.967596836609209,3.17474888231914,0.64828988052817,0.319285581887138,0.580558101965526,0.241899209152302,0.194364735335117,0.436127554319227,-0.157675334703914,6.02520268443686e-05,1.00067965038992,1.00123875721929,0.999441584911354,0.539105082603752,0.0568202131423189,0.40407470425393,1.05378853337084,1.05051948716974,0.734294044109012,0.28602814372611,-0.0203221878351221,-0.000123095906453054,0.963151065839432,0.0206662428360997,1.00014510322061,-0.157724953112997,0.67,0.1,1.025,0.5,0.6,0.25,0.4,0.005,0.975,0.8,0.1,1.20252971349682,0.808984311950524,0.481011885398729,0.257355307748412,0.324405084537264,0.536939021000735,-1.28672073020095,1.90876312568109,6.53770074041555
163,-0.00374844562173946,0.749849132659272,0.105397287030242,-0.00392054279418286,-0.0039205425896226,-0.00349463872161371,0.0254320999233837,0.0143262443813094,0.0128006035748808,5.86739025576064,8.2372662607857,0.881916656714308,2.97266917884915,0.318228496960019,3.59573961968453,2.64340897231694,1.02540362450354,-0.0730729771359463,8.53343545048401,12.1980925305159,1.14168645245134,0.217023185472529,0.174752856844083,0.0146142759129586,0.96729389614722,3.17289280968452,0.648086910418637,0.319136960481754,0.580376337688332,0.241823474036805,0.194386963066097,0.436087519952071,-0.157529527688321,6.30577679649934e-05,1.00070735734734,1.00123281215015,0.999475192186633,0.539011955170546,0.056810397751842,0.404177647077613,1.05378431058231,1.05051504285883,0.735150275578021,0.285171823590579,-0.0203220991685996,-0.000119914368874722,0.963151065839432,0.0206662428360997,1.00018292107813,-0.157724953112997,0.67,0.1,1.025,0.5,0.6,0.25,0.4,0.005,0.975,0.8,0.1,1.20236092020182,0.809049810062359,0.480944368080726,0.257246498727159,0.324209611990499,0.536949994740443,-1.28626061474067,1.90237640309684,6.54021564881181
164,-0.00375416354922097,0.750159021736507,0.105397287013316,-0.00392054275391496,-0.00392054259395158,-0.00350889426302281,0.0254385817948778,0.0143302680801906,0.0128043089094398,5.86581419098519,8.23054491687826,0.881164350988518,2.97028619430435,0.317963208794221,3.59391118103238,2.64505728985658,1.02188934482511,-0.0730354536493116,8.53354436605704,12.1855000888248,1.14069795532782,0.217081268480792,0.174621484967589,0.0146058491943925,0.967000854686303,3.17109698127088,0.647890572639823,0.31899317112209,0.580200512811782,0.241750213671576,0.194408383265518,0.436048720489303,-0.157386313050283,6.56677227680407e-05,1.00073419250909,1.00122706563303,0.999507730922527,0.53892193693316,0.0568009100647166,0.404277153002123,1.05378021623719,1.05051073354366,0.735982932415592,0.284339064976707,-0.0203219973922989,-0.000116800472903876,0.963151065839432,0.0206662428360997,1.00021977823086,-0.157724953112997,0.67,0.1,1.025,0.5,0.6,0.25,0.4,0.005,0.975,0.8,0.1,1.20219743944136,0.809112954226214,0.480878975776544,0.257141112312307,0.324019998074873,0.536961504919997,-1.28581484990466,1.89617322063446,6.54268308316371
165,-0.00375969057523534,0.750458666504152,0.10539728700008,-0.00392054272242603,-0.00392054259733676,-0.0035226669617433,0.025444865953722,0.0143341692846548,0.0128079015100657,5.86428321749851,8.22403875274284,0.880436119786609,2.96798130481842,0.317706588436861,3.59214415803884,2.64666527361615,1.01847801991939,-0.0729991354967103,8.53365723136833,12.1733027331202,1.13974126679756,0.217137766223025,0.174494183901034,0.0145976940708013,0.96671738573384,3.16935939121559,0.647700648441673,0.318854031643947,0.580030431440304,0.24167934643346,0.194429025969365,0.436011120180201,-0.157245664617062,6.81310055370858e-05,1.00076018744819,1.00122151097189,0.999539239300555,0.53883492310478,0.0567917390361406,0.40437333785908,1.05377624645573,1.05050655515301,0.736792611091036,0.283529272520778,-0.0203218836118144,-0.000113767543964781,0.963151065839432,0.0206662428360997,1.00025569845438,-0.157724953112997,0.67,0.1,1.025,0.5,0.6,0.25,0.4,0.005,0.975,0.8,0.1,1.20203910449903,0.809173833180475,0.480815641799612,0.257039039806684,0.323836070044596,0.536973499223867,-1.28538299294297,1.89014849678061,6.54510331375628
166,-0.00376503313360401,0.750748405618008,0.10539728698973,-0.00392054269780195,-0.00392054259998398,-0.0035359735461522,0.0254509583161603,0.0143379516468665,0.0128113847341607,5.8627961053864,8.21774076841378,0.87973118001082,2.96575190839513,0.317458347733568,3.59043644470425,2.64823373635226,1.01516669201548,-0.0729639836634861,8.53377364103282,12.1614879534437,1.13881534577484,0.217192718873409,0.174370827795836,0.0145898016939385,0.966443171430459,3.1676781158534,0.647516924858407,0.318719401255844,0.579865902858275,0.241610792857615,0.19444891957925,0.435974681681925,-0.157107574007431,7.0435325225161e-05,1.00078536630871,1.00121614170073,0.999569747855559,0.538750812494185,0.0567828740003997,0.404466313505416,1.05377239751816,1.05050250378445,0.737579895129153,0.28274186373973,-0.0203217588688824,-0.000110806371407587,0.963151065839432,0.0206662428360997,1.00029070272939,-0.157724953112997,0.67,0.1,1.025,0.5,0.6,0.25,0.4,0.005,0.975,0.8,0.1,1.20188575096654,0.809232527489935,0.480754300386616,0.256940176959619,0.323657660929686,0.536985928422691,-1.28496461209365,1.88429728266338,6.54747663260415
167,-0.00377019743737801,0.751028566538713,0.105397286981636,-0.00392054267854636,-0.0039205426020541,-0.00354883014047347,0.0254568646264637,0.0143416187135895,0.0128147618424452,5.8613516555221,8.21164419993888,0.879048774982689,2.96359549327816,0.317218208436987,3.58878601123348,2.64976348171029,1.0119524899475,-0.0729299604243135,8.53389321122236,12.1500436492683,1.13791918650615,0.217246165676378,0.174251294754626,0.0145821635107872,0.966177906027365,3.16605129764023,0.647339197038335,0.318589132167434,0.579706743616419,0.241544476506841,0.194468091686409,0.43593936838748,-0.156972030023165,7.25891423084092e-05,1.00080975464001,1.00121095157544,0.999599288307035,0.538669507378221,0.0567743046573989,0.40455618796438,1.05376866581284,1.05049857564864,0.738345355063414,0.281976269072407,-0.0203216241358205,-0.000107915731010406,0.963151065839432,0.0206662428360997,1.00032481175432,-0.157724953112997,0.67,0.1,1.025,0.5,0.6,0.25,0.4,0.005,0.975,0.8,0.1,1.20173722137907,0.809289114041848,0.480694888551627,0.256844422820894,0.323484608591883,0.536998746130924,-1.28455928900239,1.87861476487284,6.54980336611139
168,-0.00377518948666943,0.751299465901807,0.105397286975307,-0.00392054266348874,-0.00392054260367281,-0.00356125228820192,0.0254625904618164,0.0143451739291413,0.012818036001658,5.85994869867952,8.20574251080505,0.878388173481173,2.96150963327309,0.316985901861949,3.58719090032905,2.6512553040417,1.00883262558548,-0.0728970292981266,8.53401557884898,12.1389581149078,1.13705181729845,0.217298144968868,0.174135466699181,0.0145747712534497,0.9659212941422,3.16447714256041,0.647167267075274,0.318463081415572,0.57955277648532,0.24148032353555,0.194486568841114,0.435905145620254,-0.15683901871668,7.46006579981858e-05,1.00083337718801,1.0012059345659,0.999627891360788,0.53859091337905,0.0567660210597043,0.404643065561246,1.05376504783307,1.05049476706609,0.739089548816299,0.281231931507294,-0.0203214803235935,-0.000105094388420096,0.963151065839432,0.0206662428360997,1.00035804593644,-0.157724953112997,0.67,0.1,1.025,0.5,0.6,0.25,0.4,0.005,0.975,0.8,0.1,1.20159336334702,0.809343668435551,0.480637345338806,0.256751679638079,0.32331675558111,0.537011908674309,-1.28416661829189,1.87309626012105,6.55208387264556
169,-0.00378001507618871,0.751561409875566,0.105397286970357,-0.00392054265171393,-0.00392054260493868,-0.00357325497451733,0.0254681412368578,0.0143486206381363,0.01282121028706,5.85858609498999,8.20002938383612,0.877748668834112,2.95949198542566,0.316761168537789,3.58564922440698,2.65270998821207,1.00580439119991,-0.0728651550050004,8.53414040081274,12.1282200257406,1.13621229929615,0.217348694201247,0.174023229244968,0.0145676169292504,0.965673050374837,3.16295391782898,0.647000943751141,0.318341110866697,0.579403830224902,0.241418262593709,0.194504376590572,0.435871979785054,-0.156708523646901,7.64776324398349e-05,1.00085625792138,1.00120108484843,0.999655586742497,0.538514939345995,0.0567580136000744,0.404727047053931,1.05376154017429,1.05049107446415,0.739813021908513,0.28050830637673,-0.0203213282852429,-0.000102341093474701,0.963151065839432,0.0206662428360997,1.00039042538153,-0.157724953112997,0.67,0.1,1.025,0.5,0.6,0.25,0.4,0.005,0.975,0.8,0.1,1.2014540293662,0.809396263573307,0.48058161174648,0.256661852754327,0.323153948999655,0.537025374961622,-1.28378620714987,1.86773721156448,6.55431854016564
170,-0.00378467980249969,0.751814694507015,0.105397286966487,-0.00392054264250619,-0.00392054260592856,-0.003584852647736,0.0254735222081409,0.0143519620881803,0.0128242876848962,5.85726273339151,8.19449871339713,0.877129578044199,2.95754028702113,0.316543757873991,3.58415916293992,2.65412830942226,1.00286515694243,-0.0728343034247741,8.53426735325219,12.1178184249633,1.13539972530461,0.217397849957457,0.173914471580261,0.0145606928111989,0.965432898956985,3.16147994968444,0.64684004230118,0.318223087046096,0.579259739374191,0.241358224739246,0.194521539519026,0.435839838323527,-0.156580526118711,7.82274071254362e-05,1.00087842005595,1.00119639679849,0.999682403229219,0.538441497241799,0.0567502729994588,0.404808229758743,1.05375813953125,1.05048749437408,0.740516307664617,0.2798048611545,-0.0203211688191175,-9.9654584400071e-05,0.963151065839432,0.0206662428360997,1.00042196988501,-0.157724953112997,0.67,0.1,1.025,0.5,0.6,0.25,0.4,0.005,0.975,0.8,0.1,1.20131907665858,0.809446969737927,0.480527630663431,0.256574850509315,0.322996040370493,0.537039106361602,-1.28341767493292,1.86253318527579,6.55650778395504
171,-0.003789189071004,0.752059606056503,0.10539728696346,-0.00392054263530583,-0.0039205426067026,-0.00359605923984974,0.0254787384784899,0.0143552014325084,0.0128272710948055,5.85597753107106,8.18914459789719,0.876530240948555,2.95565235268874,0.316333427838932,3.58271895991035,2.65551103304292,1.00001236842473,-0.0728044415573026,8.53439613080225,12.1077427108549,1.13461321865898,0.217445647974379,0.173809086349589,0.0145539914287989,0.96520057341488,3.16005362126599,0.64668438418797,0.3181088809714,0.579120344048928,0.24130014335372,0.194538081286119,0.435808689682603,-0.15645500540457,7.98569286007973e-05,1.00089988607834,1.00119186498364,0.999708368679859,0.5383705020331,0.0567427902954449,0.404886707671455,1.05375484269522,1.05048402342817,0.741199927417594,0.279121075254369,-0.0203210026719627,-9.70335916085945e-05,0.963151065839432,0.0206662428360997,1.00045269892461,-0.157724953112997,0.67,0.1,1.025,0.5,0.6,0.25,0.4,0.005,0.975,0.8,0.1,1.20118836701831,0.809495854688949,0.480475346807326,0.25649058414329,0.322842885509546,0.537053066584802,-1.28306065278477,1.85747986683574,6.55865204445717
172,-0.00379354810266576,0.752296421321219,0.105397286961094,-0.00392054262967523,-0.0039205426073079,-0.00360688818619415,0.0254837950012584,0.0143583417325635,0.0128301633321773,5.85472943290203,8.18396133257863,0.875950019410546,2.95382607161821,0.316129944651155,3.5813269213688,2.65685891446267,0.997243544390369,-0.0727755374842397,8.53452644586166,12.0979826245288,1.13385193213665,0.217492123160488,0.173706969541339,0.014547505559192,0.96497581624432,3.15867337057173,0.646533796883695,0.317998367992573,0.578985489746592,0.24124395406108,0.194554024663529,0.435778503283928,-0.156331938949521,8.13727707818239e-05,1.00092067776894,1.00118748415682,0.999733510064699,0.538301871584974,0.0567355568311354,0.404962571583891,1.05375164655133,1.05048065835697,0.741864390712322,0.278456439829549,-0.0203208305418714,-9.44768411339236e-05,0.963151065839432,0.0206662428360997,1.00048263165432,-0.157724953112997,0.67,0.1,1.025,0.5,0.6,0.25,0.4,0.005,0.975,0.8,0.1,1.20106176666271,0.809542983755236,0.480424706665085,0.256408967704159,0.322694344401733,0.537067221570213,-1.28271478326801,1.85257305803914,6.56075178521105
173,-0.00379776194048718,0.75252540794802,0.105397286959243,-0.00392054262527219,-0.0039205426077813,-0.00361735244428973,0.0254886965844872,0.0143613859605166,0.012832967130456,5.85351741087869,8.17894340258106,0.875388296542503,2.95205940488386,0.315933082482659,3.57998141309239,2.65817269894972,0.994556274474943,-0.0727475603322671,8.53465802787225,12.0885282381529,1.13311504691152,0.217537309613861,0.173608020379345,0.0145412282186247,0.964758378597566,3.15733768849465,0.64638811366037,0.317891427638133,0.57885502715854,0.241189594649392,0.194569391570008,0.435749249494083,-0.156211302560801,8.2781155925999e-05,1.00094081622413,1.00118324924981,0.999757853493995,0.538235526559362,0.0567285642444363,0.405035909196202,1.05374854807594,1.05047739598654,0.742510195507909,0.277810457573184,-0.0203206530810936,-9.19830577154419e-05,0.963151065839432,0.0206662428360997,1.00051178689952,-0.157724953112997,0.67,0.1,1.025,0.5,0.6,0.25,0.4,0.005,0.975,0.8,0.1,1.2009391460879,0.809588419923863,0.480375658435158,0.256329917957528,0.322550281080708,0.537081539376512,-1.28237972000855,1.84780867370941,6.56280749088368
174,-0.00380183545574499,0.752746824735917,0.105397286957796,-0.00392054262182917,-0.00392054260815144,-0.00362746451189588,0.0254934478949648,0.0143643370017302,0.0128356851433928,5.85234046354948,8.17408547626859,0.874844475958061,2.95035038287182,0.315742623173684,3.57868085833941,2.65945312152706,0.991948217050038,-0.0727204802376949,8.53479062261127,12.0793699436167,1.13240177154827,0.217581240639593,0.173512141218313,0.0145351526542236,0.964548019981676,3.15604511693356,0.646247173387723,0.317787943467324,0.578728811989005,0.241137004995419,0.194584203104868,0.435720899595617,-0.156093070583157,8.40879743526281e-05,1.00096032187788,1.00117915536698,0.999781424245678,0.538171390317241,0.0567218044577421,0.405106805225017,1.0537455443341,1.05047423323575,0.74313782837883,0.277182642519878,-0.020320470898708,-8.9550967550802e-05,0.963151065839432,0.0206662428360997,1.00054018315324,-0.157724953112997,0.67,0.1,1.025,0.5,0.6,0.25,0.4,0.005,0.975,0.8,0.1,1.2008203799291,0.809632223925482,0.480328151971641,0.256253354299621,0.322410563512177,0.537095990077821,-1.28205512735181,1.8431827386166,6.56481966539631
175,-0.00380577335399732,0.752960921928558,0.105397286956664,-0.00392054261913666,-0.00392054260844088,-0.00363723644431335,0.0254980534621887,0.0143671976571633,0.0128383199472457,5.85119761545063,8.16938239881003,0.874317981052908,2.94869710280602,0.315558355958517,3.57742373569553,2.66070090686109,0.989417097146805,-0.0726942683123647,8.53492399149837,12.0704984416262,1.13171134103513,0.217623948766671,0.173419237442916,0.0145292723360703,0.964344507967826,3.1547942469757,0.646110820338444,0.317687802927989,0.578606704780696,0.241086126991957,0.194598479580021,0.435693425758878,-0.155977216060868,8.52988030028743e-05,1.00097921452267,1.00117519777923,0.999804246792174,0.538109388824382,0.0567152696679985,0.40517534150762,1.05374263247705,1.05047116711373,0.743747764714804,0.276572519848353,-0.0203202845631571,-8.71793007796001e-05,0.963151065839432,0.0206662428360997,1.00056783857339,-0.157724953112997,0.67,0.1,1.025,0.5,0.6,0.25,0.4,0.005,0.975,0.8,0.1,1.20070534682551,0.809674454316336,0.480282138730205,0.256179198672989,0.322275063480659,0.537110545663792,-1.28174068003034,1.83869138449415,6.56678883014171
176,-0.00380958018087019,0.753167941497053,0.105397286955779,-0.00392054261703123,-0.00392054260866725,-0.00364667987097311,0.0255025176822306,0.0143699706457194,0.0128408740429273,5.85008791654139,8.16482918600108,0.873808254312757,2.94709772636901,0.315380077201858,3.57620857700777,2.66191676916329,0.986960704455278,-0.0726688966107943,8.53505791091838,12.0619047312099,1.13104301585338,0.217665465764341,0.173329217370422,0.0145235809495624,0.964147617911232,3.15358371714848,0.645978904000525,0.317590897219901,0.578488570746739,0.241036904477808,0.194612240550639,0.435666801014621,-0.155863710887446,8.64189228847684e-05,1.0009975133298,1.00117137191823,0.999826344826369,0.538049450560556,0.0567089523371301,0.405241597102314,1.05373980973975,1.05046819471735,0.744340468919363,0.275979625685288,-0.0203200946046506,-8.48667936874702e-05,0.963151065839432,0.0206662428360997,1.00059477098091,-0.157724953112997,0.67,0.1,1.025,0.5,0.6,0.25,0.4,0.005,0.975,0.8,0.1,1.20059392928945,0.809715167557053,0.480237571715779,0.25610737548493,0.322143656479608,0.537125179943918,-1.28143606284214,1.83433084714989,6.56871552228933
177,-0.00381326032763226,0.753368117413442,0.105397286955087,-0.00392054261538477,-0.00392054260884422,-0.00365580601134285,0.0255068448215052,0.0143726586065384,0.0128433498581021,5.84901044164215,8.16042101831952,0.873314756647472,2.94555047741343,0.315207590145294,3.57503396540226,2.66310141210504,0.984576891395727,-0.0726443380985063,8.53519217156071,12.0535800996164,1.13039608108231,0.217705822658025,0.173241992156711,0.0145180723880509,0.963957132681236,3.1524122117374,0.645851278896428,0.317497121163316,0.578374279608742,0.240989283170309,0.194625504844506,0.435640999227398,-0.15575252594389,8.74533354929948e-05,1.00101523686903,1.00116767337073,0.999847741286745,0.537991506432048,0.0567028451828181,0.405305648385134,1.05373707343859,1.05046531322867,0.744916394607035,0.275403506910405,-0.0203199015174402,-8.26121906688009e-05,0.963151065839432,0.0206662428360997,1.00062099785869,-0.157724953112997,0.67,0.1,1.025,0.5,0.6,0.25,0.4,0.005,0.975,0.8,0.1,1.20048601357985,0.809754418088425,0.48019440543194,0.256037811528549,0.322016221604779,0.537139868455902,-1.28114097033915,1.83009746366709,6.57060029317547
178,-0.00381681803656644,0.753561675915124,0.105397286954546,-0.00392054261409724,-0.00392054260898267,-0.00366462569018444,0.025511039020445,0.014375264101232,0.0128457497492321,5.84796428987656,8.15615323520311,0.872836966750218,2.94405363976065,0.315040704663479,3.57389853338212,2.66425552874499,0.982263571258617,-0.0726205666214908,8.53532657777623,12.0455161125888,1.12976984553795,0.217745049744797,0.173157475705556,0.0145127407457432,0.963772842401212,3.15127845916771,0.645727804408812,0.317406373072537,0.578263705440727,0.240943210600303,0.194638290590119,0.435615995069719,-0.155643631226322,8.8406778253201e-05,1.00103240312764,1.00116409787325,0.99986845838171,0.537935489687359,0.0566969411696126,0.405367569143029,1.053734420969,1.05046251991261,0.745475984799097,0.274843720962875,-0.0203197057619715,-8.04142459772834e-05,0.963151065839432,0.0206662428360997,1.00064653635132,-0.157724953112997,0.67,0.1,1.025,0.5,0.6,0.25,0.4,0.005,0.975,0.8,0.1,1.20038148957991,0.809792258404244,0.480152595831966,0.255970435906363,0.321892641450731,0.537154588377957,-1.28085510652579,1.82598766969158,6.57244370677552
179,-0.00382025740614594,0.753748835760552,0.105397286954122,-0.00392054261309038,-0.00392054260909092,-0.00367314935219143,0.025515104297081,0.014377789616064,0.0128480760035728,5.84694858411828,8.15202132954164,0.872374380480655,2.94260555508277,0.31487923702959,3.57280096100208,2.66537980146893,0.980018716409901,-0.0725975568767525,8.53546094695208,12.0377046049997,1.12916364094435,0.217783176608477,0.173075584581026,0.0145075803108614,0.96359454419789,3.1501812304471,0.645608344612586,0.317318554634259,0.578156726518734,0.240898636049473,0.194650615243614,0.435591763996959,-0.155536995963748,8.92837390642745e-05,1.0010490295289,1.00116064130682,0.999888517613135,0.537881335835952,0.0566912335003686,0.405427430663679,1.05373184980328,1.05045981211459,0.746019672117821,0.274299835649096,-0.0203195077669173,-7.8271725270044e-05,0.963151065839432,0.0206662428360997,1.0006714032654,-0.157724953112997,0.67,0.1,1.025,0.5,0.6,0.25,0.4,0.005,0.975,0.8,0.1,1.20028025067873,0.809828739121393,0.480112100271492,0.255905179956387,0.321772802010389,0.537169318444904,-1.28057818456676,1.82199799680128,6.57424633825526
180,-0.00382358239602282,0.753929808476466,0.105397286953792,-0.00392054261230312,-0.00392054260917551,-0.00368138707603538,0.0255190445505321,0.0143802375640762,0.0128503308411195,5.84596247044363,8.14802094237454,0.871926510271206,2.94120462086479,0.314723009689708,3.5717399741163,2.6664749019416,0.977840356558599,-0.0725752843838977,8.53559510890501,12.0301376718308,1.12857682113606,0.217820232134351,0.172996237922899,0.0145025855590466,0.963422041959764,3.14911933766711,0.645492768113042,0.3172335707905,0.578053225175859,0.240855510489941,0.194662495614564,0.435568282223012,-0.15543258872667,9.00884699892416e-05,1.0010651329499,1.001157299692,0.999907939799146,0.537828982569952,0.056685715607991,0.405485301822057,1.05372935748834,1.0504571872582,0.746547878979177,0.273771428951921,-0.0203193079310976,-7.61834069622764e-05,0.963151065839432,0.0206662428360997,1.00069561507051,-0.157724953112997,0.67,0.1,1.025,0.5,0.6,0.25,0.4,0.005,0.975,0.8,0.1,1.20018219365686,0.809863909047259,0.480072877462744,0.255841977180617,0.321656592577545,0.537184038867921,-1.28030992650407,1.81812506995459,6.5760087725985
181,-0.00382679683183607,0.75410479859696,0.105397286953533,-0.00392054261168739,-0.00392054260924168,-0.00368934858784797,0.0255228635644039,0.0143826102871602,0.0128525164165044,5.8450051175903,8.14414785778526,0.871492884555416,2.93984928844342,0.314571851045722,3.5707143426963,2.66754149107022,0.975726577083806,-0.0725537254577201,8.53572890529335,12.0228076594843,1.12800876129042,0.217856244523546,0.172919357364975,0.0144977511469994,0.963255146104228,3.14809163256096,0.645380947889833,0.317151329625932,0.577953087662537,0.240813786526057,0.194673947890711,0.435545526696664,-0.155330377527187,9.08250001419475e-05,1.00108072973894,1.001154069184,0.999926745096158,0.537778369688656,0.0566803811474783,0.405541249163866,1.05372694164362,1.05045464284303,0.747061017783901,0.27325808884139,-0.0203191066252917,-7.41480834229766e-05,0.963151065839432,0.0206662428360997,1.00071918790072,-0.157724953112997,0.67,0.1,1.025,0.5,0.6,0.25,0.4,0.005,0.975,0.8,0.1,1.2000872185757,0.809897815244635,0.480034887430279,0.255780763175839,0.321543905652222,0.537198731257834,-1.28005006298282,1.81436560501438,6.57773160330814
182,-0.00382990440984634,0.754274003894643,0.10539728695333,-0.003920542611206,-0.00392054260929342,-0.00369704327416442,0.0255265650100991,0.0143849100580765,0.0128546348208466,5.84407571642308,8.14039799798499,0.871073047217542,2.93853806111959,0.314425595246435,3.56972287921601,2.66858021897937,0.97367551741839,-0.0725328571817448,8.53586218904786,12.0157071574112,1.12745885718858,0.217891241307092,0.172844866956162,0.0144930719063484,0.963093673353115,3.14709700511538,0.645272761146587,0.317071742259444,0.577856204011869,0.240773418338279,0.194684987661675,0.435523475078684,-0.155230329911241,9.14971477932547e-05,1.00109583573221,1.0011509460681,0.999944953020207,0.537729439025764,0.0566752239882519,0.405595336985984,1.05372459995897,1.0504521764425,0.74755949110691,0.272759413087037,-0.0203189041939472,-7.21645620032507e-05,0.963151065839432,0.0206662428360997,1.00074213755656,-0.157724953112997,0.67,0.1,1.025,0.5,0.6,0.25,0.4,0.005,0.975,0.8,0.1,1.19999522867051,0.809930503094172,0.479998091468204,0.25572147556669,0.321434636848811,0.53721337855179,-1.2797983329855,1.81071640634453,6.57941543117786
183,-0.00383290870140392,0.754437615604162,0.105397286953172,-0.00392054261082952,-0.00392054260933394,-0.00370448019435154,0.0255301524500392,0.0143871390824217,0.0128566880835529,5.84317347940712,8.136767418578,0.870666557062541,2.93726949234158,0.314284081986508,3.56876443710084,2.66959172499666,0.971685369486871,-0.0725126573826939,8.53599482382176,12.0088289900444,1.12692652450409,0.217925249359677,0.172772693084233,0.0144885428377366,0.962937446516323,3.14613438223453,0.645168089165936,0.316994722739704,0.577762467909794,0.240734361629081,0.194695629941697,0.435502105719607,-0.15513241304349,9.21085318492069e-05,1.00111046627008,1.00114792675509,0.999962582467582,0.537682134379222,0.056670238206761,0.405647627414017,1.05372233019269,1.0504497857017,0.748043691884971,0.27227500907182,-0.020318700956791,-7.02316659585268e-05,0.963151065839432,0.0206662428360997,1.00076447950746,-0.157724953112997,0.67,0.1,1.025,0.5,0.6,0.25,0.4,0.005,0.975,0.8,0.1,1.19990613024703,0.809962016354538,0.479962452098812,0.255664053940893,0.321328684806883,0.537227964943219,-1.27955448357446,1.807174364476,6.58106086313181
184,-0.00383581315725646,0.754595818638329,0.105397286953048,-0.00392054261053509,-0.00392054260936558,-0.00371166809254531,0.0255336293408026,0.0143892995005437,0.0128586781740743,5.84229764008893,8.13325230400114,0.870272987305576,2.93604218395593,0.314147156312951,3.56783790923818,2.67057663764897,0.96975437619505,-0.0724931046058382,8.53612668345956,12.0021662090227,1.12641119811781,0.21795829491312,0.17270276440217,0.0144841591051193,0.962786294283221,3.14520272645369,0.645066817169758,0.316920187944633,0.577671776569933,0.240696573570805,0.194705889191454,0.43548139763819,-0.155036593785437,9.26625825687948e-05,1.00112463621282,1.00114500777696,0.999979651734783,0.537636401443571,0.0566654180793524,0.405698180477077,1.05372013016951,1.05044746833541,0.748514003602601,0.271804493607746,-0.0203184972103476,-6.83482351949841e-05,0.963151065839432,0.0206662428360997,1.00078622889453,-0.157724953112997,0.67,0.1,1.025,0.5,0.6,0.25,0.4,0.005,0.975,0.8,0.1,1.19981983258152,0.809992397220331,0.47992793303261,0.255608439786612,0.321225951104608,0.537242475814939,-1.27931826964236,1.80373645383986,6.58266851112947
185,-0.00383862111170253,0.754748791797111,0.105397286952952,-0.00392054261030483,-0.00392054260939034,-0.00371861540911722,0.0255369990361769,0.014391393389408,0.0128606070036147,5.84144745258552,8.12984896313052,0.869891925080284,2.93485478452337,0.314014668438826,3.56694222654665,2.67153557466871,0.967880829969141,-0.0724741780912014,8.53625765148481,11.9957120856961,1.12591233145817,0.217990403569576,0.172635011756967,0.0144799160302643,0.962640051021543,3.14430103470093,0.644968834184434,0.316848057484551,0.577584030612926,0.240660012755386,0.194715779338997,0.435461330500547,-0.154942838767205,9.31625517529047e-05,1.00113835995575,1.00114218578274,0.999996178537827,0.537592187744716,0.0566607580753948,0.40574705417989,1.05371799777868,1.05044522212602,0.748970800476126,0.271347492753243,-0.020318293229369,-6.65131269535401e-05,0.963151065839432,0.0206662428360997,1.00080740053372,-0.157724953112997,0.67,0.1,1.025,0.5,0.6,0.25,0.4,0.005,0.975,0.8,0.1,1.19973624782417,0.810021686377878,0.47989449912967,0.255554576431836,0.321126340174693,0.537256897675291,-1.27908945367029,1.80039973056445,6.58423899113332
186,-0.00384133578659691,0.754896707969709,0.105397286952876,-0.00392054261012487,-0.00392054260940966,-0.00372533029169264,0.0255402647901301,0.0143934227644131,0.0128624764267959,5.84062219108231,8.12655382504922,0.869522970965086,2.93370598769717,0.313886473563883,3.5660763566014,2.67246914300971,0.966063071342272,-0.0724558577505853,8.53638762060666,11.9894601038985,1.12542939586583,0.218021600314484,0.172569368120823,0.0144758090874464,0.96249855658348,3.14342833710482,0.644874032910932,0.316778253608932,0.577499133950088,0.24062463914587,0.194725313799845,0.435441884599908,-0.15485111445351,9.36115222630525e-05,1.00115165144402,1.00113945753447,1.00001218003093,0.537549442577013,0.056656252850648,0.405794304572339,1.05371593097216,1.05044304492168,0.74941444763586,0.270903641632321,-0.0203180892681814,-6.47252163383397e-05,0.963151065839432,0.0206662428360997,1.00082800891926,-0.157724953112997,0.67,0.1,1.025,0.5,0.6,0.25,0.4,0.005,0.975,0.8,0.1,1.19965529090572,0.810049923058983,0.479862116362286,0.255502408985751,0.321029759222752,0.537271218097193,-1.27886780549336,1.7971613303345,6.58577292213647
187,-0.00384396029521315,0.755039734329953,0.105397286952817,-0.00392054260998409,-0.00392054260942487,-0.00373182060573862,0.0255434297597008,0.0143953895811594,0.0128642882432785,5.8398211493395,8.12336343496875,0.869165738526752,2.9325945306614,0.313762431701853,3.5652393023133,2.67337793887235,0.964299487586334,-0.0724381241453842,8.53651649224485,11.9834039529786,1.12496187998155,0.218051909529279,0.172505768524628,0.0144718338983303,0.962361656118713,3.14258369584622,0.644782309599538,0.316710701116522,0.577416993671228,0.240590414029678,0.194734505496275,0.435423040837025,-0.154761387204156,9.40124170753742e-05,1.00116452418688,1.00113681990331,1.00002767282455,0.537508116942599,0.0566518972408673,0.405839985816533,1.05371392776275,1.05044093463432,0.749845301306354,0.270472584255599,-0.0203178855619528,-6.29833968006591e-05,0.963151065839432,0.0206662428360997,1.00084806822739,-0.157724953112997,0.67,0.1,1.025,0.5,0.6,0.25,0.4,0.005,0.975,0.8,0.1,1.19957687944719,0.810077145092721,0.479830751778876,0.25545188428201,0.320936118148054,0.537285425659987,-1.2786531020735,1.79401846630962,6.58727092524808
188,-0.00384649764596899,0.755178032525241,0.105397286952771,-0.00392054260987396,-0.00392054260943664,-0.00373809394474067,0.0255464970078095,0.0143972957371687,0.0128660441993388,5.83904364020773,8.12027445029917,0.868819853880623,2.93151919262668,0.31364240751412,3.56443010065954,2.67426254773741,0.962588511387294,-0.0724209584651615,8.53664417607315,11.9775375210789,1.12450928915661,0.218081355003867,0.172444149993652,0.014467986227034,0.962229199894114,3.1417662040526,0.644693563929056,0.316645327268776,0.577337519936468,0.240557299973528,0.194743366875852,0.435404780701183,-0.154673623329524,9.4368007756732e-05,1.0011769912714,1.0011342698658,1.0000426730029,0.537468163492866,0.0566476862556362,0.405884150251497,1.05371198622234,1.05043888923787,0.75026370898467,0.270053973343216,-0.0203176823278863,-6.12865804995962e-05,0.963151065839432,0.0206662428360997,1.00086759232029,-0.157724953112997,0.67,0.1,1.025,0.5,0.6,0.25,0.4,0.005,0.975,0.8,0.1,1.19950093367272,0.810103388955358,0.479800373469089,0.255402950823864,0.320845329466552,0.537299509893987,-1.27844512727924,1.79096842710028,6.5887336228339
189,-0.00384895074601953,0.755311758859235,0.105397286952734,-0.00392054260978791,-0.00392054260944596,-0.00374415763998748,0.0255494695059931,0.0143991430735597,0.0128677459894047,5.8382889951524,8.11728363686093,0.868484955266712,2.93047879338113,0.313526270149513,3.56364782146354,2.67512354440834,0.960928619562151,-0.0724043425069588,8.53677058958041,11.9718548886511,1.12407114488463,0.218109959948875,0.172384451485361,0.0144642619753645,0.962101043119866,3.140974984733,0.64460769889031,0.316582061706416,0.577260625871919,0.240525260779966,0.194751909929217,0.435387086251807,-0.154587789141379,9.46809224817441e-05,1.00118906537589,1.00113180450025,1.00005719614079,0.537429536472009,0.0566436150724153,0.405926848455576,1.05371010448025,1.05043690676644,0.750670009616643,0.2696474701497,-0.0203174797663421,-5.96336985982302e-05,0.963151065839432,0.0206662428360997,1.00088659475026,-0.157724953112997,0.67,0.1,1.025,0.5,0.6,0.25,0.4,0.005,0.975,0.8,0.1,1.19942737632524,0.810128689818453,0.479770950530095,0.255355558731074,0.320757308236146,0.537313461227594,-1.27824367167234,1.7880085747989,6.59016163770972
190,-0.00385132240472347,0.755441064468507,0.105397286952706,-0.00392054260972063,-0.00392054260945318,-0.00375001876997771,0.0255523501370637,0.0144009333766754,0.012869395257549,5.83755656378768,8.11438786523392,0.868160692641197,2.92947219189442,0.313413893089988,3.56289156622196,2.67596149306139,0.959318331815877,-0.072388258655311,8.53689565764958,11.9663503222004,1.1236469842541,0.218137747007694,0.172326613829284,0.0144606571782228,0.961977045781766,3.14020918975224,0.644524620673784,0.316520836369018,0.57718622746906,0.240494261445442,0.194760146207185,0.435369940100647,-0.154503850999339,9.4953653604045e-05,1.0012007587828,1.00112942098325,1.00007125732003,0.537392191662565,0.056639679030803,0.405968129306632,1.05370828072148,1.0504349853126,0.751064533771079,0.269252744290814,-0.0203172780618936,-5.80237014977863e-05,0.963151065839432,0.0206662428360997,1.00090508876405,-0.157724953112997,0.67,0.1,1.025,0.5,0.6,0.25,0.4,0.005,0.975,0.8,0.1,1.19935613258499,0.810153081595239,0.479742453033994,0.255309659688547,0.320671971984085,0.537327270936907,-1.27804853230088,1.7851363430644,6.59155559238546
191,-0.00385361533698676,0.755566095493362,0.105397286952684,-0.00392054260966801,-0.00392054260945884,-0.00375568416946703,0.0255551416976941,0.0144026683796688,0.0128709935989431,5.83684571341938,8.11158410723738,0.867846727282563,2.92849828497261,0.31330515400195,3.56216046697699,2.67677694730323,0.957756209536698,-0.0723726898629431,8.53701931215375,11.9610182682488,1.12323635942074,0.218164738268312,0.172270579668844,0.0144571679991683,0.961857072479479,3.13946799884262,0.644444238561251,0.316461585417486,0.577114243487688,0.24046426811987,0.194768086837167,0.43535332539453,-0.154421775353317,9.51885647943849e-05,1.00121208339121,1.00112711658633,1.0000848711452,0.537356086332877,0.0566358736269975,0.406008040040125,1.05370651318518,1.05043312302566,0.751447603811874,0.268869473572446,-0.0203170773843208,-5.64555589947916e-05,0.963151065839432,0.0206662428360997,1.00092308730733,-0.157724953112997,0.67,0.1,1.025,0.5,0.6,0.25,0.4,0.005,0.975,0.8,0.1,1.19928712999081,0.810176596985339,0.479714851996325,0.255265206896654,0.320589240636472,0.537340931097696,-1.27785951249888,1.78234923525812,6.59291610835758
192,-0.00385583216648857,0.755686993242995,0.105397286952667,-0.00392054260962682,-0.00392054260946328,-0.00376116043817043,0.0255578469009316,0.0144043497640435,0.0128725425612706,5.83615582859736,8.10886943253625,0.867542731411923,2.92755600596201,0.313199934592999,3.56145368523182,2.67757045023572,0.956240854628228,-0.0723576196321235,8.53714149156907,11.955853347509,1.12283883709894,0.218190955274945,0.172216293405095,0.0144537907261384,0.961740992270505,3.13875061865177,0.644366464821238,0.316404245159334,0.577044595362303,0.240435248067626,0.194775742538952,0.435337225798657,-0.154341528782254,9.53878977583102e-05,1.00122305072895,1.00112488867268,1.00009805175896,0.537321179186397,0.0566321945084539,0.406046626305149,1.05370480016298,1.05043131811005,0.751819534067994,0.26849734382155,-0.0203168778895438,-5.49282603926986e-05,0.963151065839432,0.0206662428360997,1.00094060302929,-0.157724953112997,0.67,0.1,1.025,0.5,0.6,0.25,0.4,0.005,0.975,0.8,0.1,1.19922029836406,0.810199267517869,0.479688119345623,0.25522215502316,0.320509036449787,0.537354434539673,-1.27767642169194,1.77964482262946,6.59424380544782
193,-0.0038579754287938,0.755803894355207,0.105397286952653,-0.00392054260959462,-0.00392054260946673,-0.00376645394913355,0.0255604683786406,0.0144059791611525,0.0128740436461025,5.83548631067725,8.10624100536861,0.867248387826893,2.92664432349993,0.313098120473878,3.56077041090762,2.67834253452725,0.954770908377019,-0.0723430319966487,8.5372621406041,11.9508503492601,1.12245399807144,0.218216419039478,0.172163701142293,0.0144505217673176,0.961628678519671,3.13805628182519,0.644291214608179,0.316348753976605,0.576977207111802,0.240407169629918,0.194783123639883,0.435321625480418,-0.154263078029373,9.55537786084214e-05,1.00123367196431,1.00112273469406,1.00011081285681,0.537287430312775,0.0566286374687291,0.406083932218497,1.05370313999755,1.05042956882371,0.752180631001302,0.268136048719199,-0.0203166797205008,-5.34408145498078e-05,0.963151065839432,0.0206662428360997,1.00095764828739,-0.157724953112997,0.67,0.1,1.025,0.5,0.6,0.25,0.4,0.005,0.975,0.8,0.1,1.19915556973502,0.810221123593011,0.479662227894008,0.255180460156707,0.320431283944369,0.537367774802932,-1.27749907520903,1.77702074254969,6.595539301186
194,-0.00386004757435627,0.755916930950823,0.105397286952642,-0.00392054260956942,-0.00392054260946939,-0.00377157085678692,0.0255630086838787,0.0144075581536559,0.0128754983102346,5.83483657739134,8.10369608138968,0.866963389548535,2.92576224031064,0.31299960102543,3.56010986134017,2.67909372249047,0.95334505035414,-0.0723289115044392,8.53738120984507,11.9460042259183,1.12208143671668,0.21824115005271,0.172112750635221,0.0144473576471502,0.961520008753921,3.13738424612206,0.644218405865127,0.316295052256391,0.576912005252353,0.24038000218848,0.194790240089439,0.435306509093743,-0.15418639003424,9.56882238690499e-05,1.00124395791735,1.00112065218777,1.00012316770142,0.537254801140655,0.0566251984425065,0.406120000416838,1.05370153108105,1.05042787347653,0.752531193372206,0.267785289635768,-0.0203164830079737,-5.19922499007167e-05,0.963151065839432,0.0206662428360997,1.00097423515214,-0.157724953112997,0.67,0.1,1.025,0.5,0.6,0.25,0.4,0.005,0.975,0.8,0.1,1.19909287827187,0.810242194522107,0.479637151308746,0.255140079761823,0.32035590983981,0.537380946096496,-1.27732729409994,1.77447469679205,6.59680321023507
195,-0.00386205097141682,0.75602623078302,0.105397286952634,-0.00392054260954977,-0.0039205426094715,-0.00377651710469684,0.0255654702932031,0.014409088276937,0.0128769079669873,5.83420606242893,8.10123200462794,0.86668743948085,2.92490879204469,0.312904269270354,3.5594712803146,2.67982452616579,0.951961997349535,-0.0723152432007237,8.53749865541688,11.9413100877944,1.12172076055297,0.218265168295418,0.172063391238227,0.0144442950024904,0.961414864522215,3.13673379356312,0.644147959229884,0.316243082323794,0.576848918713329,0.240353716130554,0.194797101473257,0.435291861763933,-0.154111431961847,9.57931461363912e-05,1.0012539190709,1.00111863877373,1.00013512913649,0.537223254392133,0.0566218735007957,0.406154872107072,1.05369997185372,1.05042623042883,0.752871512403084,0.267444775468279,-0.0203162878713634,-5.05816144052397e-05,0.963151065839432,0.0206662428360997,1.00099037541199,-0.157724953112997,0.67,0.1,1.025,0.5,0.6,0.25,0.4,0.005,0.975,0.8,0.1,1.19903216021193,0.810262508566322,0.479612864084773,0.255100972635379,0.320282842992187,0.537393943258863,-1.27716090495853,1.77200444985703,6.59803614385629
196,-0.00386398790879994,0.756131917381711,0.105397286952628,-0.00392054260953434,-0.00392054260947317,-0.00378129843302566,0.0255678556089157,0.0144105710204812,0.0128782739874711,5.83359421502567,8.09884620454843,0.866420250082281,2.92408304615985,0.312812021749573,3.55885393713656,2.68053544741045,0.950620502337908,-0.0723020126117904,8.53761443865875,11.9367631980306,1.12137158979895,0.218288493249246,0.172015573855903,0.0144413305788868,0.961313131260345,3.1361042296093,0.644079797944431,0.316192788377283,0.576787878756207,0.240328282815086,0.194803717026619,0.435277669072982,-0.154038171228943,9.58703594496585e-05,1.00126356558117,1.00111669215166,1.00014670960005,0.53719275403879,0.0566186588462987,0.406188587114912,1.05369846080245,1.05042463808991,0.753201871939481,0.267114222479938,-0.0203160944194194,-4.92079755093735e-05,0.963151065839432,0.0206662428360997,1.00100608057822,-0.157724953112997,0.67,0.1,1.025,0.5,0.6,0.25,0.4,0.005,0.975,0.8,0.1,1.19897335379532,0.810282092973933,0.479589341518127,0.255063098864463,0.320212014333093,0.53740676172049,-1.27699973975129,1.76960782734099,6.59923870941287
197,-0.00386586059861285,0.756234110193159,0.105397286952623,-0.00392054260952224,-0.0039205426094745,-0.00378592038571202,0.0255701669612409,0.0144120078292139,0.0128795977018145,5.83300049956235,8.0965361932204,0.866161543048898,2.92328410084224,0.312722758403054,3.55825712573836,2.68122697799266,0.949319353474989,-0.0722892057292855,8.53772852581498,11.9323589677108,1.12103355694966,0.218311143907399,0.171969250895336,0.0144384612269943,0.961214698160487,3.13549488236989,0.644013847767526,0.316144116426309,0.576728818896292,0.240303674540122,0.194810095647419,0.435263917045364,-0.153966575527824,9.59215843380094e-05,1.00127290728797,1.00111481009839,1.0001579211375,0.537163265259268,0.0566155508089388,0.406221183931794,1.05369699645942,1.05042309491662,0.753522548609044,0.26679335414188,-0.0203159027509244,-4.78704200114158e-05,0.963151065839432,0.0206662428360997,1.00102136188998,-0.157724953112997,0.67,0.1,1.025,0.5,0.6,0.25,0.4,0.005,0.975,0.8,0.1,1.19891639920069,0.810300974016306,0.479566559680276,0.255026419785616,0.320143356810397,0.537419397468091,-1.27684363565128,1.76728271434717,6.60041150990994
198,-0.00386767117885052,0.756332924714969,0.105397286952619,-0.00392054260951291,-0.0039205426094755,-0.00379038831738432,0.0255724066104444,0.0144134001048029,0.0128808804003602,5.8324243951724,8.09429956258371,0.865911049008637,2.92251108396587,0.31263638245487,3.55768016381858,2.68189959969054,0.948057373123083,-0.0722768089950397,8.53784088773948,11.9280929511365,1.12070630636758,0.218333138785184,0.171924376219902,0.0144356838991096,0.961119458045313,3.13490510183913,0.64395003689036,0.316097014231118,0.576671674827188,0.240279864511328,0.194816245908639,0.435250592134277,-0.153896612847731,9.59484526279335e-05,1.00128195372473,1.00111299046526,1.00016877541405,0.537134754398319,0.056612545841544,0.406252699760137,1.0536955774008,1.05042159941193,0.753833811978187,0.266481900977151,-0.0203157129553381,-4.65680539568729e-05,0.963151065839432,0.0206662428360997,1.00103623031921,-0.157724953112997,0.67,0.1,1.025,0.5,0.6,0.25,0.4,0.005,0.975,0.8,0.1,1.19886123848324,0.810319177022589,0.479544495393296,0.254990897945386,0.320076805330696,0.537431847010725,-1.27669243487723,1.76502705393745,6.60155514356953
199,-0.00386942171590999,0.756428472626631,0.105397286952616,-0.00392054260950547,-0.00392054260947627,-0.00379470740001642,0.0255745767488901,0.014414749206923,0.0128821233348253,5.83186539535869,8.09213398181152,0.865668507226328,2.92176315208931,0.312552800302381,3.55712239201391,2.68255378439547,0.946833416904841,-0.0722648092864046,8.53795149961418,11.9239608412634,1.12038949388813,0.218354495930359,0.171880905104523,0.0144329956458262,0.961027307246489,3.13433425916011,0.643888295855147,0.316051431244676,0.576616384347893,0.240256826811622,0.194822176070349,0.435237681208322,-0.153828251494089,9.59525119497698e-05,1.00129071412807,1.00111123117551,1.00017928372689,0.537107188927276,0.0566096405156809,0.406283170557043,1.05369420224542,1.05042015012365,0.754135924706463,0.266179600406939,-0.0203155251134021,-4.53000024674323e-05,0.963151065839432,0.0206662428360997,1.00105069657569,-0.157724953112997,0.67,0.1,1.025,0.5,0.6,0.25,0.4,0.005,0.975,0.8,0.1,1.1988078155147,0.810336726413194,0.479523126205878,0.254956497062161,0.320012296703396,0.537444107347542,-1.27654598453751,1.76283884562387,6.60267020343841
200,-0.00387111420701745,0.756520861915732,0.105397286952613,-0.0039205426094997,-0.00392054260947694,-0.00379888262933803,0.0255766795030397,0.0144160564544854,0.0128833277194314,5.83132300761887,8.0900371947646,0.865433665318979,2.92103948948786,0.312471921409336,3.55658317310167,2.68318999421948,0.945646372784278,-0.0722531939020795,8.53806034068042,11.9199584652911,1.12008278643904,0.21837523293333,0.171838794192348,0.0144303936128029,0.960938145487411,3.13378174591493,0.643828557476565,0.31600731855662,0.576562887292446,0.240234536371853,0.194827894091253,0.43522517153861,-0.153761460105704,9.59352300231362e-05,1.0012991974471,1.00110953022195,1.00018945701687,0.537080537405895,0.0566068315176328,0.406312631076472,1.05369286965353,1.05041874564305,0.754429142698633,0.265886196599075,-0.0203153392977078,-4.40654095664301e-05,0.963151065839432,0.0206662428360997,1.00106477111204,-0.157724953112997,0.67,0.1,1.025,0.5,0.6,0.25,0.4,0.005,0.975,0.8,0.1,1.19875607592534,0.810353645732077,0.479502430370137,0.254923181989224,0.319949769586386,0.537456175937167,-1.27640413647906,1.76071614389857,6.60375727702758
