Time,n_A,psi_o_A,psi_y_A,n_y_A,n_m_A,n_o_A,mu_o_A,mu_m_A,mu_y_A,s_o_A,s_m_A,s_y_A,h_m_A,h_y_A,a_A,a_o_A,a_m_A,a_y_A,z_o_A,z_m_A,z_y_A,c_o_A,c_m_A,c_y_A,y_A,k_A,w_A,inv_A,b_A,gov_A,e_A,t_A,f_A,nx_A,tilde_R_A,g_A,q_A,tilde_s_m_A,tilde_s_y_A,tilde_s_o_A,Omega_m_A,Omega_y_A,eta_o_A,eta_m_A,eta_y_A,walras_A,gamma_A,phi_A,R_star,fy_target_A,alpha,delta,beta,sigma,b_y,g_y,repl,x,omega,nu,Lambda_A,w_indiv_A,t_indiv_A,e_indiv_A,c_y_indiv_A,c_m_indiv_A,c_o_indiv_A,a_y_indiv_A,a_m_indiv_A,a_o_indiv_A
0,0.0151473707256848,0.224588712641349,0.200736853628425,0.0151473707256848,0.0151473707256848,0.0151473707256848,0.092957895125511,0.0420134451497072,0.0353624695562488,0.580495437994831,2.14957166733253,0.39712634612665,3.0352258416788,0.560748062738874,3.22996808419071,0.830876781192095,2.55123097724839,-0.152139674249772,1.48169985584395,7.65979960196637,0.83527201584734,0.137735699807026,0.321814570434963,0.0295372812315882,1.11992548840025,2.95287685280335,0.75035007722817,0.347967056328846,0.671955293040152,0.279981372100063,0.0674080631500048,0.352306622499858,-0.394864061652792,0.00288950849776739,1.02768882458235,1.02022310757931,1.00731772976673,0.701594094475625,0.140835791049321,0.157570114475054,1.09738719463776,1.08230684844905,0.257239935360004,0.789862596393925,-0.0471025317539295,-3.52148865623292e-16,0.903832782801923,0.0431880062659022,1.02768882458235,-0.352580654465532,0.67,0.1,1.035,0.5,0.6,0.25,0.4,0.005,0.975,0.8,0.1,1.06949314872581,0.502151636215202,0.427797259490324,0.209728514403304,0.458690534839078,0.874123245171802,-1.08026285872525,3.63633473733155,5.27306071941477
1,0.0155866455234307,0.224919118022668,0.201023215445545,0.0165955325378835,0.0151473707256848,0.0166408124493351,0.0913267094315443,0.0414379783757069,0.0349166865894625,0.590278575145928,2.18707922253914,0.405208652214466,3.05840313685517,0.566503695079821,3.23172698305853,0.832110363416526,2.55181512511721,-0.152198505475203,1.4910869738424,7.71939685422818,0.849163829839553,0.136176067202213,0.319876203028835,0.0296499880204698,1.1194410836037,2.95408342607433,0.750025526014482,0.350300339200666,0.671664650162223,0.279860270900926,0.0674780319222661,0.352248692702302,-0.394021093178023,0.00355769084333776,1.02768173030225,1.02066457875105,1.00687508090052,0.701290631836264,0.140975697773564,0.157733670390172,1.09643349806915,1.08168327665157,0.257481639932668,0.789613460073435,-0.0470951000061025,2.05244072581618e-05,0.905326224525573,0.0434787057116278,1.02768882458235,-0.352651599783064,0.67,0.1,1.035,0.5,0.6,0.25,0.4,0.005,0.975,0.8,0.1,1.06949314872581,0.502286322833049,0.427797259490326,0.210319852916024,0.456125019367888,0.863329096859063,-1.07960810181387,3.63874121408912,5.27541368534826
2,0.0157993232245011,0.225438053486518,0.201339559435646,0.016802239102347,0.0152046430891088,0.0175469326063169,0.0901253144351535,0.0410034203122782,0.034576022150482,0.598558179219748,2.21727254239852,0.411984430029066,3.07607863509291,0.57123682288778,3.23472099604805,0.834128054559069,2.55290192593985,-0.152308984450868,1.50028858473443,7.76690899569647,0.860670842816035,0.135213980603154,0.318469834948846,0.0297585743500573,1.11907549003254,2.95693375783543,0.749780578321805,0.352632116987607,0.671445294019527,0.279768872508136,0.0676116296475455,0.351966635638149,-0.393658055806905,0.00292473595189984,1.02751548365841,1.02087831984062,1.00650142498748,0.700880074752444,0.14111488546788,0.158005039779676,1.09577955462374,1.08126786076569,0.257867078979262,0.78921858455499,-0.0470856635342527,0.000307374682845427,0.906395865414775,0.0435822832201476,1.02760386145065,-0.352864365721198,0.67,0.1,1.035,0.5,0.6,0.25,0.4,0.005,0.975,0.8,0.1,1.06977014375339,0.502178116224043,0.427908057501354,0.210881894219663,0.45438563089603,0.855757390977512,-1.0793261387406,3.64242331591685,5.27912309456828
3,0.0158432476742568,0.226036348753291,0.201549795800156,0.0163280425211521,0.0152679118871293,0.0179623548917329,0.0893394713701069,0.0407101970422425,0.0343427811351834,0.604967871982002,2.23927612019147,0.416954237457475,3.08817021122024,0.574551006850555,3.23847695801428,0.836584074520752,2.55434289847278,-0.152450014979251,1.50853799098008,7.80145032832325,0.868895517861446,0.134771986504505,0.317598579837674,0.029840288532666,1.11899090964559,2.96095805481641,0.749723909462547,0.354256296239344,0.671394545787355,0.279747727411398,0.0677859420271828,0.351786428063638,-0.393875642589489,0.00224598732609945,1.0273115574723,1.02092246391263,1.00625815748552,0.700483122377741,0.141182230276689,0.158334647345569,1.09539830048626,1.08103828086576,0.258326393979176,0.788748208349907,-0.0470746023290833,0.000530043793905357,0.907067146148746,0.0435553927747845,1.02745624912007,-0.35321874230564,0.67,0.1,1.035,0.5,0.6,0.25,0.4,0.005,0.975,0.8,0.1,1.07029546538917,0.502205430545598,0.42811818615567,0.211360087414577,0.453399332106115,0.851184429712102,-1.07981021889567,3.64654453029823,5.28364504260957
4,0.0157579742843718,0.226629897130591,0.201586183314145,0.015493261778603,0.0153099591600312,0.0179760594666418,0.0889410791760131,0.0405518230126217,0.0342131644096674,0.609307520147789,2.25290073994023,0.419903282126034,3.09496241086754,0.576287338987902,3.24250573842801,0.83916837042798,2.55592954153612,-0.152592173536091,1.51526934135962,7.82293576582443,0.873483067315105,0.134769690181218,0.317234306221819,0.02988461973726,1.11919339650213,2.96568481572774,0.749859575656426,0.355216283534397,0.671516037901277,0.279798349125532,0.0679762393973619,0.351768342915142,-0.394695115200999,0.00159474920813624,1.02709388219975,1.02083676415579,1.00612940115762,0.700174163904251,0.141145437356631,0.158680398739118,1.09526078432876,1.08097279523755,0.258802431871745,0.788257522931319,-0.0470599548030647,0.000695398493766719,0.907374379082544,0.0434326229077869,1.02726599028529,-0.353714379809487,0.67,0.1,1.035,0.5,0.6,0.25,0.4,0.005,0.975,0.8,0.1,1.07096150402797,0.502401203942805,0.42838460161119,0.211729265195805,0.453079137414731,0.849315298247949,-1.08109887498905,3.65041967170564,5.28841858916445
5,0.0155474717451149,0.227146432097903,0.20139351308086,0.0143468258656663,0.0153172366628291,0.0176313481824928,0.0889323326855534,0.0405303674624104,0.034189164811962,0.6112995573321,2.25778564764659,0.420631815490506,3.09636579456358,0.576251281580188,3.24640053082209,0.841596320799489,2.55750981996344,-0.152705609940835,1.51990305151432,7.83075634682836,0.874060899332973,0.135168523615547,0.317383432103279,0.0298834122031137,1.11968915400562,2.97070413452827,0.750191733183765,0.355526388234331,0.671813492403371,0.279922288501405,0.0681613502328136,0.351903385735228,-0.396117096109548,0.000997975175675733,1.02688286999033,1.02062520910384,1.0061312035316,0.700015427202397,0.140978566095089,0.159006006702514,1.09536446592992,1.08106974134282,0.25923982972336,0.787798608223068,-0.0470384379464281,0.00080713417226818,0.907319335881688,0.0432093585317614,1.02705177286107,-0.354350789098359,0.67,0.1,1.035,0.5,0.6,0.25,0.4,0.005,0.975,0.8,0.1,1.0716788573959,0.502708043366423,0.428671542958359,0.211971316142891,0.453394910697466,0.850084386236019,-1.08318316869414,3.65350493800472,5.29285866774859
6,0.0152036612430171,0.227514744658183,0.20091961414433,0.0128896510022909,0.0152787026161718,0.016924952988254,0.0893581416714767,0.0406623436742107,0.034283774855835,0.610467535060139,2.252732878024,0.418788933092977,3.09173955023624,0.574147585347659,3.24977826984021,0.843573702668846,2.55896431791145,-0.152759750740086,1.52169618258929,7.82299250506462,0.870003781554288,0.135975942992154,0.31810120981172,0.029827013853739,1.12049484041085,2.97562957162394,0.750731543075268,0.35513856835641,0.672296904246508,0.280123710102712,0.0683209981318451,0.352186092156483,-0.398148206030243,0.000459929406493783,1.02669585504746,1.02027967954923,1.00628864381683,0.700067170631713,0.140657225798437,0.15927560356985,1.0957322937439,1.08134392364257,0.259578848965129,0.787427358244509,-0.0470062072096378,0.000868465887617819,0.906863792136629,0.0428745947139095,1.02683108119287,-0.355127342113125,0.67,0.1,1.035,0.5,0.6,0.25,0.4,0.005,0.975,0.8,0.1,1.07237073036554,0.503074714728708,0.428948292146216,0.212054614929499,0.454386697671708,0.853714818493981,-1.08604268193795,3.65531255465435,5.29631458780751
7,0.0147301084600086,0.227672931254249,0.200122879180409,0.0111582704326456,0.0151839228288659,0.0158897605510537,0.0902216343145753,0.0409484779216569,0.0344974510062853,0.606678774112546,2.2378728350866,0.414331203553893,3.08117459187297,0.569881645708429,3.25232120976443,0.844829660463912,2.56021672041959,-0.152725171119069,1.52022906657924,7.79978537448687,0.861196771581667,0.137157550898103,0.319389339144535,0.0297090934384127,1.12161615464046,2.98013099042055,0.751482823609105,0.354070249987949,0.672969692784273,0.280404038660114,0.0684369188953219,0.35261471157228,-0.40077947344039,2.06754941070875e-06,1.02654869681641,1.01980375900231,1.00661395661132,0.700380259342247,0.140162114020692,0.15945762663706,1.09636287654026,1.08179384922048,0.259762060994345,0.787196760496242,-0.046958821490587,0.000883814961932099,0.906006772362486,0.0424258382187112,1.02661975120605,-0.356043272489712,0.67,0.1,1.035,0.5,0.6,0.25,0.4,0.005,0.975,0.8,0.1,1.07296402716269,0.503461807880526,0.429185610865075,0.211962366906272,0.456022760328061,0.860150459973205,-1.08963233171927,3.65546670721985,5.29814520811111
8,0.0141443294659475,0.227576981998667,0.198980619914397,0.00923102923247665,0.0150245758360819,0.0145968093382718,0.0914781475055402,0.041371779618498,0.0348166881076789,0.600194776503401,2.21473951110884,0.40755398250128,3.0655632274117,0.563595798191558,3.25382273211301,0.845151093282311,2.56124761583538,-0.152575977004678,1.51548453009111,7.76348051685297,0.848101903205425,0.138633717368769,0.321189005220776,0.0295280995172651,1.12304227293731,2.98397100677671,0.752438322868,0.352418530732674,0.673825363762388,0.280760568234328,0.0684950570633752,0.353179480144264,-0.403973638426082,-0.000347772549529291,1.02645366038488,1.01921505111328,1.00710214126419,0.700988168062029,0.13948306023364,0.159528771704331,1.09722676728736,1.08239921596862,0.259740976341177,0.787150323386589,-0.0468912997277657,0.000860124413030331,0.904790167581278,0.0418719159838836,1.02643110548276,-0.357097676315421,0.67,0.1,1.035,0.5,0.6,0.25,0.4,0.005,0.975,0.8,0.1,1.07339660945806,0.503830872239505,0.429358643783225,0.211696671035209,0.458194617048592,0.869020151585643,-1.09386743271267,3.65376725675167,5.29779728291712
9,0.013475891553774,0.227207608056148,0.197494066776075,0.007214740612417,0.0147961239828793,0.0131490362946731,0.0930383532682559,0.0418991867723883,0.0352154516722903,0.591623799925798,2.185989146166,0.399035298374818,3.0464655740933,0.555649230672898,3.2542204554946,0.844412034128662,2.56210081659252,-0.152292395226583,1.5078347485519,7.71822541170628,0.831680125527922,0.140286462103292,0.323387369239023,0.02928799170679,1.12474469034925,2.98703494281336,0.753578942533997,0.350353730996097,0.67484681420955,0.281186172587312,0.0684875476058523,0.353861448149439,-0.407661301528314,-0.000564642114870391,1.02641737889714,1.01854327101154,1.00773075441143,0.70190132970663,0.138621348079297,0.159477322214073,1.09826870933881,1.0831226773316,0.259482123496953,0.787316302513707,-0.046798426010661,0.000807605831606323,0.903296098706519,0.0412317175424597,1.02627486344642,-0.358289513020976,0.67,0.1,1.035,0.5,0.6,0.25,0.4,0.005,0.975,0.8,0.1,1.07362518154648,0.504146997837061,0.429450072618593,0.211280528667461,0.460730526574422,0.87966401840495,-1.09862151347327,3.65022932448837,5.29487216367462
10,0.0127644837014822,0.226579881684187,0.195686203939003,0.00521208017452635,0.0144988133552151,0.0116959685697162,0.094748570528509,0.0424751266155473,0.0356502815055339,0.581988150663096,2.15566350932494,0.389668326471075,3.02626896383324,0.546637981971736,3.25365787001579,0.84261901695186,2.56290285722206,-0.151864004158127,1.49813790908867,7.67039699670362,0.813441731825605,0.141946425628961,0.325801085726107,0.02899942754092,1.12667727455251,2.98938971588215,0.754873773950181,0.348147148380683,0.676006364731505,0.281669318638127,0.0684156841552511,0.354634354547448,-0.411738210597857,-0.000628276753083672,1.02643867844607,1.01782830611999,1.00845955282861,0.703103315271581,0.137587618742424,0.159309065985995,1.09939873777303,1.08390525541928,0.258975912833177,0.787698940583155,-0.0466748534163319,0.000742145390793672,0.901664441835708,0.0405281682652452,1.02615525259628,-0.35961760640744,0.67,0.1,1.035,0.5,0.6,0.25,0.4,0.005,0.975,0.8,0.1,1.07363136761573,0.504384415269705,0.429452547046291,0.210770618795354,0.463375834887456,0.89101285448149,-1.10376213751057,3.64512981457371,5.28920944791641
11,0.0120518512247922,0.225760688579994,0.193580764427914,0.00322587057650714,0.0141372407878007,0.0104706564989259,0.0963428986128943,0.0430048023633832,0.0360472165063614,0.572955397353577,2.13022314640855,0.380804815451279,3.0087212792971,0.537441876318596,3.25264541375252,0.840001222201093,2.56393781180926,-0.151293620257833,1.48802083562191,7.63019962131713,0.795633443077283,0.143360240754857,0.328135228386922,0.0286803715652409,1.12878780896882,2.99142444330003,0.756287832009108,0.346238414572267,0.67727268538129,0.282196952242204,0.0682960246876189,0.355469987424403,-0.416051714928801,-0.000510850794432077,1.02650576126289,1.01711211048092,1.00923561000324,0.704552099060287,0.136387733915382,0.159060167024331,1.1004716216551,1.08465606219963,0.258251704486726,0.788262317489444,-0.0465140219761696,0.000687452241758278,0.900134293825537,0.0397684991553158,1.02606840470426,-0.361080645806984,0.67,0.1,1.035,0.5,0.6,0.25,0.4,0.005,0.975,0.8,0.1,1.07343067037601,0.504533288451656,0.429372268150403,0.210285564118507,0.465735931841776,0.90129567594964,-1.10929051986228,3.63910321923528,5.28102816635797
12,0.0113806145244921,0.224876002722378,0.191195376703739,0.00122469448041884,0.0137161528855829,0.00974371485956493,0.0974849769349395,0.0433700926466704,0.0363145318043318,0.566547301394315,2.11724535101424,0.373942555926462,2.99829112566335,0.529042123742171,3.25212248085912,0.837049639692725,2.56566920024717,-0.150596359080776,1.47967964727537,7.60979020388697,0.780740548098465,0.144246536317523,0.330037306631413,0.0283522275106085,1.13103508892323,2.99391027951514,0.757793509578567,0.34516704408769,0.67862105335394,0.282758772230808,0.068163830129196,0.356340729909358,-0.420408852009965,-0.000200447867568158,1.02659254091294,1.01643751759711,1.00999079937528,0.706179091343025,0.135018177389634,0.15880273126734,1.1013091158084,1.08526585831916,0.257385644181461,0.788921455250136,-0.046307099431597,0.000673650012758951,0.899006986701767,0.038953230179293,1.02600023741751,-0.362677187376355,0.67,0.1,1.035,0.5,0.6,0.25,0.4,0.005,0.975,0.8,0.1,1.07308970042908,0.504603908948454,0.429235880171632,0.209988225724525,0.467356384063626,0.908337880377431,-1.11537840305892,3.63317072354512,5.27100279077425
13,0.0107885636132127,0.224091723849162,0.1885548966955,-0.000754137090060669,0.0132390753407479,0.00970529676639376,0.0978938958680383,0.0434736577605489,0.0363770727250301,0.564487140296782,2.1227271048293,0.370198318462311,2.99859083301547,0.522207099636282,3.25329159769657,0.834435166566984,2.56865019620173,-0.149793765072145,1.47527447786794,7.61904191610355,0.770645479820797,0.144420366137652,0.331227620448445,0.0280338267943484,1.1334010840482,2.99787268850678,0.759378726312292,0.345375638516564,0.680040650428918,0.283350271012049,0.068068195133481,0.357224887920891,-0.424621741239121,0.000263662558413497,1.02665929006062,1.01584250643128,1.0106480911764,0.707891121145668,0.133476337219283,0.158632541635049,1.10176485650678,1.08564515575547,0.256489509618146,0.789554246562833,-0.046043756180979,0.000729698580724922,0.898532918667589,0.0380948878157275,1.0259269118249,-0.364405655521777,0.67,0.1,1.035,0.5,0.6,0.25,0.4,0.005,0.975,0.8,0.1,1.07273379143857,0.504632530695893,0.429093516575428,0.210028439335226,0.467907578657545,0.910408196509309,-1.12224959264543,3.62859501902577,5.26017649321092
14,0.0103015346513999,0.223573120548009,0.185712527354992,-0.00255512453259243,0.0127109793391,0.0103673173422265,0.0974612474248298,0.0432783095458209,0.036206426268079,0.567679161150395,2.14908618930429,0.369978332704528,3.01106178453868,0.51728528855757,3.25728334856623,0.832832966249564,2.57335744369405,-0.148907061377379,1.47633823783904,7.6621796696378,0.766094090073049,0.143885766455353,0.331606181345675,0.0277375301883297,1.13588762252248,3.00431733808925,0.761044707090061,0.347029373029513,0.681532573513488,0.28397190563062,0.0680596560162681,0.358112777845173,-0.428566563036508,0.000783894915214625,1.02666032227321,1.01535304232466,1.01113630380489,0.709579354255106,0.131777775237639,0.158642870507255,1.10178368236662,1.08575856243413,0.255683303222679,0.790031805226856,-0.0457151084495352,0.00087297095777394,0.898805856835868,0.037229198096813,1.02581885148494,-0.36626434445387,0.67,0.1,1.035,0.5,0.6,0.25,0.4,0.005,0.975,0.8,0.1,1.07252938311457,0.504683198147878,0.429011753245827,0.210487164002502,0.46732783212638,0.906979090804922,-1.12998615365035,3.62659571232237,5.24973459939681
15,0.00992660467112922,0.223450233032269,0.182750041835262,-0.00400318787056697,0.0121425054709983,0.0115861788528131,0.0962475474773947,0.0428042458661938,0.0358182639661284,0.576276501272038,2.19571743610545,0.373141085395887,3.03512880974019,0.51427607491181,3.26490302838656,0.832780598519239,2.58007731066529,-0.147954880797964,1.4836786836201,7.73837264100472,0.766932472547157,0.142800434064041,0.331235193048921,0.0274701930374239,1.13850270574925,3.01400795865683,0.762796812851997,0.350018887915443,0.683101623449549,0.284625676437312,0.0681788502352204,0.359010704296874,-0.432206553719822,0.00124928780738225,1.02655553929088,1.01497623769448,1.01140844599741,0.711136256956145,0.129960180709307,0.158903562334546,1.10139958491445,1.085623953469,0.255070545950813,0.790246230683826,-0.0453167766346382,0.0011030334387254,0.899765938840411,0.0363990633340786,1.02564691592423,-0.368251419871062,0.67,0.1,1.035,0.5,0.6,0.25,0.4,0.005,0.975,0.8,0.1,1.07264508790056,0.504840951062651,0.429058035160222,0.211373921515766,0.465783019511193,0.898660998948517,-1.13846318149485,3.62810542343701,5.24079250511672
16,0.00965884200738945,0.223806678953094,0.179764602159526,-0.00497486625755994,0.0115500083670523,0.0131636243803328,0.0943929691485474,0.0420982728345907,0.0352485228197975,0.590091896827016,2.26082667562482,0.37936957905017,3.06928857789835,0.513049257861921,3.27657061512715,0.834636275922495,2.58888938804117,-0.146955048836516,1.49764318182557,7.84454996265584,0.772700341992415,0.141366979509776,0.330241954179912,0.0272365539168397,1.14124297505582,3.02737943976226,0.764632793287399,0.354088727623316,0.684745785033492,0.285310743763955,0.0684519704337121,0.359936160198996,-0.435554609668603,0.00159823771643047,1.02631973078991,1.01470713621743,1.0114442819588,0.712468268235934,0.128076574790719,0.159455156973346,1.10068710460389,1.0852835229565,0.25472860885861,0.790121652826228,-0.0448502616848379,0.00139977834559067,0.901281888296443,0.0356408513503585,1.0253892037061,-0.370364920769817,0.67,0.1,1.035,0.5,0.6,0.25,0.4,0.005,0.975,0.8,0.1,1.07321662925512,0.505196057489262,0.429286651702047,0.212658356622552,0.463518122705435,0.886562606020988,-1.14739989788644,3.63369079503181,5.23430092676155
17,0.00947684997215431,0.224670436821795,0.176851520267585,-0.00542955203896334,0.0109529204319052,0.0148545847789869,0.0921193655284519,0.0412361302091675,0.0345555778269167,0.608419442617829,2.34065998468197,0.388031092825484,3.11086704090826,0.513272226693096,3.29228288650879,0.838542154132575,2.59966498349632,-0.145924251120107,1.51790158790556,7.97438563766643,0.782415919396345,0.139828097880692,0.328832653893384,0.027036850997871,1.14409878747379,3.04448293531041,0.766546187607441,0.358848227061756,0.686459272484275,0.286024696868448,0.0688881067255382,0.360907162293936,-0.438659321285897,0.00179811216774714,1.02594423400075,1.01452423422201,1.01125650762546,0.713510048802058,0.126185336856843,0.160304614341099,1.09976304876999,1.08480617636631,0.254699301921694,0.789623818374037,-0.0443231202957308,0.0017301486038938,0.903151037248845,0.0349768791697165,1.02503547338133,-0.372602761379916,0.67,0.1,1.035,0.5,0.6,0.25,0.4,0.005,0.975,0.8,0.1,1.07433131305498,0.505819312425773,0.429732525221994,0.214263017172466,0.460866184639551,0.872264959155592,-1.15642795553701,3.6434875554465,5.23092961222133
18,0.00934584149148489,0.226003610054718,0.174097277186169,-0.00536496028233546,0.010370304053517,0.0163657463723133,0.0897419076014556,0.0403290927484367,0.0338260407205042,0.629658671607129,2.42781950721074,0.397890200260204,3.15554690923577,0.514320081181291,3.31153280629751,0.844371323806679,2.61203634714976,-0.144874864658927,1.54302828396655,8.1161295797773,0.794200060363872,0.138474301684351,0.327316142572384,0.0268646435813041,1.14705625678253,3.06493256401909,0.768527692044296,0.363774530210328,0.688233754069518,0.286764064195633,0.0694760131316125,0.361938365652942,-0.441633511791098,0.00180103842483465,1.02543521020291,1.01439257069894,1.01088596251879,0.714234244912631,0.124346237312408,0.16141951777496,1.09879231886099,1.08429195186422,0.254979000117617,0.788769581923524,-0.0437485820411416,0.00206153611369591,0.90509164928303,0.0344215026714108,1.02458686992679,-0.374962733222853,0.67,0.1,1.035,0.5,0.6,0.25,0.4,0.005,0.975,0.8,0.1,1.07601630350041,0.506750226877201,0.430406521400164,0.216047096896139,0.45827562162386,0.857853521018459,-1.16509246914277,3.65711440714982,5.23091219355421
19,0.00923501888155198,0.227713713029036,0.171576860907091,-0.00479975880637684,0.00981945543723373,0.0174604628257873,0.0875604532994816,0.0394870239957884,0.0331464862008453,0.651744763809329,2.513309682103,0.407508366580751,3.19866075333633,0.51551712806584,3.33336256112358,0.851758982194773,2.62542044690765,-0.143816867978838,1.57086291963025,8.25587501254503,0.805922112857562,0.137545469308378,0.325999934700951,0.0267134861898088,1.15008077251814,3.08796098972217,0.770554117587155,0.368360819670547,0.690048463510885,0.287520193129535,0.0701862956822334,0.363038313084266,-0.444646892109474,0.00157248714674761,1.02481336375872,1.01428119397596,1.01038387564052,0.714647849865132,0.122617034733861,0.162735115401006,1.09792697761102,1.08383360296736,0.255525454124901,0.787619227960987,-0.0431446820858884,0.0023683823721732,0.9068427607725,0.0339838304978932,1.02405327110552,-0.377442507291342,0.67,0.1,1.035,0.5,0.6,0.25,0.4,0.005,0.975,0.8,0.1,1.07822911344738,0.507996089476487,0.43129164537895,0.217861133632779,0.456168635730833,0.845210752267225,-1.17289468213769,3.67372608397704,5.23402082025073
20,0.00912160801918201,0.229685086095639,0.169336857862924,-0.00386163487103408,0.00931537218141809,0.01805326114717,0.085739046015758,0.0387726319462248,0.0325668964529084,0.673016878745534,2.5904710563324,0.415902185571035,3.23711761256936,0.516467247982619,3.3566483816179,0.860237983169991,2.63917259760091,-0.142762199152994,1.59940560424577,8.38342463272807,0.81618794260843,0.137131510690002,0.32504743769122,0.0265807082077712,1.15311628536651,3.11265045548634,0.77258791119556,0.372308580160417,0.691869771219905,0.288279071341627,0.0709807683597609,0.364203839729747,-0.447871845088345,0.00113441193339146,1.0241102181477,1.01416721605928,1.00980410521162,0.714785071326671,0.121039458025785,0.164175470647544,1.0972494003184,1.08348351834126,0.256278848830205,0.786252325996188,-0.0425311748263924,0.00263456534207911,0.908266284915254,0.0336528049922767,1.02344977881509,-0.380039636347765,0.67,0.1,1.035,0.5,0.6,0.25,0.4,0.005,0.975,0.8,0.1,1.0808674413997,0.509529163855884,0.43234697655988,0.219603661824963,0.454748498157521,0.835274052506905,-1.17946826168523,3.69226037793779,5.2397473250847
21,0.00898289011016993,0.231794364469573,0.167387771971739,-0.00274480302912683,0.00886737157258488,0.0181321530401071,0.0843695865465579,0.0382225882691613,0.0321167683050257,0.692072070782253,2.65433346504453,0.422357849209897,3.26878900086227,0.516870525133664,3.38026847202393,0.869306865947389,2.65268565208854,-0.141724046011997,1.62681367870956,8.49118255059741,0.823967501667955,0.13725359744968,0.324554974505594,0.0264631733363907,1.15611440599458,3.13807272164974,0.774596652016367,0.375440969997448,0.693668643596747,0.289028601498644,0.071818855469757,0.365416110112847,-0.451472893222549,0.000520877006185305,1.02336026594786,1.01402780456072,1.00920335847317,0.714703235522579,0.119632582215117,0.165664182262303,1.09680683698253,1.08327386156243,0.257170953473308,0.784755907419855,-0.0419268608931633,0.00285221220063588,0.909287471720266,0.0334025752521799,1.02279369436672,-0.382751557339297,0.67,0.1,1.035,0.5,0.6,0.25,0.4,0.005,0.975,0.8,0.1,1.08380179844855,0.511283693637767,0.433520719379419,0.221203729338601,0.454111522621393,0.828504964533373,-1.1846609292204,3.71159037799646,5.24740383875482
22,0.00880020363094754,0.233925346503444,0.165704440008233,-0.00166418106095811,0.00847755439434761,0.017748908143155,0.0834701867097037,0.0378456759195333,0.0318033739008236,0.708014329238271,2.7025676574155,0.426550827834217,3.29278105394816,0.516554394935882,3.40324701233543,0.878494954547274,2.66546705565636,-0.140714997868208,1.6517155920394,8.57545586846614,0.828747181376552,0.137869008850401,0.324543923628793,0.0263569564746605,1.15904276253303,3.16340848589879,0.776558650897133,0.377708832506527,0.69542565751982,0.289760690633259,0.0726627005965437,0.36665482871446,-0.455587131083188,-0.000216665860048051,1.02259673629457,1.0138442046491,1.008633014427,0.714474648680004,0.118391621559599,0.167133729760397,1.09661026822682,1.08321492587942,0.258134349743697,0.783212927534542,-0.0413472772782391,0.00302001629944183,0.909894689783667,0.0331989908343964,1.02210219304398,-0.385575593927336,0.67,0.1,1.035,0.5,0.6,0.25,0.4,0.005,0.975,0.8,0.1,1.08689461876895,0.513181019637095,0.43475784750758,0.222625183500779,0.45424134254223,0.824902364400353,-1.18855537253852,3.73066708606222,5.2562397536792
23,0.00855941930974332,0.235978582536308,0.164232262528169,-0.000815796031526594,0.00814088800164647,0.0169896563304652,0.0830089366118849,0.0376309982000535,0.031618129704003,0.720463413812514,2.73526068682506,0.428483258180476,3.30921929339724,0.515433892546653,3.42484011350204,0.887403504593308,2.6771810195524,-0.139744410643665,1.67328382343272,8.63608026312834,0.830429363403569,0.138897510828417,0.324984320820842,0.0262566233201052,1.16189088850398,3.18802048230739,0.778466895297667,0.379159578862306,0.697134533102389,0.290472722125995,0.0734806058015135,0.367901837830465,-0.460314901907733,-0.00102150546762073,1.02184801292701,1.01360221640629,1.00813514057808,0.714178156471822,0.117291094485564,0.168530749042614,1.09664611185329,1.08330166010189,0.259108009478849,0.781695183082234,-0.0408031925610836,0.00314163801393642,0.910117953996012,0.0330057069770815,1.02139067707975,-0.388508959128717,0.67,0.1,1.035,0.5,0.6,0.25,0.4,0.005,0.975,0.8,0.1,1.09001778931947,0.51514014324937,0.436007115727787,0.223858626567228,0.455046570489256,0.824167171969881,-1.19143240376928,3.74861789777805,5.26552875148572
24,0.00825254238410073,0.237873756601514,0.162901273067161,-0.000321449378862582,0.00784645250563365,0.0159405957874947,0.0829391823842062,0.037561300021037,0.0315472365016512,0.72934322998596,2.75368261637162,0.428287235630286,3.31871493134861,0.513447119041354,3.44453472265805,0.895711123509052,2.68763929085756,-0.138815691708563,1.69106180270266,8.67468448948052,0.829073645328774,0.140255283275408,0.325832426690574,0.0261549823656961,1.16466886018601,3.21145860532742,0.780328136324627,0.379882590901119,0.698801316111607,0.291167215046503,0.0742478340677591,0.369143360536783,-0.465725198780974,-0.00184793947132399,1.02113564265535,1.01329380509602,1.00773895736843,0.713890509767674,0.116293672871719,0.169815817360607,1.09689286307318,1.08352318739281,0.260038349335512,0.78026192425291,-0.0403002735884215,0.00322430137803448,0.909998777969543,0.0327936601468549,1.02067170640234,-0.391548758066138,0.67,0.1,1.035,0.5,0.6,0.25,0.4,0.005,0.975,0.8,0.1,1.09306416831143,0.517086801807908,0.437225667324573,0.224904603318765,0.456417927164506,0.825925908760159,-1.19366504024417,3.7647780073897,5.27460361131728
25,0.0078777269162137,0.239556422070898,0.161632164504879,-0.000269461378590186,0.00758025461343226,0.0147076507847999,0.0831773046364931,0.0376049169915444,0.0315653492667952,0.735088116444564,2.76104781163522,0.426371491340652,3.32267922768765,0.510635034673248,3.4620870789241,0.90320295963617,2.69681061608465,-0.137926496796724,1.70517451173331,8.69575644067366,0.825125400678241,0.141831819820166,0.327003199127969,0.0260453714610662,1.16739992800658,3.23349183374568,0.782157951764407,0.38003748844813,0.700439956803946,0.291849982001644,0.0749483841675932,0.370373537902587,-0.471844711625528,-0.00264469994369653,1.02047457104135,1.01291711555079,1.00746107985987,0.713679806972877,0.115353611964451,0.170966581062671,1.09730956618922,1.08385599191102,0.260883952091923,0.77895516623533,-0.0398391183272527,0.00327676709129737,0.909609886503556,0.0325363590118175,1.01995464512991,-0.394691990825045,0.67,0.1,1.035,0.5,0.6,0.25,0.4,0.005,0.975,0.8,0.1,1.09595079491177,0.518963174078796,0.43838031796471,0.225787220855233,0.458193150391877,0.829587975255671,-1.19568424818141,3.77874025541421,5.2829211066991
26,0.00743521340453243,0.241001180913778,0.160338719074461,-0.000734597374569157,0.0073264329009759,0.0134015936460736,0.0836179091767638,0.0377217270169188,0.0316403485732782,0.738505838415615,2.76176419049402,0.423300879796896,3.32301032772313,0.507093681656725,3.47753783255488,0.909786674734222,2.70482009248134,-0.13706893466068,1.71622331730439,8.70559607875578,0.819246883762694,0.14350700547319,0.328390118801653,0.025921256969753,1.17012186463041,3.25412103353922,0.783981649302376,0.37982768921403,0.702073118778247,0.292530466157603,0.0755762013186417,0.371592998558011,-0.478656319762586,-0.00336291035612125,1.01987251751538,1.01247238947155,1.00730896775139,0.713602745492647,0.114418150140309,0.171979104367043,1.09784443325336,1.08426972715725,0.261618052352229,0.777797459788989,-0.0394155121412177,0.00330823837030461,0.90904204534475,0.0322076983372846,1.01924568759987,-0.397935555414194,0.67,0.1,1.035,0.5,0.6,0.25,0.4,0.005,0.975,0.8,0.1,1.09862476602601,0.520728095435614,0.439449906410403,0.226548471007145,0.460186176238634,0.83444442859124,-1.19796496003994,3.79037231788398,5.29010008560418
27,0.00693547010991217,0.242210067915156,0.158945772538215,-0.00168118179465004,0.00706774381489206,0.0121193004105407,0.0841575396878264,0.0378729085600848,0.0317413988292531,0.740503284311491,2.7600488216976,0.419604817120282,3.32163405864617,0.502941895504618,3.49114083633532,0.915475766770538,2.71189466505057,-0.136229595485786,1.72501829042833,8.71044737724711,0.812094138741714,0.145173274795313,0.329889985130074,0.0257770216025989,1.17287536504955,3.27352763406769,0.785826494583201,0.379461106972113,0.703725219029732,0.293218841262388,0.0761340354490104,0.372806341305904,-0.4861120167621,-0.00397484747810821,1.0193293228396,1.01197014746046,1.00727212694723,0.713696486235557,0.11343903936252,0.172864474401922,1.09844359723262,1.08473122014625,0.262228254844235,0.776793257098585,-0.0390215119428199,0.0033299827651746,0.908385368878711,0.0317981852794066,1.01854737069512,-0.401276250826934,0.67,0.1,1.035,0.5,0.6,0.25,0.4,0.005,0.975,0.8,0.1,1.10106538246825,0.52235978247882,0.440426152987301,0.227232368569542,0.462227279372079,0.839809771774012,-1.20090575741243,3.79978704862995,5.29591617906402
28,0.00640524869200521,0.24321064988244,0.157410906035429,-0.00293294708678993,0.00678915450764284,0.0109482511196393,0.0846928005771767,0.0380207864004794,0.0318390232519092,0.742025078568791,2.75962132877452,0.415782030302855,3.32045720442156,0.498382178560522,3.50327776181768,0.920370317855753,2.71829941157363,-0.135391967611699,1.73249351561588,8.71607925247748,0.804383023535713,0.146729715237898,0.33139219077372,0.0256107822840358,1.17568367732557,3.29200340414967,0.787708063808133,0.37914371065172,0.705410206395343,0.293920919331393,0.0766315960465657,0.374017180742178,-0.494135848727331,-0.00446660819886763,1.01883867335501,1.01143727493547,1.00731770382896,0.713968734648433,0.112386465401978,0.173644799949588,1.09904826379023,1.08520205427598,0.262716913054031,0.77593031275362,-0.0386472258076501,0.00335296724567237,0.907732062729166,0.0313229749671194,1.01785880333341,-0.404710780200222,0.67,0.1,1.035,0.5,0.6,0.25,0.4,0.005,0.975,0.8,0.1,1.10328089394,0.523856525631124,0.441312357576,0.227881375149867,0.464155045860519,0.844999189612911,-1.2046999354187,3.80730875128889,5.30030451889691
29,0.00587578689590391,0.244053987392682,0.155723709627845,-0.004305718838719,0.00648218120708566,0.00997217713124798,0.0851142093400797,0.0381261234760613,0.0319027606486628,0.744109827940177,2.76422909895622,0.412395117580199,3.32138356378894,0.493702380765404,3.51442415018433,0.924652469869521,2.72431316533009,-0.13454148501529,1.73975542652582,8.72829940774881,0.796981947689103,0.148077898339518,0.332776219128768,0.0254259343587907,1.17854963351998,3.30991700206342,0.789628254458387,0.379075253618117,0.707129780111989,0.294637408379995,0.0770847696233971,0.375225615003177,-0.502622631991077,-0.0048280938800702,1.01839012772427,1.01090516583038,1.00740421767232,0.71439915218576,0.111248886133354,0.174351961680886,1.09959446890232,1.08563979838854,0.263102127471731,0.775180526736249,-0.0382826542079803,0.00338501357486254,0.907180625806977,0.0308044141035492,1.0171767409059,-0.40823575406822,0.67,0.1,1.035,0.5,0.6,0.25,0.4,0.005,0.975,0.8,0.1,1.1053040195281,0.525232447232259,0.44212160781124,0.228550012881142,0.465812729635266,0.84930445813132,-1.20937377165301,3.81343280852846,5.30336717152572
30,0.0053878684018763,0.244808869171357,0.153915843488388,-0.00553604203897007,0.00614474192556891,0.00925684159049722,0.0853244543776221,0.0381550544870035,0.0319067437617986,0.747702791233363,2.77679963788016,0.409949679188917,3.32603532343454,0.489255800523466,3.52506717245243,0.928559144859726,2.73017682683689,-0.133668799244189,1.7478860803067,8.75179157222757,0.790767505723203,0.149137417705111,0.333925076876784,0.0252308252550101,1.18144670742513,3.32764410086335,0.791569293974834,0.379423945115041,0.708868024455076,0.295361676856282,0.0775132734914995,0.376424001174031,-0.511444952865993,-0.00506415046706576,1.01796980186557,1.01041480774389,1.00747712134044,0.714936964328348,0.110040125905626,0.175022909766026,1.10002095792721,1.08600204835248,0.263416014540518,0.774503489486895,-0.0379195040274124,0.00343191608396476,0.906820490244288,0.0302826489226048,1.01649626268703,-0.411847693707296,0.67,0.1,1.035,0.5,0.6,0.25,0.4,0.005,0.975,0.8,0.1,1.10718753326523,0.526513552880379,0.442875013306091,0.229287498967867,0.467069257204363,0.852102264237756,-1.21472779264928,3.81876579762773,5.30535771631864
31,0.00497972515395578,0.245552636034544,0.152054742019885,-0.00637844176317359,0.0057831686976777,0.00883889210737498,0.0852520480760667,0.0380832931962229,0.0318327023019452,0.753563723258397,2.79930025526681,0.408870160073419,3.33553816555805,0.485411758753612,3.5356426123219,0.9323514261889,2.7360643078596,-0.132773121726603,1.75783618095663,8.78974548377208,0.78654671322121,0.149859125205328,0.334742439828766,0.0250379161207817,1.1843236022391,3.34551562161028,0.7934968135002,0.380301779747533,0.710594161343463,0.296080900559776,0.0779380936959939,0.377597128759055,-0.52046717063184,-0.00519521085015605,1.01756222046423,1.01000462377973,1.0074827347386,0.715508529578652,0.108796464878109,0.175695005543238,1.10027966760816,1.08625424486088,0.263700698592693,0.773852056556697,-0.037552755149389,0.00349665162707539,0.906718408954042,0.0298014254535572,1.01581165969351,-0.415543034569102,0.67,0.1,1.035,0.5,0.6,0.25,0.4,0.005,0.975,0.8,0.1,1.10899700101056,0.527732533085824,0.443598800404224,0.23013538306445,0.467838503652624,0.85295039971098,-1.22038084486804,3.82394366349596,5.30664729658151
32,0.00468518842563484,0.246366287175203,0.150232222314548,-0.00663985146643153,0.00541094840397705,0.00874242868540054,0.0848361832056574,0.0378901202615823,0.0316650713039491,0.762419659550344,2.8335248145195,0.409611512843216,3.35081220539614,0.482578864883448,3.54652004923104,0.93630406774525,2.7420805924894,-0.131864611003604,1.77055026680128,8.84491539989597,0.785188835645483,0.150206714382875,0.335134883375862,0.0248630689224221,1.18710779160297,3.36380412839122,0.79536222037399,0.381791281710109,0.712264674961782,0.296776947900742,0.0783801748771863,0.378725124489059,-0.529548754121955,-0.0052446883956271,1.01715220783135,1.00970861436776,1.00737202135118,0.716025395419726,0.107570086387558,0.176404518192715,1.10032860812839,1.08636569035605,0.264006421935395,0.773174986491586,-0.0371814084269806,0.00357958370658567,0.906931263455299,0.0294013275021984,1.01511722696381,-0.419318129798351,0.67,0.1,1.035,0.5,0.6,0.25,0.4,0.005,0.975,0.8,0.1,1.11080169147877,0.528926944367741,0.444320676591509,0.231133670682799,0.468048878600751,0.8514901767923,-1.22584833230045,3.82958566837147,5.30771024085888
33,0.00451273597464898,0.247324425030307,0.148532450594349,-0.00632494775551296,0.00504644446290947,0.0089551490816242,0.0840526039143882,0.0375666109474136,0.0313969551412364,0.774798948725244,2.8806665004576,0.412530423633121,3.37220545587343,0.481058090502147,3.558013425302,0.940685786486086,2.74829090489325,-0.130963266077328,1.78681167835031,8.91888081467914,0.787345507539326,0.150186156120876,0.33505208612913,0.0247202594813858,1.18973609125957,3.38274321543864,0.797123181143909,0.383914232848212,0.713841654755739,0.297434022814891,0.0788592129818987,0.379789048469638,-0.538571444892376,-0.00525121223842729,1.01672527164539,1.00953529965452,1.00712206100503,0.71640582746171,0.10640951317296,0.177184659365329,1.10015213043085,1.08632477106021,0.264385114724391,0.772422859154027,-0.0368079738784172,0.00368054610349746,0.907480226166456,0.0290962335055754,1.01440743052323,-0.423169253831824,0.67,0.1,1.035,0.5,0.6,0.25,0.4,0.005,0.975,0.8,0.1,1.11266987311952,0.53013115459329,0.44506794924781,0.232312494853772,0.46768475811573,0.847625052071886,-1.23074772332111,3.83622075581195,5.30907015232356
34,0.00444406556377942,0.248492606910932,0.14699967753893,-0.00566152731096814,0.00470649011886981,0.00945199763176219,0.0828906977223466,0.0371069096129418,0.0310231333471994,0.791263863970834,2.94244466710301,0.417986584243948,3.3999330037112,0.481023157358735,3.57045101330427,0.945767748864239,2.75477777259544,-0.130094508155413,1.80745879859398,9.01364873157067,0.793533124430036,0.149821492686902,0.334468587031567,0.0246178909827653,1.19217797902786,3.40259499454187,0.798759245948663,0.386675655337993,0.715306787416713,0.298044494756964,0.0793943069279975,0.380783947078113,-0.547450768654312,-0.00525011778231097,1.01626865374034,1.0094662858916,1.0067385785378,0.716592998143465,0.105338939653745,0.17806806220279,1.09975039981512,1.08613316516892,0.264887474251677,0.771548960894212,-0.0364364351458895,0.00379997601397534,0.908370189812189,0.0288655695932649,1.01367675005932,-0.427092606075052,0.67,0.1,1.035,0.5,0.6,0.25,0.4,0.005,0.975,0.8,0.1,1.11466236485435,0.531381060189872,0.44586494594174,0.233701716228451,0.466748332593399,0.841372062084215,-1.23500871171707,3.84427112703092,5.31127107896061
35,0.00444804630690918,0.249926638884098,0.145632489704839,-0.00494160452399361,0.00439993550778595,0.0101962512987019,0.0813557610262608,0.0365097562820922,0.0305415647498754,0.812394176697761,3.02085855438557,0.426272995643084,3.4341080747555,0.482497459753956,3.58419883670312,0.951820112421662,2.76166078885621,-0.129282064574744,1.83336488416208,9.13145946795797,0.804045194958433,0.149154749159628,0.333387261909085,0.0245568041361369,1.1944423549883,3.42367007683125,0.800276377842159,0.390063703345331,0.716665412992978,0.298610588747074,0.0800041541169724,0.381721165893763,-0.556136653121103,-0.0052686174501442,1.01577154632652,1.00947028653844,1.00624214488738,0.716558674952819,0.104354223852979,0.179087101194201,1.09913626315531,1.08580197930816,0.265560076165946,0.770509926693016,-0.0360700028589621,0.00393786514118559,0.909589636434861,0.0286735212362341,1.01291985234788,-0.431084314653043,0.67,0.1,1.035,0.5,0.6,0.25,0.4,0.005,0.975,0.8,0.1,1.11683300449171,0.532714457638653,0.446733201796686,0.235321611617121,0.465261636712495,0.83286148564036,-1.23887716089848,3.85406092395441,5.31484459838073
36,0.0044936949818621,0.251666412578366,0.144403055279041,-0.00435037206878619,0.00412649794096764,0.0111163605447933,0.079498811939686,0.0357905388824906,0.0299632936302708,0.838441350266702,3.11648949898844,0.43738976833938,3.47422131854215,0.485317082881227,3.59957795913698,0.95906824053186,2.76905113218271,-0.128541413577595,1.86507646065661,9.27255552421981,0.818696278462449,0.14827128432069,0.331869601808035,0.0245308408194363,1.19656759825599,3.44625422233511,0.801700290831514,0.393996932469464,0.717940558953595,0.299141899563998,0.0807044144626401,0.382624263529983,-0.564616822151722,-0.00533494267360153,1.01522547397842,1.00951616345677,1.00565549193596,0.716296733811342,0.103435436848755,0.180267829339902,1.09834588834722,1.08535617783863,0.266439082068372,0.769271051448541,-0.0357101335169129,0.00409198194796971,0.911087007484939,0.028492942425448,1.01213228365523,-0.435140440231356,0.67,0.1,1.035,0.5,0.6,0.25,0.4,0.005,0.975,0.8,0.1,1.11922929840228,0.534170051975636,0.447691719360913,0.237160895402855,0.463313018394193,0.822505517837679,-1.24272123262311,3.86578774057627,5.32024068877815
37,0.00456012208252462,0.253737656001758,0.143276789362958,-0.0039491160497851,0.00388061105580806,0.0121426635570441,0.0773791448269705,0.0349681446554308,0.0293022964226091,0.869575418429972,3.22949071643619,0.451245628929972,3.51968057247619,0.489282219647421,3.61683207609287,0.967683897168875,2.77702622498242,-0.127878046058426,1.90300564762858,9.43664343139113,0.837181132212535,0.147252949608727,0.329981912551982,0.024531329693568,1.19859690856755,3.47057460064111,0.803059928740259,0.398386343109588,0.71915814514053,0.299649227141888,0.081506617578997,0.383523933684612,-0.572900669688773,-0.00546393092475342,1.01462517354962,1.00958292269294,1.00499439000339,0.715812211762013,0.102559275488059,0.181628512749928,1.09741726711425,1.0848209043377,0.267550131388423,0.767806236661481,-0.0353563680499044,0.00425907738655163,0.912804814918957,0.0283103466325677,1.01131075841385,-0.439256979903746,0.67,0.1,1.035,0.5,0.6,0.25,0.4,0.005,0.975,0.8,0.1,1.1218863209437,0.535788475500502,0.448754528377481,0.239191721829434,0.460989498544195,0.810736967336564,-1.24686963173131,3.87954575145708,5.327819308311
38,0.00463134500300866,0.256169972152639,0.142202975519655,-0.00386671895492818,0.00365535787259152,0.0132763466345216,0.0749841175361319,0.0340347833929251,0.0285515334641642,0.906896037622482,3.36419726488046,0.468332431349266,3.57117810918646,0.494340111846424,3.63626551626323,0.977861849526943,2.7856955506874,-0.127291883951109,1.94843615651062,9.62885803298933,0.85993306697759,0.146101765753375,0.327716097417752,0.0245524077330088,1.20057146857576,3.4969075800293,0.80438288394576,0.403258083858979,0.720342881145456,0.30014286714394,0.0824234963921779,0.384453894763028,-0.580984944911527,-0.00563682473293461,1.01396777894263,1.00965450172802,1.00427203286592,0.71511680890608,0.101691738070565,0.183191453023355,1.09634799253173,1.08419543682679,0.268919264875578,0.766086947783429,-0.0350062126590077,0.00443707140163973,0.914749386174909,0.0281013467953605,1.01045279136631,-0.443429871142553,0.67,0.1,1.035,0.5,0.6,0.25,0.4,0.005,0.975,0.8,0.1,1.12482726448037,0.53760992606387,0.449930905792149,0.241439552502993,0.458269325145723,0.797535929445073,-1.25174263284574,3.89544129853233,5.33792288553046
39,0.00471322917421591,0.259015455422548,0.141131007358518,-0.00412363739973054,0.00344059510393091,0.0145866064873978,0.0722230591437434,0.0329527002049179,0.0276801457224637,0.952799951744372,3.53005711520618,0.489866887288022,3.6311119127124,0.500701348404636,3.65836135011244,0.989891380456768,2.79524827058665,-0.126778300930984,2.00394861294409,9.86112479213267,0.888380434631009,0.144731299131094,0.324950688773729,0.0245904998693363,1.20251595549813,3.52566297497538,0.805685690183747,0.408794463683083,0.721509573298878,0.300628988874532,0.0834740183881492,0.385442495037458,-0.58881119816182,-0.00580492029117805,1.01324981968033,1.00973679532009,1.00347914860242,0.714210996193735,0.100797317359353,0.184991686446912,1.09509080429849,1.08344921970549,0.270583270956329,0.764071124491338,-0.0346543954476664,0.00462493545753344,0.916995152696304,0.0278542015957251,1.0095563795627,-0.447654995807923,0.67,0.1,1.035,0.5,0.6,0.25,0.4,0.005,0.975,0.8,0.1,1.1280779692241,0.539675946032207,0.451231187689639,0.243959864345086,0.454978557464808,0.782366504738194,-1.25775471264783,3.9137569786568,5.35100468280148
40,0.00482675140173347,0.26235181145955,0.140028448963312,-0.0046113070349395,0.00322620147170372,0.0161486727902544,0.068990536176839,0.0316770776504791,0.0266514214306429,1.01079777781969,3.74059675637267,0.517671896152085,3.70264152938292,0.508733855013831,3.68376492536808,1.00416056396756,2.80593459072063,-0.126330229320101,2.07331292419385,10.1502369818331,0.924720641299265,0.14303897006146,0.321529844373259,0.0246451194534495,1.20443811438646,3.55736443471905,0.806973536638929,0.415220654769745,0.722662868631877,0.301109528596615,0.0846843876548572,0.386507797622558,-0.596262377982842,-0.00592740994602871,1.01246425318205,1.00985088515874,1.00258787516228,0.713073356935634,0.0998505561687591,0.187076086895606,1.09358474648056,1.08253968720883,0.272590836902105,0.761702944549589,-0.0342937814516931,0.00482140707796102,0.919629335906608,0.0275754030646232,1.00862008559392,-0.451928184211917,0.67,0.1,1.035,0.5,0.6,0.25,0.4,0.005,0.975,0.8,0.1,1.13168375846606,0.542030905885391,0.452673503386424,0.246820051876289,0.450907106885894,0.764603175291346,-1.26519304616179,3.93498728206432,5.36765858550327
41,0.00497577047878046,0.266256540297426,0.138878243149352,-0.00523308585882543,0.00300568979266247,0.0179339848164255,0.0652895480826556,0.0302021865941707,0.0254591213160852,1.08418570664677,4.00782650204024,0.553333071495644,3.787259090024,0.518576673634688,3.71310228468855,1.0210541961564,2.81798517841892,-0.12593708988677,2.16019657779211,10.5098998342474,0.970685453744969,0.141038257374573,0.317421953372636,0.0247127985014063,1.20635509616379,3.59251355230678,0.808257914429739,0.422586886054362,0.723813057698274,0.301588774040947,0.0860815823856302,0.387665024821341,-0.6032243253165,-0.00601733614374722,1.01160071324667,1.01000064933117,1.00158422068001,0.711675500301125,0.0988362431742565,0.189488256524618,1.09182897226619,1.08146211383907,0.274986821754753,0.758930124249477,-0.0339169460042298,0.0050237629636122,0.922642094659782,0.0272729088965593,1.00764350467876,-0.456245219233489,0.67,0.1,1.035,0.5,0.6,0.25,0.4,0.005,0.975,0.8,0.1,1.13571130956138,0.544721610702226,0.454284523824551,0.250037817178417,0.446020627713512,0.744311336023346,-1.27419948231675,3.95964899343391,5.3884827212168
42,0.00514845259002347,0.270794564467184,0.137665099657806,-0.00598390019526607,0.00277564862987045,0.019866759801239,0.0611803568265386,0.0285433335695742,0.0241134379385918,1.17661053129802,4.34491425717012,0.598552749513528,3.88549558063336,0.530214766885483,3.74691021500113,1.04091291875342,2.83158243307462,-0.125585136826913,2.26862970416967,10.9540433098006,1.02797027625846,0.138795571065023,0.312664902991989,0.0247878966863635,1.20829214011408,3.63153237351696,0.809555733876437,0.430834698254439,0.724975284068451,0.302073035028521,0.0876893169467926,0.388941869806915,-0.609597442584281,-0.00608830834736184,1.01065114283036,1.01017419485297,1.00047214428939,0.709995483343325,0.0977415989710512,0.192262917685624,1.08985624562134,1.08023418031614,0.277805674243523,0.755711311465592,-0.0335169857091154,0.00522434443510952,0.925972352655133,0.0269446150835708,1.00662865330665,-0.460601840480274,0.67,0.1,1.035,0.5,0.6,0.25,0.4,0.005,0.975,0.8,0.1,1.14022659702607,0.547808935312394,0.456090638810427,0.253606416789899,0.44037590425177,0.721905049272025,-1.28486885981995,3.98816964263051,5.41400771029314
43,0.00532855060600218,0.276005476507595,0.136381631518488,-0.00681371495545779,0.00253301993156119,0.0218248081354706,0.0567902762942205,0.0267434291813777,0.0226470270364638,1.29157819515958,4.76375776773878,0.654789026685723,3.99637054660309,0.543408590381833,3.785514518034,1.06397287958748,2.84679794559208,-0.12525630714556,2.40246425372744,11.4937951115763,1.09780329072783,0.136436608756168,0.30738349559171,0.0248619808058333,1.21027543599454,3.67464642489063,0.810884542116341,0.439765110232174,0.726165261596723,0.302568858998635,0.0895234297757856,0.390369898166961,-0.615297168453356,-0.00614740685710652,1.00961320072647,1.01035519335903,0.999265612096183,0.708021189316557,0.0965610849486524,0.19541772573479,1.08773370592125,1.07889567953786,0.281064271321314,0.752024046409036,-0.0330883177303493,0.00540678846712581,0.929503900405324,0.0265950091831783,1.00558229015515,-0.464993748493084,0.67,0.1,1.035,0.5,0.6,0.25,0.4,0.005,0.975,0.8,0.1,1.14528287338275,0.551353411532472,0.458113149353102,0.257474124478344,0.434144486393724,0.698179288716786,-1.29717170444146,4.02078071750939,5.44460782964715
44,0.00548759685880278,0.281884520148988,0.135027844049853,-0.00767273439862848,0.00227632630369756,0.0236252732073359,0.0523384926037081,0.0248860616524331,0.0211262965404653,1.43080106666369,5.26787951931996,0.72221688835172,4.11604704214108,0.557491510166034,3.82885730451847,1.09027623087727,2.8635081781851,-0.124927104543897,2.56367010727073,12.1289936578673,1.17970407202956,0.134178628947723,0.301842883951682,0.0249227780556996,1.21233379977589,3.7217465167215,0.812263645849845,0.44897800920981,0.727400279865532,0.303083449943972,0.0915858192179403,0.391979680119274,-0.620289492068566,-0.00622481616998203,1.00849088729166,1.0105150348431,0.99799691495758,0.705759950486017,0.0952972445308579,0.198942804983124,1.08557834459437,1.07752083790708,0.284752380192027,0.747875397394895,-0.0326277775869217,0.00555286583698262,0.933047360347291,0.0262299062682046,1.0045161554855,-0.46941660898895,0.67,0.1,1.035,0.5,0.6,0.25,0.4,0.005,0.975,0.8,0.1,1.15090640279387,0.555400855275706,0.460362561117549,0.261526743804533,0.427684914316575,0.674458314584961,-1.31092042754127,4.05734014265497,5.48035014872617
45,0.00560135161626097,0.28838610363159,0.133610971945909,-0.00850866066939204,0.00200556880997049,0.0251165323073879,0.0480368447435813,0.0230582606984403,0.0196220055095474,1.59448447538253,5.85380334345288,0.79996693074541,4.239510784813,0.571648722223966,3.87648312470051,1.11967187377651,2.88138242719872,-0.124571176274711,2.75251467567731,12.8511192859812,1.27200374111095,0.132222120129863,0.296324458763035,0.0249592644162844,1.21447611883396,3.77239608284757,0.813698999618753,0.458053552330411,0.728685671300376,0.30361902970849,0.0938637936115899,0.393797271372354,-0.624598629447436,-0.00635587063788565,1.00729464329893,1.01062935837434,0.996700358001889,0.703236326694893,0.0939600891173751,0.202803584187732,1.08350153078795,1.07618259067464,0.288837030307719,0.743298070573003,-0.032135100880722,0.00565356412376275,0.936427731706395,0.0258566627040308,1.00344405405215,-0.473866057138542,0.67,0.1,1.035,0.5,0.6,0.25,0.4,0.005,0.975,0.8,0.1,1.1570775978582,0.559978568261887,0.462831039143282,0.265636874663936,0.421372513783121,0.65197131825573,-1.32578818778148,4.09731738509697,5.52096689149263
46,0.00566221553278042,0.295435565763676,0.132154576010511,-0.00919684999062331,0.00172219438918164,0.0262088204342366,0.0440481509195275,0.0213329564828558,0.0181949530766306,1.78117853960311,6.51046006936042,0.886148880751477,4.36162912857478,0.585132008905783,3.92758876308475,1.151846572006,2.89990552072946,-0.124163329650709,2.96740112954623,13.6437097733574,1.37208253739179,0.130708532792831,0.291060666860252,0.0249649773852391,1.21667708276166,3.82588669041111,0.815173645450311,0.46664230731675,0.730006249656995,0.304169270690415,0.0963325148557005,0.39582803328277,-0.628304176983357,-0.00657974680856798,1.00603965829358,1.01069052661044,0.995398326001468,0.700481161040532,0.0925717908406617,0.206947048118806,1.08158430996406,1.07493511423667,0.293270665919018,0.738342452750018,-0.0316131186690355,0.00571107452474027,0.939519483863646,0.0254933943230938,1.002378531512,-0.478337701873724,0.67,0.1,1.035,0.5,0.6,0.25,0.4,0.005,0.975,0.8,0.1,1.16373386007899,0.565080198152348,0.465493544031596,0.269682342304578,0.415515338667916,0.631603755554861,-1.34126528743971,4.13987653346992,5.56589998493109
47,0.00568256078157034,0.302953608555085,0.130697467851165,-0.0096106484093319,0.00143091520210215,0.0269146461593668,0.0404235033812641,0.0197392253031167,0.0168707843246606,1.99016095927616,7.22989044196478,0.979499922923911,4.47950510076791,0.597638536228593,3.98123362034844,1.18642878281612,2.91849076106236,-0.123685923530042,3.20727711269368,14.4954254349674,1.47839420540913,0.129649377209651,0.286128468527486,0.0249416697866726,1.21887050776076,3.88141346429393,0.816643240199708,0.474605671206496,0.731322304656455,0.30471762694019,0.0989620066082474,0.398053902844619,-0.631502148601952,-0.00690723746086007,1.00474412531666,1.01071097358548,0.994096385193437,0.697519791570702,0.091164070534363,0.211316137894935,1.07984499420785,1.07379130824806,0.298005315928209,0.733061919839518,-0.0310672357677266,0.00573493155112276,0.942293825591007,0.0251608240363808,1.00132881429752,-0.482827130221012,0.67,0.1,1.035,0.5,0.6,0.25,0.4,0.005,0.975,0.8,0.1,1.1707814603522,0.570670406280896,0.46831258414088,0.273591006198777,0.410208386894902,0.613532778429408,-1.35673980774498,4.18409742107875,5.61447315209785
48,0.00568828839550916,0.310882486158711,0.129282552227355,-0.00969872643781478,0.00113949357023291,0.027341236294254,0.037092087280535,0.0182530513155903,0.0156312020319602,2.22516383453975,8.02307172002159,1.08162443854085,4.59394608676499,0.609487201664852,4.03662302194629,1.22311993607017,2.93663659666157,-0.123133510785457,3.47546977351786,15.4174602261705,1.59287670704113,0.128912428181967,0.281415692672064,0.0248985776208864,1.22096364577864,3.93830393872749,0.818045642671691,0.482071331965129,0.732578187467186,0.305240911444661,0.10172642527403,0.40043577272194,-0.634259104248383,-0.00731254486215323,1.00342552703669,1.01071672983749,0.992786106546418,0.694364863294181,0.0897692617036702,0.215865875002148,1.07823610371271,1.07271950030881,0.303005737573227,0.727498352136322,-0.0305040897095484,0.00573724875608995,0.944820350937464,0.0248718945834294,1.00030023729868,-0.487329911656641,0.67,0.1,1.035,0.5,0.6,0.25,0.4,0.005,0.975,0.8,0.1,1.17812073437983,0.576693599993247,0.471248293751932,0.277361951611867,0.405285041839504,0.597187620232629,-1.37166674258637,4.22924135695704,5.66611066273445
49,0.00569425016365374,0.319191705114478,0.127934514554045,-0.0095794862022861,0.00085651044547097,0.0276072482929257,0.0339477864110675,0.0168316908816827,0.0144415661030857,2.49478793784067,8.92068841762022,1.19685817700505,4.70749268975323,0.621199947890056,4.09325187631496,1.26174825461087,2.95401485823803,-0.122511236533944,3.78025822506909,16.4425484968209,1.72039204378772,0.128331398810652,0.276755893627952,0.0248451554265615,1.22288095113375,3.99613918760814,0.819330237259609,0.489268836564312,0.733728570680247,0.305720237783436,0.104609366193098,0.40292687484108,-0.636615881973425,-0.00776999830958947,1.00209649121268,1.01072272141447,0.991465285167703,0.691024726391219,0.0884059129157022,0.220569360693079,1.07669683511941,1.07167952168213,0.308250821776071,0.721679229008841,-0.0299300507849122,0.0057294272304222,0.947191010283181,0.0246180500202127,0.999294700089848,-0.491841602478962,0.67,0.1,1.035,0.5,0.6,0.25,0.4,0.005,0.975,0.8,0.1,1.18567426890561,0.583086045191624,0.474269707562245,0.281034996496808,0.400500710116801,0.581818791183895,-1.3857810240675,4.27483235464665,5.72041488739039
50,0.00569845529931203,0.327863216021527,0.126655726321152,-0.00941461045631797,0.000586902910808984,0.0277699408877181,0.030941503032077,0.0154551229439804,0.0132855166929351,2.8086959068848,9.95563959167378,1.32961116810585,4.8212724168018,0.632983977094269,4.15080160607508,1.30221139108291,2.97041793730717,-0.121827722315001,4.13112929404498,17.6044254651619,1.86555224843022,0.127823349598175,0.272078559977048,0.0247848255451013,1.22458869475072,4.05467272025463,0.820474425482983,0.49631773875003,0.734753216850433,0.30614717368768,0.107601353520906,0.405491384885095,-0.638624331029986,-0.00828368775039815,1.00076402797244,1.01072694757581,0.990142817872554,0.687512531386755,0.0870773990176831,0.225410069595562,1.07520234680717,1.07065622813661,0.313725278793546,0.715625129603808,-0.029350408397354,0.00572073494308534,0.949447103547588,0.0243824492923645,0.998311515319937,-0.496357750193837,0.67,0.1,1.035,0.5,0.6,0.25,0.4,0.005,0.975,0.8,0.1,1.19339559357273,0.589794900272136,0.47735823742909,0.2846298330531,0.395743419291935,0.567070272537156,-1.39907396970207,4.32052915648775,5.77707727706831
51,0.00568486019486026,0.336870532012093,0.125432912308126,-0.00932668054140295,0.000331145264230281,0.0278130288068112,0.0281075598296024,0.0141405127548038,0.0121776754201204,3.17244288527258,11.1415819221817,1.48135384048707,4.93330252747677,0.644504127649489,4.20893096504568,1.34437482392556,2.98564491316011,-0.121088772039995,4.53355159958998,18.9146236502959,2.02948358852187,0.127427072868181,0.267462477086859,0.0247143924253029,1.22609199594996,4.11365790150978,0.821481637286472,0.503133033372253,0.735655197569975,0.306522998987489,0.110693182476343,0.408113447676946,-0.640382134034076,-0.00888563901959592,0.999432476357878,1.01071328449583,0.988838765344236,0.683852591528888,0.0857776221449274,0.230369786326185,1.07377703379202,1.06966930926977,0.319410043806893,0.709359440189281,-0.0287694839961739,0.00571766022946793,0.951561717960283,0.0241498677660936,0.997348336737897,-0.500873897908712,0.67,0.1,1.035,0.5,0.6,0.25,0.4,0.005,0.975,0.8,0.1,1.20125542764982,0.596785700211397,0.480502171059928,0.288121677977342,0.391111301470532,0.553141429266051,-1.41165923013588,4.36591884003117,5.83572544544552
52,0.00563109404407853,0.346163702740323,0.124246798035086,-0.00937040094014374,8.65824616251842e-05,0.027675743491284,0.0255379858064054,0.0129330307544827,0.0111565585778456,3.58234328438843,12.4539305269146,1.64812440240393,5.03860960623412,0.654954754586851,4.26709972661985,1.38798768588954,2.99940708680937,-0.120295046079064,4.98373584187469,20.3434738911877,2.20741122355003,0.127274575240917,0.263102773617837,0.0246271126383084,1.22741624997867,4.17269554338625,0.82236888748571,0.509450871022098,0.736449749987203,0.306854062494668,0.113869703644197,0.410792785097576,-0.642045566753602,-0.00961662285405256,0.998107423432003,1.0106592495143,0.987580555871499,0.68008219437542,0.0844980350518207,0.23541977057276,1.07247936028525,1.06876339358303,0.325276598817395,0.702914691235802,-0.0281912900531967,0.00572347781889582,0.95346325642488,0.0239112257822081,0.996402070547174,-0.505385588731033,0.67,0.1,1.035,0.5,0.6,0.25,0.4,0.005,0.975,0.8,0.1,1.20921984766998,0.604034024850251,0.483687939067991,0.291451897351283,0.386869081110802,0.540628235815822,-1.42364311791735,4.41035967654467,5.89579916127125
53,0.005521654758815,0.355666818884058,0.123085540866966,-0.00949560746050904,-0.000150640392982848,0.0272978890610489,0.023331282386557,0.0118832603504718,0.0102658437948535,4.02257375983689,13.8219003789029,1.81976278339152,5.13098129895993,0.663397086027211,4.32450501893637,1.43265291775839,3.01129591236624,-0.119443811188262,5.46564037984471,21.813780190195,2.38823328810899,0.127520399125891,0.259218829211042,0.024517229878519,1.22858041192451,4.23115998835514,0.823148875989425,0.514937408787099,0.737148247154709,0.307145102981129,0.117106696876459,0.413532646744261,-0.643803216573479,-0.0104937757077451,0.996799015332303,1.01054926303261,0.986393293030523,0.676245750957496,0.083236074015591,0.240518175026913,1.07137091982162,1.06798588273814,0.331287144189945,0.696333083018762,-0.0276202272087065,0.00573521764858063,0.955077723277943,0.0236695607846508,0.995470396874263,-0.509888370166663,0.67,0.1,1.035,0.5,0.6,0.25,0.4,0.005,0.975,0.8,0.1,1.21723334279577,0.611512377207162,0.486893337118306,0.294550531947562,0.383320455387726,0.530190282341955,-1.43500054034131,4.45296093632019,5.95652664335276
54,0.0053559194762476,0.365282621531508,0.121959269547936,-0.00952970201257852,-0.000382891826606779,0.0266427409421981,0.021562108678253,0.0110322759698603,0.00954160924008931,4.46415331060564,15.1293724517744,1.98053953707463,5.20462793991601,0.669091419304697,4.38010326736743,1.4778352966114,3.02080106333364,-0.118533092577617,5.94991091812452,23.2032955531831,2.55548126743083,0.128292625810546,0.255985159678481,0.0243834036291193,1.22957660611699,4.28818935437661,0.823816326098382,0.519276849232734,0.737745963670193,0.307394151529247,0.120370314903069,0.416325264579035,-0.645832050679379,-0.0114974629195054,0.995522663443276,1.01038269907363,0.985292666190764,0.67238557896873,0.0820036540655921,0.245610766965678,1.0704975512023,1.06737264721112,0.337397364035329,0.689664347833496,-0.0270617118688246,0.00574187915636688,0.956352236816904,0.023444139646874,0.994553573507296,-0.51437779851395,0.67,0.1,1.035,0.5,0.6,0.25,0.4,0.005,0.975,0.8,0.1,1.22521415072868,0.619176373796673,0.490085660291471,0.297345330607046,0.380711852968498,0.522341212461885,-1.44546110692587,4.49266188600712,6.01698091198874
55,0.00514299203066483,0.374892323371002,0.120908106085145,-0.0092218759506687,-0.000608146090412931,0.0256834351970434,0.0202939586338336,0.0104162150281459,0.00901586171696522,4.8625327468373,16.2114856693026,2.10923391625371,5.25417651560589,0.671551015536103,4.43262019828117,1.52285652880283,3.02732986202184,-0.117566192543499,6.39148124164451,24.3413318675126,2.68744840239464,0.129708456018743,0.253544546759696,0.0242296631483254,1.23036811105526,4.34268454537647,0.824346634407027,0.522163881619631,0.738220866633159,0.307592027763816,0.123616490014367,0.419141908229701,-0.648285213728459,-0.0126006880829737,0.994296604898855,1.01016870699082,0.984287671967938,0.66853838273304,0.0808317097014779,0.250629907565482,1.06989726079624,1.06695335606689,0.343556736350764,0.682966220113714,-0.0265229564644774,0.00573022382802798,0.957243278106669,0.0232671606547819,0.993654747091857,-0.518849443249133,0.67,0.1,1.035,0.5,0.6,0.25,0.4,0.005,0.975,0.8,0.1,1.23305804976676,0.626952646333057,0.493223219906705,0.299754431000021,0.379252041929417,0.517529840228081,-1.45445633870279,4.52828130771769,6.07611654808179
56,0.00489017007709163,0.384356739693325,0.119989533336339,-0.00840944143440525,-0.000818378782970974,0.0244066531936189,0.0195705577302175,0.0100608131674892,0.008711562338001,5.1657623555362,16.892318988768,2.18430366388528,5.27554844803821,0.670599586277654,4.48063103037031,1.56691851920966,3.03026816364572,-0.11655565248507,6.73775019907418,25.0473641773984,2.76241252664772,0.131861529433072,0.251996851686845,0.0240649289698576,1.23090138423395,4.39339004117281,0.824703927436744,0.523343989904193,0.738540830540368,0.307725346058487,0.126792205104747,0.421935652696411,-0.65129984134287,-0.013782720506391,0.993139821470658,1.00991462092748,0.983389883551331,0.664740570657352,0.0797619108629071,0.25549751847974,1.06959762775989,1.06674977790439,0.349709339731244,0.676303882891723,-0.0260132226229678,0.00569145868788364,0.957720838517015,0.0231648515799612,0.992778714270005,-0.523298891398725,0.67,0.1,1.035,0.5,0.6,0.25,0.4,0.005,0.975,0.8,0.1,1.24064027959239,0.634737326592184,0.496256111836957,0.301709534156219,0.379090524650314,0.516097104260242,-1.46129463579933,4.55857261826088,6.13281306422515
57,0.00459468573245119,0.393521599559015,0.119252612780119,-0.00713747924993569,-0.00100209333273227,0.0228186827203378,0.0194050030913573,0.00997500240947582,0.0086368950587647,5.33261596984535,17.0540673913748,2.19243151871377,5.26695996251918,0.666346797269807,4.5227224067872,1.6091645525422,3.02908146941687,-0.115523615171872,6.94674258054087,25.2012853533428,2.76715432232574,0.134801561325904,0.251382882289953,0.0238996215140343,1.23112875798826,4.43904711368084,0.824856267852137,0.522662528707425,0.738677254792958,0.307782189497066,0.129839503172581,0.424649915594099,-0.655001961686604,-0.0150212822796494,0.99207116973799,1.00961765916111,0.982620659153583,0.661037180461812,0.078830410914874,0.260132408623314,1.0696109542172,1.06677229722085,0.355795560242099,0.669747377126392,-0.0255429373684913,0.00562125693353065,0.957774942314101,0.0231414838628701,0.991930815870208,-0.527721751894591,0.67,0.1,1.035,0.5,0.6,0.25,0.4,0.005,0.975,0.8,0.1,1.24782129089301,0.642399441582742,0.499128516357206,0.303177685320486,0.380285541751725,0.518203641135328,-1.46547016349594,4.58231633400817,6.18594415458768
58,0.00426792793732074,0.402262300573732,0.118716654090251,-0.00563862535413884,-0.00114947744397631,0.0210364808003496,0.0196632738968726,0.0100943817938866,0.00873708345421192,5.37946860052035,16.7968920408004,2.14857496419735,5.23518967878993,0.65992153363094,4.55799739590507,1.64893857830657,3.02355806029559,-0.114499242697085,7.0340093247767,24.9095472536957,2.71774239726484,0.138311651951365,0.251446480304698,0.0237451421336287,1.23099958206432,4.47882196221918,0.824769719983093,0.520449936819697,0.738599749238591,0.307749895516079,0.132709506001581,0.427230713488254,-0.659424315552696,-0.0162212590623761,0.99110839319748,1.00928926757701,0.981986458229984,0.657471293033717,0.0780527920693535,0.26447591489693,1.06986198597125,1.06696632383054,0.361768214213554,0.6633523009495,-0.0251205151630542,0.00551773440122569,0.957507566433221,0.0231781017500545,0.991116391029181,-0.5321136599074,0.67,0.1,1.035,0.5,0.6,0.25,0.4,0.005,0.975,0.8,0.1,1.25445738653839,0.649808924001712,0.501782954615356,0.304218997220881,0.382444804767778,0.522965019348802,-1.46694614838822,4.59876817791424,6.23474004787615
59,0.00392650369634831,0.41051189693419,0.118360474009048,-0.00425315255993031,-0.00125666918194989,0.0192255617782875,0.0201374773378364,0.010317700765002,0.00892570142725721,5.36037607891686,16.3421655690709,2.08219697503451,5.19119376560063,0.6527660653638,4.5863345836319,1.68593736730012,3.01390929832496,-0.113512081993179,7.05296711034841,24.4042592829879,2.64505997399006,0.142028965348531,0.251795844672527,0.0236090155849364,1.23049228227433,4.51253148254539,0.824429829123801,0.517333303661662,0.738295369364598,0.307623070568582,0.135375301217097,0.42962463444262,-0.664492268278088,-0.0172798213229673,0.99026147848097,1.00894613621483,0.981481015622937,0.654076834015288,0.0774168441123872,0.268506321872325,1.070232301798,1.06724595578819,0.367600168840069,0.657149896800204,-0.0247500656402726,0.00538190376105873,0.957077058266168,0.0232384107767998,0.990340275743531,-0.536470281154185,0.67,0.1,1.035,0.5,0.6,0.25,0.4,0.005,0.975,0.8,0.1,1.26044798752883,0.65684123347591,0.504179195011534,0.304959674546574,0.384963710038141,0.528959483553858,-1.46624527639479,4.60788265473795,6.27894850126391
60,0.00358926162444242,0.418267496876263,0.11813259065941,-0.00325068173367538,-0.00132790519819037,0.0175395169117154,0.0206248070199847,0.0105468077437231,0.00911911991970291,5.33096605002014,15.8936564364078,2.01925226852167,5.14546251701625,0.646056308919419,4.60832340535778,1.72021759911665,3.00069067690603,-0.1125848706649,7.05893726408739,23.899825987877,2.5762165342915,0.145589218837768,0.252066869802368,0.0234928275153105,1.22962448347982,4.54059593919985,0.823848403931477,0.513975563746032,0.73777469008789,0.307406120869954,0.137835603887169,0.431797891676015,-0.670047223929959,-0.0181235167956703,0.989529873299572,1.00860720793256,0.98108546668817,0.65087213162293,0.0768892110966295,0.272238657280441,1.07060436851784,1.06752612602653,0.373284912494786,0.651145853482704,-0.0244307659774905,0.00521739950405404,0.956639942047487,0.0232873425709593,0.989606427203442,-0.540787316175757,0.67,0.1,1.035,0.5,0.6,0.25,0.4,0.005,0.975,0.8,0.1,1.26576075991645,0.663414318568749,0.506304303966578,0.305541273999888,0.387275560829201,0.534785251632331,-1.46424796221944,4.61026141866591,6.31878520229625
61,0.0032789955413203,0.425589672259525,0.117968313218305,-0.00276219101352237,-0.00137348186811792,0.0161084371496079,0.0209455627791575,0.0106959590333866,0.00924458383761523,5.3369875646104,15.6018059355449,1.97823270836499,5.10691964479031,0.640670096892231,4.62510136261903,1.75215635043196,2.98467474118417,-0.111729728997098,7.09769604296692,23.5560478150433,2.53056711612183,0.148665238055277,0.251954522418172,0.023394039861702,1.22843702868165,4.56390598395418,0.823052809216702,0.510990158189779,0.737062217208987,0.307109257170411,0.140113110130727,0.433745780322527,-0.675866838544139,-0.0187061235923763,0.98890361164352,1.00829539051903,0.980767760065307,0.647853860631246,0.0764262271506346,0.27571991221812,1.07087041657567,1.06772857515397,0.378836313641304,0.645320936165179,-0.0241572498064833,0.00502993657867925,0.956338074435061,0.0233002133515585,0.988917640754022,-0.545060504579751,0.67,0.1,1.035,0.5,0.6,0.25,0.4,0.005,0.975,0.8,0.1,1.2704297361364,0.669511762884149,0.508171894454561,0.306099630112485,0.388906415055823,0.5391893420366,-1.46192914608856,4.60701853080879,6.35484153587661
62,0.00301047322647293,0.432581963332564,0.117803226743574,-0.00280378301743522,-0.0014063373563391,0.0150002110352729,0.0209915596438235,0.0107142034852261,0.00925902667232122,5.40540083601862,15.5424648951584,1.96784762995765,5.08068738165005,0.636963792936129,4.63806705052766,1.782324753422,2.96668930573922,-0.110947008633556,7.19654494842493,23.4545427101827,2.51717096738605,0.151066702514307,0.251296743249836,0.0233065531258235,1.22698983054917,4.58358793469527,0.822083186467947,0.508775064114432,0.736193898329505,0.306747457637294,0.142247343529998,0.435487570853141,-0.681714782497113,-0.0190299478041921,0.988365149313291,1.00802552559261,0.980496152349162,0.645001001300129,0.0759831992059917,0.279015799493879,1.07096428738081,1.06780526191013,0.384281799725003,0.639639158602008,-0.0239209583270109,0.00482725771167516,0.956258184079424,0.023262905090464,0.988275235993143,-0.549285629245122,0.67,0.1,1.035,0.5,0.6,0.25,0.4,0.005,0.975,0.8,0.1,1.27454559731051,0.675173480312943,0.509818238924202,0.306732980045221,0.389606749048912,0.541427054626777,-1.46015184663095,4.59951116317534,6.38789902455363
63,0.00278088808654502,0.439357072204734,0.117580550985743,-0.00332686872530974,-0.00143935465128509,0.0142001256349078,0.0207533648191948,0.0105972354952144,0.00915884419045033,5.54276056648615,15.7209994033348,1.98770685224982,5.06710917831324,0.634677784466876,4.64855373712763,1.81131545709601,2.94746428958291,-0.110226009551291,7.36259137581039,23.6017592020516,2.53537977549277,0.15279854483685,0.250113400365509,0.0232211483273617,1.22535895228078,4.60073521311515,0.820990498028123,0.507412671844608,0.735215371368468,0.306339738070195,0.144283192608617,0.43706342848321,-0.687396847355992,-0.0191442647045211,0.987893309900036,1.00779479252698,0.980252445463585,0.642286489262685,0.0755203992982048,0.282193111439111,1.07088085072348,1.06775267897642,0.389651396869778,0.634060496287641,-0.0237118931574188,0.00461771354077743,0.956407609720923,0.0231687294779211,0.987678995161709,-0.553458520483929,0.67,0.1,1.035,0.5,0.6,0.25,0.4,0.005,0.975,0.8,0.1,1.27823099466187,0.680480495526131,0.511292397864749,0.307481800191087,0.389410963093163,0.541468018328364,-1.45955279071083,4.58901804546202,6.41870897506595
64,0.00258439097491683,0.446025892866528,0.117255202742596,-0.00424680815527589,-0.00148388980285152,0.0136721763858676,0.0202494185539606,0.0103533729778618,0.00895098599769103,5.75382020799145,16.1381062377257,2.03691822250623,5.06536690874239,0.633455942548979,4.65773393222201,1.83969035922187,2.92759173131664,-0.109548158316499,7.60116545957519,23.9982363757445,2.58395495132671,0.153919180888859,0.248462692009034,0.0231289445879992,1.22361118345752,4.61632115681392,0.819819492916537,0.506880174122308,0.73416671007451,0.305902795864379,0.146264288526993,0.43852829886725,-0.692753934666427,-0.0190892602649605,0.987468473784126,1.00759731292979,0.980022932884629,0.639680223095358,0.075005834249475,0.285313942655167,1.07063159604123,1.06757895879135,0.394975407782521,0.628544217835991,-0.0235196256185114,0.0044066562498985,0.956770850376597,0.0230167681543205,0.987127810344044,-0.557575060156319,0.67,0.1,1.035,0.5,0.6,0.25,0.4,0.005,0.975,0.8,0.1,1.28160831508828,0.6855429995088,0.512643326035312,0.308361940366807,0.388417029381875,0.539473043120389,-1.46052849638514,4.57664880922888,6.4479511309594
65,0.00241767838889879,0.452697898703823,0.11679378680622,-0.00547800661547659,-0.00154895945148092,0.0133866558958244,0.0194930952770788,0.00998796863949247,0.00863975950078798,6.05025054157334,16.8174132603284,2.11757605027264,5.07503476964801,0.633053163974154,4.66664358753463,1.86798825769539,2.90754595572163,-0.108890625882395,7.92447958178262,24.6677078024286,2.66476148673678,0.154472635509002,0.246380291938967,0.0230228983723888,1.22179477896836,4.63120887592574,0.8186025019088,0.507160552032657,0.733076867381014,0.305448694742089,0.148231852995122,0.439936026700413,-0.697642155772124,-0.0188858100748169,0.98707392744888,1.00742976678084,0.979794284422418,0.637148963089299,0.074415040158856,0.288435996751845,1.07022418833758,1.06728896470662,0.400285177699256,0.623048643245043,-0.0233338209442991,0.00419551644806944,0.957336098294046,0.0228087157721961,0.986620492901873,-0.561631185734631,0.67,0.1,1.035,0.5,0.6,0.25,0.4,0.005,0.975,0.8,0.1,1.28478982048358,0.690475936062623,0.513915928193432,0.309385015760807,0.386691819671746,0.535552556714694,-1.46328787366025,4.56336920274345,6.47626606502416
66,0.00227513259257958,0.459476869647858,0.116171639065865,-0.00695939064937512,-0.00164124263875598,0.0133087825927563,0.0185060741854915,0.00950986455683801,0.0082323167164065,6.44846622014196,17.7969778272133,2.23347295459397,5.09536667291194,0.633215785061932,4.67617928555422,1.89671266789871,2.88769533179392,-0.108228714138414,8.34947080996365,25.6479172684195,2.78135703755207,0.154515926218947,0.243908219388028,0.0228970120345827,1.21994678402899,4.6461454213624,0.817364345299423,0.508208544245264,0.731968070417394,0.304986696007247,0.15022400429598,0.441333562411651,-0.701934206225571,-0.0185536106851738,0.986695038704519,1.00728650825554,0.979557485003264,0.634659312955748,0.0737294126344851,0.291611274409767,1.06967164928618,1.06689136204907,0.405611622667696,0.617533066089803,-0.0231446887574984,0.00398399682009434,0.958084315963729,0.0225459437734398,0.986156099012347,-0.565622894312622,0.67,0.1,1.035,0.5,0.6,0.25,0.4,0.005,0.975,0.8,0.1,1.2878789117468,0.695386569459233,0.515151564698722,0.310554651345116,0.384313622141765,0.529869520757363,-1.46791775861501,4.54999284316067,6.50425012454589
67,0.002143027111544,0.466444726550159,0.115373411927731,-0.00862464170025445,-0.00176567218682699,0.0133723127926932,0.0173520073542929,0.00894795193192909,0.00775281486082172,6.95779157197105,19.091670495582,2.38513057283186,5.12355065349379,0.633445525149855,4.68699047493682,1.92625711926391,2.86827029273584,-0.107536937062935,8.88596637489193,26.9512825267785,2.93378424702772,0.154189353887772,0.241158780554632,0.02274508610894,1.21810332855041,4.66167325898016,0.816129230128774,0.5098434997057,0.730861997130245,0.304525832137602,0.152271670230803,0.442761534541025,-0.705544781173588,-0.0181313129964691,0.986319003697562,1.0071537422471,0.979313249134085,0.632183925367207,0.0729372164354807,0.294878858197313,1.06901392186197,1.06641486572143,0.410979525041573,0.611964182149209,-0.0229437071907816,0.00377208915223217,0.95896260982079,0.0222323890504987,0.985733822351588,-0.56954624655585,0.67,0.1,1.035,0.5,0.6,0.25,0.4,0.005,0.975,0.8,0.1,1.29096801955969,0.700368226357297,0.516387207823876,0.311844723729758,0.381469333334526,0.522890500968363,-1.47437676289801,4.53708197510684,6.53236766799671
68,0.00201134805692324,0.473658018481985,0.114399221411867,-0.0103528649449716,-0.0019253176144538,0.0135093172822869,0.0161029966005931,0.00833578242290447,0.00722951255272526,7.58512992041997,20.7082492245841,2.57188810513935,5.1562769541772,0.633258187730185,4.69945077697856,1.95688267622227,2.84935904854693,-0.106790947790637,9.54125969894647,28.5814771866449,3.12091806138012,0.153642872500112,0.238248975157179,0.0225627163012213,1.21628600731864,4.67810843609601,0.814911624903491,0.511855451704844,0.729771604391185,0.304071501829661,0.154395770195889,0.444254609082984,-0.708429263508626,-0.0176574368935921,0.98593602248056,1.00702140479721,0.979061634423855,0.629700224197739,0.0720372153710992,0.298262560431162,1.06829549440305,1.0658916530598,0.416406675820192,0.606317457883639,-0.0227241337038302,0.003561926719218,0.959912398768702,0.0218802370336178,0.985352476341581,-0.573397370589323,0.67,0.1,1.035,0.5,0.6,0.25,0.4,0.005,0.975,0.8,0.1,1.29412630580165,0.705501748310446,0.51765052232066,0.313209168136075,0.378353009895648,0.515126244064991,-1.48244136368271,4.52494526610201,6.56093970826724
69,0.00187210929561349,0.481146309254205,0.113264346227884,-0.0120194282642078,-0.00212015571762669,0.0136558137332272,0.0148320649958628,0.00770823334695145,0.00669199790101866,8.33207093072059,22.6368420858238,2.79094833340446,5.18991706331701,0.63221807213314,4.71366033338268,1.98870926407334,2.83092119013611,-0.105970120826775,10.3171989220291,30.5250926488121,3.33954450955921,0.153025364991751,0.235294537077572,0.022348224848386,1.21450193988431,4.6955480733136,0.813716299722485,0.514025502293696,0.728701163930583,0.303625484971076,0.156606637756585,0.445834072180159,-0.710588903861507,-0.0171757517314583,0.985539262405188,1.00688146984209,0.978803654574901,0.62719099158155,0.0710383776215024,0.301770630796948,1.06756217305485,1.06535551010494,0.421903387901974,0.600578104893818,-0.022481492795792,0.00335857743328325,0.960875117482962,0.0215048310471322,0.985009826404471,-0.577172465818572,0.67,0.1,1.035,0.5,0.6,0.25,0.4,0.005,0.975,0.8,0.1,1.29739793881699,0.710842595261016,0.518959175526795,0.314593682973153,0.375156117093205,0.507091643039037,-1.49173058809692,4.51365091038305,6.59013522562268
70,0.00171054050162907,0.48890003920072,0.111995431277175,-0.0135239633903147,-0.00234713075442328,0.0137301637809673,0.0136395064622214,0.00711474306220871,0.00618257158559274,9.16942971625684,24.7756058854236,3.02812539376374,5.21891283351605,0.629715222739296,4.72936510389611,2.02165396468322,2.81277076657686,-0.105059627363967,11.1847363138405,32.6747225535361,3.57488295892509,0.152554283182382,0.232472255465412,0.0221019697860229,1.2127563059699,4.7138066253639,0.812546724999836,0.516018687785446,0.727653783581943,0.303189076492476,0.158901650281934,0.447507537554068,-0.712095305049726,-0.0167484645284841,0.985125065910597,1.00671909320414,0.97855009660658,0.624650402503471,0.0699579912258375,0.305391606270692,1.06687955406454,1.06485619168378,0.427468364203409,0.594745955278374,-0.0222143194817826,0.00316849778664927,0.961770916626498,0.0211210863737629,0.984702287711848,-0.580867806680378,0.67,0.1,1.035,0.5,0.6,0.25,0.4,0.005,0.975,0.8,0.1,1.30080237160389,0.716412789875024,0.520320948641554,0.315932024329766,0.372163780786358,0.499536595145191,-1.50175305955849,4.50295197970554,6.6198740344267
71,0.00150497766363054,0.496859536149152,0.11062617794159,-0.0147950899729299,-0.00260091374456495,0.0136371601905458,0.0126498527132955,0.00661833274294373,0.00575553945305071,10.010561006011,26.8573975530256,3.24950522176389,5.23582966778004,0.624969520575963,4.74587051269649,2.0553665401919,2.7945562342103,-0.104052261705715,12.0571871260517,34.7556749146512,3.79224891877926,0.152521640898065,0.230024620342575,0.0218264381451247,1.21105476420244,4.73234138244379,0.811406692015636,0.517365461060697,0.726632858521465,0.30276369105061,0.161262061049283,0.449273531308297,-0.713103728268772,-0.0164443123198149,0.984694614893154,1.00651250255195,0.978323282022353,0.62208950986892,0.0688193848143553,0.309091105316725,1.0663300614243,1.0644570327126,0.433085254790133,0.588839545186487,-0.0219247999766196,0.00299722502518457,0.962501962817947,0.0207421037731322,0.984425129363023,-0.584479746319455,0.67,0.1,1.035,0.5,0.6,0.25,0.4,0.005,0.975,0.8,0.1,1.30432466573276,0.722200783297188,0.521729866293104,0.317155380043034,0.369761291089836,0.493452054344226,-1.511961520528,4.49220922371629,6.64971105553415
72,0.00124632817162044,0.504934493865471,0.109194916741682,-0.0157753878237955,-0.00287476441168211,0.0133305079629897,0.0119359149315554,0.0062575609077985,0.00544453067826916,10.7490003415644,28.5712686707699,3.41772913851517,5.23613414425456,0.617654615757061,4.76220297208595,2.08931688960709,2.77583564432923,-0.102949561850374,12.8277720508629,36.4521763075162,3.95396165783093,0.153111196243106,0.228101712826448,0.0215274654090785,1.20938087787707,4.75038055897695,0.81028518817764,0.517738164513747,0.725628526726244,0.302345219469268,0.163656376551666,0.45112132351364,-0.713806113617247,-0.0162912352296199,0.984255311059459,1.00625255981248,0.978139435732597,0.619529012623499,0.0676494189524796,0.312821568424021,1.06595807552262,1.06419175905669,0.43872907178784,0.582888982388852,-0.0216180541766919,0.00284835464504627,0.963014476607811,0.0203800647278251,0.98417288525082,-0.588004720187453,0.67,0.1,1.035,0.5,0.6,0.25,0.4,0.005,0.975,0.8,0.1,1.30790515321688,0.72816819603539,0.523162061286752,0.318220994982979,0.368185683283036,0.489452172414045,-1.52180999400292,4.48055795252347,6.67894128954394
73,0.000951564567817167,0.513041451077699,0.107747247950917,-0.0163767663282282,-0.00316101665166357,0.0128436950162205,0.0114752156247409,0.00602326583442062,0.00524217680049516,11.3323789841438,29.7808082261393,3.51903746694407,5.22141443462305,0.608304568057203,4.77744686465822,2.12298887075401,2.75621919191507,-0.101761198010859,13.4435855469111,37.6289657185985,4.04679485241903,0.15426805267621,0.226649277382571,0.0212140154286181,1.20768194596029,4.76719675066752,0.809146903793393,0.517168784325103,0.724609167576173,0.301920486490072,0.166050360662876,0.453021492331941,-0.714359053585469,-0.0162614812387617,0.983818509187352,1.00595632239066,0.977993265999171,0.616983571392945,0.066478281848518,0.316538146758537,1.06573976309415,1.06404060774222,0.444377285797398,0.576923044880346,-0.0213003306777437,0.00272281089647582,0.963332322147603,0.0200507237126276,0.983939919504845,-0.59143924956074,0.67,0.1,1.035,0.5,0.6,0.25,0.4,0.005,0.975,0.8,0.1,1.31145615752233,0.734252115188689,0.52458246300893,0.319111969183527,0.367350587424673,0.487360067833749,-1.53074350270874,4.46724891830173,6.70689739133866
74,0.00064839862860204,0.52112024178646,0.106334990731383,-0.0165124539068582,-0.00345055040981657,0.0122419719336666,0.0112001235520829,0.00588262711547318,0.00512052638819936,11.7682508425862,30.5304171307899,3.56269103405313,5.19619330723941,0.597854718516395,4.79093397712138,2.15598703862702,2.73545074001068,-0.100503801516314,13.9116349352166,38.3345476291587,4.08093850945151,0.155812062243766,0.225507898885871,0.0208965583982925,1.20589100069859,4.78226069074775,0.807946970468057,0.515895577528055,0.723534600419156,0.301472750174648,0.168415008240381,0.454925522700867,-0.714861314045522,-0.016312211305573,0.983394901624534,1.00565164062175,0.977868341184776,0.614456225903613,0.0653381970863012,0.320205577010086,1.06562394452247,1.06396321335473,0.450013932342099,0.570963981776514,-0.0209779141186126,0.00261836477353277,0.963512965831947,0.0197702781248031,0.98372110575174,-0.594779944973481,0.67,0.1,1.035,0.5,0.6,0.25,0.4,0.005,0.975,0.8,0.1,1.31489752468518,0.74037092232544,0.525959009874071,0.319821472433521,0.367004010015916,0.486600088913686,-1.53820898032379,4.45182362012518,6.7331339408842
75,0.000365103398199363,0.529140461930541,0.105009243904255,-0.0161541042836979,-0.00373300185372349,0.0115998906472929,0.0110232084278607,0.00579201255300453,0.00504211652578529,12.1135755172684,31.0024021014214,3.574101355058,5.16594119064612,0.587323233003717,4.80233271345789,2.18809540123843,2.71343697129146,-0.099199659072005,14.2884445888901,38.75639786489,4.0828109457185,0.157504554097397,0.224477622748909,0.0205860167287797,1.20394409817448,4.79531480587047,0.806642545776902,0.514256320768804,0.722366458904689,0.30098602454362,0.170730883714087,0.456782524558943,-0.715348551317263,-0.0163967353478704,0.982992122911404,1.00536692891519,0.977744636947697,0.61193903865078,0.064259255764215,0.323801705585005,1.06555178406975,1.06391447448781,0.455631779764246,0.565024777162743,-0.0206565569269891,0.00253029463484206,0.963626317572685,0.0195492516169958,0.983512358908881,-0.598023509562629,0.67,0.1,1.035,0.5,0.6,0.25,0.4,0.005,0.975,0.8,0.1,1.31817467889515,0.746451028138472,0.527269871558062,0.320358779197748,0.366830041181623,0.486422867392984,-1.5437411761505,4.4341622284372,6.75751660197483
76,0.00011485789869347,0.537084019997426,0.103813939014053,-0.0153354948303748,-0.00399815121914904,0.0109540194987165,0.0108971225380073,0.00572749668712318,0.00498632159489403,12.4051720287086,31.3133974970923,3.56975675619207,5.13338912065391,0.577310986206223,4.81151133229128,2.21919992017495,2.69018627286747,-0.0978748607511449,14.6105995783062,39.0137645379266,4.06948464984057,0.159213551127476,0.223451295511104,0.0202917681934226,1.20180424863651,4.80625936307356,0.80520884658646,0.512440775602717,0.721082549181905,0.300451062159127,0.172985921704859,0.458549198388312,-0.715830579964181,-0.0164966131974,0.982613805474705,1.00511543218819,0.977612893014193,0.609422416859137,0.0632665416176113,0.327311041523252,1.06549694828298,1.06387551823351,0.461227204288164,0.55911460808614,-0.0203418123743041,0.00245240924006164,0.963707585331144,0.0193914800638157,0.983310948069137,-0.601166742321537,0.67,0.1,1.035,0.5,0.6,0.25,0.4,0.005,0.975,0.8,0.1,1.32126555294171,0.75243244374173,0.528506221176684,0.320734588529713,0.366660774742641,0.486428903792925,-1.54702403906807,4.41432116450893,6.78009489031339
77,-8.53592981697356e-05,0.544961463896207,0.102778252039278,-0.0141713169916722,-0.00423721219718942,0.0103677010107077,0.0107403875241862,0.00564789928609828,0.00491765887894837,12.7286683887213,31.7056410638123,3.57939404624984,5.10309593169525,0.568531457063572,4.81865057860456,2.24937654418348,2.66583061057662,-0.0965565761555414,14.9635818673637,39.3534089569,4.07139064529246,0.160714718795768,0.222264167546718,0.0200217181345896,1.19943976284993,4.8152482765816,0.803624641109453,0.51076798671114,0.719663857709958,0.299859940712482,0.175177784336829,0.460201824378604,-0.716261555686996,-0.0165671783444953,0.982261508325488,1.00491421390534,0.977458070284609,0.606891968633688,0.0623752957128465,0.330732735653466,1.06540781622597,1.06380745591565,0.466806320049582,0.553231774555448,-0.0200380946050293,0.00237840929372673,0.963820049117956,0.0192916075648884,0.983115502073821,-0.604206541258957,0.67,0.1,1.035,0.5,0.6,0.25,0.4,0.005,0.975,0.8,0.1,1.32416423786044,0.758292823374593,0.529665695144178,0.320987947323928,0.366233496296066,0.485935323209617,-1.54799388206596,4.39259497300364,6.80119111807647
78,-0.000226385364064495,0.55280612155413,0.101914728159416,-0.0128088241847794,-0.00444434959214446,0.00988655960834173,0.0104882015602613,0.00552016575551008,0.00480756482623921,13.1664411091768,32.3985658734594,3.62853385017354,5.07826649688592,0.561420164967253,4.82418182043258,2.27885985015768,2.64059192389713,-0.0952699536222266,15.4298176955232,39.9980625501326,4.11446462357457,0.161831082985436,0.220796002022906,0.019780562056009,1.19684039522274,4.8226428681481,0.801883064799237,0.509503800845369,0.718104237133645,0.299210098805686,0.177314346796642,0.461725318666504,-0.716565284849158,-0.016585138623822,0.981932903958996,1.00477248270912,0.977268905007691,0.604331540376199,0.0615902846556017,0.3340781749682,1.06524804037,1.06368408543604,0.472382661973191,0.547365754893214,-0.0197484168664058,0.00230398713115977,0.964011756239196,0.0192391818474655,0.98292559220128,-0.607139906460339,0.67,0.1,1.035,0.5,0.6,0.25,0.4,0.005,0.975,0.8,0.1,1.3268926263555,0.764026511638095,0.530757050542198,0.321163673241928,0.365355748080696,0.48441082091292,-1.54683411766894,4.36944251205778,6.8213371028341
79,-0.000308405680734187,0.560658762561415,0.101224768458246,-0.0113557675268634,-0.00461705436811677,0.00952241448372271,0.0101160608987095,0.00533138867533038,0.00464478067882704,13.7720097560022,33.5224599415997,3.73162859368906,5.05989620265333,0.556080840652692,4.82862799938426,2.30795100752318,2.61471264643279,-0.0940356545717104,16.063046450716,41.0792048695862,4.21324337797365,0.162494803419691,0.219009276394081,0.0195695982036133,1.19401861802024,4.82888267294339,0.79999247407356,0.508765666274021,0.716411170812143,0.29850465450506,0.179409116229011,0.463119276579882,-0.716665844371271,-0.01655278589511,0.981622526519686,1.00469005229086,0.97704015709265,0.601726884787433,0.0609096645877098,0.337363450624857,1.0650082140131,1.06349977276743,0.47797241946242,0.541502192081836,-0.019474611544256,0.00222740511888267,0.964298602689243,0.0192256256713415,0.982741201186968,-0.609963943048377,0.67,0.1,1.035,0.5,0.6,0.25,0.4,0.005,0.975,0.8,0.1,1.32949431760252,0.769650298645844,0.531797727041009,0.321288884712756,0.363967909579856,0.481660959771194,-1.54385441470129,4.34534788545548,6.84114121802005
80,-0.000337293435346659,0.568557233922946,0.100703165189869,-0.00988346525747097,-0.00475504630835077,0.00926580610556438,0.00962685970947863,0.00508240725236943,0.00442987214572671,14.5836349915181,35.1608710339222,3.89765827783677,5.047685751503,0.552432945172334,4.83249631809448,2.33695426480675,2.58841093085981,-0.0928688775720923,16.9018241464683,42.680312788956,4.37661017783386,0.162711553772924,0.216918822230567,0.0193878323968492,1.19100011319618,4.83439793558748,0.79797007584144,0.508566318046091,0.714600067917708,0.297750028299045,0.181476663629477,0.464396326281878,-0.716501685410712,-0.0164832253760786,0.981323814535136,1.00466102009748,0.976771064970674,0.599067707190253,0.0603280142770961,0.340604278532652,1.06469542861672,1.06326099159532,0.483591525170593,0.535626053378863,-0.0192175785494559,0.0021487838267827,0.964675403405381,0.0192445022093966,0.982562338201996,-0.61267586403991,0.67,0.1,1.035,0.5,0.6,0.25,0.4,0.005,0.975,0.8,0.1,1.33201984727917,0.775198396955813,0.532807938911666,0.321373621014572,0.362093999771678,0.477714356595569,-1.53939887935862,4.32073186351502,6.86120055471566
81,-0.000320870921319463,0.576528634708182,0.100344690116605,-0.00840178899676625,-0.00485936696202627,0.00909290441949295,0.00904287000412562,0.00478387990842205,0.00417187407929696,15.6290018268964,37.3664426797048,4.13246685142777,5.04048894613382,0.550306849599911,4.83620259543858,2.36612798662051,2.56185434066,-0.0917797318419324,17.9741387298274,44.8530956942812,4.61022727216661,0.162537912309017,0.214571980932449,0.0192333029808635,1.18781556601815,4.83954549150102,0.795836429232163,0.508844311315182,0.712689339610893,0.296953891504539,0.183528995998501,0.465574176082274,-0.716032235673335,-0.0163947480895162,0.9810305733293,1.00467752472407,0.976463142836535,0.596347968087863,0.0598403520594434,0.343811679852694,1.06432889089469,1.06298326366734,0.489253280855213,0.529724363287355,-0.0189776441425682,0.00206891506561999,0.965121957418248,0.019294546292742,0.982388897416597,-0.615272993096333,0.67,0.1,1.035,0.5,0.6,0.25,0.4,0.005,0.975,0.8,0.1,1.33451687910322,0.780708916599642,0.533806751641289,0.321410257776521,0.359810031080437,0.472752735970624,-1.53374317969857,4.29590520593934,6.88204655419001
82,-0.000273614803764645,0.584579190493098,0.100142785442791,-0.00693325132142486,-0.00493106197667914,0.00896392521584599,0.00840796379937342,0.00445764480980161,0.00388951597704526,16.9069929434676,40.1165261864306,4.43387877304898,5.03590133723395,0.54938396517932,4.83999560030009,2.39563006501969,2.53514013770204,-0.090774602421642,19.2791489114595,47.572684718563,4.91159188412831,0.162098631387412,0.212062472165924,0.0191037483216506,1.18450257047985,4.84454392874362,0.793616722221503,0.509436443487186,0.710701542287913,0.296125642619964,0.185572728415213,0.466671307252005,-0.715249870731438,-0.016312305008071,0.980738048795254,1.00472501712222,0.976125837499631,0.593569748767885,0.0594417279961939,0.346988523235922,1.06394274847365,1.06269373682361,0.494965339437135,0.523789760760372,-0.0187551001975068,0.00198793750578857,0.965600944619654,0.019373223067972,0.982220790759649,-0.617752767164822,0.67,0.1,1.035,0.5,0.6,0.25,0.4,0.005,0.975,0.8,0.1,1.33702353239677,0.786211406866182,0.53480941295871,0.3213861535599,0.357266307129225,0.467158480850386,-1.52711917169458,4.27100630206376,6.90406138704153
83,-0.000219094345667277,0.592683159457806,0.100085204703858,-0.00554357079188128,-0.0049714429114418,0.00882254886380873,0.00779016544501236,0.00413839762735504,0.00361276029218286,18.3455552780929,43.2104241504948,4.77995529718293,5.0298853928987,0.54911945670978,4.84386366978619,2.42545052337528,2.50827064663701,-0.0898575002260979,20.7450066761935,50.634489919404,5.25821392013574,0.161607034232763,0.209545653047916,0.018996666469125,1.1811082735624,4.8493926878451,0.791342543286806,0.510044413045596,0.708664964137438,0.295277068390599,0.18760615950744,0.467706619612443,-0.714193982196347,-0.0162674583844077,0.980444050133182,1.0047798101826,0.975780006920123,0.590748280255843,0.0591251625578583,0.350126557186299,1.0635867845213,1.06243160381744,0.50072642186528,0.517824368650682,-0.0185507905159614,0.00190489676080609,0.966056743295341,0.01947340846816,0.982058168866858,-0.620112739007759,0.67,0.1,1.035,0.5,0.6,0.25,0.4,0.005,0.975,0.8,0.1,1.33955962249114,0.791718969388937,0.535823848996455,0.321295801098819,0.354712252327108,0.461567484430417,-1.51978440884904,4.24592119938244,6.92735376278447
84,-0.000186045265888347,0.600774580836089,0.100154511816516,-0.00429392856409416,-0.00498295905922841,0.00860119974189111,0.00727739266473813,0.00387180279229443,0.00338123770437168,19.7455493973808,46.1378646781817,5.11384380135095,5.01704750457215,0.54876887847768,4.84744117251182,2.45534353218487,2.48112876677908,-0.0890311264521321,22.1726357783403,53.5229201980908,5.59249109517077,0.161358977240527,0.20723019228088,0.0189095417942759,1.17768442603794,4.853787972512,0.789048565445423,0.510240155545192,0.706610655622766,0.294421106509486,0.189616128465917,0.46869762172242,-0.712957455622946,-0.0162931029157228,0.980150257158077,1.00481302450778,0.975455366572516,0.587913984374561,0.0588822380951369,0.353203777530302,1.06332124218449,1.06224368968949,0.50652363686397,0.511842986532506,-0.018366623396476,0.00181755558330475,0.966420146339142,0.0195872822214505,0.981901675142786,-0.622350579617857,0.67,0.1,1.035,0.5,0.6,0.25,0.4,0.005,0.975,0.8,0.1,1.34211566048192,0.79722142044475,0.536846264192769,0.321141695798374,0.352483862926543,0.456843860416198,-1.51202008164641,4.22022410203182,6.95163440593218
85,-0.000206411933861445,0.608737416103662,0.100333122861689,-0.00319460434401519,-0.00496909763669684,0.00821932180447926,0.00698319446918909,0.00371751195649364,0.00324687799529507,20.708301196606,47.916065789851,5.32475911773045,4.99060569161868,0.547397154647398,4.84988197695776,2.48473592035429,2.45344449925072,-0.0882984426472442,23.1632161482707,55.2483889223035,5.80269848383368,0.161753243431841,0.205386547194671,0.0188406541030728,1.17428160450925,4.85700818163233,0.786768675021195,0.509434994363741,0.704568962705547,0.293570401127311,0.191574212121482,0.469655069409633,-0.711695167380113,-0.0164264146549957,0.979863330767329,1.00479255600647,0.975189679610863,0.585113356763722,0.0587062503121896,0.356180392924089,1.0632152224169,1.06218195879176,0.512329151958644,0.505877155548783,-0.0182063075074264,0.0017221789436043,0.966606376121578,0.0197109483247814,0.981752739466033,-0.624464080516613,0.67,0.1,1.035,0.5,0.6,0.25,0.4,0.005,0.975,0.8,0.1,1.34464316345953,0.802673642603731,0.537857265383811,0.320930974178755,0.351020096910228,0.454132924341838,-1.50407226109126,4.193109712656,6.97606036075054
86,-0.000293948819554003,0.616430586271118,0.100608371228034,-0.00220356442401104,-0.00493337542766237,0.00764218945183859,0.00698254436901883,0.00371571452078841,0.00324488427193627,20.8689072497531,47.6883434280578,5.31444336407739,4.94781565989433,0.544540575361264,4.850030605504,2.51283113471166,2.42486113755137,-0.0876616667590275,23.3513506545919,54.9512681795474,5.79011051126215,0.163051842360208,0.20418322560923,0.0187882385825256,1.17091764215828,4.85805208402663,0.784514820246044,0.507213594547689,0.702550585294965,0.292729410539569,0.19343957223306,0.470579548680676,-0.710572063817596,-0.0166627981984319,0.979596111120352,1.00470458143635,0.975009101401628,0.582397968102301,0.0585941109772891,0.35900792092041,1.06328414943769,1.06225045485491,0.518106242847212,0.499968213561278,-0.0180744564084899,0.00161412871748578,0.966573578686926,0.0198455340722498,0.981613738093475,-0.626451155933804,0.67,0.1,1.035,0.5,0.6,0.25,0.4,0.005,0.975,0.8,0.1,1.3470425090979,0.80800341768709,0.538817003639161,0.320650629716148,0.350590552838887,0.454173384091867,-1.4960832291321,4.16358103970142,6.99937519002189
87,-0.00042382357090294,0.623751223412944,0.100973782921509,-0.00126402316941321,-0.00487832575439318,0.00693958992235033,0.007225331468132,0.00384141347158089,0.00335386857720017,20.3356283237348,45.7882226031463,5.11790652837646,4.89488182389885,0.540833893032302,4.84701125515691,2.53898782452193,2.3951423235328,-0.0871188928978189,22.8445014696047,52.9709222484797,5.59037094881558,0.165059502906505,0.203483738102955,0.0187494203046316,1.16755181256765,4.85613996808083,0.782259714420324,0.50380094060649,0.700531087540589,0.291887953141912,0.195174181558535,0.471451474219088,-0.709659800464517,-0.0169191899048201,0.979364769950852,1.00457405731124,0.974905496337558,0.579802575092996,0.0585448593547724,0.361652565552232,1.06344494392752,1.06237342859775,0.523825444332676,0.494148289993315,-0.0179737343259908,0.00148944740997468,0.966383523178114,0.0199945029333377,0.981487834123139,-0.628309844865898,0.67,0.1,1.035,0.5,0.6,0.25,0.4,0.005,0.975,0.8,0.1,1.34918289090878,0.813124146858904,0.539673156363512,0.320257329358555,0.350953491488578,0.456403517155931,-1.48807075220546,4.13096185912701,7.02051655750037
88,-0.000559218566304668,0.630660365566256,0.101423225795716,-0.000375547123719677,-0.0048052434156981,0.00621828934123858,0.00758090911559756,0.00402672236568348,0.00351492979104182,19.5362041822466,43.3091110110906,4.85713930790269,4.84019724715354,0.537232305637226,4.84061129984951,2.5629653424832,2.36431059425366,-0.08666463688735,22.0697209586629,50.4088651677237,5.32642901291421,0.167308648941239,0.202982630838723,0.018722036261648,1.16412692600026,4.85105410222214,0.779965040420172,0.499838760849344,0.698476155600154,0.291031731500064,0.196757215008114,0.472228724807385,-0.708918957972783,-0.0171038565380743,0.979180962848139,1.00443798534086,0.974854572545708,0.577339341465432,0.0585556183901984,0.364105040144371,1.06360925876718,1.06248229576784,0.529471420790951,0.48843223464277,-0.0179036554337208,0.00134697414731302,0.966138207633007,0.0201568361705546,0.981378422459236,-0.63003831301132,0.67,0.1,1.035,0.5,0.6,0.25,0.4,0.005,0.975,0.8,0.1,1.35096464834776,0.817939625608659,0.540385859339103,0.319730826457839,0.351582884207237,0.459506544800642,-1.48003964896828,4.09518358519004,7.03908229742429
89,-0.000674912366054829,0.637170074058642,0.101945057623464,0.000405476225576518,-0.00471535484085683,0.00555802408175321,0.00792328544041329,0.00420561472310562,0.00367058525007475,18.8210756988128,41.1113182649552,4.62925163921814,4.78908251771535,0.534338698307596,4.83122083910885,2.58489823822714,2.33261485983483,-0.0862922589531179,21.3771630003742,48.1306952728964,5.09600339587828,0.169377384269133,0.202419185313545,0.0187053173056637,1.16061423835297,4.84310132979712,0.777611539696487,0.495939822509833,0.69636854301178,0.290153559588242,0.198188320934906,0.472871984773929,-0.708249033700053,-0.0171703825073018,0.979047445448788,1.00432171307211,0.974834490488097,0.575005059632125,0.0586189239379801,0.366376016429895,1.06373431952151,1.06255381077208,0.535040380950682,0.482820996496459,-0.017861377447141,0.00118935187385198,0.96591703605557,0.0203257698659246,0.981288390048691,-0.63163485458069,0.67,0.1,1.035,0.5,0.6,0.25,0.4,0.005,0.975,0.8,0.1,1.35235599525678,0.82237882406889,0.540942398102712,0.31910031861817,0.35203026812155,0.462304781627381,-1.47208875830639,4.05668579912528,7.05531509244342
90,-0.000770596324666866,0.643303716783616,0.102521237915866,0.00101482159419808,-0.00461098847530728,0.00497100668992023,0.00821182331408864,0.00435641787408436,0.00380183634068253,18.2654792301671,39.3647870882366,4.45336463177854,4.74178062134366,0.532109056507615,4.81941173035112,2.60503704389967,2.30036971263806,-0.085995026186609,20.8421898142809,46.3068217890437,4.91817676574751,0.171152384281715,0.20173187110195,0.0186981036479577,1.1570336461753,4.8327609738452,0.775212542937453,0.492310570241743,0.694220187705181,0.289258411543826,0.199478844067577,0.473365038660871,-0.707569431199257,-0.0171398818735495,0.97895932277467,1.00422555069371,0.974840086570606,0.57279511173681,0.0587236639274145,0.368481224335776,1.06383009685395,1.06260453479124,0.540530087415292,0.477313382077601,-0.0178434694928929,0.00102218723166101,0.965735014577555,0.0204924675705908,0.981219539546394,-0.633097893980234,0.67,0.1,1.035,0.5,0.6,0.25,0.4,0.005,0.975,0.8,0.1,1.35338540265625,0.826412497176433,0.541354161062499,0.318408328047609,0.352188534728003,0.464480611163389,-1.46440157911304,4.0160428493584,7.06966019393662
91,-0.000874558461930365,0.649048013683456,0.103127462159068,0.00139082114942712,-0.00449575241682687,0.00439347333141105,0.00851699395210353,0.0045151313931365,0.00393976104782857,17.7048860732671,37.6718254283344,4.28298484959414,4.69364143572624,0.529847047573154,4.80545333360366,2.62343128536023,2.26778790562912,-0.0857658573856783,20.3005809073233,44.5352462195643,4.74576321292776,0.172899925617454,0.201082489287965,0.0186971731461416,1.15344809888532,4.82027355725354,0.772810226253167,0.488639641939344,0.692068859331194,0.288362024721331,0.200636376921552,0.473719186839697,-0.706889082981075,-0.0170853689703877,0.978909506256144,1.00412106874576,0.974891909676681,0.570719093941865,0.058856811763947,0.370424094294189,1.0639553145345,1.06268242535644,0.545927949609766,0.47191966047637,-0.0178476100861361,0.000852213143477166,0.965531580654971,0.020646836289132,0.98117236227977,-0.634425987366698,0.67,0.1,1.035,0.5,0.6,0.25,0.4,0.005,0.975,0.8,0.1,1.35409912592111,0.83003914161658,0.541639650368444,0.317672204555168,0.352331806351739,0.466762093181059,-1.45719509459081,3.97356235265561,7.08223715943464
92,-0.00100891816992974,0.654364168282568,0.1037343210326,0.001484302026731,-0.00437450756818647,0.00378035760202788,0.00890353972629742,0.00471519967785337,0.00411336868973348,17.0249297822471,35.7635958839778,4.08541177049205,4.64193860302688,0.527040807246239,4.78934267050236,2.63995688515565,2.23498128103668,-0.0855954956899659,19.6380754606696,42.5446447234236,4.54555462413339,0.174848385148306,0.200606495259898,0.0186975420850674,1.14991193009759,4.80566123694086,0.770440993165388,0.484638791790543,0.689947158058557,0.287477982524399,0.201659591881386,0.473963453287665,-0.70626572449705,-0.017042843172587,0.97889494413662,1.00398603723922,0.975008523851988,0.56879634791651,0.0590037029569415,0.372199949126549,1.06413848171276,1.06280577077235,0.551214867421178,0.466657208472889,-0.0178720758940665,0.000685576461968567,0.9652624059668,0.0207785647329078,0.98114613771433,-0.635617824072253,0.67,0.1,1.035,0.5,0.6,0.25,0.4,0.005,0.975,0.8,0.1,1.35451114619055,0.833274431215643,0.541804458476218,0.316887604473098,0.352685976263236,0.469770040427537,-1.45068006583299,3.92931721383825,7.09284590540892
93,-0.00118280598700374,0.659207903085831,0.10431158466629,0.00128802404008521,-0.00425313579348008,0.00311758218769564,0.00939638263647711,0.00496933236054192,0.00433366146205463,16.2163778378032,33.6225624197508,3.85697219300052,4.58622248117468,0.523462907992063,4.77099505013084,2.65443742414622,2.20202969709697,-0.0854720711123423,18.8453510717048,40.3171540026862,4.31365695880547,0.177078129606673,0.20034933809307,0.0186939289252243,1.14645913873414,4.78888587176343,0.768127622951873,0.480212319778881,0.687875483240483,0.286614784683535,0.202542319851363,0.474117689522591,-0.705766304873074,-0.0170163801221866,0.978916177823539,1.00381127998306,0.97519941979538,0.567047887446175,0.0591496637211828,0.373802448832643,1.06438513642057,1.06297600309811,0.556369771138917,0.461545164888944,-0.0179149360278614,0.00052701776894307,0.96491255628352,0.0208804765057918,0.981139204507127,-0.636672227897962,0.67,0.1,1.035,0.5,0.6,0.25,0.4,0.005,0.975,0.8,0.1,1.35460803215634,0.836115784961098,0.541843212862537,0.316044551214068,0.353319962085367,0.473721159825663,-1.44501364395302,3.8833222834394,7.10117719248716
94,-0.00138326700697102,0.663565862284421,0.104831274030347,0.000823789389368557,-0.00413768306674189,0.00244586565027527,0.00994574142539537,0.00525177781225321,0.00457832270709174,15.3959188964815,31.5160499535509,3.62795297178771,4.52955482362552,0.519353909340821,4.7505444248106,2.66685326277782,2.16907274183376,-0.0853815798009838,18.0388992635712,38.1232086191184,4.08060763994452,0.179410227676253,0.200214621160428,0.0186823386169716,1.1430954486115,4.77009970537323,0.765873950569704,0.475604760176985,0.685857269166899,0.285773862152875,0.203283123364385,0.474190429517414,-0.70541254972953,-0.0169701676792587,0.978974949722661,1.00360981665799,0.975453740560882,0.565483838140532,0.0592803911958426,0.375235770663626,1.06466060161863,1.06316606193907,0.56137844935197,0.456594560089867,-0.0179730094418363,0.000379806507245138,0.964521563039563,0.0209482477098944,0.981149250795287,-0.63758815827455,0.67,0.1,1.035,0.5,0.6,0.25,0.4,0.005,0.975,0.8,0.1,1.35436930096554,0.838556997626464,0.541747720386217,0.315152080478878,0.354058962708446,0.478126665160296,-1.44030054590753,3.83578202511725,7.10714028692237
95,-0.00160183539368349,0.667445629786945,0.105269506566258,0.000129752975510211,-0.00403374519393063,0.00178951626154045,0.0105135383626721,0.00554264411387512,0.00483004068991193,14.6290738701451,29.5878284094819,3.41512129984893,4.47358674323243,0.514822526933021,4.72828329866394,2.67729697433612,2.13629588736929,-0.0853095630414654,17.2842009834384,36.1083394604875,3.86329413159323,0.18171811010782,0.200135675172908,0.0186598678527412,1.13983218677852,4.7495933991999,0.763687565141611,0.471008731405441,0.683899312067115,0.284958046694631,0.203887971150561,0.474180310372525,-0.705209412603072,-0.0168945042328668,0.97907019538953,1.00339015542935,0.975762209836102,0.564106426065263,0.0593832051227456,0.376510368811992,1.0649505510318,1.06336763558062,0.566230237323689,0.451812159388363,-0.0180423967120521,0.000246259777850092,0.96411428095945,0.0209798569758014,0.981173501565325,-0.638364711289315,0.67,0.1,1.035,0.5,0.6,0.25,0.4,0.005,0.975,0.8,0.1,1.35380050617126,0.840586613558034,0.541520202468503,0.31422803491612,0.354783540703282,0.482637731017069,-1.43659411554378,3.78704405526863,7.11081870808452
96,-0.00183676995210605,0.670861929350736,0.105607259840888,-0.000750296997827915,-0.00394609868674833,0.00115217202880813,0.0110897635879467,0.00583658501342823,0.00508412685891564,13.9240910429024,27.848435047159,3.21994900339841,4.41868228240772,0.509844986229231,4.70452903364259,2.68588701657076,2.10388396569014,-0.0852419486183165,16.5895861986026,34.2836119719296,3.66317609297255,0.183974588964427,0.200099215841642,0.0186240519632295,1.13668900651369,4.72768103084344,0.761581634364173,0.466486974476528,0.682013403908214,0.284172251628423,0.204366449835054,0.474093095195185,-0.705165401109069,-0.0167963880983111,0.979198729254383,1.00315404619813,0.97612000167418,0.562914350602977,0.0594478420922933,0.37763780730473,1.06525410277637,1.06358146650957,0.570915175007679,0.447203949777979,-0.018119124785657,0.000128311737753436,0.963695937566714,0.0209749179185122,0.981208782608111,-0.639001120578188,0.67,0.1,1.035,0.5,0.6,0.25,0.4,0.005,0.975,0.8,0.1,1.35292630850215,0.842211776422738,0.541170523400861,0.313283902455458,0.355470091724081,0.487172061180756,-1.43389474904703,3.73748504268282,7.11233611841047
97,-0.00207444135998026,0.673854692426434,0.105831915595204,-0.00175952310381,-0.00387854803182242,0.000565221050805143,0.0116325199433635,0.00611244097102233,0.00532234781859523,13.3193284791445,26.3732458636858,3.05176576152289,4.36686574492203,0.504639172590696,4.67971239682437,2.69284566878113,2.072032425332,-0.0851656972887552,15.9934858127995,32.7265659794729,3.48981323669245,0.186044542681276,0.200039202733772,0.0185739998676122,1.13366970226845,4.70477221240346,0.759558700519861,0.462227094614058,0.68020182136107,0.283417425567112,0.204732877807453,0.47394144331912,-0.705261636940156,-0.0166605170740413,0.979356785546305,1.00291518643322,0.976510076619043,0.561896681973483,0.0594666022198426,0.378636715806675,1.06554370550779,1.06378667079109,0.575429735940286,0.442769181015925,-0.0181989169562104,2.79538786600372e-05,0.963299728844093,0.0209356335545575,0.981251489277634,-0.639496758082034,0.67,0.1,1.035,0.5,0.6,0.25,0.4,0.005,0.975,0.8,0.1,1.35177644732151,0.843467239661484,0.540710578928606,0.312343385602322,0.35600709018462,0.491353677323428,-1.43216013879363,3.68756835874995,7.11195073368438
98,-0.00228192314684766,0.676520472773786,0.105938291190018,-0.00283233299658414,-0.00383361688095929,0.000107233864250045,0.0120387493400915,0.00631861323193506,0.00550034454711172,12.9016064529246,25.3408938668152,2.93231587195099,4.32258472553454,0.499767229512791,4.65455939016866,2.69864543272341,2.04098383450528,-0.0850698770600354,15.5828361094801,31.6203918779284,3.36552479021911,0.187597992422336,0.199797207123331,0.0185115658153592,1.13075180908369,4.68152386664888,0.757603712086072,0.458658766101452,0.678451085450214,0.282687952270923,0.205013768590258,0.473735956036107,-0.705415561930428,-0.016449448889065,0.979538484532432,1.00270666723742,0.97689435658305,0.561022796272838,0.0594337963557899,0.379543407371372,1.06575261487216,1.06393301974226,0.579785368831024,0.438491307847911,-0.0182766766789346,-5.22257606459965e-05,0.963007247352352,0.0208666318924087,0.981297440411154,-0.639851134666476,0.67,0.1,1.035,0.5,0.6,0.25,0.4,0.005,0.975,0.8,0.1,1.35039737621933,0.844414806641331,0.540158950487732,0.311465310150187,0.356130282852473,0.494272825660693,-1.43133843496686,3.63796952292239,7.11024188620109
99,-0.00241625464975624,0.679027925860191,0.105928829007125,-0.00390131912525404,-0.00381234176199652,-0.000120075350536597,0.0121721118825342,0.00638716268212434,0.00555978222607044,12.7755051970689,24.9640180849322,2.88737177474544,4.29124373339042,0.495946860472825,4.63016194389802,2.70407506741142,2.01103324710358,-0.0849463706169761,15.4625381345115,31.183263669716,3.31681303730846,0.188211842277157,0.199172709858126,0.0184407727071732,1.12789621987669,4.65889731711037,0.75569046731738,0.456333419732542,0.676737731926012,0.281974054969172,0.205253972245936,0.473486361749001,-0.705473105138356,-0.016126809127754,0.979733224519967,1.00257166407699,0.977220142583968,0.560237662494146,0.0593453195536935,0.380417017952162,1.0657937346538,1.06395529114972,0.584013064815424,0.43433324178169,-0.0183463065971142,-0.000109770539728959,0.962926127970557,0.0207743591564872,0.981341884874909,-0.64006390060461,0.67,0.1,1.035,0.5,0.6,0.25,0.4,0.005,0.975,0.8,0.1,1.348874804227,0.845152679741429,0.539549921690798,0.310736766536217,0.35551467384649,0.494751373874722,-1.43139124122703,3.58960737868028,7.10818638442581
100,-0.00243995406904606,0.681606276496759,0.105812901228315,-0.00490445301996345,-0.00381423419857507,-3.15971293555206e-05,0.0119117281349605,0.00625754771252362,0.00544860511593545,13.0505094209194,25.4628328818855,2.94334810606112,4.27741020345436,0.493817344499182,4.60789947834986,2.71019060882299,1.98249833200658,-0.0847894624797095,15.7427070431177,31.6401491474122,3.37074183921759,0.187522913755,0.197989833108825,0.0183658511370011,1.12506354620532,4.63808777053778,0.753792575957562,0.455736173597027,0.67503812772319,0.281265886551329,0.205515900379734,0.473210472914515,-0.705226419911112,-0.0156726607561284,0.97992486321247,1.00254784616061,0.977434510447779,0.559465855833965,0.059198705343974,0.381335438822062,1.06559019277401,1.06379566527626,0.58816183416729,0.430239058231228,-0.0184008923985175,-0.000144451187736918,0.963151065839432,0.0206662428360997,0.98137996086681,-0.640134845922142,0.67,0.1,1.035,0.5,0.6,0.25,0.4,0.005,0.975,0.8,0.1,1.34734330629333,0.845825474387755,0.538937322517332,0.31024075662274,0.3538908246933,0.491753177554792,-1.43228575670769,3.54355553843652,7.10710396388733
101,-0.00248974724307451,0.684115048291252,0.105722264525114,-0.00469070787967807,-0.00383741975433705,-0.000170868153764325,0.0119237034641404,0.00626403028388794,0.00545429848037257,13.0444256006204,25.3520969042041,2.92789682523488,4.25355760599586,0.490604247920142,4.58661367989832,2.71613203181295,1.95508060632339,-0.0845989582380161,15.742481625059,31.4787988854675,3.35218594582332,0.187708738999772,0.197184224291187,0.0182838309063128,1.12240409440555,4.61820463402628,0.752010743251716,0.454326192854388,0.673442456643328,0.280601023601387,0.205784746374075,0.47289028790469,-0.70503341077129,-0.0155730335052778,0.980085961974576,1.00249780402071,0.977643998863392,0.558709997182073,0.0590680861149085,0.382221916703019,1.06558465186516,1.06379094382557,0.592186789949818,0.426257963444775,-0.0184447533945923,-0.000126882742223159,0.963151065839432,0.0206662428360997,0.981407385891408,-0.640134845922142,0.67,0.1,1.035,0.5,0.6,0.25,0.4,0.005,0.975,0.8,0.1,1.34597688791069,0.846396682160287,0.538390755164276,0.309538231368191,0.352927682135118,0.491098837604384,-1.43222785436862,3.49927621876124,7.10616506568184
102,-0.00253803376659448,0.686553176021873,0.105651398398366,-0.00452326736540332,-0.00385554709497737,-0.00030537315800927,0.0119445518060484,0.00627551701198551,0.00546446935315781,13.0284432805982,25.2210145142268,2.91048818157914,4.23079004982993,0.487610526729097,4.56618936552747,2.7218952920079,1.92868129779472,-0.0843872242751468,15.7322064582096,31.2992400994603,3.33191865774893,0.187914198687253,0.196418971428002,0.0182071737158375,1.11983973461033,4.59909195280174,0.750292622188924,0.452863041409004,0.671903840766201,0.279959933652584,0.206046313083834,0.472627888369726,-0.704806428040472,-0.0153897416466835,0.980244691419994,1.00244927606457,0.977849667634307,0.557972016293671,0.058950523788582,0.383077459917748,1.06556923165405,1.06377462906898,0.596097768650853,0.422383117165054,-0.0184808858159076,-0.000133842635661911,0.963151065839432,0.0206662428360997,0.981436438405503,-0.640134845922142,0.67,0.1,1.035,0.5,0.6,0.25,0.4,0.005,0.975,0.8,0.1,1.34467786964074,0.8470458635348,0.537871147856298,0.308855164394044,0.352022979096183,0.490538385441944,-1.43149235751984,3.45659144450646,7.10533919848046
103,-0.00258481091443365,0.688920352327402,0.105595988497225,-0.00439215051204267,-0.00386972032032684,-0.000435148785837836,0.0119651093743764,0.00628684962726699,0.00547450603590794,13.0124780307013,25.0936107625862,2.89395359420182,4.20882508174744,0.484786088091749,4.54658263213923,2.7274920553765,1.90325392546869,-0.0841633487059573,15.7217840644144,31.1251153698034,3.31271179919723,0.188112899606996,0.195678964430509,0.0181354656096122,1.1173600717293,4.58069985542543,0.748631248058633,0.451436682428118,0.670416043037582,0.279340017932326,0.206298921270342,0.472377883629171,-0.704533266323779,-0.0151979309945858,0.980398693895291,1.00240226503099,0.978049160598193,0.557253214835856,0.0588437040638487,0.383903081100295,1.06555390718098,1.06375837422577,0.59989936971823,0.418611972869773,-0.0185113425880024,-0.000146027283672653,0.963151065839432,0.0206662428360997,0.981468266010399,-0.640134845922142,0.67,0.1,1.035,0.5,0.6,0.25,0.4,0.005,0.975,0.8,0.1,1.34343100789315,0.8476898312167,0.53737240315726,0.308197213247048,0.351149099226189,0.490001015537177,-1.43028638398826,3.41542026999217,7.10463705464228
104,-0.00263008910050906,0.691216847554787,0.105552662649921,-0.00428950824544982,-0.00388080230055499,-0.00056026898245054,0.0119850803228226,0.00629786111603767,0.00548425904080566,12.9968555784204,24.9705784959746,2.87827945699056,4.18763455123299,0.48211054097672,4.52775477645655,2.73293127763437,1.87875721689736,-0.0839337180751824,15.711548586623,30.9570432453409,3.29452430836223,0.188304197835303,0.194963193147001,0.0180680284701365,1.11496247630254,4.56299445496391,0.747024859122702,0.450057791559098,0.668977485781524,0.278740619075635,0.206542467267141,0.472134647211622,-0.704217164288886,-0.0150132211775578,0.980547356285806,1.00235676045399,0.978241874521499,0.556554412973131,0.0587458001988778,0.384699786827992,1.06553900903014,1.0637425673701,0.603595250311956,0.414942352146838,-0.0185376024587932,-0.000158132607076235,0.963151065839432,0.0206662428360997,0.981502868864566,-0.640134845922142,0.67,0.1,1.035,0.5,0.6,0.25,0.4,0.005,0.975,0.8,0.1,1.34223149023664,0.848317138821097,0.536892596094655,0.307562896563994,0.350303921058683,0.489483499296811,-1.42876116745424,3.37569368439824,7.10406236553576
105,-0.00267388846640371,0.693443368874099,0.105518784837136,-0.00420917561651724,-0.00388946747001584,-0.000680834253225626,0.0120044731797926,0.00630855585355123,0.00549373212803615,12.9815763484733,24.8518093467351,2.86337585664075,4.16719493458246,0.479568045908681,4.50966999984478,2.73822095894774,1.85515183254358,-0.0837027916465491,15.7015085645249,30.7948526208554,3.27724542225216,0.188488358525846,0.194271074086211,0.0180043113492753,1.11264507416393,4.54594564574364,0.745472199689835,0.448726447572868,0.66758704449836,0.278161268540983,0.206777101421962,0.471897632597879,-0.703862690397226,-0.0148368949077407,0.980690857125108,1.00231274209126,0.978428005493531,0.55587606328294,0.0586553667176669,0.385468569999394,1.06552453569917,1.06372720847801,0.607188765264704,0.411371970144024,-0.0185607354087278,-0.000169491003509245,0.963151065839432,0.0206662428360997,0.981540099458473,-0.640134845922142,0.67,0.1,1.035,0.5,0.6,0.25,0.4,0.005,0.975,0.8,0.1,1.34107627388588,0.848925981469512,0.536430509554351,0.306950793367939,0.349486309841924,0.488985025487662,-1.42702699395685,3.33734793613394,7.10361666828518
106,-0.00271623624629571,0.695600950185988,0.105492294322553,-0.0041463151040152,-0.00389624303257274,-0.000796963484735125,0.0120233052673013,0.00631894320532346,0.00550293353364361,12.9666327450498,24.7371676042966,2.84916680625459,4.14748208705451,0.477145664663349,4.49229483908894,2.74336841428822,1.83240006172563,-0.0834736369249117,15.6916638005963,30.638346662631,3.26078270671095,0.188665679509209,0.193601992706175,0.0179438727179225,1.11040589615669,4.52952553979635,0.743971950424984,0.447441534595047,0.666243537694015,0.277601474039173,0.207003038250936,0.471666867273124,-0.703474238401427,-0.0146687154938517,0.980829424005828,1.00227018257247,0.978607805620223,0.555218339222003,0.0585712564544867,0.386210404323511,1.06551047529579,1.06371228523379,0.610683072363012,0.407898441076291,-0.0185815134393025,-0.000179941916982627,0.963151065839432,0.0206662428360997,0.981579772264286,-0.640134845922142,0.67,0.1,1.035,0.5,0.6,0.25,0.4,0.005,0.975,0.8,0.1,1.33996285401428,0.84951600830413,0.535985141605712,0.306359702764203,0.348695241186484,0.488504911823069,-1.42516384277629,3.30032337241107,7.10330012753934
107,-0.00275716473562563,0.697690866184831,0.105471580002146,-0.00409713364550934,-0.00390154113548935,-0.000908787739958061,0.0120415928958661,0.0063290319988361,0.00551187102378238,12.9520190111107,24.6265175984662,2.83558973119892,4.12847175435259,0.47483271200162,4.47559788030765,2.74838034553589,1.81046585358817,-0.0832483188164116,15.6820152877661,30.4873301887985,3.24506048092165,0.188836455812996,0.192955303878101,0.0178863565375127,1.10824284867527,4.51370805886091,0.742522708612433,0.44620174571654,0.664945709205164,0.277060712168818,0.207220524693486,0.471442387125903,-0.703055887758426,-0.0145083066307879,0.980963267818285,1.0022290494407,0.978781515428755,0.554581203770427,0.0584925558011588,0.386926240428415,1.06549681639236,1.06369778574418,0.614081161677649,0.4045193294843,-0.0186004911619493,-0.000189418807905799,0.963151065839432,0.0206662428360997,0.981621684166715,-0.640134845922142,0.67,0.1,1.035,0.5,0.6,0.25,0.4,0.005,0.975,0.8,0.1,1.33888906361097,0.85008720800617,0.53555562544439,0.305788596386796,0.347929757745587,0.488042515813636,-1.42322929261987,3.26456403729403,7.10311180366784
108,-0.00279670972908676,0.699714565374606,0.105455382236887,-0.00405865887588586,-0.00390568399957092,-0.00101644557331326,0.0120593513103901,0.00633883048757714,0.00552055186055102,12.937730864268,24.5197254437252,2.82259267433389,4.11013985220761,0.472620275805375,4.45954954078124,2.75326289245331,1.789314832541,-0.0830281842130756,15.6725649044481,30.3416116472975,3.23001623939381,0.189000975306712,0.192330344900089,0.017831473467622,1.10615375505423,4.49846869006045,0.741123015886332,0.445005710834507,0.663692253032536,0.276538438763557,0.207429827580009,0.47122418981003,-0.702611402311747,-0.0143552909063753,0.981092580471667,1.00218930672227,0.978949360056935,0.553964462638628,0.0584185341532085,0.387617003208165,1.06548354822069,1.06368369879041,0.61738587435339,0.401232190869189,-0.0186180652225789,-0.000197897311884613,0.963151065839432,0.0206662428360997,0.981665623776402,-0.640134845922142,0.67,0.1,1.035,0.5,0.6,0.25,0.4,0.005,0.975,0.8,0.1,1.3378529957612,0.850639746032639,0.535141198304481,0.305236578186935,0.347188958627394,0.48759722546333,-1.42126442261159,3.2300173625185,7.10304983957247
109,-0.00283490932327509,0.701673617955407,0.10544271614219,-0.00402856262303863,-0.00390892355262251,-0.00112007951450876,0.0120765949013733,0.00634834646578064,0.00552898290305236,12.9237649728907,24.4166597122735,2.81013204588358,4.09246264560282,0.470500844979797,4.44412188918666,2.75802168036373,1.76891427850785,-0.0828140696849182,15.6633149444638,30.2010039374872,3.21559780748321,0.189159516470673,0.191726445783761,0.0177789863047495,1.1041363933533,4.48378429766505,0.739771383546713,0.443852032085227,0.662481836011981,0.276034098338326,0.207631225261239,0.471012238865991,-0.702144244490371,-0.0142093045961276,0.981217537866025,1.00215091613011,0.979111551037723,0.553367805454186,0.0583486044327326,0.388283590113082,1.0654706605456,1.06367001369911,0.62059991808003,0.398034599998063,-0.0186345180780928,-0.000205381033305929,0.963151065839432,0.0206662428360997,0.981711377744095,-0.640134845922142,0.67,0.1,1.035,0.5,0.6,0.25,0.4,0.005,0.975,0.8,0.1,1.33685295070524,0.85117391041461,0.534741180282097,0.304702854123033,0.346471991854311,0.487168454416482,-1.41929820755851,3.19663388631,7.10311161890847
110,-0.00287180300251027,0.703569675376176,0.105432811634866,-0.00400502194735652,-0.00391145677156191,-0.00121983345011689,0.0120933373743243,0.0063575873605557,0.00553717068857903,12.9101185632682,24.3171919001775,2.79817087174395,4.0754168752547,0.468468019902059,4.42928849493013,2.76266186557163,1.74923308186005,-0.0826064525015554,15.6542677744092,30.0653249529984,3.20176113783946,0.189312346986729,0.191142936953843,0.0177286986950002,1.10218852565569,4.46963297171657,0.738466312189313,0.442739304602967,0.661313115393415,0.275547131413923,0.207825001417311,0.470806470941649,-0.701657592179851,-0.0140699998201705,0.981338302685667,1.00211383798248,0.97926828818307,0.552790837591533,0.058282292253268,0.388926870155199,1.06545814356016,1.06365672023401,0.623725880293476,0.394924169843559,-0.0186500501370341,-0.000211893176600891,0.963151065839432,0.0206662428360997,0.981758735304292,-0.640134845922142,0.67,0.1,1.035,0.5,0.6,0.25,0.4,0.005,0.975,0.8,0.1,1.33588739532434,0.851690076834334,0.534354958129736,0.304186709368936,0.345778048324097,0.486755638434509,-1.41735078199371,3.16436699544682,7.10329390321941
111,-0.00290743094438726,0.705404439037316,0.105425066571194,-0.00398660990213495,-0.00391343767302677,-0.00131585069355655,0.0121095918787292,0.00636656030195048,0.00554512149433163,12.8967891344923,24.2211967530084,2.7866774303871,4.05897984653107,0.46651628680949,4.41502430057803,2.76718817818393,1.73024168235511,-0.0824055599610123,15.6454255951353,29.934397932158,3.18846860361488,0.18945972291209,0.19057915494056,0.0176804463793044,1.10030792023611,4.45599390476429,0.73720630655819,0.441666131393074,0.660184752141663,0.275076980059026,0.208011440452981,0.470606801881026,-0.701154356327924,-0.0139370450001604,0.98145502663788,1.00207803190089,0.97941976112989,0.552233104719575,0.0582192118278782,0.389547683452547,1.06544598780647,1.06364380851432,0.626766239502576,0.39189856375806,-0.0186648032606366,-0.000217470447789512,0.963151065839432,0.0206662428360997,0.981807491513129,-0.640134845922142,0.67,0.1,1.035,0.5,0.6,0.25,0.4,0.005,0.975,0.8,0.1,1.33495493163624,0.852188682386218,0.533981972654497,0.30368749119407,0.345106356920301,0.486358232791723,-1.41543585654577,3.13317269024233,7.10359295082555
112,-0.00294183349567679,0.707179636166691,0.105419010114077,-0.00397220975768797,-0.00391498668576129,-0.00140827258191678,0.012125371105532,0.00637527217583129,0.0055528413839737,12.8837742554463,24.1285524837799,2.77562419107663,4.04312948994304,0.464640841775057,4.40130551280143,2.77160496206846,1.71191199885767,-0.0822114481247051,15.6367902816896,29.8080516640377,3.17568767512565,0.189601888282878,0.190034446533589,0.0176340903986611,1.0984923681483,4.44284729052014,0.735989886659359,0.440631134200553,0.659095420888978,0.274623092037074,0.208190824108052,0.470413131582805,-0.700637198607697,-0.0138101248175403,0.981567852216776,1.00204345733684,0.97956615057945,0.551694111684282,0.0581590471395223,0.390146841176196,1.06543418411633,1.06363126895379,0.629723375032364,0.388955502833701,-0.0186788778660651,-0.00022215848691782,0.963151065839432,0.0206662428360997,0.98185744949406,-0.640134845922142,0.67,0.1,1.035,0.5,0.6,0.25,0.4,0.005,0.975,0.8,0.1,1.33405427223509,0.852670205499689,0.533621708894036,0.303204596119969,0.344456180533498,0.485975710353761,-1.41356250090346,3.10300937168122,7.10400461967795
113,-0.00297505078014168,0.708897001316478,0.105414274094336,-0.00396094771013211,-0.00391619797718457,-0.00149723747496522,0.0121406873603392,0.00638372966351458,0.0055603362424984,12.8710714239705,24.0391409082039,2.76498698577509,4.02784440000482,0.462837453162603,4.38810950824375,2.77591621184148,1.69421735457344,-0.0820240581711616,15.6283632818406,29.6861205864261,3.16338989258329,0.189739075031524,0.18950817175983,0.01758951181676,1.09673969548494,4.43017423969231,0.73481559597491,0.439632961357839,0.658043817290964,0.274184923871235,0.208363429002878,0.47022534785899,-0.700108548739519,-0.0136889398983293,0.98167691409111,1.00201007396596,0.979707629291222,0.551173336986274,0.058101537218561,0.390725125795166,1.06542272356734,1.06361909221562,0.632599575427083,0.386092769879518,-0.0186923453066015,-0.00022600845391849,0.963151065839432,0.0206662428360997,0.98190842192975,-0.640134845922142,0.67,0.1,1.035,0.5,0.6,0.25,0.4,0.005,0.975,0.8,0.1,1.33318422112499,0.853135150604537,0.533273688449998,0.302737460294612,0.343826812806348,0.485607560162366,-1.41173645479656,3.07383764939927,7.10452445614344
114,-0.00300712240836409,0.710558262261273,0.105410570620315,-0.00395214012852474,-0.00391714518113273,-0.00158288006022222,0.0121555526179755,0.00639193927122364,0.00556761180211779,12.8586779728382,23.9528475166944,2.75474436238113,4.01310385768349,0.461102353959608,4.37541475148683,2.7801256068907,1.67713240102965,-0.0818432564335274,15.6201455579568,29.5684448034408,3.15155006752482,0.189871503129766,0.188999705963889,0.0175466076176042,1.09504777228918,4.41795670932683,0.733682007433748,0.438670293326143,0.657028663373506,0.273761943072294,0.208529524901795,0.470043329503101,-0.699570621213507,-0.0135732063249379,0.981782340197312,1.00197784197959,0.979844362882934,0.550670243835185,0.0580464646262946,0.391283291538521,1.06541159745049,1.06360726917953,0.635397045719332,0.383308211057936,-0.0187052567772685,-0.000229074495583251,0.963151065839432,0.0206662428360997,0.981960231984265,-0.640134845922142,0.67,0.1,1.035,0.5,0.6,0.25,0.4,0.005,0.975,0.8,0.1,1.33234365874568,0.853584036481522,0.532937463498273,0.302285552282467,0.343217575454207,0.485253286393073,-1.40996108824952,3.04562016888571,7.10514777147597
115,-0.00303808726632124,0.712165129339534,0.105407674571771,-0.00394525222201048,-0.00391788587593711,-0.00166533089003529,0.0121699785627679,0.00639990735175978,0.00557467366128389,12.8465910107236,23.8695614982161,2.74487707873445,3.99888784046826,0.459432157322617,4.36320072288787,2.78423654251695,1.66063304296095,-0.0816688625900284,15.6121375606051,29.454870043936,3.14014566098029,0.189999380890222,0.188508441205923,0.0175052875132532,1.09341451888024,4.40617744281048,0.732587727649762,0.437741846477299,0.656048711328145,0.27335362972006,0.208689373525699,0.46986694873444,-0.699025431250752,-0.0134626550409773,0.981884252601875,1.00194672229735,0.979976510478051,0.550184288545725,0.0579936464415294,0.391822065012746,1.06540079724673,1.06359579091795,0.638117913739884,0.380599735934512,-0.0187176496743965,-0.000231411885538372,0.963151065839432,0.0206662428360997,0.982012713797822,-0.640134845922142,0.67,0.1,1.035,0.5,0.6,0.25,0.4,0.005,0.975,0.8,0.1,1.33153153025539,0.854017387476506,0.532612612102156,0.301848367663904,0.342627816043598,0.48491240758491,-1.40823810195086,3.0183214561623,7.10586970753262
116,-0.00306798336461989,0.713719287486015,0.105405409912096,-0.0039398656686217,-0.00391846508564575,-0.00174471609363613,0.0121839766179603,0.00640764012024739,0.00558152729848262,12.8348073890839,23.7891757276978,2.73536770595466,3.985177023167,0.457823790169415,4.35144785452711,2.7882521583262,1.64469636549327,-0.0815006692923535,15.6043392250033,29.3452475768242,3.12915629828844,0.190122905375891,0.188033787141923,0.0174654714567225,1.09183791018633,4.39481991832482,0.731531399824842,0.436846375537515,0.655102746111798,0.272959477546583,0.208843227782653,0.469696073148974,-0.698474809909508,-0.0133570311951593,0.981982768183503,1.00191667671856,0.980104225233239,0.549714926871312,0.0579429272016684,0.39234214592702,1.06539031461026,1.06358464867914,0.640764235615476,0.377965316482364,-0.0187295520978396,-0.000233075677143745,0.963151065839432,0.0206662428360997,0.982065712663842,-0.640134845922142,0.67,0.1,1.035,0.5,0.6,0.25,0.4,0.005,0.975,0.8,0.1,1.33074683634358,0.854435726936208,0.532298734537432,0.301425424986462,0.342056906135171,0.484584456066201,-1.40656803562397,2.99190777818971,7.10668529310854
117,-0.00309684773432951,0.715222390364492,0.105403638985716,-0.00393565327116863,-0.00391891801758093,-0.00182115722033838,0.0121975579668995,0.00641514366539426,0.00558817808207296,12.8233236880026,23.711586726117,2.72620031674783,3.97195277182594,0.456274440812315,4.34013747287079,2.79217536403238,1.62930056447804,-0.0813384556396402,15.5967499835997,29.2394340955876,3.11856338962191,0.190242262879471,0.187575171513383,0.017427087701405,1.0903159785461,4.3838683040343,0.730511705625887,0.435982675018104,0.65418958712766,0.272578994636525,0.208991331314795,0.469530567279194,-0.697920418291174,-0.0132560934566116,0.982077999174586,1.001887668027,0.980227654771493,0.54926161873941,0.0578941733703188,0.392844207890271,1.06538014135669,1.06357383387556,0.643338000578551,0.375402985426639,-0.0187409860051901,-0.000234119746175947,0.963151065839432,0.0206662428360997,0.982119084972824,-0.640134845922142,0.67,0.1,1.035,0.5,0.6,0.25,0.4,0.005,0.975,0.8,0.1,1.32998862600751,0.854839572364069,0.531995450403002,0.301016262723591,0.341504239717095,0.484268977519477,-1.40495063500364,2.96634701732371,7.10758949209782
118,-0.00312471635849135,0.716676056137057,0.105402254149479,-0.00393235911996959,-0.00391927220285682,-0.00189477118021264,0.0122107335680376,0.00642242395738514,0.00559463127715805,12.8121362156886,23.6366946003195,2.71736023978536,3.95919713261598,0.454781517525274,4.32925174704056,2.79600886284564,1.61442488045197,-0.0811819962570476,15.5893687896956,29.1372915812983,3.10834983233781,0.190357629444063,0.187132040343848,0.0173900712842213,1.08884681533762,4.37330741867263,0.729527366276208,0.435149579883414,0.653308089202574,0.272211703834406,0.209133918282755,0.469370293843251,-0.697363760834649,-0.0131596133237822,0.982170053592991,1.00185966005972,0.980346941541142,0.548823831749988,0.0578472689974031,0.393328899252609,1.06537026945514,1.06356333807595,0.64584113519322,0.372910834200236,-0.0187519693934562,-0.000234596128547361,0.963151065839432,0.0206662428360997,0.982172697987939,-0.640134845922142,0.67,0.1,1.035,0.5,0.6,0.25,0.4,0.005,0.975,0.8,0.1,1.32925599085234,0.855229431904605,0.531702396340936,0.300620436982115,0.340969231870191,0.48396553064312,-1.40338511504652,2.94160855825846,7.10857724453637
119,-0.00315162413082423,0.718081864506099,0.105401171228901,-0.00392978306904757,-0.00391954917010429,-0.00196567025643835,0.0122235141653313,0.00642948685327172,0.00560089205025014,12.8012410175916,23.5644029680568,2.7088338654985,3.94689281710206,0.453342615633508,4.31877364180454,2.79975517262573,1.60004953643804,-0.0810310672592306,15.582194148295,29.0386871512123,3.0984997767102,0.190469171404213,0.18670385791719,0.017354362837426,1.08742857171371,4.36312269648731,0.728577143048188,0.434345965648855,0.652457143028228,0.271857142928428,0.209271213326628,0.469215114746474,-0.696806197711001,-0.0130673744420739,0.982259035588488,1.00183261774852,0.98046222311665,0.548401043718471,0.0578021123110787,0.393796843970451,1.06536069102289,1.06355315300037,0.648275507084946,0.370487010699013,-0.0187625177839583,-0.000234554580325244,0.963151065839432,0.0206662428360997,0.982226429502044,-0.640134845922142,0.67,0.1,1.035,0.5,0.6,0.25,0.4,0.005,0.975,0.8,0.1,1.32854806057264,0.855605801850647,0.531419224229057,0.300237519764477,0.340451317618273,0.483673686878267,-1.40187034728313,2.91766318603041,7.10964350144923
120,-0.00317760483505027,0.719441354743509,0.105400324401293,-0.00392776858979527,-0.00391976575421982,-0.00203396216960294,0.0122359102952557,0.00643633810052445,0.00560696547231688,12.790633892081,23.4946188724855,2.70060849191591,3.93502318498149,0.451955491253507,4.30868687458118,2.80341664497872,1.58615567962911,-0.080885450026651,15.5752241513351,28.9434928982736,3.08899844079821,0.190577045931903,0.186290106595,0.0173199076554505,1.08605945866032,4.3533001557309,0.727659837302413,0.433570748057183,0.651635675196191,0.271514864665079,0.209403431656516,0.469064891884956,-0.696248956345905,-0.0129791719401778,0.982345045722782,1.00180650714077,0.980573632453699,0.547992744482164,0.0577586130379747,0.394248642479862,1.06535139832213,1.0635432705171,0.650642928247456,0.368129716964672,-0.0187726452121277,-0.000234042304120047,0.963151065839432,0.0206662428360997,0.982280167413984,-0.640134845922142,0.67,0.1,1.035,0.5,0.6,0.25,0.4,0.005,0.975,0.8,0.1,1.32786399934917,0.855969164935218,0.531145599739667,0.299867097640713,0.339949950926884,0.483393030177999,-1.40040499195282,2.89448299379944,7.11078325430613
121,-0.00320269113974471,0.720756024483313,0.105399662194579,-0.00392619326846877,-0.00391993511974154,-0.00209975017890396,0.0122479322913677,0.00644298333925721,0.00561285652065985,12.7803104103889,23.4272526894162,2.69267220171708,3.92357222512106,0.450618040229353,4.29897587588556,2.80699548246901,1.57272532688049,-0.0807449334639456,15.5684565151979,28.8515857255391,3.07983196344225,0.190681401576422,0.185890286517022,0.0172866549597635,1.08473774654623,4.34382637006503,0.726774290185974,0.432822882446926,0.650842647927738,0.271184436636558,0.20953077923645,0.468919487790388,-0.695693142107213,-0.012894811791319,0.982428181198016,1.00178129540456,0.980681298108361,0.547598437140473,0.0577166902928853,0.394684872566642,1.06534238375807,1.06353368264108,0.652945157988566,0.365837206880444,-0.0187823648690101,-0.00023310379914206,0.963151065839432,0.0206662428360997,0.982333809252942,-0.640134845922142,0.67,0.1,1.035,0.5,0.6,0.25,0.4,0.005,0.975,0.8,0.1,1.3272030029544,0.8563199892225,0.530881201181762,0.299508770721984,0.339464603821242,0.483123156802077,-1.39898759014425,2.87204129926516,7.1119915597856
122,-0.0032269146047668,0.722027329102324,0.105399144358529,-0.0039249613727641,-0.00392006756108421,-0.00216313320882222,0.0122595902871342,0.00644942810351562,0.00561857007997045,12.7702659391018,23.3622180298457,2.68501376364743,3.91252453552474,0.449328281135355,4.28962575275643,2.81049375411048,1.55974131386614,-0.0806093152201906,15.5618886189686,28.7628471785245,3.07098728688018,0.190782378790329,0.185503915218186,0.0172545573175791,1.08346176429463,4.33468844238063,0.725919382077401,0.432101362900139,0.650077058576777,0.270865441073657,0.209653453033982,0.468778766147129,-0.695139748200983,-0.0128141102031324,0.982508536045347,1.00175695082221,0.980785344428043,0.547217638861366,0.0576762709138825,0.395106090224752,1.06533363987797,1.0635243815333,0.655183905566727,0.363607783934018,-0.0187916895007448,-0.000231780802129721,0.963151065839432,0.0206662428360997,0.982387261672501,-0.640134845922142,0.67,0.1,1.035,0.5,0.6,0.25,0.4,0.005,0.975,0.8,0.1,1.32656429640659,0.856658727453577,0.530625718562634,0.299162151855175,0.338994765600351,0.482863675125342,-1.39761662713163,2.8503125687096,7.11326356045729
123,-0.00325030569622536,0.723256681551466,0.105398739418149,-0.00392399803739585,-0.00392017112829424,-0.00222420599261686,0.0122708942175691,0.00645567782192603,0.00562411094282518,12.7604956639332,23.2994316397279,2.67762255297175,3.90186530271081,0.44808434146641,4.2806222547884,2.81391340929051,1.54718724771066,-0.0804784022127638,15.5555175423456,28.6771632776973,3.06245206240558,0.19088011043618,0.185130527187838,0.0172235701801891,1.08222989827754,4.32587398064422,0.725094031845954,0.431405221236253,0.649337938966526,0.270557474569386,0.209771641314271,0.46864259220606,-0.694589664822344,-0.0127368930380644,0.982586201282595,1.00173344277529,0.980885891720205,0.546849881356963,0.057637288145988,0.39551283049705,1.06532515937088,1.06351535950071,0.657360832561871,0.361439799080583,-0.0188006316424543,-0.000230112294237901,0.963151065839432,0.0206662428360997,0.982440439930595,-0.640134845922142,0.67,0.1,1.035,0.5,0.6,0.25,0.4,0.005,0.975,0.8,0.1,1.32594713204782,0.856985816734864,0.530378852819127,0.298826865978912,0.338539942129002,0.48261420545143,-1.39629057510343,2.82927234778115,7.11459450191339
124,-0.00327289380763049,0.724445452530261,0.105398422760508,-0.00392324471632888,-0.00392025211637037,-0.0022830592261367,0.0122818538200902,0.00646173781792986,0.00562948380981866,12.7509946138501,23.238813298477,2.6704884868291,3.89158028085892,0.446884446332591,4.27195174246137,2.81725629027001,1.53504746288749,-0.0803520106961226,15.5493401024281,28.5944243527511,3.05421457397996,0.190974722270584,0.184769673390596,0.0171936515143976,1.08104059101149,4.3173710754631,0.724297195977698,0.430733525902801,0.648624354606894,0.270260147752872,0.209885523962585,0.46851083311473,-0.694043687608626,-0.0126629952648846,0.982661265048023,1.00171074172333,0.980983056403552,0.546494711108125,0.0575996805977556,0.39590560829412,1.06531693506765,1.06350660899665,0.659477555017239,0.359331648723867,-0.0188092037411054,-0.000228134554876325,0.963151065839432,0.0206662428360997,0.982493267367365,-0.640134845922142,0.67,0.1,1.035,0.5,0.6,0.25,0.4,0.005,0.975,0.8,0.1,1.32535078795007,0.857301678482363,0.530140315180027,0.298502549596908,0.338099655193257,0.482374379826183,-1.39500792126361,2.8088971982453,7.1159797468114
125,-0.00329470728542511,0.725594970920468,0.105398175138682,-0.00392265562589322,-0.0039203154478985,-0.0023397797270871,0.0122924786349038,0.00646761330977137,0.0056346932894826,12.741757684891,23.1802857173489,2.66360197127386,3.8816557709962,0.445726909125821,4.26360115751303,2.8205241433916,1.52330698016565,-0.0802299660442218,15.5433528888631,28.5145248798448,3.04626367586196,0.191066333403525,0.184420920763564,0.0171647615064987,1.07989233971462,4.30916827912607,0.723527867608795,0.430085380801598,0.647935403828771,0.269973084928655,0.2099952728231,0.468383358179334,-0.693502525441814,-0.012592260441068,0.982733812715681,1.00168881917815,0.981076951145348,0.546151689399986,0.0575633914116669,0.396284919188347,1.06530895994126,1.0634981226213,0.661535645383129,0.357281772822804,-0.0188174182059334,-0.000225881248153486,0.963151065839432,0.0206662428360997,0.982545674889626,-0.640134845922142,0.67,0.1,1.035,0.5,0.6,0.25,0.4,0.005,0.975,0.8,0.1,1.32477456657449,0.857606718554528,0.529909826629798,0.298188850336218,0.337673441908003,0.482143841847068,-1.39376718564849,2.78916464002737,7.11741478623126
126,-0.00331577345751132,0.726706524413205,0.105397981501873,-0.00392219496298474,-0.00392036497226356,-0.00239445059615528,0.0123027780051457,0.00647330941036347,0.00563974389810092,12.7327796632094,23.1237744385626,2.65695385750173,3.87207860042126,0.4446101237441,4.25555799514329,2.82371862911784,1.51195146838851,-0.0801121023630584,15.5375522970142,28.4373633226471,3.03858874120563,0.191155056731932,0.184083851700976,0.0171368623228557,1.07878369477193,4.30125458592633,0.722785075497192,0.429459924079547,0.647270216863157,0.269695923692982,0.21010105204492,0.468260039070991,-0.692966807646192,-0.0125245402253248,0.982803926996552,1.0016676476752,0.981167684987699,0.5458203922164,0.057528367602169,0.396651240181432,1.06530122710708,1.06348989312232,0.663536634288729,0.355288653124693,-0.0188252874134225,-0.000223383531039771,0.963151065839432,0.0206662428360997,0.982597600468201,-0.640134845922142,0.67,0.1,1.035,0.5,0.6,0.25,0.4,0.005,0.975,0.8,0.1,1.32421779362657,0.857901327521932,0.529687117450629,0.29788542656666,0.337260854167561,0.481922246466432,-1.39256693179728,2.7700530979595,7.1188952486982
127,-0.00333611866371405,0.727781360278401,0.105397830080578,-0.00392183472951502,-0.00392040369962543,-0.00244715137736462,0.0123127610769444,0.00647883112712231,0.0056446400595006,12.7240552470284,23.0692077358157,2.65053540531494,3.86283610251065,0.443532558050016,4.24781027787319,2.82684133101072,1.50096720887495,-0.0799982620124877,15.5319345589577,28.3628419777655,3.03117961926719,0.191240999347232,0.183758063534566,0.0171099179147191,1.07771325814419,4.29361941361174,0.72206788295661,0.428856326905859,0.646627954886517,0.269428314536049,0.210203018428603,0.468140749986267,-0.69243709062507,-0.0124596939190184,0.98287168802875,1.00164720074297,0.98125536346501,0.545500410030389,0.0574945595252688,0.397005030444342,1.06529372982318,1.06348191339529,0.665482012164183,0.353350811521282,-0.0188328236854644,-0.000220670175211315,0.963151065839432,0.0206662428360997,0.982648988652481,-0.640134845922142,0.67,0.1,1.035,0.5,0.6,0.25,0.4,0.005,0.975,0.8,0.1,1.32367981706262,0.85818588103387,0.529471926825048,0.297591947064127,0.33686145813223,0.481709259787434,-1.39140577252929,2.75154185272076,7.12041690717828
128,-0.003355768287378,0.728820686236693,0.105397711671222,-0.00392155303102493,-0.00392043398388431,-0.00249795821576437,0.0123224367995283,0.00648418336183644,0.00564938610487668,12.7155790673054,23.0165165166693,2.6443382523109,3.85391609701073,0.44249274831126,4.24034653090837,2.82989376375439,1.49034106224393,-0.0798882950899497,15.5264957722086,28.2908668249387,3.0240265993899,0.191324262917157,0.183443168015825,0.0170838938576883,1.07667968174794,4.28625258583795,0.721375386771117,0.428273792251977,0.646007809048762,0.269169920436984,0.210301321768314,0.468025367770024,-0.691913863978341,-0.0123975880352554,0.982937173459298,1.00162745287119,0.981340088714311,0.545191347519241,0.0574619204514779,0.397346732029281,1.06528646149054,1.06347417648417,0.66737323073173,0.35146680852158,-0.01884003925331,-0.000217767696440139,0.963151065839432,0.0206662428360997,0.982699790105077,-0.640134845922142,0.67,0.1,1.035,0.5,0.6,0.25,0.4,0.005,0.975,0.8,0.1,1.32316000621352,0.858460740251396,0.529264002485408,0.297308090705293,0.336474833745139,0.481504558852286,-1.39028237243496,2.73361099552545,7.12197568431454
129,-0.0033747467874909,0.729825671402814,0.105397619076739,-0.0039213327461407,-0.00392045766575566,-0.00254694401112721,0.0123318139254575,0.0064893709106149,0.00565398627269017,12.7073457069902,22.9656342271583,2.63835438761399,3.8453068708861,0.44148929442597,4.23315575887915,2.83287738031384,1.48006043747542,-0.0797820589101072,15.5212319261604,28.2213473822274,3.01712038034822,0.191404944042472,0.183138790804643,0.017058757218373,1.07568166582713,4.27914431552299,0.720706716104174,0.427711553686075,0.645408999496275,0.268920416456781,0.210396105186098,0.467913772007086,-0.691397556140122,-0.0123380958940758,0.983000458519396,1.00160837947857,0.981421959579788,0.544892823226266,0.0574304062200508,0.397676770553684,1.06527941565304,1.06346667558142,0.669211704381966,0.349635241833695,-0.0188469462156603,-0.000214700487143036,0.963151065839432,0.0206662428360997,0.982749961158392,-0.640134845922142,0.67,0.1,1.035,0.5,0.6,0.25,0.4,0.005,0.975,0.8,0.1,1.32265775099941,0.858726252323542,0.529063100399766,0.297033546184759,0.336100574274943,0.48130783142294,-1.38919544821629,2.71624138617225,7.1235676561385
130,-0.00339307773087818,0.730797447276451,0.105397546669128,-0.00392116048605584,-0.00392047618465219,-0.00259417856674693,0.0123409010110391,0.00649439846394529,0.00565844470866633,12.6993497188211,22.9164967588706,2.63257612922908,3.83699715977127,0.440520855778653,4.22622742384674,2.83579357831401,1.47011326303416,-0.0796794175014298,15.5161389262688,28.154196566319,3.01045204394877,0.191483134589549,0.182844570967598,0.0170344764424686,1.07471795733233,4.27228518902057,0.72006103141266,0.427168874190832,0.644830774399397,0.268679489333082,0.210487505455848,0.467805845088026,-0.690888539573226,-0.0122810972422855,0.983061616094665,1.00158995688047,0.98150107171251,0.544604469186151,0.0573999749572631,0.397995555856586,1.06527258599734,1.0634594040281,0.670998811448926,0.347854745047309,-0.0188535564962346,-0.000211490948914796,0.963151065839432,0.0206662428360997,0.982799463394069,-0.640134845922142,0.67,0.1,1.035,0.5,0.6,0.25,0.4,0.005,0.975,0.8,0.1,1.32217246121522,0.858982750889114,0.528868984486086,0.29676801174829,0.33573828588083,0.481118775754743,-1.38814376767159,2.69941461411633,7.12518905446235
131,-0.00341078382413195,0.731737108762045,0.105397490047371,-0.00392102578082998,-0.00392049066617439,-0.00263972873275731,0.0123497064169585,0.00649927060688024,0.00566276546590937,12.6915856416513,22.8690423586662,2.62699610429813,3.8289761300538,0.439586147605789,4.21955142447984,2.83864370571595,1.46048795989576,-0.0795802411318646,15.5112126160518,28.0893305579837,3.00401303203181,0.191558921999874,0.182560160488193,0.0170110212597546,1.07378734831896,4.26566615104318,0.719437523373703,0.426645045010432,0.644272408991376,0.26844683707974,0.21057565331536,0.467701472253415,-0.690387135554713,-0.0122264778964456,0.98312071679148,1.00157216225675,0.981577517666133,0.544325930526847,0.0573705868452293,0.398303482627925,1.06526596635256,1.06345235531362,0.672735895395772,0.346123986408293,-0.0188598818040652,-0.000208159622588203,0.963151065839432,0.0206662428360997,0.982848263245687,-0.640134845922142,0.67,0.1,1.035,0.5,0.6,0.25,0.4,0.005,0.975,0.8,0.1,1.32170356587159,0.85923055659085,0.528681426348635,0.296511194937674,0.335387587197058,0.480937100363793,-1.38712614787349,2.68311296226908,7.12683626813192
132,-0.00342788694502771,0.732645715203232,0.105397445769934,-0.00392092044306513,-0.00392050199052585,-0.00268365854362562,0.0123582383091474,0.00650399181936263,0.00566695250514275,12.6840480153283,22.8232115411416,2.62160723169751,3.82123336160323,0.438683937776179,4.21311807631749,2.84142906585975,1.45117341632748,-0.0794844058697411,15.5064487970003,28.0266686726529,2.99779512620647,0.191632389577693,0.182285223790601,0.0169883626025185,1.07288867437329,4.25927849027783,0.718835411830105,0.426139384531145,0.643733204623974,0.268222168593323,0.210660673765471,0.46760054162006,-0.68989361858432,-0.0121741294075527,0.983177829000222,1.00155497362025,0.981651386989175,0.544056865057806,0.0573422039306904,0.398600931011504,1.06525955068972,1.06344552307533,0.674424265921199,0.344441667677134,-0.0188659335983328,-0.000204725314437362,0.963151065839432,0.0206662428360997,0.982896331624609,-0.640134845922142,0.67,0.1,1.035,0.5,0.6,0.25,0.4,0.005,0.975,0.8,0.1,1.32125051257965,0.859469977592098,0.528500205031861,0.296262812344157,0.335048108934777,0.480762523788893,-1.38614145291336,2.66731937326679,7.12850584329854
133,-0.00344440817325242,0.733524291421016,0.105397411145585,-0.0039208380702993,-0.00392051084601319,-0.0027260293496596,0.0123665046598964,0.00650856647669335,0.00567100969507804,12.6767313941727,22.7789470039008,2.61640270653629,3.81375883114944,0.437813043911363,4.20691809304364,2.84415092193738,1.44215896428838,-0.079391793182121,15.5018432465114,27.9661332360502,2.99179042980022,0.191703616757035,0.182019437277938,0.0169664725346883,1.07202081307249,4.25311382564537,0.718253944758567,0.425651237197973,0.643212487843493,0.268005203268122,0.210742686355751,0.467502944192196,-0.689408220445218,-0.0121239487460383,0.983233018956108,1.00153836978588,0.981722766314298,0.543796942852048,0.0573147899654894,0.398888267182463,1.06525333312106,1.06343890109791,0.676065199995297,0.342806523063301,-0.0188717230585972,-0.000201205217230197,0.963151065839432,0.0206662428360997,0.982943643568572,-0.640134845922142,0.67,0.1,1.035,0.5,0.6,0.25,0.4,0.005,0.975,0.8,0.1,1.3208127669706,0.859701310088811,0.52832510678824,0.296022589368367,0.33471949349936,0.480594774349039,-1.38518859145998,2.65201741798088,7.13019448284845
134,-0.00346036782032071,0.734373828747341,0.105397384069818,-0.00392077365587706,-0.00392051777088309,-0.00276689994249368,0.012374513249211,0.00651299885014103,0.005674940812912,12.6696303591187,22.7361935456532,2.61137598620999,3.80654289630639,0.436972330787176,4.20094256870734,2.84681050095265,1.43343435732498,-0.0793022895702941,15.4973917339642,27.9076494647666,2.98599135161642,0.191772679349385,0.181762488885659,0.016945324189551,1.07118268248309,4.24716409316175,0.717692397263671,0.425179972469055,0.642709609489854,0.267795670620773,0.210821805456552,0.467408573860048,-0.688931133944264,-0.0120758380057035,0.983286350798039,1.00152233034058,0.981791739444953,0.543545845827616,0.0572883102722472,0.399165843900138,1.06524730789907,1.06343248331248,0.677659942832459,0.341217318228193,-0.0188772610606519,-0.000197615025629788,0.963151065839432,0.0206662428360997,0.982990177912371,-0.640134845922142,0.67,0.1,1.035,0.5,0.6,0.25,0.4,0.005,0.975,0.8,0.1,1.32038981214344,0.859924838811639,0.528155924857375,0.295790259985378,0.334401394621834,0.480433589897443,-1.3842665142929,2.63719126606956,7.13189904511184
135,-0.00347578545859715,0.735195286047801,0.105397362896939,-0.00392072328465121,-0.00392052318603642,-0.00280632667461833,0.0123822716664031,0.0065172931076893,0.00567874954494772,12.6627395285867,22.6948979871339,2.60652077773878,3.79957628023164,0.436160707969829,4.1951829608287,2.84940899722036,1.42498974984896,-0.0792157862406139,15.4930900350628,27.851145351653,2.9803905911824,0.191839649773253,0.181514077650367,0.0169248917144071,1.07037323970094,4.24142153336507,0.717150070599627,0.424724983808617,0.642223943820562,0.267593309925234,0.210898140517477,0.467317327387803,-0.688462516356929,-0.0120297041254684,0.983337886625822,1.00150683561411,0.981858387439616,0.543303267332578,0.0572627316301441,0.399434001037279,1.06524146941542,1.06342626379559,0.679209708807908,0.339672849349929,-0.0188825581578368,-0.000193969045472468,0.963151065839432,0.0206662428360997,0.983035916979824,-0.640134845922142,0.67,0.1,1.035,0.5,0.6,0.25,0.4,0.005,0.975,0.8,0.1,1.31998114813587,0.860140837514492,0.52799245925435,0.295565566514077,0.334093477003249,0.48027871757304,-1.38337421190912,2.62282565839359,7.13361654195889
136,-0.00349067994937362,0.735989590728803,0.105397346340036,-0.00392068389502365,-0.00392052742061233,-0.00284436357308149,0.0123897873119094,0.00652145331491546,0.0056824394873342,12.6560535681655,22.6550090948204,2.60183102617621,3.79285005690731,0.435377127649489,4.18963107433686,2.85194757545136,1.41681567769354,-0.079132178808032,15.4889339445711,27.7965515558869,2.97498112523853,0.191904597266853,0.181273913294071,0.0169051502208658,1.06959147943446,4.23587867927616,0.716626291221085,0.424285687718425,0.641754887660673,0.267397869858614,0.210971796312522,0.467229104392697,-0.688002492599966,-0.0119854586276004,0.983387686556018,1.00149186665088,0.981922788693827,0.543068911736619,0.0572380221768111,0.39969306608657,1.06523581219967,1.06342023676799,0.680715682323597,0.338171942243814,-0.0188876245674107,-0.000190280296772523,0.963151065839432,0.0206662428360997,0.983080846296117,-0.640134845922142,0.67,0.1,1.035,0.5,0.6,0.25,0.4,0.005,0.975,0.8,0.1,1.3195862914146,0.860349569447084,0.527834516565838,0.295348259390321,0.333795415971051,0.480129913550435,-1.38251071226026,2.60890588113921,7.13534413637702
137,-0.00350506946997435,0.736757639725749,0.105397333392765,-0.0039206530928626,-0.00392053073199272,-0.00288106244754027,0.0123970673993206,0.00652548343599221,0.00568601414691715,12.6495671991831,22.6164775073995,2.5973009039193,3.78635563702627,0.434620582641857,4.18427904629079,2.85442737346646,1.40890303985362,-0.0790513670293016,15.4849192875624,27.7438012975561,2.96975619527163,0.191967588085083,0.181041715823792,0.0168860757397721,1.0688364326324,4.23052834486454,0.716120409863708,0.423861522807624,0.64130185957944,0.2672091081581,0.211042873172248,0.467143807316654,-0.687551158153192,-0.0119430173714988,0.983435808776568,1.00147740518268,0.981985019020158,0.5428424940314,0.0572141513231877,0.399943354645413,1.06523033091786,1.06341439659318,0.682179018628505,0.336713451532963,-0.0188924701614673,-0.000186560610472426,0.963151065839432,0.0206662428360997,0.983124954319559,-0.640134845922142,0.67,0.1,1.035,0.5,0.6,0.25,0.4,0.005,0.975,0.8,0.1,1.3192047743821,0.860551287809891,0.527681909752839,0.295138096943658,0.333506897146707,0.479986942789137,-1.38167507864901,2.59541774150814,7.13707913961261
138,-0.00351897153987873,0.737500300469768,0.105397323268176,-0.00392062900598689,-0.00392053332144693,-0.00291647299286868,0.0124041189576052,0.00652938733480351,0.00568947694219264,12.6432752062468,22.5792556649331,2.59292480078608,3.78008475446416,0.433890104534094,4.17911933133794,2.85684950457743,1.40124308132325,-0.0789732545627347,15.4810419293027,27.6928302566036,2.96470929593741,0.192028685681904,0.180817215146251,0.0168676451799701,1.06810716515645,4.22536361399406,0.715631800654824,0.423451948900112,0.640864299093872,0.267026791289113,0.211111467203461,0.467061341391702,-0.687108581749987,-0.0119023003218963,0.983482309600353,1.00146343360242,0.982045151726221,0.542623739441209,0.0571910896788717,0.40018517087992,1.06522502037088,1.06340873777587,0.683600844597756,0.335296259864071,-0.0188971044618272,-0.000182820719001093,0.963151065839432,0.0206662428360997,0.983168232191744,-0.640134845922142,0.67,0.1,1.035,0.5,0.6,0.25,0.4,0.005,0.975,0.8,0.1,1.31883614489808,0.860746236190623,0.527534457959232,0.294934845177492,0.333227616123939,0.479849578782929,-1.38086640779482,2.58234754484985,7.13881900795033
139,-0.00353240304586545,0.73821841183128,0.105397315350886,-0.00392061017037504,-0.00392053534636483,-0.00295064288655023,0.0124109488335127,0.00653316877616496,0.00569283120435538,12.6371724438288,22.5432977406552,2.58869731475344,3.7740294533178,0.433184761956079,4.17414468786956,2.8592150596701,1.39382737695094,-0.0788977487514829,15.4772977838812,27.6435764759674,2.95983416424831,0.192087950879206,0.180600150697314,0.0168498362902785,1.06740277649867,4.22037782982491,0.715159860254107,0.423056446178662,0.6404416658992,0.266850694124667,0.211177670496907,0.466981614600186,-0.686674807854556,-0.0118632313305993,0.983527243517723,1.00144993493891,0.982103257690785,0.542412383044936,0.0571688089860126,0.400418807969052,1.06521987549283,1.06340325496027,0.684982259474436,0.3339192771639,-0.0189015366383362,-0.000179070340860211,0.963151065839432,0.0206662428360997,0.983210673505104,-0.640134845922142,0.67,0.1,1.035,0.5,0.6,0.25,0.4,0.005,0.975,0.8,0.1,1.31847996581387,0.860934648981823,0.527391986325548,0.294738277552733,0.332957278157036,0.479717603310113,-1.38008382806762,2.56968207312381,7.14056133919436
140,-0.00354538026619067,0.738912785039254,0.105397309159673,-0.0039205954411814,-0.00392053692982286,-0.00298361788109058,0.0124175213245935,0.00653680747785139,0.00569605873874231,12.6312974634428,22.5086559095206,2.58462499396096,3.76818130598437,0.432503619605926,4.16934832362174,2.86152523369628,1.38664785390998,-0.0788247639845197,15.4737264431637,27.5960758334379,2.95513648076356,0.192145317348141,0.180390233416209,0.0168326311811931,1.06672239854332,4.21556472354773,0.714704007024022,0.422674653261675,0.64003343912599,0.266680599635829,0.211241571323534,0.466904537630696,-0.686249839051975,-0.0118257180402458,0.983570663248091,1.00143689283248,0.982159405438066,0.542208169410008,0.0571472820602069,0.400644548529785,1.06521493640592,1.0633979953384,0.686324339327434,0.332581436276051,-0.0189057756034839,-0.000175318259485248,0.963151065839432,0.0206662428360997,0.983252274086881,-0.640134845922142,0.67,0.1,1.035,0.5,0.6,0.25,0.4,0.005,0.975,0.8,0.1,1.31813581451882,0.861116751779575,0.52725432580753,0.294548237017803,0.332695528384414,0.479590494999227,-1.37932656012362,2.55740863406545,7.14230418009431
141,-0.00355791889382034,0.739584204575477,0.105397304318229,-0.00392058392315153,-0.00392053816806548,-0.00301544189169123,0.0124239314362775,0.00654035704552569,0.00569920749806166,12.6255542213084,22.4750863981475,2.58067828153133,3.76253463301,0.431845907009893,4.16472338912831,2.86378093431926,1.37969666449654,-0.0787542096874878,15.4702330039055,27.5500713303515,2.95058598076715,0.192201104895292,0.180187301817862,0.016816001913406,1.06606520596386,4.21091797318473,0.714263687995784,0.422305810136773,0.639639123578314,0.266516301490964,0.211303256617404,0.466830020875413,-0.685833707634743,-0.0117897419964554,0.983612617919962,1.00142429151171,0.982213659342275,0.542010852238635,0.057126482737178,0.400862665024187,1.06521010410992,1.06339284424692,0.687628124772859,0.331281704809097,-0.0189098295819562,-0.000171572293984778,0.963151065839432,0.0206662428360997,0.983293031798505,-0.640134845922142,0.67,0.1,1.035,0.5,0.6,0.25,0.4,0.005,0.975,0.8,0.1,1.31780329682645,0.8612927563116,0.527121318730578,0.294364384216887,0.332442239991404,0.479468710022408,-1.37859370845239,2.54551483387844,7.14404504132721
142,-0.00357003405874124,0.740233429043482,0.105397300532286,-0.00392057491620845,-0.00392053913635426,-0.00304615707942435,0.0124301401946924,0.00654379535287678,0.00570225763856855,12.6199843904737,22.442651182244,2.57686491176351,3.75708141611417,0.431210742756966,4.16026346776389,2.86598319383688,1.37296627742196,-0.0786860034949492,15.466860009608,27.5056095912445,2.94618958321846,0.192255230317557,0.179991079038771,0.0167999321929362,1.06543037907661,4.20643163129608,0.71383835398133,0.421949582216253,0.639258227445967,0.266357594769153,0.211362805020142,0.466757990406963,-0.68542639097815,-0.011755199661116,0.983653158952089,1.00141211577097,0.98226608552144,0.541820194026493,0.0571063858242716,0.401073420149236,1.06520542215528,1.06338785284794,0.688894637561719,0.3300190692217,-0.018913706783419,-0.000167839796941956,0.963151065839432,0.0206662428360997,0.983332946349475,-0.640134845922142,0.67,0.1,1.035,0.5,0.6,0.25,0.4,0.005,0.975,0.8,0.1,1.31748200205773,0.861462890370121,0.526992800823091,0.294186577393168,0.332197066523457,0.479351711330111,-1.37788449328736,2.53398875228122,7.14578191885783
143,-0.00358174034937897,0.740861192012068,0.10539729757173,-0.0039205678729014,-0.00392053989354291,-0.00307580393014273,0.0124361523634266,0.00654712500158959,0.00570521145525618,12.6145845354881,22.4113138272205,2.5731806122057,3.75181479411485,0.430597325734642,4.15596241037128,2.86813303212559,1.36644944415255,-0.0786200659068599,15.4636050145244,27.4626402773061,2.94194227491326,0.192307741172607,0.179801337707891,0.0167844028797706,1.06481713917933,4.2020999835102,0.713427483250154,0.421605534332853,0.638890283507601,0.266204284794834,0.211420294261951,0.466688357360506,-0.685027856646522,-0.0117220346674297,0.983692334144859,1.00140035094887,0.982316745957562,0.541635965733829,0.0570869670559996,0.401277067210172,1.06520088747077,1.06338301805106,0.690124873343971,0.328792541694084,-0.0189174150380556,-0.000164127041190585,0.963151065839432,0.0206662428360997,0.983372019124801,-0.640134845922142,0.67,0.1,1.035,0.5,0.6,0.25,0.4,0.005,0.975,0.8,0.1,1.317171547653,0.861627341766752,0.5268686190612,0.294014619191555,0.331959746181716,0.47923930093888,-1.37719815855232,2.52281888685371,7.14751294427544
144,-0.00359305183315288,0.741468202833529,0.105397295256616,-0.00392056236513105,-0.00392054048565404,-0.00310442132935396,0.0124419739422968,0.00655034929549088,0.00570807187294537,12.6093499070722,22.3810361795629,2.56962089373738,3.74672818907295,0.430004887555687,4.15181431179762,2.87023145335727,1.36013917868152,-0.0785563202411798,15.4604642486828,27.4211118760472,2.93783885648757,0.192358687387326,0.17961785990943,0.0167693954356865,1.06422473643926,4.19791752819654,0.713030573414307,0.421273237405655,0.638534841863558,0.266056184109816,0.211475799133947,0.466621042234751,-0.684638058262481,-0.0116901880552726,0.983730189594922,1.00138898290768,0.982365700427936,0.541457946468818,0.0570682030530148,0.401473850478168,1.06519649560083,1.06337833513752,0.691319803286927,0.327601158550163,-0.0189209618370906,-0.000160439753378049,0.963151065839432,0.0206662428360997,0.983410253025151,-0.640134845922142,0.67,0.1,1.035,0.5,0.6,0.25,0.4,0.005,0.975,0.8,0.1,1.31687156512231,0.861786303586226,0.526748626048926,0.293848317251346,0.331730028307516,0.479131298733955,-1.37653397231035,2.51199412170756,7.14923636978783
145,-0.00360398207619938,0.742055147436864,0.105397293446228,-0.00392055805812963,-0.00392054094867689,-0.00313204663327826,0.0124476108036747,0.00655347146954845,0.00571084175595468,12.6042758119701,22.3517813779239,2.56618141970736,3.74181526637392,0.429432688487404,4.14781349978855,2.8722794467631,1.35402874554075,-0.0784946925153084,15.4574339844364,27.3809746536667,2.93387430765732,0.192408117145316,0.179440435354388,0.0167548919778693,1.06365244788612,4.19387896753425,0.7126471400837,0.420952277640818,0.638191468731671,0.26591311197153,0.211529391442108,0.466555968557487,-0.684256936477372,-0.0116596031610152,0.98376676986788,1.00137799801342,0.982413006696295,0.541285923182951,0.0570500712840258,0.401664005533024,1.06519224217056,1.06337379946866,0.692480374749741,0.326443979597131,-0.0189243543468719,-0.000156783042787425,0.963151065839432,0.0206662428360997,0.983447652318887,-0.640134845922142,0.67,0.1,1.035,0.5,0.6,0.25,0.4,0.005,0.975,0.8,0.1,1.31658169843599,0.861939962920105,0.526632679374394,0.293687485410044,0.331507670288589,0.479027531705221,-1.3758912258763,2.50150371097514,7.15095056364704
146,-0.00361454416229526,0.742622689096358,0.105397292030529,-0.00392055469011321,-0.00392054131075448,-0.00315871573630078,0.0124530686519491,0.00655649466684069,0.0057135238874426,12.5993576584338,22.3235138988845,2.56285801158567,3.73706992458735,0.428880016205425,4.14395452510284,2.8742779874019,1.34811164903919,-0.078435111338244,15.454510582552,27.3421806796659,2.93004379170933,0.192456076851707,0.179268861052564,0.0167408752564833,1.06309957636475,4.1899791996002,0.71227671616438,0.420642256517225,0.637859745818848,0.265774894091187,0.211581140135486,0.466493062266657,-0.683884420316201,-0.0116302259527453,0.983802118053282,1.00136738311689,0.982458720585708,0.541119690378142,0.0570325500302546,0.401847759591604,1.06518812293038,1.06336940653832,0.693607511848061,0.325320087572556,-0.0189275994206171,-0.000153161451673198,0.963151065839432,0.0206662428360997,0.983484222505186,-0.640134845922142,0.67,0.1,1.035,0.5,0.6,0.25,0.4,0.005,0.975,0.8,0.1,1.31630160356322,0.862088500125851,0.526520641425288,0.293531943558592,0.331292437218997,0.47892783338471,-1.37526923303685,2.49133726421435,7.1526540058927
147,-0.00362475071101315,0.743171469176002,0.105397290923472,-0.00392055205637021,-0.00392054159389421,-0.00318446313501886,0.0124583530262463,0.00655942193998464,0.00571612097064931,12.5945909580833,22.2961995080572,2.55964664304856,3.73248628634557,0.428346184692212,4.14023215211432,2.87622803681232,1.34238162311086,-0.0783775078088615,15.4516904946818,27.3046837589567,2.92634264856279,0.192502611224258,0.179102941043945,0.0167273286308793,1.06256544958205,4.18621331080793,0.711918851219977,0.420342790214379,0.637539269749233,0.265641362395514,0.211631111438097,0.46643225161918,-0.683520428442848,-0.0116020049250664,0.983836275809551,1.00135712553543,0.982502896040699,0.540959049825222,0.0570156183521141,0.402025331822664,1.06518413375419,1.06336515197103,0.694702115994413,0.324228587615595,-0.0189307036100078,-0.000149579001854266,0.963151065839432,0.0206662428360997,0.983519970187519,-0.640134845922142,0.67,0.1,1.035,0.5,0.6,0.25,0.4,0.005,0.975,0.8,0.1,1.31603094809115,0.862232089046073,0.526412379236462,0.29338151745677,0.331084101655775,0.478832043621501,-1.37466732930654,2.48148473261435,7.15434528409528
148,-0.00363461389514019,0.743702107850281,0.105397290057769,-0.00392054999681912,-0.00392054181530554,-0.00320932198907453,0.0124634693044937,0.00656225625332673,0.00571863563082226,12.5899713260673,22.2698052102598,2.55654343397722,3.7280586896066,0.427830533189466,4.13664134984025,2.87813054355911,1.3368326217008,-0.0783218154196589,15.4489702640341,27.2684393639827,2.92276638779383,0.192547763381834,0.178942486142077,0.0167142360467993,1.06204941919241,4.18257656864903,0.711573110858913,0.420053509033736,0.637229651515444,0.265512354798102,0.211679368974142,0.466373467132428,-0.683164870324224,-0.0115748909723881,0.983869283407498,1.00134721303538,0.982545585187275,0.540803810293452,0.0569992560578456,0.402196933648703,1.06518027063617,1.06336103151857,0.695765066421086,0.323168606755623,-0.0189336731767086,-0.000146039237752884,0.963151065839432,0.0206662428360997,0.98355490295679,-0.640134845922142,0.67,0.1,1.035,0.5,0.6,0.25,0.4,0.005,0.975,0.8,0.1,1.31576941085677,0.862370897274861,0.526307764342709,0.293236038551746,0.330882443385484,0.478740008371156,-1.37408487121611,2.47193639589079,7.15602308910936
149,-0.00364414545739106,0.744215204801896,0.105397289380801,-0.00392054838627831,-0.00392054198844627,-0.00323332417895328,0.0124684227074566,0.00656500048512228,0.00572107041713261,12.5854944809228,22.2442992017135,2.55354464472448,3.72378167927987,0.427332425198273,4.1331772833738,2.87998644368622,1.33145880965309,-0.0782679699655083,15.4463465256491,27.2334045697166,2.91931068197182,0.19259157492657,0.178787313687467,0.0167015820145752,1.06155085991726,4.17906441472281,0.711239076144565,0.419774056842999,0.636930515950356,0.265387714979315,0.211725973886415,0.46631664152718,-0.682817647299366,-0.0115488372674243,0.983901179772911,1.00133763381532,0.982586838391388,0.540653787290661,0.0569834436738997,0.40236276903544,1.06517652968759,1.06335704105658,0.69679722068706,0.322139293416698,-0.0189365141037584,-0.000142545266242105,0.963151065839432,0.0206662428360997,0.983589029283465,-0.640134845922142,0.67,0.1,1.035,0.5,0.6,0.25,0.4,0.005,0.975,0.8,0.1,1.31551668158794,0.862505086413986,0.526206672635178,0.293095343801152,0.330687249197701,0.478651579489469,-1.37352123563142,2.46268284982397,7.15768621085455
150,-0.00365335672644508,0.744711339897025,0.105397288851421,-0.0039205471268573,-0.00392054212383985,-0.00325650036091918,0.0124732183027091,0.00656765742968033,0.00572342780456168,12.5811562441971,22.2196508242585,2.5506466706426,3.71964999919977,0.426851247524008,4.12983530570085,2.88179666108878,1.32625455406907,-0.0782159094569966,15.4438160063577,27.199537991481,2.91597136029787,0.192634086020139,0.178637247310592,0.0166893515882584,1.06106916869771,4.175672458043,0.710916343027467,0.419504090544049,0.636641501218627,0.265267292174428,0.211770984948271,0.466261709670552,-0.682478653560777,-0.0115237991463119,0.983932002528214,1.00132837648992,0.982626704315831,0.540508802813636,0.0569681624168845,0.40252303476948,1.06517290713373,1.06335317658123,0.697799415170101,0.321139816936683,-0.0189392321067833,-0.000139099793443536,0.963151065839432,0.0206662428360997,0.983622358418089,-0.640134845922142,0.67,0.1,1.035,0.5,0.6,0.25,0.4,0.005,0.975,0.8,0.1,1.3152724605534,0.862634812316491,0.526108984221362,0.29295927550073,0.330498312665197,0.478566614530418,-1.37297581910093,2.4537149944001,7.15933353413961
151,-0.00366225863233657,0.745191073838722,0.105397288437453,-0.00392054614200721,-0.00392054222971583,-0.0032788800192457,0.0124778610085347,0.00657022979947259,0.00572571019575619,12.5769525398633,22.1958305214941,2.54784603685636,3.71565858443205,0.426386409363391,4.12661094988292,2.88356210781424,1.32121441610665,-0.0781655740379805,15.4413755244626,27.1667997254571,2.91274440252738,0.192675335454581,0.17849211670409,0.0166775303456162,1.06060376387879,4.1723964686103,0.710604521798787,0.419243279563441,0.636362258327271,0.265150940969696,0.211814458669556,0.466208608518989,-0.682147777054656,-0.0114997339999219,0.98396178803319,1.0013194300745,0.982665229975593,0.540368685108355,0.0569533941669325,0.402677920724713,1.06516939931081,1.06334943420606,0.698772465545,0.320169367099989,-0.0189418326449893,-0.000135705158716633,0.963151065839432,0.0206662428360997,0.983654900299601,-0.640134845922142,0.67,0.1,1.035,0.5,0.6,0.25,0.4,0.005,0.975,0.8,0.1,1.31503645822166,0.86276022531821,0.526014583288664,0.292827681116488,0.33031543393063,0.478484976548544,-1.37244803722978,2.44502402251848,7.16096403454303
152,-0.00367086172122636,0.745654948799095,0.105397288113736,-0.00392054537186781,-0.00392054231250938,-0.00330049151589618,0.0124823555977615,0.00657272022720814,0.00572791992285381,12.5728793935463,22.1728097967514,2.5451393932661,3.7118025538985,0.425937341431296,4.12349992158871,2.88528368430245,1.31633314319328,-0.0781169059070227,15.43902198917,27.1351512917442,2.90962593315932,0.19271536071814,0.178351757403789,0.0166661043689469,1.06015408442435,4.16923237124027,0.710303236564318,0.418991305364416,0.636092450654613,0.265038521106089,0.211856449396879,0.466157277061529,-0.681824900306176,-0.0114766011709776,0.98399057142475,1.00131078397017,0.982702460791701,0.540233268439681,0.0569391214423622,0.402827610117958,1.06516600266309,1.06334581015877,0.69971716724887,0.319227153683027,-0.0189443209318973,-0.000132363366049536,0.963151065839432,0.0206662428360997,0.983686665470904,-0.640134845922142,0.67,0.1,1.035,0.5,0.6,0.25,0.4,0.005,0.975,0.8,0.1,1.3148083949288,0.862881470457936,0.525923357971521,0.292700413121363,0.330138419499619,0.478406533905927,-1.37193732407863,2.43660140923043,7.16257677436154
153,-0.00367917616958143,0.746103489030857,0.105397287860593,-0.00392054476962933,-0.00392054237725292,-0.00332136213779366,0.012486706677455,0.0065751312544421,0.00573005923732413,12.5689329737659,22.1505612601067,2.54252352022016,3.70807720969273,0.425503495853078,4.12049808701792,2.88696227564843,1.31160566055995,-0.0780698491904577,15.4367524381698,27.1045556718718,2.90661222713923,0.192754198163984,0.178216010819229,0.0166550602564509,1.05971958916155,4.16617624742325,0.710012124738237,0.418747868766382,0.635831753496928,0.264929897290387,0.211897009408564,0.466107655431442,-0.681509913902263,-0.0114543754752758,0.984018385346027,1.00130242794957,0.982738439335519,0.540102392870143,0.0569253273755297,0.402972279754328,1.06516271376066,1.06334230080119,0.700634295821798,0.318312406134102,-0.0189467019559008,-0.000129070659609762,0.963151065839432,0.0206662428360997,0.983717663691462,-0.640134845922142,0.67,0.1,1.035,0.5,0.6,0.25,0.4,0.005,0.975,0.8,0.1,1.31458800055519,0.862998686146367,0.525835200222078,0.292577329359556,0.329967082486298,0.478331160350524,-1.37144313067258,2.42843889950196,7.16417088889703
154,-0.00368721179778846,0.7465372014589,0.105397287662639,-0.00392054429868716,-0.00392054242788131,-0.00334151814181538,0.012490918764821,0.00657746537385437,0.005732130347576,12.5651094639135,22.1290583268838,2.53999529247094,3.70447801032035,0.425084343141941,4.11760148095634,2.8885987633057,1.30702706771111,-0.0780243500604637,15.4345639208197,27.074976979241,2.9036996705666,0.192791882735856,0.178084723300433,0.0166443850141809,1.05929975670696,4.16322430626375,0.709730836993663,0.418512659129045,0.635579854024176,0.26482493917674,0.211936189135333,0.466059688019046,-0.681202679331587,-0.0114329932484972,0.984045265125688,1.00129435214322,0.982773210514357,0.53997590404742,0.0569119956897797,0.403112100262801,1.06515952923474,1.0633389025577,0.701524607626901,0.317424372841183,-0.0189489804680839,-0.000125839400798575,0.963151065839432,0.0206662428360997,0.983747907802845,-0.640134845922142,0.67,0.1,1.035,0.5,0.6,0.25,0.4,0.005,0.975,0.8,0.1,1.31437501502166,0.863112010231696,0.525750006008665,0.292458291304831,0.329801241065739,0.478258734010141,-1.37096492777665,2.42052850490959,7.16574561126431
155,-0.0036949780832259,0.746956576252481,0.105397287507842,-0.00392054393041685,-0.0039205424674722,-0.00336098479763713,0.0124949962227698,0.00657972499326322,0.00573413538691689,12.5614051814718,22.108275430493,2.53755170469467,3.70100058427594,0.424679373599693,4.11480628567449,2.89019401443187,1.30259262768493,-0.0779803564423026,15.4324536073982,27.0463806730302,2.90088478797822,0.192828448348028,0.177957746647044,0.0166340661261594,1.05889408280649,4.16037290090908,0.709459035480347,0.418285396822453,0.635336449683893,0.264723520701622,0.211974036853515,0.466013319409565,-0.680903064918478,-0.011412429782456,0.98407124143962,1.00128654702636,0.982806814255256,0.539853653000176,0.0568991106774183,0.403247236322406,1.06515644583299,1.06333561197658,0.702388840145797,0.316562320858858,-0.0189511610046552,-0.000122666056362338,0.963151065839432,0.0206662428360997,0.983777409909362,-0.640134845922142,0.67,0.1,1.035,0.5,0.6,0.25,0.4,0.005,0.975,0.8,0.1,1.31416918555169,0.863221572772082,0.525667674220677,0.292343165440035,0.329640719587732,0.478189138025132,-1.37050220142106,2.41286248679788,7.16730024188209
156,-0.00370248417281835,0.747362087378635,0.105397287386793,-0.00392054364243433,-0.00392054249843166,-0.00337978642854586,0.0124989432791396,0.00658191244628053,0.00573607642301261,12.557816548184,22.0881879273378,2.53518986017309,3.69764071857462,0.424288096016681,4.11210882897689,2.89174888452472,1.29829776247666,-0.0779378180244986,15.4304187614235,27.0187334472158,2.89816422968138,0.192863927847706,0.177834937744238,0.0166240915161096,1.05850208149801,4.1576185185066,0.709196394603665,0.418065808342828,0.635101248898804,0.264625520374502,0.212010599132959,0.465968495686111,-0.680610938428514,-0.011392653589136,0.984096344735184,1.00127900340632,0.982839289935494,0.539735495941888,0.0568866571786403,0.403377846879472,1.06515346040375,1.06333242571273,0.703227712296041,0.315725535599134,-0.0189532478951757,-0.000119550738239785,0.963151065839432,0.0206662428360997,0.983806182247772,-0.640134845922142,0.67,0.1,1.035,0.5,0.6,0.25,0.4,0.005,0.975,0.8,0.1,1.31397026865178,0.863327498727785,0.525588107460713,0.292231822726114,0.329485348066463,0.478122260158062,-1.37005445371402,2.40543335066561,7.16883415114456
157,-0.00370973889509571,0.747754193137393,0.105397287292134,-0.00392054341723602,-0.00392054252264151,-0.00339794645033098,0.0125027640341974,0.00658402999644765,0.0057379554615524,12.5543400819505,22.0687720490507,2.53290696512852,3.69439435120824,0.423910036869489,4.10950557862441,2.89326421797385,1.29413804685903,-0.0778966862084668,15.4284567321378,26.9920031702296,2.89553476531703,0.192898353047048,0.177716158348627,0.0166144495274849,1.05812328406156,4.15495777380396,0.708942600321244,0.417853628868201,0.634873970436935,0.26453082101539,0.212045920833575,0.465925165084229,-0.680326165616484,-0.0113736326432349,0.98412060458204,1.00127171241043,0.982870675745848,0.539621294082348,0.0568746205613503,0.403504085356302,1.06515056988985,1.06332934052097,0.704041924900512,0.314913320372522,-0.0189552452730344,-0.00011649410195752,0.963151065839432,0.0206662428360997,0.983834237313362,-0.640134845922142,0.67,0.1,1.035,0.5,0.6,0.25,0.4,0.005,0.975,0.8,0.1,1.31377802932487,0.863429909445211,0.525511211729949,0.292124138385469,0.329334961940006,0.478057992589381,-1.36962120256152,2.39823383741698,7.17034677708167
158,-0.00371675077177854,0.748133336679405,0.105397287218112,-0.003920543241134,-0.00392054254157326,-0.0034154874083594,0.0125064624643966,0.00658607983928121,0.00573977444805303,12.5509723947288,22.0500048686494,2.53070032472879,3.69125756563396,0.423544739639273,4.10699313662503,2.89474084812943,1.29010920254404,-0.0778569140484418,15.426564952468,26.9661588397169,2.89299327922762,0.19293175476514,0.177601274911956,0.0166051289079943,1.05775723828169,4.15238740414481,0.708697349648735,0.417648602938891,0.634654342969016,0.264439309570423,0.212080045155424,0.465883277626217,-0.680048610488788,-0.0113553361348373,0.98414404955931,1.00126466547436,0.982901008589032,0.539510913446495,0.056862986701826,0.40362609985168,1.06514777132579,1.06332635325307,0.70483216110256,0.314124995981859,-0.018957157084419,-0.000113496677873836,0.963151065839432,0.0206662428360997,0.983861587825497,-0.640134845922142,0.67,0.1,1.035,0.5,0.6,0.25,0.4,0.005,0.975,0.8,0.1,1.31359224064894,0.863528922241942,0.525436896259574,0.292019991757856,0.329189401892553,0.477996231750216,-1.36920198118861,2.39125691508739,7.17183762198024
159,-0.0037235280289103,0.748499946506505,0.105397287160228,-0.0039205431034246,-0.00392054255637764,-0.00343243101293067,0.0125100424257632,0.00658806410411471,0.00574153526948198,12.547710190899,22.0318642690815,2.52856733937813,3.68822658533644,0.423191764165066,4.10456823378365,2.89617959731198,1.28620709266458,-0.0778184561929058,15.4247409373742,26.9411705402447,2.89053676614534,0.192964162868499,0.177490158414294,0.0165961187950501,1.05740350783358,4.14990426480526,0.708460350248496,0.417450484227881,0.634442104700145,0.264350876958394,0.212113013705191,0.465842784996381,-0.679778135721752,-0.011337734602824,0.984166707276124,1.00125785433094,0.982930324110924,0.539404224700281,0.0568517419661755,0.403744033333543,1.06514506183522,1.06332346085503,0.705599086760604,0.313359900336081,-0.0189589870966853,-0.000110558827717942,0.963151065839432,0.0206662428360997,0.983888246682771,-0.640134845922142,0.67,0.1,1.035,0.5,0.6,0.25,0.4,0.005,0.975,0.8,0.1,1.31341268348825,0.863624650428397,0.5253650733953,0.291919266166446,0.32904851368733,0.477936878163313,-1.36879633766024,2.38449577101339,7.17330624900993
160,-0.00373007860755594,0.748854436955785,0.105397287114963,-0.00392054299573774,-0.00392054256795449,-0.00344879817300647,0.0125135076571973,0.00658998485589467,0.00574323975584074,12.5445502656075,22.0143289131038,2.52650550116737,3.68529776855641,0.422850686024211,4.10222772449212,2.89758127680427,1.28242771651617,-0.0777812688283176,15.4229822821592,26.9170094028202,2.88816232706506,0.192995606309201,0.177382684203801,0.0165874087017936,1.05706167170416,4.14750532452962,0.708231320041787,0.41725903520736,0.634237003022496,0.26426541792604,0.212144866561738,0.465803640481801,-0.679514603059994,-0.0113207998884698,0.984188604402634,1.00125127099941,0.982958656741838,0.539301102983279,0.0568408731925448,0.403858023824177,1.06514243862847,1.06332066036452,0.706343350832924,0.312617388073462,-0.0189607389063862,-0.000107680755565424,0.963151065839432,0.0206662428360997,0.983914226920848,-0.640134845922142,0.67,0.1,1.035,0.5,0.6,0.25,0.4,0.005,0.975,0.8,0.1,1.31323914622838,0.86371720344181,0.525295658491354,0.291821848788368,0.328912148005194,0.477879836289257,-1.36840383441751,2.37794380434622,7.17475227894878
161,-0.00373641017408547,0.749197208667708,0.105397287079567,-0.0039205429115281,-0.00392054257700747,-0.00346460902839829,0.012516861783706,0.00659184409694053,0.00574488968171653,12.5414895030637,21.9973782143706,2.52451239046816,3.68246760322512,0.422521095938145,4.0999685817459,2.89894668683219,1.27876720453878,-0.0777453096250776,15.4212866607179,26.8936475660627,2.88586716528488,0.193026113160681,0.177278731842573,0.0165789885036506,1.05673132363639,4.1451876612441,0.708009986836378,0.417074026817188,0.634038794181831,0.264182830909096,0.21217564233867,0.465765798921975,-0.679257873680032,-0.0113045050743149,0.984209766701091,1.00124490777504,0.982986039737462,0.539201427747724,0.056830367674039,0.403968204578238,1.06513989900018,1.06331794890838,0.707065585754251,0.311896830192738,-0.0189624159469898,-0.000104862522489247,0.963151065839432,0.0206662428360997,0.983939541673911,-0.640134845922142,0.67,0.1,1.035,0.5,0.6,0.25,0.4,0.005,0.975,0.8,0.1,1.31307142452085,0.863806686988026,0.525228569808339,0.2917276305292,0.328780160288293,0.47782501437758,-1.3680240478295,2.37159461887976,7.17617538701798
162,-0.00374253013006035,0.74952864903878,0.105397287051887,-0.00392054284567733,-0.00392054258408669,-0.00347988298049606,0.0125201083195699,0.00659364376866941,0.00574648676780335,12.5385248747928,21.9809923096702,2.52258567266356,3.67973270210196,0.422202599202338,4.09778789237634,2.90027661653778,1.27522181352417,-0.0777105376856023,15.4196518237381,26.8710581389467,2.88364858260568,0.193055710651395,0.177178184958298,0.0165708484253903,1.05641207159438,4.14294845793995,0.707796087968237,0.416895238145739,0.63384724295663,0.264103017898596,0.212205378243906,0.46572921666034,-0.679007808520241,-0.011288824424568,0.9842302190561,1.00123875721929,0.983012505218609,0.539105082603752,0.0568202131423189,0.40407470425393,1.06513744032692,1.06331532370011,0.70776640780462,0.311197613691674,-0.0189640214962936,-0.000102104060466944,0.963151065839432,0.0206662428360997,0.983964204139543,-0.640134845922142,0.67,0.1,1.035,0.5,0.6,0.25,0.4,0.005,0.975,0.8,0.1,1.31290932103579,0.863893203178454,0.525163728414317,0.291636505901252,0.328652410588616,0.477772324322669,-1.36765656775977,2.36544201617455,7.17757529982668
163,-0.00374844562173946,0.749849132659272,0.105397287030242,-0.00392054279418286,-0.0039205425896226,-0.00349463872161371,0.0125232506714418,0.0065953857532854,0.00574803268239202,12.5356534378569,21.9651520322599,2.52072309500893,3.677089798107,0.421894815139306,4.09568285248879,2.90157184394684,1.27178792203635,-0.0776769134943955,15.4180755968638,26.849215165045,2.88150397568251,0.193084425196495,0.177080931101465,0.0165629790286682,1.05610353724877,4.14078499871915,0.707589369956677,0.416722456123633,0.633662122349263,0.264025884312193,0.212234110136374,0.465693851496992,-0.678764268579629,-0.0112737333284627,0.984249985503978,1.00123281215015,0.983038084209703,0.539011955170546,0.056810397751842,0.404177647077613,1.06513506006493,1.06331278203749,0.708446417470769,0.310519141212766,-0.0189655586835346,-9.94051852193923e-05,0.963151065839432,0.0206662428360997,0.983988227546795,-0.640134845922142,0.67,0.1,1.035,0.5,0.6,0.25,0.4,0.005,0.975,0.8,0.1,1.31275264522248,0.863976850661214,0.525101058088994,0.291548372905577,0.328528763421278,0.477721681524406,-1.36730099714672,2.3594799889623,7.1789517924272
164,-0.00375416354922097,0.750159021736507,0.105397287013316,-0.00392054275391496,-0.00392054259395158,-0.00350889426302281,0.0125262921413797,0.00659707187543331,0.00574952904282925,12.5328723330494,21.9498388862532,2.51892248361751,3.67453573984023,0.421597376573676,4.0936507630969,2.9028331359336,1.2684620260333,-0.0776443988700087,15.4165558788307,26.8280935882047,2.87943083252121,0.193112282427696,0.176986861607926,0.0165553712000339,1.05580535548128,4.13869466499592,0.707389588172459,0.416555475229807,0.633483213288769,0.26395133887032,0.212261872580017,0.465659662642541,-0.67852711518779,-0.0112592082464805,0.98426908926124,1.00122706563303,0.983062806676055,0.53892193693316,0.0568009100647166,0.404277153002123,1.06513275574788,1.06331032130018,0.709106199800351,0.309860830695852,-0.018967030496203,-9.67656080213775e-05,0.963151065839432,0.0206662428360997,0.984011625127221,-0.640134845922142,0.67,0.1,1.035,0.5,0.6,0.25,0.4,0.005,0.975,0.8,0.1,1.31260121307734,0.86405772474668,0.525040485230938,0.291463132917613,0.328409087622419,0.477673004753454,-1.36695695159715,2.35370271481568,7.18030468547985
165,-0.00375969057523534,0.750458666504152,0.10539728700008,-0.00392054272242603,-0.00392054259733676,-0.0035226669617433,0.0125292359298126,0.00659870390381721,0.0057509774169458,12.5301787830718,21.9350350220103,2.51718174056475,3.6720674872792,0.42130992932832,4.09168902594427,2.90406124818419,1.26524073467888,-0.0776129569187985,15.4150906395821,26.8076692195898,2.87742672911365,0.193139307221454,0.176895871466573,0.0165480161393834,1.05551717390795,4.13667493184783,0.707196506518324,0.416394097209523,0.633310304344768,0.263879293476986,0.212288698895254,0.465626610673114,-0.678296210248333,-0.0112452266593946,0.984287552752202,1.00122151097189,0.983086701559928,0.53883492310478,0.0567917390361406,0.40437333785908,1.06513052498465,1.06330793894749,0.709746324749186,0.309222115037379,-0.0189684397865651,-9.41849465789695e-05,0.963151065839432,0.0206662428360997,0.984034410088632,-0.640134845922142,0.67,0.1,1.035,0.5,0.6,0.25,0.4,0.005,0.975,0.8,0.1,1.31245484691943,0.864135917527695,0.52498193876777,0.291380690576367,0.328293256211558,0.4776262160211,-1.36662405899224,2.34810455006986,7.18163384252654
166,-0.00376503313360401,0.750748405618008,0.10539728698973,-0.00392054269780195,-0.00392054259998398,-0.0035359735461522,0.0125320851384408,0.00660028355278385,0.00575237932445401,12.5275700906976,21.9207232124923,2.51549884110633,3.66968210764774,0.421032131740638,4.08979513950471,2.90525692516059,1.26212076633452,-0.0775825519903944,15.4136779183757,26.7879187060315,2.87548932620541,0.193165523725607,0.176807859191933,0.0165409053488411,1.05523865242016,4.13472336451043,0.707009897121506,0.41623813080363,0.633143191452095,0.263809663105039,0.212314621208049,0.465594657486505,-0.678071416457807,-0.011231767019883,0.984305397635745,1.00121614170073,0.983109796815443,0.538750812494185,0.0567828740003997,0.404466313505416,1.06512836545724,1.06330563251606,0.710367347521759,0.308602441756143,-0.0189697892779025,-9.16627350099327e-05,0.963151065839432,0.0206662428360997,0.984056595591391,-0.640134845922142,0.67,0.1,1.035,0.5,0.6,0.25,0.4,0.005,0.975,0.8,0.1,1.31231337517312,0.86421151799475,0.524925350069249,0.291300953677065,0.328181146258302,0.47758124045359,-1.36630195910563,2.3426800239826,7.18293916737194
167,-0.00377019743737801,0.751028566538713,0.105397286981636,-0.00392054267854636,-0.0039205426020541,-0.00354883014047347,0.0125348427730692,0.00660181248387038,0.00575373623831401,12.5250436369319,21.9068868305368,2.51387183100528,3.66737677144822,0.420763654198122,4.0879666951531,2.90642090006655,1.25909894472134,-0.0775531496347976,15.4123158218863,26.7688194996296,2.87361636619065,0.193190955384576,0.17672272670149,0.0165340306220514,1.05496946274289,4.13283761500943,0.706829540037737,0.416087391488715,0.632981677645734,0.263742365685723,0.212339670496704,0.465563766259477,-0.677852597502067,-0.0112188087066332,0.98432264483124,1.00121095157544,0.98313211944234,0.538669507378221,0.0567743046573989,0.40455618796438,1.06512627491867,1.06330339961772,0.710969808905169,0.308001272665308,-0.0189710815704767,-8.9198433031639e-05,0.963151065839432,0.0206662428360997,0.984078194727041,-0.640134845922142,0.67,0.1,1.035,0.5,0.6,0.25,0.4,0.005,0.975,0.8,0.1,1.31217663215795,0.864284612146399,0.52487065286318,0.291223833067178,0.328072638753256,0.477538006170817,-1.3659903032329,2.33742383312089,7.18422060157055
168,-0.00377518948666943,0.751299465901807,0.105397286975307,-0.00392054266348874,-0.00392054260367281,-0.00356125228820192,0.0125375117463751,0.00660329230731704,0.00575504958606929,12.5225968791693,21.8935098270174,2.51229882396316,3.6651487486504,0.420504178692351,4.08620137349888,2.90755389481664,1.25617219524327,-0.0775247165610408,15.4110025223127,26.7503498285485,2.87180567012834,0.193215624963256,0.176640379197521,0.0165273840338674,1.05470928800944,4.13101541892506,0.706655222966322,0.415941701227604,0.632825572805661,0.263677322002359,0.212363876636528,0.465533901406218,-0.677639618231845,-0.0112063319807787,0.984339314543656,1.0012059345659,0.983153695518641,0.53859091337905,0.0567660210597043,0.404643065561246,1.06512425119093,1.06330123793732,0.711554235596686,0.307418083550541,-0.0189723191472269,-8.67914343936646e-05,0.963151065839432,0.0206662428360997,0.984099220499096,-0.640134845922142,0.67,0.1,1.035,0.5,0.6,0.25,0.4,0.005,0.975,0.8,0.1,1.31204445788522,0.86435528309514,0.524817783154089,0.291149242545722,0.327967618483019,0.47749644416929,-1.36568875383222,2.3323308359627,7.18547812201803
169,-0.00378001507618871,0.751561409875566,0.105397286970357,-0.00392054265171393,-0.00392054260493868,-0.00357325497451733,0.0125400948806117,0.00660472458354546,0.00575632075115209,12.520227349356,21.8805767098451,2.51077799915072,3.66299540503028,0.420253398390622,4.08449694087505,2.90865662000942,1.25333754146297,-0.0774972205973399,15.4097362554927,26.7324886689538,2.87005513487442,0.193239554569683,0.176560725053297,0.016520957930418,1.05445782235201,4.12925459228305,0.706486740975845,0.415800888229777,0.632674693411204,0.263614455588002,0.21238726844248,0.465505028537932,-0.677432344819204,-0.0111943179445735,0.98435542628787,1.00120108484843,0.983174550232223,0.538514939345995,0.0567580136000744,0.404727047053931,1.065122292163,1.06329914523063,0.712121140525093,0.306852363854118,-0.0189735043792114,-8.44410745959511e-05,0.963151065839432,0.0206662428360997,0.984119685805819,-0.640134845922142,0.67,0.1,1.035,0.5,0.6,0.25,0.4,0.005,0.975,0.8,0.1,1.31191669786143,0.864423611169023,0.524766679144571,0.291077098765774,0.327865973909141,0.477456488209282,-1.36539698417561,2.32739604770315,7.18671173864452
170,-0.00378467980249969,0.751814694507015,0.105397286966487,-0.00392054264250619,-0.00392054260592856,-0.003584852647736,0.0125425949102453,0.00660611082460126,0.00575755107415751,12.5179326521614,21.8680725237848,2.50930759883451,3.66091419865254,0.420011017224487,4.08285124597536,2.90972977490556,1.25059210172247,-0.0774706306526763,15.4085153190336,26.7152157180468,2.86836273032586,0.193262765676572,0.176483675703447,0.0165147449195413,1.05421477050762,4.12755302856715,0.706323896240104,0.415664786721295,0.63252886230457,0.263553692626904,0.212409873709903,0.465477114423575,-0.677230644896364,-0.0111827485021401,0.984370998912194,1.00119639679849,0.983194707911359,0.538441497241799,0.0567502729994588,0.404808229758743,1.06512039578895,1.06329711932234,0.712671023165942,0.306303616364859,-0.0189746395308006,-8.2146638001798e-05,0.963151065839432,0.0206662428360997,0.984139603424846,-0.640134845922142,0.67,0.1,1.035,0.5,0.6,0.25,0.4,0.005,0.975,0.8,0.1,1.31179320289817,0.864489674009175,0.524717281159267,0.291007321140091,0.327767597050926,0.477418074706022,-1.36511467801071,2.32261463525511,7.18792149220804
171,-0.003789189071004,0.752059606056503,0.10539728696346,-0.00392054263530583,-0.0039205426067026,-0.00359605923984974,0.0125450144845297,0.00660745249556316,0.00575874185408822,12.5157104631604,21.8559828310437,2.50788592609453,3.65890267649057,0.419776749494433,4.08126221663313,2.91077404741169,1.24793308590119,-0.0774449166797517,15.4073380704605,26.6985113681417,2.86672649677078,0.193285279141819,0.17640914553834,0.0165087378615685,1.05397984743862,4.12590869584833,0.706166497783874,0.415533236723785,0.632387908463171,0.263494961859654,0.212431719253456,0.465450126951705,-0.677034387678366,-0.0111716063222263,0.984386050621151,1.00119186498364,0.983214192054223,0.5383705020331,0.0567427902954449,0.404886707671455,1.06511856008597,1.06329515810403,0.713204369850861,0.305771356913771,-0.0189757267646327,-7.99073643237455e-05,0.963151065839432,0.0206662428360997,0.984158985999505,-0.640134845922142,0.67,0.1,1.035,0.5,0.6,0.25,0.4,0.005,0.975,0.8,0.1,1.31167382892842,0.864553546663462,0.524669531571369,0.290939831749757,0.327672383371952,0.477381142624866,-1.36484152923246,2.31798191243484,7.18910745218546
172,-0.00379354810266576,0.752296421321219,0.105397286961094,-0.00392054262967523,-0.0039205426073079,-0.00360688818619415,0.0125473561700167,0.00660875101591743,0.0057598943495687,12.5135585270326,21.8442936926059,2.50651134262974,3.65695847117813,0.419550319490053,4.07972785673537,2.91179011407043,1.2453577923042,-0.0774200496392606,15.4062029253867,26.6823566817459,2.86514454234098,0.193307115228024,0.176337051802313,0.0165029298604454,1.05375277796736,4.12431963402576,0.706014361238129,0.415406083842129,0.632251666780414,0.263438194491839,0.212452830944332,0.465424035093455,-0.67684344407081,-0.0111608748027994,0.984400598997499,1.00118748415682,0.983233025357424,0.538301871584974,0.0567355568311354,0.404962571583891,1.06511678313261,1.06329325953223,0.71372165407105,0.305255114075289,-0.0189767681463394,-7.77224545949969e-05,0.963151065839432,0.0206662428360997,0.984177846026695,-0.640134845922142,0.67,0.1,1.035,0.5,0.6,0.25,0.4,0.005,0.975,0.8,0.1,1.31155843682903,0.864615301676476,0.524623374731611,0.290874555255778,0.32758023167021,0.477345633380291,-1.36457724156457,2.31349333532386,7.19026971475865
173,-0.00379776194048718,0.75252540794802,0.105397286959243,-0.00392054262527219,-0.0039205426077813,-0.00361735244428973,0.0125496224530024,0.00661000776089821,0.00576100978002964,12.5114746557795,21.8329916502814,2.50518226664773,3.65507929788729,0.419331461125037,4.07824624326585,2.91277864005699,1.24286360467429,-0.0773960014654274,15.4051083557118,26.6667333676008,2.86361504056252,0.193328293621121,0.1762673144956,0.0164973142551792,1.0535332964244,4.1227839521752,0.705867308604345,0.415283179060474,0.632119977854637,0.263383324106099,0.212473233745862,0.465398808866584,-0.676657686763991,-0.0111505380374976,0.984414661023533,1.00118324924981,0.983251229743564,0.538235526559362,0.0567285642444363,0.405035909196202,1.06511506306696,1.06329142162659,0.714223336775049,0.304754428874004,-0.0189777656490535,-7.55910765795561e-05,0.963151065839432,0.0206662428360997,0.984196195846207,-0.640134845922142,0.67,0.1,1.035,0.5,0.6,0.25,0.4,0.005,0.975,0.8,0.1,1.31144689224912,0.864675009176034,0.524578756899649,0.290811418813533,0.327491043971731,0.477311490738643,-1.36432152825052,2.30914449779861,7.19140840089321
174,-0.00380183545574499,0.752746824735917,0.105397286957796,-0.00392054262182917,-0.00392054260815144,-0.00362746451189588,0.0125518157419138,0.006611224062795,0.00576208932686334,12.5094567269632,21.822063709437,2.50389717083464,3.65326295132739,0.419119917586362,4.07681552347172,2.91374027918281,1.24044798932167,-0.0773727450327624,15.4040528878466,26.651623757639,2.86213622799983,0.193348833448175,0.176199856279813,0.0164918846115968,1.05332114630978,4.12129982600028,0.705725168027552,0.415164378546206,0.631992687785867,0.263330286577445,0.212492951747584,0.465374419300624,-0.676476990314425,-0.0111405807836574,0.984428253101697,1.00117915536698,0.983268826387881,0.538171390317241,0.0567218044577421,0.405106805225017,1.06511339808484,1.06328964246793,0.714709866660917,0.304268854496788,-0.0189787211577049,-7.35123697999401e-05,0.963151065839432,0.0206662428360997,0.984214047631367,-0.640134845922142,0.67,0.1,1.035,0.5,0.6,0.25,0.4,0.005,0.975,0.8,0.1,1.31133906544445,0.864732736956336,0.52453562617778,0.290750351990006,0.327404725427614,0.477278660724496,-1.36407411175371,2.30493112722037,7.19252365450729
175,-0.00380577335399732,0.752960921928558,0.105397286956664,-0.00392054261913666,-0.00392054260844088,-0.00363723644431335,0.0125539383696319,0.00661240121222658,0.0057631341345497,12.507502681968,21.8114973223852,2.50265458040247,3.65150730285968,0.418915440997073,4.0754339121478,2.91467567390636,1.23810849236543,-0.0773502541239865,15.4030351009709,26.6370107848225,2.86070640198996,0.193368753294407,0.176134602386848,0.0164866347144038,1.05311607996683,4.11986549538263,0.705587773577779,0.415049543461544,0.6318696479801,0.263279019991708,0.212512008197857,0.465350838403072,-0.676301231214932,-0.0111309884320443,0.98444139107449,1.00117519777923,0.983285835743973,0.538109388824382,0.0567152696679985,0.40517534150762,1.06511178643819,1.06328792019653,0.715181680462891,0.303797956010225,-0.0189796364731163,-7.14854500335101e-05,0.963151065839432,0.0206662428360997,0.984231413380896,-0.640134845922142,0.67,0.1,1.035,0.5,0.6,0.25,0.4,0.005,0.975,0.8,0.1,1.31123483111731,0.864788550557969,0.524493932446925,0.290691286683705,0.327321184214333,0.477247091530546,-1.36383472346657,2.3008490802778,7.1936156407276
176,-0.00380958018087019,0.753167941497053,0.105397286955779,-0.00392054261703123,-0.00392054260866725,-0.00364667987097311,0.0125559925957563,0.00661354045938271,0.00576414531175383,12.5056105242875,21.8012803724005,2.50145307121039,3.64981029772319,0.418717792092111,4.07409968903347,2.91558545535117,1.23584273708138,-0.0773285033990839,15.4020536253231,26.6228779618231,2.85932391846295,0.193388071219487,0.176071480531055,0.0164815585595322,1.05291785826804,4.1184792620268,0.705454965039588,0.414938539782467,0.631750714960825,0.263229464567011,0.212530425535097,0.465328039126622,-0.676130287954148,-0.0111217469780171,0.98445409024373,1.00117137191823,0.983302277568659,0.538049450560556,0.0567089523371301,0.405241597102314,1.06511022643334,1.06328625301035,0.715639203232639,0.303341310083267,-0.018980513315906,-6.95094134933925e-05,0.963151065839432,0.0206662428360997,0.984248304911884,-0.640134845922142,0.67,0.1,1.035,0.5,0.6,0.25,0.4,0.005,0.975,0.8,0.1,1.31113406826199,0.864842513344878,0.524453627304795,0.29063415704721,0.327240331437229,0.4772167334309,-1.3636031034284,2.29689433897544,7.19468454423018
177,-0.00381326032763226,0.753368117413442,0.105397286955087,-0.00392054261538477,-0.00392054260884422,-0.00365580601134285,0.0125579806088076,0.0066146430152328,0.00576512393239462,12.5037783178401,21.7914011583428,2.50029126795729,3.64816995236709,0.41852673990663,4.07281119631715,2.91647024333137,1.23364842135122,-0.0773074683654382,15.4011071405269,26.6092093605137,2.85798718984525,0.193406804773163,0.176010420824583,0.0164766503467664,1.0527262503125,4.11713948719607,0.705326587709375,0.414831238124625,0.6316357501875,0.263181562578125,0.212548225417703,0.465305995337426,-0.675964041066424,-0.0111128429941688,0.984466365389154,1.00116767337073,0.983318170945986,0.537991506432048,0.0567028451828181,0.405305648385134,1.06510871642942,1.06328463916332,0.716082848615175,0.302898504715032,-0.0189813533302069,-6.75833405942478e-05,0.963151065839432,0.0206662428360997,0.984264733853798,-0.640134845922142,0.67,0.1,1.035,0.5,0.6,0.25,0.4,0.005,0.975,0.8,0.1,1.31103666001549,0.864894686578471,0.524414664006196,0.290578899412249,0.32716208103708,0.477187538697665,-1.36337900005172,2.29306300676149,7.19573056766297
178,-0.00381681803656644,0.753561675915124,0.105397286954546,-0.00392054261409724,-0.00392054260898267,-0.00366462569018444,0.0125599045283745,0.00661571005270381,0.00576607103668632,12.5020041853109,21.7818483798565,2.49916784244219,3.64658435188495,0.418342061476265,4.07156683624347,2.91733064638447,1.23152331520802,-0.0772871253490137,15.4001943739529,26.5959895922294,2.85669468304208,0.19342497101026,0.175951355695739,0.0164719044726358,1.05254103313453,4.11584458953561,0.705202492200138,0.414727513575921,0.63152461988072,0.263135258283633,0.212565428752743,0.465284681784341,-0.675802373172856,-0.0111042636042588,0.984478230786402,1.00116409787325,0.983333534310415,0.537935489687359,0.0566969411696126,0.405367569143029,1.06510725483676,1.06328307696366,0.716513019119529,0.30246913896768,-0.0189821580872092,-6.5706299396752e-05,0.963151065839432,0.0206662428360997,0.984280711643422,-0.640134845922142,0.67,0.1,1.035,0.5,0.6,0.25,0.4,0.005,0.975,0.8,0.1,1.31094249351347,0.864945129488962,0.52437699740539,0.290525452217237,0.327086349699662,0.477159461520743,-1.36316216985682,2.28935130478891,7.19675393014759
179,-0.00382025740614594,0.753748835760552,0.105397286954122,-0.00392054261309038,-0.00392054260909092,-0.00367314935219143,0.0125617664072003,0.00661674270782634,0.00576698763215192,12.5002863065251,21.7726111231278,2.49808151189022,3.64505164754707,0.418163541548904,4.07036506881881,2.91816726181162,1.22946525847373,-0.0772674514665417,15.3993140991183,26.5832037887746,2.85544491749615,0.19344258650509,0.175894219810278,0.0164673155235651,1.05236199142304,4.11459304297932,0.705082534253436,0.414627245535624,0.631417194853823,0.26309049785576,0.212582055723451,0.465264074069151,-0.675645169014341,-0.0110959964585522,0.984489700224385,1.00116064130682,0.983348385469211,0.537881335835952,0.0566912335003686,0.405427430663679,1.06510584011541,1.06328156477232,0.716930106384248,0.302052822704288,-0.0189829290885363,-6.38773487255738e-05,0.963151065839432,0.0206662428360997,0.984296249520658,-0.640134845922142,0.67,0.1,1.035,0.5,0.6,0.25,0.4,0.005,0.975,0.8,0.1,1.31085145975111,0.864993899344095,0.524340583900445,0.290473755937205,0.3270130567682,0.477132457930701,-1.36295237721436,2.28575556830383,7.19775486585754
180,-0.00382358239602282,0.753929808476466,0.105397286953792,-0.00392054261230312,-0.00392054260917551,-0.00368138707603538,0.0125635682332149,0.00661774208085008,0.00576787469460977,12.4986229168511,21.7636788471756,2.49703103734143,3.64357005442654,0.417990972307436,4.06920440961055,2.91898067572496,1.22747215848427,-0.0772484245986773,15.3984651341258,26.5708375841414,2.85423646331946,0.193459667365317,0.175838949995488,0.0164628782692726,1.05218891725113,4.11338337473707,0.70496657455826,0.414530317559493,0.63131335035068,0.263047229312784,0.212598125815608,0.465244148617746,-0.675492315477198,-0.0110880297101972,0.984500787022073,1.001157299692,0.98336274162407,0.537828982569952,0.056685715607991,0.405485301822057,1.06510447077357,1.06328010100133,0.717334491437793,0.301649176331666,-0.0189836677694599,-6.20955410225972e-05,0.963151065839432,0.0206662428360997,0.98431135852512,-0.640134845922142,0.67,0.1,1.035,0.5,0.6,0.25,0.4,0.005,0.975,0.8,0.1,1.31076345344883,0.865041051515357,0.524305381379531,0.290423753016039,0.326942124158616,0.477106485724641,-1.36274939409581,2.28227224315606,7.19873362267007
181,-0.00382679683183607,0.75410479859696,0.105397286953533,-0.00392054261168739,-0.00392054260924168,-0.00368934858784797,0.0125653119315094,0.00661870923732901,0.00576873316913341,12.4970123056362,21.7550413706539,2.49601522209973,3.64213784911536,0.417824153103076,4.06808342763627,2.91977146310216,1.22554198789821,-0.0772300233640888,15.3976463401408,26.5588770969102,2.85306793949513,0.1934762292453,0.175785485166971,0.0164585876564051,1.05202160981573,4.11221416335899,0.704854478576539,0.414436617210943,0.631212965889438,0.263005402453932,0.21261365784285,0.465224882652225,-0.675343701612159,-0.0110803519929275,0.984511504044696,1.001154069184,0.983376619391985,0.537778369688656,0.0566803811474783,0.405541249163866,1.06510314536621,1.06327868411235,0.717726544953918,0.301257830548044,-0.0189843755019624,-6.03599248948709e-05,0.963151065839432,0.0206662428360997,0.984326049493437,-0.640134845922142,0.67,0.1,1.035,0.5,0.6,0.25,0.4,0.005,0.975,0.8,0.1,1.31067837292268,0.865086639541796,0.524271349169071,0.290375387800957,0.326873476277487,0.477081504394941,-1.36255299983149,2.27889788242641,7.19969046088916
182,-0.00382990440984634,0.754274003894643,0.10539728695333,-0.003920542611206,-0.00392054260929342,-0.00369704327416442,0.0125669993662576,0.00661964520917725,0.00576956397098561,12.4954528146732,21.7466888591467,2.49503291023969,3.64075336752697,0.417662890198781,4.06700074333862,2.92054018784777,1.2236727825853,-0.0772122270944484,15.3968566199089,26.5473089133058,2.85193801214642,0.193492287358964,0.175733766258025,0.0164544388024035,1.05185987518664,4.11108403687387,0.704746116375048,0.414346035917786,0.631115925111983,0.26296496879666,0.212628669970963,0.465206254163904,-0.675199218647227,-0.0110729523997235,0.984521863719406,1.0011509460681,0.983390034825411,0.537729439025764,0.0566752239882519,0.405595336985984,1.06510186249361,1.0632773126151,0.71810662750208,0.300878426095575,-0.0189850535976546,-5.86695474757363e-05,0.963151065839432,0.0206662428360997,0.984340333057226,-0.640134845922142,0.67,0.1,1.035,0.5,0.6,0.25,0.4,0.005,0.975,0.8,0.1,1.31059611995928,0.865130715191538,0.524238447983713,0.290328606479162,0.326807039942637,0.477057475060791,-1.36236298087597,2.27562914316594,7.20062565203677
183,-0.00383290870140392,0.754437615604162,0.105397286953172,-0.00392054261082952,-0.00392054260933394,-0.00370448019435154,0.0125686323425832,0.00662055099569534,0.00577036798652633,12.4939428367007,21.7386118129348,2.49408298516893,3.63941500278155,0.417506996522394,4.06595502664237,2.9212874028614,1.22186263959125,-0.0771950158102897,15.3960949163131,26.5361200708828,2.85084539287063,0.193507856492202,0.175683736151511,0.0164504269895885,1.05170352606487,4.10999167099849,0.70464136246346,0.414258468834438,0.63102211563892,0.262925881516216,0.2126431797412,0.465188241887206,-0.675058759995039,-0.0110658204626099,0.984531878050387,1.00114792675509,0.983403003431713,0.537682134379222,0.056670238206761,0.405647627414017,1.06510062080002,1.06327598506597,0.718475089792965,0.300510613517589,-0.0189857033105535,-5.70234564806245e-05,0.963151065839432,0.0206662428360997,0.984354219641649,-0.640134845922142,0.67,0.1,1.035,0.5,0.6,0.25,0.4,0.005,0.975,0.8,0.1,1.3105165996951,0.865173328521109,0.524206639878039,0.290283357016592,0.326742744306254,0.477034360402414,-1.36217913058075,2.27246278324265,7.20153947770991
184,-0.00383581315725646,0.754595818638329,0.105397286953048,-0.00392054261053509,-0.00392054260936558,-0.00371166809254531,0.0125702126083745,0.0066214275645683,0.0057711460740958,12.4924808139364,21.7308010552171,2.49316436824388,3.63812120317084,0.417356291429094,4.06494499508986,2.92201365011222,1.22010971517534,-0.0771783701977024,15.3953602109708,26.5252980428135,2.84978883713473,0.193522951014864,0.175635339614132,0.0164465476594579,1.05155238154972,4.10893578741519,0.70454009563831,0.414173814709309,0.63093142892983,0.262888095387429,0.212657204092687,0.465170825274408,-0.674922221255163,-0.0110589461333266,0.984541558633461,1.00114500777696,0.983415540191961,0.537636401443571,0.0566654180793524,0.405698180477077,1.06509941897231,1.06327470006657,0.718832272919182,0.300154052920546,-0.0189863258397286,-5.54207021483965e-05,0.963151065839432,0.0206662428360997,0.984367719464519,-0.640134845922142,0.67,0.1,1.035,0.5,0.6,0.25,0.4,0.005,0.975,0.8,0.1,1.31043972049995,0.86521452793265,0.524175888199978,0.29023958909871,0.326680520780485,0.477012124597878,-1.36200124897383,2.26939565829118,7.20243222850078
185,-0.00383862111170253,0.754748791797111,0.105397286952952,-0.00392054261030483,-0.00392054260939034,-0.00371861540911722,0.0125717418560483,0.00662227585283572,0.00577189906487296,12.4910652366427,21.7232477207658,2.49227601743654,3.63687047019931,0.417210600472771,4.06396941205163,2.9227194607198,1.21841222291766,-0.0771622715858332,15.3946515228709,26.5148307227544,2.84876714273066,0.19353758489233,0.175588523233009,0.0164427964071888,1.0514062669144,4.1079151521149,0.704442198832646,0.414091975757211,0.630843760148639,0.262851566728599,0.212670759383936,0.465153984471226,-0.674789500211908,-0.0110523197650484,0.984550916670175,1.00114218578274,0.983427659579051,0.537592187744716,0.0566607580753948,0.40574705417989,1.06509825573864,1.0632734562624,0.719178508591193,0.299808413740629,-0.0189869223318223,-5.38603388917517e-05,0.963151065839432,0.0206662428360997,0.984380842535901,-0.640134845922142,0.67,0.1,1.035,0.5,0.6,0.25,0.4,0.005,0.975,0.8,0.1,1.31036539386462,0.865254360229119,0.524146157545848,0.290197254073259,0.326620302965396,0.476990733262413,-1.36182914254621,2.26642471876143,7.20330420297766
186,-0.00384133578659691,0.754896707969709,0.105397286952876,-0.00392054261012487,-0.00392054260940966,-0.00372533029169264,0.0125732217242627,0.00662309676783421,0.0057726277637095,12.4896946417271,21.7159432450026,2.49141692605076,3.63566135669852,0.417069755185989,4.06302708500878,2.92340535504084,1.2167684318931,-0.0771467019251647,15.3939679070512,26.5047064102708,2.84777914828792,0.19355177169671,0.175543235354494,0.0164391689763368,1.05126501338979,4.10692857380287,0.704347558971157,0.414012857536528,0.630759008033872,0.262816253347446,0.212683861413531,0.465137700293205,-0.674660496827966,-0.0110459320948539,0.984559962981411,1.00113945753447,0.983439375575217,0.537549442577013,0.056656252850648,0.405794304572339,1.06509712986727,1.06327225234147,0.719514119368533,0.299473374514917,-0.0189874938834502,-5.23414268749557e-05,0.963151065839432,0.0206662428360997,0.984393598658161,-0.640134845922142,0.67,0.1,1.035,0.5,0.6,0.25,0.4,0.005,0.975,0.8,0.1,1.31029353429242,0.86529287066755,0.52411741371697,0.290156304894929,0.326562026579247,0.476970153390131,-1.3616626240449,2.26354700706211,7.20415570672382
187,-0.00384396029521315,0.755039734329953,0.105397286952817,-0.00392054260998409,-0.00392054260942487,-0.00373182060573862,0.0125746537995821,0.00662389118811353,0.00577333294994066,12.4883676113744,21.7088793534736,2.49058612148547,3.63449246501172,0.416933592868169,4.0621168639041,2.92407184276158,1.21517666490906,-0.0771316437665436,15.3933084533136,26.4949137967919,2.84682373184081,0.193565524617681,0.175499426025111,0.0164356612537234,1.05112845795605,4.10597490236489,0.704256066830554,0.413936368831018,0.630677074773631,0.262782114489013,0.21269652544,0.465121954202898,-0.674535113234428,-0.0110397742271721,0.984568708020521,1.00113681990331,0.983450701688917,0.537508116942599,0.0566518972408673,0.405839985816533,1.06509604016527,1.06327108703303,0.719839418886396,0.299148622657091,-0.0189880415434869,-5.08630333234768e-05,0.963151065839432,0.0206662428360997,0.984405997426413,-0.640134845922142,0.67,0.1,1.035,0.5,0.6,0.25,0.4,0.005,0.975,0.8,0.1,1.31022405919456,0.86533010301046,0.524089623677822,0.290116696071867,0.326505629390993,0.476950353298075,-1.36150151227244,2.26075965479575,7.20498705143226
188,-0.00384649764596899,0.755178032525241,0.105397286952771,-0.00392054260987396,-0.00392054260943664,-0.00373809394474067,0.0125760396180924,0.00662465996432583,0.00577401537817243,12.4870827717135,21.7020480517146,2.48978266404357,3.63336244524604,0.416801956381672,4.06123763955894,2.9247194229956,1.21363529680428,-0.0771170802409331,15.3926722849812,26.4854419520823,2.84589980944882,0.19357885647298,0.175457046934567,0.0164322692645067,1.05099644314184,4.10505302739124,0.704167616905032,0.413862421535989,0.630597865885103,0.26274911078546,0.212708766200932,0.465106728287814,-0.674413253717403,-0.0110338376178649,0.984577161886011,1.0011342698658,0.983461650971144,0.537468163492866,0.0566476862556362,0.405884150251497,1.06509498547736,1.06326995910633,0.720154712077629,0.298833854237615,-0.0189885663152438,-4.94242337977479e-05,0.963151065839432,0.0206662428360997,0.984418048229341,-0.640134845922142,0.67,0.1,1.035,0.5,0.6,0.25,0.4,0.005,0.975,0.8,0.1,1.31015688878915,0.865366099575473,0.52406275551566,0.290078383613977,0.32645105115495,0.476931302572503,-1.36134563189261,2.25805988008142,7.2057985540538
189,-0.00384895074601953,0.755311758859235,0.105397286952734,-0.00392054260978791,-0.00392054260944596,-0.00374415763998748,0.012577380666971,0.00662540392009004,0.00577467577904662,12.4858387915166,21.6954416154832,2.48900564578427,3.63226999358945,0.416674693955476,4.06038834215305,2.9253485843867,1.21214275280621,-0.0771029950398624,15.3920585576905,26.4762803112021,2.84500633386731,0.193591779718573,0.175416051360738,0.0164289891674269,1.05086881683072,4.10416187675633,0.704082107276586,0.413790930548722,0.630521290098435,0.262717204207681,0.212720597931358,0.465092005239105,-0.674294824701715,-0.0110281140592106,0.984585334333772,1.00113180450025,0.983472236031161,0.537429536472009,0.0566436150724153,0.405926848455576,1.06509396468474,1.06326886736936,0.720460295390205,0.298528773768338,-0.0189890691585426,-4.80241132052218e-05,0.963151065839432,0.0206662428360997,0.984429760250338,-0.640134845922142,0.67,0.1,1.035,0.5,0.6,0.25,0.4,0.005,0.975,0.8,0.1,1.3100919460039,0.86540090128323,0.524036778401558,0.290041324982939,0.326398233547542,0.476912972017319,-1.36119481324225,2.25544498496194,7.20659053599616
190,-0.00385132240472347,0.755441064468507,0.105397286952706,-0.00392054260972063,-0.00392054260945318,-0.00375001876997771,0.0125786783860095,0.00662612385283048,0.00577531485998333,12.4846343809314,21.689052581352,2.48825418941751,3.63121385068991,0.416551658996113,4.05956793976458,2.92595980521659,1.21069750694454,-0.0770893723965486,15.391466458225,26.467418661944,2.84414229326729,0.193604306458515,0.175376394116573,0.0164258172502211,1.05074543207466,4.10330041525168,0.703999439490025,0.413721813662981,0.630447259244798,0.262686358018666,0.212732034381431,0.465077768330967,-0.674179734731903,-0.0110225956654795,0.984593234788903,1.00112942098325,0.983482469051695,0.537392191662565,0.056639679030803,0.405968129306632,1.06509297670399,1.06326781066768,0.720756457000229,0.298233093991463,-0.018989550991691,-4.66617668122667e-05,0.963151065839432,0.0206662428360997,0.984441142468953,-0.640134845922142,0.67,0.1,1.035,0.5,0.6,0.25,0.4,0.005,0.975,0.8,0.1,1.31002915638208,0.865434547703653,0.52401166255283,0.290005479043906,0.32634712010608,0.476895333604583,-1.36104889214899,2.25291235289246,7.20736332237198
191,-0.00385361533698676,0.755566095493362,0.105397286952684,-0.00392054260966801,-0.00392054260945884,-0.00375568416946703,0.0125799341690926,0.00662682053459157,0.00577593330590228,12.4834682902461,21.6828737376411,2.48752744723856,3.63019280009437,0.416432709905623,4.05877543696785,2.92655355351698,1.20929808051854,-0.0770761970676689,15.3908952033841,26.4588471327211,2.84330671000172,0.193616448454521,0.175338031498829,0.0164227499252005,1.05062614691418,4.1024676432702,0.703919518432499,0.41365499146739,0.630375688148507,0.262656536728544,0.212743088833444,0.46506400140075,-0.674067894450856,-0.0110172748592577,0.984600872357108,1.00112711658633,0.983492361803592,0.537356086332877,0.0566358736269975,0.406008040040125,1.06509202048593,1.06326678788327,0.721043477020536,0.297946535672828,-0.018990012693364,-4.53363010489095e-05,0.963151065839432,0.0206662428360997,0.984452203662591,-0.640134845922142,0.67,0.1,1.035,0.5,0.6,0.25,0.4,0.005,0.975,0.8,0.1,1.30996844799193,0.865467077100632,0.523987379196774,0.28997080601882,0.326297656169491,0.476878360427016,-1.36090770975461,2.2504594463073,7.20811724129342
192,-0.00385583216648857,0.755686993242995,0.105397286952667,-0.00392054260962682,-0.00392054260946328,-0.00376116043817043,0.0125811493656334,0.00662749471282848,0.00577653177992285,12.4823393086861,21.6768981156822,2.48682460010145,3.62920566674515,0.416317709906212,4.05800987348627,2.92713028718597,1.20794304061606,-0.0770634543157572,15.3903440388891,26.4505561808944,2.84249863941689,0.19362821713525,0.175300921238586,0.0164197837249841,1.05051082420502,4.10166259553962,0.703842252217361,0.413590387247571,0.63030649452301,0.262627706051254,0.212753774118206,0.465050688829734,-0.673959216576358,-0.0110121443583815,0.984608255835701,1.00112488867268,0.983501925659968,0.537321179186397,0.0566321945084539,0.406046626305149,1.06509109501463,1.06326579793339,0.721321627704944,0.297668827399452,-0.0189904551043965,-4.40468342467268e-05,0.963151065839432,0.0206662428360997,0.984462952408458,-0.640134845922142,0.67,0.1,1.035,0.5,0.6,0.25,0.4,0.005,0.975,0.8,0.1,1.30990975133924,0.865498526475182,0.523963900535696,0.289937267441279,0.32624978882095,0.476862026652416,-1.36077111234412,2.2480838042623,7.2088526232113
193,-0.0038579754287938,0.755803894355207,0.105397286952653,-0.00392054260959462,-0.00392054260946673,-0.00376645394913355,0.0125823252819652,0.00662814711117443,0.00577711092404356,12.4812462632435,21.6711189813992,2.48614485642956,3.62825131553146,0.416206526871356,4.05727032289817,2.92769045410822,1.20663099868215,-0.077051129892206,15.3898122383262,26.4425365815186,2.8417171687071,0.193639623605321,0.175265022453464,0.0164169152983841,1.05039933145106,4.10088433990329,0.703767552072209,0.413527926891893,0.630239598870635,0.262599832862764,0.212764102630802,0.465037815524565,-0.673853615875762,-0.0110071971634809,0.98461539372423,1.00112273469406,0.983511171609866,0.537287430312775,0.0566286374687291,0.406083932218497,1.0650901993063,1.06326483976951,0.721591173648205,0.297399705381286,-0.018990879029491,-4.27924972880163e-05,0.963151065839432,0.0206662428360997,0.984473397085706,-0.640134845922142,0.67,0.1,1.035,0.5,0.6,0.25,0.4,0.005,0.975,0.8,0.1,1.30985299928294,0.865528931607147,0.523941199713174,0.289904826112931,0.326203466832335,0.476846307479931,-1.36063895118004,2.2457830401499,7.20956980029674
194,-0.00386004757435627,0.755916930950823,0.105397286952642,-0.00392054260956942,-0.00392054260946939,-0.00377157085678692,0.012583463182693,0.00662877843018539,0.00577767135980156,12.4801880175364,21.665529827193,2.48548745126214,3.62732864989403,0.416099033163117,4.05655589139321,2.92823449227875,1.20536060913531,-0.0770392100208505,15.3892991021235,26.4347794164922,2.84096141581085,0.193650678654078,0.175230295601484,0.0164141414064351,1.05029154064321,4.10013197614633,0.703695332230949,0.413467538800656,0.630174924385924,0.262572885160802,0.212774086345775,0.465025366899321,-0.673751009139041,-0.0110024265461089,0.984622294234724,1.00112065218777,0.98352011027143,0.537254801140655,0.0566251984425065,0.406120000416838,1.06508933240838,1.06326391237627,0.721852371981732,0.297138913257111,-0.0189912852388437,-4.15724341384241e-05,0.963151065839432,0.0206662428360997,0.98448354587777,-0.640134845922142,0.67,0.1,1.035,0.5,0.6,0.25,0.4,0.005,0.975,0.8,0.1,1.30979812695377,0.865558327095482,0.523919250781507,0.289873446061313,0.326158640610469,0.476831179098089,-1.3605110823421,2.24355483948434,7.21026910586337
195,-0.00386205097141682,0.75602623078302,0.105397286952634,-0.00392054260954977,-0.0039205426094715,-0.00377651710469684,0.0125845642920037,0.00662938934806244,0.00577821368891237,12.4791634707014,21.6601243641207,2.4848516453352,3.62643661048055,0.415995105475404,4.05586571657742,2.92876282993,1.20413056802954,-0.0770276813821143,15.3888039565637,26.4272760640958,2.84023052834705,0.193661392764103,0.175196702436516,0.0164114589185647,1.05018732810407,4.09940463486541,0.703625509829727,0.413409153798616,0.630112396862442,0.262546832026018,0.21278373683174,0.465013328858196,-0.673651315150435,-0.0109978260374303,0.984628965301583,1.00111863877373,0.983528751904628,0.537223254392133,0.0566218735007957,0.406154872107072,1.06508849339849,1.0632630147704,0.722105472565148,0.296886201904548,-0.0189916744696953,-4.03858023157281e-05,0.963151065839432,0.0206662428360997,0.984493406774868,-0.640134845922142,0.67,0.1,1.035,0.5,0.6,0.25,0.4,0.005,0.975,0.8,0.1,1.30974507167579,0.86558674639719,0.523898028670318,0.289843092499121,0.326115262145065,0.476816618644549,-1.36038736657189,2.24139695775457,7.21095087382802
196,-0.00386398790879994,0.756131917381711,0.105397286952628,-0.00392054260953434,-0.00392054260947317,-0.00378129843302566,0.0125856297949373,0.00662998052135312,0.00577873849389106,12.4781715563136,21.6548965143543,2.48423672419537,3.62557417385021,0.415894624682959,4.05519896632457,2.92927588566191,1.20293961176036,-0.0770165310976984,15.3883261528295,26.4200181889023,2.83952368258953,0.193671776119501,0.175164205965252,0.0164088648088979,1.0500865743382,4.0987014763805,0.703558004806592,0.413352705050687,0.630051944602918,0.262521643584549,0.212793065265464,0.465001687778774,-0.67355445465885,-0.0109933894173889,0.984635414591131,1.00111669215166,0.983537106423526,0.53719275403879,0.0566186588462987,0.406188587114912,1.06508768138353,1.06326214599977,0.722350718173711,0.296641329254096,-0.0189920474278069,-3.92317733001161e-05,0.963151065839432,0.0206662428360997,0.984502987576634,-0.640134845922142,0.67,0.1,1.035,0.5,0.6,0.25,0.4,0.005,0.975,0.8,0.1,1.30969377289067,0.865614221864945,0.523877509156268,0.289813731784828,0.326073284958351,0.476802604167483,-1.36026766912253,2.23930721834251,7.21161543820828
197,-0.00386586059861285,0.756234110193159,0.105397286952623,-0.00392054260952224,-0.0039205426094745,-0.00378592038571202,0.0125866608386199,0.0066305525856309,0.00577924633865412,12.4772112413395,21.6498404039128,2.48364199734597,3.62474035122517,0.415797475695846,4.05455483767216,2.92977406857472,1.20178651581323,-0.0770057467157929,15.3878650660827,26.412997732048,2.83884008247872,0.193681838613947,0.175132770405651,0.0164063561526918,1.04998916388766,4.09802168968677,0.703492739804731,0.413298127980698,0.629993498332595,0.262497290971914,0.212802082445431,0.464990430495878,-0.673460350347203,-0.0109891107043997,0.984641649510822,1.00111481009839,0.983545183408132,0.537163265259268,0.0566155508089388,0.406221183931794,1.06508689549879,1.06326130514242,0.72258834468169,0.296404060107178,-0.0189924047888681,-3.81095328444645e-05,0.963151065839432,0.0206662428360997,0.984512295894891,-0.640134845922142,0.67,0.1,1.035,0.5,0.6,0.25,0.4,0.005,0.975,0.8,0.1,1.30964417208459,0.865640784783459,0.523857668833838,0.289785331384632,0.326032664056283,0.476789114588535,-1.36015185961301,2.23728351050434,7.21226313265495
198,-0.00386767117885052,0.756332924714969,0.105397286952619,-0.00392054260951291,-0.0039205426094755,-0.00379038831738432,0.0125876585334588,0.0066311061561549,0.00577973776910387,12.476281525117,21.6449503556535,2.48306679742336,3.62393418728741,0.415703547319226,4.05393255576005,2.93025777840418,1.20067009355266,-0.0769953161967936,15.3874200945748,26.4062069018472,2.83817895866869,0.193691589858524,0.175102361146803,0.0164039301228951,1.04989498519279,4.09736449144529,0.70342964007917,0.413245360193145,0.629936991115675,0.262473746298198,0.212810798804911,0.464979544285978,-0.673368926800909,-0.0109849841455411,0.98464767721813,1.00111299046526,0.983552992115832,0.537134754398319,0.056612545841544,0.406252699760137,1.06508613490702,1.0632604913056,0.722818581241727,0.29617416595811,-0.0189927471998374,-3.70182812323635e-05,0.963151065839432,0.0206662428360997,0.984521339156511,-0.640134845922142,0.67,0.1,1.035,0.5,0.6,0.25,0.4,0.005,0.975,0.8,0.1,1.30959621271785,0.865666465404631,0.523838485087139,0.28975785983568,0.325993355881332,0.476776129667285,-1.36003981188728,2.23532378741274,7.21289429001774
199,-0.00386942171590999,0.756428472626631,0.105397286952616,-0.00392054260950547,-0.00392054260947627,-0.00379470740001642,0.0125886239543021,0.0066316418285094,0.00578021331369495,12.475381438365,21.6402208825149,2.48251047940294,3.62315475901894,0.41561273211821,4.05333137281,2.93072740565897,1.19958919505054,-0.0769852278995061,15.3869906587888,26.3996381647398,2.83753956760848,0.19370103918935,0.17507294471016,0.0164015839868283,1.0498039304579,4.09672912501085,0.703368633406793,0.413194341397716,0.62988235827474,0.262450982614475,0.212819224424553,0.464969016852128,-0.673280110475587,-0.0109810042071134,0.984653504629131,1.00111123117551,0.983560541492423,0.537107188927276,0.0566096405156809,0.406283170557043,1.06508539879757,1.06325970362489,0.723041650460266,0.295951424819954,-0.0189930752802206,-3.59572335145225e-05,0.963151065839432,0.0206662428360997,0.984530124606384,-0.640134845922142,0.67,0.1,1.035,0.5,0.6,0.25,0.4,0.005,0.975,0.8,0.1,1.30954984015682,0.865691292981529,0.523819936062727,0.289731286710521,0.325955318266768,0.476763629967177,-1.35993140387778,2.23342606425803,7.21350924194259
200,-0.00387111420701745,0.756520861915732,0.105397286952613,-0.0039205426094997,-0.00392054260947694,-0.00379888262933803,0.0125895581415625,0.0066321601792242,0.00578067348398392,12.4745100422211,21.6356466809995,2.48197241983343,3.622401174584,0.415524926287605,4.05275056714437,2.93118333175997,1.19854270595221,-0.07697547056782,15.3865762006116,26.3932842365577,2.8369211906562,0.193710195674997,0.175044488712083,0.0163993151029797,1.04971589552173,4.0961148594955,0.703309649999557,0.413145013336569,0.629829537313036,0.262428973880432,0.212827369044527,0.464958836309435,-0.673193829664169,-0.0109771655656822,0.984659138426784,1.00110953022195,0.983567840182765,0.537080537405895,0.0566068315176328,0.406312631076472,1.0650846863856,1.06325894126327,0.723257768569086,0.295735621054203,-0.0189933896232894,-3.4925619650873e-05,0.963151065839432,0.0206662428360997,0.984538659310448,-0.640134845922142,0.67,0.1,1.035,0.5,0.6,0.25,0.4,0.005,0.975,0.8,0.1,1.30950500160842,0.865715295801243,0.523802000643368,0.289705582582756,0.325918510392408,0.476751596822838,-1.35982651747329,2.2315884164062,7.21410831849895
