Time,n_MM,psi_o_MM,psi_y_MM,n_y_MM,n_m_MM,n_o_MM,mu_o_MM,mu_m_MM,mu_y_MM,s_o_MM,s_m_MM,s_y_MM,h_m_MM,h_y_MM,a_MM,a_o_MM,a_m_MM,a_y_MM,z_o_MM,z_m_MM,z_y_MM,c_o_MM,c_m_MM,c_y_MM,y_MM,k_MM,w_MM,inv_MM,b_MM,gov_MM,e_MM,t_MM,f_MM,nx_MM,tilde_R_MM,g_MM,q_MM,tilde_s_m_MM,tilde_s_y_MM,tilde_s_o_MM,Omega_m_MM,Omega_y_MM,eta_o_MM,eta_m_MM,eta_y_MM,walras_MM,gamma_MM,phi_MM,R_star,fy_target_MM,alpha,delta,beta,sigma,b_y,g_y,repl,x,omega,nu,Lambda_MM,w_indiv_MM,t_indiv_MM,e_indiv_MM,c_y_indiv_MM,c_m_indiv_MM,c_o_indiv_MM,a_y_indiv_MM,a_m_indiv_MM,a_o_indiv_MM
0,0.010574708476305,0.239211285055436,0.177873542381526,0.010574708476305,0.010574708476305,0.010574708476305,0.0995025916069475,0.0469251313148666,0.040218438744802,0.567973090510672,1.80575614606082,0.284699664645008,2.82655142578935,0.445640594816501,3.2924499837408,0.893187836539753,2.53557838504298,-0.136316237841931,1.54535169557192,7.1303995274842,0.618915850855393,0.153766498653597,0.334594934154659,0.0248918292358146,1.08527878719674,2.64128271142275,0.727136787421813,0.300705828353482,0.651167272318041,0.271319696799184,0.0695757301321014,0.355055423858212,4.9960036108132e-15,-1.08640895793483e-16,1.0377129724424,1.01562758201869,1.02174555990279,0.705674057500615,0.125520744374379,0.168805198125006,1.08740814996156,1.07226422136408,0.271283646205898,0.770119029162021,-0.0414026753679191,-5.78925579002907e-17,0.906064588921509,0.0374556693326375,1.0377129724424,4.60342878691827e-15,0.67,0.1,1.025,0.5,0.6,0.25,0.4,0.005,0.975,0.8,0.1,1.03041450892671,0.503143654048672,0.412165803570683,0.19830848964353,0.474149404527837,0.910910921947602,-1.0860056520646,3.59312965822152,5.29123419456738
1,0.010853141779287,0.239505321306997,0.177969941004101,0.0111223897593218,0.010574708476305,0.0118168973602186,0.0981387576375424,0.0464376566641825,0.0398359345245683,0.575746659462562,1.83153859769771,0.289336683687459,2.84458102610705,0.449221070307812,3.29415430990989,0.894356083184287,2.5361756087976,-0.136377382071997,1.55285604132288,7.17352346911079,0.627164037728634,0.152395362873333,0.333121621247159,0.0249836658053605,1.08497985380583,2.64246265450167,0.726936502049909,0.302530468990829,0.650987912283501,0.271244963451459,0.0696420641972993,0.355043117311183,0.000703743124721537,0.000703743124716434,1.03771296155247,1.01590740748818,1.02146411563058,0.705479683906136,0.125554177724367,0.168966138369498,1.08665560424602,1.07178192351859,0.271497932107769,0.769901883820305,-0.0413998159280737,2.83129787499853e-08,0.907306777805423,0.0375530873425437,1.0377129724424,-1.08899230661118e-07,0.67,0.1,1.025,0.5,0.6,0.25,0.4,0.005,0.975,0.8,0.1,1.03041450892671,0.50326483584242,0.412165803570683,0.198987132552514,0.472191657458815,0.901928423907473,-1.08620345848938,3.59496618634739,5.29310838144679
2,0.0109690016315083,0.240010564124261,0.177990698011931,0.0107118558991979,0.0105939882008201,0.0127258629788918,0.0969622856203138,0.0460037499721038,0.0394903661910775,0.583448226066133,1.85640907970407,0.293759586540593,2.86089599977405,0.45235830527377,3.29734764906648,0.896434180305113,2.53739272338953,-0.13647925462816,1.56151078619155,7.21463911316601,0.63470330317473,0.151407654986612,0.331900454576087,0.0250646659885267,1.08482903940108,2.64526482654922,0.726835456398724,0.304555603121967,0.650897423640648,0.27120725985027,0.0697792751663089,0.35487631212099,0.0011853988766116,0.000466738187066465,1.03756096872604,1.01602384663967,1.02119745728174,0.705217990069712,0.125522242303079,0.169259767627209,1.08606039861659,1.07141518555139,0.271865231002649,0.769525386290458,-0.0413906172931067,0.000226662690550934,0.908344048564192,0.0375003765632448,1.03762585353753,-4.35489466057154e-07,0.67,0.1,1.025,0.5,0.6,0.25,0.4,0.005,0.975,0.8,0.1,1.03065359453873,0.503215058489801,0.41226143781549,0.199683064360871,0.470635263492468,0.894528316499194,-1.08729140050434,3.59802608430154,5.29620353892657
3,0.0109620488228521,0.240656048704053,0.177855825626742,0.00983235923813774,0.0105981396023862,0.0133160429490999,0.0960092431230111,0.0456410030516156,0.0391973348159393,0.590646339352215,1.87894998775748,0.297558140733788,2.87479707798651,0.454723182915916,3.30180830559721,0.899212579895634,2.53919112832504,-0.136595402623463,1.57068445131785,7.25181926559292,0.640803718894234,0.150800225160264,0.330980304881059,0.0251177978679922,1.08494925637271,2.6493582487816,0.726916001769718,0.306150729488479,0.650969553823628,0.271237314093178,0.0699746930902595,0.354816768412546,0.00148050299197994,0.000270196086658152,1.03736577173678,1.01601685906697,1.02101236065061,0.704964137485113,0.125381978709659,0.169653883805228,1.08562562566878,1.0711610325874,0.272339426371152,0.769030450361525,-0.041369876732677,0.000392688795083083,0.909153961203995,0.0373482080862865,1.03747508046621,-9.79448396452035e-07,0.67,0.1,1.025,0.5,0.6,0.25,0.4,0.005,0.975,0.8,0.1,1.03113898015141,0.503311799204876,0.412455592060564,0.200330207949233,0.469499492643409,0.888869867154889,-1.08943409594589,3.60187276672448,5.30027700944341
4,0.0108684409243029,0.241378246447015,0.177550906018483,0.00883862157384163,0.0105711651253484,0.0136038427517198,0.0953076402324307,0.0453638847872603,0.0389698764723159,0.59691494388156,1.89775351719973,0.300430689917026,2.88574530961154,0.456151883869497,3.30715949030821,0.902452115591898,2.54140290235719,-0.136695527640887,1.5797173797623,7.28303657232596,0.645023533544639,0.150559135012628,0.33038683077928,0.0251364873990038,1.08532228203657,2.65435444608955,0.727165928964502,0.307303603741372,0.651193369221942,0.271330570509143,0.0702088147237864,0.354913941342721,0.00161167499671687,0.000100245167090603,1.03714481317225,1.01592278312892,1.02088941245905,0.704756821905043,0.125130212251947,0.17011296584301,1.08535066722831,1.07101442929409,0.272878316973734,0.768454896011299,-0.0413332129850323,0.000505409428053862,0.909721143211748,0.0371431654627662,1.03728135216733,-1.74023920005441e-06,0.67,0.1,1.025,0.5,0.6,0.25,0.4,0.005,0.975,0.8,0.1,1.03179693528739,0.503597737987616,0.412718774114955,0.200882640144428,0.468795505783406,0.885053847991648,-1.09242624287773,3.60607066631505,5.30501664655433
5,0.0107126042348007,0.242118760930935,0.177094628096754,0.00791332886593499,0.0105101812036965,0.0136102842011478,0.0948742811470082,0.0451817814717289,0.0388165964857567,0.601892317729808,1.91173496443122,0.302198537238398,2.89334470383408,0.456591264926844,3.31298353719825,0.905902247670111,2.54383500177323,-0.136753712245092,1.58799203427894,7.30663011293625,0.647156502966065,0.150659601694275,0.330126563729882,0.0251204130459151,1.08590678812404,2.65984194855091,0.727557548043104,0.308002442088411,0.651544072874422,0.271476697031009,0.0704621328152581,0.35514642721095,0.00159751577291992,-4.7715423506774e-05,1.03691512870065,1.01576616725597,1.02082069882462,0.704615674944489,0.124783650905437,0.170600674150074,1.08523266333346,1.07097036067771,0.273440008867652,0.767838105147817,-0.0412781140154691,0.00056878595805118,0.910038399128697,0.0369151999134656,1.03706378717099,-2.71711106819253e-06,0.67,0.1,1.025,0.5,0.6,0.25,0.4,0.005,0.975,0.8,0.1,1.03255941347093,0.504028564563127,0.413023765388372,0.201311733257041,0.46852003931915,0.883112581148083,-1.09592651964259,3.61024469399384,5.31007425488371
6,0.0105078894247479,0.242824121940486,0.176514223796303,0.0071074107756266,0.0104189256193508,0.013362564149072,0.0947134781878544,0.0450983421986244,0.0387411020213844,0.605318684449051,1.92028429110589,0.302794454916621,2.8973672699355,0.456053957777061,3.31887855874796,0.909320985464939,2.54630909579364,-0.136751522510614,1.59499063705602,7.32158094416029,0.64716892808425,0.15106710989794,0.330191162028798,0.0250720379011813,1.08665565103033,2.6654268786253,0.728059286190319,0.308247841672257,0.651993390618196,0.271663912757582,0.0707161427559125,0.355488411486787,0.00145828950446588,-0.000172468221698373,1.03669274747906,1.01556042887187,1.02080852897219,0.704553641493349,0.124363739151057,0.171082619355594,1.08526620298208,1.07102366115634,0.273984410542731,0.767219725141194,-0.0412041356839256,0.000586054994267547,0.910107451228965,0.0366776098873912,1.03684014318146,-3.90909994627172e-06,0.67,0.1,1.025,0.5,0.6,0.25,0.4,0.005,0.975,0.8,0.1,1.03336246285968,0.504558333888256,0.41334498514387,0.201602477316381,0.468652977690862,0.883006762855017,-1.09960928679146,3.61407413975828,5.31509856986069
7,0.010260271525641,0.243447627787879,0.175830908335098,0.00639179702907633,0.0103028447592606,0.0128970257916536,0.0948139636751304,0.0451104376789773,0.0387412318572462,0.60707796403804,1.92337642002625,0.302254774363116,2.89784546150758,0.454596150158919,3.32450763530976,0.912494492777629,2.54869114152699,-0.136677998994857,1.60035378708146,7.32774247894235,0.645167510111318,0.151735885104531,0.330557670231739,0.0249945845841405,1.08752672614978,2.67077157812141,0.728642906520351,0.308064154280617,0.652516035689867,0.271881681537445,0.070954554838738,0.355914692170143,0.001220021498484,-0.000268689085285651,1.03649178009324,1.01531157288327,1.02086079561747,0.704583331987593,0.123887527261148,0.171529140751259,1.08544105014851,1.07116724151346,0.274475078104997,0.766637174881512,-0.0411122529865087,0.000561439496591159,0.909941850662359,0.0364310878505116,1.0366264206554,-5.31502948517986e-06,0.67,0.1,1.025,0.5,0.6,0.25,0.4,0.005,0.975,0.8,0.1,1.0341472377226,0.5051420832879,0.413658895089038,0.201752227497876,0.469153406310725,0.884607037847692,-1.1032426105878,3.61730263237602,5.31976367852778
8,0.00997164061495977,0.243952608452026,0.175052598445924,0.005694713389087,0.0101661816670195,0.0122615579660308,0.0951457024994561,0.0452071611912173,0.0388083369674198,0.607232420146438,1.92163511006094,0.300713567048992,2.8951426157724,0.452308824983367,3.32964030923523,0.91525645206183,2.5509120614046,-0.136528204231209,1.60393140788578,7.32599308341283,0.641385284429692,0.152607180165985,0.33118735036831,0.0248910966285411,1.0884889484295,2.67563036496337,0.729287595447763,0.307508681719904,0.653093369057698,0.272122237107374,0.0711646444884752,0.356403541254341,0.00091657521416115,-0.000329050200515563,1.03632319343721,1.01502149881803,1.02098644673436,0.704719049048505,0.123362900710281,0.171918050241214,1.08573983885715,1.07139035001749,0.274881478810266,0.766122410960386,-0.0410038897706527,0.000501452639898288,0.909570066464692,0.0361674882949308,1.03643600623483,-6.933512202202e-06,0.67,0.1,1.025,0.5,0.6,0.25,0.4,0.005,0.975,0.8,0.1,1.03486289526646,0.505738480796778,0.413945158106585,0.201771330645005,0.469956574631368,0.887673981596845,-1.1067201196237,3.61975749747192,5.32379497544123
9,0.00964422973730842,0.244319033608416,0.174171557511962,0.00492712978535659,0.0100105196891849,0.0115275900127214,0.0956455235240618,0.0453648205431264,0.0389234015271079,0.606117530436553,1.91659244904517,0.298438432965454,2.8901543293859,0.449345732557833,3.33420308232486,0.917517498556923,2.55298745071387,-0.136301866945933,1.60589216126571,7.31870363687302,0.636247204224291,0.153596396309619,0.33201167729451,0.0247649056469371,1.08952331625633,2.67989283324216,0.72998062189174,0.306693617692277,0.653713989753797,0.272380829064082,0.0713392640373841,0.35693835232531,0.000596259328905058,-0.000339737877466293,1.03619352201729,1.01469245088599,1.0211897418893,0.70497471485529,0.122786544092897,0.172238741051813,1.08612989643596,1.07167321127711,0.275183447415667,0.765696446093432,-0.0408798935090991,0.000415628126370355,0.909048669378773,0.0358730265609918,1.03627856833053,-8.76295085029818e-06,0.67,0.1,1.025,0.5,0.6,0.25,0.4,0.005,0.975,0.8,0.1,1.03547064385364,0.506313694383463,0.414188257541454,0.201690713179456,0.470955440384357,0.891764508795462,-1.11007169354657,3.62138867808602,5.32701001501697
10,0.00928597473829198,0.244553329598292,0.173167025720249,0.00401010756946008,0.00983431150239222,0.010802717959024,0.0962007210196016,0.0455413671262081,0.0390527749724386,0.604439757218298,1.910927615644,0.295869109783005,2.88451424205108,0.445963200833988,3.33833521297773,0.919304103376045,2.55503372971653,-0.136002620114846,1.60684382327619,7.31018238869455,0.630450533499869,0.154579534281013,0.332915700040428,0.0246208429977209,1.09062027426894,2.68363579130212,0.730715583760191,0.305812171597716,0.654372164561365,0.272655068567236,0.0714795715991658,0.357506685002702,0.000327257114239561,-0.000281799323921785,1.03610233251877,1.01433240461198,1.02146232123494,0.705357721816242,0.12214469875573,0.172497579428028,1.08655384245286,1.07198084865097,0.27537800871874,0.765361644863329,-0.0407396535820689,0.000318756108750881,0.908477493310056,0.0355327581835557,1.03615812372771,-1.08015399943936e-05,0.67,0.1,1.025,0.5,0.6,0.25,0.4,0.005,0.975,0.8,0.1,1.03595035704529,0.506844504490784,0.414380142818118,0.201571114002735,0.471981364552437,0.896125816916225,-1.11345495547727,3.62232332714457,5.32937393338677
11,0.00891340424209582,0.244697220950451,0.172012114002334,0.0028998053403364,0.00963340514404987,0.0102274576400443,0.0966487729714087,0.0456767545486102,0.0391486149371657,0.603270217949056,1.90834138183236,0.293598331436297,2.88056194600405,0.4425252234497,3.34242311646159,0.92079049943785,2.55727011811889,-0.135637501095151,1.60786099987207,7.30651860452206,0.624952061646321,0.155397792682401,0.333738056904943,0.0244660078554747,1.09177737188013,2.68716409554145,0.731490839159686,0.305140105767313,0.655066423128077,0.272944342970032,0.0715975101972356,0.358097940821492,0.000192597792064882,-0.00014178604215719,1.03603906353236,1.01395797126331,1.02177712774578,0.705861093258997,0.121416658843479,0.172722247897524,1.08692889586613,1.07226240041313,0.275485917658821,0.765094672044099,-0.0405805897029198,0.000232851742121192,0.908000266372334,0.0351355558100036,1.03607036987067,-1.30472677931248e-05,0.67,0.1,1.025,0.5,0.6,0.25,0.4,0.005,0.975,0.8,0.1,1.03630990026997,0.507320695589178,0.41452396010799,0.201504538903631,0.472809820646237,0.89969760452978,-1.11712430886444,3.62290844833485,5.33104745130548
12,0.00854727950031337,0.244827784930045,0.170681345358392,0.0015931990072886,0.00940242280046677,0.00994101329536634,0.0968113066669111,0.0457053781069834,0.0391587641632084,0.603842882454816,1.91281901726699,0.292249608714131,2.88086153671028,0.439428574322693,3.34707371820205,0.922294869206319,2.5599945842394,-0.13521573524367,1.61031873630884,7.31437273905225,0.620771076465525,0.155897060891269,0.334306171251623,0.0243086286723718,1.09300216677914,2.69100462968925,0.732311451742024,0.304983015373036,0.655801300067484,0.273250541694785,0.0717160762435621,0.35870288132598,0.000267788445312251,7.09359554377337e-05,1.03598133811534,1.01359001589781,1.02209110376615,0.706459590123753,0.12057947328366,0.172960936592586,1.08716505097854,1.07246244678543,0.275552601123861,0.764845593432854,-0.0403981945567145,0.000185812940617436,0.907773935537412,0.0346764723297369,1.03600052682277,-1.54979179842845e-05,0.67,0.1,1.025,0.5,0.6,0.25,0.4,0.005,0.975,0.8,0.1,1.03659354615561,0.507747203577695,0.414637418462246,0.201598398221448,0.473213437718443,0.901342603494847,-1.12138269940505,3.62369570747982,5.33238826856499
13,0.00820418282506561,0.245044729157131,0.169156969585405,0.000123550798426075,0.0091362690716783,0.010030474310601,0.0965502268930452,0.0455760781265009,0.0390424689202573,0.607239084519774,1.92758890580616,0.292305624674535,2.88746638290946,0.436981951923819,3.35301046482696,0.924225597176431,2.56353123227693,-0.134746364626403,1.61558364144035,7.3392032884886,0.618696658091625,0.155984966680485,0.334492100372105,0.0241554461196737,1.09431752815958,2.69582860590425,0.73319274386692,0.305583719688407,0.65659051689575,0.273579382039896,0.0718660069363374,0.359317410990871,0.000591342026960004,0.000317566843964115,1.03589753751303,1.01324520373919,1.02235622107092,0.707112713051588,0.119613043695121,0.173274243253291,1.08719479252672,1.07253943333711,0.275640534632948,0.764546147183236,-0.0401866818161838,0.000204346415052428,0.907917881137635,0.0341573568881738,1.03592384942469,-1.81510720720046e-05,0.67,0.1,1.025,0.5,0.6,0.25,0.4,0.005,0.975,0.8,0.1,1.0368824238823,0.50814729301106,0.41475296955292,0.201946588544665,0.47303929656219,0.90022015824053,-1.12651898541981,3.62535022346558,5.33388909871277
14,0.0078905013200933,0.245449659834757,0.16743307528609,-0.00144969998762867,0.00883139391708099,0.0104984641754557,0.0958098134921954,0.0452669930213253,0.0387820112443053,0.614149743782399,1.9544094847877,0.293996351175444,2.9013864025354,0.435321726861888,3.36092730818308,0.926997398639044,2.56816556663076,-0.134235657086728,1.62473271155738,7.38400079797131,0.619092058431417,0.155665336160581,0.334251504810228,0.0240096374808126,1.09576177351655,2.70232153804265,0.734160388256091,0.307046587244876,0.657457064109932,0.273940443379138,0.0720797670246443,0.359948227463309,0.00114870603050163,0.000544039644751052,1.03575370306009,1.01292995382669,1.02253240626084,0.707772821581309,0.118504580121272,0.173722598297419,1.08699450002096,1.07247874253281,0.275815961963394,0.764124103641651,-0.0399400656050456,0.000304224796165907,0.908476273834976,0.0335861670603658,1.03580982523448,-2.10041117135197e-05,0.67,0.1,1.025,0.5,0.6,0.25,0.4,0.005,0.975,0.8,0.1,1.03728253737665,0.508564636120261,0.41491301495066,0.202605143668222,0.472258180334534,0.896056918824556,-1.13274657358692,3.62851679002446,5.33607836702969
15,0.00760037571209953,0.246122955126546,0.165518164834311,-0.00304731607528397,0.00848661505721804,0.0112530042638976,0.0946392772914682,0.0447939811150794,0.0383894371067915,0.624696651385181,1.99304774237563,0.297225156753291,2.92225693016599,0.434365324723626,3.37133169933458,0.930937319485545,2.57407921771012,-0.133684837861079,1.63829680170288,7.4483953985793,0.621775250475462,0.15504721849384,0.333643259248547,0.0238696068596243,1.09738239815449,2.7110326166185,0.735246206763509,0.309297270556481,0.658429438892695,0.274345599538623,0.0723843876616874,0.360614455842512,0.00186964382339162,0.000694979982763514,1.03552140774312,1.01263837759066,1.0225974352334,0.708395346281588,0.117252297693695,0.174352356024717,1.08659467887943,1.07229885543448,0.276133410342933,0.763520011468996,-0.0396534218119291,0.000484463474612594,0.909399125074044,0.0329763935553646,1.03562858741737,-2.40542213031552e-05,0.67,0.1,1.025,0.5,0.6,0.25,0.4,0.005,0.975,0.8,0.1,1.03790377876261,0.509058194319599,0.415161511505045,0.203574747183039,0.47098454415301,0.889275155374785,-1.14014684991771,3.63367606975628,5.33940200586432
16,0.00732120742446616,0.247108754955601,0.1634367394834,-0.00457347990533019,0.00810363296686223,0.0121414050167625,0.0931687228363602,0.0442029370817072,0.0379007718080262,0.638461415272513,2.041443705456,0.301615288654509,2.94854706484567,0.433862701448465,3.38444100317375,0.936222275874114,2.58130850233978,-0.133089775040143,1.65619301065923,7.52896878260148,0.626118604123148,0.154305367570123,0.332802474960851,0.0237303890603165,1.09922064493243,2.72225799323836,0.73647783210473,0.312112763446817,0.65953238695946,0.274805161233108,0.0727960480575202,0.361344867103909,0.00265062297592534,0.00073882146130315,1.03518497849741,1.01235781346159,1.02254851469736,0.708945584486601,0.115867754799643,0.175186660713755,1.08606519028778,1.07204208679031,0.27662537938112,0.762698625577027,-0.0393240049581466,0.000725667199913348,0.910566157851596,0.0323466389660253,1.03535793164635,-2.72983907509905e-05,0.67,0.1,1.025,0.5,0.6,0.25,0.4,0.005,0.975,0.8,0.1,1.03883548782953,0.509693374232078,0.415534195131812,0.204805807287374,0.469433031594177,0.88080546167981,-1.14863514245425,3.64105307773246,5.34414134078306
17,0.00704253828580259,0.248415235588586,0.161227664118734,-0.00593295132466154,0.00768734789667991,0.0130150587840052,0.091545908897976,0.0435476644446395,0.0373587394002535,0.654759473789645,2.09671680720334,0.306691928752605,2.97830519371991,0.433534705866325,3.40018493970547,0.942879158475257,2.5897493280074,-0.132443546777187,1.67792702927888,7.62094855806283,0.631370308325941,0.153607307539089,0.331874393901323,0.0235872204841976,1.10129325884223,2.73601461049629,0.737866483424293,0.315220169013057,0.660775955305337,0.275323314710557,0.0733189105251068,0.36216931865516,0.00339437390384548,0.000684388482316204,1.03474389813774,1.01207775097723,1.02239565798045,0.709399522536968,0.11437482794558,0.176225649517451,1.08548109596529,1.07175353312695,0.277302316624939,0.76164954859064,-0.0389518652155795,0.000996464711687521,0.911845029399608,0.0317176856766636,1.03498781010122,-3.07334184534537e-05,0.67,0.1,1.025,0.5,0.6,0.25,0.4,0.005,0.975,0.8,0.1,1.04012824929106,0.510529408534085,0.416051299716425,0.206227374570743,0.46782438295767,0.871651249177992,-1.15797810721257,3.65062175224743,5.35040819005116
18,0.00675705892678518,0.250023157216418,0.158936121925602,-0.00707053166757488,0.00724553282374663,0.0137651485507266,0.0898950607649665,0.0428746090729589,0.0368005394596814,0.672853842886391,2.15594707193647,0.312009875080985,3.00970798940403,0.433159562991501,3.41828334224728,0.950822338594405,2.59920050801224,-0.131739504359372,1.7028024294597,7.71953106705301,0.63686698222271,0.153073527865289,0.330971876720258,0.0234370485095964,1.10358852042015,2.75209747847361,0.739404308681499,0.318379913711989,0.662153112252088,0.275897130105037,0.0739472798863886,0.363107929661513,0.0040327515215786,0.000563169174926087,1.03420888536712,1.01179084422142,1.02215679384107,0.709743719924216,0.112803914405806,0.177452365669978,1.08490344929616,1.07147008066357,0.278157848076202,0.760381819695258,-0.03853966777146,0.0012658543330514,0.913127198785826,0.0311055675189061,1.03452005290385,-3.43559144529186e-05,0.67,0.1,1.025,0.5,0.6,0.25,0.4,0.005,0.975,0.8,0.1,1.04179056175439,0.511604286826636,0.416716224701756,0.207768042740812,0.466325896840057,0.862617566620512,-1.16786288005438,3.66216767411451,5.35818350465231
19,0.00645785486038207,0.251895295641479,0.156603043753883,-0.00799175265496266,0.00678722438512036,0.0143259062800944,0.0883082111513886,0.0422194338263941,0.0362550680969551,0.69206154577971,2.21665928839298,0.317219722787613,3.04120550650169,0.432561112448829,3.43832698336791,0.959893042574635,2.60940777864382,-0.130973837850552,1.73006458653929,7.82054775733195,0.642085864112615,0.152778908809314,0.330179098512012,0.0232788667267246,1.1060759886012,2.77015651023128,0.741070912362803,0.32140528414277,0.663645593160719,0.2765189971503,0.0746689106243715,0.364166997644244,0.00452487997590914,0.000403991363383499,1.03359658891528,1.01149014413468,1.02185532395821,0.709975987922909,0.111184400700898,0.178839611376192,1.0843748255754,1.07121727945071,0.279174449439357,0.758917866527974,-0.0380923159673314,0.00151084189669472,0.91433516830873,0.030517046210752,1.03396514596357,-3.81623037831828e-05,0.67,0.1,1.025,0.5,0.6,0.25,0.4,0.005,0.975,0.8,0.1,1.04379714943721,0.512928611444512,0.417518859774886,0.209371697648019,0.465056711957227,0.854278913008487,-1.17798753264759,3.67534652302517,5.36734023960432
20,0.00613703507120887,0.253984973707364,0.154256426477394,-0.00875859577537264,0.00632060875077656,0.0146688635206771,0.0868434423699971,0.0416052519788414,0.0357411434574448,0.711792582978839,2.27687104792841,0.322053625946404,3.07165293901616,0.43162156046503,3.45987143938596,0.969899899055016,2.62011701754188,-0.130145477210936,1.75898018886513,7.92068526996656,0.646641412695637,0.152755894653328,0.329542106474765,0.0231117034951398,1.10871801446959,2.78978126426475,0.742841069694623,0.324175599360595,0.665230808681752,0.277179503617397,0.0754681878220555,0.365343228699957,0.00485936643945973,0.000237117185478037,1.03292667771171,1.01116772024656,1.02151864327694,0.710105525848624,0.109538340839259,0.180356133312116,1.08392253880155,1.07101256309864,0.280328305847802,0.75728739158169,-0.0376156974294912,0.00171608968288394,0.915421277588852,0.0299489859933434,1.03333913270106,-4.21488299975283e-05,0.67,0.1,1.025,0.5,0.6,0.25,0.4,0.005,0.975,0.8,0.1,1.0460995481015,0.514491459932448,0.4184398192406,0.210991907655921,0.464074837441858,0.846968117180551,-1.18812715450855,3.68975725743109,5.37769290815605
21,0.00578594563961928,0.256242592037183,0.151907329407326,-0.00946634108268096,0.00585128529547863,0.0147920831135897,0.0855322477940144,0.0410451965613209,0.0352695602068432,0.73158061976698,2.33522529146758,0.326329719034407,3.10027151788282,0.430248424272787,3.4824965208991,0.980646157694031,2.63110561787481,-0.129255254669745,1.78890734329949,8.01762274763147,0.650257173153573,0.153009266154575,0.329084901589944,0.0229342845161238,1.11148026175017,2.81056478261169,0.744691775372614,0.326625142403452,0.666888157050102,0.277870065437543,0.0763287003161002,0.366627194188926,0.00504358123730178,8.13212604712585e-05,1.03221814253224,1.01081487536782,1.02117427007259,0.710151656987048,0.10787724168709,0.181971101325862,1.08356131617056,1.07086605758059,0.281592860698602,0.75552282739784,-0.0371156880964415,0.00187528038806217,0.916361063218671,0.0293910413482482,1.03266008120872,-4.63115588758807e-05,0.67,0.1,1.025,0.5,0.6,0.25,0.4,0.005,0.975,0.8,0.1,1.04863766499132,0.516266054696557,0.419455065996528,0.212596133878239,0.463400878322453,0.840843766069074,-1.19816981458114,3.70499116912263,5.38902139157775
22,0.00540024844457167,0.258621003153653,0.149555225384891,-0.0101856683655021,0.00538146588146526,0.014713288650406,0.0843839364649924,0.0405440383491236,0.034844429338049,0.751096209542364,2.39091802437425,0.329937988321786,3.1266485614839,0.428382383762993,3.5058364581491,0.991947424853037,2.64219361310439,-0.128304579808335,1.81933104563378,8.10997486551733,0.652760872365275,0.153522315346133,0.328811131904762,0.0227450800888312,1.11433308658756,2.83213840511464,0.746603168013662,0.328733726415995,0.668599851952533,0.278583271646889,0.0772349041077555,0.368006702663691,0.00509820108192166,-5.0505575859634e-05,1.03148799689984,1.01042724968679,1.02084340779564,0.710138390162882,0.106204906995273,0.183656702841845,1.08329429113669,1.07078044088763,0.282941727799615,0.753655695193714,-0.0365974229933293,0.00198806676080599,0.91714949255685,0.0288341882018332,1.03194578204527,-5.06463823074095e-05,0.67,0.1,1.025,0.5,0.6,0.25,0.4,0.005,0.975,0.8,0.1,1.05134883334841,0.518218290633861,0.420539533339363,0.214162233481768,0.463024019627137,0.835920023449064,-1.20808523295487,3.72067423716997,5.40109568289075
23,0.00498587740963322,0.261080116454889,0.147200974212982,-0.0109079475356054,0.00491104507697804,0.0144663019485156,0.0833878735710824,0.0400992361130114,0.0344641412425994,0.770166043533562,2.4436293848436,0.332846177613938,3.15074066265149,0.426026106591105,3.52958078958024,1.00364139495956,2.65323443493779,-0.127295040317118,1.84989306223189,8.19721877781136,0.654120961077013,0.154258648772773,0.328702211179987,0.0225437171890883,1.11724475949632,2.85418211104248,0.748553988862534,0.330521425977865,0.670346855697791,0.27931118987408,0.0781730250340008,0.369466073061035,0.00505182283996543,-0.000151063426044465,1.0307501157297,1.01001080679668,1.02053374953363,0.710085512492222,0.104525279213379,0.185389208294399,1.08311192698785,1.07074925578722,0.284351444205717,0.751713756706614,-0.0360652009123311,0.0020586299285706,0.917799752460472,0.0282797045248041,1.03121207173353,-5.51490223447373e-05,0.67,0.1,1.025,0.5,0.6,0.25,0.4,0.005,0.975,0.8,0.1,1.05417442785911,0.52031208433517,0.421669771143646,0.215677177413392,0.462905108465493,0.832079980231694,-1.21783975393413,3.73649988383175,5.41369912624996
24,0.00455862150400134,0.263589490932852,0.144857640509516,-0.0115497710817086,0.00444019484259628,0.0140943830810683,0.0825190866929974,0.0397030003802741,0.0341230108864453,0.788758257266741,2.49340323815132,0.335101936589412,3.17279109922868,0.423259064331817,3.55346188653372,1.01559147926661,2.6640998112994,-0.126229404032291,1.8803860430584,8.27948084529716,0.654463874810681,0.155167738881086,0.328720231084132,0.0223322779217428,1.12017568529376,2.87642196775401,0.75051770914682,0.33203687630829,0.672105411176257,0.28004392132344,0.0791314323560402,0.370984174680454,0.00493450760345887,-0.00021956078564977,1.0300146739343,1.00958141461152,1.02023933783551,0.710001801044471,0.102849185656809,0.18714901329872,1.0829946342731,1.07075841433423,0.285803397276771,0.749719540089136,-0.0355229373659066,0.00209420056072064,0.91833833570578,0.0277400572874319,1.03047177549436,-5.98150354257575e-05,0.67,0.1,1.025,0.5,0.6,0.25,0.4,0.005,0.975,0.8,0.1,1.05706451454454,0.522511596639201,0.422825805817815,0.217136166700065,0.462985066517518,0.829113315352689,-1.22732526491263,3.75224373710079,5.42664618618943
25,0.00413965228263206,0.266129455709005,0.142553533039517,-0.0119976557770392,0.00397152810190327,0.0136458603699126,0.0817416969971535,0.0393433305993482,0.0338120035040299,0.806981865561955,2.54065660819787,0.336842992615244,3.19326408765321,0.420237423536413,3.57724928537116,1.02769080439268,2.67467200517121,-0.125113524192738,1.91076059235188,8.35747662104987,0.654082739847512,0.156188813351511,0.328810965613595,0.0221158478885922,1.12307719066603,2.89862838238597,0.752461717746243,0.333347483683427,0.673846314399621,0.280769297666509,0.0801008909542683,0.372534672160221,0.00477458858556022,-0.000258339565938298,1.02928842060534,1.00916035054405,1.01994536353955,0.709882924680167,0.101196318957583,0.18892075636225,1.08291580716311,1.07078863275777,0.287285207825356,0.747689577046267,-0.0349747848716233,0.00210312202833762,0.918801411482651,0.027233575994396,1.02973439907283,-6.46398167588939e-05,0.67,0.1,1.025,0.5,0.6,0.25,0.4,0.005,0.975,0.8,0.1,1.05998002147362,0.524783255391111,0.42399200858945,0.218543995635475,0.463190413773847,0.8267424731882,-1.23634461689441,3.76776495416659,5.4397982740558
26,0.00375339103346624,0.268694046948662,0.140329611231361,-0.012144670691829,0.00351070660790342,0.0131811685273167,0.0810002041550565,0.0390004570250533,0.0335157912162798,0.825204209867422,2.58661688123966,0.338355198304167,3.21298833780194,0.417209862620707,3.60076938705682,1.0398784322522,2.68484950961466,-0.123958554810043,1.94124872807762,8.43308950454218,0.653509390398358,0.157241543267951,0.328894344748384,0.0219028842835268,1.12589157270998,2.9206308342274,0.754347353715686,0.334550792774893,0.675534943625987,0.281472893177495,0.0810754573099524,0.374087784853219,0.00460360920343541,-0.000264707818544863,1.02857504474589,1.00877215798863,1.01963068330191,0.709711291357349,0.0995935096026838,0.190695199039967,1.08283825283785,1.07081357825888,0.288793399540798,0.74563217496313,-0.0344255745039284,0.00209382227627371,0.919241924059257,0.0267794408931817,1.02900620891199,-6.96186048674734e-05,0.67,0.1,1.025,0.5,0.6,0.25,0.4,0.005,0.975,0.8,0.1,1.06289326787089,0.527098539094344,0.425157307148358,0.219922807931016,0.463419912792089,0.82457001570866,-1.24464491014084,3.78301647770009,5.45309183182035
27,0.00342124843666741,0.271291024828405,0.138231766058187,-0.0119293234819466,0.00306592224627211,0.0127607407269186,0.0802315852525662,0.0386511496460019,0.0332160858928017,0.843978088534712,2.63307976851873,0.340016671642213,3.23296248948406,0.414465295052906,3.62391851938275,1.05214646668329,2.69455368685574,-0.122781634156281,1.97231329020527,8.50895325128064,0.653403850972459,0.158241821866373,0.328880825387088,0.0217035184336211,1.12856013138361,2.94233222588581,0.75613528802702,0.335759658897566,0.677136078830167,0.282140032845903,0.0820530868791084,0.375611769062036,0.00445021466676638,-0.000242121256887109,1.02787428501064,1.00843835467885,1.01927329542913,0.709459972173276,0.0980699049011041,0.192470122925619,1.08272237571884,1.07080577293669,0.290333919224263,0.743546984415092,-0.0338809036393547,0.00207639520994742,0.919718113679894,0.0263918849197974,1.02828977974283,-7.47464862887293e-05,0.67,0.1,1.025,0.5,0.6,0.25,0.4,0.005,0.975,0.8,0.1,1.06578992146768,0.529433349018172,0.426315968587073,0.221306612415984,0.463565018868694,0.822163042559735,-1.25198076086744,3.79803483289065,5.46654436901823
28,0.00315483063857174,0.273938063152878,0.136299546592446,-0.0113687524053578,0.00264635321163742,0.0124293651064222,0.0793828083196516,0.038275160453266,0.0328966977831689,0.863887757085115,2.68191318397532,0.342199759530952,3.25405958505342,0.412257078153557,3.64666349436772,1.06453388844452,2.70373416570937,-0.121604559786171,2.00450984939404,8.58768688471753,0.654379192423965,0.159123621127853,0.328695093377697,0.0215269145256268,1.13103539880286,2.96370926176237,0.757793717197913,0.337071477729584,0.678621239281713,0.282758849700714,0.0830354172634464,0.37707857379964,0.00433299332364162,-0.000201143722073597,1.02718273833495,1.00817060479176,1.01885805185434,0.709100362300358,0.0966500578700782,0.194249579829564,1.08253724011052,1.07074436442196,0.291919967413302,0.741426833016716,-0.0333468004300185,0.00206058606345441,0.92027740388392,0.0260748304887665,1.02758425868362,-8.00184004227955e-05,0.67,0.1,1.025,0.5,0.6,0.25,0.4,0.005,0.975,0.8,0.1,1.06866920042121,0.53177038660138,0.427467680168484,0.222730487699908,0.46353818281998,0.81917099263468,-1.25819438152472,3.81290760723675,5.48023779190953
29,0.0029559268645432,0.276660050215075,0.134556896438133,-0.0105544281411848,0.00225990931848918,0.012218870387005,0.0784097373676765,0.037854795123882,0.0325431847889462,0.885560058136892,2.73513070785604,0.345258357634978,3.27705293750895,0.41078076587176,3.66904882165865,1.07712363059788,2.71237657307118,-0.120451382010407,2.03849398513034,8.67200460910806,0.656967558137684,0.159837777977119,0.32827695773295,0.0213798166413546,1.13328750859368,2.98481175798792,0.759302630757764,0.338565871685341,0.679972505156206,0.283321877148419,0.0840274815815527,0.378470063696696,0.00426455851451475,-0.000148068282498329,1.02649559274257,1.00797070649887,1.01837839743185,0.70860827059338,0.0953481296814378,0.196043599725182,1.08226010230819,1.07061489138031,0.293570263834639,0.739258784744727,-0.0328290485793654,0.0020532756909915,0.920957365095394,0.0258213455483032,1.0268864694467,-8.54291445269075e-05,0.67,0.1,1.025,0.5,0.6,0.25,0.4,0.005,0.975,0.8,0.1,1.07154074016372,0.534103367689697,0.428616296065488,0.224229009135108,0.463270005948498,0.815317501827058,-1.26327996587705,3.8277517856232,5.49430653236224
30,0.00281698608686277,0.279485392203665,0.133007124014383,-0.00962823456913831,0.00191137928762641,0.0121432226150122,0.0772844108250309,0.0373778214955223,0.0321452305256404,0.909581024280631,2.7945985346467,0.349472577184355,3.30249991357465,0.410141122101746,3.69118848194319,1.09003111373996,2.72050234783107,-0.119344979627828,2.07493531262211,8.76431465433583,0.661533878685163,0.160360153110611,0.327590988617294,0.0212651590268898,1.13530856161804,3.00575344854428,0.760656736284089,0.34029625096297,0.681185136970826,0.283827140404511,0.0850369785090874,0.379779605950206,0.00424989642809055,-9.072556269691e-05,1.02580693756862,1.0078310710173,1.01783619008013,0.707968352765154,0.0941648344944935,0.197866812740352,1.08187985062923,1.0704113259531,0.295306273052931,0.737026126174904,-0.0323323992278352,0.0020595950584648,0.92177961579659,0.025615833925825,1.02619159299488,-9.09733788498816e-05,0.67,0.1,1.025,0.5,0.6,0.25,0.4,0.005,0.975,0.8,0.1,1.07442194741212,0.536435851216905,0.429768778964848,0.22582909151859,0.462719819802399,0.810444919437002,-1.26740497414465,3.84268920666501,5.50891328689028
31,0.00272394392287827,0.282442665392395,0.13163286560284,-0.008747338041591,0.00160142480287662,0.0121995065702596,0.0759962494582023,0.0368381972076178,0.0316973250033143,0.936457794362959,2.86189518279848,0.355027001881042,3.33071654018331,0.410346583287259,3.71324871418514,1.10338995322609,2.728162522655,-0.118303761695945,2.11446593974288,8.86654948476291,0.668251611997109,0.160691480996458,0.326627698397268,0.0211817885247527,1.13711215609923,3.02669400923934,0.761865144586482,0.342286678116431,0.682267293659536,0.284278039024807,0.0860732888426275,0.381012685315335,0.00428741128625804,-3.57526223949287e-05,1.02511078522695,1.00773756364249,1.01723982732335,0.707175803612268,0.0930875775144737,0.199736618873258,1.08139656104184,1.07013540416493,0.297149487727405,0.734710420077534,-0.0318599078049382,0.00208222366190458,0.922749393264223,0.025437966527183,1.02549405188752,-9.66456319018046e-05,0.67,0.1,1.025,0.5,0.6,0.25,0.4,0.005,0.975,0.8,0.1,1.07733485887789,0.538780715303203,0.430933943551156,0.227546887461534,0.461876236048868,0.804516877791069,-1.27088667311759,3.85782786786466,5.52422464869217
32,0.00266322322457002,0.285560160199684,0.130402990934984,-0.00802904016712702,0.00132657312056783,0.012378835312493,0.0745422041056153,0.0362326948916839,0.0311962144007406,0.966701061576781,2.93854378772983,0.362055012004791,3.36194662086329,0.411350680057335,3.73543053154689,1.11734389046651,2.73542633728541,-0.117339696205029,2.15774096109555,8.98054485807012,0.677191816963701,0.160842767087667,0.3253893417109,0.0211258211066038,1.13872491895922,3.04782095082157,0.762945695702681,0.344548122719706,0.683234951375535,0.284681229739806,0.0871467580354066,0.382184466183383,0.00437462934978776,1.60564682472268e-05,1.0244017530607,1.00767653934069,1.01659780005492,0.706233067716953,0.09209490432748,0.201672027955567,1.08081401531523,1.06979101158722,0.299120511284685,0.732292118453032,-0.0314126297377172,0.00212158012629506,0.923865295882224,0.0252696875553287,1.02478829193447,-0.000102440305853734,0.67,0.1,1.025,0.5,0.6,0.25,0.4,0.005,0.975,0.8,0.1,1.0803029914318,0.541159121051745,0.43212119657272,0.229391856811997,0.460739317634601,0.797546237414264,-1.27411714102857,3.87326289623941,5.54040092616457
33,0.00262630417735504,0.288867130001821,0.129282321345636,-0.00752258318814913,0.0010805981869968,0.0126737535676198,0.0729192904194501,0.0355582547232727,0.0306388660458005,1.00090889523933,3.02624061167001,0.370690248868012,3.39649181145917,0.413096832655933,3.75795290277048,1.13204317743087,2.74236778265973,-0.116458057320123,2.2055077878766,9.10837418494739,0.688421477632529,0.160824062846812,0.323877889257202,0.021092453428707,1.14017647531878,3.06933608551177,0.763918238463585,0.347093625996852,0.68410588519127,0.285044118829696,0.0882683476404091,0.383314328364862,0.00451093206743433,6.66861807091581e-05,1.02367470689174,1.00763943569824,1.01591369950937,0.705144298472808,0.0911626917902043,0.203693009736988,1.08013419719052,1.06938008969759,0.301239320108046,0.729750439562767,-0.0309897596708123,0.00217763877880516,0.925126527152989,0.025099630839705,1.02406893205102,-0.000108351682062078,0.67,0.1,1.025,0.5,0.6,0.25,0.4,0.005,0.975,0.8,0.1,1.08335023075145,0.543597004464248,0.433340092300579,0.231371551393499,0.459307250953673,0.789541393955891,-1.27747497395241,3.88908736637184,5.5575946317087
34,0.00260946194079647,0.292393757606988,0.128239579067729,-0.00721606520394458,0.000856464269127111,0.0130753970209387,0.0711275967759524,0.0348131918997916,0.0300234523814158,1.03973943666839,3.12672466987779,0.381068751828359,3.43464410227859,0.415532270464034,3.78102964560086,1.14763703867945,2.74905094301596,-0.11565833609455,2.25857426323621,9.25213673570043,0.702019742497432,0.160646959391336,0.322096411479723,0.0210770562995898,1.14149347113698,3.09143932968017,0.764800625661778,0.349934002436777,0.684896082682189,0.285373367784245,0.0894491715029691,0.384421234710149,0.00469423323850655,0.000114797754854506,1.02292435443674,1.0076225092505,1.01518608908173,0.703911399362699,0.0902693015552484,0.205819299082053,1.07935868322196,1.06890348047889,0.303525004098209,0.727064107049277,-0.0305891111474856,0.00225087599045491,0.926530416981699,0.0249235546085797,1.02333059896469,-0.000114373926712208,0.67,0.1,1.025,0.5,0.6,0.25,0.4,0.005,0.975,0.8,0.1,1.0865012647248,0.546121621354893,0.434600505889921,0.233490853883363,0.457580899771392,0.780524275944075,-1.28125879010776,3.90539341386554,5.57594474278103
35,0.00261156761992224,0.296168729712735,0.127252429905172,-0.00705476661329052,0.00064791581354573,0.0135668577252508,0.0691780302921893,0.0340002796522159,0.0293518413424245,1.08379595650272,3.24137676010779,0.393291686963669,3.47650958958197,0.418600340084337,3.80483747275,1.16425899112515,2.75551413170626,-0.114935650081416,2.31768854242593,9.41337273256173,0.71803193642974,0.160333128044753,0.320057305099008,0.021075559463149,1.1426969164919,3.11430325928702,0.765606934049576,0.353061298326167,0.685618149895142,0.285674229122976,0.0906995332466898,0.385521880116285,0.00491606356783854,0.000154180723093942,1.0221457209564,1.00762462545802,1.01441121537872,0.702532762874224,0.0893990011637388,0.208068235962037,1.07849310435267,1.06836400908203,0.305994408291888,0.724213360340523,-0.030207768632411,0.00234121571275728,0.928065716371874,0.0247432155126363,1.02256811257318,-0.000120501096575729,0.67,0.1,1.025,0.5,0.6,0.25,0.4,0.005,0.975,0.8,0.1,1.08978110987636,0.548760001653198,0.435912443950543,0.23574714693454,0.455576340368212,0.77057955196009,-1.28564803392943,3.92225712069685,5.59556332922233
36,0.00263321654868876,0.300218077681371,0.126308627807401,-0.00696962590278627,0.000450485981034365,0.0141290811084063,0.0670863080035267,0.0331243932230114,0.028627673448731,1.13368788122976,3.37146931622393,0.407466998381274,3.52209152875372,0.422258968503138,3.82950320358751,1.18202145316555,2.76176448659547,-0.114282736173506,2.38358706819368,9.59338562336121,0.736528323009339,0.159906055957225,0.317775077295641,0.0210850922984325,1.14379941554083,3.13805816424012,0.766345608412354,0.356454437306953,0.686279649324496,0.285949853885207,0.0920283221588472,0.386630822904807,0.00516539002289522,0.000182541561381809,1.02133529360609,1.00764638263143,1.01358503460203,0.701003350412124,0.0885427712789463,0.210453878308929,1.07754439521127,1.06776496298009,0.30866182643539,0.721180879018826,-0.0298427054542158,0.00244635723598555,0.929717738883829,0.0245635841493747,1.02177720289295,-0.000126727144875729,0.67,0.1,1.025,0.5,0.6,0.25,0.4,0.005,0.975,0.8,0.1,1.09321247603426,0.551539194038808,0.437284990413706,0.238134542141287,0.453314634100991,0.759815201516488,-1.29070656500538,3.93973079439893,5.61653442865252
37,0.00267612192582066,0.304566516630942,0.125403488549652,-0.00690624207102486,0.000261725561480297,0.0147497839781774,0.0648625764118118,0.0321882397911999,0.0278528399510079,1.19021128769275,3.51881928998284,0.423792658054447,3.57149419541195,0.426503787728677,3.85511745656571,1.20102377682951,2.76778567053421,-0.113691990798003,2.45717014034019,9.79409472992849,0.757708796808427,0.15937838555514,0.315254669027645,0.0211043418233068,1.14480432727973,3.16280008902854,0.767018899277419,0.36009911743957,0.686882596367838,0.286201081819932,0.0934433097372092,0.387759804249262,0.00543477116934126,0.000203761062216673,1.02049098891699,1.00768950253545,1.01270380047557,0.699315367718994,0.0876965867083446,0.212988045572661,1.07651587013489,1.0671071316483,0.311540125651766,0.71795106158855,-0.0294911872403165,0.00256297055191772,0.931476983775476,0.0243894076021833,1.02095481379292,-0.000133045927254214,0.67,0.1,1.025,0.5,0.6,0.25,0.4,0.005,0.975,0.8,0.1,1.09681401937334,0.554484889291144,0.438725607749338,0.240651804311314,0.450804720702669,0.748297328737959,-1.29642435430369,3.95785048963258,5.63892576036519
38,0.00274036720923202,0.309238444726489,0.124534501173193,-0.00684939260734097,8.06977099303552e-05,0.0154215341259922,0.0625124022115327,0.0311925060309536,0.0270275176510427,1.25440996773637,3.68600703739322,0.442570892222767,3.62491997152636,0.431351833386703,3.88175426384445,1.22136066755652,2.77355013269271,-0.113156536404789,2.53957371265996,10.0182635876273,0.781898977595081,0.158754852635093,0.312494746315166,0.0211327883904011,1.1457102923407,3.18860819157553,0.767625895868267,0.363990392887393,0.687426175404419,0.286427573085174,0.0949517752680323,0.388917595568054,0.00571989686450284,0.000221180449585198,1.0196112529851,1.00775406904528,1.01176594995151,0.6974605029756,0.0868578958260708,0.215681601198329,1.07540881612512,1.06639017949266,0.314641418422627,0.71450945734831,-0.0291508757709368,0.00268875857788478,0.933337658733039,0.0242217599825236,1.02009873964651,-0.000139451207835854,0.67,0.1,1.025,0.5,0.6,0.25,0.4,0.005,0.975,0.8,0.1,1.10060124206793,0.55761952670983,0.440240496827172,0.243303020288664,0.448046513002469,0.736061174217224,-1.30277777660399,3.97664114435129,5.66279488269111
39,0.00282214620804996,0.314257198587995,0.123695937293714,-0.00682605972007,-9.30997653614263e-05,0.0161347874921154,0.060044167943653,0.0301387767568584,0.0261525226013303,1.32751137511565,3.8761414585723,0.464158140667098,3.68251853656372,0.436802783980089,3.90948027995582,1.24312305798258,2.77902720984222,-0.112669987868974,2.63211692659993,10.2691316914841,0.809460367301491,0.158043269519443,0.30949906587669,0.0211694305232783,1.14651758072752,3.21555382173948,0.768166779087441,0.368119674913173,0.687910548436514,0.286629395181881,0.0965607760177529,0.390112199716587,0.00601590977983202,0.000234386147956337,1.01869479023569,1.00783625693909,1.01077410464432,0.695432956086451,0.0860222313280519,0.218544812585496,1.07422712820224,1.06561589741272,0.317976551599149,0.710843132773308,-0.0288196843724568,0.00282235856510273,0.935291022991515,0.0240568202924213,1.01920731062019,-0.000145936665382032,0.67,0.1,1.025,0.5,0.6,0.25,0.4,0.005,0.975,0.8,0.1,1.10458782886894,0.560963060928178,0.441835131547575,0.246092553011641,0.445045152329846,0.72316184332957,-1.309777555517,3.99611089109321,5.68818377922497
40,0.00291379585902947,0.31964268409411,0.122876580795698,-0.00688304135077022,-0.000260812541257205,0.0168719084533495,0.0574766527817926,0.0290328803991304,0.0252321190746228,1.41077304463048,4.09229455453549,0.488877704542214,3.74419443658791,0.442802946399518,3.93834561208107,1.26638939685049,2.78418153061285,-0.112225315382274,2.73615048117354,10.5496657638497,0.840667149152138,0.157264768992212,0.306287181801006,0.0212118135926807,1.1472316810376,3.24369270082758,0.768645226295191,0.372458453907918,0.688339008622559,0.2868079202594,0.0982767292996478,0.39135328660763,0.00631390263093701,0.000239425450384282,1.0177409695152,1.00792836483832,1.00973541872537,0.693231642959297,0.0851819339862223,0.22158642305448,1.07298118495215,1.06479073866923,0.32155364753731,0.706941900139254,-0.0284955476765642,0.00296211703399745,0.937319235953471,0.0238877832074279,1.01827947545154,-0.00015249589952915,0.67,0.1,1.025,0.5,0.6,0.25,0.4,0.005,0.975,0.8,0.1,1.1087855467964,0.564534655309449,0.44351421871856,0.249017750596172,0.441825160336758,0.70972204354572,-1.31747789854626,4.01623549485944,5.71510374775595
41,0.00300290147465121,0.325404719747908,0.122061003672587,-0.0070592333653241,-0.000424683840860474,0.0175941506170216,0.0548558395504909,0.027892454005591,0.0242803935855161,1.50492610300459,4.33560313356635,0.516773306807117,3.80911604728577,0.449180903361708,3.96833715916103,1.29119557224273,2.78895458778165,-0.11181300086336,2.85249403315185,10.8601736122884,0.87539617293056,0.156475951400253,0.302916889078141,0.0212549636250954,1.14786556120668,3.27302548198141,0.769069926008473,0.376922759540431,0.688719336724006,0.286966390301669,0.100103593495733,0.392652880584945,0.00659234045561742,0.000223739164799423,1.01675058614866,1.00801791598202,1.00866320928248,0.690862646223433,0.0843273879979314,0.224809965778634,1.0716968389239,1.06393196837803,0.325374463012407,0.702801822425874,-0.0281762854382808,0.00310486809628803,0.939381817771514,0.0237079017001696,1.0173152579503,-0.000159122437105011,0.67,0.1,1.025,0.5,0.6,0.25,0.4,0.005,0.975,0.8,0.1,1.1132023568108,0.568351585849029,0.445280942724321,0.252052911037832,0.438461813985777,0.696036542945483,-1.32593933617513,4.03691616999028,5.74349792621804
42,0.00307134521224539,0.331531400221653,0.121233924509153,-0.00735976559410279,-0.000587799265482691,0.0182290120586024,0.0522729856170529,0.0267556312060154,0.0233286978297711,1.60913408802144,4.60188339757951,0.547192934634973,3.87504642483702,0.455573260180461,3.99929285327725,1.31748166624972,2.79323026861894,-0.111419081591404,2.98036924150252,11.1942401009215,0.912637763838077,0.155792793032111,0.299508954141542,0.0212906506140466,1.14843926731059,3.30342085345385,0.769454309098095,0.381328013503327,0.689063560386354,0.287109816827647,0.102039305800751,0.394025364842615,0.00680843943704645,0.000166129296304529,1.01572796006403,1.00808670193831,1.00757996123849,0.688342420469938,0.0834504530397004,0.228207126490361,1.07042544665728,1.0630748886053,0.32942865515384,0.698431040343573,-0.0278596954974131,0.00324290989561158,0.941401607651661,0.0235138603593062,1.01631711163362,-0.000165809738517058,0.67,0.1,1.025,0.5,0.6,0.25,0.4,0.005,0.975,0.8,0.1,1.11783653922241,0.572426387107757,0.447134615688966,0.255129239429268,0.435116223023222,0.682681542106406,-1.33515250706186,4.05790807823811,5.77318371477487
43,0.00310272739340249,0.337985833846374,0.120385492955745,-0.00774624535257118,-0.00075321509816928,0.0187006648165298,0.0498325619839074,0.0256684224933414,0.022415467775903,1.72101091572844,4.88200835857891,0.578872801670649,3.93893833066088,0.461528449457948,4.03087405383892,1.34507544067463,2.79682445739004,-0.111025844225746,3.11735862535223,11.5396542075577,0.950685466203659,0.155345959757862,0.296204712060804,0.0213100593008064,1.14896728888698,3.33457585512917,0.769808083554278,0.385438891721224,0.689380373332189,0.287241822221745,0.104073690808709,0.395486432421385,0.00691782537755843,6.50439442418329e-05,1.01468391231187,1.00811824103037,1.00651279881097,0.685696421495597,0.082547901719738,0.231755676784664,1.06922541626898,1.06226040895198,0.3336932443668,0.693850618862358,-0.0275438632291585,0.003360799880297,0.943293026254132,0.0233076771775277,1.0152921529078,-0.000172551204206165,0.67,0.1,1.025,0.5,0.6,0.25,0.4,0.005,0.975,0.8,0.1,1.12266603619605,0.576766073182613,0.44906641447842,0.258153858024849,0.431976458933155,0.670300559248878,-1.34498687323022,4.07880859475653,5.80385110447331
44,0.00309174366264988,0.344717243661867,0.119514334834361,-0.00815262740787071,-0.000922901408850985,0.018974966236537,0.0475979037407716,0.0246610030983547,0.0215664665668389,1.83801152215534,5.16681966388167,0.610594334607859,3.99844672772303,0.466724642197077,4.06264148411004,1.37373866723572,2.799518366862,-0.110615549987676,3.26076533134425,11.8847936576193,0.988011339958912,0.155205586523902,0.293090924157761,0.0213079131416511,1.14944352049356,3.366071656752,0.770127158730685,0.389088392940207,0.689666112296136,0.28736088012339,0.106190444570715,0.39704513372554,0.00690371506190044,-5.20374949766826e-05,1.01363417950895,1.00810720238096,1.00548252915457,0.682952078541431,0.0816225633906232,0.235425358067945,1.06813098016985,1.06151311483794,0.338139280224902,0.689088214454945,-0.0272274946798466,0.00344186110162499,0.945007369087589,0.023095640521768,1.01425228605628,-0.000179340181159605,0.67,0.1,1.025,0.5,0.6,0.25,0.4,0.005,0.975,0.8,0.1,1.12764450527105,0.581366022889194,0.451057802108419,0.261054201883826,0.429152986522437,0.659256028312417,-1.35520798897604,4.09914319733953,5.83513466225353
45,0.00304471383687979,0.351675279969405,0.118627582513399,-0.00850862418961429,-0.00109713303312786,0.0190654858780308,0.0455778367818183,0.0237404399680898,0.0207883737168514,1.95853921363848,5.45077133779381,0.641657274449747,4.0526169870773,0.471062155635651,4.09415724423616,1.40322756901023,2.80110386977336,-0.110174194547437,3.40875935187805,12.2229728452609,1.02382897428818,0.155363870609152,0.290178744347697,0.0212837387502188,1.14984063586089,3.39747290216195,0.770393226026799,0.392230476922626,0.689904381516536,0.287460158965223,0.108371301379803,0.398695132295524,0.00677996055767018,-0.000154805642746192,1.01259393228681,1.00805993740606,1.00449774335087,0.680131981999521,0.0806824128146498,0.239185605185828,1.06714460129138,1.0608353739839,0.342739051128126,0.68417105209435,-0.026910103222476,0.00347845190872288,0.946542278931869,0.0228859644064948,1.01321124968478,-0.000186169969476768,0.67,0.1,1.025,0.5,0.6,0.25,0.4,0.005,0.975,0.8,0.1,1.13271136546457,0.586202594272069,0.453084546185826,0.263796507909518,0.426650638446085,0.649553598714464,-1.36552924861752,4.11847103783944,5.86668904226085
46,0.00297474303762212,0.358820010384301,0.117738474723968,-0.00875988122196314,-0.00127448349732018,0.0190158950999759,0.0437417843020132,0.0228960060390976,0.0200728971200743,2.08235329937065,5.7330078272881,0.672004244639041,4.10174218478846,0.474633936740391,4.12505927818949,1.43333640419992,2.80141651866148,-0.109693644671917,3.56084769362547,12.5534254096034,1.05818538266317,0.155757828280284,0.287423299519226,0.0212408459556528,1.15011970231418,3.42840893719162,0.770580200550497,0.394919741344472,0.690071821388505,0.287529925578544,0.110599838225386,0.400415779896604,0.00657851960936593,-0.000225552020962887,1.01157425573145,1.00798961675281,1.00355622609506,0.677250518747094,0.0797384430832992,0.243011038169606,1.06624593718457,1.06021321006198,0.347470498631554,0.67912151785209,-0.0265920164836436,0.00347361365695998,0.947927588858562,0.0226863529702138,1.01218135228951,-0.000193033828981154,0.67,0.1,1.025,0.5,0.6,0.25,0.4,0.005,0.975,0.8,0.1,1.13780673357927,0.591237317377577,0.455122693431708,0.266381498488294,0.424397311722929,0.64094960234512,-1.37566825273131,4.13645533095208,5.89823579618449
47,0.00289566448311905,0.366126071430103,0.116861782397666,-0.00888758994111727,-0.00145230505520633,0.0188794774688466,0.0420411144339504,0.0221079541168567,0.0194039420321631,2.21046278458448,6.01669928884807,0.702105619637459,4.14686352368689,0.47763999503755,4.1550973619476,1.46391859492388,2.80035066290745,-0.109171895883724,3.71781884022135,12.8801857574849,1.09175813099987,0.156301249853362,0.284754562031953,0.021184412208585,1.15024188232096,3.45861658957954,0.770662061155046,0.397264280053489,0.690145129392578,0.287560470580241,0.112863789140369,0.402179781165541,0.00633564297548333,-0.000260311037113632,1.01058130788427,1.00791014280553,1.00265020160557,0.674314356263188,0.0788015775692507,0.24688406616756,1.06540476813287,1.05962539271397,0.352318722641185,0.673955486159831,-0.0262742088010156,0.00343721863044763,0.949206663031255,0.0225012836611544,1.01117153729068,-0.000199924985872117,0.67,0.1,1.025,0.5,0.6,0.25,0.4,0.005,0.975,0.8,0.1,1.14288247609881,0.596427730523609,0.457152990439523,0.268832336382709,0.422287556815433,0.6330957371193,-1.38540241517099,4.15288601955029,5.92957908401556
48,0.00281831594822171,0.373582308648057,0.116009598114356,-0.00890801537195618,-0.00162764352046685,0.018704427049328,0.0404264254063375,0.0213551414971453,0.0187639803369825,2.34474129020279,6.30751143958163,0.732732728175954,4.18925471776041,0.480301016575646,4.18413501534448,1.49488883386283,2.79785799257656,-0.108611811094908,3.88138488334849,13.2100698163711,1.12554157361242,0.15691051645999,0.282102910115825,0.0211196399557268,1.15017668439288,3.48794646958981,0.77061837854323,0.399382431193157,0.690106010635728,0.28754417109822,0.115155757177121,0.403961134879876,0.00608253511894165,-0.000264326818985748,1.00961704627319,1.00783240752796,1.00177076935798,0.671324807459159,0.0778801211175344,0.250795071423305,1.06459128907779,1.05905081565153,0.357275477101151,0.668682531112398,-0.0259580082135485,0.00338134238894705,0.950421936533564,0.0223313499255405,1.01018690964367,-0.000206836639409785,0.67,0.1,1.025,0.5,0.6,0.25,0.4,0.005,0.975,0.8,0.1,1.14790689988037,0.601737237163623,0.459162759952148,0.271181395877051,0.420218211782658,0.625652312740822,-1.39460249337561,4.16766662201258,5.96059892795771
49,0.00275006985560953,0.381189376798175,0.115189621477733,-0.00885355049362868,-0.00179808037712881,0.0185278019100412,0.038856304673061,0.0206192086589418,0.018137624456291,2.48757921188623,6.6122725447317,0.764769712462181,4.23011080733608,0.482808899905285,4.21213051378357,1.52621440822995,2.79393530543691,-0.108019199883284,4.05383797442381,13.5510342633316,1.160610123036,0.157517163429502,0.279411603020294,0.0210507105518215,1.14990449367239,3.51634588351919,0.7704360107605,0.401378110621164,0.689942696203433,0.287476123418097,0.117472809121867,0.405740013567107,0.00584193406094287,-0.000246134138859998,1.00868054959439,1.00776382020489,1.00090966689925,0.668279895101559,0.0769789081579276,0.254741196740513,1.0637807916242,1.05847180269778,0.362337872303728,0.663306917080126,-0.0256447893838539,0.0033169167703684,0.951608144792252,0.0221748227882202,1.00922924975043,-0.00021376196862657,0.67,0.1,1.025,0.5,0.6,0.25,0.4,0.005,0.975,0.8,0.1,1.15286426601748,0.607140835062002,0.461145706406994,0.273460757700467,0.418105654634174,0.618341930731975,-1.40323112483845,4.18078611359738,5.99123513494598
50,0.0026959598259745,0.388956480393278,0.114406407343419,-0.00874808123917004,-0.0019620757044535,0.0183739158568998,0.0373011556233855,0.0198866177706083,0.0175134212755145,2.64157859822416,6.93787966947693,0.799078549180721,4.27037655418292,0.485308778561124,4.23910607338531,1.55790034810605,2.78860670602583,-0.107400980746576,4.23773600565554,13.9108995130056,1.19796684502639,0.158072450237988,0.276640741461034,0.0209804980311162,1.14941484893033,3.54382965745744,0.770107948783322,0.403329855902904,0.689648909358198,0.287353712232583,0.119815390912659,0.407503790642186,0.00562750656966714,-0.000214773808312863,1.00776917788024,1.0077094396251,1.00005928123007,0.665175393218262,0.0761003269913472,0.25872427979039,1.06295544483507,1.05787536733784,0.367506809486825,0.657828952083493,-0.0253357615703176,0.00325236487301869,0.952789716711611,0.0220302361289501,1.00829788117053,-0.000220694139058641,0.67,0.1,1.025,0.5,0.6,0.25,0.4,0.005,0.975,0.8,0.1,1.15775170975188,0.612626075463488,0.463100683900752,0.275695241539523,0.415891423948482,0.610968751622589,-1.41130774324777,4.19228783033291,6.02146945531442
51,0.00265980553278683,0.396897524173937,0.113664472183733,-0.00859006244557192,-0.00211871853131629,0.0182543034994023,0.0357450721684802,0.0191498181566574,0.0168849128399815,2.80921623352285,7.29021444221035,0.83638653517291,4.31063152886744,0.487897542485687,4.26511071716032,1.58997056012357,2.78190407780711,-0.106763920770368,4.43555000294382,14.2961331033349,1.2384309556326,0.15854905496269,0.273768349273655,0.0209107987443686,1.14870289382856,3.57044486729393,0.769630938865138,0.405284779883501,0.689221736297138,0.287175723457141,0.122185845665294,0.409245644041487,0.00544411356924737,-0.000178961342048894,1.00687956253724,1.00767310456045,0.999212500542466,0.662005268510157,0.0752464794280576,0.262748252061784,1.062104994258,1.05725371673234,0.372785295754799,0.65224662670874,-0.025031922463539,0.0031931488492573,0.953979760561534,0.0218985232854302,1.0073906123602,-0.000227626309490711,0.67,0.1,1.025,0.5,0.6,0.25,0.4,0.005,0.975,0.8,0.1,1.16257524747075,0.618190917063989,0.465030098988301,0.277897370126947,0.413544064218356,0.603425726788119,-1.41885602598117,4.20223857744786,6.05130784942272
52,0.00264160726574256,0.40502310149897,0.112970658501914,-0.00835731756759728,-0.00226710556325338,0.0181592143044476,0.0341973490695702,0.0184128806882529,0.0162554750297758,2.99150474742567,7.67028608921673,0.876849543814021,4.35058211081271,0.490572750806098,4.29016235594847,1.62243284616076,2.77384306817626,-0.106113558388555,4.64831154436877,14.7074752579857,1.28215070500154,0.158959932468288,0.270806987154087,0.0208419687699732,1.14776926123938,3.59621857274725,0.769005405030383,0.407229315943827,0.688661556743627,0.286942315309844,0.124585981685951,0.41096240765633,0.00528222645759606,-0.000152992373401898,1.00600848193414,1.00765481530207,0.998366173273892,0.65876423629002,0.0744210295711944,0.266814734138785,1.06123457226375,1.0566103346974,0.378175162511321,0.646558996614713,-0.0247341591260343,0.00314173396676057,0.955170663161347,0.0217829643465538,1.00650463789857,-0.000234551638707496,0.67,0.1,1.025,0.5,0.6,0.25,0.4,0.005,0.975,0.8,0.1,1.16734540624308,0.62383837041725,0.466938162497231,0.280054829798274,0.411083316664544,0.595768944250301,-1.42585447957344,4.21067646871328,6.08074682006448
53,0.00263519453121538,0.41332973288953,0.112334783862834,-0.00802099719110083,-0.00240586829961709,0.0180538207866392,0.032698743047363,0.0176949196481976,0.0156413341081532,3.186300418717,8.06980970738861,0.919554956621339,4.38866650721323,0.493191378379347,4.31418380220582,1.65523608742425,2.76440120523455,-0.105453490452978,4.87389281488425,15.1351103836472,1.32806556171691,0.159370168797421,0.267814562112388,0.0207727171692023,1.14662042414104,3.62109557082938,0.768235684174496,0.409065650258896,0.687972254484624,0.28665510603526,0.12701386005442,0.412654085872963,0.00511597689181984,-0.00015317801027313,1.00515481372277,1.00764837050387,0.997525370105196,0.655452092527307,0.0736300691464971,0.270917838326195,1.06036993209901,1.0559644191776,0.383673056900807,0.640770382527771,-0.0244434394285781,0.00309539777814492,0.956328946557302,0.0216879943658622,1.00563800566139,-0.000241463292245164,0.67,0.1,1.025,0.5,0.6,0.25,0.4,0.005,0.975,0.8,0.1,1.17206992384801,0.629571696509263,0.468827969539202,0.282122744280902,0.408595174484443,0.588260152162935,-1.4322068643337,4.21754882889382,6.10973458835621
54,0.00263278507073539,0.421796303147697,0.111769548962835,-0.00755199743000945,-0.00253304322743331,0.0178988865315908,0.0312984075091417,0.0170197186648051,0.0150628570461264,3.38891711044118,8.47387354941736,0.962871844195697,4.42280706185291,0.495566675504929,4.33699242751804,1.68826003053523,2.75351854634768,-0.104786149364869,5.10757401694819,15.5620579809363,1.37435406921258,0.159858932971572,0.264861848693856,0.0207016988768243,1.14526223501713,3.64491736223083,0.767325697461477,0.41066031292364,0.687157341010278,0.286315558754283,0.129462056999792,0.414322672085959,0.00491772427692396,-0.000181373247141059,1.00432137836189,1.00764594899609,0.996700655981889,0.652075030637761,0.0728821320643091,0.275042837297929,1.05954340525323,1.05534069765478,0.389269766722048,0.634891250645654,-0.024161017367702,0.00304525604409614,0.957414488699312,0.021618604773534,1.00479128504327,-0.000248354449136127,0.67,0.1,1.025,0.5,0.6,0.25,0.4,0.005,0.975,0.8,0.1,1.17674448707382,0.635391101666217,0.470697794829528,0.284043541132383,0.406183086683765,0.581214673837921,-1.43774813382804,4.22270201583183,6.13817122860207
55,0.00262961786607921,0.430389171708815,0.111288791526769,-0.00693603601979187,-0.00264609020743312,0.017672084683644,0.0300279133850778,0.0164033357823861,0.0145339700032693,3.59431114008858,8.86782539169667,1.00526883161757,4.45145002010389,0.497587692074975,4.35834795948921,1.72134134726834,2.74112113421265,-0.104114521991776,5.34420931046534,15.9720839841653,1.41937109867457,0.160475454295888,0.261995456755725,0.0206290969738021,1.14369443010454,3.6674588262331,0.766275268170043,0.411914563086054,0.686216658062725,0.285923607526136,0.131918631187462,0.415967249566429,0.00467247519338918,-0.000225098387049882,1.00351388389562,1.00764276595541,0.995902434672994,0.648643895707802,0.0721867952845366,0.27916930900766,1.05877722431405,1.05475682456063,0.394952712190076,0.628935816894682,-0.0238885290847584,0.00298134985398691,0.958401769099,0.0215786721750448,1.00396776976387,-0.000255218308640514,0.67,0.1,1.025,0.5,0.6,0.25,0.4,0.005,0.975,0.8,0.1,1.18134969471019,0.641287542084281,0.472539877884078,0.285773830137341,0.403912622148143,0.574832007380457,-1.44229317261406,4.22592604717497,6.16594049463047
56,0.00262107584333972,0.439067478419144,0.11090172987248,-0.0062106973440067,-0.00274224169464632,0.0173663234476125,0.0289009775909172,0.0158534739953484,0.0140614987133497,3.79791015137786,9.23975723691484,1.04554771058772,4.47365962609413,0.499201255457958,4.37800613519291,1.75430138796163,2.727147650117,-0.103442902885718,5.57908315653441,16.3523030091399,1.46186203427643,0.161240957296919,0.259240810541356,0.0205559711164649,1.14191589983884,3.688480133132,0.765083652892021,0.412774519806085,0.685149539903302,0.285478974959709,0.134369340102003,0.417581338364554,0.00437646215761266,-0.000273311057725204,1.0027384272337,1.00763418122256,0.995141337917978,0.645174107105133,0.0715509245468921,0.283274968347974,1.05808376831743,1.05422348148759,0.400707841375454,0.622920015619573,-0.0236278569950276,0.00289797717602857,0.959279360198188,0.0215665773034007,1.00317223065687,-0.000262048096957676,0.67,0.1,1.025,0.5,0.6,0.25,0.4,0.005,0.975,0.8,0.1,1.18585610374991,0.647238216422265,0.474342441499965,0.287291481509693,0.401815273871664,0.569202984073239,-1.44572419630895,4.22699488414621,6.19292766386141
57,0.00259870622217181,0.447786272563255,0.110604974507244,-0.00548794980516276,-0.00281965402550399,0.0169818812474063,0.0279212343116342,0.015372845716539,0.0136479573203257,3.99562181056231,9.5804446967243,1.08273418609131,4.48885171060223,0.500339350353793,4.39575941874321,1.78696557296019,2.71156990849701,-0.102776062713981,5.80795287424414,16.6928847465375,1.50078005588296,0.162165213084849,0.256617141791655,0.0204825821518422,1.13993384011955,3.70776708468497,0.763755672880097,0.413212128017016,0.683960304071728,0.284983460029887,0.136799722363208,0.419156961802382,0.00403202998651778,-0.00032006055632519,1.00200051809572,1.00761169975328,0.994431206327855,0.641687382343697,0.0709738165657451,0.287338801090556,1.05747089314319,1.0537483467771,0.406520330785328,0.616860398896038,-0.0233807296813657,0.0027933756006228,0.960043025083401,0.0215717228476501,1.00240981796231,-0.000268837073911116,0.67,0.1,1.025,0.5,0.6,0.25,0.4,0.005,0.975,0.8,0.1,1.19023015551678,0.653210540421497,0.476092062206713,0.288593500292726,0.399909907616365,0.564369352379048,-1.44808420466971,4.22568681122149,6.21901938122522
58,0.00255154039138336,0.456500142867861,0.110378453883976,-0.00492112364019481,-0.0028790050985511,0.0165248568774632,0.0270839248029009,0.0149598887715798,0.0132921446599466,4.18429667859878,9.88429661802746,1.11610877667731,4.49679723460643,0.500897168512401,4.41146718180178,1.8191800339229,2.69440458766965,-0.102117439790768,6.027529099173,16.9880228864784,1.5352958803372,0.163249144878904,0.254138932842421,0.0204073749382614,1.13776719903295,3.72515978185291,0.762304023352076,0.413221891108653,0.682660319419769,0.284441799758237,0.139196758227587,0.420689536684482,0.00364708052910288,-0.000359901045519333,1.00130494842722,1.00756429809334,0.993787642458186,0.638211538579322,0.070444802879299,0.291343658541378,1.05694198462677,1.05333582349422,0.41237528444673,0.61077289632451,-0.0231481807712403,0.00266795655199179,0.960694650522782,0.0215766941466781,1.00168548775647,-0.000275578539600224,0.67,0.1,1.025,0.5,0.6,0.25,0.4,0.005,0.975,0.8,0.1,1.19443785840818,0.659169430908362,0.477775143363273,0.289693122901169,0.398204854472142,0.560331897032584,-1.44960927729101,4.22180487940954,6.24410376059216
59,0.00246973316729391,0.465166606727986,0.11018858778852,-0.00463941630814801,-0.00292430922320486,0.0160047548196676,0.0263792325934091,0.0146104202920064,0.0129905806914982,4.36174030470885,10.1488063988931,1.14513616020563,4.49758233049011,0.500740758064963,4.42506348487925,1.85081899188909,2.67571171740745,-0.101467224417289,6.23549713369209,17.2353470798527,1.56473653000726,0.164487629230869,0.251815664718143,0.0203268361539613,1.13544450212572,3.74056343076487,0.760747816424235,0.412818090056254,0.681266701275435,0.283861125531431,0.141549792136715,0.422178784768043,0.00323335283894785,-0.000389014833575075,1.00065531724799,1.00748208183313,0.993223934491506,0.634777479695244,0.069945234047575,0.29527728625718,1.05649649002327,1.05298704624137,0.41825817826422,0.604671938956468,-0.0229301172206879,0.00252417126864093,0.961240259363121,0.0215635991777777,1.00100348349042,-0.000282265841012271,0.67,0.1,1.025,0.5,0.6,0.25,0.4,0.005,0.975,0.8,0.1,1.19844802432101,0.665081541599002,0.479379209728404,0.290610738969512,0.396699115474355,0.557061571907037,-1.45066673661101,4.21519635304651,6.26807098964283
60,0.00234739689915241,0.473749053108445,0.109995624357872,-0.00470830553168522,-0.00296228244229602,0.0154333259837351,0.0257939826749088,0.0143185058420637,0.0127382663951853,4.52673269133176,10.3740805178484,1.16946957150171,4.4915961750582,0.499740206639232,4.43655057301858,1.88178631645056,2.65558569150495,-0.10082143493693,6.43053731150241,17.4354302953344,1.58862466741882,0.165869168005234,0.249649310539004,0.0202363242148066,1.13299847834203,3.75394664506335,0.759108980489157,0.412033146240379,0.679799087005216,0.283249619585506,0.143850864285142,0.423627580873014,0.00280484095001103,-0.000405063751072487,1.00005380810365,1.00735913388365,0.992748042347287,0.631414908114991,0.0694528770469765,0.299132214838032,1.05612998845291,1.05269971008632,0.424155272317843,0.598569913223841,-0.0227251855416846,0.002365973508168,0.96168914134449,0.0215189160202908,1.00036697133822,-0.000288892378588131,0.67,0.1,1.025,0.5,0.6,0.25,0.4,0.005,0.975,0.8,0.1,1.20223480746659,0.670917926435568,0.480893922986634,0.291367688067395,0.395380766799283,0.554501186356827,-1.45165238970211,4.20576970447668,6.29081798317665
61,0.0021838363800293,0.482219747594127,0.109760904258598,-0.00512837551702583,-0.00300087512842573,0.0148255984737209,0.0253103758942675,0.0140758321556938,0.0125281409391586,4.67945303456246,10.5635518436721,1.18911615923627,4.47959077704183,0.497812769421271,4.44599203357851,1.91201820114977,2.634146181945,-0.100172349516262,6.61274744407639,17.5925502969075,1.60688789718975,0.167371123503048,0.24762978516352,0.0201313180484667,1.1304602996636,3.76533846027437,0.75740840077461,0.410920695586871,0.678276179798158,0.282615074915899,0.146094915138881,0.4250401098596,0.00237739350597894,-0.000406022080231355,0.999501087920622,1.00719475556193,0.992361291002737,0.62814833762974,0.0689461295467754,0.302905532823484,1.05583306373294,1.05246715947399,0.430054347085916,0.592476586114075,-0.0225309331999915,0.00219832452602395,0.962055044451574,0.0214350260046375,0.999777808612459,-0.000295451612735249,0.67,0.1,1.025,0.5,0.6,0.25,0.4,0.005,0.975,0.8,0.1,1.20577951958389,0.67665563115784,0.482311807833558,0.291986195320927,0.394221826802771,0.552552216339285,-1.45290751162909,4.19350975580817,6.31225908396988
62,0.00198270599892802,0.49056118720578,0.109452446425642,-0.00584952446716092,-0.00304781914828045,0.0141974646746466,0.0249087030624813,0.0138730359772526,0.0123522214170262,4.82116508358942,10.7228185221096,1.20437544090067,4.46253234953826,0.49493300070034,4.4534995517829,1.94148138687929,2.61152788597387,-0.0995097210702595,6.78333071942421,17.7133732899084,1.61980693443701,0.168963970663535,0.245738264923864,0.0200082139062518,1.12785633702121,3.77481968394601,0.75566374580421,0.409547140208564,0.676713802212725,0.281964084255302,0.148279721708032,0.426420013166962,0.00196606562416161,-0.00039244907275815,0.998996121961195,1.00699261952892,0.992059030609909,0.624994674408105,0.0684071961169645,0.30659812947493,1.05559335112741,1.05228003635789,0.435945117834816,0.586399045426728,-0.0223441632615447,0.00202711213644944,0.962353880655682,0.0213101317567212,0.999236329846192,-0.000301937070281428,0.67,0.1,1.025,0.5,0.6,0.25,0.4,0.005,0.975,0.8,0.1,1.20907229572773,0.68227783472043,0.483628918291091,0.292486975669069,0.393184574183113,0.551092633712075,-1.45466744317535,4.17848022216684,6.33233278430043
63,0.0017484006421575,0.498762871612209,0.109047731180583,-0.00679564831931345,-0.00310951071487164,0.0135574849507629,0.0245770787300631,0.0137045358944392,0.012205769763593,4.95232693216288,10.8547794388505,1.21531931469922,4.44111643051856,0.491089133926333,4.4592009864142,1.97015667002198,2.58786634258676,-0.0988220261945456,6.94271018770541,17.801604738358,1.62745071111218,0.170631534882495,0.243962731113223,0.0198642886811736,1.12520905135766,3.78249654926515,0.753890064409633,0.407961051434437,0.675125430814597,0.281302262839415,0.150404949361945,0.427769859698551,0.0015790063344541,-0.000371005330449219,0.998536441386778,1.00675714264537,0.991834474362914,0.621963804855487,0.0678237417959338,0.310212453348578,1.05540292801192,1.05213220026325,0.441818315887632,0.580343059321878,-0.0221613752095102,0.00185818773736656,0.962595442595967,0.0211466889515312,0.998741384126128,-0.000308342350863067,0.67,0.1,1.025,0.5,0.6,0.25,0.4,0.005,0.975,0.8,0.1,1.21211243889795,0.687772915978516,0.48484497555918,0.292881049543694,0.392245865770128,0.550047340268316,-1.45704179064432,4.1607989442216,6.35099155032362
64,0.00148350919701626,0.506816506797522,0.108532995711842,-0.00789567067644736,-0.00319045376388338,0.0129052520144421,0.0243136984663383,0.0135696800550485,0.0120882856759348,5.0717883716244,10.9580265952139,1.22161840541524,4.41561297067965,0.486262518117386,4.46321195237493,1.99802179509431,2.5632878390048,-0.0980976817241837,7.08971660804879,17.8562225257078,1.62948087209417,0.172377231820484,0.242303226668114,0.0196976302857258,1.12253814232242,3.78847245461526,0.752100555356023,0.406179774288024,0.673522885393454,0.280634535580606,0.152470790490406,0.429092449497311,0.00121661236621408,-0.000349260428166154,0.998119339731645,1.006490926743,0.991682401908534,0.619061075294572,0.067188553030314,0.313750371675113,1.05526068191631,1.05202277072766,0.447664555574409,0.574314611619742,-0.0219791671941515,0.00169500410763603,0.962781232319092,0.020948541262701,0.998290988401853,-0.000314661133241553,0.67,0.1,1.025,0.5,0.6,0.25,0.4,0.005,0.975,0.8,0.1,1.21490525793137,0.693134274826007,0.485962103172548,0.293169437312315,0.391404396654752,0.549408852968562,-1.4600356355334,4.14060573552471,6.36818941257943
65,0.00118895922793625,0.514713699204969,0.107900306359276,-0.0091036675767413,-0.00329340085763163,0.0122372373154149,0.024120261285702,0.0134694868335892,0.0120006919638808,5.17783977750541,11.0298650818737,1.22287916704747,4.38612985507569,0.480445890912969,4.46563019959031,2.02504767950616,2.53790863557517,-0.0973261154910177,7.22262178101965,17.874752142731,1.62550614095342,0.174211524528363,0.240763738647731,0.0195071984840045,1.11986035249936,3.79283778080229,0.750306436174572,0.404204827566672,0.671916211499617,0.27996508812484,0.154477200520285,0.43039126773334,0.000876207288399419,-0.000330185348665053,0.997742713600562,1.00619490402408,0.991599847713688,0.616289515911248,0.0664978275728334,0.317212656515918,1.055168161587,1.0519529914729,0.453474109811408,0.568320376328521,-0.0217944861399291,0.0015381604964152,0.962909720029188,0.0207185508282999,0.997883084199316,-0.000320887181541552,0.67,0.1,1.025,0.5,0.6,0.25,0.4,0.005,0.975,0.8,0.1,1.21745773180186,0.698358898896669,0.486983092720743,0.293350913796977,0.390666614361818,0.549194746646628,-1.46359842183444,4.11804609692671,6.3838804597147
66,0.000865595218979606,0.522446188346644,0.10714544769021,-0.0103919031650594,-0.00341993872814483,0.0115515775040773,0.0239965609234759,0.0134039633162259,0.0119430213180559,5.26930689567781,11.0690435321647,1.21894353741927,4.35286274985284,0.473662726373587,4.46654307661356,2.05120318967782,2.51183829993312,-0.0964984129973783,7.34022642297613,17.8562418035156,1.61540061477652,0.17614019055515,0.239344410111859,0.0192927639810355,1.11718892023472,3.79567386343847,0.748516576557261,0.402040229499841,0.67031335214083,0.279297230058679,0.156423852934648,0.431669388010395,0.000555861034268873,-0.000312972475016321,0.997404959790317,1.00586992319507,0.991584435313595,0.613650670441576,0.0657498758098602,0.320599453748564,1.05512564851092,1.05192312900032,0.45923730153141,0.5623674185714,-0.0216047201028103,0.0013870685031693,0.962980886577033,0.0204587717366893,0.997515842254673,-0.000327014351405074,0.67,0.1,1.025,0.5,0.6,0.25,0.4,0.005,0.975,0.8,0.1,1.21977635259265,0.703444824234887,0.487910541037061,0.293426622383708,0.39003364885046,0.549408891673567,-1.46765924359217,4.09327068464804,6.39802459328742
67,0.000517275528444848,0.530008831838328,0.106268752818926,-0.0117239798758058,-0.00357091046195801,0.0108528486485586,0.0239350506666261,0.0133694339867944,0.0119121202060485,5.34678400869554,11.0784449012323,1.21019991349179,4.3163626779882,0.466000500939807,4.46604230804421,2.07646677119063,2.48518337980023,-0.0956078429466565,7.44309088401596,17.8042154779304,1.59964776798645,0.178150757430657,0.238032283533728,0.019055196501501,1.11453122557379,3.797065854739,0.746735921134438,0.399712300112071,0.668718735344273,0.278632806393447,0.158310653300873,0.432928156510331,0.000257717960940066,-0.000293491016328014,0.997104564872054,1.00551986190609,0.991630899246405,0.611143249395222,0.0649454309069362,0.323911319697842,1.05512769845622,1.05192884959358,0.464945611341501,0.556462122027808,-0.0214077333693082,0.00124137261871213,0.963001030494586,0.0201729184655378,0.997187589377254,-0.000333036596055204,0.67,0.1,1.025,0.5,0.6,0.25,0.4,0.005,0.975,0.8,0.1,1.22186724941067,0.708390638264842,0.488746899764267,0.293403188421465,0.389486889971019,0.549998553915447,-1.4721257771568,4.06644985812988,6.41060267090278
68,0.000153260963862074,0.537403952539827,0.105278307086202,-0.0130315308550902,-0.00374624943621482,0.0101543052190471,0.0239181778255939,0.0133572621603859,0.0119005593650028,5.41330760774389,11.0662018119007,1.19772281814665,4.2776568332653,0.457635249986344,4.46423780848409,2.10083976771642,2.45804860736856,-0.0946505666008859,7.53421348796333,17.7279055372951,1.57950448846647,0.180204657987367,0.236796281832696,0.0187969869343632,1.11188591619326,3.79711730293953,0.744963563849483,0.397280883290358,0.667131549715955,0.277971479048314,0.160138545484347,0.434165566777253,-1.10441713916788e-05,-0.000266630288586156,0.996839390141453,1.00515402726868,0.991727997001791,0.608760455127614,0.0640892701368609,0.327150274735524,1.05516066100211,1.05195915612621,0.470593157856388,0.550608796578255,-0.021201954434643,0.00110225738874516,0.962985279915662,0.0198689060324934,0.996896392126525,-0.000338947972263548,0.67,0.1,1.025,0.5,0.6,0.25,0.4,0.005,0.975,0.8,0.1,1.22373843040333,0.713196074285474,0.489495372161331,0.29329382116886,0.388981051311975,0.550831443235219,-1.47685511784987,4.0377928406228,6.42163534606469
69,-0.000212592289686847,0.544643718978646,0.104192888913757,-0.0142136613482102,-0.00394433858275967,0.00947426452695588,0.0239223646946355,0.0133558676363517,0.0118983860535686,5.47352194558139,11.0433389738878,1.1830087634565,4.23803974616517,0.4488155098376,4.46125871665055,2.12435153263915,2.43053363128379,-0.0936264472723966,7.61820901144993,17.6396886331241,1.5567202849516,0.18224557429859,0.235593346547607,0.0185224589299036,1.10924247032721,3.79595472411251,0.743192455119233,0.394828115948144,0.665545482196328,0.277310617581803,0.161910041069204,0.435375390358962,-0.000241489658287038,-0.000230535401101359,0.996606050982759,1.00478634474886,0.991858673429573,0.606488232498811,0.0631917610362496,0.330320006464939,1.05520547399202,1.0519985817078,0.476177614337973,0.544808939730941,-0.0209865540689141,0.000972892422266541,0.962954323834582,0.0195592712130042,0.99663952636034,-0.000344742646215477,0.67,0.1,1.025,0.5,0.6,0.25,0.4,0.005,0.975,0.8,0.1,1.22540292671002,0.717862881799302,0.490161170684009,0.293115093267906,0.388454934363576,0.551724299865967,-1.48162427723273,4.00755282797437,6.43119245296042
70,-0.000564409163478699,0.551749308089285,0.10304297066629,-0.0151519318773866,-0.00416142221724858,0.00883059349444704,0.0239242803400169,0.0133538542727937,0.0118958254060015,5.53224800713582,11.0203794777246,1.16758653703499,4.19876215163488,0.439826953186728,4.45724160900429,2.14705461444398,2.4027267684234,-0.0925397738630857,7.69988780972969,17.5513845626476,1.53311134120368,0.184214274553636,0.234378631752709,0.0182376248450414,1.10658279693302,3.79371901229778,0.741410473945121,0.392436857978572,0.66394967815981,0.276645699233254,0.163629086403748,0.43654800705707,-0.000427081453303295,-0.000187523065968634,0.9963999948668,1.0044327687907,0.992002676362725,0.604305454429611,0.0622694292142694,0.333425116356119,1.05524251072039,1.05203107849664,0.481700298701915,0.539061370056661,-0.0207616687585762,0.000857231635771674,0.962929026784228,0.0192598542278221,0.996413264793522,-0.0003504148992674,0.67,0.1,1.025,0.5,0.6,0.25,0.4,0.005,0.975,0.8,0.1,1.2268803276729,0.722396271384174,0.490752131069159,0.292882479816631,0.387847950129679,0.552490695862527,-1.48611887134305,3.97601370434637,6.43939076308453
71,-0.000886444698785445,0.558748479179801,0.101869364674598,-0.0157308713722389,-0.00439140586674203,0.00823830619154542,0.0239036165373844,0.0133413606183951,0.011884436913278,5.59382528064963,11.0060305855594,1.15285305856216,4.16088486681197,0.430967510754439,4.45231772962998,2.16901754973785,2.37469995952022,-0.0913997796280856,7.78359845124687,17.4727965584486,1.51037069493019,0.186056152666784,0.23311087991561,0.0179499052416693,1.10388314620102,3.79055297855936,0.739601707954686,0.390178425042105,0.662329887720614,0.275970786550256,0.165300531807386,0.437671974596008,-0.000565136649992365,-0.000141412371928093,0.99621608473761,1.00410912307772,0.992139262398177,0.602185508063033,0.0613442551226314,0.336470236814336,1.05525405557135,1.05204206150083,0.48716593950677,0.533362644744939,-0.0205285842517097,0.000758409156527439,0.96292787329481,0.0189876384158932,0.996213085983491,-0.000355959133590374,0.67,0.1,1.025,0.5,0.6,0.25,0.4,0.005,0.975,0.8,0.1,1.22819579357474,0.72680589076912,0.491278317429897,0.292609392775024,0.387108086784463,0.55296466762809,-1.48994847920757,3.9434691265796,6.44638756245983
72,-0.00116623551152931,0.56567168798666,0.100718416731576,-0.015872133312904,-0.00462612706508037,0.00770711663937873,0.0238458189898978,0.0133113398786381,0.0118581961193814,5.66154196829362,11.0062390593763,1.13992881519266,4.1251327710702,0.422510198613382,4.44660298866451,2.19031644158181,2.34650711108903,-0.0902205640063283,7.87265888672826,17.4106240891046,1.48988580790747,0.1877299987896,0.231758734767063,0.0176673581077614,1.10111812865737,3.7865899463915,0.737749146200441,0.388101452998695,0.660670877194424,0.275279532164343,0.166929521936768,0.438735559002451,-0.000657834921415007,-9.70776103120233e-05,0.996049101931536,1.00382793331091,0.992250831919251,0.600099578825263,0.0604410794605663,0.339459341714171,1.05522707336218,1.05202074032666,0.492581965865957,0.527707806851852,-0.0202897727178089,0.000678129440223131,0.962964265550642,0.0187569887983036,0.996034042452719,-0.000361369877694486,0.67,0.1,1.025,0.5,0.6,0.25,0.4,0.005,0.975,0.8,0.1,1.22937787699274,0.731104594109709,0.491751150797097,0.292307123986563,0.386200462297853,0.553026462143061,-1.4927027248941,3.91019623056974,6.45236755165244
73,-0.00139696984898194,0.572546961370756,0.0996358960731583,-0.0155521122219139,-0.0048563166536848,0.00723883504785028,0.0237452440703461,0.0132610682182406,0.0118147787371084,5.73691777709332,11.0229688448852,1.1294827933519,4.09177228185116,0.414666440403149,4.44018784872934,2.21102364236757,2.31818434390219,-0.0890201375404106,7.96863796874079,17.3671227352126,1.47252667304327,0.189217253483797,0.230306599364495,0.0173975768286366,1.09826554012318,3.78194137427336,0.735837911882532,0.386221584716382,0.658959324073909,0.274566385030796,0.168520704203899,0.439728577092049,-0.000712849617928905,-6.00629983220899e-05,0.995894332356384,1.00359604530177,0.992325883525106,0.598020722164675,0.0595843305231946,0.34239494731213,1.05515604235445,1.051962453419,0.49795723012041,0.522091502179484,-0.0200487322998936,0.000616203697398258,0.963043587997428,0.0185772992264923,0.995871251424694,-0.000366641791828552,0.67,0.1,1.025,0.5,0.6,0.25,0.4,0.005,0.975,0.8,0.1,1.2304555421073,0.735306588541529,0.492182216842919,0.291982416784294,0.385114747413512,0.552628638270487,-1.49401926242601,3.87642812026811,6.45752415368437
74,-0.00157720361563634,0.579395479509737,0.0986624924445951,-0.0147928691271081,-0.00507282078536841,0.00682799660348477,0.0236048752135581,0.013192003160888,0.0117554381120603,5.81963880238474,11.0543877210108,1.12173208435086,4.06067027302699,0.40757791545382,4.43313030310365,2.23119766962323,2.28975153798804,-0.0878189045076204,8.07128067456813,17.3403502006896,1.45863802432205,0.190521573144994,0.228753954677264,0.0171469290249946,1.09530895021483,3.77668668619993,0.733856996643939,0.384523382982195,0.6571853701289,0.273827237553708,0.170077370584836,0.440643710630464,-0.000741753225179113,-3.43502134420367e-05,0.995748207984299,1.00341491036629,0.992359389617613,0.595926968384388,0.0587956400157551,0.345277391599856,1.05504273744131,1.05186849676298,0.503300719146729,0.516508963516138,-0.0198096826628675,0.000570223045119478,0.963163456073662,0.0184532784436593,0.995720474251873,-0.000371769673249808,0.67,0.1,1.025,0.5,0.6,0.25,0.4,0.005,0.975,0.8,0.1,1.23145458349282,0.739425691414988,0.49258183339713,0.291636063837384,0.383862397262262,0.551792783947437,-1.49362953586504,3.84233582211553,6.46204392151158
75,-0.00171023632511525,0.586228601669269,0.0978302772753677,-0.0136580403476187,-0.00526750151108102,0.00646391324552509,0.0234342438159791,0.0131087709219726,0.0116841364042044,5.90787424492524,11.0958305285703,1.11652679217271,4.03140350623144,0.401317273104753,4.42545528468836,2.25087712451668,2.26121611090347,-0.0866379507317892,8.17881481144537,17.3252391850765,1.44812621881906,0.191664340425668,0.227112591664792,0.0169201042733839,1.09223920150123,3.77086963411764,0.731800265005823,0.382968041569106,0.655343520900737,0.273059800375307,0.171600898422226,0.441476712712259,-0.000757870330016659,-2.17896741344398e-05,0.995608603856114,1.00328121249326,0.992352484486301,0.593803466436208,0.0580919577685287,0.348104575795263,1.05489469598589,1.051744915071,0.508620464950689,0.510956718674135,-0.0195771836248244,0.00053611286710498,0.963315492375631,0.0183849621863141,0.995578553274609,-0.000376748461358388,0.67,0.1,1.025,0.5,0.6,0.25,0.4,0.005,0.975,0.8,0.1,1.23239473389709,0.743472777890371,0.492957893558838,0.291264142634049,0.382470976513221,0.550594142544093,-1.49139319898641,3.80802106877965,6.46609461933798
76,-0.00180277879488162,0.593047265774472,0.0971601207416248,-0.0122469165497592,-0.00543394454492652,0.00613425912728327,0.0232454273598357,0.0130172129864459,0.0116058682061586,5.99908007763399,11.1416723208364,1.11352409584633,4.0034264247485,0.395897548805916,4.41716315475226,2.27008157040969,2.23257895694136,-0.0854973725987913,8.28874637027492,17.3156386668824,1.44064419875837,0.192675451662906,0.225401356542238,0.0167199267049159,1.08905473136571,3.76450376833942,0.729666670015023,0.381506793322869,0.653432838819424,0.272263682841427,0.173090729431669,0.442226277828908,-0.000773452406582667,-2.14092029833498e-05,0.995474876583102,1.00318820731114,0.992311182815122,0.591643373456809,0.0574841416010457,0.350872484942145,1.05472215998513,1.05160006456691,0.513922961611095,0.505432758248791,-0.0193557198598861,0.000508929494334324,0.963488779311366,0.0183679362132423,0.995443642184694,-0.000381573242691524,0.67,0.1,1.025,0.5,0.6,0.25,0.4,0.005,0.975,0.8,0.1,1.233287995354,0.747454121297941,0.493315198141598,0.290861553103747,0.380975037758439,0.54913240545116,-1.48732102833098,3.7735214440027,6.46981928715213
77,-0.00186182828368679,0.599844806435697,0.0966618120468057,-0.0106681560517126,-0.00556797585167512,0.00583025917794688,0.0230471385033214,0.012921494407473,0.0115241786525917,6.09136706268774,11.1881392890004,1.11247085230925,3.97632602616287,0.39130038146489,4.40824671927329,2.28882092318175,2.20384074204826,-0.0844149459567243,8.39922103921991,17.3073777165937,1.4359039009014,0.19357801061921,0.22363718439121,0.0165476130839868,1.08575942810608,3.75758721339257,0.727458816831073,0.380101510500115,0.651455656863647,0.27143985702652,0.17454495726879,0.442893291822041,-0.000796150982925741,-2.86982773161452e-05,0.995347552229636,1.00312886257489,0.992242960365745,0.589446565728393,0.056976973148073,0.353576461123534,1.05453321605065,1.05144066637575,0.519213435394802,0.499935888890442,-0.0191493242852442,0.000483950762352858,0.963675103184854,0.0183955048182501,0.995315150380219,-0.000386239255772544,0.67,0.1,1.025,0.5,0.6,0.25,0.4,0.005,0.975,0.8,0.1,1.23413869742737,0.751371400857594,0.493655478970946,0.290426327860249,0.379401963458479,0.547485570742158,-1.48156248555614,3.73883040496627,6.47334077587839
78,-0.00189346842121064,0.606610918916629,0.0963350987217981,-0.00902844394639091,-0.00566763759063893,0.00554820446602533,0.0228426946109626,0.0128230970335717,0.0114402961821269,6.18411367279167,11.2343711177439,1.11330806910401,3.94989720735749,0.387488241803758,4.39870861629145,2.30710663255166,2.17500716893437,-0.08340518519457,8.50964212882886,17.2994051881846,1.43379415551839,0.19438315640512,0.221831951367876,0.0164030298051995,1.08236122576276,3.75012029346532,0.725182021261047,0.378733203795438,0.649416735457654,0.270590306440689,0.175961332919593,0.443479764042048,-0.000828412631520928,-3.8507608381793e-05,0.995227572067924,1.00309706423668,0.992154804904401,0.587217674337532,0.0565696726284909,0.356212653033976,1.05433207587676,1.05127039151931,0.524496354226977,0.494464934748989,-0.018961288975966,0.000458085556815969,0.963870757680162,0.01845965665754,0.995193313743698,-0.000390741895809872,0.67,0.1,1.025,0.5,0.6,0.25,0.4,0.005,0.975,0.8,0.1,1.23494583516949,0.755222098078636,0.493978334067794,0.289961547292713,0.377767838166885,0.545694137334812,-1.47437984558114,3.70391979667181,6.47676777593748
79,-0.00190335281089979,0.613334797978771,0.0961704725329303,-0.00743207427588111,-0.0057329802556404,0.00528780916268556,0.0226315346784878,0.0127215575423385,0.0113537656188332,6.27774584043873,11.2817425352634,1.11609896723257,3.92406804218925,0.384400397962817,4.38857279921254,2.3249593661772,2.14609210071523,-0.0824786676798913,8.62046124808662,17.2930416919094,1.43430546559937,0.19509426768755,0.219994424980533,0.0162847680838799,1.07887209644273,3.74211860101731,0.722844304616628,0.377397669258745,0.647323257865637,0.269718024110682,0.177338226216858,0.443988893377555,-0.000869059670414732,-4.7230331701574e-05,0.995115720960694,1.00308713042505,0.99205312357963,0.584964560946146,0.0562563182412089,0.358779120812645,1.0541202125859,1.05109075335631,0.529775731781043,0.489018229593984,-0.018793961375027,0.000430172653040507,0.964075230851948,0.0185510501352849,0.995078684237989,-0.000395076719241401,0.67,0.1,1.025,0.5,0.6,0.25,0.4,0.005,0.975,0.8,0.1,1.23570614850149,0.759001353277588,0.494282459400596,0.289474473143728,0.376081628987412,0.543772634387574,-1.46612274422669,3.66875575717622,6.48019695491504
80,-0.00189660825430605,0.62000658069064,0.0961516340924145,-0.00596066194365052,-0.00576590549341394,0.0050492542939311,0.0224125992521576,0.0126161716743107,0.0112639265003865,6.37289224149015,11.3319473425808,1.12085684301749,3.89879677838844,0.381953706327891,4.37788357634324,2.34240873198088,2.11711649027813,-0.0816416459157735,8.73234043642712,17.2899631774546,1.43735921194909,0.195714446741143,0.218133143702218,0.0161903085194865,1.07530745874961,3.73361472189062,0.720455997362237,0.376095837875559,0.645184475249764,0.268826864687402,0.17867498378505,0.444425419867266,-0.000915620797145115,-5.35627749638488e-05,0.995012402988562,1.00309390870442,0.991943420605257,0.582696858241834,0.0560272551004683,0.361275886657698,1.05389859694209,1.05090282995657,0.535055053688168,0.483593602561382,-0.0186486562495501,0.000400419998762444,0.964288482065799,0.0186608548308561,0.994971766065275,-0.000399239448119753,0.67,0.1,1.025,0.5,0.6,0.25,0.4,0.005,0.975,0.8,0.1,1.23641647826292,0.762704335163617,0.494566591305169,0.288972009970039,0.374350986481014,0.541731275097745,-1.45717732859433,3.63330685644349,6.48371180720476
81,-0.00187798541328658,0.626616677265203,0.0962590472866302,-0.00465899569592132,-0.00576967318151711,0.00483014734024123,0.0221879789710016,0.0125078506297364,0.0111715272564595,6.46931783774914,11.3848080987026,1.12736220592562,3.87396399087954,0.380047027766332,4.36669321781495,2.35948499648361,2.08810433706044,-0.0808961157290948,8.84508583201112,17.289902389206,1.44262949266235,0.196254578442663,0.216259516498044,0.0161163746994871,1.07168508772889,3.72464893455484,0.718029008778358,0.374822437413818,0.643011052637336,0.267921271932223,0.179971580664289,0.444795454843715,-0.000966769377226524,-5.86287240240363e-05,0.994917718158488,1.00311262465965,0.991830522017466,0.580424917334143,0.0558711495640057,0.363703933101851,1.05367017702043,1.05070919888228,0.54033679005833,0.478188925327185,-0.0185257153855148,0.000369537466681676,0.9645079946751,0.0187823567690905,0.994872881032944,-0.000403225974334099,0.67,0.1,1.025,0.5,0.6,0.25,0.4,0.005,0.975,0.8,0.1,1.23707474874825,0.766327291541229,0.4948298994993,0.288456114206568,0.372588271177797,0.539599824420112,-1.44790498066306,3.59754427265283,6.48737828145197
82,-0.00185212231294433,0.63315432344789,0.0964726499428693,-0.0035419062145301,-0.00574819054267395,0.00462508355385527,0.0219635229084711,0.0123994460419766,0.0110790113878651,6.5656155577243,11.4377896882773,1.13514386482055,3.84935102966453,0.37856988063932,4.35504912532799,2.37621025908252,2.05907923954319,-0.0802403732977211,8.95733239949552,17.2901382547062,1.44953276214205,0.196734575359637,0.214388136356966,0.0160593899799032,1.06802374746071,3.71525786933991,0.715575910798675,0.373562131544299,0.640814248476426,0.267005936865177,0.181227992670937,0.44510607166295,-0.00102299248835257,-6.42287592055124e-05,0.994831801683518,1.00313861707549,0.991719174946938,0.578159346139012,0.0557765642112671,0.366064089649721,1.05344033600499,1.05051431305323,0.545621918536583,0.472802758427694,-0.0184246769642766,0.000337806113933123,0.964728283952048,0.0189108689395368,0.994782282452315,-0.000407032363664363,0.67,0.1,1.025,0.5,0.6,0.25,0.4,0.005,0.975,0.8,0.1,1.23767939682605,0.769867467568238,0.49507175873042,0.287923614639912,0.370811503417984,0.537432053354067,-1.43860372958419,3.56143899306283,6.49124108665307
83,-0.00182388561237413,0.639605745973463,0.0967734450687104,-0.00260532765555421,-0.00570547001142618,0.00442573164078852,0.0217488408508825,0.0122957679109661,0.0109905369266319,6.65905672416141,11.4858701948554,1.14348033058651,3.8246352425788,0.377407663584622,4.34298285744275,2.39259032548133,2.03006233854104,-0.0796698065796156,9.06638692144364,17.2853597132567,1.45723397136541,0.197183406250737,0.212536771299479,0.0160157837738935,1.06434230959929,3.70546422808796,0.713109347431521,0.372288297054954,0.638605385759571,0.266085577399821,0.182443534449835,0.445364513413594,-0.00108675640477734,-7.23420814842419e-05,0.994755073891767,1.00316699495956,0.991614635339816,0.57591107124464,0.0557328984175553,0.368356030337804,1.05321695866689,1.05032457655185,0.550909456476682,0.46743503374922,-0.0183444902259018,0.000304815901885078,0.964940887150016,0.0190431871256731,0.994700340720873,-0.000410654859663828,0.67,0.1,1.025,0.5,0.6,0.25,0.4,0.005,0.975,0.8,0.1,1.23822823181776,0.773321673519988,0.495291292727103,0.287366783867977,0.369044427015705,0.53530657844778,-1.42949333054102,3.52495800116107,6.49532009367997
84,-0.00179878299132804,0.645951921556639,0.0971442199278178,-0.00183557041682691,-0.00564531098625798,0.00422068769834016,0.021557602021584,0.0122037515388322,0.0109121250338689,6.74536408786869,11.5212700528139,1.15137381902157,3.79937746914604,0.376442368016592,4.3305003687556,2.40860663429019,2.00107143353604,-0.0791776990706254,9.16799450368446,17.2673813908854,1.46462061120485,0.197639976849376,0.21072683222653,0.0159821232373101,1.0606595232773,3.69526733239404,0.710641880595792,0.370961453113289,0.636395713966381,0.265164880819325,0.18361619532379,0.44557748375861,-0.0011626776048149,-8.51333044874226e-05,0.994688466868488,1.00319222309372,0.991523303281795,0.573691821237341,0.0557308444530706,0.370577334309588,1.05301070354512,1.0501485804159,0.556195919452679,0.462087810446501,-0.01828372989918,0.000269390335958124,0.965134109509536,0.0191770545408395,0.994627751522536,-0.000414089887366291,0.67,0.1,1.025,0.5,0.6,0.25,0.4,0.005,0.975,0.8,0.1,1.23871712004378,0.776684392671987,0.495486848017513,0.286773390824325,0.367317128161307,0.533329911333065,-1.42071594011641,3.48805989463145,6.49960591566559
85,-0.0017826368476399,0.652167302262487,0.0975695890167123,-0.00121681263043705,-0.00557115601443647,0.00399728653365905,0.0214055217590313,0.0121314435108781,0.0108507812642226,6.81924108414483,11.5346382423339,1.15766545523093,3.77309332881482,0.375559045971893,4.31757893641731,2.42421291369555,1.97212202091841,-0.0787559981966515,9.25685970675557,17.2263997717038,1.47042374947793,0.198147911875213,0.208981095730263,0.0159552464717571,1.05699346750076,3.68463910805156,0.708185623225512,0.369534855031848,0.634196080500459,0.264248366875191,0.184742202960024,0.445750707131948,-0.00125625213470547,-0.000103512340970369,0.994633677384427,1.00320844996812,0.991452651157427,0.571514497399045,0.0557624346283177,0.372723067972637,1.05283352228225,1.0499959301646,0.561475064937005,0.456765712905497,-0.0182407778425017,0.00022950385746362,0.965294715698737,0.0193106376717814,0.994565769380208,-0.000417334056814126,0.67,0.1,1.025,0.5,0.6,0.25,0.4,0.005,0.975,0.8,0.1,1.23913851083123,0.77994645658256,0.495655404332492,0.286128942864603,0.365661932779191,0.531622346191246,-1.41234863078695,3.45069465410503,6.50405923862358
86,-0.00178050503002712,0.658220901830133,0.0980355413184414,-0.00073669200477311,-0.00548608219665758,0.00374527454561879,0.0213060087913117,0.0120857704107855,0.0108125521759105,6.87580769142309,11.5178631206562,1.16131709547665,3.74540372470135,0.374658700368429,4.30417557740043,2.43934089706571,1.94323070415843,-0.0783960238237125,9.32807650472715,17.1539531747502,1.47351219956122,0.198744080016814,0.207318739709658,0.0159324275398534,1.05336049458163,3.67353057795617,0.70575153136969,0.367968194324542,0.632016296748977,0.263340123645407,0.185816163778462,0.445888416894289,-0.00137129730471778,-0.000125836197472341,0.994593155903074,1.00321059244482,0.991410141991475,0.569392928863636,0.0558207440040394,0.374786327132324,1.05269544039772,1.04987467544014,0.566738241319371,0.45147570521091,-0.0182139465302812,0.000182765542824758,0.965411552641331,0.0194420390672048,0.994516313354115,-0.000420384166403762,0.67,0.1,1.025,0.5,0.6,0.25,0.4,0.005,0.975,0.8,0.1,1.23948067422999,0.783094405095913,0.495792269691997,0.285421268098835,0.36410487240053,0.530286367535079,-1.40442455976652,3.41281144470239,6.5086176321594
87,-0.00179525372338859,0.664080290627976,0.0985287865283555,-0.00038873523041727,-0.00539289173631174,0.00346095920067802,0.0212650160093443,0.0120698715723225,0.0108001951322867,6.91248660427953,11.467523772762,1.16176790185833,3.71620551647173,0.37367326266425,4.29024730768417,2.4539160943488,1.91442029068173,-0.0780890773463691,9.37901564679613,17.0465435192041,1.47326362177275,0.199444917881378,0.205749591029665,0.0159115345965457,1.04977398845846,3.66189005685138,0.70334857226717,0.366244661402591,0.629864393075077,0.262443497114616,0.186831969713582,0.445992920526065,-0.00150714224229194,-0.000147636162963576,0.994569699357097,1.00319577000799,0.991401408470026,0.567340775081749,0.0558993981168614,0.376759826801389,1.05260078928347,1.04978829837576,0.571975440659016,0.446226092200525,-0.0182015328595408,0.000127422596631767,0.965479789155045,0.0195689983949448,0.994481801373968,-0.000423237206045277,0.67,0.1,1.025,0.5,0.6,0.25,0.4,0.005,0.975,0.8,0.1,1.23972857788306,0.786111170066705,0.495891431153224,0.284645901969848,0.36265609677009,0.529368854356428,-1.39695739090283,3.37437458184788,6.51321059143176
88,-0.00182692284436472,0.669716922975003,0.0990362117541987,-0.00017148810318135,-0.00529424269432888,0.00314869820683983,0.0212788387309823,0.0120819281589703,0.0108121473079114,6.92999076220196,11.3864289840444,1.15910454760816,3.68572989934071,0.372570459437314,4.27577439085441,2.46787700285557,1.88572423795465,-0.0778268499558095,9.41032434010462,16.9072362083864,1.46973919375678,0.200240774039266,0.204272013236472,0.0158910366671123,1.04624399598528,3.64968577256252,0.700983477310135,0.364379242488364,0.627746397591165,0.261560998996319,0.187784198992185,0.446064551120383,-0.00165777929928014,-0.000163554951743374,0.994565705514876,1.00316394254141,0.991428881499912,0.565370022738137,0.0559921052913703,0.378637871970493,1.05254670638283,1.04973452461062,0.577176618142948,0.441025195807357,-0.0182018139503048,6.34855094854205e-05,0.96550264794331,0.0196888607909606,0.99446467529036,-0.000425890360132997,0.67,0.1,1.025,0.5,0.6,0.25,0.4,0.005,0.975,0.8,0.1,1.23986672288568,0.788978073085753,0.495946689154271,0.283808522369697,0.361306763749456,0.528845075631713,-1.38996113024892,3.33538065711712,6.51777644431694
89,-0.00187340756999511,0.675110330893868,0.0995445610882391,-8.64476420407989e-05,-0.00519275764916027,0.00281868879123315,0.0213362901690261,0.0121162504165833,0.0108434648660837,6.93174404385793,11.2821697979186,1.15392512191309,3.65444449295199,0.371343885543885,4.26077545979808,2.48118886992878,1.85718815138108,-0.0776015615117869,9.42536585062236,16.7441194644161,1.46353726081297,0.20110234073788,0.20287594443569,0.01586981486779,1.04277816654934,3.63692219647642,0.698661371588055,0.3624123862973,0.625666899929601,0.260694541637334,0.18866940390223,0.446102449316763,-0.00181363660794458,-0.000169962031739009,0.994582500244102,1.00311722539215,0.991491796838882,0.563489839358627,0.0560923487366369,0.380417811904736,1.052524923326,1.04970677385597,0.582332698200053,0.435880315427158,-0.0182130136272107,-6.89939491858653e-06,0.965489484253672,0.0197986809038569,0.994466816939935,-0.000428341010324157,0.67,0.1,1.025,0.5,0.6,0.25,0.4,0.005,0.975,0.8,0.1,1.23988282092767,0.791677894005193,0.495953128371068,0.282922987274102,0.360034787258287,0.528635448826565,-1.38346072609901,3.29586803817964,6.52227312255853
90,-0.00193173784147395,0.680249985617726,0.100040352744659,-0.000135844299603005,-0.00509108778235223,0.0024832123823586,0.0214229041772562,0.0121654304188847,0.0108876969959547,6.92246260308866,11.1642481488192,1.14704951714793,3.6228922517524,0.369997120145656,4.2453104237415,2.49384844564281,1.82886785975585,-0.0774058816571671,9.4288168643485,16.5672755828197,1.45548766430669,0.201992640189595,0.201548038332861,0.0158469086702736,1.0393831755161,3.62364487000565,0.696386727595788,0.360395877865482,0.62362990530966,0.259845793879025,0.189486824572564,0.446106011755152,-0.00196435157381475,-0.000165972701317076,0.994620086766231,1.00305860346932,0.991587214671305,0.56170613211318,0.0561932795954408,0.382100588291379,1.05252499394074,1.04969675701379,0.587436063967478,0.43079720378705,-0.018233267754528,-8.0110719818781e-05,0.965452228177304,0.0198953896564675,0.994489136243606,-0.000430586738122888,0.67,0.1,1.025,0.5,0.6,0.25,0.4,0.005,0.975,0.8,0.1,1.23977056290258,0.794198222613075,0.495908225161032,0.282007186346164,0.358814025359884,0.528637344142378,-1.37749357600135,3.25591578086484,6.52668046598523
91,-0.00199914494627463,0.685135011758651,0.100510082506111,-0.000319965680464329,-0.00499192945106819,0.00215344436419063,0.0215247146140697,0.0122222923843608,0.010938587868887,6.90681138481495,11.0415432672454,1.13925788538958,3.59155925856534,0.36853119069491,4.22947343194464,2.50588105315577,1.80082513256407,-0.0772327537752052,9.42533157553298,16.3861157173519,1.44637765134003,0.20287757230614,0.200275897341101,0.0158213290307376,1.03606572949567,3.60993500970987,0.694164038762102,0.358379571620538,0.621639437697405,0.259016432373919,0.190238434743882,0.446076200398151,-0.00210101546264392,-0.000152945977089667,0.994677283534436,1.00299085932899,0.991711214795996,0.560021699279357,0.0562878271997807,0.383690473520862,1.0525370859792,1.04969670626543,0.59248062281919,0.425779984563251,-0.0182606073824408,-0.000152127199670797,0.965402249173355,0.019976061069392,0.994531447779808,-0.000432625327266983,0.67,0.1,1.025,0.5,0.6,0.25,0.4,0.005,0.975,0.8,0.1,1.23953061043056,0.796533778909224,0.495812244172225,0.281079050619301,0.357621673586611,0.528753217259925,-1.37210401639923,3.21563456359172,6.53099627457788
92,-0.00207354323341975,0.689772750344067,0.100940616138264,-0.000635476943762314,-0.00489798349877779,0.00183794874690735,0.0216301952632661,0.012280900535767,0.0109909582364115,6.88869157545209,10.9210845991974,1.13116110521857,3.56081512840272,0.366939596410242,4.21338155366311,2.51733403722399,1.77312276237317,-0.0770752459340519,9.41882817204008,16.208090658943,1.43681745635083,0.203731092512253,0.199049949256931,0.0157920006560708,1.03283276912803,3.59589903338791,0.691997955315777,0.356404180119508,0.619699661476815,0.258208192282006,0.190928533148254,0.446016175028509,-0.00221714120161681,-0.000133228618608303,0.994752059103739,1.00291608905041,0.991859707870073,0.558436664804929,0.056368941019607,0.385194394175464,1.05255333183862,1.04970044042714,0.597461683724187,0.420831282377363,-0.0182929661015492,-0.000219417080135098,0.965348790302314,0.0200381446611739,0.994592589708544,-0.00043445476591508,0.67,0.1,1.025,0.5,0.6,0.25,0.4,0.005,0.975,0.8,0.1,1.23916998816241,0.798687126290875,0.495667995264962,0.280154290118343,0.356441404732017,0.528904614378809,-1.36733535418454,3.17515463099571,6.53523019880007
93,-0.0021535166568171,0.694177108908818,0.101319635590891,-0.00107506921007072,-0.00481187677234718,0.00154262959498963,0.021730515332052,0.0123366987549845,0.0110408297118892,6.87112323698207,10.8079654232287,1.1231894222174,3.53091331801073,0.365209377366787,4.19716388645524,2.5282700701146,1.74582030875629,-0.0769264924156518,9.41236568953804,16.0386006047595,1.4272301117925,0.204535556927308,0.197863384112276,0.015757804623963,1.02969106201633,3.58165782811171,0.689893011550943,0.354500000374388,0.6178146372098,0.257422765504083,0.191563174485933,0.445931182202533,-0.0023085788662652,-0.000109111055487328,0.994841859735327,1.0028357157599,0.992028748179841,0.556948935197672,0.056429863156963,0.386621201645365,1.05256791892179,1.04970342107459,0.602375827704426,0.415952380222814,-0.0183282079272394,-0.000279338470197714,0.965298808731481,0.0200796050791971,0.99467065463167,-0.000436073248632102,0.67,0.1,1.025,0.5,0.6,0.25,0.4,0.005,0.975,0.8,0.1,1.23870065629282,0.800667985915555,0.495480262517128,0.279245841517137,0.355263062029286,0.529033472703657,-1.36322308990323,3.1346146808534,6.53939840690294
94,-0.00223784091315708,0.698367522082341,0.101636134849863,-0.00162709707888598,-0.00473607288182176,0.00127185653245121,0.0218183717885229,0.0123859191943029,0.01108491178036,6.85660232344201,10.7060960129114,1.11567134148797,3.50203797027937,0.363327172962196,4.18095443021839,2.53876305419131,1.71897112838615,-0.0767797523590678,9.40849370059382,15.8817906240764,1.41793646269016,0.205278013529485,0.196710575330551,0.0157177005990645,1.02664633545549,3.56733926216045,0.68785304475518,0.352690618460835,0.615987801273295,0.256661583863873,0.192149690568988,0.445827981924168,-0.00237263321536143,-8.20282852961717e-05,0.994943837009118,1.00275096988228,0.992214285393237,0.555554426875069,0.0564644046463129,0.387981168478618,1.05257614597832,1.04970198692315,0.607220934014988,0.41114323465524,-0.0183641686702281,-0.000330128043019726,0.965257992521151,0.0200990702350745,0.994763220894822,-0.00043747917817101,0.67,0.1,1.025,0.5,0.6,0.25,0.4,0.005,0.975,0.8,0.1,1.23813799599128,0.802491997826208,0.49525519839651,0.27836476267692,0.354079754952229,0.52909272461454,-1.35979034650251,3.09415431725594,6.54352133673526
95,-0.00232492633277225,0.702368660602894,0.101880969438919,-0.00227509691856076,-0.00467277303002744,0.00102972885108765,0.0218865846745577,0.0124248676143708,0.0111199808277746,6.8475394562296,10.6190501595365,1.10892468246082,3.47435493596369,0.361285963980306,4.1648887913525,2.54889678909421,1.69262056591874,-0.0766285636604547,9.4096857172433,15.7414445062747,1.40925294855003,0.205945883211394,0.195585364049367,0.0156708657693537,1.02370236654243,3.55307452149271,0.685880585583425,0.350997753826946,0.614221419925456,0.255925591635606,0.192696411291904,0.44571406638988,-0.00240715006567352,-5.25211709354887e-05,0.995054909250772,1.00266344903556,0.992411671341854,0.554247030648872,0.0564672247911493,0.389285744559979,1.05257333484031,1.04969247769009,0.611996362156525,0.40640234366716,-0.0183987058236843,-0.000370570779306016,0.965231958752248,0.0200959949127613,0.99486749575303,-0.000438671167049089,0.67,0.1,1.025,0.5,0.6,0.25,0.4,0.005,0.975,0.8,0.1,1.23749979279176,0.804179439388373,0.494999917116703,0.277521444117615,0.352884820727664,0.529035255180434,-1.35704497509617,3.05391002986005,6.547624270124
96,-0.00241238007643609,0.706210722760732,0.102047406410778,-0.00299771833072038,-0.00462380611221624,0.000821051299370046,0.0219269654379465,0.0124493454642731,0.0111423773818815,6.84662438273325,10.5507316064873,1.10332941460346,3.44804937320706,0.359090409850406,4.14910367860081,2.55876572349447,1.66680491414951,-0.0764669590431703,9.41870106183499,15.621686298372,1.40156968375408,0.206523532653188,0.194479769462896,0.0156168183433875,1.02086024528986,3.53899739845887,0.683976364344208,0.349445205855442,0.612516147173918,0.255215061322466,0.193212577045913,0.445596999409404,-0.00240986703198097,-2.04933248284084e-05,0.995171722750125,1.00257555802318,0.992615184747118,0.553018390387754,0.0564340924365336,0.390547517175713,1.05255397022382,1.04967054301752,0.616703250075774,0.40172650366539,-0.018429753741164,-0.000399649022687085,0.965227208062485,0.0200707834381452,0.994980363100372,-0.000439648038917227,0.67,0.1,1.025,0.5,0.6,0.25,0.4,0.005,0.975,0.8,0.1,1.23680582098659,0.805754396516487,0.494722328394636,0.276726667677882,0.351669624090683,0.528805135279532,-1.35497809465379,3.01401353575387,6.55173982924911
97,-0.00249643240128303,0.709930536424089,0.102131704197346,-0.00376824582574309,-0.00459051871784433,0.00065258743980956,0.0219288002792106,0.0124538722986453,0.011147328783154,6.85732661073722,10.5062406596803,1.09942289302111,3.42337220769695,0.356763229503703,4.13373971393165,2.56847854478077,1.64155091115517,-0.0762897420042856,9.43908450000036,15.527891378814,1.39545194212043,0.206987798819088,0.193382376298958,0.0155555615999038,1.0181175523215,3.52524679648156,0.682138760055402,0.348063772230059,0.610870531392897,0.254529388080374,0.193708454336718,0.445483984038083,-0.0023776139428083,1.49439165325256e-05,0.995290567301167,1.00249108543671,0.99281737439849,0.551857423869202,0.0563621391737189,0.391780436957079,1.05251057107023,1.0496302380733,0.621345010215424,0.397110370936701,-0.0184553811521252,-0.000416288623419708,0.965252388612086,0.0200249415689203,0.995098361320829,-0.00044040882972083,0.67,0.1,1.025,0.5,0.6,0.25,0.4,0.005,0.975,0.8,0.1,1.23607788996072,0.807244706277012,0.494431155984288,0.275993101538581,0.350420902092988,0.528326019611245,-1.35356363549556,2.974592422162,6.55591321692808
98,-0.0025725822181892,0.713571302522194,0.102133674702672,-0.00455445363643225,-0.00457365916053076,0.000531226865563728,0.021881006657997,0.0124327744822715,0.011129893943635,6.88333633468669,10.4908663365443,1.09779151016038,3.40057349706614,0.354339327136779,4.11893870332286,2.57815678159819,1.6168746065102,-0.076092684785533,9.47461184847434,15.4656123205952,1.39152568581458,0.207314044938395,0.192280470212179,0.0154875333029576,1.01546877427334,3.51196512805763,0.680364078763137,0.346885270211202,0.609281264564003,0.253867193568335,0.19419531274893,0.445381489025498,-0.00230768929877671,5.33039583981085e-05,0.995407186310605,1.00241455487072,0.993009510360692,0.550750266449347,0.0562501485559476,0.392999584994706,1.05243521225205,1.04956521708103,0.625927445707876,0.392546411337908,-0.0184738570457839,-0.000419041918127423,0.965316513992492,0.0199611867278926,0.995217571652671,-0.000440952788651224,0.67,0.1,1.025,0.5,0.6,0.25,0.4,0.005,0.975,0.8,0.1,1.23534044413524,0.808681386387419,0.494136177654096,0.275333198232418,0.349124606787391,0.527517210841806,-1.35275526801231,2.93576727058907,6.56020230055184
99,-0.00263764872346235,0.717178577024091,0.102057055036451,-0.00532002428848932,-0.00457326505946565,0.000458856421268194,0.0217783841571464,0.0123833624799455,0.0110877255198725,6.92677927897728,10.5070215916612,1.09873759567593,3.37972045082281,0.351846900590412,4.10482713126071,2.5879208235533,1.59277885277242,-0.0758725450650089,9.5275091731587,15.4373345641938,1.39012527873013,0.207493754833778,0.191166109632586,0.0154133275287937,1.01290726201192,3.4992841896861,0.678647865547986,0.345923333187777,0.607744357207152,0.25322681550298,0.194684684205656,0.445295424852794,-0.00220141563254255,9.0543997249342e-05,0.995516951889905,1.00234916303292,0.993183801219186,0.549681405958039,0.0560988655003736,0.394219728541588,1.0523239704115,1.04947224438354,0.630457931795651,0.38802580518981,-0.0184837369854614,-0.000406622671244301,0.965423815197448,0.0198833813104435,0.995333658455054,-0.00044127937888662,0.67,0.1,1.025,0.5,0.6,0.25,0.4,0.005,0.975,0.8,0.1,1.23462037862673,0.81009730368574,0.493848151450691,0.274752927555924,0.347776198285992,0.52634036252168,-1.35247913461822,2.89764004295609,6.56466593675383
100,-0.0026908834024159,0.720794345025051,0.101909575213471,-0.00602703044720543,-0.00458858899270975,0.000429933371198343,0.0216248517049296,0.012307589310258,0.0110225147895587,6.98720734018314,10.5526482107277,1.10210674590122,3.36061798566325,0.349298771026803,4.09149503303763,2.59787108292683,1.56925100463427,-0.075627054523458,9.5974345304696,15.4408021917428,1.39111201516566,0.207543098469167,0.190039051996884,0.0153335527610942,1.01042644597034,3.48730474593348,0.676985718800126,0.345162272857403,0.606255867582202,0.252606611492584,0.19518699110954,0.445231657520803,-0.00206558047805224,0.000121163376504665,0.995615660815036,1.00229566218057,0.993335298537556,0.548635457956956,0.0559112064674414,0.395453335575603,1.05217920356864,1.0493530054156,0.634944210355817,0.383539755508199,-0.0184839658640158,-0.00037930498330076,0.965571111871347,0.0197963100292335,0.995442313223227,-0.000441388278121885,0.67,0.1,1.025,0.5,0.6,0.25,0.4,0.005,0.975,0.8,0.1,1.23394452360248,0.811525487577463,0.493577809440993,0.274248289920615,0.346384925073134,0.524823233990623,-1.35262784156693,2.86027995798512,6.56934927390482
101,-0.00275406103188863,0.724323183152764,0.101794063834949,-0.00574631983534457,-0.00461808495730587,0.000255068776046752,0.0216566678890629,0.0123274738668661,0.0110408559033233,6.98816127738943,10.4941078054372,1.09450336050571,3.33816825210942,0.346546451029921,4.0783300296071,2.60751596667658,1.54616818447507,-0.0753541215445563,9.60807677804266,15.3372973150959,1.38094247688918,0.208078927834681,0.189070131840188,0.0152467868981103,1.00804034578803,3.47554211066828,0.675387031677982,0.343958063104511,0.60482420747282,0.252010086447008,0.195679393858037,0.445169972912006,-0.00203628853399871,1.58298814246482e-05,0.99570029427385,1.00223216866295,0.993482673383139,0.547609964064223,0.0557434436386079,0.396646592297169,1.05215695870216,1.0493289413706,0.639358744325992,0.379117965748355,-0.0184767100743477,-0.00033948021789052,0.965571111871347,0.0197963100292335,0.995539877967287,-0.000441388278121885,0.67,0.1,1.025,0.5,0.6,0.25,0.4,0.005,0.975,0.8,0.1,1.233335906939,0.812932565375667,0.4933343627756,0.273517133188923,0.345264228643608,0.524595274169878,-1.35180241165377,2.82348438841361,6.57390235366757
102,-0.0028154445290978,0.727763226707457,0.101703586484335,-0.00552588939438015,-0.0046411872330101,8.60916227649611e-05,0.0216885185062184,0.0123473849991978,0.0110592230097003,6.98844705909594,10.436459809698,1.08727905397629,3.31623449179468,0.343940816619613,4.06534587663835,2.61689554325526,1.52351591460514,-0.0750655812220569,9.61778547237921,15.2356443253114,1.37132002332951,0.208595518206531,0.188120366195453,0.0151657339556674,1.00570190891497,3.46393489456736,0.673820278973031,0.342721520702059,0.603421145348983,0.251425477228743,0.196152648178533,0.445134021991146,-0.00201016327800309,1.31728328276407e-05,0.995795872732387,1.00217047824826,0.993639200461171,0.546607346353194,0.0555919275228051,0.397800726124001,1.05213470155465,1.04930485958666,0.643707970407474,0.374756776135599,-0.0184647465430737,-0.000339880206309394,0.965571111871347,0.0197963100292335,0.995637882220454,-0.000441388278121885,0.67,0.1,1.025,0.5,0.6,0.25,0.4,0.005,0.975,0.8,0.1,1.2327318384368,0.814357920655387,0.493092735374718,0.272804607277668,0.344159966840069,0.524371889008339,-1.35029642912207,2.78722180513964,6.57840816117449
103,-0.00287502820455563,0.731113613002084,0.101632714766687,-0.00535288170705228,-0.00465928270313298,-7.70562655549867e-05,0.0217200875331244,0.0123671168213303,0.0110774232655234,6.98819535050559,10.3799628509505,1.08040079997781,3.2948454854183,0.341461585968109,4.05254601999816,2.62602199829714,1.50129333122122,-0.0747693095202038,9.62670418037598,15.1360990692757,1.36218255644306,0.209092903518782,0.187189971835611,0.0150894800173367,1.00340731319868,3.45248761943447,0.672282899843114,0.341512228575779,0.602044387919207,0.250851828299669,0.196606071945527,0.445090329693229,-0.00198598735552107,1.17025269642833e-05,0.995892334704577,1.00211059665442,0.993794834651381,0.545629247675222,0.0554537816973376,0.39891697062744,1.05211274798038,1.04928113030356,0.647993134536529,0.370456824861273,-0.0184499593978016,-0.000340801575465168,0.965571111871347,0.0197963100292335,0.995736475548713,-0.000441388278121885,0.67,0.1,1.025,0.5,0.6,0.25,0.4,0.005,0.975,0.8,0.1,1.23212401590921,0.815737667270657,0.492849606363683,0.272109125031255,0.343071733476856,0.524151437302626,-1.3483175940694,2.75148983969944,6.58287862300462
104,-0.00293282200635709,0.734374250727651,0.101577198516771,-0.00521714809371265,-0.00467345704666267,-0.000234476267894856,0.0217513637197078,0.0123866640916412,0.0110954524128982,6.98744639081705,10.3246461813065,1.07382285745566,3.2740037966826,0.339093095567292,4.03993736061168,2.63490684955471,1.47950132953442,-0.0744708184774504,9.6348849010874,15.0386911140825,1.35346241845028,0.209571924323306,0.186279270443949,0.015017283904785,1.00115828336742,3.44120540200233,0.670776049856168,0.340331132001809,0.600694970020449,0.250289570841854,0.197040263607671,0.445036585971275,-0.00196301141109651,1.09597384598839e-05,0.995989600461339,1.00205251388361,0.993949505302098,0.544676712672084,0.0553267345705546,0.399996552757361,1.05209109810418,1.04925775118523,0.65221477820162,0.366218878520046,-0.018433656721666,-0.000341857886747055,0.965571111871347,0.0197963100292335,0.995835696633266,-0.000441388278121885,0.67,0.1,1.025,0.5,0.6,0.25,0.4,0.005,0.975,0.8,0.1,1.23151226085188,0.817065564980752,0.492604904340752,0.271429066279603,0.341999696535761,0.523934326130137,-1.3460186843755,2.71629261011776,6.58732389414629
105,-0.00298884749696966,0.737545638821372,0.101533709627543,-0.00511069099858141,-0.00468456029664577,-0.000386300203995882,0.0217823284123183,0.0124060145142499,0.0111132989360375,6.9862358403673,10.2705212095216,1.06750830485076,3.25370555629029,0.336822886002659,4.02752639937588,2.64356105708579,1.45813924987259,-0.0741739075824976,9.64237441565827,14.943427914347,1.34510585171559,0.210033398175713,0.185388429389984,0.0149485684446677,0.998956041160007,3.43009347111137,0.669300547577204,0.339178718885767,0.599373624696004,0.249739010290002,0.197455879970529,0.444974016849687,-0.00194069643149332,1.0739361119588e-05,0.996087569241174,1.00199620826555,0.994103132351569,0.543750328577939,0.0552089879717135,0.401040683450347,1.05206976078165,1.04923473082195,0.6563733654315,0.362043374828224,-0.0184167402597239,-0.000342823387246066,0.965571111871347,0.0197963100292335,0.995935518557158,-0.000441388278121885,0.67,0.1,1.025,0.5,0.6,0.25,0.4,0.005,0.975,0.8,0.1,1.23089681495479,0.818342524984619,0.492358725981915,0.27076331216806,0.340944031932499,0.523720926188072,-1.34351145180384,2.68163378160348,6.59175282253648
106,-0.00304313474252399,0.74062872427301,0.101499641744443,-0.00502721606595014,-0.0046932580744915,-0.000532680647918338,0.0218129647507168,0.0124251578234382,0.0111309534731234,6.9846006368363,10.2175964391284,1.06142838378084,3.233945185427,0.334641022521916,4.0153190764046,2.6519949990285,1.43720521774804,-0.073881140371941,9.64922014971995,14.8503111230842,1.33707114680164,0.210478125524335,0.18451749729044,0.0148828808708276,0.996801394327441,3.41915690323941,0.667856934199386,0.338055199080585,0.598080836596465,0.24920034858186,0.19785361166919,0.444903717689721,-0.00191866343127369,1.088489986661e-05,0.996186114675687,1.00194164958376,0.994255618667547,0.542850334671262,0.055099114489984,0.402050550838754,1.05204874165813,1.0492120737476,0.660469304828705,0.357930513210463,-0.0183998180391684,-0.000343541920473209,0.965571111871347,0.0197963100292335,0.99603586829095,-0.000441388278121885,0.67,0.1,1.025,0.5,0.6,0.25,0.4,0.005,0.975,0.8,0.1,1.23027820293014,0.819569758502855,0.492111281172056,0.270111071812833,0.339904915785269,0.523511595955379,-1.34087709132551,2.64751649940195,6.59617302723734
107,-0.00309571991226521,0.743624790577404,0.101472953577251,-0.00496177435702794,-0.00470007165111141,-0.00067378360642445,0.0218432559121962,0.0124440837846852,0.0111484066930813,6.98257681220487,10.1658750631353,1.05556032901195,3.21471565628362,0.332539518052753,4.00332067834495,2.66021846743116,1.41669640593489,-0.0735941950210915,9.65546799380481,14.7593346931211,1.32932551695331,0.210906880286672,0.183666428749875,0.014819864909705,0.994694816113014,3.40840044281556,0.66644552679572,0.336960570102507,0.596816889667809,0.248673704028254,0.198234166117886,0.444826665813113,-0.00189665413841218,1.12779351500755e-05,0.996285094792878,1.00188880148817,0.994406857640317,0.541976707287211,0.0549959772585063,0.403027315454283,1.05202804617955,1.04918978429962,0.66450296671091,0.353880320798779,-0.0183832875096887,-0.00034390989914877,0.965571111871347,0.0197963100292335,0.996136641520554,-0.000441388278121885,0.67,0.1,1.025,0.5,0.6,0.25,0.4,0.005,0.975,0.8,0.1,1.22965713809274,0.820748677631612,0.491862855237097,0.269471798638014,0.338882513363337,0.52330666483224,-1.33817414817751,2.61394334274247,6.60059099079332
108,-0.00314664343048601,0.74653537031565,0.101452046291591,-0.00491047780369713,-0.00470540928454988,-0.00080978301438106,0.0218731855749347,0.0124627824733714,0.0111656495491959,6.98019912749303,10.1153558234472,1.04988600397984,3.19600881266807,0.330511896703713,3.99153578835044,2.66824067569076,1.39660923345493,-0.0733141207952459,9.66116195485882,14.6704862489689,1.32184301860702,0.211320406420887,0.182835104590311,0.0147592387187138,0.992636509190106,3.3978283835441,0.665066461157371,0.335894665913003,0.595581905514064,0.248159127297527,0.198598254745855,0.444743735965803,-0.00187450070773151,1.1829446760176e-05,0.996384359467837,1.00183762335236,0.994556738779408,0.541129225780076,0.0548986672635731,0.40397210695635,1.05200767941636,1.04916786644977,0.668474696756502,0.349892699825804,-0.0183673965823061,-0.000343863197094923,0.965571111871347,0.0197963100292335,0.996237713885682,-0.000441388278121885,0.67,0.1,1.025,0.5,0.6,0.25,0.4,0.005,0.975,0.8,0.1,1.22903445142633,0.821880827679697,0.491613780570532,0.26884511873218,0.337876972596964,0.523106429335034,-1.33544445520432,2.58091628934219,6.60501215243324
109,-0.00319594855807486,0.749362176736696,0.101435667543244,-0.0048702736627374,-0.00470959074168187,-0.000940856624626951,0.0219027382520091,0.0124812444761927,0.011182673462559,6.97750082451968,10.0660337219258,1.04439084427326,3.17781562783651,0.328552855941724,3.97996826720579,2.67607027402791,1.3769395179747,-0.0730415247968261,9.6663439309276,14.5837482026175,1.3146029532887,0.211719415889068,0.182023347791259,0.0147007778705385,0.990626457023583,3.38744449541847,0.6637197262058,0.334857195189456,0.59437587421415,0.247656614255896,0.198946583509065,0.444655713295043,-0.00185210242683024,1.24730842361787e-05,0.996483755948632,1.00178807169913,0.994705151817683,0.540307523639382,0.0548064543389979,0.404886022021621,1.05198764593614,1.04914632368043,0.672384826807277,0.345967461425797,-0.0183522882330738,-0.000343367056871024,0.965571111871347,0.0197963100292335,0.996338949436146,-0.000441388278121885,0.67,0.1,1.025,0.5,0.6,0.25,0.4,0.005,0.975,0.8,0.1,1.22841103846777,0.822967835613224,0.491364415387107,0.268230777703824,0.336888419700681,0.522911151222115,-1.332717572734,2.54843669157144,6.60944099938578
110,-0.00324368030794503,0.752107050301259,0.101422836350724,-0.00483876619835077,-0.00471286649135116,-0.00106718296644481,0.0219318995180425,0.0124994610279256,0.0111994704466589,6.97451346940627,10.0179006174878,1.03906304067967,3.16012641239251,0.326658005186377,3.96862125698223,2.68371537039389,1.35768259384121,-0.0727767072528765,9.67105358149829,14.4990986722391,1.3075886408471,0.212104587641521,0.18123093608202,0.0146443022339342,0.988664465272963,3.37725198566812,0.662405191732885,0.333847771392312,0.593198679163778,0.247166116318241,0.199279845943384,0.444563304168466,-0.0018294078496681,1.3159934726722e-05,0.996583132895749,1.00174010129052,0.994851989664662,0.539511128038131,0.0547187488484059,0.405770123113463,1.05196794972192,1.04912515890572,0.676233683344027,0.342104349575069,-0.0183380329190952,-0.000342408329791377,0.965571111871347,0.0197963100292335,0.996440206935611,-0.000441388278121885,0.67,0.1,1.025,0.5,0.6,0.25,0.4,0.005,0.975,0.8,0.1,1.22778781995034,0.824011370785008,0.491115127980136,0.267628601569548,0.335916956413939,0.522721056971982,-1.3300140954337,2.51650526427187,6.61388115468388
111,-0.00328988461975876,0.754771917006694,0.101412784271995,-0.00481407598603267,-0.0047154327298552,-0.00118893912141205,0.0219606561541764,0.0125174240989827,0.0112160331871567,6.97126686538144,9.97094573000713,1.03389290796824,3.14293098237609,0.324823663590357,3.95749720064417,2.69118355487522,1.33883340470226,-0.0725197589333208,9.6753282694311,14.4165122434259,1.30078647848754,0.21247656735914,0.180457611922465,0.0145896658622661,0.986750195295726,3.36725348460549,0.661122630848136,0.332865936395369,0.592050117177435,0.246687548823931,0.199598718184703,0.444467145266108,-0.00180640113876149,1.38544587192293e-05,0.996682343278606,1.00169366595714,0.994997150477389,0.538739490370285,0.054635071715726,0.406625437913989,1.05194859412496,1.04910437442632,0.680021594063859,0.338303057921325,-0.0183246519851838,-0.000340989526164905,0.965571111871347,0.0197963100292335,0.996541344503522,-0.000441388278121885,0.67,0.1,1.025,0.5,0.6,0.25,0.4,0.005,0.975,0.8,0.1,1.22716571304943,0.825013115263962,0.490866285219771,0.267038468223822,0.334962658479766,0.522536338230968,-1.32734810545599,2.4851220833692,6.61833546046982
112,-0.00333460773584378,0.757358755985607,0.101404909341332,-0.00479472907342049,-0.00471744314560107,-0.00130629912302827,0.0219889962313346,0.0125351264457628,0.0112323550877757,6.9677890174526,9.9251560675879,1.02887239763644,3.12621879551567,0.323046703655999,3.94659787260923,2.69848192616784,1.32038657724318,-0.0722706308017911,9.67920305586566,14.3359606038572,1.294185219694,0.212835967751477,0.179703090442237,0.0145367492033467,0.984883191367801,3.35745104945522,0.659871738216427,0.331911179062044,0.59092991482068,0.24622079784195,0.199903855506261,0.444367811284639,-0.00178309166667179,1.45313363097081e-05,0.996781246396463,1.00164871922548,0.995140539057667,0.53799200977178,0.0545550309772682,0.407452959250952,1.05192958184324,1.04908397190948,0.683748892914652,0.334563241519919,-0.0183121344345707,-0.000339124269564215,0.965571111871347,0.0197963100292335,0.996642222977562,-0.000441388278121885,0.67,0.1,1.025,0.5,0.6,0.25,0.4,0.005,0.975,0.8,0.1,1.22654561077282,0.825974741656745,0.490618244309129,0.266460286850608,0.334025575060991,0.522357152940423,-1.32472898479161,2.45428659396503,6.62280605625896
113,-0.00337789573304697,0.759869574401879,0.10139873999487,-0.00477956976818006,-0.0047190181317337,-0.00141943283099044,0.0220169091472635,0.0125525616331088,0.0112484302907811,6.96410613543479,9.88051679048124,1.02399472219906,3.10997906193724,0.321324430343476,3.93592441648526,2.70561711907398,1.30233648080108,-0.0720291833897985,9.68271073374253,14.2574130755806,1.28777542225314,0.213183369255089,0.178967065779973,0.0144854531004029,0.983062902893324,3.34784618088756,0.658652144938527,0.330982949850562,0.589837741735994,0.245765725723331,0.200195890021329,0.444265821519562,-0.00175950613829264,1.51730226786416e-05,0.99687970923153,1.00160521478829,0.99528206773788,0.537268051180524,0.0544783034292042,0.408253645390272,1.05191091491902,1.04906395238766,0.687415923880081,0.330884524951857,-0.0183004488319377,-0.000336833838712752,0.965571111871347,0.0197963100292335,0.996742708294214,-0.000441388278121885,0.67,0.1,1.025,0.5,0.6,0.25,0.4,0.005,0.975,0.8,0.1,1.22592836758354,0.826897896763802,0.490371347033414,0.265893983266697,0.333105728856823,0.522183626924619,-1.32216274839399,2.42399762639802,6.62729445192716
114,-0.0034197941752846,0.762306388086188,0.101393906816672,-0.00476769208142924,-0.0047202520010261,-0.00152850516532843,0.0220443856293332,0.0125697240360857,0.011264253678613,6.96024266489557,9.83701152232995,1.01925406585851,3.09420083431117,0.319654487654479,3.92547738715242,2.7125953322629,1.28467727632357,-0.0717952214340531,9.68588188889538,14.1808370639182,1.28154902625367,0.213519321013177,0.178249216165143,0.014435694174736,0.981288702605813,3.3384398482484,0.657463430745895,0.330080672296333,0.588773221563488,0.245322175651453,0.200475429276263,0.444161645534229,-0.00173568265947099,1.57678560011882e-05,0.996977607295687,1.00156310685384,0.995421656881356,0.536566959148398,0.0544046202567979,0.409028420594804,1.05189259475025,1.04904431627061,0.691023043756654,0.327266507896191,-0.0182895516528447,-0.000334144551030344,0.965571111871347,0.0197963100292335,0.996842673118954,-0.000441388278121885,0.67,0.1,1.025,0.5,0.6,0.25,0.4,0.005,0.975,0.8,0.1,1.22531478976897,0.827784189766682,0.490125915907588,0.265339489671969,0.33220311673318,0.522015855775204,-1.31965302018779,2.39425341873925,6.63180159539592
115,-0.00346034785935331,0.764671206682924,0.101390120408618,-0.00475838587592203,-0.00472121863666553,-0.00163367561211603,0.0220714177123535,0.0125866088266511,0.0112798208617487,6.95622133797216,9.79462261737262,1.01464536203112,3.07887308138555,0.318034786479485,3.91525679508573,2.71942235575192,1.26740295719547,-0.0715685178616564,9.68874498025057,14.106198438003,1.27549903192285,0.213844342045768,0.177549208008615,0.0143874012739019,0.979559901551544,3.32923252046042,0.656305134039535,0.329203752036531,0.587735940930927,0.244889975387886,0.200743055519284,0.444055708080306,-0.00171166630561482,1.6308595215469e-05,0.997074825095942,1.00152235040135,0.995559235094828,0.53588806835122,0.054333755775672,0.409778175873108,1.0518746221118,1.0490250633671,0.694570624120811,0.323708768932472,-0.0182793930532833,-0.000331085796372465,0.965571111871347,0.0197963100292335,0.996941997905907,-0.000441388278121885,0.67,0.1,1.025,0.5,0.6,0.25,0.4,0.005,0.975,0.8,0.1,1.22470562940281,0.828635183922911,0.489882251761123,0.264796737654272,0.331317710720608,0.521853906909836,-1.31720174392401,2.36505164426392,6.63632793512657
116,-0.00349960063265085,0.766966022340464,0.101387154056003,-0.00475109458938217,-0.00472197591827639,-0.00173509793293214,0.0220979986985329,0.0126032119495113,0.0112951281567023,6.95206323788884,9.75333139061697,1.01016412258036,3.06398474804596,0.316463448895072,3.90526215137289,2.72610359772649,1.25050738377127,-0.071348830124873,9.69132643267921,14.0334618548514,1.26961925409185,0.214158922541562,0.176866699209006,0.0143405127412881,0.977875761480257,3.32022420032832,0.655176760191772,0.32835158389832,0.586725456888154,0.244468940370064,0.200999325477678,0.443948393399992,-0.00168750584359231,1.67912922229545e-05,0.997171256315559,1.00148290136419,0.995694739228444,0.535230711534273,0.0542655186058295,0.410503769859898,1.05185699718356,1.04900619291323,0.698059052648058,0.320210868130494,-0.0182699207785516,-0.000327688572206251,0.965571111871347,0.0197963100292335,0.997040571526537,-0.000441388278121885,0.67,0.1,1.025,0.5,0.6,0.25,0.4,0.005,0.975,0.8,0.1,1.22410158100544,0.829452390964983,0.489640632402177,0.264265653581122,0.330449459265904,0.521697821714655,-1.31480969790655,2.33638944257628,6.64087347762213
117,-0.00353759526619694,0.769192801181935,0.10138483014911,-0.00474538205995412,-0.00472256918879943,-0.00183292002603674,0.0221241231050472,0.01261953009046,0.0113101725571649,6.94778787246174,9.713118316702,1.0058063070061,3.04952480440504,0.314938765181619,3.89549251231043,2.73264411043832,1.23398431295502,-0.071135911082907,9.69365073760629,13.962591036469,1.26390413542344,0.214463525219469,0.176201341836153,0.0142949743186292,0.976235505138325,3.31141446056534,0.654077788442678,0.32752355746003,0.585741303082995,0.244058876284581,0.201244770513243,0.443840049013509,-0.00166325133790267,1.72144240596212e-05,0.99726680378568,1.00144471675747,0.995828114221502,0.534594225468435,0.0541997447478122,0.411206029783752,1.05183971958299,1.04898770360506,0.701488733916238,0.316772348824453,-0.0182610827406904,-0.000323984404597242,0.965571111871347,0.0197963100292335,0.997138291575515,-0.000441388278121885,0.67,0.1,1.025,0.5,0.6,0.25,0.4,0.005,0.975,0.8,0.1,1.22350328021135,0.830237267573545,0.489401312084541,0.263746155727167,0.329598288649223,0.521547617704566,-1.31247686523059,2.30826345322706,6.64543784018775
118,-0.00357437337004118,0.771353476955352,0.101383009546609,-0.0047409065032864,-0.00472303397017804,-0.00192728389940711,0.022149786603396,0.0126355606397207,0.0113249517005817,6.94341325301508,9.67396320213914,1.00156822247767,3.03548228592315,0.31345916067195,3.88594652278905,2.73904861501081,1.21782742381058,-0.07092951603233,9.69574055769189,13.8935490076107,1.25834860465329,0.214758586720943,0.175552784317751,0.0142507375359963,0.974638324857518,3.30280248030705,0.653007677654537,0.326719061406616,0.584782994914511,0.243659581214379,0.201479897054947,0.443730989074576,-0.00163895243250941,1.7578227066115e-05,0.99736137930517,1.00140775476311,0.99595931283866,0.533977955365133,0.0541362921464619,0.411885752488405,1.0518227884004,1.04896959363383,0.704860089800435,0.313392738851853,-0.0182528286522885,-0.000320004565234175,0.965571111871347,0.0197963100292335,0.997235064437377,-0.000441388278121885,0.67,0.1,1.025,0.5,0.6,0.25,0.4,0.005,0.975,0.8,0.1,1.22291130390956,0.830991213431562,0.489164521563825,0.263238152650756,0.328764104498862,0.521403290653975,-1.31020269804284,2.28066985083275,6.65002029922828
119,-0.00360997534102489,0.773449946389621,0.101381583243242,-0.00473740010516754,-0.00472339809067823,-0.00201832572517624,0.0221749859537209,0.0126513016522076,0.0113394638319125,6.93895597601638,9.63584533480167,0.997446447647341,3.02184632616662,0.312023170192868,3.87662245792711,2.74532152504743,1.2020303399274,-0.0707294070477153,9.69761683283755,13.8262983003497,1.2529479692695,0.215044519004316,0.174920673227798,0.0142077584770102,0.973083389752213,3.29438708122258,0.651965871133983,0.325937486932042,0.583850033851328,0.243270847438053,0.201705187230576,0.443621497360174,-0.00161465714680239,1.7884187824281e-05,0.997454903352972,1.00137197478227,0.996088295330864,0.533381258099401,0.0540750364183893,0.41254370548221,1.05180620223561,1.04895186072244,0.708173559546715,0.31007155145272,-0.0182451109994347,-0.000315779514830677,0.965571111871347,0.0197963100292335,0.997330805178476,-0.000441388278121885,0.67,0.1,1.025,0.5,0.6,0.25,0.4,0.005,0.975,0.8,0.1,1.22232617144655,0.831715570473796,0.488930468578618,0.262741542457446,0.327946793352083,0.521264816664593,-1.3079863044468,2.25360438087119,6.65461983437246
120,-0.00364444033510854,0.775484065883513,0.101380465842479,-0.00473465302137954,-0.00472368335135176,-0.00210617595225748,0.0221997189364792,0.0126667518061545,0.0113537077658949,6.93443130542435,9.5987436138704,0.993437774771537,3.00860618349659,0.310629418366492,3.8675182625995,2.75146696898746,1.18658664908199,-0.0705353554699562,9.69929888549485,13.7608011304624,1.24769783450076,0.215321710720073,0.174304654754307,0.0141659968326826,0.971569851774822,3.28616676259538,0.650951800689131,0.325178230387325,0.582941911064893,0.242892462943706,0.20192109963704,0.443511829948221,-0.00159041106077106,1.81346556318435e-05,0.997547304726893,1.00133733746322,0.99621502904713,0.532803504513129,0.0540158674900464,0.413180627996825,1.05178995923505,1.04893450216236,0.711429599595301,0.306808285963536,-0.0182378855588369,-0.000311338518902454,0.965571111871347,0.0197963100292335,0.997425437313845,-0.000441388278121885,0.67,0.1,1.025,0.5,0.6,0.25,0.4,0.005,0.975,0.8,0.1,1.2217483465766,0.832411623030705,0.488699338630638,0.262256212682189,0.327146224223103,0.52113215414767,-1.30582657925384,2.22706239548158,6.6592351687132
121,-0.0036778062582252,0.777457649234078,0.101379590443086,-0.00473250083510002,-0.00472390683150414,-0.00219095945952219,0.0222239842832614,0.0126819103611932,0.0113676828487973,6.92985325427386,9.56263666291208,0.989539165902304,2.99575126273372,0.309276604429774,3.85863158865011,2.75748881118943,1.17148992060264,-0.070347143141956,9.70080452381233,13.6970195497267,1.24259404236722,0.215590528551993,0.173704375907267,0.0141254151770978,0.97009685082941,3.27813973494532,0.649964890055704,0.324440695330682,0.582058110497646,0.242524212707352,0.202128070202958,0.443402217626665,-0.00156625679285286,1.83325491722255e-05,0.997638520134638,1.00130380471048,0.996339488016921,0.532244081010353,0.0539586869485862,0.413797232041061,1.05177405712847,1.04891751484998,0.714628683210218,0.303602428396526,-0.0182311116067434,-0.000306709394154027,0.965571111871347,0.0197963100292335,0.997518892487012,-0.000441388278121885,0.67,0.1,1.025,0.5,0.6,0.25,0.4,0.005,0.975,0.8,0.1,1.22117823991933,0.833080598632417,0.488471295967732,0.261782040592593,0.326362250149454,0.521005245705944,-1.30372229422457,2.20103888873468,6.66386480544609
122,-0.00371010977098246,0.779372466173513,0.101378904633276,-0.00473081472599735,-0.00472408191138285,-0.00227279573618733,0.0222477816080748,0.0126967771166821,0.0113813889203933,6.92523466443302,9.52750292833613,0.985747719869711,2.98327113264755,0.30796349053407,3.84995982968068,2.76339067174796,1.15673372075032,-0.0701645628175972,9.7021501415865,13.6349155775189,1.23763262599963,0.21585131851364,0.173119485515049,0.0140859784134496,0.968663519104225,3.27030395191427,0.649004557799831,0.323724294103218,0.581198111462535,0.242165879776056,0.202326513108122,0.443292868069641,-0.00154223369612428,1.84811359494489e-05,0.997728493756622,1.00127133968016,0.996461652518016,0.531702390609466,0.053903405950882,0.414394203439652,1.0517584932649,1.04890089532226,0.717771299961304,0.300453451963818,-0.0182247519251222,-0.000301918353137854,0.965571111871347,0.0197963100292335,0.997611110091754,-0.000441388278121885,0.67,0.1,1.025,0.5,0.6,0.25,0.4,0.005,0.975,0.8,0.1,1.22061621174188,0.83372366929085,0.488246484696754,0.261318893768699,0.325594709695795,0.520884019906601,-1.30167215929793,2.17552853095959,6.66850706117658
123,-0.00374138630359636,0.781230241532796,0.101378367352526,-0.00472949376555387,-0.00472421907334475,-0.00235179907937877,0.0222711113400525,0.01271135237087,0.0113948262766889,6.92058728378246,9.49332076512529,0.982060647519946,2.97115553996194,0.306688892721804,3.84150015338587,2.76917594506827,1.14231162636107,-0.0699874180434813,9.70335081431096,13.5744513145215,1.23280977554902,0.216104407193171,0.172549635047506,0.0140476533507546,0.967268984752808,3.26265714024984,0.648070219784382,0.323028449027496,0.580361390851685,0.241817246188202,0.202516821732946,0.443183967810032,-0.00151837771566127,1.85838678990795e-05,0.997817176795215,1.00123990676489,0.996581508640891,0.531177853580566,0.0538499435698167,0.414972202849617,1.05174326464729,1.04888463979099,0.720857955095517,0.297360817584163,-0.0182187726796798,-0.000296989922219693,0.965571111871347,0.0197963100292335,0.99770203685782,-0.000441388278121885,0.67,0.1,1.025,0.5,0.6,0.25,0.4,0.005,0.975,0.8,0.1,1.22006257492828,0.834341953119122,0.488025029971312,0.260866630854343,0.324843428400454,0.520768392940973,-1.29967486321954,2.15052570181715,6.67316009615179
124,-0.00377167007826642,0.783032654889297,0.101377946433094,-0.00472845887924755,-0.00472432652949484,-0.00242807880136753,0.0222939746582671,0.0127256368813074,0.0114079956337824,6.91592184030917,9.46006851144929,0.978475253250823,2.95939442044314,0.305451673959621,3.83324953146012,2.77484781723503,1.12821723694655,-0.0698155227214608,9.70442039086861,13.5155890408988,1.22812181286967,0.216350102942063,0.171994479296223,0.0140104083806847,0.965912375028737,3.25519682780607,0.647161291269254,0.322352593306018,0.579547425017242,0.241478093757184,0.20269936961766,0.443075684032869,-0.00149472136319112,1.86442602968766e-05,0.997904527021307,1.00120947157134,0.996699047857739,0.530669907767578,0.0537982254833163,0.415531866749105,1.05172836796576,1.04886874417562,0.723889168827084,0.294323974394739,-0.0182131432218223,-0.000291946913733629,0.965571111871347,0.0197963100292335,0.997791626417177,-0.000441388278121885,0.67,0.1,1.025,0.5,0.6,0.25,0.4,0.005,0.975,0.8,0.1,1.21951759803327,0.834936516179708,0.487807039213308,0.260425102404716,0.324108220154727,0.520658270169911,-1.29772909969143,2.12602452189674,6.67782194165739
125,-0.00380099413684348,0.784781340586159,0.10137761667402,-0.00472764811527882,-0.00472441071338126,-0.00250173944092091,0.0223163734291206,0.0127396318267932,0.0114208980931175,6.91124811279112,9.4277245535355,0.974988921333842,2.94797790753676,0.304250738748648,3.82520476714112,2.78040928222082,1.11444418541452,-0.0696487004942191,9.70537158060111,13.4582913009302,1.22356517281926,0.216588697005377,0.171453676936355,0.0139742132309942,0.96459281895953,3.24792036954096,0.646277188702885,0.321696171680544,0.578755691375718,0.241148204739883,0.202874511416202,0.442968166209984,-0.00147129377556043,1.86658038632117e-05,0.997990508326182,1.00118000089247,0.996814266601963,0.5301780086725,0.053748182932196,0.416073808395304,1.05171379962916,1.04885320413444,0.726865475570132,0.291342360280255,-0.0182078358503864,-0.000286810437484927,0.965571111871347,0.0197963100292335,0.99787983886315,-0.000441388278121885,0.67,0.1,1.025,0.5,0.6,0.25,0.4,0.005,0.975,0.8,0.1,1.21898150834487,0.835508374478078,0.487592603337949,0.259994151776682,0.323388888508698,0.520553547556157,-1.29583358347354,2.10201888268612,6.6824905248042
126,-0.00382939037214199,0.78647788803538,0.10137735833227,-0.00472701293729827,-0.00472447666519604,-0.00257288097470165,0.0223383101466105,0.0127533387710432,0.0114335351083024,6.90657499788877,9.39626738197627,0.971599105858932,2.93689633893887,0.3030850289419,3.81736252048141,2.78586315698485,1.10098614754577,-0.0694867840492016,9.70621603563248,13.4025209757919,1.21913638952908,0.216820464592627,0.170926890989667,0.0139390387774486,0.963309449629692,3.24082497153513,0.645417331251893,0.321058640900622,0.577985669777815,0.240827362407423,0.203042583833768,0.442861547593208,-0.00144812083152933,1.86519022908779e-05,0.998075090284412,1.001151462676,0.996927165862234,0.529701629361712,0.0536997518889894,0.416598618749299,1.05169955579498,1.04883801509399,0.729787423132604,0.28841540242467,-0.0182028255572745,-0.000281599940386457,0.965571111871347,0.0197963100292335,0.997966640311564,-0.000441388278121885,0.67,0.1,1.025,0.5,0.6,0.25,0.4,0.005,0.975,0.8,0.1,1.21845449490049,0.836058496038334,0.487381797960197,0.259573616024596,0.322685227900153,0.520454112986644,-1.29398705962083,2.07850247482238,6.68716369091308
127,-0.00385688956163629,0.788123842235536,0.101377155940665,-0.00472651531962376,-0.00472452833354609,-0.00264159902577665,0.0223597878756559,0.0127667596281935,0.0114459084535972,6.90191057356422,9.36567564049095,0.968303323406693,2.92614026142152,0.301953520483654,3.8097193314578,2.79121209551571,1.08783685034509,-0.0693296144029984,9.70696442842931,13.3482413459357,1.21483208638769,0.217045665889481,0.17041378920472,0.0139048569003458,0.962061406130445,3.23390771308712,0.644581142107398,0.320439470039702,0.577236843678267,0.240515351532611,0.203203906540101,0.442755946580815,-0.00142522530758949,1.86058291562829e-05,0.998158247731792,1.00112382599056,0.997037750793885,0.529240260240788,0.0536528723925085,0.417106867366704,1.0516856323974,1.04882317227673,0.732655571886407,0.285542517886381,-0.0181980897727883,-0.000276333265572159,0.965571111871347,0.0197963100292335,0.998052002470481,-0.000441388278121885,0.67,0.1,1.025,0.5,0.6,0.25,0.4,0.005,0.975,0.8,0.1,1.21793671141748,0.836587803012898,0.487174684566994,0.259163326776282,0.321997024805308,0.520359847488828,-1.29218830812642,2.0554688145799,6.69183922369177
128,-0.00388352140258222,0.789720704450015,0.101376997381837,-0.00472612547130424,-0.004724568811867,-0.00270798506716585,0.0223808101985696,0.0127798966301935,0.0114580201941217,6.89726215882617,9.33592816802536,0.965099147761031,2.91570043418026,0.300855220851167,3.80227164103814,2.79645860187333,1.07499007936984,-0.0691770402050345,9.70762652465777,13.2954161443125,1.21064896878212,0.217264547011255,0.169914044367149,0.0138716403749538,0.96084783522377,3.2271655669622,0.643768049599926,0.319838140689492,0.576508701134262,0.240211958805943,0.203358783052986,0.442651467969857,-0.00140262705832652,1.85306994898173e-05,0.998239960361015,1.0010970609904,0.997146030349381,0.528793408733631,0.0536074880127217,0.417599103253647,1.05167202517367,1.04880867072696,0.735470493925565,0.282723114195012,-0.0181936081205771,-0.000271026724512778,0.965571111871347,0.0197963100292335,0.998135902223216,-0.000441388278121885,0.67,0.1,1.025,0.5,0.6,0.25,0.4,0.005,0.975,0.8,0.1,1.21742827911119,0.837097173790291,0.486971311644477,0.258763111072503,0.321324058811671,0.520270626345886,-1.29043614557388,2.03291126858835,6.69651486338269
129,-0.0039093145478394,0.791269933003427,0.101376873162732,-0.0047258200529392,-0.00472460052363277,-0.00277212661901149,0.0224013811646946,0.012792752296103,0.0114698726577971,6.89263636985612,9.30700403495826,0.961984206136131,2.90556783092791,0.299789167029913,3.7950158103309,2.8016050422856,1.06243968512868,-0.0690289170833802,9.70821125145324,13.2440096015214,1.20658381887034,0.21747734089981,0.169427334550667,0.0138393627876715,0.959667892760358,3.2205954178852,0.64297748814944,0.319254147056871,0.575800735656215,0.23991697319009,0.203507501588288,0.442548204105338,-0.00138034321051421,1.84294524008977e-05,0.998320212336766,1.00107113887942,0.997252016928852,0.528360598893594,0.0535635454182208,0.418075855688185,1.0516587296887,1.04879450533491,0.738232772221689,0.279956589966332,-0.0181893621880215,-0.00026569517715194,0.965571111871347,0.0197963100292335,0.998218321227812,-0.000441388278121885,0.67,0.1,1.025,0.5,0.6,0.25,0.4,0.005,0.975,0.8,0.1,1.21692928938278,0.837587445074537,0.486771715753111,0.258372792159568,0.320666103614565,0.520186320116062,-1.28872942491776,2.01082307680298,6.70118832304713
130,-0.00393429664185022,0.792772944163109,0.101376775846253,-0.00472558077959118,-0.00472462536745366,-0.00283410743844326,0.0224215052431705,0.0128053294032755,0.0114814684090044,6.88803917261159,9.27888257408765,0.95895617651615,2.89573364092385,0.298754423892743,3.7879481379441,2.80665365635439,1.05017958863432,-0.0688851070446111,9.70872676125753,13.1939864838265,1.20263349183592,0.217684268165794,0.168953343317575,0.0138079984716418,0.95852074488464,3.21419407937628,0.642208899072709,0.318686995982949,0.575112446930784,0.23963018622116,0.203650335874248,0.44244623593578,-0.00135838836296393,1.83048419581605e-05,0.998398991931193,1.00104603187494,0.997355726051089,0.527941370967791,0.0535209940245651,0.418537635007644,1.05164574135794,1.04878067085928,0.74094299978399,0.277242335531079,-0.0181853353150697,-0.000260352116437415,0.965571111871347,0.0197963100292335,0.998299245535066,-0.000441388278121885,0.67,0.1,1.025,0.5,0.6,0.25,0.4,0.005,0.975,0.8,0.1,1.21643980636609,0.838059413916953,0.486575922546437,0.257992190229207,0.32002292793963,0.52010679556169,-1.28706703416222,1.98919737377125,6.70585730313866
131,-0.00395849435637212,0.794231113079929,0.101376699605987,-0.0047253933262148,-0.00472464483074952,-0.00289400770158255,0.022441187278759,0.0128176309603859,0.0114928102239251,6.88347593203074,9.25154340698854,0.956012785802118,2.88618926909914,0.297750082883738,3.78106487567908,2.81160656742457,1.03820378618694,-0.0687454779324334,9.70918049140492,13.1453121248675,1.19879491321044,0.217885537878478,0.168491759876064,0.0137775224570164,0.957405569054823,3.20795830903254,0.641461731266731,0.318136206899929,0.574443341432894,0.239351392263706,0.203787545928862,0.44234563398358,-0.0013367747863632,1.81594341311853e-05,0.998476291180112,1.00102171317185,0.997457176044994,0.527535280930861,0.0534797857064881,0.418984933362651,1.05163305546869,1.048767161948,0.743601778829482,0.27457973357318,-0.0181815124026623,-0.000255009754501897,0.965571111871347,0.0197963100292335,0.998378665226315,-0.000441388278121885,0.67,0.1,1.025,0.5,0.6,0.25,0.4,0.005,0.975,0.8,0.1,1.21595986932825,0.838513839686779,0.4863839477313,0.25762112310306,0.319394296394265,0.520031916493495,-1.28544789445731,1.96802720825607,6.71051950450684
132,-0.00398193342566762,0.79564577476832,0.101376639877375,-0.00472524647010442,-0.00472466007880257,-0.0029519041774031,0.0224604324506326,0.012829660182248,0.0115039010675121,6.87895145798111,9.22496646626298,0.953151808534604,2.87692633541384,0.2967752609309,3.77436224268112,2.81646579216767,1.02650635345862,-0.0686099029451625,9.70957921965445,13.0979524517894,1.19506507695255,0.218081348305588,0.168042279200416,0.0137479104322121,0.956321554901596,3.20188482235913,0.640735441784069,0.317601311738298,0.573792932940958,0.239080388725399,0.203919378799923,0.442246459237602,-0.00131551261896145,1.79956081731949e-05,0.998552105559911,1.0009981569072,0.997556387761142,0.52714190000057,0.0534398745606331,0.419418225438797,1.05162066719973,1.04875397315751,0.746209719967695,0.271968159772968,-0.0181778797406637,-0.000249679108490614,0.965571111871347,0.0197963100292335,0.998456574071568,-0.000441388278121885,0.67,0.1,1.025,0.5,0.6,0.25,0.4,0.005,0.975,0.8,0.1,1.21548949492229,0.838951445971424,0.486195797968916,0.257259406861325,0.318779970251339,0.519961544535721,-1.28387095795514,1.94730556128721,6.71517263996115
133,-0.00400463868093996,0.79701822511,0.101376593084421,-0.00472513141904285,-0.00472467202452498,-0.0030078703933677,0.0224792462340101,0.0128414204663527,0.0115147440720299,6.87447004810743,9.19913201414324,0.950371066017868,2.86793667356307,0.295829099529958,3.7678364381647,2.82123324943028,1.01508144894373,-0.0684782602093131,9.70992911587533,13.0518740064303,1.19144104405188,0.218271887605596,0.167604602119238,0.0137191387133676,0.955267904945691,3.19597030525254,0.640029496313613,0.317081854794564,0.573160742967414,0.238816976236423,0.204046069267969,0.442148763974615,-0.00129461005525633,1.78155611437344e-05,0.998626433684806,1.00097533812566,0.997653384302907,0.526760814144609,0.0534012167083565,0.419837969147035,1.05160857163959,1.04874109897052,0.748767441403198,0.269406983451259,-0.0181744248544572,-0.000244370084641707,0.965571111871347,0.0197963100292335,0.998532969208096,-0.000441388278121885,0.67,0.1,1.025,0.5,0.6,0.25,0.4,0.005,0.975,0.8,0.1,1.21502867929335,0.839372922400476,0.486011471717339,0.256906856416639,0.3181797081687,0.519895539817537,-1.28233520564331,1.92702536272006,6.71981444451546
134,-0.00402663408386592,0.798349721869322,0.101376556425599,-0.00472504128494333,-0.00472468138311577,-0.00306197679290554,0.022497634364513,0.012852915371052,0.0115253425170956,6.87003552773892,9.17402065785693,0.947668425714988,2.85921232913163,0.2949107639554,3.76148365282504,2.82591076839458,1.00392331683543,-0.0683504324049688,9.71023579009574,13.0070439621372,1.1879199414853,0.218457334474998,0.167178435376088,0.0136911842198824,0.954243835191588,3.19021142523586,0.639343369578364,0.316577392567715,0.572546301114953,0.238560958797897,0.204167840512753,0.44205259251552,-0.00127407352577714,1.76213146158668e-05,0.998699277023875,1.00095323274571,0.99774819077645,0.526391623585656,0.0533637701303939,0.42024460628395,1.05159676380329,1.04872853381242,0.751275568158385,0.26689556821054,-0.018171136368925,-0.000239091559608462,0.965571111871347,0.0197963100292335,0.998607850839242,-0.000441388278121885,0.67,0.1,1.025,0.5,0.6,0.25,0.4,0.005,0.975,0.8,0.1,1.21457740004164,0.839778926390131,0.485830960016656,0.256563286035228,0.317593266848183,0.519833761595959,-1.28083964528659,1.90717950638526,6.72444268442359
135,-0.00404794275912661,0.799641485711031,0.101376527706119,-0.00472497067147726,-0.0047246887148803,-0.00311429088489978,0.0225156028051084,0.0128641485953109,0.0115356998111496,6.86565128701919,9.14961336211711,0.945041800817179,2.85074555728326,0.294019442565649,3.75530007904235,2.8305000960967,0.993026289383489,-0.0682263064378313,9.71050433712474,12.9634301367115,1.18449896139943,0.218637858753067,0.166763491666209,0.0136640244544331,0.95324857561231,3.18460484154175,0.638676545660248,0.316087493571041,0.571949145367386,0.238312143903077,0.20428490474422,0.441957981921711,-0.0012539078667834,1.74147228302388e-05,0.998770639637164,1.00093181752708,0.997840834058755,0.526033942309922,0.053327494526941,0.420638563163137,1.05158523864784,1.04871627206625,0.753734731318337,0.264433272569977,-0.0181680038883144,-0.000233851458348126,0.965571111871347,0.0197963100292335,0.99868122195296,-0.000441388278121885,0.67,0.1,1.025,0.5,0.6,0.25,0.4,0.005,0.975,0.8,0.1,1.21413561804717,0.840170084806664,0.485654247218869,0.256228509808014,0.317020401637804,0.519776068815336,-1.27938330954895,1.8877608639148,6.72905516510843
136,-0.00406858702587375,0.800894701213342,0.101376505206528,-0.00472491535100694,-0.0047246944587761,-0.00316487738542537,0.0225331577155056,0.0128751239599448,0.0115458194742834,6.86132031542004,9.12589145906009,0.942489149916083,2.84252882005884,0.293154346177412,3.74928191997823,2.8350029043459,0.982384788784958,-0.0681057731526328,9.7107393779533,12.9210010019322,1.18117536042712,0.218813621986524,0.166359489652573,0.0136376374862564,0.952281370538231,3.17914721413455,0.638028518260615,0.315611738124771,0.571368822322939,0.238070342634558,0.204397463799171,0.441864962636371,-0.00123411647926119,1.71974817131435e-05,0.998840527930039,1.000911070039,0.997931342582836,0.525687397583034,0.0532923511980828,0.421020251218883,1.05157399108635,1.04870430808651,0.756145567299026,0.262019450591393,-0.0181650178904194,-0.000228656828163956,0.965571111871347,0.0197963100292335,0.99875308805942,-0.000441388278121885,0.67,0.1,1.025,0.5,0.6,0.25,0.4,0.005,0.975,0.8,0.1,1.2137032791619,0.84054699554896,0.485481311664761,0.255902342074693,0.316460867080793,0.519722320608196,-1.27796525432871,1.86876229733049,6.7336497380788
137,-0.00408858842809756,0.80211051787098,0.10137648757976,-0.00472487201148231,-0.00472469895869432,-0.00321379835202484,0.0225503054238642,0.0128858453902611,0.0115557051223474,6.85704523379852,9.1028366559209,0.940008476727701,2.83455478334761,0.29231470749064,3.74342539765761,2.83942079608557,0.971993328654757,-0.0679887270827133,9.71094509813566,12.8797256900584,1.17794645907242,0.218984777956514,0.165966153963965,0.01361200193679,0.951341478961199,3.17383521175782,0.637398790904003,0.315149718133897,0.570804887376719,0.2378353697403,0.204505709704939,0.441773559075127,-0.0012147014769296,1.69711384088925e-05,0.998908950424919,1.00089096862976,0.998019746139226,0.525351629476032,0.0532583029405839,0.421390067583384,1.05156301600113,1.04869263621177,0.758508717139736,0.259653452493792,-0.0181621696335272,-0.000223513908676084,0.965571111871347,0.0197963100292335,0.998823456946895,-0.000441388278121885,0.67,0.1,1.025,0.5,0.6,0.25,0.4,0.005,0.975,0.8,0.1,1.21328031577578,0.84091022905123,0.485312126310314,0.255584597803949,0.315914417415045,0.519672376741964,-1.27658455731425,1.85017667047914,6.7382243069213
138,-0.00410796776388322,0.803290051084153,0.101376473770489,-0.00472483805815183,-0.00472470248404799,-0.00326111331084233,0.0225670524006845,0.0128963169000254,0.0115653604522691,6.85282832415046,9.08043104070274,0.937597829831193,2.82681631358738,0.29149978055026,3.7377267601234,2.84375531123444,0.961846515119852,-0.0678750662308928,9.71112528334358,12.8395739976657,1.17480964111755,0.219151473170182,0.165583215177524,0.013587096966993,0.950428174763834,3.16866551908844,0.636786877091769,0.314701036854826,0.570256904858301,0.237607043690959,0.204609825211506,0.44168379017002,-0.0011956638233369,1.67371009395669e-05,0.998975917549476,1.0008714923973,0.998106075692814,0.525026290403417,0.0532253139578992,0.421748395638684,1.05155230825551,1.04868125077617,0.760824825820217,0.257334625254438,-0.0181594510746554,-0.000218428197589057,0.965571111871347,0.0197963100292335,0.99889233845508,-0.000441388278121885,0.67,0.1,1.025,0.5,0.6,0.25,0.4,0.005,0.975,0.8,0.1,1.21286664826342,0.841260329707759,0.485146659305368,0.255275092933041,0.315380807026433,0.519626098015868,-1.27524031675194,1.83199685939688,6.74277683244756
139,-0.00412674511355863,0.804434383130478,0.101376462951945,-0.00472481145821635,-0.00472470524590218,-0.00330687937694596,0.0225834052347453,0.0129065425766719,0.011574789228507,6.84867155720906,9.05865708607191,0.935255302397281,2.81930647424211,0.290708840234567,3.73218228774458,2.84800793204482,0.951939047576963,-0.0677646918772007,9.71128335227939,12.8005163871378,1.17176235302049,0.219313847319044,0.165210409787794,0.0135629022658434,0.949540746882716,3.16363484307324,0.63619230041142,0.314265308653834,0.56972444812963,0.237385186720679,0.204709984293528,0.441595669870452,-0.00117700345828801,1.64966478106482e-05,0.999041441440389,1.00085262116087,0.998190363214133,0.524711044674552,0.053193349780926,0.422095605544522,1.05154186270478,1.04867014611993,0.763094541602876,0.255062313194844,-0.0181568547977196,-0.000213404512289918,0.965571111871347,0.0197963100292335,0.998959744264946,-0.000441388278121885,0.67,0.1,1.025,0.5,0.6,0.25,0.4,0.005,0.975,0.8,0.1,1.21246218631821,0.84159781722214,0.484984874527284,0.254973644669898,0.3148597908593,0.519583346612008,-1.27393165040904,1.81421576168155,6.74730533707111
140,-0.00414493986674788,0.805544564117695,0.101376454476414,-0.0047247906191259,-0.00472470740961106,-0.00335115136818276,0.0225993706109615,0.0129165265676835,0.0115839952705729,6.84457661803011,9.03749765168481,0.932979031889343,2.81201852209902,0.289941181762935,3.72678829875269,2.85218008801163,0.942265719150565,-0.0676575084095022,9.71142238712426,12.7625239860962,1.16880210328242,0.219472033706267,0.164847480164127,0.0135393980396416,0.94867849941311,3.15873991851877,0.635614594606784,0.313842158759696,0.569207099647866,0.237169624853278,0.204806352623747,0.441509207604445,-0.00115871941394236,1.62509374459402e-05,0.999105535761743,1.00083433543392,0.998272641524208,0.524405568059267,0.0531623771975384,0.422432054743195,1.05153167420601,1.0486593165988,0.765318515400035,0.252835858550356,-0.0181543739503918,-0.000208447047344896,0.965571111871347,0.0197963100292335,0.999025687704206,-0.000441388278121885,0.67,0.1,1.025,0.5,0.6,0.25,0.4,0.005,0.975,0.8,0.1,1.21206683018085,0.841923187883747,0.48482673207234,0.254680071760759,0.31435112478725,0.519543986404366,-1.27265769470961,1.79682630494891,6.75180790848253
141,-0.00416257074835282,0.806621612915647,0.101376447836462,-0.00472477429323404,-0.00472470910471723,-0.00339398191290263,0.0226149552900413,0.0129262730680652,0.0115929824415539,6.84054492969824,9.01693598513149,0.930767199726514,2.80494590342224,0.289196120217585,3.72154115407615,2.85627316036499,0.932821416884709,-0.0675534231735491,9.71154516168879,12.7255685850262,1.1659264617724,0.219626159644842,0.164494174498022,0.0135165650018533,0.947840751662054,3.15397751300006,0.635053303613576,0.313431223012586,0.568704450997232,0.236960187915514,0.204899088019277,0.441424408703274,-0.00114080992114786,1.60010172076746e-05,0.999168215537176,1.00081661639791,0.998352944152084,0.5241095473681,0.0531323641893537,0.422758088442546,1.05152173762714,1.04864875659281,0.767497400166207,0.250654602022337,-0.0181520021885443,-0.000203559427969274,0.965571111871347,0.0197963100292335,0.999090183567493,-0.000441388278121885,0.67,0.1,1.025,0.5,0.6,0.25,0.4,0.005,0.975,0.8,0.1,1.21168047176892,0.842236915774494,0.48467218870757,0.254394194726266,0.313854565947244,0.519507883229274,-1.27141760402006,1.77982145444406,6.75628270268603
142,-0.00417965584349139,0.807666518066478,0.101376442634549,-0.00472476150310119,-0.00472471043270772,-0.00343542155188448,0.0226301660898232,0.0129357863088436,0.0116017546375714,6.83657767528238,8.99695572166262,0.92861803090292,2.7980822499949,0.28847299007578,3.71643726153613,2.86028848617622,0.92360112169936,-0.0674523463394414,9.71165416742495,12.6896226333266,1.16313305900256,0.219776346828561,0.16415024674181,0.0134943843632985,0.947026838155831,3.14934443114911,0.634507981564406,0.313032147610836,0.568216102893498,0.236756709538958,0.204988340862205,0.441341274792282,-0.00112327250647177,1.57478320898079e-05,0.999229496994926,1.00079944587729,0.998431305204222,0.523822680047381,0.0531032798744991,0.423074040078119,1.05151204785507,1.04863846051397,0.769631850315148,0.248517883312148,-0.0181497336272966,-0.000198744759721901,0.965571111871347,0.0197963100292335,0.999153247950352,-0.000441388278121885,0.67,0.1,1.025,0.5,0.6,0.25,0.4,0.005,0.975,0.8,0.1,1.21130299571415,0.842539453909023,0.484521198285659,0.2541158360687,0.313369873039789,0.519474905120578,-1.2702105500612,1.76319421987574,6.76072794645607
143,-0.0041962126214248,0.808680238672426,0.101376438559235,-0.00472475148297524,-0.00472471147309017,-0.00347551883478991,0.0226450098681823,0.0129450705465226,0.0116103157781141,6.83267581816039,8.97754088284795,0.926529793560376,2.7914213750777,0.287771144749945,3.71147307946309,2.86422736210588,0.91459990813913,-0.0673541907819191,9.71175163744793,12.6546592339883,1.16041958535095,0.219922711677576,0.163815456539937,0.013472837822552,0.946236108607228,3.14483751837928,0.633978192766843,0.312644588856939,0.567741665164337,0.236559027151807,0.205074254495922,0.441259804150474,-0.00110610408052587,1.54922329327117e-05,0.999289397424927,1.00078280631547,0.998507759244946,0.52354467378913,0.0530750944553983,0.423380231755471,1.05150259980308,1.04862842281337,0.77172252116139,0.246425041636415,-0.0181475627978048,-0.00019400567451511,0.965571111871347,0.0197963100292335,0.999214898096163,-0.000441388278121885,0.67,0.1,1.025,0.5,0.6,0.25,0.4,0.005,0.975,0.8,0.1,1.21093428031357,0.842831235311548,0.484373712125428,0.253844820452914,0.31289680659786,0.519444922512572,-1.26903572142524,1.74693766153661,6.76514193926786
144,-0.00421225795850867,0.809663705260838,0.101376435366526,-0.00472474363294562,-0.00472471228815308,-0.00351432041145294,0.0226594935073996,0.0129541300534324,0.0116186697971888,6.82884012082665,8.95867587430084,0.924500798514471,2.78495726930851,0.287089956134119,3.7066451197879,2.86809104782041,0.90581294393978,-0.0672588719722863,9.71183956870875,12.6206521370866,1.15778379023277,0.220065365660231,0.163489569153925,0.0134519075564647,0.945467927847391,3.14045366409766,0.633463511657752,0.312268212903971,0.567280756708435,0.236366981961848,0.205156965598543,0.441179992041276,-0.00108930101819367,1.52349841345665e-05,0.999347935047169,1.0007666807517,0.998582341187195,0.523275246155591,0.0530477791707955,0.423676974673613,1.0514933884175,1.04861863798748,0.773770068385863,0.244375416223177,-0.0181454846090403,-0.000189344373183953,0.965571111871347,0.0197963100292335,0.999275152255167,-0.000441388278121885,0.67,0.1,1.025,0.5,0.6,0.25,0.4,0.005,0.975,0.8,0.1,1.21057419840073,0.843112674032541,0.484229679360294,0.253580974863325,0.312435129227024,0.519417808413503,-1.26789232317787,1.73104489576876,6.76952305475154
145,-0.00422780816020433,0.810617820626305,0.101376432865275,-0.00472473748302638,-0.00472471292669474,-0.00355187111830513,0.0226736238998948,0.0129629691089122,0.0116268206352325,6.82507116228876,8.9403454825876,0.922529398735493,2.77868409656425,0.286428814155769,3.7019499506575,2.87188076910214,0.897235489435475,-0.0671663078801169,9.71191974244893,12.5875757322492,1.15522348122189,0.22020441559277,0.163172355381994,0.0134315762107431,0.944721675726569,3.13618980445284,0.632963522736801,0.311902695503287,0.566833005435941,0.236180418931642,0.205236604534742,0.441101831016653,-0.0010728592312816,1.49767709325697e-05,0.999405128890572,1.00075105279899,0.998655086192857,0.523014124218132,0.0530213062513903,0.423964569530478,1.05148440868369,1.04860910058385,0.775775147525177,0.242368346788729,-0.0181434943139053,-0.00018476266480058,0.965571111871347,0.0197963100292335,0.999334029554786,-0.000441388278121885,0.67,0.1,1.025,0.5,0.6,0.25,0.4,0.005,0.975,0.8,0.1,1.21022261814255,0.843384166108455,0.48408904725702,0.253324128739113,0.311984605819058,0.519393438552276,-1.26677957652836,1.71550909982933,6.77386974171598
146,-0.00424287898218707,0.811543460649952,0.10137643090573,-0.00472473266501849,-0.00472471342694492,-0.00358821406021892,0.0226874079352263,0.0129715919912672,0.0116347722317338,6.82136935415364,8.92253487143053,0.920613988786987,2.77259618980353,0.28578712633246,3.69738419862058,2.87559772067621,0.888862896827563,-0.0670764188831853,9.71199374306102,12.5554050402508,1.15273652312681,0.220339963918393,0.162863591474214,0.0134118268905528,0.943996746987625,3.13204292466222,0.632477820481709,0.311547721754342,0.566398048192575,0.235999186746906,0.205313295687226,0.441025311196625,-0.00105677423420832,1.47182061499382e-05,0.99946099868163,1.0007359066229,0.998726029581997,0.522761044210142,0.0529956488785767,0.424243306911281,1.05147565563143,1.04859980520611,0.77773841348406,0.240403173995058,-0.0181415874791183,-0.000180262002933798,0.965571111871347,0.0197963100292335,0.999391549880463,-0.000441388278121885,0.67,0.1,1.025,0.5,0.6,0.25,0.4,0.005,0.975,0.8,0.1,1.20987940376724,0.843646090467559,0.483951761506898,0.253074114089667,0.311545003741223,0.519371691500771,-1.2656967185527,1.70032351620725,6.77818052478447
147,-0.00425748565058839,0.812441475096091,0.101376429370571,-0.00472472889046471,-0.00472471381885409,-0.00362339068803763,0.0227008524882707,0.0129800029704486,0.0116425285185155,6.81773495549599,8.90522957730021,0.918753004225306,2.76668804690632,0.285164317333206,3.69294455042516,2.87924306877586,0.880690609333631,-0.066989127684328,9.71206297546986,12.5241157038626,1.15032083702531,0.220472108967087,0.162563059043944,0.013392643151125,0.943292551115773,3.12801006095894,0.632006009247568,0.311202985857222,0.565975530669464,0.235823137778943,0.205387157769075,0.440950420526053,-0.00104104120324722,1.44598364973294e-05,0.999515564742184,1.00072122692116,0.998795206750351,0.522515751193517,0.0529707811458802,0.424513467660603,1.0514671243397,1.0485907465185,0.779660520070462,0.23847923988792,-0.0181397599583821,-0.000175843519045285,0.965571111871347,0.0197963100292335,0.999447733766304,-0.000441388278121885,0.67,0.1,1.025,0.5,0.6,0.25,0.4,0.005,0.975,0.8,0.1,1.20954441622852,0.843898809784864,0.483817766491407,0.25283076559211,0.311116093003172,0.519352448774024,-1.2646430019569,1.68548145643836,6.78245400468143
148,-0.00427164288140867,0.813312688386512,0.101376428167887,-0.00472472593338047,-0.00472471412588593,-0.00365744087204489,0.022713964408498,0.012988206301404,0.0116500934136305,6.81416808659649,8.88841550448362,0.916944920963999,2.76095432652458,0.284559828544533,3.68862775446628,2.88281795346672,0.872714160233721,-0.0669043592341594,9.71212868114269,12.4936839780763,1.14797439926273,0.220600945197537,0.162270544976236,0.0133740089883576,0.942608512167645,3.12408830219554,0.631547703152322,0.310868190868425,0.565565107300587,0.235652128041911,0.205458304118057,0.440877145010437,-0.00102565502984514,1.42021484110389e-05,0.999568847895646,1.00070699890418,0.998862653094478,0.522277998738282,0.052946678022759,0.424775323238959,1.05145880994098,1.04858191924984,0.781542119552761,0.236595888315653,-0.0181380078684139,-0.00017150805323376,0.965571111871347,0.0197963100292335,0.999502602294825,-0.000441388278121885,0.67,0.1,1.025,0.5,0.6,0.25,0.4,0.005,0.975,0.8,0.1,1.20921751381068,0.844142671289059,0.483687005524272,0.252593920672584,0.310697646403351,0.519335594910341,-1.26361769487031,1.67097630446242,6.78668885820605
149,-0.00428536489913581,0.814157900352773,0.101376427225672,-0.00472472361672316,-0.00472471436642274,-0.00369040297161405,0.0227267505102619,0.0129962062180509,0.011657470815829,6.81066874163157,8.87207891970659,0.915188254607225,2.7553898439559,0.283973117641468,3.68443062191891,2.8863234907488,0.864929171828858,-0.0668220406587531,9.71219195282871,12.4640867198072,1.14569524041935,0.220726563422349,0.161985841333819,0.0133559088294136,0.941944068582498,3.12027479113792,0.631102525950274,0.310543048460336,0.565166441149499,0.235486017145625,0.205526842974003,0.440805468932318,-0.00101061036851516,1.3945573445183e-05,0.99962086938111,1.00069320827637,0.998928403943996,0.52204754861489,0.0529233153204982,0.425029136064611,1.05145070762505,1.04857331819699,0.783383862238546,0.234752465328928,-0.0181363275674739,-0.000167256182488614,0.965571111871347,0.0197963100292335,0.999556177005163,-0.000441388278121885,0.67,0.1,1.025,0.5,0.6,0.25,0.4,0.005,0.975,0.8,0.1,1.20889855267922,0.84437800752417,0.483559421071687,0.25236341957286,0.310289439656605,0.519321017533243,-1.26262008065983,1.65680151956217,6.79088383792595
150,-0.00429866545460473,0.814977886966915,0.101376426487517,-0.00472472180179317,-0.00472471455486556,-0.00372231390126077,0.0227392175640338,0.0130040069278294,0.0116646645995552,6.80723680039005,8.85620644637865,0.913481559756157,2.74998956705086,0.283403658163706,3.68035002758793,2.88976077445402,0.857331354325464,-0.0667421011915568,9.71225374812155,12.4353013771706,1.14348144425163,0.220849051017741,0.16170874526119,0.0133383275233216,0.941298672978077,3.11656672548086,0.630670110895312,0.310227278684706,0.564779203786846,0.235324668244519,0.20559287774026,0.440735375049779,-0.00099590167977913,1.36904932317866e-05,0.999671650774745,1.00067984121812,0.998992494500389,0.521824170498719,0.052900669659973,0.425275159841308,1.05144281264224,1.04856493822791,0.785186396074383,0.2329483195617,-0.0181347156360828,-0.00016308824663288,0.965571111871347,0.0197963100292335,0.999608479809137,-0.000441388278121885,0.67,0.1,1.025,0.5,0.6,0.25,0.4,0.005,0.975,0.8,0.1,1.20858738738102,0.8446051370686,0.483434954952406,0.252139105403687,0.309891251504585,0.519308607397035,-1.26164945775832,1.64295063892133,6.7950377716214
151,-0.00431155784213111,0.815773401051056,0.101376425909227,-0.00472472037992944,-0.00472471470249658,-0.00375320919331135,0.0227513722885102,0.013011612606791,0.0116716786104353,6.80387203908798,8.84078505852357,0.911823429292556,2.74474861216272,0.282850939097328,3.67638291050457,2.89313087795569,0.849916504657818,-0.0666644721089399,9.71231490193227,12.4073059784144,1.14133114661253,0.220968492118782,0.161439058887293,0.0133212503315891,0.940671791933387,3.11296135861307,0.630250100595369,0.309920609740428,0.564403075160032,0.235167947983347,0.205656507230182,0.440666844778405,-0.000981523268529797,1.34372441086455e-05,0.999721213917986,1.00066688436866,0.999054959781877,0.521607641686273,0.0528787184410952,0.425513639872632,1.05143512030646,1.0485567742843,0.786950366266016,0.231182802593642,-0.0181331688596578,-0.000159004372160457,0.965571111871347,0.0197963100292335,0.999659532914592,-0.000441388278121885,0.67,0.1,1.025,0.5,0.6,0.25,0.4,0.005,0.975,0.8,0.1,1.20828387129811,0.844824365214053,0.483313548519245,0.25192082418617,0.309502863810406,0.519298258417577,-1.26070513950147,1.62941727983542,6.79914956150804
152,-0.00432405491595188,0.816545172966346,0.10137642545618,-0.00472471926600415,-0.00472471481815462,-0.00378312305738471,0.0227632213435284,0.0130190273951848,0.0116785166612221,6.80057414034708,8.82580207445037,0.910212493643313,2.7396622401474,0.282314464462378,3.67252627429577,2.89643485570529,0.842680505259366,-0.0665890866688837,9.71237613795401,12.3800791205829,1.13924253435565,0.221084967801184,0.161176589227209,0.0133046629188428,0.940062905760426,3.10945600015782,0.629842146859486,0.309622777745855,0.564037743456256,0.235015726440107,0.205717825899549,0.440599858357985,-0.000967469318304487,1.31861212863523e-05,0.999769580851983,1.00065432480947,0.999115834573889,0.52139774682265,0.0528574398137864,0.425744813363564,1.05142762599764,1.04854882138386,0.788676414918419,0.229455269294419,-0.0181316842128386,-0.000155004494058508,0.965571111871347,0.0197963100292335,0.99970935875548,-0.000441388278121885,0.67,0.1,1.025,0.5,0.6,0.25,0.4,0.005,0.975,0.8,0.1,1.20798785705862,0.845035984606685,0.483195142823448,0.25170842488237,0.30912406163894,0.519289867689802,-1.25978645396889,1.61619514160654,6.80321818326389
153,-0.00433616910600332,0.817293911281771,0.10137642510125,-0.00472471839332589,-0.00472471490876414,-0.00381208843687331,0.0227747713237309,0.0130262553935044,0.0116851825281601,6.79734270239836,8.81124515021491,0.908647420029734,2.73472585242015,0.281793752906697,3.66877718735091,2.89967374461077,0.835619322792544,-0.0665158800524103,9.71243807919394,12.3535999579773,1.13721384422753,0.2211985562506,0.160921148083218,0.0132885513435066,0.939471508266705,3.10604801631265,0.629445910538692,0.309333526515787,0.563682904960023,0.234867877066676,0.205776924065793,0.440534395005118,-0.000953733921770141,1.29373827417484e-05,0.999816773757886,1.00064215004847,0.999175153384713,0.521194277639769,0.0528368126503482,0.425968909709884,1.05142032516397,1.04854107462217,0.790365180695131,0.227765078150171,-0.0181302588453018,-0.000151088375825494,0.965571111871347,0.0197963100292335,0.999757979928195,-0.000441388278121885,0.67,0.1,1.025,0.5,0.6,0.25,0.4,0.005,0.975,0.8,0.1,1.20769919690819,0.845240275852761,0.483079678763276,0.251501759416197,0.30875463332397,0.519283335493318,-1.25889274382587,1.60327800715052,6.80724268488437
154,-0.00434791243306652,0.818020303423346,0.101376424823189,-0.004724717709647,-0.00472471497975002,-0.00384013706259834,0.0227860287529216,0.0130333006589607,0.0116916799477428,6.79417724756764,8.79710227291607,0.907126911704984,2.72993498707439,0.281288337306316,3.66513278280797,2.90284856526977,0.828729006845632,-0.0664447893074265,9.71250125764288,12.3278481904727,1.13524336175241,0.221309332920283,0.160672551945586,0.0132729020485339,0.938897106510192,3.10273483000965,0.629061061361828,0.309052607343276,0.563338263906115,0.234724276627548,0.205833888114806,0.440470433052819,-0.000940311107794513,1.26912527580689e-05,0.999862814902501,1.00063034800477,0.999232950405915,0.520997032704932,0.0528168165191163,0.426186150775952,1.05141321332371,1.04853352917435,0.792017298496292,0.226111591572602,-0.0181288900688943,-0.000147255627793794,0.965571111871347,0.0197963100292335,0.999805419133678,-0.000441388278121885,0.67,0.1,1.025,0.5,0.6,0.25,0.4,0.005,0.975,0.8,0.1,1.20741774304519,0.845437508090915,0.482967097218074,0.251300682685598,0.308394370523379,0.519278565287371,-1.25802336616365,1.59065974434251,6.81122218538681
155,-0.00435929652330884,0.818725016304176,0.101376424605349,-0.004724717174035,-0.0047247150353622,-0.00386729950380182,0.0227970000790612,0.013040167202349,0.01169801261383,6.79107723009588,8.78336175386569,0.905649707182893,2.7252853150673,0.280797764372732,3.66159025837935,2.90596032306982,0.822005688604241,-0.0663757532947141,9.71256612314756,12.3028040517414,1.13332942011312,0.221417370677955,0.160430621893345,0.0132577018522075,0.938339220548177,3.09951392091586,0.628687277767278,0.308779778786342,0.563003532328906,0.234584805137044,0.205888800696097,0.440407950078119,-0.000927194865421068,1.24479251650481e-05,0.999907726588942,1.00061890699407,0.999289259477148,0.520805817179281,0.0527974316593026,0.426396751161417,1.0514062860668,1.04852618029633,0.793633399154832,0.224494176191103,-0.0181275753459352,-0.000143505723882017,0.965571111871347,0.0197963100292335,0.999851699124862,-0.000441388278121885,0.67,0.1,1.025,0.5,0.6,0.25,0.4,0.005,0.975,0.8,0.1,1.20714334792244,0.845627939533007,0.482857339168975,0.251105052566919,0.308043068263423,0.519275463696334,-1.25717769233608,1.57833430712483,6.81515587338455
156,-0.00437033262224807,0.81940869693593,0.101376424434687,-0.00472471675442243,-0.00472471507893024,-0.00389360521662807,0.0228076916698521,0.01304685898528,0.0117041841750998,6.7880420433437,8.77001222166781,0.90421457946111,2.72077263647597,0.280321594267354,3.65814687603554,2.9090100091673,0.815445579504095,-0.0663087126358516,9.71263305154661,12.2784482974303,1.13147039903163,0.221522739942626,0.160195183495341,0.0132429379390191,0.937797383181371,3.09638282529174,0.628324246731519,0.308514806459651,0.562678429908823,0.234449345795343,0.205941740907009,0.440346923018607,-0.000914379165020477,1.22075663201038e-05,0.999951531111877,1.00060781571464,0.999344114055021,0.520620442585701,0.0527786389569428,0.426600918457356,1.05139953905611,1.04851902332587,0.795214109150229,0.222912203128329,-0.018126312278558,-0.000139838016928182,0.965571111871347,0.0197963100292335,0.999896842659055,-0.000441388278121885,0.67,0.1,1.025,0.5,0.6,0.25,0.4,0.005,0.975,0.8,0.1,1.2068758645183,0.845811817975473,0.482750345807321,0.250914729912281,0.307700524973086,0.519273940486767,-1.25635510779175,1.56629573639891,6.81904300554872
157,-0.00438103160816557,0.820071973022215,0.101376424300986,-0.00472471642568706,-0.00472471511306261,-0.00391908259023932,0.0228181098088685,0.0130533799177469,0.0117101982328087,6.78507102642528,8.75704261523757,0.902820335241229,2.71639287682703,0.279859400223341,3.65479996156351,2.91199860135541,0.809044969870989,-0.0662436096628905,9.71270235212614,12.2547621933308,1.12966472365232,0.221625508812095,0.159966066711759,0.0132285978506428,0.937271139694432,3.09333913572379,0.62797166359527,0.30825746283122,0.562362683816659,0.234317784923608,0.205992784466646,0.440287328278758,-0.000901857976936875,1.19703177822731e-05,0.999994250717041,1.00059706323379,0.999397547185673,0.520440726585796,0.0527604199218753,0.426798853492329,1.05139296802847,1.04851205368341,0.796760050339299,0.221365048259682,-0.018125098598981,-0.000136251752674645,0.965571111871347,0.0197963100292335,0.999940872454878,-0.000441388278121885,0.67,0.1,1.025,0.5,0.6,0.25,0.4,0.005,0.975,0.8,0.1,1.20661514657951,0.845989381282933,0.482646058631806,0.250729578540712,0.307366542509405,0.519273908537055,-1.25555501190059,1.55453816072101,6.82288290497423
158,-0.0043914040049927,0.820715453534374,0.101376424196242,-0.00472471616814718,-0.00472471513980277,-0.00394375899069743,0.0228282606921861,0.0130597338560024,0.0117160583388359,6.78216347031452,8.744442176788,0.901465814148393,2.71214208350245,0.279410768175064,3.65154690401477,2.91492706483132,0.802800227553093,-0.0661803883696431,9.71277427444748,12.2317275035788,1.12791086343083,0.221725743181784,0.159743105796336,0.0132146694770124,0.936760047593987,3.09038050074617,0.627629231887971,0.308007527024086,0.562056028556392,0.234190011898497,0.206042003880147,0.440229141826849,-0.000889625287790589,1.17362988326581e-05,1.00003590756468,1.00058663897498,0.999449591480784,0.52026649276552,0.0527427566656883,0.426990750568792,1.05138656879552,1.04850526687261,0.798271839703453,0.219852092457155,-0.0181239321606083,-0.000132746082561538,0.965571111871347,0.0197963100292335,0.999983811153404,-0.000441388278121885,0.67,0.1,1.025,0.5,0.6,0.25,0.4,0.005,0.975,0.8,0.1,1.20636104883817,0.846160857845705,0.48254441953527,0.250549465223709,0.3070409261746,0.519275283800468,-1.2547768177748,1.54305579682009,6.82667495946543
159,-0.00440145999469422,0.821339729270193,0.101376424114182,-0.00472471596638369,-0.00472471516075168,-0.00396766080274014,0.0228381504254753,0.0130659246007214,0.0117217679939897,6.77931862346221,8.73220044480828,0.900149887952487,2.70801642222303,0.278975296395344,3.64838515505696,2.91779635287131,0.796707796550113,-0.0661189943644644,9.71284901459515,12.2093264789128,1.12620733103088,0.221823506855523,0.159526139199427,0.0132011410475142,0.936263676345097,3.08750462436466,0.627296663151215,0.307764784623034,0.561758205807058,0.234065919086274,0.206089468593886,0.440172339283211,-0.000877675114758514,1.1505608679681e-05,1.00007652369661,1.00057653270533,0.999500279096722,0.520097570429101,0.0527256318805761,0.427176797690323,1.05138033724427,1.04849865848075,0.799750089111893,0.218372721817983,-0.0181228109298762,-0.000129320075354908,0.965571111871347,0.0197963100292335,1.00002568128317,-0.000441388278121885,0.67,0.1,1.025,0.5,0.6,0.25,0.4,0.005,0.975,0.8,0.1,1.20611342720496,0.846326467012816,0.482445370881983,0.250374259665866,0.306723484725782,0.519277985262514,-1.25401995208373,1.53184294995417,6.83041861975504
160,-0.00441120942917068,0.821945373396015,0.101376424049894,-0.00472471580831679,-0.00472471517716366,-0.00399081346956631,0.0228477850215181,0.0130719558954269,0.0117273306465563,6.77653569696099,8.72030724705523,0.89887145979292,2.70401217361119,0.278552595140602,3.64531222824135,2.92060740742255,0.790764195643226,-0.0660593748244316,9.71292672089027,12.1875418450205,1.12455268123139,0.221918861648874,0.159315009472064,0.0131880011223037,0.935781607107016,3.08470926549508,0.6269736767617,0.307529027486257,0.561468964264209,0.233945401776754,0.206135245142147,0.440116896000477,-0.00086600151794425,1.12783285561669e-05,1.00011612100666,1.00056673452368,0.999549641716564,0.519933794400895,0.0527090288190555,0.42735717678005,1.05137426933754,1.0484922241789,0.801195405100204,0.216926327878565,-0.0181217329787691,-0.000125972727792957,0.965571111871347,0.0197963100292335,1.0000665052288,-0.000441388278121885,0.67,0.1,1.025,0.5,0.6,0.25,0.4,0.005,0.975,0.8,0.1,1.20587213894058,0.846486419501951,0.482348855576233,0.250203834481122,0.306414030377922,0.51928193489328,-1.25328385486301,1.5208940141204,6.83411339766903
161,-0.00442066184170138,0.822532941972732,0.101376423999529,-0.00472471568448318,-0.00472471519002127,-0.00401324153074323,0.0228571703981148,0.0130778314251576,0.0117327496910691,6.77381386929195,8.70875269357679,0.897629463408729,2.70012572983396,0.278142286304033,3.64232569819758,2.9233611596192,0.784966017029216,-0.0660014784508426,9.71300749911087,12.1663567909934,1.12294550984567,0.222011867485515,0.159109563171159,0.0131752385837545,0.935313432468998,3.0819922373273,0.626659999754229,0.307300053562018,0.561188059481399,0.23382835811725,0.206179397285791,0.440062787136475,-0.000854598611123652,1.10545235330578e-05,1.00015472121415,1.00055723484909,0.999597710534772,0.519775004834827,0.0526929312744928,0.427532063890681,1.05136836111415,1.04848595972193,0.802608388663826,0.215512307814115,-0.0181206964779409,-0.000122702974231212,0.965571111871347,0.0197963100292335,1.00010630520281,-0.000441388278121885,0.67,0.1,1.025,0.5,0.6,0.25,0.4,0.005,0.975,0.8,0.1,1.20563704280733,0.846640917787721,0.482254817122934,0.250038065165151,0.306112378800748,0.519287057595481,-1.25256797931817,1.51020347213245,6.83775886424907
162,-0.00442982645794771,0.823102974466124,0.101376423960072,-0.00472471558746856,-0.00472471520009421,-0.0040349686583383,0.0228663123763501,0.0130835548153577,0.0117380284672839,6.77115229068377,8.69752716978363,0.896422862375513,2.69635359132664,0.277744003076858,3.63942319976585,2.92605853023007,0.779309924961749,-0.0659452554259672,9.71309141725765,12.1457549579131,1.12138445265445,0.222102582487194,0.158909650765939,0.0131628426280476,0.934858756186832,3.07935140662468,0.626355366645177,0.30707766671013,0.560915253712099,0.233714689046708,0.206221986143386,0.440009987720341,-0.000843460570931508,1.08342442682249e-05,1.00019234584026,1.00054802440976,0.999644516244276,0.5196210470311,0.0526773235624014,0.427701629406499,1.05136260868906,1.04847986094842,0.803989635065887,0.214130064624495,-0.0181196996903822,-0.000119509695454982,0.965571111871347,0.0197963100292335,1.00014510322061,-0.000441388278121885,0.67,0.1,1.025,0.5,0.6,0.25,0.4,0.005,0.975,0.8,0.1,1.20540799920233,0.84679015646956,0.482163199680932,0.249876830064361,0.305818349110151,0.519293281148811,-1.25187179162299,1.49976589557795,6.84135464784275
163,-0.00443871220653631,0.823655994242012,0.101376423929161,-0.00472471551146481,-0.00472471520798556,-0.00405601769137198,0.0228752166791862,0.0130891296309713,0.0117431702593405,6.76855008711406,8.68662132958349,0.895250649350573,2.69269236359742,0.277357389617702,3.63660242707578,2.92870043004446,0.773792654402308,-0.0658906573709953,9.71317850990096,12.1257204275845,1.11986818435419,0.222191063057707,0.158715126545713,0.0131508027569056,0.934417192920678,3.07678469296811,0.626059519256854,0.306861676528338,0.560650315752407,0.23360429823017,0.206263070315272,0.439958472712395,-0.000832581644743785,1.06175285004596e-05,1.00022901618698,1.00053909423243,0.999690089025768,0.519471771259845,0.0526621905024699,0.427866038237686,1.05135700825324,1.04847392378036,0.805339733658886,0.212779007306697,-0.0181187409655827,-0.000116391726655534,0.965571111871347,0.0197963100292335,1.00018292107813,-0.000441388278121885,0.67,0.1,1.025,0.5,0.6,0.25,0.4,0.005,0.975,0.8,0.1,1.2051848702741,0.846934322620436,0.482073948109641,0.249720010341932,0.305531763854637,0.519300536151169,-1.25119477071325,1.48957594466716,6.84490043217108
164,-0.00444732772924022,0.824192509046656,0.101376423904944,-0.00472471545192155,-0.00472471521416795,-0.00407641066868258,0.0228838700386858,0.0130945467943473,0.0117481664352506,6.76601092867614,8.67603503508592,0.894112867710563,2.68913894706013,0.276982152272938,3.63386120344942,2.93128781508454,0.768411026412177,-0.0658376380472936,9.71327334064759,12.1062468493165,1.11839649155855,0.222277302887871,0.15852583142051,0.0131391096223396,0.933988367974755,3.07429014310588,0.625772206543086,0.306651973336621,0.560393020784853,0.233497091993689,0.206302706000963,0.439908215880818,-0.000821960441309209,1.04001167397083e-05,1.00026475121723,1.00053043563211,0.99973445643888,0.51932703259143,0.0526475174012853,0.428025450007285,1.05135157460643,1.04846816589324,0.806659267091205,0.211458551493477,-0.0181178185846826,-0.000113341403015387,0.965571111871347,0.0197963100292335,1.00021977823086,-0.000441388278121885,0.67,0.1,1.025,0.5,0.6,0.25,0.4,0.005,0.975,0.8,0.1,1.20496752002394,0.847073593850268,0.481987008009575,0.249567506140734,0.305252416053656,0.519308613270749,-1.25053642217299,1.47962840019674,6.84839608260362
165,-0.00445568139077527,0.824713011472837,0.101376423885971,-0.00472471540527364,-0.0047247152190113,-0.00409616886028963,0.0228923175425693,0.0130998361028551,0.011753045012345,6.76352440950272,8.66574078044132,0.893006430149738,2.68568979218906,0.276617852866349,3.63119725940493,2.93382151209128,0.763161898254002,-0.0657861509403469,9.71336645861614,12.0873001391872,1.11696588374945,0.222361485797004,0.15834166488585,0.0131277516737091,0.933571924570523,3.07186569100989,0.62549318946225,0.306448221309838,0.560143154742314,0.233392981142631,0.206340948774865,0.439859192879168,-0.000811586347267179,1.01913315886457e-05,1.00029957467529,1.00052204020227,0.999777650548373,0.519186690733139,0.0526332900357174,0.428180019231144,1.05134626517551,1.04846253785307,0.807948812060125,0.210168119144555,-0.0181169312046794,-0.000110371570098129,0.965571111871347,0.0197963100292335,1.00025569845438,-0.000441388278121885,0.67,0.1,1.025,0.5,0.6,0.25,0.4,0.005,0.975,0.8,0.1,1.20475582411213,0.847208144450016,0.48190232964485,0.249419173013894,0.30498020791376,0.519317753771615,-1.24989623289184,1.46991806969541,6.8518412357479
166,-0.00446378128822844,0.825217979412056,0.101376423871108,-0.00472471536872865,-0.00472471522280582,-0.00411531279733468,0.0229005437975772,0.0131049870651386,0.0117577960261382,6.76109455504764,8.65573976975666,0.891931532229648,2.68234195305566,0.276264217952776,3.62860845735989,2.93630240513379,0.758042203995807,-0.0657361517697066,9.71346270475867,12.0688755570687,1.1155763184587,0.222443592975863,0.158162470912915,0.013116720045978,0.933167499635654,3.06950941151878,0.625222224755888,0.306250327915021,0.559900499781393,0.233291874908914,0.206377848398626,0.439811384103584,-0.000801453940279985,9.9860774557628e-06,1.00033350651675,1.00051389980533,0.999819699367882,0.519050609871944,0.0526194946369353,0.428329895491121,1.05134109691972,1.04845705986958,0.809208940462793,0.208907136965029,-0.0181160774278226,-0.000107473200492138,0.965571111871347,0.0197963100292335,1.00029070272939,-0.000441388278121885,0.67,0.1,1.025,0.5,0.6,0.25,0.4,0.005,0.975,0.8,0.1,1.20454963902294,0.847338151114185,0.481819855609177,0.249274914867217,0.304714931270258,0.519327731539286,-1.24927371924177,1.46043986767075,6.85523573311884
167,-0.0044716352601336,0.825707876493238,0.101376423859464,-0.00472471534009822,-0.00472471522577844,-0.00413386230067481,0.0229085541101369,0.0131100029885581,0.0117624225238052,6.75872043492877,8.6460236766002,0.890887277023928,2.67909243101677,0.275920932462484,3.62609272027976,2.93873136913176,0.753048948683661,-0.0656875975356564,9.71356202422117,12.0509588520249,1.11422661734073,0.222523674712086,0.157988118233513,0.0131060053899772,0.932774749046282,3.06721942874665,0.624959081861009,0.306058124122955,0.559664849427769,0.23319368726157,0.206413454551447,0.439764759351735,-0.000791557894659908,9.78434772553696e-06,1.00036656696661,1.00050600656357,0.999860630924715,0.518918658523126,0.0526061178750247,0.42847522360185,1.05133606634466,1.04845172820907,0.810440216461321,0.207675039435888,-0.0181152558972088,-0.000104645021545717,0.965571111871347,0.0197963100292335,1.00032481175432,-0.000441388278121885,0.67,0.1,1.025,0.5,0.6,0.25,0.4,0.005,0.975,0.8,0.1,1.20434883501719,0.847463763595111,0.481739534006875,0.249134623868518,0.30445642229007,0.519338487862861,-1.2486684094749,1.45118880640539,6.85857946330755
168,-0.00447925089520982,0.826183152508367,0.101376423850341,-0.00472471531766838,-0.00472471522810736,-0.00415183650820017,0.0229163537168934,0.0131148871385538,0.0117669275143672,6.75640110058191,8.63658439078094,0.88987279084852,2.67593831267326,0.275587690781475,3.62364802507598,2.94110927007607,0.748179201479994,-0.065640446480078,9.71366433574645,12.0335361412579,1.11291563376882,0.222601780008465,0.157818478963122,0.0130955986189032,0.932393338296868,3.06499391506657,0.624703536658902,0.305871445741532,0.559436002978121,0.233098334574217,0.206447814919991,0.439719294019479,-0.000781892968702863,9.58614434688458e-06,1.0003987759631,1.00049835285031,0.999900472712492,0.51879070938449,0.0525931468441812,0.428616143771329,1.05133116999874,1.04844653918162,0.811643197607436,0.206471267711816,-0.0181144653192521,-0.00010188575371815,0.965571111871347,0.0197963100292335,1.00035804593644,-0.000441388278121885,0.67,0.1,1.025,0.5,0.6,0.25,0.4,0.005,0.975,0.8,0.1,1.20415328447202,0.847585136096936,0.481661313788807,0.248998194721108,0.304204520451731,0.519349966732063,-1.24807984345474,1.44215998464517,6.86187236019084
169,-0.00448663554077632,0.826644243825416,0.101376423843194,-0.00472471530009633,-0.00472471522993179,-0.00416925390094214,0.022923947751895,0.013119642717024,0.0117713139483749,6.75413559727994,8.62741403194206,0.888887224876301,2.67287677208884,0.275264196439396,3.62127240153084,2.94343696517407,0.743430094408174,-0.0655946580514055,9.71376954370644,12.0165939193287,1.11164225416919,0.222677956538382,0.157653428508712,0.0130854909048934,0.932022942245777,3.06283109019148,0.624455371304671,0.305690133374827,0.559213765347466,0.233005735561444,0.206480975285947,0.439674963685599,-0.000772454008106363,9.39146191905287e-06,1.000430153147,1.00049093128152,0.999939251688725,0.518666639195945,0.0525805690484533,0.428752791755602,1.05132640450544,1.04844148917908,0.812818434738616,0.205295269721483,-0.0181137044600996,-9.91941044008776e-05,0.965571111871347,0.0197963100292335,1.00039042538153,-0.000441388278121885,0.67,0.1,1.025,0.5,0.6,0.25,0.4,0.005,0.975,0.8,0.1,1.20396286191208,0.84770241704228,0.481585144764832,0.248865524692877,0.303959068493612,0.51936211453362,-1.24750757244486,1.43334858698578,6.86511440105535
170,-0.00449379631085766,0.827091573788967,0.101376423837595,-0.00472471528632989,-0.0047247152313612,-0.004186132328033,0.0229313412469238,0.0131242728625081,0.0117755847180741,6.7519229662703,8.61850494335371,0.887929754459133,2.66990506816701,0.274950161836059,3.61896393121701,2.94571530296505,0.738798821122395,-0.0655501928704343,9.71387754032346,12.0001190481982,1.11040539709667,0.222752250699642,0.157492845488165,0.0130756736719145,0.931663244876172,3.06072922023999,0.624214374067035,0.30551403228095,0.558997946925703,0.232915811219043,0.20651297961152,0.439631744133965,-0.000763235948686547,9.20028855497256e-06,1.00046071785346,1.00048373470759,0.999976994274536,0.518546328604228,0.0525683723880112,0.428885299007761,1.05132176656247,1.0484365746739,0.813966471883223,0.204146500259033,-0.0181129721422553,-9.65687720976599e-05,0.965571111871347,0.0197963100292335,1.00042196988501,-0.000441388278121885,0.67,0.1,1.025,0.5,0.6,0.25,0.4,0.005,0.975,0.8,0.1,1.20377744404677,0.8478157493031,0.481510977618709,0.248736513571353,0.30371991237907,0.519374879985362,-1.24695115889462,1.42474988321877,6.86830560473871
171,-0.00450074009399193,0.827525553108877,0.101376423833209,-0.00472471527554497,-0.00472471523248097,-0.00420248903057807,0.0229385391320137,0.0131287806504873,0.01177974265768,6.74976224671049,8.6098496858074,0.886999578461388,2.66702054209463,0.274645307975479,3.61672074640882,2.9479451234095,0.734282635696291,-0.0655070126969737,9.71398820766453,11.9840987474584,1.1092040123287,0.222824707665045,0.157336611651278,0.0130661385888082,0.931313939060698,3.05868661679089,0.623980339170667,0.305342992233888,0.558788363436419,0.232828484765174,0.206543870120508,0.439589611379477,-0.000754233818490203,9.01260664426031e-06,1.0004904891051,1.00047675620554,1.00001372635544,0.518429662032549,0.0525565451459189,0.429013792821532,1.05131725294076,1.04843179221801,0.815087846175811,0.203024421065617,-0.0181122672414281,-9.40084501402977e-05,0.965571111871347,0.0197963100292335,1.00045269892461,-0.000441388278121885,0.67,0.1,1.025,0.5,0.6,0.25,0.4,0.005,0.975,0.8,0.1,1.20359690979929,0.847925270433076,0.481438763919717,0.248611063617883,0.303486901259518,0.519388214070169,-1.24641017622256,1.41635922762882,6.87144602979194
172,-0.00450747356075449,0.827946580237344,0.101376423829773,-0.00472471526709572,-0.00472471523335827,-0.00421834066449389,0.0229455462360953,0.0131331690937661,0.0117837905437257,6.74765247742955,8.60144103164151,0.886095918608294,2.66422061485785,0.274349364207314,3.61454102898894,2.95012725795554,0.729878851430745,-0.0654650803973451,9.71410141943964,11.9685205847823,1.10803707998076,0.222895371429809,0.157184611802368,0.0130568775624987,0.930974726330131,3.05670163593019,0.623753066641188,0.3051768673894,0.558584835798079,0.232743681582533,0.206573687375251,0.43954854169102,-0.000745442739326014,8.82839358741437e-06,1.00051948560644,1.00046998907144,1.0000494732831,0.518316527554975,0.0525450759753891,0.429138396469636,1.05131286048348,1.04842713844163,0.816183087782222,0.201928500901368,-0.0181115886835901,-9.15118300653055e-05,0.965571111871347,0.0197963100292335,1.00048263165432,-0.000441388278121885,0.67,0.1,1.025,0.5,0.6,0.25,0.4,0.005,0.975,0.8,0.1,1.20342114032825,0.848031112888639,0.481368456131301,0.248489079521252,0.303259887435669,0.519402069969706,-1.24588420859849,1.40817205824742,6.87453577266717
173,-0.00451400317100852,0.828355041734734,0.10137642382708,-0.00472471526047635,-0.0047247152340455,-0.00423370332236561,0.0229523672877563,0.0131374411429248,0.0117877310954756,6.74559269852862,8.59327195889958,0.885218018849233,2.66150278482874,0.27406206797557,3.61242300935384,2.95226252958531,0.72558483968125,-0.0654243599127152,9.71421704262034,11.9533724665928,1.10690360964345,0.222964284856069,0.157036733724477,0.0130478827313617,0.930645316646129,3.05477267729396,0.623532362152907,0.305015516154881,0.558387189987677,0.232661329161532,0.206602470349651,0.43950851161167,-0.000736857927799678,8.64762244056438e-06,1.00054772573937,1.00046342681314,1.00008425987794,0.51820681677534,0.0525339538874991,0.429259229337161,1.05130858610497,1.04842261005203,0.817252719834028,0.200858215608202,-0.0181109354422295,-8.9077604632868e-05,0.965571111871347,0.0197963100292335,1.00051178689952,-0.000441388278121885,0.67,0.1,1.025,0.5,0.6,0.25,0.4,0.005,0.975,0.8,0.1,1.20325001904255,0.848133404239279,0.481300007617019,0.24837046835088,0.303038726317176,0.519416402998158,-1.24537285072471,1.40018389606753,6.87757496593384
174,-0.00452033518089398,0.828751312624482,0.101376423824971,-0.0047247152552905,-0.00472471523458395,-0.00424859255437193,0.0229590069161039,0.0131415996868359,0.011791566975399,6.7435819528334,8.58533564562205,0.884365144735998,2.65886462542134,0.273783164574456,3.61036496532104,2.95435175284423,0.72139802870507,-0.065384816228259,9.71433493889376,11.9386426289506,1.10580263954095,0.22303148971467,0.156892868105178,0.013039146458754,0.930325428178218,3.05289818311004,0.623318036879406,0.304858801063075,0.558195256906931,0.232581357044554,0.206630256498529,0.439469497976378,-0.000728474695936354,8.47026247191517e-06,1.00057522755969,1.0004570631432,1.00011811043256,0.518100424710512,0.0525231682393505,0.429376407050138,1.05130442678971,1.04841820383232,0.818297258371948,0.199813048163837,-0.0181103065357845,-8.6704470485129e-05,0.965571111871347,0.0197963100292335,1.00054018315324,-0.000441388278121885,0.67,0.1,1.025,0.5,0.6,0.25,0.4,0.005,0.975,0.8,0.1,1.20308343161016,0.848232267367724,0.481233372644065,0.24825513950975,0.302823276380909,0.519431170536173,-1.24487570761721,1.39239034422361,6.88056377652638
175,-0.00452647564956524,0.829135756737405,0.101376423823319,-0.00472471525122786,-0.00472471523500584,-0.00426302338832396,0.0229654696517205,0.0131456475532398,0.0117953007896963,6.7416192872093,8.57762546427175,0.883536582816,2.65630378281585,0.273512406911235,3.60836522104069,2.95639573385549,0.717315902528343,-0.0653464153431399,9.71445496596575,11.9243196286603,1.1047332357108,0.223097026724458,0.156752908463988,0.0130306613267028,0.930014787085113,3.05107663724104,0.623109907347026,0.304706588649566,0.558008872251068,0.232503696771278,0.2066570818235,0.439431477927373,-0.000720288451414826,8.29627968885639e-06,1.00060200879466,1.00045089197219,1.00015104871582,0.517997249677828,0.052512708722653,0.42949004159952,1.0513003795912,1.04841391664016,0.81931721229785,0.198792488727395,-0.0181097010252454,-8.43911305689705e-05,0.965571111871347,0.0197963100292335,1.00056783857339,-0.000441388278121885,0.67,0.1,1.025,0.5,0.6,0.25,0.4,0.005,0.975,0.8,0.1,1.2029212659615,0.848327820660595,0.481168506384599,0.2481430046872,0.302613399128049,0.519446331965214,-1.2443923943872,1.38478708714087,6.88350240402593
176,-0.00453243044568775,0.829508727045744,0.101376423822024,-0.00472471524804507,-0.00472471523533624,-0.00427701034886263,0.0229717599277016,0.0131495875093713,0.0117989350888729,6.7397037537503,8.57013497629282,0.882731640040358,2.65381797374949,0.273249555275964,3.60642214591394,2.95839527032206,0.713335999833177,-0.0653091242412956,9.71457697872602,11.910392334593,1.10369449120478,0.22316093558925,0.156616751081381,0.0130224201297524,0.929713127300455,3.04930656423113,0.622907795291305,0.30455874933389,0.557827876380273,0.232428281825114,0.206682980935584,0.43939442892745,-0.0007122946974602,8.12563731332333e-06,1.00062808684127,1.00044490740208,1.00018309797754,0.517897193186547,0.0525025653527163,0.429600241460736,1.05129644163089,1.04840974540653,0.820313083334953,0.197796034676959,-0.0181091180119121,-8.21362962456952e-05,0.965571111871347,0.0197963100292335,1.00059477098091,-0.000441388278121885,0.67,0.1,1.025,0.5,0.6,0.25,0.4,0.005,0.975,0.8,0.1,1.20276341228776,0.848420178190036,0.481105364915104,0.24803397781169,0.302408959040192,0.519461848602442,-1.2439225360236,1.37736988965729,6.88639107897811
177,-0.00453820525370319,0.829870565987237,0.10137642382101,-0.00472471524555163,-0.00472471523559514,-0.00429056747585344,0.022977882080766,0.0131534222626326,0.0118024723683566,6.73783441085107,8.56285792680278,0.881949643186782,2.65140498337241,0.272994377117949,3.60453415351987,2.96035115151815,0.709455912864738,-0.0652729108630167,9.71470083028714,11.8968499192243,1.10268552531068,0.223223255032654,0.156484294929383,0.0130144158689676,0.929420190322999,3.04758652835855,0.62271152751641,0.304415157304243,0.5576521141938,0.23235504758075,0.206707987114728,0.439358328771345,-0.000704489032476629,7.95829617071233e-06,1.00065347876537,1.00043910372003,1.00021428095378,0.51780015983315,0.0524927284578323,0.429707111709018,1.051292610097,1.0484056871344,0.821285365995875,0.196823190639422,-0.0181085566352971,-7.99386891674234e-05,0.965571111871347,0.0197963100292335,1.00062099785869,-0.000441388278121885,0.67,0.1,1.025,0.5,0.6,0.25,0.4,0.005,0.975,0.8,0.1,1.20260976303496,0.848509449886841,0.481043905213984,0.247927975003664,0.302209823534636,0.519477683636319,-1.2434657671767,1.37013459612169,6.88923006124878
178,-0.00454380557987258,0.830221605779516,0.101376423820216,-0.00472471524359808,-0.00472471523579798,-0.00430370834202021,0.0229838403524317,0.0131571544613068,0.0118059150691507,6.73601032417154,8.55578823941685,0.881189938297138,2.64906266316735,0.272746646828776,3.60269970055313,2.96226415827219,0.705673286358247,-0.0652377440773032,9.71482637290821,11.883681850384,1.1017054827947,0.223284022830895,0.156355441603741,0.0130066417460906,0.929135725011328,3.04591513269574,0.62252093575759,0.304275690405644,0.557481435006797,0.232283931252832,0.206732132366413,0.439323155595367,-0.000696867149410078,7.79421508391019e-06,1.0006782013015,1.00043347539223,1.00024461987258,0.517706057200329,0.0524831886690334,0.429810754130638,1.05128888224344,1.04840173889749,0.822234547558161,0.195873468513002,-0.0181080160711622,-7.77970429577875e-05,0.965571111871347,0.0197963100292335,1.00064653635132,-0.000441388278121885,0.67,0.1,1.025,0.5,0.6,0.25,0.4,0.005,0.975,0.8,0.1,1.20246021289394,0.848595741705546,0.480984085157576,0.247824914528581,0.302015862918981,0.51949380206301,-1.24302173194357,1.36307712947076,6.89201963841935
179,-0.00454923675810584,0.830562168725128,0.101376423819593,-0.00472471524206775,-0.00472471523595686,-0.00431644606985215,0.0229896388902483,0.0131607866953081,0.0118092655785226,6.73423056750211,8.54892001120299,0.880451890129488,2.64678892893131,0.272506145531777,3.60091728577344,2.96413506294268,0.701985816485747,-0.0652035936549842,9.71495345881307,11.8708778832165,1.10075353316413,0.223343275843805,0.156230095257659,0.012999091157851,0.92885948738307,3.04429101817851,0.622335856546657,0.30414023003144,0.557315692429842,0.232214871845768,0.20675544747552,0.439288887885432,-0.000689424834909779,7.63335119383024e-06,1.00070227085333,1.0004280170581,1.00027413646015,0.517614795759536,0.0524739369102109,0.429911267330253,1.05128525538862,1.04839789783897,0.823161108046957,0.194946387482723,-0.0181074955296795,-7.57101046458708e-05,0.965571111871347,0.0197963100292335,1.0006714032654,-0.000441388278121885,0.67,0.1,1.025,0.5,0.6,0.25,0.4,0.005,0.975,0.8,0.1,1.20231465878686,0.848679155781917,0.480925863514745,0.247724716750222,0.30182695034521,0.519510170623732,-1.24259008365534,1.35619349028783,6.8947601242227
180,-0.0045545039555865,0.830892567507448,0.101376423819106,-0.0047247152408687,-0.00472471523608131,-0.00432879334782044,0.0229952817490788,0.0131643214969626,0.0118125262307195,6.73249422353742,8.54224750776672,0.879734881624469,2.64458175881793,0.272272660877766,3.5991854489686,2.9659646293887,0.698391249822491,-0.0651704302425854,9.71508194091262,11.8584280523473,1.09982886995007,0.223401050044094,0.156108162537066,0.0129917576904241,0.928591240418669,3.04271286268571,0.622156131080508,0.304008661018114,0.557154744251201,0.232147810104667,0.206777962057593,0.439255504483651,-0.000682157968307947,7.47566025564595e-06,1.00072570349464,1.00042272352464,1.00030285194736,0.517526288776944,0.0524649643885804,0.430008746834476,1.05128172691432,1.04839416117015,0.824065520224487,0.194041474029221,-0.0181069942537085,-7.36766359521472e-05,0.965571111871347,0.0197963100292335,1.00069561507051,-0.000441388278121885,0.67,0.1,1.025,0.5,0.6,0.25,0.4,0.005,0.975,0.8,0.1,1.20217299985056,0.848759790583259,0.480869199940226,0.247627304084322,0.301642961763338,0.519526757743113,-1.24217048466673,1.34947975584579,6.89745185702093
181,-0.00455961217819933,0.831213105477767,0.101376423818724,-0.00472471523992946,-0.0047247152361789,-0.00434076244593518,0.0230007728924238,0.0131677613418174,0.0118156993077104,6.73080038456604,8.5357651584642,0.879038313385833,2.64243919143882,0.272045986846894,3.59750276993201,2.96775361293622,0.694887382332713,-0.0651382253369276,9.71521167343965,11.846322664254,1.09893071000984,0.223457380545042,0.155989552517408,0.0129846351140373,0.92833075386967,3.04117938013064,0.621981605092679,0.303880871543244,0.556998452321802,0.232082688467417,0.206799704607652,0.439222984593588,-0.000675062520436699,7.32109691142976e-06,1.0007485149709,1.00041758976091,1.0003307870767,0.517440452222684,0.0524562625854789,0.430103285191837,1.05127829426453,1.04839052616921,0.824948249586011,0.193158261931169,-0.0181065115171803,-7.16954143912727e-05,0.965571111871347,0.0197963100292335,1.00071918790072,-0.000441388278121885,0.67,0.1,1.025,0.5,0.6,0.25,0.4,0.005,0.975,0.8,0.1,1.20203513741714,0.848837741051921,0.480814054966854,0.247532600952623,0.301463775874788,0.519543533468652,-1.24176260614799,1.34293207913645,6.90009519832551
182,-0.00456456627576877,0.831524076933806,0.101376423818424,-0.0047247152391936,-0.00472471523625528,-0.0043523652306765,0.0230061161937839,0.0131711086494724,0.0118187870399501,6.72914815308221,8.52946755174105,0.878361603174837,2.64035932402241,0.271825923556469,3.59586786745566,2.96950276034154,0.691472058374563,-0.0651069512604409,9.71534251250378,11.8345522898364,1.09805829284859,0.223512301626724,0.155874176641942,0.0129777173777207,0.928077804071521,3.0396893195651,0.621812128727919,0.303756753026581,0.556846682442912,0.23201945101788,0.206820702546691,0.439191307784335,-0.000668134552345646,7.1696148947828e-06,1.00077072070123,1.00041261089285,1.00035796210931,0.517357204683236,0.0524478232474831,0.430194972069281,1.05127495494428,1.04838699017988,0.825809754361939,0.192296292261642,-0.0181060466235805,-6.97652342213154e-05,0.965571111871347,0.0197963100292335,1.00074213755656,-0.000441388278121885,0.67,0.1,1.025,0.5,0.6,0.25,0.4,0.005,0.975,0.8,0.1,1.201900974992,0.848913098742367,0.480760389996801,0.247440533737375,0.301289274085551,0.519560469411362,-1.24136612787958,1.33654668788837,6.90269053136054
183,-0.00456937094711524,0.831825767389917,0.10137642381819,-0.00472471523861706,-0.00472471523631512,-0.00436361317932599,0.0230113154380521,0.013174365784433,0.0118217916071607,6.72753664232623,8.52334943059557,0.877704185418326,2.63834031062886,0.271612277074589,3.59427939833957,2.97121280975281,0.688143169723931,-0.0650765811371778,9.71547431657393,11.8231077571836,1.09721087995994,0.223565846760866,0.155761948661502,0.0129709986041995,0.927832173760861,3.03824146429692,0.621647556419777,0.303636200034065,0.556699304256517,0.231958043440215,0.206840982265979,0.439160453993488,-0.000661370213871028,7.02116728019897e-06,1.0007923357808,1.00040778219815,1.00038439683246,0.517276467276853,0.0524396383778343,0.430283894345313,1.0512717065185,1.04838355061018,0.82665048552581,0.191455113378715,-0.0181055989045251,-6.78849072674963e-05,0.965571111871347,0.0197963100292335,1.00076447950746,-0.000441388278121885,0.67,0.1,1.025,0.5,0.6,0.25,0.4,0.005,0.975,0.8,0.1,1.20177041822988,0.848985951952158,0.480708167291951,0.247351030736363,0.30111934045926,0.519577538687631,-1.24098073804958,1.33031988357519,6.90523825966943
184,-0.0045740307449366,0.832118453839231,0.101376423818006,-0.00472471523816542,-0.00472471523636209,-0.00437451739372774,0.0230163743229321,0.013177535056979,0.0118247151391299,6.72596497675922,8.51740568816425,0.877065510730265,2.63638036041935,0.271404859239435,3.59273605641812,2.97288449067076,0.684898654616869,-0.0650470888695082,9.71560694689513,11.8119801445342,1.09638775418512,0.223618048634452,0.155652784575719,0.0129644730849254,0.927593651897252,3.03683463102192,0.621487746771159,0.303519110184819,0.556556191138351,0.231898412974313,0.206860569169297,0.439130403529144,-0.000654765742152684,6.87570663181277e-06,1.00081337498363,1.00040309910134,1.00041011056709,0.517198163571901,0.0524317002281596,0.43037013619994,1.05126854661084,1.04838020493116,0.827470886807829,0.190634280910593,-0.0181051677184222,-6.6053263608697e-05,0.965571111871347,0.0197963100292335,1.00078622889453,-0.000441388278121885,0.67,0.1,1.025,0.5,0.6,0.25,0.4,0.005,0.975,0.8,0.1,1.20164337490877,0.849056385847156,0.480657349963509,0.247264022118485,0.300953861670239,0.519594715862359,-1.24060613305409,1.32424804041605,6.90773880576516
185,-0.00457855008052121,0.832402405007969,0.101376423817862,-0.00472471523781159,-0.00472471523639872,-0.00438508861350573,0.0230212964603783,0.0131806187240478,0.0118275597165216,6.72443229247708,8.51163136342706,0.8764450454464,2.63447773597835,0.271203487484058,3.59123657160414,2.97451852390929,0.68173649681033,-0.0650184491154802,9.71574026784531,11.8011607734246,1.09558821909022,0.223668939172143,0.155546602575669,0.0129581352752447,0.927362033489315,3.03546766897062,0.621332562437841,0.303405384060903,0.556417220093589,0.231840508372329,0.206879487713209,0.439101137071001,-0.000648317460068012,6.73318517886954e-06,1.00083385276568,1.00039855716908,1.00043512217554,0.517122219508003,0.052424001290477,0.43045377920152,1.05126547290253,1.04837695067557,0.828271394713668,0.189833357735544,-0.0181047524492125,-6.42691521522772e-05,0.965571111871347,0.0197963100292335,1.00080740053372,-0.000441388278121885,0.67,0.1,1.025,0.5,0.6,0.25,0.4,0.005,0.975,0.8,0.1,1.2015197549024,0.84912448258125,0.48060790196096,0.247179439879928,0.300792726956614,0.519611976893413,-1.24024201730079,1.3183276043697,6.91019260982432
186,-0.00458293322829918,0.83267788160217,0.10137642381775,-0.00472471523753437,-0.00472471523642759,-0.00439533722875995,0.0230260853780527,0.0131836189901285,0.0118303273716966,6.72293773756912,8.50602163703042,0.875842271171851,2.63263075168736,0.271007984666527,3.58977970895091,2.97611562155686,0.678654724660885,-0.0649906372668301,9.71587414723813,11.7906412020223,1.09481159836125,0.223718549557618,0.155443322987915,0.0129519797896988,0.927137119425227,3.0341394590704,0.621181870014902,0.303294925119848,0.556282271655136,0.231784279856307,0.206897761445473,0.439072635670655,-0.00064202177461822,6.59355495185517e-06,1.00085378326824,1.00039415210556,1.00045945006946,0.517048563319881,0.0524165342894748,0.430534902390644,1.05126248313123,1.04837378543665,0.829052438548272,0.189051913956913,-0.0181043525051848,-6.25314411120474e-05,0.965571111871347,0.0197963100292335,1.00082800891926,-0.000441388278121885,0.67,0.1,1.025,0.5,0.6,0.25,0.4,0.005,0.975,0.8,0.1,1.20139947015112,0.849190321410902,0.480559788060447,0.247097217800979,0.300635828073557,0.519629299077425,-1.23988810301562,1.31255509212395,6.91260012842465
187,-0.00458718433023779,0.832945136547056,0.101376423817661,-0.00472471523731721,-0.00472471523645013,-0.00440527329226836,0.0230307445207938,0.0131865380081648,0.0118330200895423,6.7214804724253,8.50057182722537,0.875256684341308,2.63083777214872,0.270818178905281,3.58836426773267,2.97767648693917,0.675651410221121,-0.0649636294276251,9.71600845657668,11.7804132186403,1.09405723521642,0.223766910253909,0.155342868219933,0.0129460013974559,0.926918716307511,3.03284891312341,0.621035539926032,0.3031876396098,0.556151229784506,0.231729679076878,0.206915413041705,0.439044880751178,-0.000635875175246437,6.45676793517453e-06,1.00087318032155,1.00038987974811,1.00048311221777,0.516977125463798,0.0524092921750543,0.430613582361148,1.05125957508988,1.04837070686684,0.829814440444375,0.188289526873485,-0.0181039673178595,-6.08390184002906e-05,0.965571111871347,0.0197963100292335,1.00084806822739,-0.000441388278121885,0.67,0.1,1.025,0.5,0.6,0.25,0.4,0.005,0.975,0.8,0.1,1.20128243463167,0.849253978804759,0.480512973852667,0.247017291403488,0.300483059246711,0.519646660996958,-1.23954411005281,1.30692709008154,6.91496183332613
188,-0.00459130740008707,0.833204415219251,0.101376423817592,-0.00472471523714713,-0.00472471523646778,-0.00441490653121335,0.0230352772520958,0.0131893778804642,0.0118356398083071,6.72005966999675,8.49527738591879,0.874687795791609,2.6290972106579,0.270633903419529,3.58698908054372,2.97920181458387,0.672724668353374,-0.0649374023935222,9.71614307126303,11.7704688354273,1.09332449183549,0.223814051022788,0.155245162706872,0.0129401950178696,0.926706636292061,3.03159497300066,0.620893446315681,0.303083436487298,0.556023981775236,0.231676659073015,0.206932464340369,0.439017854106026,-0.000629874232179945,6.32277612382021e-06,1.00089205744874,1.00038573606291,1.00050612615472,0.516907838546496,0.052402268115125,0.430689893338379,1.05125674662559,1.04836771267659,0.830557815395489,0.187545780945446,-0.0181035963409358,-5.91907919067209e-05,0.965571111871347,0.0197963100292335,1.00086759232029,-0.000441388278121885,0.67,0.1,1.025,0.5,0.6,0.25,0.4,0.005,0.975,0.8,0.1,1.20116856432587,0.84931552854859,0.480467425730346,0.24693959790902,0.300334317125872,0.519664042469054,-1.2392097657082,1.30144025334385,6.91727821029504
189,-0.00459530632748107,0.833455955672068,0.101376423817538,-0.00472471523701379,-0.00472471523648166,-0.00442424635845584,0.0230396868555924,0.0131921406596114,0.0118381884204404,6.7186745160131,8.4901338948348,0.874135130346371,2.62740752772299,0.270454996374566,3.58565301241643,2.98069229018758,0.669872655860483,-0.0649119336316274,9.71627787076778,11.7608002822313,1.09261274880547,0.22386000094329,0.155150132859646,0.0129345557161621,0.926500696931346,3.03037660985232,0.620755466944002,0.302982227337476,0.555900418158807,0.231625174232836,0.206948936376189,0.438991537897378,-0.000624015594698453,6.1915316745213e-06,1.00091042786984,1.00038171714088,1.00052850898802,0.516840637256543,0.0523954554886456,0.430763907254812,1.05125399563848,1.04836480063306,0.831282971293097,0.186820267756203,-0.0181032390492998,-5.75856897397299e-05,0.965571111871347,0.0197963100292335,1.00088659475026,-0.000441388278121885,0.67,0.1,1.025,0.5,0.6,0.25,0.4,0.005,0.975,0.8,0.1,1.20105777718844,0.849375041845785,0.480423110875377,0.246864076197698,0.300189500738958,0.519681424495179,-1.23888480453604,1.29609130469356,6.91954975797077
190,-0.00459918488190016,0.833699988854078,0.101376423817495,-0.00472471523690943,-0.00472471523649243,-0.00443330188337732,0.0230439765365446,0.0131948283493843,0.0118406677734332,6.71732420916041,8.48513706178432,0.873598226412432,2.62576722962997,0.270281300731854,3.58435495995821,2.98214859058593,0.667093570633219,-0.0648872012609395,9.71641273876368,11.7514000006312,1.09192140458258,0.223904788429424,0.155057707014306,0.0129290786992289,0.926300721021711,3.02919282333462,0.620621483084546,0.302883926296761,0.555780432613026,0.231575180255428,0.206964849412075,0.438965914653934,-0.000618295989441867,6.06298693995966e-06,1.00092830450605,1.00037781919369,1.00055027740699,0.516775458297999,0.0523888478788984,0.430835693823102,1.05125132008061,1.04836196855898,0.831990308967809,0.186112585970277,-0.0181028949380861,-5.60226603765369e-05,0.965571111871347,0.0197963100292335,1.00090508876405,-0.000441388278121885,0.67,0.1,1.025,0.5,0.6,0.25,0.4,0.005,0.975,0.8,0.1,1.20094999311415,0.84943258741363,0.480379997245662,0.246790666767776,0.300048511446322,0.519698789212569,-1.23856896816918,1.2908770335772,6.92177698677485
191,-0.00460294671649968,0.833936738821148,0.101376423817462,-0.0047247152368276,-0.00472471523650098,-0.00444208192230677,0.0230481494233276,0.0131974429056705,0.0118430796706609,6.71600796122273,8.48028271703964,0.873076635587769,2.62417486705233,0.270112664103732,3.58309385050744,2.98357138372673,0.664385650814072,-0.0648631840333616,9.71654756322698,11.7422606381323,1.0912498749697,0.223948441247128,0.154967815382682,0.0129237593115622,0.92610653645471,3.02804264085328,0.620491379424655,0.302788449977828,0.555663921872826,0.231526634113677,0.206980222969613,0.438940967268256,-0.000612712218659444,5.93709459777188e-06,1.00094569998411,1.00037403854992,1.00057144769072,0.516712240326314,0.0523824390669908,0.430905320606695,1.05124871795484,1.0483592143314,0.832680222234256,0.185422341287537,-0.0181025635217926,-5.45006727659789e-05,0.965571111871347,0.0197963100292335,1.00092308730733,-0.000441388278121885,0.67,0.1,1.025,0.5,0.6,0.25,0.4,0.005,0.975,0.8,0.1,1.20084513390432,0.849488231575578,0.480338053561729,0.246719311695935,0.299911252895454,0.519716119846975,-1.23826200514278,1.28579429508869,6.92396041786163
192,-0.00460659537180965,0.834166422942159,0.101376423817436,-0.00472471523676354,-0.00472471523650764,-0.00445059500855349,0.0230522085689152,0.0131999862373825,0.0118454258722241,6.71472499719076,8.47556680981227,0.872569922280687,2.62262903370385,0.269948938612608,3.58186864130851,2.98496132864673,0.661747173977049,-0.0648398613152666,9.71668223650979,11.7333750425226,1.09059759260932,0.223990986530528,0.15488039000426,0.0129185930312894,0.925917976072393,3.0269251168236,0.620365043968503,0.30269571739692,0.555550785643436,0.231479494018098,0.206995075858224,0.43891667899368,-0.000607261158525739,5.8138076509203e-06,1.0009626266408,1.00037037165133,1.00059203571623,0.516650923886371,0.0523762230255746,0.430972853088055,1.05124618731376,1.04835653588051,0.833353097939481,0.184749146393961,-0.0181022443334425,-5.30187163533699e-05,0.965571111871347,0.0197963100292335,1.00094060302929,-0.000441388278121885,0.67,0.1,1.025,0.5,0.6,0.25,0.4,0.005,0.975,0.8,0.1,1.20074312323294,0.849542038349695,0.480297249293175,0.246649954598318,0.299777630976082,0.5197334006668,-1.23796367072147,1.28084000895465,6.92610058210986
193,-0.00461013427931044,0.834389252098578,0.101376423817416,-0.00472471523671336,-0.00472471523651286,-0.00445884940205976,0.0230561569523604,0.0132024602073713,0.0118477080957886,6.71347455533997,8.47098540483087,0.87207766333991,2.62112836503306,0.269789980754522,3.58067831870568,2.98631907545211,0.659176456323176,-0.0648172130696001,9.71681665538657,11.7247362563845,1.08996400649116,0.224032450797532,0.154795364699268,0.0129135754663247,0.925734877526478,3.02583933194722,0.620242367942741,0.302605649903296,0.555440926515887,0.23143371938162,0.207009426203037,0.438893033440863,-0.000601939757422781,5.69307952558368e-06,1.00097909652761,1.00036681504929,1.00061205696661,0.516591451352606,0.0523701939127756,0.431038354734619,1.0512437262586,1.04835393118849,0.83400931601462,0.184092620909171,-0.0181019369237913,-5.15758010874407e-05,0.965571111871347,0.0197963100292335,1.00095764828739,-0.000441388278121885,0.67,0.1,1.025,0.5,0.6,0.25,0.4,0.005,0.975,0.8,0.1,1.20064388661241,0.849594069533472,0.480257554644966,0.246582540592321,0.29964755377574,0.519750616938635,-1.23767372673005,1.27601115852234,6.92819801915475
194,-0.00461356676488887,0.834605430878075,0.1013764238174,-0.00472471523667395,-0.00472471523651685,-0.00446685309869232,0.0230599974802679,0.0132048666333354,0.0118499280174204,6.71225588728122,8.4665346790172,0.871599447695373,2.61967153695827,0.269635651266913,3.57952189735595,2.98764526530308,0.656671851891374,-0.0647952198385064,9.71695072107759,11.7163375117591,1.08934858147441,0.224072859964831,0.154712675022936,0.0129087023506307,0.925557083141318,3.02478439250541,0.620123245704683,0.302518171110862,0.555334249884791,0.23138927078533,0.207023291471547,0.438870014573998,-0.000596745034255745,5.57486409881936e-06,1.00099512141533,1.00036336540129,1.00063152653915,0.516533766871125,0.0523643460663251,0.43110188706255,1.05124133293819,1.04835139828835,0.834649249529647,0.183452391330929,-0.0181016408605759,-5.01709573686328e-05,0.965571111871347,0.0197963100292335,1.00097423515214,-0.000441388278121885,0.67,0.1,1.025,0.5,0.6,0.25,0.4,0.005,0.975,0.8,0.1,1.20054735135913,0.849644384785199,0.480218940543652,0.246517016259125,0.299520931535801,0.51976775488417,-1.23739194138768,1.27130478975097,6.93025327645943
195,-0.00461689605217903,0.834815157762365,0.101376423817387,-0.0047247152366432,-0.00472471523652007,-0.00447461383918646,0.0230637329882581,0.0132072072887252,0.0118520872724179,6.71106825798608,8.46221091825743,0.871134876009379,2.61825726464183,0.269485815000499,3.57839841946048,2.98894053040256,0.65423175178438,-0.0647738627264629,9.71708433925183,11.7081722249583,1.088750797824,0.22411223936231,0.15463225822092,0.0129039695405861,0.925384439780592,3.02375942966891,0.620007574652997,0.302433206831841,0.555230663868355,0.231346109945148,0.207036688499121,0.438847606706746,-0.000591674076787673,5.45911573785691e-06,1.00101071279893,1.00036001946756,1.00065045915341,0.516477816303743,0.0523586739978868,0.43116350969837,1.05123900554788,1.04834893526278,0.835273264750997,0.182828090976806,-0.018101355727803,-4.88032359502814e-05,0.965571111871347,0.0197963100292335,1.00099037541199,-0.000441388278121885,0.67,0.1,1.025,0.5,0.6,0.25,0.4,0.005,0.975,0.8,0.1,1.20045344655881,0.849693041702022,0.480181378623525,0.246453329606989,0.299397676608011,0.519784801638461,-1.2371180891456,1.26671801020709,6.93226690842538
196,-0.0046201252657921,0.835018625309441,0.101376423817377,-0.00472471523661899,-0.00472471523652263,-0.00448213911775808,0.0230673662424216,0.013209483903642,0.0118541874561378,6.70991094578885,8.45801051426598,0.87068356033785,2.61688430130242,0.269340340795111,3.57730695401469,2.99020549398917,0.65185458340943,-0.0647531233839084,9.71721742001156,11.7002339915208,1.08817015076051,0.224150613746952,0.154554053185842,0.0128993730114582,0.925216798717638,3.0227635988241,0.619895255140818,0.302350685012463,0.555130079230583,0.23130419967941,0.207049633513412,0.438825794497902,-0.000586724039989815,5.34578934012473e-06,1.00102588190228,1.00035677410788,1.00066886915921,0.516423547173875,0.052353172387572,0.431223280438554,1.05123674232852,1.04834654024305,0.835881721201856,0.182219359923217,-0.0181010811250732,-4.7471707827917e-05,0.965571111871347,0.0197963100292335,1.00100608057822,-0.000441388278121885,0.67,0.1,1.025,0.5,0.6,0.25,0.4,0.005,0.975,0.8,0.1,1.20036210303188,0.84974009589488,0.480144841212754,0.246391430035296,0.299277703411548,0.519801745209562,-1.23685195052822,1.26224798806464,6.93423947554068
197,-0.00462325743443912,0.835216020330365,0.10137642381737,-0.00472471523660012,-0.00472471523652462,-0.00448943619039743,0.0230708999407605,0.0132116981657288,0.0118562301248147,6.70878324236809,8.45392996154059,0.870245123801487,2.61555143706431,0.269199101359392,3.57624659607662,2.9914407703346,0.649538809733369,-0.0647329839913515,9.7173498778612,11.6925165813088,1.0876061500235,0.224188007316223,0.154478000414941,0.012894908853977,0.92505401550935,3.02179607891544,0.619786190391265,0.302270535670594,0.55503240930561,0.231263503877337,0.207062142157724,0.438804562946861,-0.00058189214443161,5.23484034666768e-06,1.00104063968308,1.00035362627839,1.00068677054458,0.516370908614221,0.0523478360786355,0.431281255307144,1.05123454156544,1.04834421140787,0.83647497172494,0.181625844942001,-0.0181008166669403,-4.61754640690335e-05,0.965571111871347,0.0197963100292335,1.00102136188998,-0.000441388278121885,0.67,0.1,1.025,0.5,0.6,0.25,0.4,0.005,0.975,0.8,0.1,1.20027325329883,0.849785601060439,0.480109301319533,0.246331268299355,0.299160928390624,0.519818574439467,-1.23659331197781,1.25789195111035,6.93617154356546
198,-0.00462629549395048,0.835407524060791,0.101376423817364,-0.00472471523658524,-0.00472471523652607,-0.00449651208285873,0.0230743367146172,0.0132138517210548,0.0118582167963744,6.70768445270854,8.44996585440437,0.869819200266398,2.61425749784222,0.269061973154205,3.57521646605342,2.99264696474545,0.647282928551907,-0.0647134272439452,9.71748163166162,11.6850139337409,1.08705831944766,0.224224443721008,0.15440404196878,0.0128905732710067,0.924895949873549,3.02085607180397,0.619680286415278,0.302192690835228,0.55493756992413,0.231223987468387,0.207074229513388,0.438783897388872,-0.000577175674682411,5.12622478100457e-06,1.00105499683768,1.00035057302858,1.00070417694366,0.516319851316174,0.0523426600723466,0.43133748861148,1.05123240158746,1.04834194698235,0.837053362547571,0.181047199434731,-0.0181005619823019,-4.49136156417672e-05,0.965571111871347,0.0197963100292335,1.00103623031921,-0.000441388278121885,0.67,0.1,1.025,0.5,0.6,0.25,0.4,0.005,0.975,0.8,0.1,1.20018683154565,0.849829609050183,0.480074732618259,0.246272796475948,0.299047269972638,0.519835278966384,-1.23634196570255,1.2536471857549,6.9380636827536
199,-0.00462924229019598,0.835593312327361,0.101376423817359,-0.0047247152365737,-0.00472471523652729,-0.00450337359835651,0.0230776791300881,0.01321594617499,0.0118601489512382,6.70661389504619,8.44611488413455,0.869405434034143,2.6130013442609,0.268928836279676,3.57421570900571,2.99382467356949,0.645085471772728,-0.0646944363365147,9.71761260457259,11.6777201531576,1.08652619655162,0.224259946078104,0.154332121431022,0.0128863625743147,0.924742465569761,3.01994280164161,0.61957745193174,0.302117084487841,0.554845479341856,0.23118561639244,0.207085910121195,0.43876378349015,-0.000572571977759332,5.01989925123051e-06,1.00106896380603,1.00034761149835,1.00072110164445,0.516270327480886,0.052337639523029,0.431392032996085,1.05123032076586,1.04833974523693,0.837617233348888,0.180483083364933,-0.0181003167138206,-4.3685293212376e-05,0.965571111871347,0.0197963100292335,1.00105069657569,-0.000441388278121885,0.67,0.1,1.025,0.5,0.6,0.25,0.4,0.005,0.975,0.8,0.1,1.20010277358944,0.849872169936774,0.480041109435776,0.246215967929631,0.298936648526902,0.519851849188275,-1.23609770952793,1.24951103605041,6.93991646710978
200,-0.00463210058190876,0.835773555709138,0.101376423817355,-0.00472471523656459,-0.00472471523652829,-0.00451002732498251,0.0230809296894222,0.0132179830930714,0.0118620280331196,6.70557090079738,8.44237383617374,0.86900347954075,2.61178187060822,0.268799574365718,3.57324349396954,2.99497448420641,0.64294500471216,-0.0646759949490247,9.71774272398416,11.6706295043163,1.08600933213888,0.224294536982306,0.154262183869209,0.0128822731814326,0.924593430283305,3.01905551426117,0.619477598289815,0.302043652505473,0.554756058169983,0.231148357570826,0.207097198001934,0.438744207242831,-0.000568078461604691,4.91582096640624e-06,1.00108255077653,1.00034473891518,1.00073755759654,0.516222290771949,0.052332769733263,0.431444939494788,1.05122829751346,1.04833760448628,0.838166917329014,0.179933163188358,-0.0181000805173725,-4.24896469084899e-05,0.965571111871347,0.0197963100292335,1.00106477111204,-0.000441388278121885,0.67,0.1,1.025,0.5,0.6,0.25,0.4,0.005,0.975,0.8,0.1,1.20002101684423,0.849913332077817,0.480008406737694,0.246160737279772,0.298828986323951,0.519868276227668,-1.23586034675165,1.24548090271482,6.94173047368096
